/home/emilssp/D1/venv/bin/python
Python 3.10.12
Running job 6 out of 30
====================================
mu=0.75, T=0.0010
====================================
  Seed: normal state
F_onsite: 0j
F_swave: 0j, F_dwave: 0j
F_px: 0j, F_py: 0j
Free_energy = -9855.021456783194
------------------------------------------
[{'stable': {}, 'free': np.float64(-9855.021456783194)}]
------------------------------------------
  Seed: px
F_onsite: -1.2964437474746065e-16j
F_swave: 8.942841508212894e-18j, F_dwave: 2.739582219408429e-16j
F_px: (0.054262043769067216+0j), F_py: (3.897277999655841e-19+0j)
Free_energy = -9912.076017139563
------------------------------------------
[{'stable': {'F_px': np.complex128(0.054262043769067216+0j)}, 'free': np.float64(-9912.076017139563)}]
------------------------------------------
  Seed: py
F_onsite: -6.250007301861226e-17j
F_swave: 1.7163110972858667e-17j, F_dwave: -2.5188472862385305e-16j
F_px: (-4.032538573420512e-19+0j), F_py: (0.05426204376906722+0j)
Free_energy = -9912.076017139556
------------------------------------------
[{'stable': {'F_px': np.complex128(0.054262043769067216+0j)}, 'free': np.float64(-9912.076017139563)}, {'stable': {'F_py': np.complex128(0.05426204376906722+0j)}, 'free': np.float64(-9912.076017139556)}]
------------------------------------------
  Seed: px+py
F_onsite: 2.3890670156425948e-17j
F_swave: 2.251360634242727e-18j, F_dwave: -4.550054528369208e-16j
F_px: (0.03130095691667922+0j), F_py: (0.031300957061657295+0j)
Free_energy = -9892.925244668353
------------------------------------------
[{'stable': {'F_px': np.complex128(0.054262043769067216+0j)}, 'free': np.float64(-9912.076017139563)}, {'stable': {'F_py': np.complex128(0.05426204376906722+0j)}, 'free': np.float64(-9912.076017139556)}]
------------------------------------------
  Seed: px+i*py
F_onsite: (1.0169212866939113e-17+3.4969395238391206e-16j)
F_swave: (-9.76733543813635e-18-1.231653667943533e-16j), F_dwave: (5.140069886157972e-17-2.4685115063149965e-15j)
F_px: (0.040690125821004876-1.13670233334751e-17j), F_py: (1.7065861002602033e-18+0.04069012582100485j)
Free_energy = -9919.110895206752
------------------------------------------
[{'stable': {'F_px': np.complex128(0.040690125821004876-1.13670233334751e-17j), 'F_py': np.complex128(1.7065861002602033e-18+0.04069012582100485j)}, 'free': np.float64(-9919.110895206752)}]
------------------------------------------
  Seed: d-wave
F_onsite: (1.3433434883947027e-16+0j)
F_swave: (6.245004513516506e-17+0j), F_dwave: (0.06857979785129509+0j)
F_px: -1.4558134346375214e-17j, F_py: 7.552289276242682e-18j
Free_energy = -10042.369293577785
------------------------------------------
[{'stable': {'F_dwave': np.complex128(0.06857979785129509+0j)}, 'free': np.float64(-10042.369293577785)}]
------------------------------------------
  Seed: d-wave+px
F_onsite: (-5.164603657658195e-05-1.793486386692574e-18j)
F_swave: (1.4676056336860449e-05-2.481247361361014e-18j), F_dwave: (0.06833263825462606-5.1104707168628645e-18j)
F_px: (0.009036723133490805-8.370260470758788e-18j), F_py: (-2.0816681711721685e-17+7.545217292908598e-18j)
Free_energy = -10042.632790414435
------------------------------------------
[{'stable': {'F_dwave': np.complex128(0.06833263825462606-5.1104707168628645e-18j), 'F_px': np.complex128(0.009036723133490805-8.370260470758788e-18j)}, 'free': np.float64(-10042.632790414435)}]
------------------------------------------
  Seed: d-wave+py
F_onsite: (5.1646036576562464e-05-6.408333641570816e-19j)
F_swave: (-1.4676056336811877e-05+1.787725900906755e-18j), F_dwave: (0.0683326382546259+3.7608560643111454e-18j)
F_px: (-1.0408340855860843e-16+1.2031970666849328e-17j), F_py: (0.009036723133490236+6.091748460089621e-18j)
Free_energy = -10042.632790414476
------------------------------------------
[{'stable': {'F_dwave': np.complex128(0.06833263825462606-5.1104707168628645e-18j), 'F_px': np.complex128(0.009036723133490805-8.370260470758788e-18j)}, 'free': np.float64(-10042.632790414435)}, {'stable': {'F_dwave': np.complex128(0.0683326382546259+3.7608560643111454e-18j), 'F_py': np.complex128(0.009036723133490236+6.091748460089621e-18j)}, 'free': np.float64(-10042.632790414476)}]
------------------------------------------
====================================
mu=0.75, T=0.0040
====================================
  Seed: normal state
F_onsite: 0j
F_swave: 0j, F_dwave: 0j
F_px: 0j, F_py: 0j
Free_energy = -9855.104253338348
------------------------------------------
[{'stable': {}, 'free': np.float64(-9855.104253338348)}]
------------------------------------------
  Seed: px
F_onsite: -4.9035002014347464e-17j
F_swave: 1.425066759306356e-17j, F_dwave: 3.113820963142284e-16j
F_px: (0.054261496290456374+0j), F_py: (-1.0894961284058438e-19+0j)
Free_energy = -9912.074644521803
------------------------------------------
[{'stable': {'F_px': np.complex128(0.054261496290456374+0j)}, 'free': np.float64(-9912.074644521803)}]
------------------------------------------
  Seed: py
F_onsite: -7.165967555198345e-17j
F_swave: 1.847940017289185e-17j, F_dwave: -2.8699202082605726e-16j
F_px: (-7.407898693779895e-19+0j), F_py: (0.05426149629045622+0j)
Free_energy = -9912.074644521816
------------------------------------------
[{'stable': {'F_px': np.complex128(0.054261496290456374+0j)}, 'free': np.float64(-9912.074644521803)}, {'stable': {'F_py': np.complex128(0.05426149629045622+0j)}, 'free': np.float64(-9912.074644521816)}]
------------------------------------------
  Seed: px+py
F_onsite: -2.4023019054434432e-17j
F_swave: -3.3117929446459075e-18j, F_dwave: -7.375792968705404e-16j
F_px: (0.03129693480803845+0j), F_py: (0.03129693536635118+0j)
Free_energy = -9892.929323596529
------------------------------------------
[{'stable': {'F_px': np.complex128(0.054261496290456374+0j)}, 'free': np.float64(-9912.074644521803)}, {'stable': {'F_py': np.complex128(0.05426149629045622+0j)}, 'free': np.float64(-9912.074644521816)}]
------------------------------------------
  Seed: px+i*py
F_onsite: (1.3753803360160109e-17+3.522292278741626e-16j)
F_swave: (-1.7057575961586702e-17-1.2836953722228372e-16j), F_dwave: (4.828259852916923e-17-2.8657631823136853e-15j)
F_px: (0.04068955543568677-1.5761509673169216e-17j), F_py: (4.129815013456748e-18+0.040689555435686725j)
Free_energy = -9919.108711720277
------------------------------------------
[{'stable': {'F_px': np.complex128(0.04068955543568677-1.5761509673169216e-17j), 'F_py': np.complex128(4.129815013456748e-18+0.040689555435686725j)}, 'free': np.float64(-9919.108711720277)}]
------------------------------------------
  Seed: d-wave
F_onsite: (-8.433335308571672e-17+0j)
F_swave: (-2.7755575615628914e-17+0j), F_dwave: (0.068577920080129+0j)
F_px: -1.696960943934475e-17j, F_py: 7.999612418802352e-18j
Free_energy = -10042.361630478374
------------------------------------------
[{'stable': {'F_dwave': np.complex128(0.068577920080129+0j)}, 'free': np.float64(-10042.361630478374)}]
------------------------------------------
  Seed: d-wave+px
F_onsite: (-5.1551864790569174e-05+1.008882414628876e-18j)
F_swave: (1.4649453059789597e-05-6.95857418504109e-20j), F_dwave: (0.06833298468121267+2.305554199254751e-18j)
F_px: (0.00902915096757739-3.532100920270831e-18j), F_py: (2.7755575615628914e-17+7.280347443324218e-18j)
Free_energy = -10042.632112310554
------------------------------------------
[{'stable': {'F_dwave': np.complex128(0.06833298468121267+2.305554199254751e-18j), 'F_px': np.complex128(0.00902915096757739-3.532100920270831e-18j)}, 'free': np.float64(-10042.632112310554)}]
------------------------------------------
  Seed: d-wave+py
F_onsite: (5.155186479048733e-05+2.14830054736352e-18j)
F_swave: (-1.4649453059671635e-05+8.279052227696241e-19j), F_dwave: (0.06833298468121277+8.6596876583686425e-19j)
F_px: (-6.938893903907228e-17-6.369098810756201e-18j), F_py: (0.009029150967576963+5.705733046713175e-18j)
Free_energy = -10042.632112310584
------------------------------------------
[{'stable': {'F_dwave': np.complex128(0.06833298468121267+2.305554199254751e-18j), 'F_px': np.complex128(0.00902915096757739-3.532100920270831e-18j)}, 'free': np.float64(-10042.632112310554)}, {'stable': {'F_dwave': np.complex128(0.06833298468121277+8.6596876583686425e-19j), 'F_py': np.complex128(0.009029150967576963+5.705733046713175e-18j)}, 'free': np.float64(-10042.632112310584)}]
------------------------------------------
====================================
mu=0.75, T=0.0070
====================================
  Seed: normal state
F_onsite: 0j
F_swave: 0j, F_dwave: 0j
F_px: 0j, F_py: 0j
Free_energy = -9855.24869341449
------------------------------------------
[{'stable': {}, 'free': np.float64(-9855.24869341449)}]
------------------------------------------
  Seed: px
F_onsite: -4.4797984393503843e-17j
F_swave: 5.7675002774137344e-18j, F_dwave: 3.625092961780736e-16j
F_px: (0.05426085319826214+0j), F_py: (4.1096979809594585e-19+0j)
Free_energy = -9912.074482440035
------------------------------------------
[{'stable': {'F_px': np.complex128(0.05426085319826214+0j)}, 'free': np.float64(-9912.074482440035)}]
------------------------------------------
  Seed: py
F_onsite: -7.781501104012125e-17j
F_swave: 2.111203151251742e-17j, F_dwave: -3.2759142171869915e-16j
F_px: (-1.419964709288129e-18+0j), F_py: (0.054260853198262+0j)
Free_energy = -9912.074482440052
------------------------------------------
[{'stable': {'F_px': np.complex128(0.05426085319826214+0j)}, 'free': np.float64(-9912.074482440035)}, {'stable': {'F_py': np.complex128(0.054260853198262+0j)}, 'free': np.float64(-9912.074482440052)}]
------------------------------------------
  Seed: px+py
F_onsite: 4.6574106604777704e-18j
F_swave: -2.5474515888673083e-18j, F_dwave: -2.398306821608159e-15j
F_px: (0.03127950518411219+0j), F_py: (0.031279512673855696+0j)
Free_energy = -9892.921326616288
------------------------------------------
[{'stable': {'F_px': np.complex128(0.05426085319826214+0j)}, 'free': np.float64(-9912.074482440035)}, {'stable': {'F_py': np.complex128(0.054260853198262+0j)}, 'free': np.float64(-9912.074482440052)}]
------------------------------------------
  Seed: px+i*py
F_onsite: (1.6713812933899464e-17+5.003341033718795e-16j)
F_swave: (-1.1179259951870464e-17-7.806255641895632e-17j), F_dwave: (5.2812623375313834e-17-3.3844455016307506e-15j)
F_px: (0.04068914545965789-1.7614500124406404e-17j), F_py: (5.394196975691003e-18+0.04068914545965781j)
Free_energy = -9919.107145502901
------------------------------------------
[{'stable': {'F_px': np.complex128(0.04068914545965789-1.7614500124406404e-17j), 'F_py': np.complex128(5.394196975691003e-18+0.04068914545965781j)}, 'free': np.float64(-9919.107145502901)}]
------------------------------------------
  Seed: d-wave
F_onsite: (-6.086418769966819e-17+0j)
F_swave: (-1.8041124150158794e-16+0j), F_dwave: (0.0685677283273819+0j)
F_px: -1.5524276755030845e-17j, F_py: 8.134464365344422e-18j
Free_energy = -10042.322342869315
------------------------------------------
[{'stable': {'F_dwave': np.complex128(0.0685677283273819+0j)}, 'free': np.float64(-10042.322342869315)}]
------------------------------------------
  Seed: d-wave+px
F_onsite: (-4.889447164721345e-05+1.825911866704653e-18j)
F_swave: (1.3896499795208045e-05-4.7298849170272165e-18j), F_dwave: (0.0683429612325028-1.5690577281281568e-17j)
F_px: (0.008800696995013863-8.91313579805489e-18j), F_py: (2.0816681711721685e-17+5.250843266813113e-18j)
Free_energy = -10042.610653256119
------------------------------------------
[{'stable': {'F_dwave': np.complex128(0.0683429612325028-1.5690577281281568e-17j), 'F_px': np.complex128(0.008800696995013863-8.91313579805489e-18j)}, 'free': np.float64(-10042.610653256119)}]
------------------------------------------
  Seed: d-wave+py
F_onsite: (4.889447164732564e-05+1.4903147660245389e-18j)
F_swave: (-1.3896499795103961e-05-4.793710173091808e-19j), F_dwave: (0.06834296123250283+2.0815712256043773e-17j)
F_px: (-1.3877787807814457e-17-9.039065774509963e-18j), F_py: (0.008800696995014103+1.0079427374530157e-17j)
Free_energy = -10042.610653256148
------------------------------------------
[{'stable': {'F_dwave': np.complex128(0.0683429612325028-1.5690577281281568e-17j), 'F_px': np.complex128(0.008800696995013863-8.91313579805489e-18j)}, 'free': np.float64(-10042.610653256119)}, {'stable': {'F_dwave': np.complex128(0.06834296123250283+2.0815712256043773e-17j), 'F_py': np.complex128(0.008800696995014103+1.0079427374530157e-17j)}, 'free': np.float64(-10042.610653256148)}]
------------------------------------------
====================================
mu=0.75, T=0.0100
====================================
  Seed: normal state
F_onsite: 0j
F_swave: 0j, F_dwave: 0j
F_px: 0j, F_py: 0j
Free_energy = -9855.435098200578
------------------------------------------
[{'stable': {}, 'free': np.float64(-9855.435098200578)}]
------------------------------------------
  Seed: px
F_onsite: -1.3514580080031813e-16j
F_swave: 4.093622883807348e-17j, F_dwave: 5.828167159376252e-16j
F_px: (0.05425452995270834+0j), F_py: (-7.829760806181939e-20+0j)
Free_energy = -9912.067706619626
------------------------------------------
[{'stable': {'F_px': np.complex128(0.05425452995270834+0j)}, 'free': np.float64(-9912.067706619626)}]
------------------------------------------
  Seed: py
F_onsite: -1.3672980535124287e-16j
F_swave: 3.4847994241225984e-17j, F_dwave: -5.524493406989172e-16j
F_px: (2.6496249381298582e-19+0j), F_py: (0.05425452995270846+0j)
Free_energy = -9912.067706619597
------------------------------------------
[{'stable': {'F_px': np.complex128(0.05425452995270834+0j)}, 'free': np.float64(-9912.067706619626)}, {'stable': {'F_py': np.complex128(0.05425452995270846+0j)}, 'free': np.float64(-9912.067706619597)}]
------------------------------------------
  Seed: px+py
F_onsite: -3.10935736420805e-17j
F_swave: 8.511992905636074e-18j, F_dwave: -1.1567123961714733e-14j
F_px: (0.031239891611211528+0j), F_py: (0.031240031553904816+0j)
Free_energy = -9892.88428333517
------------------------------------------
[{'stable': {'F_px': np.complex128(0.05425452995270834+0j)}, 'free': np.float64(-9912.067706619626)}, {'stable': {'F_py': np.complex128(0.05425452995270846+0j)}, 'free': np.float64(-9912.067706619597)}]
------------------------------------------
  Seed: px+i*py
F_onsite: (1.510439739455709e-17+6.530771724700833e-16j)
F_swave: (2.191697751020502e-19-1.5612511283791264e-16j), F_dwave: (6.916976926397023e-17-3.910066714851723e-15j)
F_px: (0.04068877875569514-1.335995950946646e-17j), F_py: (6.673349074943005e-18+0.040688778755695196j)
Free_energy = -9919.106040936435
------------------------------------------
[{'stable': {'F_px': np.complex128(0.04068877875569514-1.335995950946646e-17j), 'F_py': np.complex128(6.673349074943005e-18+0.040688778755695196j)}, 'free': np.float64(-9919.106040936435)}]
------------------------------------------
  Seed: d-wave
F_onsite: (-3.275939628175409e-17+0j)
F_swave: (-6.938893903907228e-18+0j), F_dwave: (0.06855453607936994+0j)
F_px: -9.606732531944892e-18j, F_py: 1.0322724353739154e-17j
Free_energy = -10042.280024776164
------------------------------------------
[{'stable': {'F_dwave': np.complex128(0.06855453607936994+0j)}, 'free': np.float64(-10042.280024776164)}]
------------------------------------------
  Seed: d-wave+px
F_onsite: (-3.939598899273806e-05-1.4637788119738378e-18j)
F_swave: (1.1199795138298885e-05+2.0821079003858017e-18j), F_dwave: (0.06837871971194924-4.877085015753478e-18j)
F_px: (0.007908647157700014-7.670399498089923e-18j), F_py: (-1.1102230246251565e-16+6.1686001564406975e-18j)
Free_energy = -10042.530864493141
------------------------------------------
[{'stable': {'F_dwave': np.complex128(0.06837871971194924-4.877085015753478e-18j), 'F_px': np.complex128(0.007908647157700014-7.670399498089923e-18j)}, 'free': np.float64(-10042.530864493141)}]
------------------------------------------
  Seed: d-wave+py
F_onsite: (3.939598899271604e-05-1.3098305738103687e-18j)
F_swave: (-1.1199795138163576e-05+2.6740863232042764e-18j), F_dwave: (0.06837871971194914+4.634364746867553e-17j)
F_px: (-7.632783294297951e-17-1.0268123815865754e-18j), F_py: (0.007908647157699813+1.1967162720217023e-17j)
Free_energy = -10042.530864493137
------------------------------------------
[{'stable': {'F_dwave': np.complex128(0.06837871971194924-4.877085015753478e-18j), 'F_px': np.complex128(0.007908647157700014-7.670399498089923e-18j)}, 'free': np.float64(-10042.530864493141)}, {'stable': {'F_dwave': np.complex128(0.06837871971194914+4.634364746867553e-17j), 'F_py': np.complex128(0.007908647157699813+1.1967162720217023e-17j)}, 'free': np.float64(-10042.530864493137)}]
------------------------------------------
====================================
mu=0.75, T=0.0130
====================================
  Seed: normal state
F_onsite: 0j
F_swave: 0j, F_dwave: 0j
F_px: 0j, F_py: 0j
Free_energy = -9855.664692727683
------------------------------------------
[{'stable': {}, 'free': np.float64(-9855.664692727683)}]
------------------------------------------
  Seed: px
F_onsite: -3.1701992114137345e-16j
F_swave: 1.0211768331604761e-16j, F_dwave: 1.5432676924666315e-15j
F_px: (0.05423335773806507+0j), F_py: (-5.360593590486649e-19+0j)
Free_energy = -9912.039854933559
------------------------------------------
[{'stable': {'F_px': np.complex128(0.05423335773806507+0j)}, 'free': np.float64(-9912.039854933559)}]
------------------------------------------
  Seed: py
F_onsite: -3.256129115725907e-16j
F_swave: 8.315576553079643e-17j, F_dwave: -1.368845212130148e-15j
F_px: (8.171419486390841e-19+0j), F_py: (0.05423335773806536+0j)
Free_energy = -9912.039854933526
------------------------------------------
[{'stable': {'F_px': np.complex128(0.05423335773806507+0j)}, 'free': np.float64(-9912.039854933559)}, {'stable': {'F_py': np.complex128(0.05423335773806536+0j)}, 'free': np.float64(-9912.039854933526)}]
------------------------------------------
  Seed: px+py
F_onsite: -9.635859925181918e-16j
F_swave: 3.5388358909926865e-16j, F_dwave: -0.06853738341264563j
F_px: (-5.408420143545579e-18+0j), F_py: (2.546624291652628e-08+0j)
Free_energy = -10042.222704243739
------------------------------------------
[{'stable': {'F_dwave': np.complex128(-0.06853738341264563j)}, 'free': np.float64(-10042.222704243739)}]
------------------------------------------
  Seed: px+i*py
F_onsite: (1.7423150087665738e-17+6.704212308562992e-16j)
F_swave: (9.846135972010602e-18-2.0990154059319366e-16j), F_dwave: (1.0464561344245867e-16-5.3377441355806354e-15j)
F_px: (0.04068686314503152-1.7207977249283544e-17j), F_py: (8.576870335439833e-18+0.04068686314503158j)
Free_energy = -9919.102296357221
------------------------------------------
[{'stable': {'F_dwave': np.complex128(-0.06853738341264563j)}, 'free': np.float64(-10042.222704243739)}]
------------------------------------------
  Seed: d-wave
F_onsite: (-7.94447698353961e-17+0j)
F_swave: (1.1102230246251565e-16+0j), F_dwave: (0.0685390148668922+0j)
F_px: -7.96166940291104e-18j, F_py: 8.33320053896808e-18j
Free_energy = -10042.234785282195
------------------------------------------
[{'stable': {'F_dwave': np.complex128(-0.06853738341264563j)}, 'free': np.float64(-10042.222704243739)}, {'stable': {'F_dwave': np.complex128(0.0685390148668922+0j)}, 'free': np.float64(-10042.234785282195)}]
------------------------------------------
  Seed: d-wave+px
F_onsite: (-2.1366649071284616e-05+6.014218475636251e-18j)
F_swave: (6.0762739577807645e-06-5.0165807542544206e-18j), F_dwave: (0.0684452518349052-1.5055691345728743e-17j)
F_px: (0.0058299891431201+1.9151811984113756e-18j), F_py: (-1.3877787807814457e-17+7.118540989341495e-18j)
Free_energy = -10042.373022268248
------------------------------------------
[{'stable': {'F_dwave': np.complex128(0.0684452518349052-1.5055691345728743e-17j)}, 'free': np.float64(-10042.373022268248)}]
------------------------------------------
  Seed: d-wave+py
F_onsite: (2.1366649071198852e-05+1.6007665388575196e-18j)
F_swave: (-6.076273957832806e-06+3.3627274180444728e-18j), F_dwave: (0.06844525183490516+1.0565990892701609e-16j)
F_px: (-2.2898349882893854e-16-5.084182916995929e-19j), F_py: (0.005829989143120974+1.4681701484097593e-17j)
Free_energy = -10042.373022268192
------------------------------------------
[{'stable': {'F_dwave': np.complex128(0.0684452518349052-1.5055691345728743e-17j)}, 'free': np.float64(-10042.373022268248)}]
------------------------------------------
====================================
mu=0.75, T=0.0160
====================================
  Seed: normal state
F_onsite: 0j
F_swave: 0j, F_dwave: 0j
F_px: 0j, F_py: 0j
Free_energy = -9855.940420673214
------------------------------------------
[{'stable': {}, 'free': np.float64(-9855.940420673214)}]
------------------------------------------
  Seed: px
F_onsite: -1.0928216856358826e-15j
F_swave: 3.09091639815514e-16j, F_dwave: 4.864106393123843e-15j
F_px: (0.05418904663482407+0j), F_py: (1.7322286992493472e-18+0j)
Free_energy = -9911.979165874542
------------------------------------------
[{'stable': {'F_px': np.complex128(0.05418904663482407+0j)}, 'free': np.float64(-9911.979165874542)}]
------------------------------------------
  Seed: py
F_onsite: -1.0273042695009137e-15j
F_swave: 2.613528629082616e-16j, F_dwave: -4.357706898574913e-15j
F_px: (1.3515337115728421e-18+0j), F_py: (0.05418904663482385+0j)
Free_energy = -9911.979165874542
------------------------------------------
[{'stable': {'F_px': np.complex128(0.05418904663482407+0j)}, 'free': np.float64(-9911.979165874542)}, {'stable': {'F_py': np.complex128(0.05418904663482385+0j)}, 'free': np.float64(-9911.979165874542)}]
------------------------------------------
  Seed: px+py
F_onsite: -8.50276629190616e-17j
F_swave: 1.1102230246251565e-16j, F_dwave: -0.06851967249129774j
F_px: (-8.816452370871616e-18+0j), F_py: (3.7565045782572e-09+0j)
Free_energy = -10042.177062329636
------------------------------------------
[{'stable': {'F_dwave': np.complex128(-0.06851967249129774j)}, 'free': np.float64(-10042.177062329636)}]
------------------------------------------
  Seed: px+i*py
F_onsite: (3.90350369181816e-17+1.808700051337327e-15j)
F_swave: (-1.4685274904343822e-17-5.204170427930421e-16j), F_dwave: (2.4019932678132874e-16-1.3850032232198828e-14j)
F_px: (0.04067324376139528-3.6002526618113197e-17j), F_py: (2.063361671599635e-17+0.04067324376139525j)
Free_energy = -9919.066875984778
------------------------------------------
[{'stable': {'F_dwave': np.complex128(-0.06851967249129774j)}, 'free': np.float64(-10042.177062329636)}]
------------------------------------------
  Seed: d-wave
F_onsite: (-1.851030364057683e-17+0j)
F_swave: (-6.938893903907228e-17+0j), F_dwave: (0.0685197696694141+0j)
F_px: -1.897122191278118e-18j, F_py: 8.22481730365359e-18j
Free_energy = -10042.177781416014
------------------------------------------
[{'stable': {'F_dwave': np.complex128(-0.06851967249129774j)}, 'free': np.float64(-10042.177062329636)}, {'stable': {'F_dwave': np.complex128(0.0685197696694141+0j)}, 'free': np.float64(-10042.177781416014)}]
------------------------------------------
  Seed: d-wave+px
F_onsite: (-2.0820533666092815e-13+7.676688004603125e-19j)
F_swave: (5.938305402963806e-14-1.197995212963716e-18j), F_dwave: (0.0685185504223699+9.723066799704043e-17j)
F_px: (5.757323554289595e-07-7.047550382194859e-18j), F_py: (4.718447854656915e-16+9.73722637645553e-18j)
Free_energy = -10042.168759544944
------------------------------------------
[{'stable': {'F_dwave': np.complex128(-0.06851967249129774j)}, 'free': np.float64(-10042.177062329636)}, {'stable': {'F_dwave': np.complex128(0.0685197696694141+0j)}, 'free': np.float64(-10042.177781416014)}]
------------------------------------------
  Seed: d-wave+py
F_onsite: (3.28274362715822e-13+1.456843653785598e-19j)
F_swave: (-9.364384268018e-14-3.0975698303720627e-18j), F_dwave: (0.06851855042185898+1.228390781639014e-16j)
F_px: (-5.273559366969494e-16-9.27889104962699e-18j), F_py: (7.232417979022299e-07+5.877147644162092e-18j)
Free_energy = -10042.168759545859
------------------------------------------
[{'stable': {'F_dwave': np.complex128(-0.06851967249129774j)}, 'free': np.float64(-10042.177062329636)}, {'stable': {'F_dwave': np.complex128(0.0685197696694141+0j)}, 'free': np.float64(-10042.177781416014)}]
------------------------------------------
====================================
mu=0.75, T=0.0190
====================================
  Seed: normal state
F_onsite: 0j
F_swave: 0j, F_dwave: 0j
F_px: 0j, F_py: 0j
Free_energy = -9856.264028852405
------------------------------------------
[{'stable': {}, 'free': np.float64(-9856.264028852405)}]
------------------------------------------
  Seed: px
F_onsite: -8.188554796032228e-16j
F_swave: 2.42861286636753e-16j, F_dwave: 0.06849601403895625j
F_px: (2.4845393750865556e-08+0j), F_py: (-8.547597201286527e-18+0j)
Free_energy = -10042.104925115204
------------------------------------------
[{'stable': {'F_dwave': np.complex128(0.06849601403895625j)}, 'free': np.float64(-10042.104925115204)}]
------------------------------------------
  Seed: py
F_onsite: -8.316028864488904e-16j
F_swave: 4.163336342344337e-16j, F_dwave: -0.06849601404002938j
F_px: (-1.5024072321886697e-17+0j), F_py: (2.426622308695267e-08+0j)
Free_energy = -10042.104925123183
------------------------------------------
[{'stable': {'F_dwave': np.complex128(0.06849601403895625j)}, 'free': np.float64(-10042.104925115204)}, {'stable': {'F_dwave': np.complex128(-0.06849601404002938j)}, 'free': np.float64(-10042.104925123183)}]
------------------------------------------
  Seed: px+py
F_onsite: -1.8038277857530407e-17j
F_swave: -1.0408340855860843e-16j, F_dwave: -0.06849742840582299j
F_px: (1.9293254824431777e-17+0j), F_py: (5.531339000240863e-10+0j)
Free_energy = -10042.115381391808
------------------------------------------
[{'stable': {'F_dwave': np.complex128(0.06849601403895625j)}, 'free': np.float64(-10042.104925115204)}, {'stable': {'F_dwave': np.complex128(-0.06849601404002938j)}, 'free': np.float64(-10042.104925123183)}]
------------------------------------------
  Seed: px+i*py
F_onsite: (6.186466689940388e-16-4.108473343319172e-14j)
F_swave: (-1.8832591736073212e-16+1.189326415129699e-14j), F_dwave: (0.0010340022089716685-0.0684882090797047j)
F_px: (3.720944776255952e-12-2.464619688891112e-10j), F_py: (-3.866879977462365e-09+2.5612680754072414e-07j)
Free_energy = -10042.104925348238
------------------------------------------
[{'stable': {'F_dwave': np.complex128(0.06849601403895625j)}, 'free': np.float64(-10042.104925115204)}, {'stable': {'F_dwave': np.complex128(-0.06849601404002938j)}, 'free': np.float64(-10042.104925123183)}, {'stable': {'F_dwave': np.complex128(0.0010340022089716685-0.0684882090797047j)}, 'free': np.float64(-10042.104925348238)}]
------------------------------------------
  Seed: d-wave
F_onsite: (-1.4761021258074555e-17+0j)
F_swave: (-6.938893903907228e-17+0j), F_dwave: (0.06849743421362027+0j)
F_px: 9.338349212150688e-18j, F_py: 7.160613442689468e-18j
Free_energy = -10042.115424329206
------------------------------------------
[{'stable': {'F_dwave': np.complex128(0.06849601403895625j)}, 'free': np.float64(-10042.104925115204)}, {'stable': {'F_dwave': np.complex128(-0.06849601404002938j)}, 'free': np.float64(-10042.104925123183)}, {'stable': {'F_dwave': np.complex128(0.0010340022089716685-0.0684882090797047j)}, 'free': np.float64(-10042.104925348238)}, {'stable': {'F_dwave': np.complex128(0.06849743421362027+0j)}, 'free': np.float64(-10042.115424329206)}]
------------------------------------------
  Seed: d-wave+px
F_onsite: (-4.447775461139798e-14-1.1985267556710508e-18j)
F_swave: (1.280572869966079e-14+6.907366977512207e-19j), F_dwave: (0.06849601407024833+8.587235777054766e-17j)
F_px: (2.6564764292469345e-07-7.44526795140299e-18j), F_py: (3.677613769070831e-16+8.213607632902484e-18j)
Free_energy = -10042.104925348232
------------------------------------------
[{'stable': {'F_dwave': np.complex128(0.06849601403895625j)}, 'free': np.float64(-10042.104925115204)}, {'stable': {'F_dwave': np.complex128(-0.06849601404002938j)}, 'free': np.float64(-10042.104925123183)}, {'stable': {'F_dwave': np.complex128(0.0010340022089716685-0.0684882090797047j)}, 'free': np.float64(-10042.104925348238)}, {'stable': {'F_dwave': np.complex128(0.06849743421362027+0j)}, 'free': np.float64(-10042.115424329206)}]
------------------------------------------
  Seed: d-wave+py
F_onsite: (4.930431910010102e-14-5.552369126430253e-18j)
F_swave: (-1.4179629692634421e-14+6.287572822584544e-18j), F_dwave: (0.06849601407022671+1.6490341468060378e-16j)
F_px: (-1.8041124150158794e-16-3.922390886397873e-18j), F_py: (2.8024630385065086e-07+9.840568949552892e-18j)
Free_energy = -10042.104925348292
------------------------------------------
[{'stable': {'F_dwave': np.complex128(0.06849601403895625j)}, 'free': np.float64(-10042.104925115204)}, {'stable': {'F_dwave': np.complex128(-0.06849601404002938j)}, 'free': np.float64(-10042.104925123183)}, {'stable': {'F_dwave': np.complex128(0.0010340022089716685-0.0684882090797047j)}, 'free': np.float64(-10042.104925348238)}, {'stable': {'F_dwave': np.complex128(0.06849743421362027+0j)}, 'free': np.float64(-10042.115424329206)}]
------------------------------------------
====================================
mu=0.75, T=0.0220
====================================
  Seed: normal state
F_onsite: 0j
F_swave: 0j, F_dwave: 0j
F_px: 0j, F_py: 0j
Free_energy = -9856.636389031924
------------------------------------------
[{'stable': {}, 'free': np.float64(-9856.636389031924)}]
------------------------------------------
  Seed: px
F_onsite: 1.4289959202457374e-17j
F_swave: 1.734723475976807e-16j, F_dwave: 0.06847075757689149j
F_px: (3.6490393694207e-09+0j), F_py: (-8.367771094109235e-18+0j)
Free_energy = -10042.040617969204
------------------------------------------
[{'stable': {'F_dwave': np.complex128(0.06847075757689149j)}, 'free': np.float64(-10042.040617969204)}]
------------------------------------------
  Seed: py
F_onsite: -3.796886124067814e-17j
F_swave: 1.1102230246251565e-16j, F_dwave: -0.06847075757695592j
F_px: (-1.1054114178331652e-17+0j), F_py: (3.563976615778111e-09+0j)
Free_energy = -10042.040617969691
------------------------------------------
[{'stable': {'F_dwave': np.complex128(0.06847075757689149j)}, 'free': np.float64(-10042.040617969204)}, {'stable': {'F_dwave': np.complex128(-0.06847075757695592j)}, 'free': np.float64(-10042.040617969691)}]
------------------------------------------
  Seed: px+py
F_onsite: 2.0528484062729743e-18j
F_swave: 1.3877787807814457e-17j, F_dwave: -0.0684702070723381j
F_px: (4.231038291206726e-18+0j), F_py: (5.901102119511399e-11+0j)
Free_energy = -10042.03655249168
------------------------------------------
[{'stable': {'F_dwave': np.complex128(0.06847075757689149j)}, 'free': np.float64(-10042.040617969204)}, {'stable': {'F_dwave': np.complex128(-0.06847075757695592j)}, 'free': np.float64(-10042.040617969691)}]
------------------------------------------
  Seed: px+i*py
F_onsite: (3.370537327535793e-16-2.2680419600181158e-14j)
F_swave: (-1.0836600713992617e-16+6.6058269965196814e-15j), F_dwave: (0.0010335971657664568-0.06846138062277815j)
F_px: (2.761982591421852e-12-1.8294498554949357e-10j), F_py: (-2.870328840169807e-09+1.9011920938949434e-07j)
Free_energy = -10042.028986614368
------------------------------------------
[{'stable': {'F_dwave': np.complex128(0.06847075757689149j)}, 'free': np.float64(-10042.040617969204)}, {'stable': {'F_dwave': np.complex128(-0.06847075757695592j)}, 'free': np.float64(-10042.040617969691)}, {'stable': {'F_dwave': np.complex128(0.0010335971657664568-0.06846138062277815j)}, 'free': np.float64(-10042.028986614368)}]
------------------------------------------
  Seed: d-wave
F_onsite: (3.596992908453371e-17+0j)
F_swave: (-2.7755575615628914e-17+0j), F_dwave: (0.0684702072904244+0j)
F_px: -8.845294580116354e-18j, F_py: 9.650072660139608e-18j
Free_energy = -10042.036554102182
------------------------------------------
[{'stable': {'F_dwave': np.complex128(0.06847075757689149j)}, 'free': np.float64(-10042.040617969204)}, {'stable': {'F_dwave': np.complex128(-0.06847075757695592j)}, 'free': np.float64(-10042.040617969691)}, {'stable': {'F_dwave': np.complex128(0.0010335971657664568-0.06846138062277815j)}, 'free': np.float64(-10042.028986614368)}, {'stable': {'F_dwave': np.complex128(0.0684702072904244+0j)}, 'free': np.float64(-10042.036554102182)}]
------------------------------------------
  Seed: d-wave+px
F_onsite: (-2.4535398983027453e-14-1.805009117436653e-18j)
F_swave: (7.025630077706069e-15+1.0327663222893535e-17j), F_dwave: (0.06846918255592767+1.0473887929729494e-16j)
F_px: (1.971863864830281e-07-3.282090058837136e-18j), F_py: (2.0122792321330962e-16+8.679864732243254e-18j)
Free_energy = -10042.02898661441
------------------------------------------
[{'stable': {'F_dwave': np.complex128(0.06847075757689149j)}, 'free': np.float64(-10042.040617969204)}, {'stable': {'F_dwave': np.complex128(-0.06847075757695592j)}, 'free': np.float64(-10042.040617969691)}, {'stable': {'F_dwave': np.complex128(0.0010335971657664568-0.06846138062277815j)}, 'free': np.float64(-10042.028986614368)}, {'stable': {'F_dwave': np.complex128(0.0684702072904244+0j)}, 'free': np.float64(-10042.036554102182)}]
------------------------------------------
  Seed: d-wave+py
F_onsite: (2.283137073821344e-14+1.6391206040733184e-19j)
F_swave: (-6.539907504432563e-15+1.689207894880871e-18j), F_dwave: (0.06846915044481426+1.608139181045641e-16j)
F_px: (-1.8735013540549517e-16-2.209813471603339e-17j), F_py: (1.9105768119670463e-07+9.486797031203104e-18j)
Free_energy = -10042.028749482983
------------------------------------------
[{'stable': {'F_dwave': np.complex128(0.06847075757689149j)}, 'free': np.float64(-10042.040617969204)}, {'stable': {'F_dwave': np.complex128(-0.06847075757695592j)}, 'free': np.float64(-10042.040617969691)}, {'stable': {'F_dwave': np.complex128(0.0010335971657664568-0.06846138062277815j)}, 'free': np.float64(-10042.028986614368)}, {'stable': {'F_dwave': np.complex128(0.0684702072904244+0j)}, 'free': np.float64(-10042.036554102182)}]
------------------------------------------
====================================
mu=0.75, T=0.0250
====================================
  Seed: normal state
F_onsite: 0j
F_swave: 0j, F_dwave: 0j
F_px: 0j, F_py: 0j
Free_energy = -9857.057970628988
------------------------------------------
[{'stable': {}, 'free': np.float64(-9857.057970628988)}]
------------------------------------------
  Seed: px
F_onsite: 7.09559326925225e-18j
F_swave: 3.3306690738754696e-16j, F_dwave: 0.06843833322058548j
F_px: (3.882206735565633e-10+0j), F_py: (-9.129980642690912e-18+0j)
Free_energy = -10041.946271669733
------------------------------------------
[{'stable': {'F_dwave': np.complex128(0.06843833322058548j)}, 'free': np.float64(-10041.946271669733)}]
------------------------------------------
  Seed: py
F_onsite: -1.9706704211164615e-17j
F_swave: -1.0408340855860843e-16j, F_dwave: -0.06843833322058829j
F_px: (5.991399634920172e-19+0j), F_py: (3.7917080747235436e-10+0j)
Free_energy = -10041.94627166975
------------------------------------------
[{'stable': {'F_dwave': np.complex128(0.06843833322058548j)}, 'free': np.float64(-10041.946271669733)}, {'stable': {'F_dwave': np.complex128(-0.06843833322058829j)}, 'free': np.float64(-10041.94627166975)}]
------------------------------------------
  Seed: px+py
F_onsite: 1.1829288902662341e-16j
F_swave: 1.249000902703301e-16j, F_dwave: -0.06843831242798655j
F_px: (-1.415415627561253e-17+0j), F_py: (6.278226500446875e-12+0j)
Free_energy = -10041.946118319082
------------------------------------------
[{'stable': {'F_dwave': np.complex128(0.06843833322058548j)}, 'free': np.float64(-10041.946271669733)}, {'stable': {'F_dwave': np.complex128(-0.06843833322058829j)}, 'free': np.float64(-10041.94627166975)}]
------------------------------------------
  Seed: px+i*py
F_onsite: (2.250566946405417e-16-1.500886194181368e-14j)
F_swave: (-7.399679827213568e-17+4.479056014972116e-15j), F_dwave: (0.0010331305722926243-0.06843047531995175j)
F_px: (2.2532443575903893e-12-1.4924707303354268e-10j), F_py: (-2.3416167855639172e-09+1.5509941789920711e-07j)
Free_energy = -10041.945832920965
------------------------------------------
[{'stable': {'F_dwave': np.complex128(0.06843833322058548j)}, 'free': np.float64(-10041.946271669733)}, {'stable': {'F_dwave': np.complex128(-0.06843833322058829j)}, 'free': np.float64(-10041.94627166975)}, {'stable': {'F_dwave': np.complex128(0.0010331305722926243-0.06843047531995175j)}, 'free': np.float64(-10041.945832920965)}]
------------------------------------------
  Seed: d-wave
F_onsite: (-8.291024509010089e-17+0j)
F_swave: 0j, F_dwave: (0.06843831243622392+0j)
F_px: 9.846873817116999e-19j, F_py: 8.553156721639163e-18j
Free_energy = -10041.946118379927
------------------------------------------
[{'stable': {'F_dwave': np.complex128(0.06843833322058548j)}, 'free': np.float64(-10041.946271669733)}, {'stable': {'F_dwave': np.complex128(-0.06843833322058829j)}, 'free': np.float64(-10041.94627166975)}, {'stable': {'F_dwave': np.complex128(0.0010331305722926243-0.06843047531995175j)}, 'free': np.float64(-10041.945832920965)}, {'stable': {'F_dwave': np.complex128(0.06843831243622392+0j)}, 'free': np.float64(-10041.946118379927)}]
------------------------------------------
  Seed: d-wave+px
F_onsite: (-1.6050731601525505e-14-1.815818135099354e-18j)
F_swave: (4.649058915617843e-15+5.5109984949782125e-18j), F_dwave: (0.06843827373110196+1.0410617215547558e-16j)
F_px: (1.6086482667460045e-07-8.716419542099895e-18j), F_py: (2.220446049250313e-16+6.727416379902006e-18j)
Free_energy = -10041.945832920961
------------------------------------------
[{'stable': {'F_dwave': np.complex128(0.06843833322058548j)}, 'free': np.float64(-10041.946271669733)}, {'stable': {'F_dwave': np.complex128(-0.06843833322058829j)}, 'free': np.float64(-10041.94627166975)}, {'stable': {'F_dwave': np.complex128(0.0010331305722926243-0.06843047531995175j)}, 'free': np.float64(-10041.945832920965)}, {'stable': {'F_dwave': np.complex128(0.06843831243622392+0j)}, 'free': np.float64(-10041.946118379927)}]
------------------------------------------
  Seed: d-wave+py
F_onsite: (1.5054390673367508e-14-1.2715539673138592e-18j)
F_swave: (-4.5276282722994665e-15+7.929907342819987e-18j), F_dwave: (0.0684382725182273+1.6031284124759606e-16j)
F_px: (-2.0816681711721685e-16-1.3315906001607161e-17j), F_py: (1.558650715507981e-07+8.682815978272188e-18j)
Free_energy = -10041.945823975657
------------------------------------------
[{'stable': {'F_dwave': np.complex128(0.06843833322058548j)}, 'free': np.float64(-10041.946271669733)}, {'stable': {'F_dwave': np.complex128(-0.06843833322058829j)}, 'free': np.float64(-10041.94627166975)}, {'stable': {'F_dwave': np.complex128(0.0010331305722926243-0.06843047531995175j)}, 'free': np.float64(-10041.945832920965)}, {'stable': {'F_dwave': np.complex128(0.06843831243622392+0j)}, 'free': np.float64(-10041.946118379927)}]
------------------------------------------
====================================
mu=0.75, T=0.0280
====================================
  Seed: normal state
F_onsite: 0j
F_swave: 0j, F_dwave: 0j
F_px: 0j, F_py: 0j
Free_energy = -9857.529108488152
------------------------------------------
[{'stable': {}, 'free': np.float64(-9857.529108488152)}]
------------------------------------------
  Seed: px
F_onsite: -6.312315133098422e-17j
F_swave: 1.5265566588595902e-16j, F_dwave: 0.06840005680602015j
F_px: (4.1214879955457706e-11+0j), F_py: (-8.472964654079632e-18+0j)
Free_energy = -10041.836244673219
------------------------------------------
[{'stable': {'F_dwave': np.complex128(0.06840005680602015j)}, 'free': np.float64(-10041.836244673219)}]
------------------------------------------
  Seed: py
F_onsite: -1.3512289992501126e-16j
F_swave: -4.85722573273506e-17j, F_dwave: -0.06840005680602029j
F_px: (-7.975844804061322e-18+0j), F_py: (4.025413845899995e-11+0j)
Free_energy = -10041.836244673217
------------------------------------------
[{'stable': {'F_dwave': np.complex128(0.06840005680602015j)}, 'free': np.float64(-10041.836244673219)}, {'stable': {'F_dwave': np.complex128(-0.06840005680602029j)}, 'free': np.float64(-10041.836244673217)}]
------------------------------------------
  Seed: px+py
F_onsite: 5.489411850956878e-17j
F_swave: -1.0408340855860843e-16j, F_dwave: -0.06840005601499871j
F_px: (-1.2736462814483218e-17+0j), F_py: (6.665206096823299e-13+0j)
Free_energy = -10041.836238848644
------------------------------------------
[{'stable': {'F_dwave': np.complex128(0.06840005680602015j)}, 'free': np.float64(-10041.836244673219)}, {'stable': {'F_dwave': np.complex128(-0.06840005680602029j)}, 'free': np.float64(-10041.836244673217)}]
------------------------------------------
  Seed: px+i*py
F_onsite: (1.3402129973952475e-16-9.10538339278037e-15j)
F_swave: (-4.119968255444917e-17+2.8033131371785203e-15j), F_dwave: (0.001032553623025228-0.06839226048664622j)
F_px: (1.7499738637349882e-12-1.1591462512061668e-10j), F_py: (-1.8186446808145934e-09+1.2045981773178838e-07j)
Free_energy = -10041.836228008618
------------------------------------------
[{'stable': {'F_dwave': np.complex128(0.06840005680602015j)}, 'free': np.float64(-10041.836244673219)}, {'stable': {'F_dwave': np.complex128(-0.06840005680602029j)}, 'free': np.float64(-10041.836244673217)}, {'stable': {'F_dwave': np.complex128(0.001032553623025228-0.06839226048664622j)}, 'free': np.float64(-10041.836228008618)}]
------------------------------------------
  Seed: d-wave
F_onsite: (7.724385937076564e-17+0j)
F_swave: (6.938893903907228e-18+0j), F_dwave: (0.06840005601531221+0j)
F_px: -8.425614570170224e-18j, F_py: 7.956335983514803e-18j
Free_energy = -10041.836238850996
------------------------------------------
[{'stable': {'F_dwave': np.complex128(0.06840005680602015j)}, 'free': np.float64(-10041.836244673219)}, {'stable': {'F_dwave': np.complex128(-0.06840005680602029j)}, 'free': np.float64(-10041.836244673217)}, {'stable': {'F_dwave': np.complex128(0.001032553623025228-0.06839226048664622j)}, 'free': np.float64(-10041.836228008618)}, {'stable': {'F_dwave': np.complex128(0.06840005601531221+0j)}, 'free': np.float64(-10041.836238850996)}]
------------------------------------------
  Seed: d-wave+px
F_onsite: (-9.745197010125772e-15+9.174167049363748e-19j)
F_swave: (2.8033131371785203e-15+3.3487755670243133e-18j), F_dwave: (0.06840005454279427+1.1319520108654982e-16j)
F_px: (1.2493759189019515e-07-1.8804603130001466e-17j), F_py: (8.326672684688674e-17+8.003094227584051e-18j)
Free_energy = -10041.836228008624
------------------------------------------
[{'stable': {'F_dwave': np.complex128(0.06840005680602015j)}, 'free': np.float64(-10041.836244673219)}, {'stable': {'F_dwave': np.complex128(-0.06840005680602029j)}, 'free': np.float64(-10041.836244673217)}, {'stable': {'F_dwave': np.complex128(0.001032553623025228-0.06839226048664622j)}, 'free': np.float64(-10041.836228008618)}, {'stable': {'F_dwave': np.complex128(0.06840005601531221+0j)}, 'free': np.float64(-10041.836238850996)}]
------------------------------------------
  Seed: d-wave+py
F_onsite: (9.043593278557358e-15-4.717756079382812e-19j)
F_swave: (-2.546574062733953e-15+5.29184968237166e-18j), F_dwave: (0.06840005449665501+1.620514915567358e-16j)
F_px: (-1.457167719820518e-16-5.681631328947649e-18j), F_py: (1.2105447325105878e-07+8.939166914599196e-18j)
Free_energy = -10041.836227668806
------------------------------------------
[{'stable': {'F_dwave': np.complex128(0.06840005680602015j)}, 'free': np.float64(-10041.836244673219)}, {'stable': {'F_dwave': np.complex128(-0.06840005680602029j)}, 'free': np.float64(-10041.836244673217)}, {'stable': {'F_dwave': np.complex128(0.001032553623025228-0.06839226048664622j)}, 'free': np.float64(-10041.836228008618)}, {'stable': {'F_dwave': np.complex128(0.06840005601531221+0j)}, 'free': np.float64(-10041.836238850996)}]
------------------------------------------
====================================
mu=0.75, T=0.0310
====================================
  Seed: normal state
F_onsite: 0j
F_swave: 0j, F_dwave: 0j
F_px: 0j, F_py: 0j
Free_energy = -9858.050114169648
------------------------------------------
[{'stable': {}, 'free': np.float64(-9858.050114169648)}]
------------------------------------------
  Seed: px
F_onsite: -1.165667785366268e-16j
F_swave: -4.163336342344337e-17j, F_dwave: 0.06835320731722666j
F_px: (3.17158015161191e-12+0j), F_py: (-8.853190087118857e-18+0j)
Free_energy = -10041.696360927821
------------------------------------------
[{'stable': {'F_dwave': np.complex128(0.06835320731722666j)}, 'free': np.float64(-10041.696360927821)}]
------------------------------------------
  Seed: py
F_onsite: 7.631176308475252e-17j
F_swave: -3.469446951953614e-17j, F_dwave: -0.06835320731722652j
F_px: (-9.243584862465443e-18+0j), F_py: (3.09760316604812e-12+0j)
Free_energy = -10041.69636092782
------------------------------------------
[{'stable': {'F_dwave': np.complex128(0.06835320731722666j)}, 'free': np.float64(-10041.696360927821)}, {'stable': {'F_dwave': np.complex128(-0.06835320731722652j)}, 'free': np.float64(-10041.69636092782)}]
------------------------------------------
  Seed: px+py
F_onsite: -9.596969619402951e-17j
F_swave: -1.1102230246251565e-16j, F_dwave: -0.06835320729816391j
F_px: (-7.883539996700073e-18+0j), F_py: (5.129881407919395e-14+0j)
Free_energy = -10041.69636078773
------------------------------------------
[{'stable': {'F_dwave': np.complex128(0.06835320731722666j)}, 'free': np.float64(-10041.696360927821)}, {'stable': {'F_dwave': np.complex128(-0.06835320731722652j)}, 'free': np.float64(-10041.69636092782)}]
------------------------------------------
  Seed: px+i*py
F_onsite: (7.21618306159588e-17-4.620990866061648e-15j)
F_swave: (-2.7159264420761886e-17+1.3183898417423734e-15j), F_dwave: (0.0010318464257992352-0.06834541854467317j)
F_px: (1.2450070271605163e-12-8.246415356127912e-11j), F_py: (-1.293821837102145e-09+8.569763176868861e-08j)
Free_energy = -10041.69636052705
------------------------------------------
[{'stable': {'F_dwave': np.complex128(0.06835320731722666j)}, 'free': np.float64(-10041.696360927821)}, {'stable': {'F_dwave': np.complex128(-0.06835320731722652j)}, 'free': np.float64(-10041.69636092782)}, {'stable': {'F_dwave': np.complex128(0.0010318464257992352-0.06834541854467317j)}, 'free': np.float64(-10041.69636052705)}]
------------------------------------------
  Seed: d-wave
F_onsite: (9.491444292455536e-17+0j)
F_swave: (-1.5959455978986625e-16+0j), F_dwave: (0.06835320729817175+0j)
F_px: -4.295890485845339e-18j, F_py: 9.351400962739379e-18j
Free_energy = -10041.696360787793
------------------------------------------
[{'stable': {'F_dwave': np.complex128(0.06835320731722666j)}, 'free': np.float64(-10041.696360927821)}, {'stable': {'F_dwave': np.complex128(-0.06835320731722652j)}, 'free': np.float64(-10041.69636092782)}, {'stable': {'F_dwave': np.complex128(0.0010318464257992352-0.06834541854467317j)}, 'free': np.float64(-10041.69636052705)}, {'stable': {'F_dwave': np.complex128(0.06835320729817175+0j)}, 'free': np.float64(-10041.696360787793)}]
------------------------------------------
  Seed: d-wave+px
F_onsite: (-4.858990874264956e-15-3.2380747362885137e-19j)
F_swave: (1.3287981825982342e-15+3.3116529950162793e-19j), F_dwave: (0.06835320726266458+1.130524723126247e-16j)
F_px: (8.888321439970426e-08+5.331773008719542e-18j), F_py: (3.469446951953614e-17+8.247505672220466e-18j)
Free_energy = -10041.696360527081
------------------------------------------
[{'stable': {'F_dwave': np.complex128(0.06835320731722666j)}, 'free': np.float64(-10041.696360927821)}, {'stable': {'F_dwave': np.complex128(-0.06835320731722652j)}, 'free': np.float64(-10041.69636092782)}, {'stable': {'F_dwave': np.complex128(0.0010318464257992352-0.06834541854467317j)}, 'free': np.float64(-10041.69636052705)}, {'stable': {'F_dwave': np.complex128(0.06835320729817175+0j)}, 'free': np.float64(-10041.696360787793)}]
------------------------------------------
  Seed: d-wave+py
F_onsite: (4.783678467705846e-15+1.412448298694954e-18j)
F_swave: (-1.4224732503009818e-15+2.1176349360089393e-18j), F_dwave: (0.06835320726155411+1.5358017256938504e-16j)
F_px: (-6.938893903907228e-17+1.7792973680870044e-18j), F_py: (8.612068271018902e-08+6.220449929218911e-18j)
Free_energy = -10041.696360518847
------------------------------------------
[{'stable': {'F_dwave': np.complex128(0.06835320731722666j)}, 'free': np.float64(-10041.696360927821)}, {'stable': {'F_dwave': np.complex128(-0.06835320731722652j)}, 'free': np.float64(-10041.69636092782)}, {'stable': {'F_dwave': np.complex128(0.0010318464257992352-0.06834541854467317j)}, 'free': np.float64(-10041.69636052705)}, {'stable': {'F_dwave': np.complex128(0.06835320729817175+0j)}, 'free': np.float64(-10041.696360787793)}]
------------------------------------------
====================================
mu=0.75, T=0.0340
====================================
  Seed: normal state
F_onsite: 0j
F_swave: 0j, F_dwave: 0j
F_px: 0j, F_py: 0j
Free_energy = -9858.621305992277
------------------------------------------
[{'stable': {}, 'free': np.float64(-9858.621305992277)}]
------------------------------------------
  Seed: px
F_onsite: -6.15996923477758e-17j
F_swave: -2.706168622523819e-16j, F_dwave: 0.06829716674523104j
F_px: (2.439620170955491e-13+0j), F_py: (-9.361036666989102e-18+0j)
Free_energy = -10041.528994193455
------------------------------------------
[{'stable': {'F_dwave': np.complex128(0.06829716674523104j)}, 'free': np.float64(-10041.528994193455)}]
------------------------------------------
  Seed: py
F_onsite: 8.498992357083415e-17j
F_swave: -5.551115123125783e-17j, F_dwave: -0.06829716674523069j
F_px: (1.5498607950582913e-19+0j), F_py: (2.382703932376063e-13+0j)
Free_energy = -10041.528994193455
------------------------------------------
[{'stable': {'F_dwave': np.complex128(0.06829716674523104j)}, 'free': np.float64(-10041.528994193455)}, {'stable': {'F_dwave': np.complex128(-0.06829716674523069j)}, 'free': np.float64(-10041.528994193455)}]
------------------------------------------
  Seed: px+py
F_onsite: -3.1075726393184057e-17j
F_swave: -1.1796119636642288e-16j, F_dwave: -0.06829716674476558j
F_px: (9.618859826905532e-18+0j), F_py: (3.953530461880263e-15+0j)
Free_energy = -10041.528994189981
------------------------------------------
[{'stable': {'F_dwave': np.complex128(0.06829716674523104j)}, 'free': np.float64(-10041.528994193455)}, {'stable': {'F_dwave': np.complex128(-0.06829716674523069j)}, 'free': np.float64(-10041.528994193455)}]
------------------------------------------
  Seed: px+i*py
F_onsite: (3.811779138318745e-17-2.150706606159726e-15j)
F_swave: (-2.927345865710862e-17+5.93275428784068e-16j), F_dwave: (0.001031000449270584-0.06828938441160688j)
F_px: (8.43920419657529e-13-5.589836232777756e-11j), F_py: (-8.770185656262891e-10+5.809023489317111e-08j)
Free_energy = -10041.528994183633
------------------------------------------
[{'stable': {'F_dwave': np.complex128(0.06829716674523104j)}, 'free': np.float64(-10041.528994193455)}, {'stable': {'F_dwave': np.complex128(-0.06829716674523069j)}, 'free': np.float64(-10041.528994193455)}, {'stable': {'F_dwave': np.complex128(0.001031000449270584-0.06828938441160688j)}, 'free': np.float64(-10041.528994183633)}]
------------------------------------------
  Seed: d-wave
F_onsite: (1.4286739285215773e-16+0j)
F_swave: (1.3183898417423734e-16+0j), F_dwave: (0.06829716674476571+0j)
F_px: -1.9114017274745596e-17j, F_py: 8.091161460277271e-18j
Free_energy = -10041.528994189983
------------------------------------------
[{'stable': {'F_dwave': np.complex128(0.06829716674523104j)}, 'free': np.float64(-10041.528994193455)}, {'stable': {'F_dwave': np.complex128(-0.06829716674523069j)}, 'free': np.float64(-10041.528994193455)}, {'stable': {'F_dwave': np.complex128(0.001031000449270584-0.06828938441160688j)}, 'free': np.float64(-10041.528994183633)}, {'stable': {'F_dwave': np.complex128(0.06829716674476571+0j)}, 'free': np.float64(-10041.528994189983)}]
------------------------------------------
  Seed: d-wave+px
F_onsite: (-2.2965534292767072e-15+2.1163968714509945e-18j)
F_swave: (9.506284648352903e-16+1.4303834744570345e-18j), F_dwave: (0.06829716674388855+1.1125436198630796e-16j)
F_px: (6.024958498079824e-08-8.569832998080159e-18j), F_py: (-2.7755575615628914e-17+8.445514152464792e-18j)
Free_energy = -10041.528994183634
------------------------------------------
[{'stable': {'F_dwave': np.complex128(0.06829716674523104j)}, 'free': np.float64(-10041.528994193455)}, {'stable': {'F_dwave': np.complex128(-0.06829716674523069j)}, 'free': np.float64(-10041.528994193455)}, {'stable': {'F_dwave': np.complex128(0.001031000449270584-0.06828938441160688j)}, 'free': np.float64(-10041.528994183633)}, {'stable': {'F_dwave': np.complex128(0.06829716674476571+0j)}, 'free': np.float64(-10041.528994189983)}]
------------------------------------------
  Seed: d-wave+py
F_onsite: (2.2572485743527373e-15-1.3720608143654532e-18j)
F_swave: (-7.216449660063518e-16-6.847413077670786e-19j), F_dwave: (0.06829716674386221+1.6367759153582853e-16j)
F_px: (-2.7755575615628914e-17-3.4453335669731656e-18j), F_py: (5.837700053912265e-08+8.616054951180998e-18j)
Free_energy = -10041.528994183447
------------------------------------------
[{'stable': {'F_dwave': np.complex128(0.06829716674523104j)}, 'free': np.float64(-10041.528994193455)}, {'stable': {'F_dwave': np.complex128(-0.06829716674523069j)}, 'free': np.float64(-10041.528994193455)}, {'stable': {'F_dwave': np.complex128(0.001031000449270584-0.06828938441160688j)}, 'free': np.float64(-10041.528994183633)}, {'stable': {'F_dwave': np.complex128(0.06829716674476571+0j)}, 'free': np.float64(-10041.528994189983)}]
------------------------------------------
====================================
mu=0.75, T=0.0370
====================================
  Seed: normal state
F_onsite: 0j
F_swave: 0j, F_dwave: 0j
F_px: 0j, F_py: 0j
Free_energy = -9859.24300616637
------------------------------------------
[{'stable': {}, 'free': np.float64(-9859.24300616637)}]
------------------------------------------
  Seed: px
F_onsite: 1.0621574974056816e-16j
F_swave: -1.3877787807814457e-16j, F_dwave: 0.06822873774872742j
F_px: (1.3598719341491561e-14+0j), F_py: (-7.961045435419342e-18+0j)
Free_energy = -10041.318412038072
------------------------------------------
[{'stable': {'F_dwave': np.complex128(0.06822873774872742j)}, 'free': np.float64(-10041.318412038072)}]
------------------------------------------
  Seed: py
F_onsite: -1.3790958617065408e-17j
F_swave: -8.326672684688674e-17j, F_dwave: -0.06822873774872733j
F_px: (-2.2344101867237017e-18+0j), F_py: (1.332151332657233e-14+0j)
Free_energy = -10041.318412038072
------------------------------------------
[{'stable': {'F_dwave': np.complex128(0.06822873774872742j)}, 'free': np.float64(-10041.318412038072)}, {'stable': {'F_dwave': np.complex128(-0.06822873774872733j)}, 'free': np.float64(-10041.318412038072)}]
------------------------------------------
  Seed: px+py
F_onsite: -1.6844891282487067e-17j
F_swave: 8.326672684688674e-17j, F_dwave: -0.06822873774872011j
F_px: (-1.7285280586249074e-17+0j), F_py: (2.290438433089855e-16+0j)
Free_energy = -10041.318412038025
------------------------------------------
[{'stable': {'F_dwave': np.complex128(0.06822873774872742j)}, 'free': np.float64(-10041.318412038072)}, {'stable': {'F_dwave': np.complex128(-0.06822873774872733j)}, 'free': np.float64(-10041.318412038072)}]
------------------------------------------
  Seed: px+i*py
F_onsite: (1.641640679451364e-17-8.580647889804623e-16j)
F_swave: (-1.7780915628762273e-17+3.0878077872387166e-16j), F_dwave: (0.0010299674587653353-0.06822096321377394j)
F_px: (5.175495448872525e-13-3.428062000931931e-11j), F_py: (-5.378526925052529e-10+3.5625232104596893e-08j)
Free_energy = -10041.318412037923
------------------------------------------
[{'stable': {'F_dwave': np.complex128(0.06822873774872742j)}, 'free': np.float64(-10041.318412038072)}, {'stable': {'F_dwave': np.complex128(-0.06822873774872733j)}, 'free': np.float64(-10041.318412038072)}, {'stable': {'F_dwave': np.complex128(0.0010299674587653353-0.06822096321377394j)}, 'free': np.float64(-10041.318412037923)}]
------------------------------------------
  Seed: d-wave
F_onsite: (4.1282771192618895e-17+0j)
F_swave: (-8.326672684688674e-17+0j), F_dwave: (0.06822873774872007+0j)
F_px: -1.3988770630600696e-17j, F_py: 7.048614449078712e-18j
Free_energy = -10041.318412038025
------------------------------------------
[{'stable': {'F_dwave': np.complex128(0.06822873774872742j)}, 'free': np.float64(-10041.318412038072)}, {'stable': {'F_dwave': np.complex128(-0.06822873774872733j)}, 'free': np.float64(-10041.318412038072)}, {'stable': {'F_dwave': np.complex128(0.0010299674587653353-0.06822096321377394j)}, 'free': np.float64(-10041.318412037923)}, {'stable': {'F_dwave': np.complex128(0.06822873774872007+0j)}, 'free': np.float64(-10041.318412038025)}]
------------------------------------------
  Seed: d-wave+px
F_onsite: (-5.743806880358621e-16+3.765257715352052e-18j)
F_swave: (1.4224732503009818e-16-3.704418281481145e-18j), F_dwave: (0.06822873774870203+1.0220026840801944e-16j)
F_px: (3.694950500426897e-08-8.862160002254087e-18j), F_py: (-7.632783294297951e-17+7.686921980606974e-18j)
Free_energy = -10041.318412037921
------------------------------------------
[{'stable': {'F_dwave': np.complex128(0.06822873774872742j)}, 'free': np.float64(-10041.318412038072)}, {'stable': {'F_dwave': np.complex128(-0.06822873774872733j)}, 'free': np.float64(-10041.318412038072)}, {'stable': {'F_dwave': np.complex128(0.0010299674587653353-0.06822096321377394j)}, 'free': np.float64(-10041.318412037923)}, {'stable': {'F_dwave': np.complex128(0.06822873774872007+0j)}, 'free': np.float64(-10041.318412038025)}]
------------------------------------------
  Seed: d-wave+py
F_onsite: (9.352149045681266e-16+1.8316247668860563e-18j)
F_swave: (-2.498001805406602e-16-8.936642017698249e-18j), F_dwave: (0.06822873774870203+1.4935520386813902e-16j)
F_px: (-1.1796119636642288e-16-9.950693810576005e-18j), F_py: (3.580109757261862e-08+7.096173057210279e-18j)
Free_energy = -10041.318412037921
------------------------------------------
[{'stable': {'F_dwave': np.complex128(0.06822873774872742j)}, 'free': np.float64(-10041.318412038072)}, {'stable': {'F_dwave': np.complex128(-0.06822873774872733j)}, 'free': np.float64(-10041.318412038072)}, {'stable': {'F_dwave': np.complex128(0.0010299674587653353-0.06822096321377394j)}, 'free': np.float64(-10041.318412037923)}, {'stable': {'F_dwave': np.complex128(0.06822873774872007+0j)}, 'free': np.float64(-10041.318412038025)}]
------------------------------------------
====================================
mu=0.75, T=0.0400
====================================
  Seed: normal state
F_onsite: 0j
F_swave: 0j, F_dwave: 0j
F_px: 0j, F_py: 0j
Free_energy = -9859.915529288299
------------------------------------------
[{'stable': {}, 'free': np.float64(-9859.915529288299)}]
------------------------------------------
  Seed: px
F_onsite: 2.231645942395383e-17j
F_swave: 1.3877787807814457e-17j, F_dwave: 0.06814686180852884j
F_px: (6.841428411741993e-16+0j), F_py: (-7.676328728720703e-18+0j)
Free_energy = -10041.065181159564
------------------------------------------
[{'stable': {'F_dwave': np.complex128(0.06814686180852884j)}, 'free': np.float64(-10041.065181159564)}]
------------------------------------------
  Seed: py
F_onsite: -1.0201737608624698e-17j
F_swave: -6.938893903907228e-17j, F_dwave: -0.06814686180852883j
F_px: (-5.598403053511969e-18+0j), F_py: (7.522281791366544e-16+0j)
Free_energy = -10041.065181159564
------------------------------------------
[{'stable': {'F_dwave': np.complex128(0.06814686180852884j)}, 'free': np.float64(-10041.065181159564)}, {'stable': {'F_dwave': np.complex128(-0.06814686180852883j)}, 'free': np.float64(-10041.065181159564)}]
------------------------------------------
  Seed: px+py
F_onsite: 7.295838881836111e-18j
F_swave: -4.163336342344337e-17j, F_dwave: -0.06814686180852876j
F_px: (-3.815567444386628e-18+0j), F_py: (1.9894813734449712e-17+0j)
Free_energy = -10041.065181159564
------------------------------------------
[{'stable': {'F_dwave': np.complex128(0.06814686180852884j)}, 'free': np.float64(-10041.065181159564)}, {'stable': {'F_dwave': np.complex128(-0.06814686180852883j)}, 'free': np.float64(-10041.065181159564)}]
------------------------------------------
  Seed: px+i*py
F_onsite: (4.278271172791282e-18-3.025121065903111e-16j)
F_swave: (7.914675859144182e-18+1.249000902703301e-16j), F_dwave: (0.0010287314758522861-0.06813909660320612j)
F_px: (3.020908176387671e-13-2.0008501799839706e-11j), F_py: (-3.139310783984578e-10+2.079355090889301e-08j)
Free_energy = -10041.06518115956
------------------------------------------
[{'stable': {'F_dwave': np.complex128(0.06814686180852884j)}, 'free': np.float64(-10041.065181159564)}, {'stable': {'F_dwave': np.complex128(-0.06814686180852883j)}, 'free': np.float64(-10041.065181159564)}, {'stable': {'F_dwave': np.complex128(0.0010287314758522861-0.06813909660320612j)}, 'free': np.float64(-10041.06518115956)}]
------------------------------------------
  Seed: d-wave
F_onsite: (-1.2218351002469776e-17+0j)
F_swave: (4.163336342344337e-17+0j), F_dwave: (0.06814686180852876+0j)
F_px: -8.670860386902396e-18j, F_py: 8.97202609458499e-18j
Free_energy = -10041.065181159564
------------------------------------------
[{'stable': {'F_dwave': np.complex128(0.06814686180852884j)}, 'free': np.float64(-10041.065181159564)}, {'stable': {'F_dwave': np.complex128(-0.06814686180852883j)}, 'free': np.float64(-10041.065181159564)}, {'stable': {'F_dwave': np.complex128(0.0010287314758522861-0.06813909660320612j)}, 'free': np.float64(-10041.06518115956)}, {'stable': {'F_dwave': np.complex128(0.06814686180852876+0j)}, 'free': np.float64(-10041.065181159564)}]
------------------------------------------
  Seed: d-wave+px
F_onsite: (-4.1158138829332953e-16+2.446656900582543e-18j)
F_swave: (2.7755575615628914e-17+6.07957649913033e-18j), F_dwave: (0.06814686180852675+9.92559328729122e-17j)
F_px: (2.1566494971814176e-08-1.2479314147680641e-17j), F_py: (-6.938893903907228e-17+7.424005485007954e-18j)
Free_energy = -10041.065181159564
------------------------------------------
[{'stable': {'F_dwave': np.complex128(0.06814686180852884j)}, 'free': np.float64(-10041.065181159564)}, {'stable': {'F_dwave': np.complex128(-0.06814686180852883j)}, 'free': np.float64(-10041.065181159564)}, {'stable': {'F_dwave': np.complex128(0.0010287314758522861-0.06813909660320612j)}, 'free': np.float64(-10041.06518115956)}, {'stable': {'F_dwave': np.complex128(0.06814686180852876+0j)}, 'free': np.float64(-10041.065181159564)}]
------------------------------------------
  Seed: d-wave+py
F_onsite: (3.110176020932788e-16+3.485290871617585e-18j)
F_swave: (-1.4224732503009818e-16-6.089563957275122e-18j), F_dwave: (0.068146861808527+1.3049932319279162e-16j)
F_px: (-4.85722573273506e-17-4.8651045542877825e-18j), F_py: (2.0896199000308702e-08+5.86833606668957e-18j)
Free_energy = -10041.065181159562
------------------------------------------
[{'stable': {'F_dwave': np.complex128(0.06814686180852884j)}, 'free': np.float64(-10041.065181159564)}, {'stable': {'F_dwave': np.complex128(-0.06814686180852883j)}, 'free': np.float64(-10041.065181159564)}, {'stable': {'F_dwave': np.complex128(0.0010287314758522861-0.06813909660320612j)}, 'free': np.float64(-10041.06518115956)}, {'stable': {'F_dwave': np.complex128(0.06814686180852876+0j)}, 'free': np.float64(-10041.065181159564)}]
------------------------------------------
====================================
mu=0.75, T=0.0430
====================================
  Seed: normal state
F_onsite: 0j
F_swave: 0j, F_dwave: 0j
F_px: 0j, F_py: 0j
Free_energy = -9860.639172157706
------------------------------------------
[{'stable': {}, 'free': np.float64(-9860.639172157706)}]
------------------------------------------
  Seed: px
F_onsite: 9.384094057662162e-17j
F_swave: -4.163336342344337e-17j, F_dwave: 0.06804878519928126j
F_px: (3.1000443858454993e-17+0j), F_py: (-8.411983460855963e-18+0j)
Free_energy = -10040.757868030993
------------------------------------------
[{'stable': {'F_dwave': np.complex128(0.06804878519928126j)}, 'free': np.float64(-10040.757868030993)}]
------------------------------------------
  Seed: py
F_onsite: -1.0611758465121923e-16j
F_swave: 3.469446951953614e-17j, F_dwave: -0.06804878519928126j
F_px: (-2.3767355725067768e-18+0j), F_py: (4.949081658217236e-17+0j)
Free_energy = -10040.757868030993
------------------------------------------
[{'stable': {'F_dwave': np.complex128(0.06804878519928126j)}, 'free': np.float64(-10040.757868030993)}, {'stable': {'F_dwave': np.complex128(-0.06804878519928126j)}, 'free': np.float64(-10040.757868030993)}]
------------------------------------------
  Seed: px+py
F_onsite: -1.068597310968018e-16j
F_swave: 5.551115123125783e-17j, F_dwave: -0.06804878519928126j
F_px: (6.459707347874647e-18+0j), F_py: (1.1672080925939757e-17+0j)
Free_energy = -10040.757868030993
------------------------------------------
[{'stable': {'F_dwave': np.complex128(0.06804878519928126j)}, 'free': np.float64(-10040.757868030993)}, {'stable': {'F_dwave': np.complex128(-0.06804878519928126j)}, 'free': np.float64(-10040.757868030993)}]
------------------------------------------
  Seed: px+i*py
F_onsite: (-1.198052315966694e-19-8.22667164355149e-17j)
F_swave: (-9.053088140253962e-18+1.1796119636642288e-16j), F_dwave: (0.0010272509308601931-0.06804103116960297j)
F_px: (1.6805274619807742e-13-1.1132435251415274e-11j), F_py: (-1.746665643067094e-10+1.1569221594620593e-08j)
Free_energy = -10040.757868030993
------------------------------------------
[{'stable': {'F_dwave': np.complex128(0.06804878519928126j)}, 'free': np.float64(-10040.757868030993)}, {'stable': {'F_dwave': np.complex128(-0.06804878519928126j)}, 'free': np.float64(-10040.757868030993)}, {'stable': {'F_dwave': np.complex128(0.0010272509308601931-0.06804103116960297j)}, 'free': np.float64(-10040.757868030993)}]
------------------------------------------
  Seed: d-wave
F_onsite: (1.1076291185730883e-16+0j)
F_swave: (-4.163336342344337e-17+0j), F_dwave: (0.06804878519928126+0j)
F_px: 3.949580629787569e-19j, F_py: 9.937383919742551e-18j
Free_energy = -10040.757868030993
------------------------------------------
[{'stable': {'F_dwave': np.complex128(0.06804878519928126j)}, 'free': np.float64(-10040.757868030993)}, {'stable': {'F_dwave': np.complex128(-0.06804878519928126j)}, 'free': np.float64(-10040.757868030993)}, {'stable': {'F_dwave': np.complex128(0.0010272509308601931-0.06804103116960297j)}, 'free': np.float64(-10040.757868030993)}, {'stable': {'F_dwave': np.complex128(0.06804878519928126+0j)}, 'free': np.float64(-10040.757868030993)}]
------------------------------------------
  Seed: d-wave+px
F_onsite: (-1.2345517136050587e-16+3.677584201129765e-18j)
F_swave: (1.457167719820518e-16-4.085451840609376e-18j), F_dwave: (0.06804878519928081+8.93157483264107e-17j)
F_px: (1.1999276731955444e-08-1.0938214914715126e-17j), F_py: (1.3877787807814457e-17+7.153991526017697e-18j)
Free_energy = -10040.757868030993
------------------------------------------
[{'stable': {'F_dwave': np.complex128(0.06804878519928126j)}, 'free': np.float64(-10040.757868030993)}, {'stable': {'F_dwave': np.complex128(-0.06804878519928126j)}, 'free': np.float64(-10040.757868030993)}, {'stable': {'F_dwave': np.complex128(0.0010272509308601931-0.06804103116960297j)}, 'free': np.float64(-10040.757868030993)}, {'stable': {'F_dwave': np.complex128(0.06804878519928126+0j)}, 'free': np.float64(-10040.757868030993)}]
------------------------------------------
  Seed: d-wave+py
F_onsite: (1.5280324746436986e-16-1.4802527450877732e-18j)
F_swave: (3.122502256758253e-17+3.74320420577223e-18j), F_dwave: (0.0680487851992806+1.471643155133479e-16j)
F_px: (5.551115123125783e-17+2.0583955970282455e-18j), F_py: (1.1626333264180833e-08+7.294030734689265e-18j)
Free_energy = -10040.757868030993
------------------------------------------
[{'stable': {'F_dwave': np.complex128(0.06804878519928126j)}, 'free': np.float64(-10040.757868030993)}, {'stable': {'F_dwave': np.complex128(-0.06804878519928126j)}, 'free': np.float64(-10040.757868030993)}, {'stable': {'F_dwave': np.complex128(0.0010272509308601931-0.06804103116960297j)}, 'free': np.float64(-10040.757868030993)}, {'stable': {'F_dwave': np.complex128(0.06804878519928126+0j)}, 'free': np.float64(-10040.757868030993)}]
------------------------------------------
====================================
mu=0.75, T=0.0460
====================================
  Seed: normal state
F_onsite: 0j
F_swave: 0j, F_dwave: 0j
F_px: 0j, F_py: 0j
Free_energy = -9861.414207792308
------------------------------------------
[{'stable': {}, 'free': np.float64(-9861.414207792308)}]
------------------------------------------
  Seed: px
F_onsite: 6.945709872154665e-18j
F_swave: 1.1796119636642288e-16j, F_dwave: 0.0679314991586073j
F_px: (1.97167846142936e-18+0j), F_py: (-1.0423893505738065e-17+0j)
Free_energy = -10040.383507365796
------------------------------------------
[{'stable': {'F_dwave': np.complex128(0.0679314991586073j)}, 'free': np.float64(-10040.383507365796)}]
------------------------------------------
  Seed: py
F_onsite: -6.945709872154665e-18j
F_swave: -1.1796119636642288e-16j, F_dwave: -0.0679314991586073j
F_px: (-1.97167846142936e-18+0j), F_py: (1.0423893505738065e-17+0j)
Free_energy = -10040.383507365796
------------------------------------------
[{'stable': {'F_dwave': np.complex128(0.0679314991586073j)}, 'free': np.float64(-10040.383507365796)}, {'stable': {'F_dwave': np.complex128(-0.0679314991586073j)}, 'free': np.float64(-10040.383507365796)}]
------------------------------------------
  Seed: px+py
F_onsite: -4.193593947407037e-18j
F_swave: -1.1796119636642288e-16j, F_dwave: -0.0679314991586073j
F_px: (-8.912372310349504e-18+0j), F_py: (8.417987137741873e-18+0j)
Free_energy = -10040.383507365792
------------------------------------------
[{'stable': {'F_dwave': np.complex128(0.0679314991586073j)}, 'free': np.float64(-10040.383507365796)}, {'stable': {'F_dwave': np.complex128(-0.0679314991586073j)}, 'free': np.float64(-10040.383507365796)}]
------------------------------------------
  Seed: px+i*py
F_onsite: (2.658256156402488e-18-1.7513052975947143e-16j)
F_swave: (-3.63207727782644e-18+6.591949208711867e-17j), F_dwave: (0.0010254804041108145-0.06792375849345102j)
F_px: (8.31873632478608e-14-5.510973621891679e-12j), F_py: (-8.646168037172025e-11+5.7268795608522716e-09j)
Free_energy = -10040.383507365796
------------------------------------------
[{'stable': {'F_dwave': np.complex128(0.0679314991586073j)}, 'free': np.float64(-10040.383507365796)}, {'stable': {'F_dwave': np.complex128(-0.0679314991586073j)}, 'free': np.float64(-10040.383507365796)}, {'stable': {'F_dwave': np.complex128(0.0010254804041108145-0.06792375849345102j)}, 'free': np.float64(-10040.383507365796)}]
------------------------------------------
  Seed: d-wave
F_onsite: (1.0306736606859729e-17+0j)
F_swave: (1.1796119636642288e-16+0j), F_dwave: (0.0679314991586073+0j)
F_px: -5.224284978885873e-18j, F_py: 8.797590247009808e-18j
Free_energy = -10040.383507365796
------------------------------------------
[{'stable': {'F_dwave': np.complex128(0.0679314991586073j)}, 'free': np.float64(-10040.383507365796)}, {'stable': {'F_dwave': np.complex128(-0.0679314991586073j)}, 'free': np.float64(-10040.383507365796)}, {'stable': {'F_dwave': np.complex128(0.0010254804041108145-0.06792375849345102j)}, 'free': np.float64(-10040.383507365796)}, {'stable': {'F_dwave': np.complex128(0.0679314991586073+0j)}, 'free': np.float64(-10040.383507365796)}]
------------------------------------------
  Seed: d-wave+px
F_onsite: (1.2431138543891477e-17-2.5916819907697768e-20j)
F_swave: (2.0816681711721685e-17+7.205785346810413e-21j), F_dwave: (0.06793149915860751+8.782509482992532e-17j)
F_px: (5.939760787387893e-09+5.54345471655898e-18j), F_py: (-2.7755575615628914e-17+7.917781125531696e-18j)
Free_energy = -10040.383507365796
------------------------------------------
[{'stable': {'F_dwave': np.complex128(0.0679314991586073j)}, 'free': np.float64(-10040.383507365796)}, {'stable': {'F_dwave': np.complex128(-0.0679314991586073j)}, 'free': np.float64(-10040.383507365796)}, {'stable': {'F_dwave': np.complex128(0.0010254804041108145-0.06792375849345102j)}, 'free': np.float64(-10040.383507365796)}, {'stable': {'F_dwave': np.complex128(0.0679314991586073+0j)}, 'free': np.float64(-10040.383507365796)}]
------------------------------------------
  Seed: d-wave+py
F_onsite: (1.9720763891753613e-17+8.171023995267412e-19j)
F_swave: (4.5102810375396984e-17-3.77731729881239e-18j), F_dwave: (0.06793149915860745+1.4653412672290346e-16j)
F_px: (5.551115123125783e-17-1.5085634432605495e-17j), F_py: (5.755149544428573e-09+7.23816663287505e-18j)
Free_energy = -10040.383507365797
------------------------------------------
[{'stable': {'F_dwave': np.complex128(0.0679314991586073j)}, 'free': np.float64(-10040.383507365796)}, {'stable': {'F_dwave': np.complex128(-0.0679314991586073j)}, 'free': np.float64(-10040.383507365796)}, {'stable': {'F_dwave': np.complex128(0.0010254804041108145-0.06792375849345102j)}, 'free': np.float64(-10040.383507365796)}, {'stable': {'F_dwave': np.complex128(0.0679314991586073+0j)}, 'free': np.float64(-10040.383507365796)}]
------------------------------------------
====================================
mu=0.75, T=0.0490
====================================
  Seed: normal state
F_onsite: 0j
F_swave: 0j, F_dwave: 0j
F_px: 0j, F_py: 0j
Free_energy = -9862.24088353011
------------------------------------------
[{'stable': {}, 'free': np.float64(-9862.24088353011)}]
------------------------------------------
  Seed: px
F_onsite: 9.237079578265357e-17j
F_swave: 1.1796119636642288e-16j, F_dwave: 0.067794062577654j
F_px: (-9.458826848156123e-19+0j), F_py: (-8.548441792147611e-18+0j)
Free_energy = -10039.944209315154
------------------------------------------
[{'stable': {'F_dwave': np.complex128(0.067794062577654j)}, 'free': np.float64(-10039.944209315154)}]
------------------------------------------
  Seed: py
F_onsite: -9.237079578265357e-17j
F_swave: -1.1796119636642288e-16j, F_dwave: -0.067794062577654j
F_px: (9.458826848156123e-19+0j), F_py: (8.548441792147611e-18+0j)
Free_energy = -10039.944209315154
------------------------------------------
[{'stable': {'F_dwave': np.complex128(0.067794062577654j)}, 'free': np.float64(-10039.944209315154)}, {'stable': {'F_dwave': np.complex128(-0.067794062577654j)}, 'free': np.float64(-10039.944209315154)}]
------------------------------------------
  Seed: px+py
F_onsite: -9.237079578265357e-17j
F_swave: -1.1796119636642288e-16j, F_dwave: -0.067794062577654j
F_px: (9.458826848156123e-19+0j), F_py: (8.548441792147611e-18+0j)
Free_energy = -10039.944209315154
------------------------------------------
[{'stable': {'F_dwave': np.complex128(0.067794062577654j)}, 'free': np.float64(-10039.944209315154)}, {'stable': {'F_dwave': np.complex128(-0.067794062577654j)}, 'free': np.float64(-10039.944209315154)}]
------------------------------------------
  Seed: px+i*py
F_onsite: (-1.150423576081169e-18+1.744020888212755e-17j)
F_swave: (2.1412992906588713e-17-4.163336342344337e-17j), F_dwave: (0.001023405688812053-0.0677863375731347j)
F_px: (3.9179054965587934e-14-2.5929883240571883e-12j), F_py: (-4.068107298509788e-11+2.69455321944001e-09j)
Free_energy = -10039.944209315154
------------------------------------------
[{'stable': {'F_dwave': np.complex128(0.067794062577654j)}, 'free': np.float64(-10039.944209315154)}, {'stable': {'F_dwave': np.complex128(-0.067794062577654j)}, 'free': np.float64(-10039.944209315154)}, {'stable': {'F_dwave': np.complex128(0.001023405688812053-0.0677863375731347j)}, 'free': np.float64(-10039.944209315154)}]
------------------------------------------
  Seed: d-wave
F_onsite: (9.23572432554975e-17+0j)
F_swave: (1.1796119636642288e-16+0j), F_dwave: (0.067794062577654+0j)
F_px: -5.993011219091616e-18j, F_py: 8.534889264991542e-18j
Free_energy = -10039.944209315154
------------------------------------------
[{'stable': {'F_dwave': np.complex128(0.067794062577654j)}, 'free': np.float64(-10039.944209315154)}, {'stable': {'F_dwave': np.complex128(-0.067794062577654j)}, 'free': np.float64(-10039.944209315154)}, {'stable': {'F_dwave': np.complex128(0.001023405688812053-0.0677863375731347j)}, 'free': np.float64(-10039.944209315154)}, {'stable': {'F_dwave': np.complex128(0.067794062577654+0j)}, 'free': np.float64(-10039.944209315154)}]
------------------------------------------
  Seed: d-wave+px
F_onsite: (1.559772555719477e-16-1.9867024592317284e-18j)
F_swave: (-2.463307335887066e-16+6.111725655280031e-18j), F_dwave: (0.06779406257765391+8.190323872110128e-17j)
F_px: (2.7947159378372e-09-1.1566707114848632e-17j), F_py: (-7.632783294297951e-17+1.0443252940832862e-17j)
Free_energy = -10039.944209315154
------------------------------------------
[{'stable': {'F_dwave': np.complex128(0.067794062577654j)}, 'free': np.float64(-10039.944209315154)}, {'stable': {'F_dwave': np.complex128(-0.067794062577654j)}, 'free': np.float64(-10039.944209315154)}, {'stable': {'F_dwave': np.complex128(0.001023405688812053-0.0677863375731347j)}, 'free': np.float64(-10039.944209315154)}, {'stable': {'F_dwave': np.complex128(0.067794062577654+0j)}, 'free': np.float64(-10039.944209315154)}]
------------------------------------------
  Seed: d-wave+py
F_onsite: (1.3910860596968655e-16+3.8049547628783495e-18j)
F_swave: (1.5612511283791264e-16-3.000242926583442e-18j), F_dwave: (0.06779406257765366+1.4931827273533037e-16j)
F_px: (1.3877787807814457e-17-2.2495745789041404e-18j), F_py: (2.7078552108927845e-09+8.945295511896118e-18j)
Free_energy = -10039.944209315154
------------------------------------------
[{'stable': {'F_dwave': np.complex128(0.067794062577654j)}, 'free': np.float64(-10039.944209315154)}, {'stable': {'F_dwave': np.complex128(-0.067794062577654j)}, 'free': np.float64(-10039.944209315154)}, {'stable': {'F_dwave': np.complex128(0.001023405688812053-0.0677863375731347j)}, 'free': np.float64(-10039.944209315154)}, {'stable': {'F_dwave': np.complex128(0.067794062577654+0j)}, 'free': np.float64(-10039.944209315154)}]
------------------------------------------
====================================
mu=0.75, T=0.0520
====================================
  Seed: normal state
F_onsite: 0j
F_swave: 0j, F_dwave: 0j
F_px: 0j, F_py: 0j
Free_energy = -9863.119422151794
------------------------------------------
[{'stable': {}, 'free': np.float64(-9863.119422151794)}]
------------------------------------------
  Seed: px
F_onsite: -1.7786071941828683e-16j
F_swave: 2.7755575615628914e-17j, F_dwave: 0.06763302551174781j
F_px: (-2.6557576551913264e-18+0j), F_py: (-9.2439948081863e-18+0j)
Free_energy = -10039.42404158738
------------------------------------------
[{'stable': {'F_dwave': np.complex128(0.06763302551174781j)}, 'free': np.float64(-10039.42404158738)}]
------------------------------------------
  Seed: py
F_onsite: 1.7786071941828683e-16j
F_swave: -2.7755575615628914e-17j, F_dwave: -0.06763302551174781j
F_px: (2.6557576551913264e-18+0j), F_py: (9.2439948081863e-18+0j)
Free_energy = -10039.42404158738
------------------------------------------
[{'stable': {'F_dwave': np.complex128(0.06763302551174781j)}, 'free': np.float64(-10039.42404158738)}, {'stable': {'F_dwave': np.complex128(-0.06763302551174781j)}, 'free': np.float64(-10039.42404158738)}]
------------------------------------------
  Seed: px+py
F_onsite: 1.7786071941828683e-16j
F_swave: -2.7755575615628914e-17j, F_dwave: -0.06763302551174781j
F_px: (2.6557576551913264e-18+0j), F_py: (9.2439948081863e-18+0j)
Free_energy = -10039.42404158738
------------------------------------------
[{'stable': {'F_dwave': np.complex128(0.06763302551174781j)}, 'free': np.float64(-10039.42404158738)}, {'stable': {'F_dwave': np.complex128(-0.06763302551174781j)}, 'free': np.float64(-10039.42404158738)}]
------------------------------------------
  Seed: px+i*py
F_onsite: (1.9351147116929144e-18-6.841900975284866e-18j)
F_swave: (2.8189256484623115e-18-2.0122792321330962e-16j), F_dwave: (0.0010209747052850103-0.06762531885709619j)
F_px: (1.616773121632109e-14-1.0712333797791018e-12j), F_py: (-1.6804798438213586e-11+1.1130841248707668e-09j)
Free_energy = -10039.424041587381
------------------------------------------
[{'stable': {'F_dwave': np.complex128(0.06763302551174781j)}, 'free': np.float64(-10039.42404158738)}, {'stable': {'F_dwave': np.complex128(-0.06763302551174781j)}, 'free': np.float64(-10039.42404158738)}, {'stable': {'F_dwave': np.complex128(0.0010209747052850103-0.06762531885709619j)}, 'free': np.float64(-10039.424041587381)}]
------------------------------------------
  Seed: d-wave
F_onsite: (-1.7863617808149814e-16+0j)
F_swave: (3.469446951953614e-17+0j), F_dwave: (0.0676330255117478+0j)
F_px: 2.438705462457412e-18j, F_py: 9.012172478434639e-18j
Free_energy = -10039.42404158738
------------------------------------------
[{'stable': {'F_dwave': np.complex128(0.06763302551174781j)}, 'free': np.float64(-10039.42404158738)}, {'stable': {'F_dwave': np.complex128(-0.06763302551174781j)}, 'free': np.float64(-10039.42404158738)}, {'stable': {'F_dwave': np.complex128(0.0010209747052850103-0.06762531885709619j)}, 'free': np.float64(-10039.424041587381)}, {'stable': {'F_dwave': np.complex128(0.0676330255117478+0j)}, 'free': np.float64(-10039.42404158738)}]
------------------------------------------
  Seed: d-wave+px
F_onsite: (-1.787168017978831e-16+1.124033187728119e-19j)
F_swave: (-1.1796119636642288e-16+2.8846652243004773e-18j), F_dwave: (0.0676330255117481+8.833805248203145e-17j)
F_px: (1.1544594585854995e-09-1.3580689202487253e-17j), F_py: (-5.551115123125783e-17+8.581095718725287e-18j)
Free_energy = -10039.424041587381
------------------------------------------
[{'stable': {'F_dwave': np.complex128(0.06763302551174781j)}, 'free': np.float64(-10039.42404158738)}, {'stable': {'F_dwave': np.complex128(-0.06763302551174781j)}, 'free': np.float64(-10039.42404158738)}, {'stable': {'F_dwave': np.complex128(0.0010209747052850103-0.06762531885709619j)}, 'free': np.float64(-10039.424041587381)}, {'stable': {'F_dwave': np.complex128(0.0676330255117478+0j)}, 'free': np.float64(-10039.42404158738)}]
------------------------------------------
  Seed: d-wave+py
F_onsite: (-1.7729405563818436e-16-1.3759571008982808e-18j)
F_swave: (-1.942890293094024e-16-6.306423414685946e-19j), F_dwave: (0.06763302551174812+1.4127575900764826e-16j)
F_px: (-8.326672684688674e-17-1.0086405874831744e-17j), F_py: (1.118578521475122e-09+6.79964384698443e-18j)
Free_energy = -10039.424041587383
------------------------------------------
[{'stable': {'F_dwave': np.complex128(0.06763302551174781j)}, 'free': np.float64(-10039.42404158738)}, {'stable': {'F_dwave': np.complex128(-0.06763302551174781j)}, 'free': np.float64(-10039.42404158738)}, {'stable': {'F_dwave': np.complex128(0.0010209747052850103-0.06762531885709619j)}, 'free': np.float64(-10039.424041587381)}, {'stable': {'F_dwave': np.complex128(0.0676330255117478+0j)}, 'free': np.float64(-10039.42404158738)}]
------------------------------------------
====================================
mu=0.75, T=0.0550
====================================
  Seed: normal state
F_onsite: 0j
F_swave: 0j, F_dwave: 0j
F_px: 0j, F_py: 0j
Free_energy = -9864.050024864515
------------------------------------------
[{'stable': {}, 'free': np.float64(-9864.050024864515)}]
------------------------------------------
  Seed: px
F_onsite: -8.075970784636102e-17j
F_swave: 9.71445146547012e-17j, F_dwave: 0.06744750715659828j
F_px: (2.209227362561726e-18+0j), F_py: (-7.083622386963181e-18+0j)
Free_energy = -10038.825487214124
------------------------------------------
[{'stable': {'F_dwave': np.complex128(0.06744750715659828j)}, 'free': np.float64(-10038.825487214124)}]
------------------------------------------
  Seed: py
F_onsite: 8.075970784636102e-17j
F_swave: -9.71445146547012e-17j, F_dwave: -0.06744750715659828j
F_px: (-2.209227362561726e-18+0j), F_py: (7.083622386963181e-18+0j)
Free_energy = -10038.825487214124
------------------------------------------
[{'stable': {'F_dwave': np.complex128(0.06744750715659828j)}, 'free': np.float64(-10038.825487214124)}, {'stable': {'F_dwave': np.complex128(-0.06744750715659828j)}, 'free': np.float64(-10038.825487214124)}]
------------------------------------------
  Seed: px+py
F_onsite: 8.075970784636102e-17j
F_swave: -9.71445146547012e-17j, F_dwave: -0.06744750715659828j
F_px: (-2.209227362561726e-18+0j), F_py: (7.083622386963181e-18+0j)
Free_energy = -10038.825487214124
------------------------------------------
[{'stable': {'F_dwave': np.complex128(0.06744750715659828j)}, 'free': np.float64(-10038.825487214124)}, {'stable': {'F_dwave': np.complex128(-0.06744750715659828j)}, 'free': np.float64(-10038.825487214124)}]
------------------------------------------
  Seed: px+i*py
F_onsite: (5.667188227281304e-18-3.9225090335947024e-18j)
F_swave: (8.348356728138384e-18+3.469446951953614e-17j), F_dwave: (0.0010181741570832934-0.06743982164141023j)
F_px: (6.322524968849219e-15-4.191924585228435e-13j), F_py: (-6.57631327866115e-12+4.355893423735324e-10j)
Free_energy = -10038.825487214124
------------------------------------------
[{'stable': {'F_dwave': np.complex128(0.06744750715659828j)}, 'free': np.float64(-10038.825487214124)}, {'stable': {'F_dwave': np.complex128(-0.06744750715659828j)}, 'free': np.float64(-10038.825487214124)}, {'stable': {'F_dwave': np.complex128(0.0010181741570832934-0.06743982164141023j)}, 'free': np.float64(-10038.825487214124)}]
------------------------------------------
  Seed: d-wave
F_onsite: (-6.697616568881841e-17+0j)
F_swave: (9.020562075079397e-17+0j), F_dwave: (0.06744750715659828+0j)
F_px: -2.0898850525050253e-18j, F_py: 8.215966471099272e-18j
Free_energy = -10038.825487214124
------------------------------------------
[{'stable': {'F_dwave': np.complex128(0.06744750715659828j)}, 'free': np.float64(-10038.825487214124)}, {'stable': {'F_dwave': np.complex128(-0.06744750715659828j)}, 'free': np.float64(-10038.825487214124)}, {'stable': {'F_dwave': np.complex128(0.0010181741570832934-0.06743982164141023j)}, 'free': np.float64(-10038.825487214124)}, {'stable': {'F_dwave': np.complex128(0.06744750715659828+0j)}, 'free': np.float64(-10038.825487214124)}]
------------------------------------------
  Seed: d-wave+px
F_onsite: (-1.818600339758028e-17+1.1831876563944054e-18j)
F_swave: (2.0816681711721685e-17-1.917529037754854e-18j), F_dwave: (0.06744750715659813+9.189065507378441e-17j)
F_px: (4.5178035618098633e-10-3.066216957451603e-18j), F_py: (-2.7755575615628914e-17+8.825475458037307e-18j)
Free_energy = -10038.825487214124
------------------------------------------
[{'stable': {'F_dwave': np.complex128(0.06744750715659828j)}, 'free': np.float64(-10038.825487214124)}, {'stable': {'F_dwave': np.complex128(-0.06744750715659828j)}, 'free': np.float64(-10038.825487214124)}, {'stable': {'F_dwave': np.complex128(0.0010181741570832934-0.06743982164141023j)}, 'free': np.float64(-10038.825487214124)}, {'stable': {'F_dwave': np.complex128(0.06744750715659828+0j)}, 'free': np.float64(-10038.825487214124)}]
------------------------------------------
  Seed: d-wave+py
F_onsite: (5.0024269829972506e-17-9.743662883034339e-19j)
F_swave: (5.551115123125783e-17+3.381066726961744e-18j), F_dwave: (0.06744750715659817+1.4349678051817892e-16j)
F_px: (-8.326672684688674e-17-1.385780040043289e-17j), F_py: (4.377390394605385e-10+9.799307865413198e-18j)
Free_energy = -10038.82548721412
------------------------------------------
[{'stable': {'F_dwave': np.complex128(0.06744750715659828j)}, 'free': np.float64(-10038.825487214124)}, {'stable': {'F_dwave': np.complex128(-0.06744750715659828j)}, 'free': np.float64(-10038.825487214124)}, {'stable': {'F_dwave': np.complex128(0.0010181741570832934-0.06743982164141023j)}, 'free': np.float64(-10038.825487214124)}, {'stable': {'F_dwave': np.complex128(0.06744750715659828+0j)}, 'free': np.float64(-10038.825487214124)}]
------------------------------------------
====================================
mu=0.75, T=0.0580
====================================
  Seed: normal state
F_onsite: 0j
F_swave: 0j, F_dwave: 0j
F_px: 0j, F_py: 0j
Free_energy = -9865.032875206409
------------------------------------------
[{'stable': {}, 'free': np.float64(-9865.032875206409)}]
------------------------------------------
  Seed: px
F_onsite: 1.3577805795588426e-17j
F_swave: 0j, F_dwave: 0.06723494860214616j
F_px: (8.14537570480461e-18+0j), F_py: (-7.197723680658746e-18+0j)
Free_energy = -10038.139012461108
------------------------------------------
[{'stable': {'F_dwave': np.complex128(0.06723494860214616j)}, 'free': np.float64(-10038.139012461108)}]
------------------------------------------
  Seed: py
F_onsite: -1.3577805795588426e-17j
F_swave: 0j, F_dwave: -0.06723494860214616j
F_px: (-8.14537570480461e-18+0j), F_py: (7.197723680658746e-18+0j)
Free_energy = -10038.139012461108
------------------------------------------
[{'stable': {'F_dwave': np.complex128(0.06723494860214616j)}, 'free': np.float64(-10038.139012461108)}, {'stable': {'F_dwave': np.complex128(-0.06723494860214616j)}, 'free': np.float64(-10038.139012461108)}]
------------------------------------------
  Seed: px+py
F_onsite: -1.3577805795588426e-17j
F_swave: 0j, F_dwave: -0.06723494860214616j
F_px: (-8.14537570480461e-18+0j), F_py: (7.197723680658746e-18+0j)
Free_energy = -10038.139012461108
------------------------------------------
[{'stable': {'F_dwave': np.complex128(0.06723494860214616j)}, 'free': np.float64(-10038.139012461108)}, {'stable': {'F_dwave': np.complex128(-0.06723494860214616j)}, 'free': np.float64(-10038.139012461108)}]
------------------------------------------
  Seed: px+i*py
F_onsite: (1.4354006117282234e-18-3.313086552459133e-17j)
F_swave: (5.095750210681871e-18-1.1796119636642288e-16j), F_dwave: (0.001014965415409485-0.06722728730760175j)
F_px: (2.384919518816364e-15-1.55798984824429e-13j), F_py: (-2.439649827642998e-12+1.615932387899477e-10j)
Free_energy = -10038.139012461108
------------------------------------------
[{'stable': {'F_dwave': np.complex128(0.06723494860214616j)}, 'free': np.float64(-10038.139012461108)}, {'stable': {'F_dwave': np.complex128(-0.06723494860214616j)}, 'free': np.float64(-10038.139012461108)}, {'stable': {'F_dwave': np.complex128(0.001014965415409485-0.06722728730760175j)}, 'free': np.float64(-10038.139012461108)}]
------------------------------------------
  Seed: d-wave
F_onsite: (4.067008843906822e-18+0j)
F_swave: (6.938893903907228e-18+0j), F_dwave: (0.06723494860214614+0j)
F_px: -1.0719400470850184e-17j, F_py: 8.806272334719165e-18j
Free_energy = -10038.139012461108
------------------------------------------
[{'stable': {'F_dwave': np.complex128(0.06723494860214616j)}, 'free': np.float64(-10038.139012461108)}, {'stable': {'F_dwave': np.complex128(-0.06723494860214616j)}, 'free': np.float64(-10038.139012461108)}, {'stable': {'F_dwave': np.complex128(0.001014965415409485-0.06722728730760175j)}, 'free': np.float64(-10038.139012461108)}, {'stable': {'F_dwave': np.complex128(0.06723494860214614+0j)}, 'free': np.float64(-10038.139012461108)}]
------------------------------------------
  Seed: d-wave+px
F_onsite: (-6.20858006845401e-17-1.3866001515857659e-18j)
F_swave: (-1.0408340855860843e-16+2.0191585945933514e-18j), F_dwave: (0.06723494860214663+9.381126609253174e-17j)
F_px: (1.6760016291472724e-10-1.6892155618930377e-17j), F_py: 7.528292700562815e-18j
Free_energy = -10038.139012461108
------------------------------------------
[{'stable': {'F_dwave': np.complex128(0.06723494860214616j)}, 'free': np.float64(-10038.139012461108)}, {'stable': {'F_dwave': np.complex128(-0.06723494860214616j)}, 'free': np.float64(-10038.139012461108)}, {'stable': {'F_dwave': np.complex128(0.001014965415409485-0.06722728730760175j)}, 'free': np.float64(-10038.139012461108)}, {'stable': {'F_dwave': np.complex128(0.06723494860214614+0j)}, 'free': np.float64(-10038.139012461108)}]
------------------------------------------
  Seed: d-wave+py
F_onsite: (-1.812978603099992e-17-9.196135771525822e-19j)
F_swave: (2.1510571102112408e-16+2.1857858057258754e-18j), F_dwave: (0.06723494860214663+1.294072446065134e-16j)
F_px: -1.2280205277402382e-17j, F_py: (1.6239069811074813e-10+1.021591736200766e-17j)
Free_energy = -10038.139012461108
------------------------------------------
[{'stable': {'F_dwave': np.complex128(0.06723494860214616j)}, 'free': np.float64(-10038.139012461108)}, {'stable': {'F_dwave': np.complex128(-0.06723494860214616j)}, 'free': np.float64(-10038.139012461108)}, {'stable': {'F_dwave': np.complex128(0.001014965415409485-0.06722728730760175j)}, 'free': np.float64(-10038.139012461108)}, {'stable': {'F_dwave': np.complex128(0.06723494860214614+0j)}, 'free': np.float64(-10038.139012461108)}]
------------------------------------------
====================================
mu=0.75, T=0.0610
====================================
  Seed: normal state
F_onsite: 0j
F_swave: 0j, F_dwave: 0j
F_px: 0j, F_py: 0j
Free_energy = -9866.068143204679
------------------------------------------
[{'stable': {}, 'free': np.float64(-9866.068143204679)}]
------------------------------------------
  Seed: px
F_onsite: 4.487916059009735e-17j
F_swave: 6.938893903907228e-18j, F_dwave: 0.0669926616821847j
F_px: (2.257010277826464e-18+0j), F_py: (-7.120074582197168e-18+0j)
Free_energy = -10037.354351686812
------------------------------------------
[{'stable': {'F_dwave': np.complex128(0.0669926616821847j)}, 'free': np.float64(-10037.354351686812)}]
------------------------------------------
  Seed: py
F_onsite: -4.487916059009735e-17j
F_swave: -6.938893903907228e-18j, F_dwave: -0.0669926616821847j
F_px: (-2.257010277826464e-18+0j), F_py: (7.120074582197168e-18+0j)
Free_energy = -10037.354351686812
------------------------------------------
[{'stable': {'F_dwave': np.complex128(0.0669926616821847j)}, 'free': np.float64(-10037.354351686812)}, {'stable': {'F_dwave': np.complex128(-0.0669926616821847j)}, 'free': np.float64(-10037.354351686812)}]
------------------------------------------
  Seed: px+py
F_onsite: -4.487916059009735e-17j
F_swave: -6.938893903907228e-18j, F_dwave: -0.0669926616821847j
F_px: (-2.257010277826464e-18+0j), F_py: (7.120074582197168e-18+0j)
Free_energy = -10037.354351686812
------------------------------------------
[{'stable': {'F_dwave': np.complex128(0.0669926616821847j)}, 'free': np.float64(-10037.354351686812)}, {'stable': {'F_dwave': np.complex128(-0.0669926616821847j)}, 'free': np.float64(-10037.354351686812)}]
------------------------------------------
  Seed: px+i*py
F_onsite: (-3.666107537112138e-18+4.400648047612868e-17j)
F_swave: (-6.993104012531504e-18-4.85722573273506e-17j), F_dwave: (0.00101130790024093-0.06698502799577323j)
F_px: (7.544962918326625e-16-4.957145804951324e-14j), F_py: (-7.808540055873059e-13+5.172082206961193e-11j)
Free_energy = -10037.35435168681
------------------------------------------
[{'stable': {'F_dwave': np.complex128(0.0669926616821847j)}, 'free': np.float64(-10037.354351686812)}, {'stable': {'F_dwave': np.complex128(-0.0669926616821847j)}, 'free': np.float64(-10037.354351686812)}, {'stable': {'F_dwave': np.complex128(0.00101130790024093-0.06698502799577323j)}, 'free': np.float64(-10037.35435168681)}]
------------------------------------------
  Seed: d-wave
F_onsite: (4.2606663836842665e-17+0j)
F_swave: (6.938893903907228e-18+0j), F_dwave: (0.0669926616821847+0j)
F_px: 4.548736498781166e-18j, F_py: 6.2696022179558724e-18j
Free_energy = -10037.354351686812
------------------------------------------
[{'stable': {'F_dwave': np.complex128(0.0669926616821847j)}, 'free': np.float64(-10037.354351686812)}, {'stable': {'F_dwave': np.complex128(-0.0669926616821847j)}, 'free': np.float64(-10037.354351686812)}, {'stable': {'F_dwave': np.complex128(0.00101130790024093-0.06698502799577323j)}, 'free': np.float64(-10037.35435168681)}, {'stable': {'F_dwave': np.complex128(0.0669926616821847+0j)}, 'free': np.float64(-10037.354351686812)}]
------------------------------------------
  Seed: d-wave+px
F_onsite: (2.3007083957159947e-17+4.640067583673392e-19j)
F_swave: (-2.2898349882893854e-16-2.1904635000048095e-18j), F_dwave: (0.06699266168218466+9.716341531810773e-17j)
F_px: (5.364346467029435e-11-1.1221387777158301e-17j), F_py: (1.942890293094024e-16+8.990822602953521e-18j)
Free_energy = -10037.354351686812
------------------------------------------
[{'stable': {'F_dwave': np.complex128(0.0669926616821847j)}, 'free': np.float64(-10037.354351686812)}, {'stable': {'F_dwave': np.complex128(-0.0669926616821847j)}, 'free': np.float64(-10037.354351686812)}, {'stable': {'F_dwave': np.complex128(0.00101130790024093-0.06698502799577323j)}, 'free': np.float64(-10037.35435168681)}, {'stable': {'F_dwave': np.complex128(0.0669926616821847+0j)}, 'free': np.float64(-10037.354351686812)}]
------------------------------------------
  Seed: d-wave+py
F_onsite: (-7.789452453416112e-17+2.3670535400012975e-19j)
F_swave: (1.6306400674181987e-16+2.390442868841895e-18j), F_dwave: (0.06699266168218432+1.358567261408605e-16j)
F_px: (2.0816681711721685e-17-1.7719971169206765e-19j), F_py: (5.1976069281867154e-11+9.268375703050955e-18j)
Free_energy = -10037.354351686812
------------------------------------------
[{'stable': {'F_dwave': np.complex128(0.0669926616821847j)}, 'free': np.float64(-10037.354351686812)}, {'stable': {'F_dwave': np.complex128(-0.0669926616821847j)}, 'free': np.float64(-10037.354351686812)}, {'stable': {'F_dwave': np.complex128(0.00101130790024093-0.06698502799577323j)}, 'free': np.float64(-10037.35435168681)}, {'stable': {'F_dwave': np.complex128(0.0669926616821847+0j)}, 'free': np.float64(-10037.354351686812)}]
------------------------------------------
====================================
mu=0.75, T=0.0640
====================================
  Seed: normal state
F_onsite: 0j
F_swave: 0j, F_dwave: 0j
F_px: 0j, F_py: 0j
Free_energy = -9867.155989361496
------------------------------------------
[{'stable': {}, 'free': np.float64(-9867.155989361496)}]
------------------------------------------
  Seed: px
F_onsite: -2.2466390873062742e-17j
F_swave: 2.0816681711721685e-17j, F_dwave: 0.06672021445156603j
F_px: (1.6913811971124986e-17+0j), F_py: (-7.715662821208824e-18+0j)
Free_energy = -10036.476999213814
------------------------------------------
[{'stable': {'F_dwave': np.complex128(0.06672021445156603j)}, 'free': np.float64(-10036.476999213814)}]
------------------------------------------
  Seed: py
F_onsite: 2.2466390873062742e-17j
F_swave: -2.0816681711721685e-17j, F_dwave: -0.06672021445156603j
F_px: (-1.6913811971124986e-17+0j), F_py: (7.715662821208824e-18+0j)
Free_energy = -10036.476999213814
------------------------------------------
[{'stable': {'F_dwave': np.complex128(0.06672021445156603j)}, 'free': np.float64(-10036.476999213814)}, {'stable': {'F_dwave': np.complex128(-0.06672021445156603j)}, 'free': np.float64(-10036.476999213814)}]
------------------------------------------
  Seed: px+py
F_onsite: 2.2466390873062742e-17j
F_swave: -2.0816681711721685e-17j, F_dwave: -0.06672021445156603j
F_px: (-1.6913811971124986e-17+0j), F_py: (7.715662821208824e-18+0j)
Free_energy = -10036.476999213814
------------------------------------------
[{'stable': {'F_dwave': np.complex128(0.06672021445156603j)}, 'free': np.float64(-10036.476999213814)}, {'stable': {'F_dwave': np.complex128(-0.06672021445156603j)}, 'free': np.float64(-10036.476999213814)}]
------------------------------------------
  Seed: px+i*py
F_onsite: (-2.1557876186386786e-18-1.0607381683117705e-16j)
F_swave: (-4.4994390158148434e-18+7.632783294297951e-17j), F_dwave: (0.0010071950910196935-0.06671261180999884j)
F_px: (2.0458894994801469e-16-1.4890866317784912e-14j), F_py: (-2.3607082001025903e-13+1.563685292360617e-11j)
Free_energy = -10036.476999213815
------------------------------------------
[{'stable': {'F_dwave': np.complex128(0.06672021445156603j)}, 'free': np.float64(-10036.476999213814)}, {'stable': {'F_dwave': np.complex128(-0.06672021445156603j)}, 'free': np.float64(-10036.476999213814)}, {'stable': {'F_dwave': np.complex128(0.0010071950910196935-0.06671261180999884j)}, 'free': np.float64(-10036.476999213815)}]
------------------------------------------
  Seed: d-wave
F_onsite: (-1.5541287724327998e-17+0j)
F_swave: (2.0816681711721685e-17+0j), F_dwave: (0.06672021445156603+0j)
F_px: -1.43117482638557e-17j, F_py: 7.925674052568687e-18j
Free_energy = -10036.476999213814
------------------------------------------
[{'stable': {'F_dwave': np.complex128(0.06672021445156603j)}, 'free': np.float64(-10036.476999213814)}, {'stable': {'F_dwave': np.complex128(-0.06672021445156603j)}, 'free': np.float64(-10036.476999213814)}, {'stable': {'F_dwave': np.complex128(0.0010071950910196935-0.06671261180999884j)}, 'free': np.float64(-10036.476999213815)}, {'stable': {'F_dwave': np.complex128(0.06672021445156603+0j)}, 'free': np.float64(-10036.476999213814)}]
------------------------------------------
  Seed: d-wave+px
F_onsite: (-1.5010316439347976e-17-4.44409405190913e-18j)
F_swave: (-5.204170427930421e-17+4.314439022912869e-18j), F_dwave: (0.06672021445156595+1.1575150785066966e-16j)
F_px: (1.6218242027132845e-11-6.140708861883164e-18j), F_py: (9.020562075079397e-17+8.386206450090444e-18j)
Free_energy = -10036.476999213812
------------------------------------------
[{'stable': {'F_dwave': np.complex128(0.06672021445156603j)}, 'free': np.float64(-10036.476999213814)}, {'stable': {'F_dwave': np.complex128(-0.06672021445156603j)}, 'free': np.float64(-10036.476999213814)}, {'stable': {'F_dwave': np.complex128(0.0010071950910196935-0.06671261180999884j)}, 'free': np.float64(-10036.476999213815)}, {'stable': {'F_dwave': np.complex128(0.06672021445156603+0j)}, 'free': np.float64(-10036.476999213814)}]
------------------------------------------
  Seed: d-wave+py
F_onsite: (-1.7663483282199087e-17-2.340354979333116e-19j)
F_swave: (1.3877787807814457e-17-2.1540007551722454e-18j), F_dwave: (0.06672021445156616+1.21836529678018e-16j)
F_px: (-6.938893903907228e-18-1.1216832617731269e-17j), F_py: (1.5713971790454195e-11+6.3377622595334324e-18j)
Free_energy = -10036.476999213814
------------------------------------------
[{'stable': {'F_dwave': np.complex128(0.06672021445156603j)}, 'free': np.float64(-10036.476999213814)}, {'stable': {'F_dwave': np.complex128(-0.06672021445156603j)}, 'free': np.float64(-10036.476999213814)}, {'stable': {'F_dwave': np.complex128(0.0010071950910196935-0.06671261180999884j)}, 'free': np.float64(-10036.476999213815)}, {'stable': {'F_dwave': np.complex128(0.06672021445156603+0j)}, 'free': np.float64(-10036.476999213814)}]
------------------------------------------
====================================
mu=0.75, T=0.0670
====================================
  Seed: normal state
F_onsite: 0j
F_swave: 0j, F_dwave: 0j
F_px: 0j, F_py: 0j
Free_energy = -9868.296568221846
------------------------------------------
[{'stable': {}, 'free': np.float64(-9868.296568221846)}]
------------------------------------------
  Seed: px
F_onsite: 1.1024033223352232e-16j
F_swave: 1.1102230246251565e-16j, F_dwave: 0.06641448803629736j
F_px: (-8.480117500731343e-18+0j), F_py: (-7.209661551259111e-18+0j)
Free_energy = -10035.493962295332
------------------------------------------
[{'stable': {'F_dwave': np.complex128(0.06641448803629736j)}, 'free': np.float64(-10035.493962295332)}]
------------------------------------------
  Seed: py
F_onsite: -1.1024033223352232e-16j
F_swave: -1.1102230246251565e-16j, F_dwave: -0.06641448803629736j
F_px: (8.480117500731343e-18+0j), F_py: (7.209661551259111e-18+0j)
Free_energy = -10035.493962295332
------------------------------------------
[{'stable': {'F_dwave': np.complex128(0.06641448803629736j)}, 'free': np.float64(-10035.493962295332)}, {'stable': {'F_dwave': np.complex128(-0.06641448803629736j)}, 'free': np.float64(-10035.493962295332)}]
------------------------------------------
  Seed: px+py
F_onsite: -1.1024033223352232e-16j
F_swave: -1.1102230246251565e-16j, F_dwave: -0.06641448803629736j
F_px: (8.480117500731343e-18+0j), F_py: (7.209661551259111e-18+0j)
Free_energy = -10035.493962295332
------------------------------------------
[{'stable': {'F_dwave': np.complex128(0.06641448803629736j)}, 'free': np.float64(-10035.493962295332)}, {'stable': {'F_dwave': np.complex128(-0.06641448803629736j)}, 'free': np.float64(-10035.493962295332)}]
------------------------------------------
  Seed: px+i*py
F_onsite: (-2.3832354793702968e-18-3.303372931783708e-17j)
F_swave: (-1.2468324983583301e-18+6.591949208711867e-17j), F_dwave: (0.0010025799058440235-0.06640692023167398j)
F_px: (4.2609145378680324e-17-3.712308238590367e-15j), F_py: (-6.077029070933326e-14+4.025731137335953e-12j)
Free_energy = -10035.49396229534
------------------------------------------
[{'stable': {'F_dwave': np.complex128(0.06641448803629736j)}, 'free': np.float64(-10035.493962295332)}, {'stable': {'F_dwave': np.complex128(-0.06641448803629736j)}, 'free': np.float64(-10035.493962295332)}, {'stable': {'F_dwave': np.complex128(0.0010025799058440235-0.06640692023167398j)}, 'free': np.float64(-10035.49396229534)}]
------------------------------------------
  Seed: d-wave
F_onsite: (1.2531434232109667e-16+0j)
F_swave: (1.1796119636642288e-16+0j), F_dwave: (0.06641448803629735+0j)
F_px: -8.053753871435786e-18j, F_py: 5.58499941886616e-18j
Free_energy = -10035.493962295332
------------------------------------------
[{'stable': {'F_dwave': np.complex128(0.06641448803629736j)}, 'free': np.float64(-10035.493962295332)}, {'stable': {'F_dwave': np.complex128(-0.06641448803629736j)}, 'free': np.float64(-10035.493962295332)}, {'stable': {'F_dwave': np.complex128(0.0010025799058440235-0.06640692023167398j)}, 'free': np.float64(-10035.49396229534)}, {'stable': {'F_dwave': np.complex128(0.06641448803629735+0j)}, 'free': np.float64(-10035.493962295332)}]
------------------------------------------
  Seed: d-wave+px
F_onsite: (9.154978268260553e-17+1.0135729678931376e-18j)
F_swave: (1.5265566588595902e-16-1.5871038343258618e-18j), F_dwave: (0.06641448803629764+1.1107070969234772e-16j)
F_px: (4.175604306766445e-12-1.7494386084699967e-17j), F_py: (-1.3877787807814457e-17+8.531787721423e-18j)
Free_energy = -10035.493962295342
------------------------------------------
[{'stable': {'F_dwave': np.complex128(0.06641448803629736j)}, 'free': np.float64(-10035.493962295332)}, {'stable': {'F_dwave': np.complex128(-0.06641448803629736j)}, 'free': np.float64(-10035.493962295332)}, {'stable': {'F_dwave': np.complex128(0.0010025799058440235-0.06640692023167398j)}, 'free': np.float64(-10035.49396229534)}, {'stable': {'F_dwave': np.complex128(0.06641448803629735+0j)}, 'free': np.float64(-10035.493962295332)}]
------------------------------------------
  Seed: d-wave+py
F_onsite: (9.08078808444431e-17-1.910808260472278e-18j)
F_swave: (5.204170427930421e-17+4.8439142648929455e-18j), F_dwave: (0.06641448803629747+1.4727882957016913e-16j)
F_px: (-4.163336342344337e-17+3.3760115822659413e-18j), F_py: (4.0457290295670134e-12+9.627820731655492e-18j)
Free_energy = -10035.49396229534
------------------------------------------
[{'stable': {'F_dwave': np.complex128(0.06641448803629736j)}, 'free': np.float64(-10035.493962295332)}, {'stable': {'F_dwave': np.complex128(-0.06641448803629736j)}, 'free': np.float64(-10035.493962295332)}, {'stable': {'F_dwave': np.complex128(0.0010025799058440235-0.06640692023167398j)}, 'free': np.float64(-10035.49396229534)}, {'stable': {'F_dwave': np.complex128(0.06641448803629735+0j)}, 'free': np.float64(-10035.493962295332)}]
------------------------------------------
====================================
mu=0.75, T=0.0700
====================================
  Seed: normal state
F_onsite: 0j
F_swave: 0j, F_dwave: 0j
F_px: 0j, F_py: 0j
Free_energy = -9869.490031403238
------------------------------------------
[{'stable': {}, 'free': np.float64(-9869.490031403238)}]
------------------------------------------
  Seed: px
F_onsite: 1.170816585298177e-17j
F_swave: -4.85722573273506e-17j, F_dwave: 0.06607511923457439j
F_px: (-2.569511668623485e-18+0j), F_py: (-6.099813471062013e-18+0j)
Free_energy = -10034.411296064764
------------------------------------------
[{'stable': {'F_dwave': np.complex128(0.06607511923457439j)}, 'free': np.float64(-10034.411296064764)}]
------------------------------------------
  Seed: py
F_onsite: -1.170816585298177e-17j
F_swave: 4.85722573273506e-17j, F_dwave: -0.06607511923457439j
F_px: (2.569511668623485e-18+0j), F_py: (6.099813471062013e-18+0j)
Free_energy = -10034.411296064764
------------------------------------------
[{'stable': {'F_dwave': np.complex128(0.06607511923457439j)}, 'free': np.float64(-10034.411296064764)}, {'stable': {'F_dwave': np.complex128(-0.06607511923457439j)}, 'free': np.float64(-10034.411296064764)}]
------------------------------------------
  Seed: px+py
F_onsite: -1.170816585298177e-17j
F_swave: 4.85722573273506e-17j, F_dwave: -0.06607511923457439j
F_px: (2.569511668623485e-18+0j), F_py: (6.099813471062013e-18+0j)
Free_energy = -10034.411296064764
------------------------------------------
[{'stable': {'F_dwave': np.complex128(0.06607511923457439j)}, 'free': np.float64(-10034.411296064764)}, {'stable': {'F_dwave': np.complex128(-0.06607511923457439j)}, 'free': np.float64(-10034.411296064764)}]
------------------------------------------
  Seed: px+i*py
F_onsite: (1.0092276737976536e-17+6.880199103380513e-18j)
F_swave: (-1.8973538018496328e-18-4.5102810375396984e-17j), F_dwave: (0.000997456861891755-0.0660675901003807j)
F_px: (1.919037845299343e-17-1.1310397063368782e-15j), F_py: (-1.4717936071273474e-14+9.757264440857227e-13j)
Free_energy = -10034.411296064765
------------------------------------------
[{'stable': {'F_dwave': np.complex128(0.06607511923457439j)}, 'free': np.float64(-10034.411296064764)}, {'stable': {'F_dwave': np.complex128(-0.06607511923457439j)}, 'free': np.float64(-10034.411296064764)}, {'stable': {'F_dwave': np.complex128(0.000997456861891755-0.0660675901003807j)}, 'free': np.float64(-10034.411296064765)}]
------------------------------------------
  Seed: d-wave
F_onsite: (9.106080639016559e-18+0j)
F_swave: (-4.163336342344337e-17+0j), F_dwave: (0.06607511923457439+0j)
F_px: 5.171583647698895e-18j, F_py: 7.183962703988314e-18j
Free_energy = -10034.411296064764
------------------------------------------
[{'stable': {'F_dwave': np.complex128(0.06607511923457439j)}, 'free': np.float64(-10034.411296064764)}, {'stable': {'F_dwave': np.complex128(-0.06607511923457439j)}, 'free': np.float64(-10034.411296064764)}, {'stable': {'F_dwave': np.complex128(0.000997456861891755-0.0660675901003807j)}, 'free': np.float64(-10034.411296064765)}, {'stable': {'F_dwave': np.complex128(0.06607511923457439+0j)}, 'free': np.float64(-10034.411296064764)}]
------------------------------------------
  Seed: d-wave+px
F_onsite: (-1.161770223859847e-16+2.1134660764398067e-18j)
F_swave: (-8.326672684688674e-17-1.1263743508939257e-18j), F_dwave: (0.06607511923457457+1.189048615868114e-16j)
F_px: (1.011912775794599e-12+1.2341240000431525e-18j), F_py: (-2.7755575615628914e-17+9.217501758553233e-18j)
Free_energy = -10034.411296064765
------------------------------------------
[{'stable': {'F_dwave': np.complex128(0.06607511923457439j)}, 'free': np.float64(-10034.411296064764)}, {'stable': {'F_dwave': np.complex128(-0.06607511923457439j)}, 'free': np.float64(-10034.411296064764)}, {'stable': {'F_dwave': np.complex128(0.000997456861891755-0.0660675901003807j)}, 'free': np.float64(-10034.411296064765)}, {'stable': {'F_dwave': np.complex128(0.06607511923457439+0j)}, 'free': np.float64(-10034.411296064764)}]
------------------------------------------
  Seed: d-wave+py
F_onsite: (-2.4720774817683152e-17-8.272253970192952e-19j)
F_swave: (-1.249000902703301e-16+3.497460599549692e-20j), F_dwave: (0.06607511923457454+1.5941196732106584e-16j)
F_px: (-1.1102230246251565e-16-4.2334513584777585e-18j), F_py: (9.804101974708601e-13+8.919526468622314e-18j)
Free_energy = -10034.411296064765
------------------------------------------
[{'stable': {'F_dwave': np.complex128(0.06607511923457439j)}, 'free': np.float64(-10034.411296064764)}, {'stable': {'F_dwave': np.complex128(-0.06607511923457439j)}, 'free': np.float64(-10034.411296064764)}, {'stable': {'F_dwave': np.complex128(0.000997456861891755-0.0660675901003807j)}, 'free': np.float64(-10034.411296064765)}, {'stable': {'F_dwave': np.complex128(0.06607511923457439+0j)}, 'free': np.float64(-10034.411296064764)}]
------------------------------------------
====================================
mu=0.75, T=0.0730
====================================
  Seed: normal state
F_onsite: 0j
F_swave: 0j, F_dwave: 0j
F_px: 0j, F_py: 0j
Free_energy = -9870.7365300487
------------------------------------------
[{'stable': {}, 'free': np.float64(-9870.7365300487)}]
------------------------------------------
  Seed: px
F_onsite: -4.5931135805917786e-17j
F_swave: -6.938893903907228e-18j, F_dwave: 0.06569913965957572j
F_px: (4.899858125197675e-18+0j), F_py: (-9.240295656486963e-18+0j)
Free_energy = -10033.217691835694
------------------------------------------
[{'stable': {'F_dwave': np.complex128(0.06569913965957572j)}, 'free': np.float64(-10033.217691835694)}]
------------------------------------------
  Seed: py
F_onsite: 4.5931135805917786e-17j
F_swave: 6.938893903907228e-18j, F_dwave: -0.06569913965957572j
F_px: (-4.899858125197675e-18+0j), F_py: (9.240295656486963e-18+0j)
Free_energy = -10033.217691835694
------------------------------------------
[{'stable': {'F_dwave': np.complex128(0.06569913965957572j)}, 'free': np.float64(-10033.217691835694)}, {'stable': {'F_dwave': np.complex128(-0.06569913965957572j)}, 'free': np.float64(-10033.217691835694)}]
------------------------------------------
  Seed: px+py
F_onsite: 4.5931135805917786e-17j
F_swave: 6.938893903907228e-18j, F_dwave: -0.06569913965957572j
F_px: (-4.899858125197675e-18+0j), F_py: (9.240295656486963e-18+0j)
Free_energy = -10033.217691835694
------------------------------------------
[{'stable': {'F_dwave': np.complex128(0.06569913965957572j)}, 'free': np.float64(-10033.217691835694)}, {'stable': {'F_dwave': np.complex128(-0.06569913965957572j)}, 'free': np.float64(-10033.217691835694)}]
------------------------------------------
  Seed: px+i*py
F_onsite: (6.17427662695242e-18+9.423243243306473e-17j)
F_swave: (9.378348791999613e-18-2.7755575615628914e-17j), F_dwave: (0.000991781148985571-0.06569165336753917j)
F_px: (-7.37257477290143e-18+5.551115123125783e-17j), F_py: (-2.9896874906287785e-15+1.9857726574201706e-13j)
Free_energy = -10033.217691835693
------------------------------------------
[{'stable': {'F_dwave': np.complex128(0.06569913965957572j)}, 'free': np.float64(-10033.217691835694)}, {'stable': {'F_dwave': np.complex128(-0.06569913965957572j)}, 'free': np.float64(-10033.217691835694)}, {'stable': {'F_dwave': np.complex128(0.000991781148985571-0.06569165336753917j)}, 'free': np.float64(-10033.217691835693)}]
------------------------------------------
  Seed: d-wave
F_onsite: (-2.832726991546636e-17+0j)
F_swave: (1.3877787807814457e-17+0j), F_dwave: (0.06569913965957572+0j)
F_px: 5.910767959507919e-19j, F_py: 1.084960531671093e-17j
Free_energy = -10033.217691835693
------------------------------------------
[{'stable': {'F_dwave': np.complex128(0.06569913965957572j)}, 'free': np.float64(-10033.217691835694)}, {'stable': {'F_dwave': np.complex128(-0.06569913965957572j)}, 'free': np.float64(-10033.217691835694)}, {'stable': {'F_dwave': np.complex128(0.000991781148985571-0.06569165336753917j)}, 'free': np.float64(-10033.217691835693)}, {'stable': {'F_dwave': np.complex128(0.06569913965957572+0j)}, 'free': np.float64(-10033.217691835693)}]
------------------------------------------
  Seed: d-wave+px
F_onsite: (6.119257394026137e-18-4.2903155902649067e-19j)
F_swave: -4.4391265621563906e-18j, F_dwave: (0.06569913965957552+1.19056743941395e-16j)
F_px: (2.058145320837923e-13-1.5238908781193232e-17j), F_py: (4.163336342344337e-17+8.840893327160816e-18j)
Free_energy = -10033.217691835693
------------------------------------------
[{'stable': {'F_dwave': np.complex128(0.06569913965957572j)}, 'free': np.float64(-10033.217691835694)}, {'stable': {'F_dwave': np.complex128(-0.06569913965957572j)}, 'free': np.float64(-10033.217691835694)}, {'stable': {'F_dwave': np.complex128(0.000991781148985571-0.06569165336753917j)}, 'free': np.float64(-10033.217691835693)}, {'stable': {'F_dwave': np.complex128(0.06569913965957572+0j)}, 'free': np.float64(-10033.217691835693)}]
------------------------------------------
  Seed: d-wave+py
F_onsite: (-2.3212757524608166e-17-1.782707856768545e-18j)
F_swave: (2.0469737016526324e-16+3.655972173702994e-18j), F_dwave: (0.06569913965957556+1.54339507207711e-16j)
F_px: (1.5959455978986625e-16-1.485226762086728e-17j), F_py: (1.995695275702758e-13+9.310981294861736e-18j)
Free_energy = -10033.217691835693
------------------------------------------
[{'stable': {'F_dwave': np.complex128(0.06569913965957572j)}, 'free': np.float64(-10033.217691835694)}, {'stable': {'F_dwave': np.complex128(-0.06569913965957572j)}, 'free': np.float64(-10033.217691835694)}, {'stable': {'F_dwave': np.complex128(0.000991781148985571-0.06569165336753917j)}, 'free': np.float64(-10033.217691835693)}, {'stable': {'F_dwave': np.complex128(0.06569913965957572+0j)}, 'free': np.float64(-10033.217691835693)}]
------------------------------------------
====================================
mu=0.75, T=0.0760
====================================
  Seed: normal state
F_onsite: 0j
F_swave: 0j, F_dwave: 0j
F_px: 0j, F_py: 0j
Free_energy = -9872.036216716348
------------------------------------------
[{'stable': {}, 'free': np.float64(-9872.036216716348)}]
------------------------------------------
  Seed: px
F_onsite: -3.7399535411041754e-17j
F_swave: 9.020562075079397e-17j, F_dwave: 0.06528622761907585j
F_px: (1.3825163404424446e-17+0j), F_py: (-9.035861276816933e-18+0j)
Free_energy = -10031.919828962898
------------------------------------------
[{'stable': {'F_dwave': np.complex128(0.06528622761907585j)}, 'free': np.float64(-10031.919828962898)}]
------------------------------------------
  Seed: py
F_onsite: 3.7399535411041754e-17j
F_swave: -9.020562075079397e-17j, F_dwave: -0.06528622761907585j
F_px: (-1.3825163404424446e-17+0j), F_py: (9.035861276816933e-18+0j)
Free_energy = -10031.919828962898
------------------------------------------
[{'stable': {'F_dwave': np.complex128(0.06528622761907585j)}, 'free': np.float64(-10031.919828962898)}, {'stable': {'F_dwave': np.complex128(-0.06528622761907585j)}, 'free': np.float64(-10031.919828962898)}]
------------------------------------------
  Seed: px+py
F_onsite: 3.7399535411041754e-17j
F_swave: -9.020562075079397e-17j, F_dwave: -0.06528622761907585j
F_px: (-1.3825163404424446e-17+0j), F_py: (9.035861276816933e-18+0j)
Free_energy = -10031.919828962898
------------------------------------------
[{'stable': {'F_dwave': np.complex128(0.06528622761907585j)}, 'free': np.float64(-10031.919828962898)}, {'stable': {'F_dwave': np.complex128(-0.06528622761907585j)}, 'free': np.float64(-10031.919828962898)}]
------------------------------------------
  Seed: px+i*py
F_onsite: (5.961522954537303e-19+8.966198333990706e-17j)
F_swave: (3.7947076036992655e-19+1.3877787807814457e-17j), F_dwave: (0.0009855479109237841-0.06527878837758162j)
F_px: (-4.228388472693467e-18+1.457167719820518e-16j), F_py: (-5.651945925166935e-16+3.742839371767559e-14j)
Free_energy = -10031.919828962902
------------------------------------------
[{'stable': {'F_dwave': np.complex128(0.06528622761907585j)}, 'free': np.float64(-10031.919828962898)}, {'stable': {'F_dwave': np.complex128(-0.06528622761907585j)}, 'free': np.float64(-10031.919828962898)}, {'stable': {'F_dwave': np.complex128(0.0009855479109237841-0.06527878837758162j)}, 'free': np.float64(-10031.919828962902)}]
------------------------------------------
  Seed: d-wave
F_onsite: (-3.578045178469986e-17+0j)
F_swave: (8.326672684688674e-17+0j), F_dwave: (0.06528622761907585+0j)
F_px: -1.9048172870805762e-17j, F_py: 9.460370367179146e-18j
Free_energy = -10031.919828962898
------------------------------------------
[{'stable': {'F_dwave': np.complex128(0.06528622761907585j)}, 'free': np.float64(-10031.919828962898)}, {'stable': {'F_dwave': np.complex128(-0.06528622761907585j)}, 'free': np.float64(-10031.919828962898)}, {'stable': {'F_dwave': np.complex128(0.0009855479109237841-0.06527878837758162j)}, 'free': np.float64(-10031.919828962902)}, {'stable': {'F_dwave': np.complex128(0.06528622761907585+0j)}, 'free': np.float64(-10031.919828962898)}]
------------------------------------------
  Seed: d-wave+px
F_onsite: (3.664246296395602e-17-1.5632761070724725e-18j)
F_swave: (1.0755285551056204e-16+3.953122729019238e-18j), F_dwave: (0.06528622761907571+1.455090971223321e-16j)
F_px: (3.9142300511940675e-14-1.1787949572307562e-17j), F_py: (-2.0816681711721685e-17+7.950805786236058e-18j)
Free_energy = -10031.9198289629
------------------------------------------
[{'stable': {'F_dwave': np.complex128(0.06528622761907585j)}, 'free': np.float64(-10031.919828962898)}, {'stable': {'F_dwave': np.complex128(-0.06528622761907585j)}, 'free': np.float64(-10031.919828962898)}, {'stable': {'F_dwave': np.complex128(0.0009855479109237841-0.06527878837758162j)}, 'free': np.float64(-10031.919828962902)}, {'stable': {'F_dwave': np.complex128(0.06528622761907585+0j)}, 'free': np.float64(-10031.919828962898)}]
------------------------------------------
  Seed: d-wave+py
F_onsite: (-4.9619495314564145e-17+6.984511179015132e-19j)
F_swave: (-1.0061396160665481e-16-2.51624140618704e-18j), F_dwave: (0.06528622761907589+1.3864499523505068e-16j)
F_px: (3.469446951953614e-17-4.548619739469636e-18j), F_py: (3.7837788458006116e-14+8.68078585391758e-18j)
Free_energy = -10031.9198289629
------------------------------------------
[{'stable': {'F_dwave': np.complex128(0.06528622761907585j)}, 'free': np.float64(-10031.919828962898)}, {'stable': {'F_dwave': np.complex128(-0.06528622761907585j)}, 'free': np.float64(-10031.919828962898)}, {'stable': {'F_dwave': np.complex128(0.0009855479109237841-0.06527878837758162j)}, 'free': np.float64(-10031.919828962902)}, {'stable': {'F_dwave': np.complex128(0.06528622761907585+0j)}, 'free': np.float64(-10031.919828962898)}]
------------------------------------------
====================================
mu=0.75, T=0.0790
====================================
  Seed: normal state
F_onsite: 0j
F_swave: 0j, F_dwave: 0j
F_px: 0j, F_py: 0j
Free_energy = -9873.389246746949
------------------------------------------
[{'stable': {}, 'free': np.float64(-9873.389246746949)}]
------------------------------------------
  Seed: px
F_onsite: 5.081631230242326e-17j
F_swave: 2.0816681711721685e-17j, F_dwave: 0.06483345371711377j
F_px: (7.767209408260679e-19+0j), F_py: (-6.66718823374071e-18+0j)
Free_energy = -10030.50764868835
------------------------------------------
[{'stable': {'F_dwave': np.complex128(0.06483345371711377j)}, 'free': np.float64(-10030.50764868835)}]
------------------------------------------
  Seed: py
F_onsite: -5.081631230242326e-17j
F_swave: -2.0816681711721685e-17j, F_dwave: -0.06483345371711377j
F_px: (-7.767209408260679e-19+0j), F_py: (6.66718823374071e-18+0j)
Free_energy = -10030.50764868835
------------------------------------------
[{'stable': {'F_dwave': np.complex128(0.06483345371711377j)}, 'free': np.float64(-10030.50764868835)}, {'stable': {'F_dwave': np.complex128(-0.06483345371711377j)}, 'free': np.float64(-10030.50764868835)}]
------------------------------------------
  Seed: px+py
F_onsite: -5.081631230242326e-17j
F_swave: -2.0816681711721685e-17j, F_dwave: -0.06483345371711377j
F_px: (-7.767209408260679e-19+0j), F_py: (6.66718823374071e-18+0j)
Free_energy = -10030.50764868835
------------------------------------------
[{'stable': {'F_dwave': np.complex128(0.06483345371711377j)}, 'free': np.float64(-10030.50764868835)}, {'stable': {'F_dwave': np.complex128(-0.06483345371711377j)}, 'free': np.float64(-10030.50764868835)}]
------------------------------------------
  Seed: px+i*py
F_onsite: (-2.346036051544746e-18+4.097504990711175e-17j)
F_swave: (-3.74049749507499e-18-1.0408340855860843e-17j), F_dwave: (0.0009787129261271852-0.06482606606834475j)
F_px: (-1.496198998029996e-17+1.5959455978986625e-16j), F_py: (-7.773729576721067e-17+5.780098621954721e-15j)
Free_energy = -10030.507648688348
------------------------------------------
[{'stable': {'F_dwave': np.complex128(0.06483345371711377j)}, 'free': np.float64(-10030.50764868835)}, {'stable': {'F_dwave': np.complex128(-0.06483345371711377j)}, 'free': np.float64(-10030.50764868835)}, {'stable': {'F_dwave': np.complex128(0.0009787129261271852-0.06482606606834475j)}, 'free': np.float64(-10030.507648688348)}]
------------------------------------------
  Seed: d-wave
F_onsite: (5.0803183291740816e-17+0j)
F_swave: (2.7755575615628914e-17+0j), F_dwave: (0.06483345371711376+0j)
F_px: -2.728258381520374e-18j, F_py: 6.665705926083015e-18j
Free_energy = -10030.50764868835
------------------------------------------
[{'stable': {'F_dwave': np.complex128(0.06483345371711377j)}, 'free': np.float64(-10030.50764868835)}, {'stable': {'F_dwave': np.complex128(-0.06483345371711377j)}, 'free': np.float64(-10030.50764868835)}, {'stable': {'F_dwave': np.complex128(0.0009787129261271852-0.06482606606834475j)}, 'free': np.float64(-10030.507648688348)}, {'stable': {'F_dwave': np.complex128(0.06483345371711376+0j)}, 'free': np.float64(-10030.50764868835)}]
------------------------------------------
  Seed: d-wave+px
F_onsite: (4.243298813348922e-17-8.313433394342786e-19j)
F_swave: (-3.469446951953614e-18+2.474253589433715e-18j), F_dwave: (0.06483345371711396+1.48645501100542e-16j)
F_px: (5.842548667089886e-15-2.0016889599624046e-19j), F_py: (3.469446951953614e-17+8.114109231675878e-18j)
Free_energy = -10030.507648688348
------------------------------------------
[{'stable': {'F_dwave': np.complex128(0.06483345371711377j)}, 'free': np.float64(-10030.50764868835)}, {'stable': {'F_dwave': np.complex128(-0.06483345371711377j)}, 'free': np.float64(-10030.50764868835)}, {'stable': {'F_dwave': np.complex128(0.0009787129261271852-0.06482606606834475j)}, 'free': np.float64(-10030.507648688348)}, {'stable': {'F_dwave': np.complex128(0.06483345371711376+0j)}, 'free': np.float64(-10030.50764868835)}]
------------------------------------------
  Seed: d-wave+py
F_onsite: (5.52472787077864e-17-3.952643638798531e-19j)
F_swave: (-1.734723475976807e-17-2.1108811671624193e-18j), F_dwave: (0.0648334537171139+1.4092245093607762e-16j)
F_px: (-4.85722573273506e-17-1.3874822881634573e-17j), F_py: (5.55805401702969e-15+5.779708119758286e-18j)
Free_energy = -10030.507648688348
------------------------------------------
[{'stable': {'F_dwave': np.complex128(0.06483345371711377j)}, 'free': np.float64(-10030.50764868835)}, {'stable': {'F_dwave': np.complex128(-0.06483345371711377j)}, 'free': np.float64(-10030.50764868835)}, {'stable': {'F_dwave': np.complex128(0.0009787129261271852-0.06482606606834475j)}, 'free': np.float64(-10030.507648688348)}, {'stable': {'F_dwave': np.complex128(0.06483345371711376+0j)}, 'free': np.float64(-10030.50764868835)}]
------------------------------------------
====================================
mu=0.75, T=0.0820
====================================
  Seed: normal state
F_onsite: 0j
F_swave: 0j, F_dwave: 0j
F_px: 0j, F_py: 0j
Free_energy = -9874.795779164388
------------------------------------------
[{'stable': {}, 'free': np.float64(-9874.795779164388)}]
------------------------------------------
  Seed: px
F_onsite: -3.0273003856983e-17j
F_swave: -6.938893903907228e-17j, F_dwave: 0.06434050332562326j
F_px: (-3.1389585187366277e-18+0j), F_py: (-1.007151291042925e-17+0j)
Free_energy = -10028.98851012288
------------------------------------------
[{'stable': {'F_dwave': np.complex128(0.06434050332562326j)}, 'free': np.float64(-10028.98851012288)}]
------------------------------------------
  Seed: py
F_onsite: 3.0273003856983e-17j
F_swave: 6.938893903907228e-17j, F_dwave: -0.06434050332562326j
F_px: (3.1389585187366277e-18+0j), F_py: (1.007151291042925e-17+0j)
Free_energy = -10028.98851012288
------------------------------------------
[{'stable': {'F_dwave': np.complex128(0.06434050332562326j)}, 'free': np.float64(-10028.98851012288)}, {'stable': {'F_dwave': np.complex128(-0.06434050332562326j)}, 'free': np.float64(-10028.98851012288)}]
------------------------------------------
  Seed: px+py
F_onsite: 3.0273003856983e-17j
F_swave: 6.938893903907228e-17j, F_dwave: -0.06434050332562326j
F_px: (3.1389585187366277e-18+0j), F_py: (1.007151291042925e-17+0j)
Free_energy = -10028.98851012288
------------------------------------------
[{'stable': {'F_dwave': np.complex128(0.06434050332562326j)}, 'free': np.float64(-10028.98851012288)}, {'stable': {'F_dwave': np.complex128(-0.06434050332562326j)}, 'free': np.float64(-10028.98851012288)}]
------------------------------------------
  Seed: px+i*py
F_onsite: (-1.5734293569859843e-18+3.9777309095217285e-17j)
F_swave: (-1.0083080204115191e-17+2.42861286636753e-17j), F_dwave: (0.0009712714450331767-0.06433317184761381j)
F_px: (-8.348356728138384e-18+5.551115123125783e-17j), F_py: (-3.144186300207963e-18+5.898059818321144e-16j)
Free_energy = -10028.98851012288
------------------------------------------
[{'stable': {'F_dwave': np.complex128(0.06434050332562326j)}, 'free': np.float64(-10028.98851012288)}, {'stable': {'F_dwave': np.complex128(-0.06434050332562326j)}, 'free': np.float64(-10028.98851012288)}, {'stable': {'F_dwave': np.complex128(0.0009712714450331767-0.06433317184761381j)}, 'free': np.float64(-10028.98851012288)}]
------------------------------------------
  Seed: d-wave
F_onsite: (-3.715811116873958e-17+0j)
F_swave: (-6.938893903907228e-17+0j), F_dwave: (0.06434050332562326+0j)
F_px: -4.677474753415857e-18j, F_py: 1.0776138443426421e-17j
Free_energy = -10028.98851012288
------------------------------------------
[{'stable': {'F_dwave': np.complex128(0.06434050332562326j)}, 'free': np.float64(-10028.98851012288)}, {'stable': {'F_dwave': np.complex128(-0.06434050332562326j)}, 'free': np.float64(-10028.98851012288)}, {'stable': {'F_dwave': np.complex128(0.0009712714450331767-0.06433317184761381j)}, 'free': np.float64(-10028.98851012288)}, {'stable': {'F_dwave': np.complex128(0.06434050332562326+0j)}, 'free': np.float64(-10028.98851012288)}]
------------------------------------------
  Seed: d-wave+px
F_onsite: (-2.775677337315589e-17+6.714580846065966e-19j)
F_swave: (-7.28583859910259e-17-2.9860361913278775e-18j), F_dwave: (0.06434050332562327+1.3819828151512025e-16j)
F_px: (7.077671781985373e-16+5.525793966522677e-19j), F_py: (6.938893903907228e-18+9.844234283782342e-18j)
Free_energy = -10028.988510122877
------------------------------------------
[{'stable': {'F_dwave': np.complex128(0.06434050332562326j)}, 'free': np.float64(-10028.98851012288)}, {'stable': {'F_dwave': np.complex128(-0.06434050332562326j)}, 'free': np.float64(-10028.98851012288)}, {'stable': {'F_dwave': np.complex128(0.0009712714450331767-0.06433317184761381j)}, 'free': np.float64(-10028.98851012288)}, {'stable': {'F_dwave': np.complex128(0.06434050332562326+0j)}, 'free': np.float64(-10028.98851012288)}]
------------------------------------------
  Seed: d-wave+py
F_onsite: (-2.598832739796652e-17+5.517475950648178e-20j)
F_swave: (-1.0061396160665481e-16-4.52824806218884e-18j), F_dwave: (0.06434050332562329+1.3729976339897457e-16j)
F_px: (-4.163336342344337e-17-1.6592324917333801e-18j), F_py: (6.175615574477433e-16+8.503569725458447e-18j)
Free_energy = -10028.988510122877
------------------------------------------
[{'stable': {'F_dwave': np.complex128(0.06434050332562326j)}, 'free': np.float64(-10028.98851012288)}, {'stable': {'F_dwave': np.complex128(-0.06434050332562326j)}, 'free': np.float64(-10028.98851012288)}, {'stable': {'F_dwave': np.complex128(0.0009712714450331767-0.06433317184761381j)}, 'free': np.float64(-10028.98851012288)}, {'stable': {'F_dwave': np.complex128(0.06434050332562326+0j)}, 'free': np.float64(-10028.98851012288)}]
------------------------------------------
====================================
mu=0.75, T=0.0850
====================================
  Seed: normal state
F_onsite: 0j
F_swave: 0j, F_dwave: 0j
F_px: 0j, F_py: 0j
Free_energy = -9876.255977173772
------------------------------------------
[{'stable': {}, 'free': np.float64(-9876.255977173772)}]
------------------------------------------
  Seed: px
F_onsite: -3.595124803757981e-17j
F_swave: -2.0816681711721685e-17j, F_dwave: 0.06380435754282707j
F_px: (3.593135682538975e-17+0j), F_py: (-7.803916375123332e-18+0j)
Free_energy = -10027.353138121754
------------------------------------------
[{'stable': {'F_dwave': np.complex128(0.06380435754282707j)}, 'free': np.float64(-10027.353138121754)}]
------------------------------------------
  Seed: py
F_onsite: 3.595124803757981e-17j
F_swave: 2.0816681711721685e-17j, F_dwave: -0.06380435754282707j
F_px: (-3.593135682538975e-17+0j), F_py: (7.803916375123332e-18+0j)
Free_energy = -10027.353138121754
------------------------------------------
[{'stable': {'F_dwave': np.complex128(0.06380435754282707j)}, 'free': np.float64(-10027.353138121754)}, {'stable': {'F_dwave': np.complex128(-0.06380435754282707j)}, 'free': np.float64(-10027.353138121754)}]
------------------------------------------
  Seed: px+py
F_onsite: 3.595124803757981e-17j
F_swave: 2.0816681711721685e-17j, F_dwave: -0.06380435754282707j
F_px: (-3.593135682538975e-17+0j), F_py: (7.803916375123332e-18+0j)
Free_energy = -10027.353138121754
------------------------------------------
[{'stable': {'F_dwave': np.complex128(0.06380435754282707j)}, 'free': np.float64(-10027.353138121754)}, {'stable': {'F_dwave': np.complex128(-0.06380435754282707j)}, 'free': np.float64(-10027.353138121754)}]
------------------------------------------
  Seed: px+i*py
F_onsite: (-1.2505411626347116e-17-8.347291319509416e-18j)
F_swave: (4.607859233063394e-19+5.898059818321144e-17j), F_dwave: (0.0009631778949009155-0.0637970871576104j)
F_px: (9.486769009248164e-18+4.85722573273506e-17j), F_py: (9.595189226496714e-18+4.85722573273506e-17j)
Free_energy = -10027.353138121754
------------------------------------------
[{'stable': {'F_dwave': np.complex128(0.06380435754282707j)}, 'free': np.float64(-10027.353138121754)}, {'stable': {'F_dwave': np.complex128(-0.06380435754282707j)}, 'free': np.float64(-10027.353138121754)}, {'stable': {'F_dwave': np.complex128(0.0009631778949009155-0.0637970871576104j)}, 'free': np.float64(-10027.353138121754)}]
------------------------------------------
  Seed: d-wave
F_onsite: (-3.6387661911317887e-17+0j)
F_swave: (-2.0816681711721685e-17+0j), F_dwave: (0.06380435754282708+0j)
F_px: -2.1545340977416584e-17j, F_py: 6.979351307667197e-18j
Free_energy = -10027.353138121754
------------------------------------------
[{'stable': {'F_dwave': np.complex128(0.06380435754282707j)}, 'free': np.float64(-10027.353138121754)}, {'stable': {'F_dwave': np.complex128(-0.06380435754282707j)}, 'free': np.float64(-10027.353138121754)}, {'stable': {'F_dwave': np.complex128(0.0009631778949009155-0.0637970871576104j)}, 'free': np.float64(-10027.353138121754)}, {'stable': {'F_dwave': np.complex128(0.06380435754282708+0j)}, 'free': np.float64(-10027.353138121754)}]
------------------------------------------
  Seed: d-wave+px
F_onsite: (-3.398858667200789e-17+1.9304367209982282e-18j)
F_swave: (-3.122502256758253e-17-7.47497476965182e-19j), F_dwave: (0.06380435754282707+1.2068107788987993e-16j)
F_px: (7.632783294297951e-17-6.684297637530757e-19j), F_py: (2.0816681711721685e-17+9.873317126939094e-18j)
Free_energy = -10027.353138121754
------------------------------------------
[{'stable': {'F_dwave': np.complex128(0.06380435754282707j)}, 'free': np.float64(-10027.353138121754)}, {'stable': {'F_dwave': np.complex128(-0.06380435754282707j)}, 'free': np.float64(-10027.353138121754)}, {'stable': {'F_dwave': np.complex128(0.0009631778949009155-0.0637970871576104j)}, 'free': np.float64(-10027.353138121754)}, {'stable': {'F_dwave': np.complex128(0.06380435754282708+0j)}, 'free': np.float64(-10027.353138121754)}]
------------------------------------------
  Seed: d-wave+py
F_onsite: (-4.702857948564904e-17+9.965946605630565e-19j)
F_swave: (-2.42861286636753e-17-3.0427553455451792e-18j), F_dwave: (0.0638043575428271+1.2906494010504124e-16j)
F_px: (4.163336342344337e-17-1.4090181319338473e-17j), F_py: (6.245004513516506e-17+7.341558808653142e-18j)
Free_energy = -10027.353138121754
------------------------------------------
[{'stable': {'F_dwave': np.complex128(0.06380435754282707j)}, 'free': np.float64(-10027.353138121754)}, {'stable': {'F_dwave': np.complex128(-0.06380435754282707j)}, 'free': np.float64(-10027.353138121754)}, {'stable': {'F_dwave': np.complex128(0.0009631778949009155-0.0637970871576104j)}, 'free': np.float64(-10027.353138121754)}, {'stable': {'F_dwave': np.complex128(0.06380435754282708+0j)}, 'free': np.float64(-10027.353138121754)}]
------------------------------------------
====================================
mu=0.75, T=0.0880
====================================
  Seed: normal state
F_onsite: 0j
F_swave: 0j, F_dwave: 0j
F_px: 0j, F_py: 0j
Free_energy = -9877.770008317906
------------------------------------------
[{'stable': {}, 'free': np.float64(-9877.770008317906)}]
------------------------------------------
  Seed: px
F_onsite: -4.9001173636016495e-17j
F_swave: 2.0816681711721685e-17j, F_dwave: 0.06322467779671853j
F_px: (8.9454578804904e-18+0j), F_py: (-6.2479995690784375e-18+0j)
Free_energy = -10025.60968582946
------------------------------------------
[{'stable': {'F_dwave': np.complex128(0.06322467779671853j)}, 'free': np.float64(-10025.60968582946)}]
------------------------------------------
  Seed: py
F_onsite: 4.9001173636016495e-17j
F_swave: -2.0816681711721685e-17j, F_dwave: -0.06322467779671853j
F_px: (-8.9454578804904e-18+0j), F_py: (6.2479995690784375e-18+0j)
Free_energy = -10025.60968582946
------------------------------------------
[{'stable': {'F_dwave': np.complex128(0.06322467779671853j)}, 'free': np.float64(-10025.60968582946)}, {'stable': {'F_dwave': np.complex128(-0.06322467779671853j)}, 'free': np.float64(-10025.60968582946)}]
------------------------------------------
  Seed: px+py
F_onsite: 4.9001173636016495e-17j
F_swave: -2.0816681711721685e-17j, F_dwave: -0.06322467779671853j
F_px: (-8.9454578804904e-18+0j), F_py: (6.2479995690784375e-18+0j)
Free_energy = -10025.60968582946
------------------------------------------
[{'stable': {'F_dwave': np.complex128(0.06322467779671853j)}, 'free': np.float64(-10025.60968582946)}, {'stable': {'F_dwave': np.complex128(-0.06322467779671853j)}, 'free': np.float64(-10025.60968582946)}]
------------------------------------------
  Seed: px+i*py
F_onsite: (-6.120562469547293e-18-1.3098741165978135e-16j)
F_swave: (2.8189256484623115e-18-1.734723475976807e-17j), F_dwave: (0.0009544271647145885-0.06321747346490637j)
F_px: (6.938893903907228e-18+2.0816681711721685e-16j), F_py: (7.37257477290143e-18-2.0816681711721685e-17j)
Free_energy = -10025.60968582946
------------------------------------------
[{'stable': {'F_dwave': np.complex128(0.06322467779671853j)}, 'free': np.float64(-10025.60968582946)}, {'stable': {'F_dwave': np.complex128(-0.06322467779671853j)}, 'free': np.float64(-10025.60968582946)}, {'stable': {'F_dwave': np.complex128(0.0009544271647145885-0.06321747346490637j)}, 'free': np.float64(-10025.60968582946)}]
------------------------------------------
  Seed: d-wave
F_onsite: (-5.073060315607296e-17+0j)
F_swave: (2.0816681711721685e-17+0j), F_dwave: (0.06322467779671853+0j)
F_px: -8.077646156248767e-18j, F_py: 7.120125867395147e-18j
Free_energy = -10025.60968582946
------------------------------------------
[{'stable': {'F_dwave': np.complex128(0.06322467779671853j)}, 'free': np.float64(-10025.60968582946)}, {'stable': {'F_dwave': np.complex128(-0.06322467779671853j)}, 'free': np.float64(-10025.60968582946)}, {'stable': {'F_dwave': np.complex128(0.0009544271647145885-0.06321747346490637j)}, 'free': np.float64(-10025.60968582946)}, {'stable': {'F_dwave': np.complex128(0.06322467779671853+0j)}, 'free': np.float64(-10025.60968582946)}]
------------------------------------------
  Seed: d-wave+px
F_onsite: (-4.413187900727204e-17+3.782863225526129e-18j)
F_swave: (1.3877787807814457e-17-4.883815991192975e-18j), F_dwave: (0.06322467779671856+1.150273288019675e-16j)
F_px: (-2.7755575615628914e-17-5.2942615635757155e-18j), F_py: 8.365448761135567e-18j
Free_energy = -10025.60968582946
------------------------------------------
[{'stable': {'F_dwave': np.complex128(0.06322467779671853j)}, 'free': np.float64(-10025.60968582946)}, {'stable': {'F_dwave': np.complex128(-0.06322467779671853j)}, 'free': np.float64(-10025.60968582946)}, {'stable': {'F_dwave': np.complex128(0.0009544271647145885-0.06321747346490637j)}, 'free': np.float64(-10025.60968582946)}, {'stable': {'F_dwave': np.complex128(0.06322467779671853+0j)}, 'free': np.float64(-10025.60968582946)}]
------------------------------------------
  Seed: d-wave+py
F_onsite: (-4.760245092485873e-17+2.049852324148285e-18j)
F_swave: (1.734723475976807e-17-2.8064298445387792e-18j), F_dwave: (0.06322467779671856+1.2067209677637914e-16j)
F_px: (-2.7755575615628914e-17-3.218922068552129e-18j), F_py: (6.938893903907228e-18+8.908757531072647e-18j)
Free_energy = -10025.60968582946
------------------------------------------
[{'stable': {'F_dwave': np.complex128(0.06322467779671853j)}, 'free': np.float64(-10025.60968582946)}, {'stable': {'F_dwave': np.complex128(-0.06322467779671853j)}, 'free': np.float64(-10025.60968582946)}, {'stable': {'F_dwave': np.complex128(0.0009544271647145885-0.06321747346490637j)}, 'free': np.float64(-10025.60968582946)}, {'stable': {'F_dwave': np.complex128(0.06322467779671853+0j)}, 'free': np.float64(-10025.60968582946)}]
------------------------------------------
====================================
mu=0.75, T=0.0910
====================================
  Seed: normal state
F_onsite: 0j
F_swave: 0j, F_dwave: 0j
F_px: 0j, F_py: 0j
Free_energy = -9879.33804435341
------------------------------------------
[{'stable': {}, 'free': np.float64(-9879.33804435341)}]
------------------------------------------
  Seed: px
F_onsite: 5.3375324567531607e-17j
F_swave: -6.938893903907228e-17j, F_dwave: 0.06259820776634394j
F_px: (1.3556990622654142e-17+0j), F_py: (-9.186421383191385e-18+0j)
Free_energy = -10023.749179441395
------------------------------------------
[{'stable': {'F_dwave': np.complex128(0.06259820776634394j)}, 'free': np.float64(-10023.749179441395)}]
------------------------------------------
  Seed: py
F_onsite: -5.3375324567531607e-17j
F_swave: 6.938893903907228e-17j, F_dwave: -0.06259820776634394j
F_px: (-1.3556990622654142e-17+0j), F_py: (9.186421383191385e-18+0j)
Free_energy = -10023.749179441395
------------------------------------------
[{'stable': {'F_dwave': np.complex128(0.06259820776634394j)}, 'free': np.float64(-10023.749179441395)}, {'stable': {'F_dwave': np.complex128(-0.06259820776634394j)}, 'free': np.float64(-10023.749179441395)}]
------------------------------------------
  Seed: px+py
F_onsite: -5.3375324567531607e-17j
F_swave: 6.938893903907228e-17j, F_dwave: -0.06259820776634394j
F_px: (-1.3556990622654142e-17+0j), F_py: (9.186421383191385e-18+0j)
Free_energy = -10023.749179441395
------------------------------------------
[{'stable': {'F_dwave': np.complex128(0.06259820776634394j)}, 'free': np.float64(-10023.749179441395)}, {'stable': {'F_dwave': np.complex128(-0.06259820776634394j)}, 'free': np.float64(-10023.749179441395)}]
------------------------------------------
  Seed: px+i*py
F_onsite: (-1.0351047431503276e-17+1.734893809008544e-16j)
F_swave: (1.3986208025063007e-17-6.938893903907228e-17j), F_dwave: (0.0009449700977005719-0.06259107481960065j)
F_px: (5.149960319306146e-18-2.706168622523819e-16j), F_py: (1.0191500421363742e-17-2.7755575615628914e-17j)
Free_energy = -10023.749179441398
------------------------------------------
[{'stable': {'F_dwave': np.complex128(0.06259820776634394j)}, 'free': np.float64(-10023.749179441395)}, {'stable': {'F_dwave': np.complex128(-0.06259820776634394j)}, 'free': np.float64(-10023.749179441395)}, {'stable': {'F_dwave': np.complex128(0.0009449700977005719-0.06259107481960065j)}, 'free': np.float64(-10023.749179441398)}]
------------------------------------------
  Seed: d-wave
F_onsite: (4.6460385814163914e-17+0j)
F_swave: (-6.938893903907228e-17+0j), F_dwave: (0.06259820776634395+0j)
F_px: -4.920091790161335e-18j, F_py: 9.269423994577406e-18j
Free_energy = -10023.749179441395
------------------------------------------
[{'stable': {'F_dwave': np.complex128(0.06259820776634394j)}, 'free': np.float64(-10023.749179441395)}, {'stable': {'F_dwave': np.complex128(-0.06259820776634394j)}, 'free': np.float64(-10023.749179441395)}, {'stable': {'F_dwave': np.complex128(0.0009449700977005719-0.06259107481960065j)}, 'free': np.float64(-10023.749179441398)}, {'stable': {'F_dwave': np.complex128(0.06259820776634395+0j)}, 'free': np.float64(-10023.749179441395)}]
------------------------------------------
  Seed: d-wave+px
F_onsite: (5.405130318155484e-17+5.836921870323911e-19j)
F_swave: (-6.245004513516506e-17-3.552111039673948e-18j), F_dwave: (0.06259820776634396+1.3077353852893663e-16j)
F_px: (1.3877787807814457e-17-1.649422915490083e-17j), F_py: (-1.3877787807814457e-17+8.266280559038423e-18j)
Free_energy = -10023.749179441395
------------------------------------------
[{'stable': {'F_dwave': np.complex128(0.06259820776634394j)}, 'free': np.float64(-10023.749179441395)}, {'stable': {'F_dwave': np.complex128(-0.06259820776634394j)}, 'free': np.float64(-10023.749179441395)}, {'stable': {'F_dwave': np.complex128(0.0009449700977005719-0.06259107481960065j)}, 'free': np.float64(-10023.749179441398)}, {'stable': {'F_dwave': np.complex128(0.06259820776634395+0j)}, 'free': np.float64(-10023.749179441395)}]
------------------------------------------
  Seed: d-wave+py
F_onsite: (5.687508603457406e-17-8.314750926249957e-19j)
F_swave: (-6.245004513516506e-17-3.527797719929177e-18j), F_dwave: (0.06259820776634398+1.3235991295231634e-16j)
F_px: (-1.3877787807814457e-17-1.9942731893744603e-17j), F_py: 7.722859292538036e-18j
Free_energy = -10023.749179441395
------------------------------------------
[{'stable': {'F_dwave': np.complex128(0.06259820776634394j)}, 'free': np.float64(-10023.749179441395)}, {'stable': {'F_dwave': np.complex128(-0.06259820776634394j)}, 'free': np.float64(-10023.749179441395)}, {'stable': {'F_dwave': np.complex128(0.0009449700977005719-0.06259107481960065j)}, 'free': np.float64(-10023.749179441398)}, {'stable': {'F_dwave': np.complex128(0.06259820776634395+0j)}, 'free': np.float64(-10023.749179441395)}]
------------------------------------------
====================================
mu=0.75, T=0.0940
====================================
  Seed: normal state
F_onsite: 0j
F_swave: 0j, F_dwave: 0j
F_px: 0j, F_py: 0j
Free_energy = -9880.960260901233
------------------------------------------
[{'stable': {}, 'free': np.float64(-9880.960260901233)}]
------------------------------------------
  Seed: px
F_onsite: -9.728825217538331e-17j
F_swave: 1.734723475976807e-17j, F_dwave: 0.06192378158328157j
F_px: (2.6660362842009716e-17+0j), F_py: (-9.018076893647043e-18+0j)
Free_energy = -10021.77627887981
------------------------------------------
[{'stable': {'F_dwave': np.complex128(0.06192378158328157j)}, 'free': np.float64(-10021.77627887981)}]
------------------------------------------
  Seed: py
F_onsite: 9.728825217538331e-17j
F_swave: -1.734723475976807e-17j, F_dwave: -0.06192378158328157j
F_px: (-2.6660362842009716e-17+0j), F_py: (9.018076893647043e-18+0j)
Free_energy = -10021.77627887981
------------------------------------------
[{'stable': {'F_dwave': np.complex128(0.06192378158328157j)}, 'free': np.float64(-10021.77627887981)}, {'stable': {'F_dwave': np.complex128(-0.06192378158328157j)}, 'free': np.float64(-10021.77627887981)}]
------------------------------------------
  Seed: px+py
F_onsite: 9.728825217538331e-17j
F_swave: -1.734723475976807e-17j, F_dwave: -0.06192378158328157j
F_px: (-2.6660362842009716e-17+0j), F_py: (9.018076893647043e-18+0j)
Free_energy = -10021.77627887981
------------------------------------------
[{'stable': {'F_dwave': np.complex128(0.06192378158328157j)}, 'free': np.float64(-10021.77627887981)}, {'stable': {'F_dwave': np.complex128(-0.06192378158328157j)}, 'free': np.float64(-10021.77627887981)}]
------------------------------------------
  Seed: px+i*py
F_onsite: (-5.5751322915317445e-18-9.455320925847878e-17j)
F_swave: (-4.743384504624082e-18+6.071532165918825e-17j), F_dwave: (0.0009347890941407835-0.061916725486118894j)
F_px: (-2.3960868011929648e-17-2.914335439641036e-16j), F_py: (5.692061405548898e-18-3.469446951953614e-18j)
Free_energy = -10021.77627887981
------------------------------------------
[{'stable': {'F_dwave': np.complex128(0.06192378158328157j)}, 'free': np.float64(-10021.77627887981)}, {'stable': {'F_dwave': np.complex128(-0.06192378158328157j)}, 'free': np.float64(-10021.77627887981)}, {'stable': {'F_dwave': np.complex128(0.0009347890941407835-0.061916725486118894j)}, 'free': np.float64(-10021.77627887981)}]
------------------------------------------
  Seed: d-wave
F_onsite: (-9.903879134467213e-17+0j)
F_swave: (2.7755575615628914e-17+0j), F_dwave: (0.06192378158328159+0j)
F_px: -2.4928006756946035e-17j, F_py: 9.588007644418529e-18j
Free_energy = -10021.77627887981
------------------------------------------
[{'stable': {'F_dwave': np.complex128(0.06192378158328157j)}, 'free': np.float64(-10021.77627887981)}, {'stable': {'F_dwave': np.complex128(-0.06192378158328157j)}, 'free': np.float64(-10021.77627887981)}, {'stable': {'F_dwave': np.complex128(0.0009347890941407835-0.061916725486118894j)}, 'free': np.float64(-10021.77627887981)}, {'stable': {'F_dwave': np.complex128(0.06192378158328159+0j)}, 'free': np.float64(-10021.77627887981)}]
------------------------------------------
  Seed: d-wave+px
F_onsite: (-9.557871469469752e-17-7.618257393803926e-19j)
F_swave: (3.642919299551295e-17+6.682453024764764e-19j), F_dwave: (0.06192378158328162+1.1769901237228746e-16j)
F_px: (-5.551115123125783e-17-3.206565479125689e-17j), F_py: (-1.0408340855860843e-17+8.333718940018646e-18j)
Free_energy = -10021.77627887981
------------------------------------------
[{'stable': {'F_dwave': np.complex128(0.06192378158328157j)}, 'free': np.float64(-10021.77627887981)}, {'stable': {'F_dwave': np.complex128(-0.06192378158328157j)}, 'free': np.float64(-10021.77627887981)}, {'stable': {'F_dwave': np.complex128(0.0009347890941407835-0.061916725486118894j)}, 'free': np.float64(-10021.77627887981)}, {'stable': {'F_dwave': np.complex128(0.06192378158328159+0j)}, 'free': np.float64(-10021.77627887981)}]
------------------------------------------
  Seed: d-wave+py
F_onsite: (-1.0257727809927187e-16-2.1768919929727993e-18j)
F_swave: (2.2551405187698492e-17-6.880839886976419e-20j), F_dwave: (0.0619237815832816+1.262225119806296e-16j)
F_px: (-4.5102810375396984e-17-2.9826536843670257e-17j), F_py: (-2.42861286636753e-17+1.0365279487532557e-17j)
Free_energy = -10021.77627887981
------------------------------------------
[{'stable': {'F_dwave': np.complex128(0.06192378158328157j)}, 'free': np.float64(-10021.77627887981)}, {'stable': {'F_dwave': np.complex128(-0.06192378158328157j)}, 'free': np.float64(-10021.77627887981)}, {'stable': {'F_dwave': np.complex128(0.0009347890941407835-0.061916725486118894j)}, 'free': np.float64(-10021.77627887981)}, {'stable': {'F_dwave': np.complex128(0.06192378158328159+0j)}, 'free': np.float64(-10021.77627887981)}]
------------------------------------------
====================================
mu=0.75, T=0.0970
====================================
  Seed: normal state
F_onsite: 0j
F_swave: 0j, F_dwave: 0j
F_px: 0j, F_py: 0j
Free_energy = -9882.636836922098
------------------------------------------
[{'stable': {}, 'free': np.float64(-9882.636836922098)}]
------------------------------------------
  Seed: px
F_onsite: 2.493693451729732e-17j
F_swave: -2.42861286636753e-17j, F_dwave: 0.06120005937753382j
F_px: (9.878323224006265e-18+0j), F_py: (-9.822935210189714e-18+0j)
Free_energy = -10019.6952420321
------------------------------------------
[{'stable': {'F_dwave': np.complex128(0.06120005937753382j)}, 'free': np.float64(-10019.6952420321)}]
------------------------------------------
  Seed: py
F_onsite: -2.493693451729732e-17j
F_swave: 2.42861286636753e-17j, F_dwave: -0.06120005937753382j
F_px: (-9.878323224006265e-18+0j), F_py: (9.822935210189714e-18+0j)
Free_energy = -10019.6952420321
------------------------------------------
[{'stable': {'F_dwave': np.complex128(0.06120005937753382j)}, 'free': np.float64(-10019.6952420321)}, {'stable': {'F_dwave': np.complex128(-0.06120005937753382j)}, 'free': np.float64(-10019.6952420321)}]
------------------------------------------
  Seed: px+py
F_onsite: -2.493693451729732e-17j
F_swave: 2.42861286636753e-17j, F_dwave: -0.06120005937753382j
F_px: (-9.878323224006265e-18+0j), F_py: (9.822935210189714e-18+0j)
Free_energy = -10019.6952420321
------------------------------------------
[{'stable': {'F_dwave': np.complex128(0.06120005937753382j)}, 'free': np.float64(-10019.6952420321)}, {'stable': {'F_dwave': np.complex128(-0.06120005937753382j)}, 'free': np.float64(-10019.6952420321)}]
------------------------------------------
  Seed: px+i*py
F_onsite: (-5.8790212845860164e-18+1.1747601192376868e-16j)
F_swave: (5.55653613398821e-18+3.642919299551295e-17j), F_dwave: (0.000923863927624349-0.06119308574714062j)
F_px: (-3.577867169202165e-18+2.671474153004283e-16j), F_py: (8.077306185017008e-18+5.204170427930421e-17j)
Free_energy = -10019.6952420321
------------------------------------------
[{'stable': {'F_dwave': np.complex128(0.06120005937753382j)}, 'free': np.float64(-10019.6952420321)}, {'stable': {'F_dwave': np.complex128(-0.06120005937753382j)}, 'free': np.float64(-10019.6952420321)}, {'stable': {'F_dwave': np.complex128(0.000923863927624349-0.06119308574714062j)}, 'free': np.float64(-10019.6952420321)}]
------------------------------------------
  Seed: d-wave
F_onsite: (2.1130739029250918e-17+0j)
F_swave: (-1.3877787807814457e-17+0j), F_dwave: (0.061200059377533825+0j)
F_px: -1.1853301308899099e-17j, F_py: 9.65472306954338e-18j
Free_energy = -10019.6952420321
------------------------------------------
[{'stable': {'F_dwave': np.complex128(0.06120005937753382j)}, 'free': np.float64(-10019.6952420321)}, {'stable': {'F_dwave': np.complex128(-0.06120005937753382j)}, 'free': np.float64(-10019.6952420321)}, {'stable': {'F_dwave': np.complex128(0.000923863927624349-0.06119308574714062j)}, 'free': np.float64(-10019.6952420321)}, {'stable': {'F_dwave': np.complex128(0.061200059377533825+0j)}, 'free': np.float64(-10019.6952420321)}]
------------------------------------------
  Seed: d-wave+px
F_onsite: (1.804777071181678e-17+9.384832016281861e-19j)
F_swave: (-5.204170427930421e-18+8.52084952845468e-20j), F_dwave: (0.06120005937753383+1.3910280682366943e-16j)
F_px: (5.204170427930421e-17-1.930198207482939e-17j), F_py: (-3.469446951953614e-18+9.199864722506596e-18j)
Free_energy = -10019.6952420321
------------------------------------------
[{'stable': {'F_dwave': np.complex128(0.06120005937753382j)}, 'free': np.float64(-10019.6952420321)}, {'stable': {'F_dwave': np.complex128(-0.06120005937753382j)}, 'free': np.float64(-10019.6952420321)}, {'stable': {'F_dwave': np.complex128(0.000923863927624349-0.06119308574714062j)}, 'free': np.float64(-10019.6952420321)}, {'stable': {'F_dwave': np.complex128(0.061200059377533825+0j)}, 'free': np.float64(-10019.6952420321)}]
------------------------------------------
  Seed: d-wave+py
F_onsite: (2.8415420898984914e-17+1.4568214893793656e-18j)
F_swave: (-1.214306433183765e-17-2.6367622796046587e-18j), F_dwave: (0.061200059377533846+1.474527345745862e-16j)
F_px: (5.551115123125783e-17-1.6916717029436272e-17j), F_py: (-1.734723475976807e-17+8.665130506799241e-18j)
Free_energy = -10019.6952420321
------------------------------------------
[{'stable': {'F_dwave': np.complex128(0.06120005937753382j)}, 'free': np.float64(-10019.6952420321)}, {'stable': {'F_dwave': np.complex128(-0.06120005937753382j)}, 'free': np.float64(-10019.6952420321)}, {'stable': {'F_dwave': np.complex128(0.000923863927624349-0.06119308574714062j)}, 'free': np.float64(-10019.6952420321)}, {'stable': {'F_dwave': np.complex128(0.061200059377533825+0j)}, 'free': np.float64(-10019.6952420321)}]
------------------------------------------
====================================
mu=0.75, T=0.1000
====================================
  Seed: normal state
F_onsite: 0j
F_swave: 0j, F_dwave: 0j
F_px: 0j, F_py: 0j
Free_energy = -9884.367954059268
------------------------------------------
[{'stable': {}, 'free': np.float64(-9884.367954059268)}]
------------------------------------------
  Seed: px
F_onsite: -1.4968605439966915e-16j
F_swave: 3.122502256758253e-17j, F_dwave: 0.06042333026605102j
F_px: (6.253351427641656e-18+0j), F_py: (-1.1029004247961431e-17+0j)
Free_energy = -10017.498000598558
------------------------------------------
[{'stable': {'F_dwave': np.complex128(0.06042333026605102j)}, 'free': np.float64(-10017.498000598558)}]
------------------------------------------
  Seed: py
F_onsite: 1.4968605439966915e-16j
F_swave: -3.122502256758253e-17j, F_dwave: -0.06042333026605102j
F_px: (-6.253351427641656e-18+0j), F_py: (1.1029004247961431e-17+0j)
Free_energy = -10017.498000598558
------------------------------------------
[{'stable': {'F_dwave': np.complex128(0.06042333026605102j)}, 'free': np.float64(-10017.498000598558)}, {'stable': {'F_dwave': np.complex128(-0.06042333026605102j)}, 'free': np.float64(-10017.498000598558)}]
------------------------------------------
  Seed: px+py
F_onsite: 1.4968605439966915e-16j
F_swave: -3.122502256758253e-17j, F_dwave: -0.06042333026605102j
F_px: (-6.253351427641656e-18+0j), F_py: (1.1029004247961431e-17+0j)
Free_energy = -10017.498000598558
------------------------------------------
[{'stable': {'F_dwave': np.complex128(0.06042333026605102j)}, 'free': np.float64(-10017.498000598558)}, {'stable': {'F_dwave': np.complex128(-0.06042333026605102j)}, 'free': np.float64(-10017.498000598558)}]
------------------------------------------
  Seed: px+i*py
F_onsite: (4.438418005424383e-18-7.036125345318142e-17j)
F_swave: (-1.1844908734404136e-17-2.0816681711721685e-17j), F_dwave: (0.0009121385793986233-0.060416445142462846j)
F_px: (-2.542454094478508e-17-1.9081958235744878e-16j), F_py: (1.0028870095490916e-17+1.3877787807814457e-17j)
Free_energy = -10017.498000598558
------------------------------------------
[{'stable': {'F_dwave': np.complex128(0.06042333026605102j)}, 'free': np.float64(-10017.498000598558)}, {'stable': {'F_dwave': np.complex128(-0.06042333026605102j)}, 'free': np.float64(-10017.498000598558)}, {'stable': {'F_dwave': np.complex128(0.0009121385793986233-0.060416445142462846j)}, 'free': np.float64(-10017.498000598558)}]
------------------------------------------
  Seed: d-wave
F_onsite: (-1.566393677160144e-16+0j)
F_swave: (3.122502256758253e-17+0j), F_dwave: (0.06042333026605107+0j)
F_px: -1.166268911726483e-17j, F_py: 1.0429610978132031e-17j
Free_energy = -10017.498000598558
------------------------------------------
[{'stable': {'F_dwave': np.complex128(0.06042333026605102j)}, 'free': np.float64(-10017.498000598558)}, {'stable': {'F_dwave': np.complex128(-0.06042333026605102j)}, 'free': np.float64(-10017.498000598558)}, {'stable': {'F_dwave': np.complex128(0.0009121385793986233-0.060416445142462846j)}, 'free': np.float64(-10017.498000598558)}, {'stable': {'F_dwave': np.complex128(0.06042333026605107+0j)}, 'free': np.float64(-10017.498000598558)}]
------------------------------------------
  Seed: d-wave+px
F_onsite: (-1.4624037730979786e-16+8.03477802384414e-19j)
F_swave: (1.3877787807814457e-17-4.962763556421108e-18j), F_dwave: (0.06042333026605105+1.5732071225067127e-16j)
F_px: -8.093162410179037e-18j, F_py: (-2.0816681711721685e-17+9.869712273829588e-18j)
Free_energy = -10017.498000598558
------------------------------------------
[{'stable': {'F_dwave': np.complex128(0.06042333026605102j)}, 'free': np.float64(-10017.498000598558)}, {'stable': {'F_dwave': np.complex128(-0.06042333026605102j)}, 'free': np.float64(-10017.498000598558)}, {'stable': {'F_dwave': np.complex128(0.0009121385793986233-0.060416445142462846j)}, 'free': np.float64(-10017.498000598558)}, {'stable': {'F_dwave': np.complex128(0.06042333026605107+0j)}, 'free': np.float64(-10017.498000598558)}]
------------------------------------------
  Seed: d-wave+py
F_onsite: (-1.4964670707229123e-16+2.136345787170031e-18j)
F_swave: (1.5612511283791264e-17-6.919926445666234e-18j), F_dwave: (0.060423330266051054+1.621896191385036e-16j)
F_px: (-1.0408340855860843e-17-3.2473824582979347e-18j), F_py: (-1.734723475976807e-17+8.891412380808023e-18j)
Free_energy = -10017.498000598558
------------------------------------------
[{'stable': {'F_dwave': np.complex128(0.06042333026605102j)}, 'free': np.float64(-10017.498000598558)}, {'stable': {'F_dwave': np.complex128(-0.06042333026605102j)}, 'free': np.float64(-10017.498000598558)}, {'stable': {'F_dwave': np.complex128(0.0009121385793986233-0.060416445142462846j)}, 'free': np.float64(-10017.498000598558)}, {'stable': {'F_dwave': np.complex128(0.06042333026605107+0j)}, 'free': np.float64(-10017.498000598558)}]
------------------------------------------
