/home/emilssp/D1/venv/bin/python
Python 3.10.12
Running job 20 out of 30
====================================
mu=2.24, T=0.0010
====================================
  Seed: normal state
F_onsite: 0j
F_swave: 0j, F_dwave: 0j
F_px: 0j, F_py: 0j
Free_energy = -14109.517294513184
------------------------------------------
[{'stable': {}, 'free': np.float64(-14109.517294513184)}]
------------------------------------------
  Seed: px
F_onsite: -1.6502637032237127e-17j
F_swave: 1.4251382277112807e-17j, F_dwave: 8.47792629928869e-18j
F_px: (0.011928567490147559+0j), F_py: (1.8821601483582587e-18+0j)
Free_energy = -14112.107768349402
------------------------------------------
[{'stable': {'F_px': np.complex128(0.011928567490147559+0j)}, 'free': np.float64(-14112.107768349402)}]
------------------------------------------
  Seed: py
F_onsite: -1.0556889258985565e-17j
F_swave: 7.246313924201336e-18j, F_dwave: -2.384450686080059e-18j
F_px: (1.6431198405814597e-18+0j), F_py: (0.011928567490147495+0j)
Free_energy = -14112.107768349371
------------------------------------------
[{'stable': {'F_px': np.complex128(0.011928567490147559+0j)}, 'free': np.float64(-14112.107768349402)}, {'stable': {'F_py': np.complex128(0.011928567490147495+0j)}, 'free': np.float64(-14112.107768349371)}]
------------------------------------------
  Seed: px+py
F_onsite: 6.806121489425117e-18j
F_swave: -4.548381638298381e-18j, F_dwave: -1.0664144805931641e-18j
F_px: (0.0077903980883955075+0j), F_py: (0.007790398088395305+0j)
Free_energy = -14111.722660170608
------------------------------------------
[{'stable': {'F_px': np.complex128(0.011928567490147559+0j)}, 'free': np.float64(-14112.107768349402)}, {'stable': {'F_py': np.complex128(0.011928567490147495+0j)}, 'free': np.float64(-14112.107768349371)}]
------------------------------------------
  Seed: px+i*py
F_onsite: (9.254099646549248e-18-2.6183535405084135e-17j)
F_swave: (-7.660092827657512e-18+2.0383000842727483e-17j), F_dwave: (-1.4616281423812e-19-4.7704895589362195e-18j)
F_px: (0.00953628068625436+1.99870460271106e-17j), F_py: (-7.126703607626168e-18+0.009536280686254343j)
Free_energy = -14112.82779036342
------------------------------------------
[{'stable': {'F_px': np.complex128(0.00953628068625436+1.99870460271106e-17j), 'F_py': np.complex128(-7.126703607626168e-18+0.009536280686254343j)}, 'free': np.float64(-14112.82779036342)}]
------------------------------------------
  Seed: s-wave
F_onsite: (-0.015873672270557908+0j)
F_swave: (0.01089881510100794+0j), F_dwave: (-1.5612511283791264e-17+0j)
F_px: -5.0007766414709824e-18j, F_py: -6.857261103615595e-19j
Free_energy = -14113.879913360417
------------------------------------------
[{'stable': {'F_onsite': np.complex128(-0.015873672270557908+0j), 'F_swave': np.complex128(0.01089881510100794+0j)}, 'free': np.float64(-14113.879913360417)}]
------------------------------------------
  Seed: s-wave+px
F_onsite: (-0.015870315599912924+1.9507909877396596e-17j)
F_swave: (0.01089637870503283-1.3377217805766767e-17j), F_dwave: (3.299767696064715e-09+1.0546089588908073e-18j)
F_px: (3.1970240460222135e-05-3.2599915859653867e-18j), F_py: (1.734723475976807e-18-1.5119273410693244e-18j)
Free_energy = -14113.877698737959
------------------------------------------
[{'stable': {'F_onsite': np.complex128(-0.015873672270557908+0j), 'F_swave': np.complex128(0.01089881510100794+0j)}, 'free': np.float64(-14113.879913360417)}]
------------------------------------------
  Seed: s-wave+py
F_onsite: (-0.015870315599912924+2.6161609845575075e-18j)
F_swave: (0.010896378705032838-1.2876356636143458e-18j), F_dwave: (-3.299767669610182e-09+3.3334716941396973e-19j)
F_px: (3.469446951953614e-18-1.9481228391256874e-18j), F_py: (3.197024046029586e-05-1.3470735537099562e-18j)
Free_energy = -14113.877698737931
------------------------------------------
[{'stable': {'F_onsite': np.complex128(-0.015873672270557908+0j), 'F_swave': np.complex128(0.01089881510100794+0j)}, 'free': np.float64(-14113.879913360417)}]
------------------------------------------
====================================
mu=2.24, T=0.0025
====================================
  Seed: normal state
F_onsite: 0j
F_swave: 0j, F_dwave: 0j
F_px: 0j, F_py: 0j
Free_energy = -14109.519170686843
------------------------------------------
[{'stable': {}, 'free': np.float64(-14109.519170686843)}]
------------------------------------------
  Seed: px
F_onsite: -1.803656076015546e-17j
F_swave: 1.0261751216426645e-17j, F_dwave: 3.915965664054639e-18j
F_px: (0.011926539351632556+0j), F_py: (2.2864512901884514e-18+0j)
Free_energy = -14112.106978663916
------------------------------------------
[{'stable': {'F_px': np.complex128(0.011926539351632556+0j)}, 'free': np.float64(-14112.106978663916)}]
------------------------------------------
  Seed: py
F_onsite: -1.0609087664360112e-17j
F_swave: 7.347110844924598e-18j, F_dwave: -2.364254244243964e-18j
F_px: (1.813136889324384e-18+0j), F_py: (0.011926539351632568+0j)
Free_energy = -14112.106978663953
------------------------------------------
[{'stable': {'F_px': np.complex128(0.011926539351632556+0j)}, 'free': np.float64(-14112.106978663916)}, {'stable': {'F_py': np.complex128(0.011926539351632568+0j)}, 'free': np.float64(-14112.106978663953)}]
------------------------------------------
  Seed: px+py
F_onsite: 1.1621000868753382e-17j
F_swave: -5.659159469503989e-18j, F_dwave: -2.0712602538327813e-19j
F_px: (0.0077849870850615855+0j), F_py: (0.00778498708506136+0j)
Free_energy = -14111.720208906194
------------------------------------------
[{'stable': {'F_px': np.complex128(0.011926539351632556+0j)}, 'free': np.float64(-14112.106978663916)}, {'stable': {'F_py': np.complex128(0.011926539351632568+0j)}, 'free': np.float64(-14112.106978663953)}]
------------------------------------------
  Seed: px+i*py
F_onsite: (1.0604905439183044e-17-3.022263848384587e-17j)
F_swave: (-6.1759951511169216e-18+1.734723475976807e-17j), F_dwave: (1.839186461174904e-18+3.469446951953614e-18j)
F_px: (0.009535460313038566+2.1844324582643264e-17j), F_py: (-7.743257566443593e-18+0.009535460313038552j)
Free_energy = -14112.827149223524
------------------------------------------
[{'stable': {'F_px': np.complex128(0.009535460313038566+2.1844324582643264e-17j), 'F_py': np.complex128(-7.743257566443593e-18+0.009535460313038552j)}, 'free': np.float64(-14112.827149223524)}]
------------------------------------------
  Seed: s-wave
F_onsite: (-0.01587248496947078+0j)
F_swave: (0.010897952954324048+0j), F_dwave: (-3.209238430557093e-17+0j)
F_px: -9.590318787050002e-18j, F_py: -9.03043000891491e-19j
Free_energy = -14113.879122231398
------------------------------------------
[{'stable': {'F_onsite': np.complex128(-0.01587248496947078+0j), 'F_swave': np.complex128(0.010897952954324048+0j)}, 'free': np.float64(-14113.879122231398)}]
------------------------------------------
  Seed: s-wave+px
F_onsite: (-0.01587031948575277+1.954516138759625e-17j)
F_swave: (0.01089638149708674-1.3206130385311199e-17j), F_dwave: (2.9223107861527098e-09+5.121240608438305e-19j)
F_px: (3.00862269551087e-05-3.884704854345035e-18j), F_py: (2.6020852139652106e-18-1.131927185107364e-18j)
Free_energy = -14113.877699186625
------------------------------------------
[{'stable': {'F_onsite': np.complex128(-0.01587248496947078+0j), 'F_swave': np.complex128(0.010897952954324048+0j)}, 'free': np.float64(-14113.879122231398)}]
------------------------------------------
  Seed: s-wave+py
F_onsite: (-0.01587031948575283+2.051789352791472e-18j)
F_swave: (0.010896381497086764-2.1827642004049294e-18j), F_dwave: (-2.922310795693689e-09-5.03256684677262e-19j)
F_px: (4.336808689942018e-18-2.751560059375993e-18j), F_py: (3.0086226955191968e-05-1.8036507820596258e-18j)
Free_energy = -14113.87769918666
------------------------------------------
[{'stable': {'F_onsite': np.complex128(-0.01587248496947078+0j), 'F_swave': np.complex128(0.010897952954324048+0j)}, 'free': np.float64(-14113.879122231398)}]
------------------------------------------
====================================
mu=2.24, T=0.0040
====================================
  Seed: normal state
F_onsite: 0j
F_swave: 0j, F_dwave: 0j
F_px: 0j, F_py: 0j
Free_energy = -14109.528732588826
------------------------------------------
[{'stable': {}, 'free': np.float64(-14109.528732588826)}]
------------------------------------------
  Seed: px
F_onsite: -1.3276076777908683e-17j
F_swave: 6.291310745951714e-18j, F_dwave: 3.0268457672336406e-18j
F_px: (0.011907592311127582+0j), F_py: (1.9804424400193593e-18+0j)
Free_energy = -14112.100195580568
------------------------------------------
[{'stable': {'F_px': np.complex128(0.011907592311127582+0j)}, 'free': np.float64(-14112.100195580568)}]
------------------------------------------
  Seed: py
F_onsite: -1.043295775089042e-17j
F_swave: 7.437531612043994e-18j, F_dwave: -2.4075588036723402e-18j
F_px: (2.0269448796958654e-18+0j), F_py: (0.011907592311127566+0j)
Free_energy = -14112.100195580553
------------------------------------------
[{'stable': {'F_px': np.complex128(0.011907592311127582+0j)}, 'free': np.float64(-14112.100195580568)}, {'stable': {'F_py': np.complex128(0.011907592311127566+0j)}, 'free': np.float64(-14112.100195580553)}]
------------------------------------------
  Seed: px+py
F_onsite: 1.1646650085187426e-17j
F_swave: -7.389065445593287e-18j, F_dwave: 1.3631936494873896e-20j
F_px: (0.007760210824349028+0j), F_py: (0.007760210824348664+0j)
Free_energy = -14111.709651849134
------------------------------------------
[{'stable': {'F_px': np.complex128(0.011907592311127582+0j)}, 'free': np.float64(-14112.100195580568)}, {'stable': {'F_py': np.complex128(0.011907592311127566+0j)}, 'free': np.float64(-14112.100195580553)}]
------------------------------------------
  Seed: px+i*py
F_onsite: (4.291704185500726e-18-4.226757934270003e-17j)
F_swave: (-4.417323142045479e-18+1.3444106938820255e-17j), F_dwave: (1.8152379280802686e-18+6.5052130349130266e-18j)
F_px: (0.009533353166382711+1.7968725332481213e-17j), F_py: (-8.985338739363419e-18+0.009533353166382737j)
Free_energy = -14112.82592151124
------------------------------------------
[{'stable': {'F_px': np.complex128(0.009533353166382711+1.7968725332481213e-17j), 'F_py': np.complex128(-8.985338739363419e-18+0.009533353166382737j)}, 'free': np.float64(-14112.82592151124)}]
------------------------------------------
  Seed: s-wave
F_onsite: (-0.015871323057391876+0j)
F_swave: (0.010897150465305108+0j), F_dwave: (-3.382710778154774e-17+0j)
F_px: -1.106362671968045e-17j, F_py: -6.665090503707276e-19j
Free_energy = -14113.878524382157
------------------------------------------
[{'stable': {'F_onsite': np.complex128(-0.015871323057391876+0j), 'F_swave': np.complex128(0.010897150465305108+0j)}, 'free': np.float64(-14113.878524382157)}]
------------------------------------------
  Seed: s-wave+px
F_onsite: (-0.015869922981463752+1.899033500650877e-17j)
F_swave: (0.010896134781941265-1.2976147705241856e-17j), F_dwave: (2.5870938577185476e-09+1.207816043225429e-19j)
F_px: (2.8312601159968982e-05-3.561244147612299e-18j), F_py: (3.469446951953614e-18-1.2313212075117357e-18j)
Free_energy = -14113.877609462797
------------------------------------------
[{'stable': {'F_onsite': np.complex128(-0.015871323057391876+0j), 'F_swave': np.complex128(0.010897150465305108+0j)}, 'free': np.float64(-14113.878524382157)}]
------------------------------------------
  Seed: s-wave+py
F_onsite: (-0.015869922981463794+2.7626281495622587e-18j)
F_swave: (0.010896134781941267-1.8123328697689824e-18j), F_dwave: (-2.5870938356008233e-09+1.1683760716189005e-19j)
F_px: -5.993181618297802e-18j, F_py: (2.8312601160080005e-05-1.2813490909589428e-18j)
Free_energy = -14113.877609462783
------------------------------------------
[{'stable': {'F_onsite': np.complex128(-0.015871323057391876+0j), 'F_swave': np.complex128(0.010897150465305108+0j)}, 'free': np.float64(-14113.878524382157)}]
------------------------------------------
====================================
mu=2.24, T=0.0055
====================================
  Seed: normal state
F_onsite: 0j
F_swave: 0j, F_dwave: 0j
F_px: 0j, F_py: 0j
Free_energy = -14109.54763845915
------------------------------------------
[{'stable': {}, 'free': np.float64(-14109.54763845915)}]
------------------------------------------
  Seed: px
F_onsite: -1.9754687684322004e-17j
F_swave: 8.176342865396757e-18j, F_dwave: 9.248143946138866e-19j
F_px: (0.011844176960333625+0j), F_py: (2.5597633451045475e-18+0j)
Free_energy = -14112.078076003874
------------------------------------------
[{'stable': {'F_px': np.complex128(0.011844176960333625+0j)}, 'free': np.float64(-14112.078076003874)}]
------------------------------------------
  Seed: py
F_onsite: -1.1009284262158167e-17j
F_swave: 7.742463473055542e-18j, F_dwave: -2.6728389348405464e-18j
F_px: (2.1657490952047136e-18+0j), F_py: (0.011844176960333736+0j)
Free_energy = -14112.078076003834
------------------------------------------
[{'stable': {'F_px': np.complex128(0.011844176960333625+0j)}, 'free': np.float64(-14112.078076003874)}, {'stable': {'F_py': np.complex128(0.011844176960333736+0j)}, 'free': np.float64(-14112.078076003834)}]
------------------------------------------
  Seed: px+py
F_onsite: 2.3819995844889417e-17j
F_swave: -1.8289505974029277e-17j, F_dwave: 3.1808734147359147e-19j
F_px: (0.007703177966047469+0j), F_py: (0.007703177966046689+0j)
Free_energy = -14111.685844842066
------------------------------------------
[{'stable': {'F_px': np.complex128(0.011844176960333625+0j)}, 'free': np.float64(-14112.078076003874)}, {'stable': {'F_py': np.complex128(0.011844176960333736+0j)}, 'free': np.float64(-14112.078076003834)}]
------------------------------------------
  Seed: px+i*py
F_onsite: (3.823400844787505e-18-4.758154641641829e-18j)
F_swave: (-4.009658757677295e-18-8.673617379884035e-19j), F_dwave: (5.402118057236811e-19+6.938893903907228e-18j)
F_px: (0.009507618030404801+1.3073801339637416e-17j), F_py: (-1.2405995270066205e-17+0.009507618030404938j)
Free_energy = -14112.809978128118
------------------------------------------
[{'stable': {'F_px': np.complex128(0.009507618030404801+1.3073801339637416e-17j), 'F_py': np.complex128(-1.2405995270066205e-17+0.009507618030404938j)}, 'free': np.float64(-14112.809978128118)}]
------------------------------------------
  Seed: s-wave
F_onsite: (-0.01585821793937189+0j)
F_swave: (0.010888218874303376+0j), F_dwave: (1.0408340855860843e-17+0j)
F_px: 7.291894884675458e-19j, F_py: -3.569185081492808e-19j
Free_energy = -14113.87237799402
------------------------------------------
[{'stable': {'F_onsite': np.complex128(-0.01585821793937189+0j), 'F_swave': np.complex128(0.010888218874303376+0j)}, 'free': np.float64(-14113.87237799402)}]
------------------------------------------
  Seed: s-wave+px
F_onsite: (-0.015856425658587057+1.5904420685323025e-17j)
F_swave: (0.010886918475468254-1.031471724540964e-17j), F_dwave: (1.40061544307013e-09+1.252867608107517e-18j)
F_px: (2.0879537696337665e-05+2.411846907967815e-18j), F_py: (1.9081958235744878e-17-1.2421473473688298e-18j)
Free_energy = -14113.871196717022
------------------------------------------
[{'stable': {'F_onsite': np.complex128(-0.01585821793937189+0j), 'F_swave': np.complex128(0.010888218874303376+0j)}, 'free': np.float64(-14113.87237799402)}]
------------------------------------------
  Seed: s-wave+py
F_onsite: (-0.015856425658586998+1.4329355733772082e-18j)
F_swave: (0.01088691847546822-2.30943533068885e-18j), F_dwave: (-1.4006154517437475e-09-1.5548083840240734e-18j)
F_px: -1.8720751623300122e-18j, F_py: (2.0879537696459963e-05-1.1528912505519079e-18j)
Free_energy = -14113.871196717075
------------------------------------------
[{'stable': {'F_onsite': np.complex128(-0.01585821793937189+0j), 'F_swave': np.complex128(0.010888218874303376+0j)}, 'free': np.float64(-14113.87237799402)}]
------------------------------------------
====================================
mu=2.24, T=0.0069
====================================
  Seed: normal state
F_onsite: 0j
F_swave: 0j, F_dwave: 0j
F_px: 0j, F_py: 0j
Free_energy = -14109.576043650153
------------------------------------------
[{'stable': {}, 'free': np.float64(-14109.576043650153)}]
------------------------------------------
  Seed: px
F_onsite: -9.151370431915063e-18j
F_swave: 3.7050279904087165e-18j, F_dwave: 4.6953947942062054e-18j
F_px: (0.011696391348882472+0j), F_py: (1.9484801811503103e-18+0j)
Free_energy = -14112.026839742743
------------------------------------------
[{'stable': {'F_px': np.complex128(0.011696391348882472+0j)}, 'free': np.float64(-14112.026839742743)}]
------------------------------------------
  Seed: py
F_onsite: -1.0867670941289089e-17j
F_swave: 8.023546062645962e-18j, F_dwave: -2.325158379772258e-18j
F_px: (1.4878150262134037e-18+0j), F_py: (0.011696391348882415+0j)
Free_energy = -14112.026839742664
------------------------------------------
[{'stable': {'F_px': np.complex128(0.011696391348882472+0j)}, 'free': np.float64(-14112.026839742743)}, {'stable': {'F_py': np.complex128(0.011696391348882415+0j)}, 'free': np.float64(-14112.026839742664)}]
------------------------------------------
  Seed: px+py
F_onsite: 1.773157595958471e-17j
F_swave: -1.3014608295003121e-17j, F_dwave: -1.58548685858244e-18j
F_px: (0.007590173726114513+0j), F_py: (0.007590173726112924+0j)
Free_energy = -14111.638457505676
------------------------------------------
[{'stable': {'F_px': np.complex128(0.011696391348882472+0j)}, 'free': np.float64(-14112.026839742743)}, {'stable': {'F_py': np.complex128(0.011696391348882415+0j)}, 'free': np.float64(-14112.026839742664)}]
------------------------------------------
  Seed: px+i*py
F_onsite: (1.0925692698176008e-17-2.54451344333152e-18j)
F_swave: (-9.808009563216807e-18-1.0408340855860843e-17j), F_dwave: (-1.4676930306324387e-18+1.3010426069826053e-17j)
F_px: (0.009420839069027881+2.360772806481851e-17j), F_py: (-1.7422150853485774e-17+0.009420839069027884j)
Free_energy = -14112.75732661268
------------------------------------------
[{'stable': {'F_px': np.complex128(0.009420839069027881+2.360772806481851e-17j), 'F_py': np.complex128(-1.7422150853485774e-17+0.009420839069027884j)}, 'free': np.float64(-14112.75732661268)}]
------------------------------------------
  Seed: s-wave
F_onsite: (-0.0157966526259859+0j)
F_swave: (0.010846006004670377+0j), F_dwave: (1.214306433183765e-17+0j)
F_px: -6.2344271895876675e-18j, F_py: -5.575594375301432e-19j
Free_energy = -14113.842839404533
------------------------------------------
[{'stable': {'F_onsite': np.complex128(-0.0157966526259859+0j), 'F_swave': np.complex128(0.010846006004670377+0j)}, 'free': np.float64(-14113.842839404533)}]
------------------------------------------
  Seed: s-wave+px
F_onsite: (-0.015795824602610906+1.4851880556843e-17j)
F_swave: (0.010845406094548291-1.0981901275160212e-17j), F_dwave: (5.856291133456148e-10-1.1274802621342788e-19j)
F_px: (1.3595550856802807e-05+1.176105247262596e-18j), F_py: (7.806255641895632e-18-7.133340904861294e-19j)
Free_energy = -14113.842298967425
------------------------------------------
[{'stable': {'F_onsite': np.complex128(-0.0157966526259859+0j), 'F_swave': np.complex128(0.010846006004670377+0j)}, 'free': np.float64(-14113.842839404533)}]
------------------------------------------
  Seed: s-wave+py
F_onsite: (-0.01579582460261099-1.762534735736912e-18j)
F_swave: (0.010845406094548302+1.7557140112009527e-18j), F_dwave: (-5.856291237539557e-10+1.3047483761268429e-18j)
F_px: (1.5612511283791264e-17-3.559920658632214e-19j), F_py: (1.3595550856961534e-05-5.779146980438481e-19j)
Free_energy = -14113.84229896738
------------------------------------------
[{'stable': {'F_onsite': np.complex128(-0.0157966526259859+0j), 'F_swave': np.complex128(0.010846006004670377+0j)}, 'free': np.float64(-14113.842839404533)}]
------------------------------------------
====================================
mu=2.24, T=0.0084
====================================
  Seed: normal state
F_onsite: 0j
F_swave: 0j, F_dwave: 0j
F_px: 0j, F_py: 0j
Free_energy = -14109.614330850478
------------------------------------------
[{'stable': {}, 'free': np.float64(-14109.614330850478)}]
------------------------------------------
  Seed: px
F_onsite: -8.873755383452466e-18j
F_swave: 7.556936787827249e-18j, F_dwave: 2.456580835494683e-18j
F_px: (0.01142519444292694+0j), F_py: (3.078690139306014e-18+0j)
Free_energy = -14111.934831622142
------------------------------------------
[{'stable': {'F_px': np.complex128(0.01142519444292694+0j)}, 'free': np.float64(-14111.934831622142)}]
------------------------------------------
  Seed: py
F_onsite: -1.173452975346506e-17j
F_swave: 8.082653080496551e-18j, F_dwave: -2.2947181332303064e-18j
F_px: (2.5671087089440184e-18+0j), F_py: (0.011425194442926908+0j)
Free_energy = -14111.934831622113
------------------------------------------
[{'stable': {'F_px': np.complex128(0.01142519444292694+0j)}, 'free': np.float64(-14111.934831622142)}, {'stable': {'F_py': np.complex128(0.011425194442926908+0j)}, 'free': np.float64(-14111.934831622113)}]
------------------------------------------
  Seed: px+py
F_onsite: 2.5228585166393717e-17j
F_swave: -1.5940313034378678e-17j, F_dwave: 9.219424235271025e-20j
F_px: (0.007397359170203356+0j), F_py: (0.007397359170199555+0j)
Free_energy = -14111.558780059971
------------------------------------------
[{'stable': {'F_px': np.complex128(0.01142519444292694+0j)}, 'free': np.float64(-14111.934831622142)}, {'stable': {'F_py': np.complex128(0.011425194442926908+0j)}, 'free': np.float64(-14111.934831622113)}]
------------------------------------------
  Seed: px+i*py
F_onsite: (1.2565217611815312e-17+1.0145125367501569e-17j)
F_swave: (-1.0554728663225577e-17-2.2985086056692694e-17j), F_dwave: (1.4638780736473441e-19+2.0383000842727483e-17j)
F_px: (0.009234334413784477+3.020563165045178e-17j), F_py: (-1.9425052901497173e-17+0.009234334413784488j)
Free_energy = -14112.647289525941
------------------------------------------
[{'stable': {'F_px': np.complex128(0.009234334413784477+3.020563165045178e-17j), 'F_py': np.complex128(-1.9425052901497173e-17+0.009234334413784488j)}, 'free': np.float64(-14112.647289525941)}]
------------------------------------------
  Seed: s-wave
F_onsite: (-0.015644457170690025+0j)
F_swave: (0.010741585006874249+0j), F_dwave: (-2.0816681711721685e-17+0j)
F_px: -2.7673095782390026e-18j, F_py: -3.6321831569448466e-19j
Free_energy = -14113.7709844484
------------------------------------------
[{'stable': {'F_onsite': np.complex128(-0.015644457170690025+0j), 'F_swave': np.complex128(0.010741585006874249+0j)}, 'free': np.float64(-14113.7709844484)}]
------------------------------------------
  Seed: s-wave+px
F_onsite: (-0.01564443418327417+1.4819251047562957e-17j)
F_swave: (0.010741568467280688-8.767704211478267e-18j), F_dwave: (1.874004926932793e-10+1.824866310410386e-18j)
F_px: (7.79325961468725e-06-1.571696103409956e-18j), F_py: (1.3877787807814457e-17-1.1595881047911372e-18j)
Free_energy = -14113.770971015756
------------------------------------------
[{'stable': {'F_onsite': np.complex128(-0.015644457170690025+0j), 'F_swave': np.complex128(0.010741585006874249+0j)}, 'free': np.float64(-14113.7709844484)}]
------------------------------------------
  Seed: s-wave+py
F_onsite: (-0.015644434183274148-1.2542462079959132e-18j)
F_swave: (0.01074156846728069+1.8661194619196304e-18j), F_dwave: (-1.8740050917315232e-10+5.732295470543478e-19j)
F_px: (1.9949319973733282e-17+3.034495533538531e-19j), F_py: (7.793259614695056e-06-1.0486797282600272e-18j)
Free_energy = -14113.770971015729
------------------------------------------
[{'stable': {'F_onsite': np.complex128(-0.015644457170690025+0j), 'F_swave': np.complex128(0.010741585006874249+0j)}, 'free': np.float64(-14113.7709844484)}]
------------------------------------------
====================================
mu=2.24, T=0.0099
====================================
  Seed: normal state
F_onsite: 0j
F_swave: 0j, F_dwave: 0j
F_px: 0j, F_py: 0j
Free_energy = -14109.662880403692
------------------------------------------
[{'stable': {}, 'free': np.float64(-14109.662880403692)}]
------------------------------------------
  Seed: px
F_onsite: -8.263494614735344e-18j
F_swave: 4.601797653534605e-18j, F_dwave: 4.006968766325273e-18j
F_px: (0.010993789557533556+0j), F_py: (9.268393327534164e-19+0j)
Free_energy = -14111.793999788519
------------------------------------------
[{'stable': {'F_px': np.complex128(0.010993789557533556+0j)}, 'free': np.float64(-14111.793999788519)}]
------------------------------------------
  Seed: py
F_onsite: -1.3540668694807245e-17j
F_swave: 9.338485303919458e-18j, F_dwave: -2.2600162521724818e-18j
F_px: (1.8853183239369862e-18+0j), F_py: (0.010993789557533638+0j)
Free_energy = -14111.793999788506
------------------------------------------
[{'stable': {'F_px': np.complex128(0.010993789557533556+0j)}, 'free': np.float64(-14111.793999788519)}, {'stable': {'F_py': np.complex128(0.010993789557533638+0j)}, 'free': np.float64(-14111.793999788506)}]
------------------------------------------
  Seed: px+py
F_onsite: 1.948459005326629e-17j
F_swave: -1.4150426537711935e-17j, F_dwave: -2.488953375947558e-19j
F_px: (0.007101687640689663+0j), F_py: (0.007101687640680894+0j)
Free_energy = -14111.440795185057
------------------------------------------
[{'stable': {'F_px': np.complex128(0.010993789557533556+0j)}, 'free': np.float64(-14111.793999788519)}, {'stable': {'F_py': np.complex128(0.010993789557533638+0j)}, 'free': np.float64(-14111.793999788506)}]
------------------------------------------
  Seed: px+i*py
F_onsite: (2.04207202786599e-17+2.8552514504987e-17j)
F_swave: (-1.3011428612728467e-17-2.5153490401663703e-17j), F_dwave: (3.4704494948560285e-18+5.204170427930421e-18j)
F_px: (0.00891380863746136+2.837959405229402e-17j), F_py: (-2.1226797859425476e-17+0.008913808637461447j)
Free_energy = -14112.465697965768
------------------------------------------
[{'stable': {'F_px': np.complex128(0.00891380863746136+2.837959405229402e-17j), 'F_py': np.complex128(-2.1226797859425476e-17+0.008913808637461447j)}, 'free': np.float64(-14112.465697965768)}]
------------------------------------------
  Seed: s-wave
F_onsite: (-0.015363894603578676+0j)
F_swave: (0.010549083170497551+0j), F_dwave: (2.949029909160572e-17+0j)
F_px: 5.508519953790732e-18j, F_py: -1.2726670032495863e-18j
Free_energy = -14113.642064192838
------------------------------------------
[{'stable': {'F_onsite': np.complex128(-0.015363894603578676+0j), 'F_swave': np.complex128(0.010549083170497551+0j)}, 'free': np.float64(-14113.642064192838)}]
------------------------------------------
  Seed: s-wave+px
F_onsite: (-0.0153638935703676+7.58934725580368e-18j)
F_swave: (0.010549082444388142-4.553596184879915e-18j), F_dwave: (4.558530679668604e-11+2.694094167860709e-19j)
F_px: (3.9212261043258465e-06-8.417919308931644e-19j), F_py: (-8.673617379884035e-19-1.5733636995248629e-18j)
Free_energy = -14113.642063888574
------------------------------------------
[{'stable': {'F_onsite': np.complex128(-0.015363894603578676+0j), 'F_swave': np.complex128(0.010549083170497551+0j)}, 'free': np.float64(-14113.642064192838)}]
------------------------------------------
  Seed: s-wave+py
F_onsite: (-0.015363893570367599-2.0378708951495767e-18j)
F_swave: (0.010549082444388137+2.1160471209188524e-18j), F_dwave: (-4.558531243453734e-11+5.480832564327357e-19j)
F_px: (4.336808689942018e-18-2.8925645753142323e-18j), F_py: (3.921226104172323e-06-1.4542496913172269e-18j)
Free_energy = -14113.642063888537
------------------------------------------
[{'stable': {'F_onsite': np.complex128(-0.015363894603578676+0j), 'F_swave': np.complex128(0.010549083170497551+0j)}, 'free': np.float64(-14113.642064192838)}]
------------------------------------------
====================================
mu=2.24, T=0.0114
====================================
  Seed: normal state
F_onsite: 0j
F_swave: 0j, F_dwave: 0j
F_px: 0j, F_py: 0j
Free_energy = -14109.721857918303
------------------------------------------
[{'stable': {}, 'free': np.float64(-14109.721857918303)}]
------------------------------------------
  Seed: px
F_onsite: -1.933299762548737e-17j
F_swave: 1.4136900480335468e-17j, F_dwave: 4.0591407019202174e-18j
F_px: (0.010361899367188098+0j), F_py: (7.482014076664646e-19+0j)
Free_energy = -14111.599285513475
------------------------------------------
[{'stable': {'F_px': np.complex128(0.010361899367188098+0j)}, 'free': np.float64(-14111.599285513475)}]
------------------------------------------
  Seed: py
F_onsite: -1.6431300976210554e-17j
F_swave: 1.1212969216193224e-17j, F_dwave: -2.4347697371028846e-18j
F_px: (2.8555631321535102e-18+0j), F_py: (0.010361899367187937+0j)
Free_energy = -14111.59928551352
------------------------------------------
[{'stable': {'F_px': np.complex128(0.010361899367188098+0j)}, 'free': np.float64(-14111.599285513475)}, {'stable': {'F_py': np.complex128(0.010361899367187937+0j)}, 'free': np.float64(-14111.59928551352)}]
------------------------------------------
  Seed: px+py
F_onsite: 3.144800399094722e-17j
F_swave: -1.838376485919092e-17j, F_dwave: -1.3511763695482192e-18j
F_px: (0.006679038600710194+0j), F_py: (0.006679038600690032+0j)
Free_energy = -14111.281602993904
------------------------------------------
[{'stable': {'F_px': np.complex128(0.010361899367188098+0j)}, 'free': np.float64(-14111.599285513475)}, {'stable': {'F_py': np.complex128(0.010361899367187937+0j)}, 'free': np.float64(-14111.59928551352)}]
------------------------------------------
  Seed: px+i*py
F_onsite: (1.3094401445612437e-17-2.814739452818303e-17j)
F_swave: (-8.764501368146462e-18+2.5153490401663703e-17j), F_dwave: (9.582457262508298e-19-2.6020852139652106e-18j)
F_px: (0.008426644024256243+2.792666303608448e-17j), F_py: (-2.520101689093855e-17+0.00842664402425631j)
Free_energy = -14112.205630628883
------------------------------------------
[{'stable': {'F_px': np.complex128(0.008426644024256243+2.792666303608448e-17j), 'F_py': np.complex128(-2.520101689093855e-17+0.00842664402425631j)}, 'free': np.float64(-14112.205630628883)}]
------------------------------------------
  Seed: s-wave
F_onsite: (-0.014920552723786342+0j)
F_swave: (0.010244857215755396+0j), F_dwave: (-3.122502256758253e-17+0j)
F_px: 9.101739595161881e-18j, F_py: -6.781557533954742e-19j
Free_energy = -14113.445528707083
------------------------------------------
[{'stable': {'F_onsite': np.complex128(-0.014920552723786342+0j), 'F_swave': np.complex128(0.010244857215755396+0j)}, 'free': np.float64(-14113.445528707083)}]
------------------------------------------
  Seed: s-wave+px
F_onsite: (-0.014920552566174842+3.545724042122302e-18j)
F_swave: (0.010244857106010075-1.9055197288567562e-18j), F_dwave: (8.372458542432737e-12+3.41182224176072e-19j)
F_px: (1.7265677391894996e-06-6.450949986729548e-19j), F_py: (-7.806255641895632e-18-1.1756817307889689e-18j)
Free_energy = -14113.445528678116
------------------------------------------
[{'stable': {'F_onsite': np.complex128(-0.014920552723786342+0j), 'F_swave': np.complex128(0.010244857215755396+0j)}, 'free': np.float64(-14113.445528707083)}]
------------------------------------------
  Seed: s-wave+py
F_onsite: (-0.014920552566174793-7.393503679938766e-18j)
F_swave: (0.010244857106010051+3.83034916193295e-18j), F_dwave: (-8.372449435134488e-12-1.0756921383435589e-18j)
F_px: (4.423544863740858e-17-4.8734570015868204e-18j), F_py: (1.7265677391600093e-06-1.2999044064597324e-18j)
Free_energy = -14113.445528678125
------------------------------------------
[{'stable': {'F_onsite': np.complex128(-0.014920552723786342+0j), 'F_swave': np.complex128(0.010244857215755396+0j)}, 'free': np.float64(-14113.445528707083)}]
------------------------------------------
====================================
mu=2.24, T=0.0129
====================================
  Seed: normal state
F_onsite: 0j
F_swave: 0j, F_dwave: 0j
F_px: 0j, F_py: 0j
Free_energy = -14109.791191029273
------------------------------------------
[{'stable': {}, 'free': np.float64(-14109.791191029273)}]
------------------------------------------
  Seed: px
F_onsite: -1.4142803241186646e-17j
F_swave: 7.753991062072081e-18j, F_dwave: 3.0671724764568258e-18j
F_px: (0.009474014538942019+0j), F_py: (2.2881685171401115e-18+0j)
Free_energy = -14111.347506820402
------------------------------------------
[{'stable': {'F_px': np.complex128(0.009474014538942019+0j)}, 'free': np.float64(-14111.347506820402)}]
------------------------------------------
  Seed: py
F_onsite: -2.0416299825466418e-17j
F_swave: 1.407985810529381e-17j, F_dwave: -2.4934532384798466e-18j
F_px: (2.189045809976657e-18+0j), F_py: (0.009474014538942107+0j)
Free_energy = -14111.347506820366
------------------------------------------
[{'stable': {'F_px': np.complex128(0.009474014538942019+0j)}, 'free': np.float64(-14111.347506820402)}, {'stable': {'F_py': np.complex128(0.009474014538942107+0j)}, 'free': np.float64(-14111.347506820366)}]
------------------------------------------
  Seed: px+py
F_onsite: 3.252153884225324e-17j
F_swave: -2.3372537455612532e-17j, F_dwave: 1.755343434286529e-19j
F_px: (0.00609591516944097+0j), F_py: (0.006095915169397752+0j)
Free_energy = -14111.07977251282
------------------------------------------
[{'stable': {'F_px': np.complex128(0.009474014538942019+0j)}, 'free': np.float64(-14111.347506820402)}, {'stable': {'F_py': np.complex128(0.009474014538942107+0j)}, 'free': np.float64(-14111.347506820366)}]
------------------------------------------
  Seed: px+i*py
F_onsite: (3.713392440762853e-18+6.610589227507382e-18j)
F_swave: (4.1260430698635063e-19+1.734723475976807e-18j), F_dwave: (4.791566120944071e-18-7.37257477290143e-18j)
F_px: (0.007726461371286577+2.727896076412076e-17j), F_py: (-2.6365263676939585e-17+0.0077264613712866165j)
Free_energy = -14111.86173006172
------------------------------------------
[{'stable': {'F_px': np.complex128(0.007726461371286577+2.727896076412076e-17j), 'F_py': np.complex128(-2.6365263676939585e-17+0.0077264613712866165j)}, 'free': np.float64(-14111.86173006172)}]
------------------------------------------
  Seed: s-wave
F_onsite: (-0.01427958522602524+0j)
F_swave: (0.009804961029857189+0j), F_dwave: (2.6020852139652106e-18+0j)
F_px: 4.705903296708079e-18j, F_py: -1.2537146410547713e-18j
Free_energy = -14113.174719284883
------------------------------------------
[{'stable': {'F_onsite': np.complex128(-0.01427958522602524+0j), 'F_swave': np.complex128(0.009804961029857189+0j)}, 'free': np.float64(-14113.174719284883)}]
------------------------------------------
  Seed: s-wave+px
F_onsite: (-0.014279585201721564+3.5855612704491833e-19j)
F_swave: (0.009804961012943763-2.4095440371424675e-19j), F_dwave: (1.0821768828273015e-12+5.088285732834192e-19j)
F_px: (6.428412329118061e-07-2.9737738591322383e-18j), F_py: (5.204170427930421e-18-1.3755815063409838e-18j)
Free_energy = -14113.174719280203
------------------------------------------
[{'stable': {'F_onsite': np.complex128(-0.01427958522602524+0j), 'F_swave': np.complex128(0.009804961029857189+0j)}, 'free': np.float64(-14113.174719284883)}]
------------------------------------------
  Seed: s-wave+py
F_onsite: (-0.014279585201721593+1.6102213408903843e-18j)
F_swave: (0.009804961012943786-5.462303718606169e-19j), F_dwave: (-1.0821547651029828e-12+1.232697636051024e-19j)
F_px: (-1.5612511283791264e-17+4.659131196151881e-18j), F_py: (6.42841232727058e-07-1.4001189920317568e-18j)
Free_energy = -14113.174719280169
------------------------------------------
[{'stable': {'F_onsite': np.complex128(-0.01427958522602524+0j), 'F_swave': np.complex128(0.009804961029857189+0j)}, 'free': np.float64(-14113.174719284883)}]
------------------------------------------
====================================
mu=2.24, T=0.0144
====================================
  Seed: normal state
F_onsite: 0j
F_swave: 0j, F_dwave: 0j
F_px: 0j, F_py: 0j
Free_energy = -14109.870637070131
------------------------------------------
[{'stable': {}, 'free': np.float64(-14109.870637070131)}]
------------------------------------------
  Seed: px
F_onsite: -2.9150003605046305e-17j
F_swave: 2.120955279801497e-17j, F_dwave: 6.944498879737888e-18j
F_px: (0.00823887770902462+0j), F_py: (2.6649823733825178e-18+0j)
Free_energy = -14111.037822639915
------------------------------------------
[{'stable': {'F_px': np.complex128(0.00823887770902462+0j)}, 'free': np.float64(-14111.037822639915)}]
------------------------------------------
  Seed: py
F_onsite: -3.1621831033591566e-17j
F_swave: 2.1941528230785595e-17j, F_dwave: -2.2728011557201014e-18j
F_px: (3.0247381110328555e-18+0j), F_py: (0.008238877709024603+0j)
Free_energy = -14111.037822639932
------------------------------------------
[{'stable': {'F_px': np.complex128(0.00823887770902462+0j)}, 'free': np.float64(-14111.037822639915)}, {'stable': {'F_py': np.complex128(0.008238877709024603+0j)}, 'free': np.float64(-14111.037822639932)}]
------------------------------------------
  Seed: px+py
F_onsite: 8.925053816320554e-17j
F_swave: -6.14788953913584e-17j, F_dwave: 9.881168725313447e-19j
F_px: (0.005292966454560897+0j), F_py: (0.005292966454475592+0j)
Free_energy = -14110.83412604709
------------------------------------------
[{'stable': {'F_px': np.complex128(0.00823887770902462+0j)}, 'free': np.float64(-14111.037822639915)}, {'stable': {'F_py': np.complex128(0.008238877709024603+0j)}, 'free': np.float64(-14111.037822639932)}]
------------------------------------------
  Seed: px+i*py
F_onsite: (1.4769766440832438e-17+4.354957694325921e-17j)
F_swave: (-9.522926728184082e-18-3.729655473350135e-17j), F_dwave: (1.282990217294248e-18+3.469446951953614e-18j)
F_px: (0.006736865605213856+2.466972209221819e-17j), F_py: (-2.3998905085217286e-17+0.006736865605213873j)
Free_energy = -14111.43159613789
------------------------------------------
[{'stable': {'F_px': np.complex128(0.006736865605213856+2.466972209221819e-17j), 'F_py': np.complex128(-2.3998905085217286e-17+0.006736865605213873j)}, 'free': np.float64(-14111.43159613789)}]
------------------------------------------
  Seed: s-wave
F_onsite: (-0.01339853998460417+0j)
F_swave: (0.009200230269528653+0j), F_dwave: (-9.540979117872439e-18+0j)
F_px: -1.1762111263810028e-18j, F_py: -1.0778494253810972e-18j
Free_energy = -14112.825781534286
------------------------------------------
[{'stable': {'F_onsite': np.complex128(-0.01339853998460417+0j), 'F_swave': np.complex128(0.009200230269528653+0j)}, 'free': np.float64(-14112.825781534286)}]
------------------------------------------
  Seed: s-wave+px
F_onsite: (-0.013398539982024761+1.9372127194337865e-19j)
F_swave: (0.009200230267733641+1.151567761571823e-19j), F_dwave: (8.583021446351147e-14+4.511906282007243e-19j)
F_px: (1.8932424799503883e-07-1.581569331201389e-18j), F_py: (1.9949319973733282e-17-2.5194200922691113e-18j)
Free_energy = -14112.825781533738
------------------------------------------
[{'stable': {'F_onsite': np.complex128(-0.01339853998460417+0j), 'F_swave': np.complex128(0.009200230269528653+0j)}, 'free': np.float64(-14112.825781534286)}]
------------------------------------------
  Seed: s-wave+py
F_onsite: (-0.013398539982024667-1.4903407337604387e-18j)
F_swave: (0.009200230267733565+1.4859935745045619e-18j), F_dwave: (-8.579205054703998e-14+3.1109270221384307e-19j)
F_px: (-6.938893903907228e-18-2.2920976250497384e-18j), F_py: (1.8932424790136376e-07-2.2062693646912363e-18j)
Free_energy = -14112.825781533742
------------------------------------------
[{'stable': {'F_onsite': np.complex128(-0.01339853998460417+0j), 'F_swave': np.complex128(0.009200230269528653+0j)}, 'free': np.float64(-14112.825781534286)}]
------------------------------------------
====================================
mu=2.24, T=0.0158
====================================
  Seed: normal state
F_onsite: 0j
F_swave: 0j, F_dwave: 0j
F_px: 0j, F_py: 0j
Free_energy = -14109.959866910682
------------------------------------------
[{'stable': {}, 'free': np.float64(-14109.959866910682)}]
------------------------------------------
  Seed: px
F_onsite: -4.969101579710612e-17j
F_swave: 2.9866785384325556e-17j, F_dwave: 6.568674331508095e-19j
F_px: (0.00645498742027012+0j), F_py: (3.3573350276312396e-18+0j)
Free_energy = -14110.67049274502
------------------------------------------
[{'stable': {'F_px': np.complex128(0.00645498742027012+0j)}, 'free': np.float64(-14110.67049274502)}]
------------------------------------------
  Seed: py
F_onsite: -5.914312262996586e-17j
F_swave: 4.062351486185903e-17j, F_dwave: -2.564312838473589e-18j
F_px: (3.804124227792569e-18+0j), F_py: (0.00645498742027002+0j)
Free_energy = -14110.670492744943
------------------------------------------
[{'stable': {'F_px': np.complex128(0.00645498742027012+0j)}, 'free': np.float64(-14110.67049274502)}, {'stable': {'F_py': np.complex128(0.00645498742027002+0j)}, 'free': np.float64(-14110.670492744943)}]
------------------------------------------
  Seed: px+py
F_onsite: 4.903711430275968e-16j
F_swave: -3.385539735849705e-16j, F_dwave: -2.3993928766652167e-18j
F_px: (0.00414389823821296+0j), F_py: (0.004143898238069431+0j)
Free_energy = -14110.545658436784
------------------------------------------
[{'stable': {'F_px': np.complex128(0.00645498742027012+0j)}, 'free': np.float64(-14110.67049274502)}, {'stable': {'F_py': np.complex128(0.00645498742027002+0j)}, 'free': np.float64(-14110.670492744943)}]
------------------------------------------
  Seed: px+i*py
F_onsite: (2.809289325198314e-17+1.9112317749459044e-16j)
F_swave: (-2.0671031749463348e-17-1.2988742026376343e-16j), F_dwave: (1.1553926447242682e-18-1.3227266504323154e-17j)
F_px: (0.005291661747582952+1.106064886947526e-17j), F_py: (-1.1160069361659233e-17+0.005291661747582966j)
Free_energy = -14110.9150601098
------------------------------------------
[{'stable': {'F_px': np.complex128(0.005291661747582952+1.106064886947526e-17j), 'F_py': np.complex128(-1.1160069361659233e-17+0.005291661747582966j)}, 'free': np.float64(-14110.9150601098)}]
------------------------------------------
  Seed: s-wave
F_onsite: (-0.012215819011973932+0j)
F_swave: (0.008388361606973052+0j), F_dwave: (3.469446951953614e-18+0j)
F_px: -6.500845521278747e-18j, F_py: -2.305570742867002e-18j
Free_energy = -14112.396946713263
------------------------------------------
[{'stable': {'F_onsite': np.complex128(-0.012215819011973932+0j), 'F_swave': np.complex128(0.008388361606973052+0j)}, 'free': np.float64(-14112.396946713263)}]
------------------------------------------
  Seed: s-wave+px
F_onsite: (-0.012215819011810571-3.879975938119917e-17j)
F_swave: (0.008388361606859459+2.5885426129764925e-17j), F_dwave: (3.3974559277005767e-15+4.464790074316222e-20j)
F_px: (3.985200517329923e-08+4.27959426133295e-18j), F_py: (3.469446951953614e-18-2.713655334986363e-18j)
Free_energy = -14112.39694671323
------------------------------------------
[{'stable': {'F_onsite': np.complex128(-0.012215819011973932+0j), 'F_swave': np.complex128(0.008388361606973052+0j)}, 'free': np.float64(-14112.396946713263)}]
------------------------------------------
  Seed: s-wave+py
F_onsite: (-0.012215819011810614-1.105324128856747e-18j)
F_swave: (0.00838836160685945+2.3276200692752156e-19j), F_dwave: (-3.382710778154774e-15-3.6512413982580684e-19j)
F_px: (-3.2959746043559335e-17-1.1253229750967405e-18j), F_py: (3.9852005124726975e-08-3.3954506830770705e-18j)
Free_energy = -14112.39694671323
------------------------------------------
[{'stable': {'F_onsite': np.complex128(-0.012215819011973932+0j), 'F_swave': np.complex128(0.008388361606973052+0j)}, 'free': np.float64(-14112.396946713263)}]
------------------------------------------
====================================
mu=2.24, T=0.0173
====================================
  Seed: normal state
F_onsite: 0j
F_swave: 0j, F_dwave: 0j
F_px: 0j, F_py: 0j
Free_energy = -14110.058532291025
------------------------------------------
[{'stable': {}, 'free': np.float64(-14110.058532291025)}]
------------------------------------------
  Seed: px
F_onsite: 4.955994472770791e-16j
F_swave: -3.460391739613547e-16j, F_dwave: -3.3411843261711417e-18j
F_px: (0.0033526930457358065+0j), F_py: (5.14789939880997e-18+0j)
Free_energy = -14110.248741320656
------------------------------------------
[{'stable': {'F_px': np.complex128(0.0033526930457358065+0j)}, 'free': np.float64(-14110.248741320656)}]
------------------------------------------
  Seed: py
F_onsite: -5.039473017411495e-15j
F_swave: 3.4420805945946935e-15j, F_dwave: -3.328548976878272e-17j
F_px: (4.678882614818422e-18+0j), F_py: (0.003352693045735701+0j)
Free_energy = -14110.24874132068
------------------------------------------
[{'stable': {'F_px': np.complex128(0.0033526930457358065+0j)}, 'free': np.float64(-14110.248741320656)}, {'stable': {'F_py': np.complex128(0.003352693045735701+0j)}, 'free': np.float64(-14110.24874132068)}]
------------------------------------------
  Seed: px+py
F_onsite: 0.010594990605017632j
F_swave: -0.007275329969420952j, F_dwave: 6.5052130349130266e-18j
F_px: (4.5550584195120824e-07+0j), F_py: (4.555058417818588e-07+0j)
Free_energy = -14111.876941725033
------------------------------------------
[{'stable': {'F_onsite': np.complex128(0.010594990605017632j), 'F_swave': np.complex128(-0.007275329969420952j)}, 'free': np.float64(-14111.876941725033)}]
------------------------------------------
  Seed: px+i*py
F_onsite: (3.592041855435022e-05+0.010608016705912686j)
F_swave: (-2.4666190559034932e-05-0.007284418502123139j), F_dwave: (5.936537912018265e-12+1.7526389853306235e-09j)
F_px: (2.26108055527607e-09+1.0164332686114774e-07j), F_py: (1.0555630605834278e-07+3.1174860107873945e-05j)
Free_energy = -14111.881767136409
------------------------------------------
[{'stable': {'F_onsite': np.complex128(0.010594990605017632j), 'F_swave': np.complex128(-0.007275329969420952j)}, 'free': np.float64(-14111.876941725033)}, {'stable': {'F_onsite': np.complex128(3.592041855435022e-05+0.010608016705912686j), 'F_swave': np.complex128(-2.4666190559034932e-05-0.007284418502123139j)}, 'free': np.float64(-14111.881767136409)}]
------------------------------------------
  Seed: s-wave
F_onsite: (-0.010622068944920376+0j)
F_swave: (0.007294221085467279+0j), F_dwave: (9.540979117872439e-18+0j)
F_px: -1.2513932413837025e-17j, F_py: -4.033306197028961e-18j
Free_energy = -14111.886896379432
------------------------------------------
[{'stable': {'F_onsite': np.complex128(0.010594990605017632j), 'F_swave': np.complex128(-0.007275329969420952j)}, 'free': np.float64(-14111.876941725033)}, {'stable': {'F_onsite': np.complex128(3.592041855435022e-05+0.010608016705912686j), 'F_swave': np.complex128(-2.4666190559034932e-05-0.007284418502123139j)}, 'free': np.float64(-14111.881767136409)}, {'stable': {'F_onsite': np.complex128(-0.010622068944920376+0j), 'F_swave': np.complex128(0.007294221085467279+0j)}, 'free': np.float64(-14111.886896379432)}]
------------------------------------------
  Seed: s-wave+px
F_onsite: (-0.01062206894491559-2.6634200234898554e-17j)
F_swave: (0.0072942210854639805+1.9252701549065624e-17j), F_dwave: (3.0357660829594124e-17+1.187196084915707e-18j)
F_px: (4.6005782295723e-09-9.149557252012346e-18j), F_py: (6.071532165918825e-18-4.132369347188312e-18j)
Free_energy = -14111.88689637943
------------------------------------------
[{'stable': {'F_onsite': np.complex128(0.010594990605017632j), 'F_swave': np.complex128(-0.007275329969420952j)}, 'free': np.float64(-14111.876941725033)}, {'stable': {'F_onsite': np.complex128(3.592041855435022e-05+0.010608016705912686j), 'F_swave': np.complex128(-2.4666190559034932e-05-0.007284418502123139j)}, 'free': np.float64(-14111.881767136409)}, {'stable': {'F_onsite': np.complex128(-0.010622068944920376+0j), 'F_swave': np.complex128(0.007294221085467279+0j)}, 'free': np.float64(-14111.886896379432)}]
------------------------------------------
  Seed: s-wave+py
F_onsite: (-0.010622068944915613+7.227126451517916e-18j)
F_swave: (0.007294221085464002-4.7834531334961506e-18j), F_dwave: (-2.7972416050126014e-17-3.9416810549376875e-19j)
F_px: (-2.6020852139652106e-18-5.8178722679957636e-18j), F_py: (4.600578273807748e-09-3.4982328372704596e-18j)
Free_energy = -14111.88689637943
------------------------------------------
[{'stable': {'F_onsite': np.complex128(0.010594990605017632j), 'F_swave': np.complex128(-0.007275329969420952j)}, 'free': np.float64(-14111.876941725033)}, {'stable': {'F_onsite': np.complex128(3.592041855435022e-05+0.010608016705912686j), 'F_swave': np.complex128(-2.4666190559034932e-05-0.007284418502123139j)}, 'free': np.float64(-14111.881767136409)}, {'stable': {'F_onsite': np.complex128(-0.010622068944920376+0j), 'F_swave': np.complex128(0.007294221085467279+0j)}, 'free': np.float64(-14111.886896379432)}]
------------------------------------------
====================================
mu=2.24, T=0.0188
====================================
  Seed: normal state
F_onsite: 0j
F_swave: 0j, F_dwave: 0j
F_px: 0j, F_py: 0j
Free_energy = -14110.166309145388
------------------------------------------
[{'stable': {}, 'free': np.float64(-14110.166309145388)}]
------------------------------------------
  Seed: px
F_onsite: 0.008334035752010896j
F_swave: -0.005722968211744632j, F_dwave: 1.9081958235744878e-17j
F_px: (7.910646549883873e-14+0j), F_py: (-3.1360336080906402e-18+0j)
Free_energy = -14111.282830473874
------------------------------------------
[{'stable': {'F_onsite': np.complex128(0.008334035752010896j), 'F_swave': np.complex128(-0.005722968211744632j)}, 'free': np.float64(-14111.282830473874)}]
------------------------------------------
  Seed: py
F_onsite: -0.008334217142439215j
F_swave: 0.005723093903226135j, F_dwave: -1.3444106938820255e-17j
F_px: (2.6910766129861156e-18+0j), F_py: (2.3849267853002604e-13+0j)
Free_energy = -14111.2828810141
------------------------------------------
[{'stable': {'F_onsite': np.complex128(0.008334035752010896j), 'F_swave': np.complex128(-0.005722968211744632j)}, 'free': np.float64(-14111.282830473874)}, {'stable': {'F_onsite': np.complex128(-0.008334217142439215j), 'F_swave': np.complex128(0.005723093903226135j)}, 'free': np.float64(-14111.2828810141)}]
------------------------------------------
  Seed: px+py
F_onsite: 0.008381748792335967j
F_swave: -0.005756032725221319j, F_dwave: 3.0357660829594124e-18j
F_px: (1.788851825766788e-10+0j), F_py: (1.7888516066128948e-10+0j)
Free_energy = -14111.296168371862
------------------------------------------
[{'stable': {'F_onsite': np.complex128(0.008334035752010896j), 'F_swave': np.complex128(-0.005722968211744632j)}, 'free': np.float64(-14111.282830473874)}, {'stable': {'F_onsite': np.complex128(-0.008334217142439215j), 'F_swave': np.complex128(0.005723093903226135j)}, 'free': np.float64(-14111.2828810141)}, {'stable': {'F_onsite': np.complex128(0.008381748792335967j), 'F_swave': np.complex128(-0.005756032725221319j)}, 'free': np.float64(-14111.296168371862)}]
------------------------------------------
  Seed: px+i*py
F_onsite: (2.8382096600134173e-05+0.0083817997396699j)
F_swave: (-1.9490955720686267e-05-0.005756068337277361j), F_dwave: (4.866125507911861e-15+1.4366793345266249e-12j)
F_px: (1.1965454609457458e-11+3.3120487220872352e-09j), F_py: (3.4395591237844136e-09+1.0157712500040092e-06j)
Free_energy = -14111.296196157036
------------------------------------------
[{'stable': {'F_onsite': np.complex128(0.008334035752010896j), 'F_swave': np.complex128(-0.005722968211744632j)}, 'free': np.float64(-14111.282830473874)}, {'stable': {'F_onsite': np.complex128(-0.008334217142439215j), 'F_swave': np.complex128(0.005723093903226135j)}, 'free': np.float64(-14111.2828810141)}, {'stable': {'F_onsite': np.complex128(0.008381748792335967j), 'F_swave': np.complex128(-0.005756032725221319j)}, 'free': np.float64(-14111.296168371862)}, {'stable': {'F_onsite': np.complex128(2.8382096600134173e-05+0.0083817997396699j), 'F_swave': np.complex128(-1.9490955720686267e-05-0.005756068337277361j)}, 'free': np.float64(-14111.296196157036)}]
------------------------------------------
  Seed: s-wave
F_onsite: (-0.008381955176374871+0j)
F_swave: (0.0057561757578286216+0j), F_dwave: (-3.252606517456513e-17+0j)
F_px: -4.211315464850373e-18j, F_py: -1.858046179141113e-18j
Free_energy = -14111.296226256398
------------------------------------------
[{'stable': {'F_onsite': np.complex128(0.008334035752010896j), 'F_swave': np.complex128(-0.005722968211744632j)}, 'free': np.float64(-14111.282830473874)}, {'stable': {'F_onsite': np.complex128(-0.008334217142439215j), 'F_swave': np.complex128(0.005723093903226135j)}, 'free': np.float64(-14111.2828810141)}, {'stable': {'F_onsite': np.complex128(0.008381748792335967j), 'F_swave': np.complex128(-0.005756032725221319j)}, 'free': np.float64(-14111.296168371862)}, {'stable': {'F_onsite': np.complex128(2.8382096600134173e-05+0.0083817997396699j), 'F_swave': np.complex128(-1.9490955720686267e-05-0.005756068337277361j)}, 'free': np.float64(-14111.296196157036)}, {'stable': {'F_onsite': np.complex128(-0.008381955176374871+0j), 'F_swave': np.complex128(0.0057561757578286216+0j)}, 'free': np.float64(-14111.296226256398)}]
------------------------------------------
  Seed: s-wave+px
F_onsite: (-0.008381955176374885-5.2847172418420124e-18j)
F_swave: (0.005756175757828615+2.6476661744393327e-18j), F_dwave: (-6.5052130349130266e-18-1.185793186596817e-18j)
F_px: (1.4971183234097074e-10-2.9047936134902162e-18j), F_py: -2.4651570440856327e-18j
Free_energy = -14111.296226256398
------------------------------------------
[{'stable': {'F_onsite': np.complex128(0.008334035752010896j), 'F_swave': np.complex128(-0.005722968211744632j)}, 'free': np.float64(-14111.282830473874)}, {'stable': {'F_onsite': np.complex128(-0.008334217142439215j), 'F_swave': np.complex128(0.005723093903226135j)}, 'free': np.float64(-14111.2828810141)}, {'stable': {'F_onsite': np.complex128(0.008381748792335967j), 'F_swave': np.complex128(-0.005756032725221319j)}, 'free': np.float64(-14111.296168371862)}, {'stable': {'F_onsite': np.complex128(2.8382096600134173e-05+0.0083817997396699j), 'F_swave': np.complex128(-1.9490955720686267e-05-0.005756068337277361j)}, 'free': np.float64(-14111.296196157036)}, {'stable': {'F_onsite': np.complex128(-0.008381955176374871+0j), 'F_swave': np.complex128(0.0057561757578286216+0j)}, 'free': np.float64(-14111.296226256398)}]
------------------------------------------
  Seed: s-wave+py
F_onsite: (-0.008381955176374892+4.44627581077367e-18j)
F_swave: (0.005756175757828607-3.3965690312652422e-18j), F_dwave: (-4.336808689942018e-18-6.68825156085876e-20j)
F_px: (-4.7704895589362195e-18-7.859539308233848e-19j), F_py: (1.4971183320833248e-10-2.3041149049889088e-18j)
Free_energy = -14111.296226256398
------------------------------------------
[{'stable': {'F_onsite': np.complex128(0.008334035752010896j), 'F_swave': np.complex128(-0.005722968211744632j)}, 'free': np.float64(-14111.282830473874)}, {'stable': {'F_onsite': np.complex128(-0.008334217142439215j), 'F_swave': np.complex128(0.005723093903226135j)}, 'free': np.float64(-14111.2828810141)}, {'stable': {'F_onsite': np.complex128(0.008381748792335967j), 'F_swave': np.complex128(-0.005756032725221319j)}, 'free': np.float64(-14111.296168371862)}, {'stable': {'F_onsite': np.complex128(2.8382096600134173e-05+0.0083817997396699j), 'F_swave': np.complex128(-1.9490955720686267e-05-0.005756068337277361j)}, 'free': np.float64(-14111.296196157036)}, {'stable': {'F_onsite': np.complex128(-0.008381955176374871+0j), 'F_swave': np.complex128(0.0057561757578286216+0j)}, 'free': np.float64(-14111.296226256398)}]
------------------------------------------
====================================
mu=2.24, T=0.0203
====================================
  Seed: normal state
F_onsite: 0j
F_swave: 0j, F_dwave: 0j
F_px: 0j, F_py: 0j
Free_energy = -14110.282920160425
------------------------------------------
[{'stable': {}, 'free': np.float64(-14110.282920160425)}]
------------------------------------------
  Seed: px
F_onsite: 0.004650945573270113j
F_swave: -0.0031941681534407053j, F_dwave: -3.903127820947816e-18j
F_px: (1.9710734615293387e-17+0j), F_py: (1.8172933064663404e-17+0j)
Free_energy = -14110.628301067458
------------------------------------------
[{'stable': {'F_onsite': np.complex128(0.004650945573270113j), 'F_swave': np.complex128(-0.0031941681534407053j)}, 'free': np.float64(-14110.628301067458)}]
------------------------------------------
  Seed: py
F_onsite: -0.004650947246070272j
F_swave: 0.003194169305278995j, F_dwave: 6.938893903907228e-18j
F_px: (-1.3915030787714044e-17+0j), F_py: (-1.777056594493801e-17+0j)
Free_energy = -14110.62830131879
------------------------------------------
[{'stable': {'F_onsite': np.complex128(0.004650945573270113j), 'F_swave': np.complex128(-0.0031941681534407053j)}, 'free': np.float64(-14110.628301067458)}, {'stable': {'F_onsite': np.complex128(-0.004650947246070272j), 'F_swave': np.complex128(0.003194169305278995j)}, 'free': np.float64(-14110.62830131879)}]
------------------------------------------
  Seed: px+py
F_onsite: 0.004651382027267081j
F_swave: -0.003194468682242329j, F_dwave: 4.119968255444917e-18j
F_px: (6.891110525421347e-16+0j), F_py: (6.643960472744629e-16+0j)
Free_energy = -14110.628366640633
------------------------------------------
[{'stable': {'F_onsite': np.complex128(0.004650945573270113j), 'F_swave': np.complex128(-0.0031941681534407053j)}, 'free': np.float64(-14110.628301067458)}, {'stable': {'F_onsite': np.complex128(-0.004650947246070272j), 'F_swave': np.complex128(0.003194169305278995j)}, 'free': np.float64(-14110.62830131879)}]
------------------------------------------
  Seed: px+i*py
F_onsite: (1.5750226294874885e-05+0.004651356258785082j)
F_swave: (-1.0816915137821362e-05-0.003194450986613701j), F_dwave: (1.2514911795682288e-18+3.144186300207963e-18j)
F_px: (2.06104800110421e-15+6.027882186454558e-13j), F_py: (6.260288740240929e-13+1.848731352466909e-10j)
Free_energy = -14110.628366775583
------------------------------------------
[{'stable': {'F_onsite': np.complex128(0.004650945573270113j), 'F_swave': np.complex128(-0.0031941681534407053j)}, 'free': np.float64(-14110.628301067458)}, {'stable': {'F_onsite': np.complex128(-0.004650947246070272j), 'F_swave': np.complex128(0.003194169305278995j)}, 'free': np.float64(-14110.62830131879)}, {'stable': {'F_onsite': np.complex128(1.5750226294874885e-05+0.004651356258785082j), 'F_swave': np.complex128(-1.0816915137821362e-05-0.003194450986613701j)}, 'free': np.float64(-14110.628366775583)}]
------------------------------------------
  Seed: s-wave
F_onsite: (-0.004651383899748898+0j)
F_swave: (0.0031944699715762046+0j), F_dwave: (-1.0625181290357943e-17+0j)
F_px: 1.3656129873429847e-17j, F_py: 1.9770635726532027e-17j
Free_energy = -14110.628366921972
------------------------------------------
[{'stable': {'F_onsite': np.complex128(0.004650945573270113j), 'F_swave': np.complex128(-0.0031941681534407053j)}, 'free': np.float64(-14110.628301067458)}, {'stable': {'F_onsite': np.complex128(-0.004650947246070272j), 'F_swave': np.complex128(0.003194169305278995j)}, 'free': np.float64(-14110.62830131879)}, {'stable': {'F_onsite': np.complex128(1.5750226294874885e-05+0.004651356258785082j), 'F_swave': np.complex128(-1.0816915137821362e-05-0.003194450986613701j)}, 'free': np.float64(-14110.628366775583)}, {'stable': {'F_onsite': np.complex128(-0.004651383899748898+0j), 'F_swave': np.complex128(0.0031944699715762046+0j)}, 'free': np.float64(-14110.628366921972)}]
------------------------------------------
  Seed: s-wave+px
F_onsite: (-0.004651383899748957-1.1395272823857301e-18j)
F_swave: (0.003194469971576247+1.1298327637963797e-18j), F_dwave: (-7.589415207398531e-18+1.1965332996702056e-19j)
F_px: (2.7218461859379595e-14+1.86767257623776e-17j), F_py: (-8.673617379884035e-19+1.915670889334007e-17j)
Free_energy = -14110.628366921972
------------------------------------------
[{'stable': {'F_onsite': np.complex128(0.004650945573270113j), 'F_swave': np.complex128(-0.0031941681534407053j)}, 'free': np.float64(-14110.628301067458)}, {'stable': {'F_onsite': np.complex128(-0.004650947246070272j), 'F_swave': np.complex128(0.003194169305278995j)}, 'free': np.float64(-14110.62830131879)}, {'stable': {'F_onsite': np.complex128(1.5750226294874885e-05+0.004651356258785082j), 'F_swave': np.complex128(-1.0816915137821362e-05-0.003194450986613701j)}, 'free': np.float64(-14110.628366775583)}, {'stable': {'F_onsite': np.complex128(-0.004651383899748898+0j), 'F_swave': np.complex128(0.0031944699715762046+0j)}, 'free': np.float64(-14110.628366921972)}]
------------------------------------------
  Seed: s-wave+py
F_onsite: (-0.004651383899748892-2.150184997521235e-17j)
F_swave: (0.0031944699715762016+1.4034849553803575e-17j), F_dwave: (-1.6263032587282567e-18-3.6684136677746693e-19j)
F_px: (-1.0625181290357943e-17+1.2191907692647681e-17j), F_py: (2.720761983765474e-14+1.8837681874690618e-17j)
Free_energy = -14110.628366921972
------------------------------------------
[{'stable': {'F_onsite': np.complex128(0.004650945573270113j), 'F_swave': np.complex128(-0.0031941681534407053j)}, 'free': np.float64(-14110.628301067458)}, {'stable': {'F_onsite': np.complex128(-0.004650947246070272j), 'F_swave': np.complex128(0.003194169305278995j)}, 'free': np.float64(-14110.62830131879)}, {'stable': {'F_onsite': np.complex128(1.5750226294874885e-05+0.004651356258785082j), 'F_swave': np.complex128(-1.0816915137821362e-05-0.003194450986613701j)}, 'free': np.float64(-14110.628366775583)}, {'stable': {'F_onsite': np.complex128(-0.004651383899748898+0j), 'F_swave': np.complex128(0.0031944699715762046+0j)}, 'free': np.float64(-14110.628366921972)}]
------------------------------------------
====================================
mu=2.24, T=0.0218
====================================
  Seed: normal state
F_onsite: 0j
F_swave: 0j, F_dwave: 0j
F_px: 0j, F_py: 0j
Free_energy = -14110.408142690156
------------------------------------------
[{'stable': {}, 'free': np.float64(-14110.408142690156)}]
------------------------------------------
  Seed: px
F_onsite: 1.1380541885246634e-13j
F_swave: -7.830972442532335e-14j, F_dwave: -7.576225428576993e-21j
F_px: (1.0604312698555095e-19+0j), F_py: (-2.1889112197114115e-20+0j)
Free_energy = -14110.408142690154
------------------------------------------
[{'stable': {}, 'free': np.float64(-14110.408142690156)}]
------------------------------------------
  Seed: py
F_onsite: -1.1380588179649438e-13j
F_swave: 7.831004854299773e-14j, F_dwave: -2.651550331767159e-20j
F_px: (1.3474546226179898e-19+0j), F_py: (-4.653684479942287e-19+0j)
Free_energy = -14110.408142690156
------------------------------------------
[{'stable': {}, 'free': np.float64(-14110.408142690156)}]
------------------------------------------
  Seed: px+py
F_onsite: 1.1381305869780527e-13j
F_swave: -7.831497096972807e-14j, F_dwave: -5.438853045751482e-21j
F_px: (1.4083522949281445e-19+0j), F_py: (-1.3118250011054356e-20+0j)
Free_energy = -14110.408142690154
------------------------------------------
[{'stable': {}, 'free': np.float64(-14110.408142690156)}]
------------------------------------------
  Seed: px+i*py
F_onsite: (3.8632219310043066e-16+1.1393991938792793e-13j)
F_swave: (-2.6582796830576747e-16-7.84023640856545e-14j), F_dwave: (-5.621074700807427e-21+2.356895099850138e-21j)
F_px: (-1.5122597835588394e-19-1.4874220473532112e-19j), F_py: (7.152134633134653e-20+1.0432662815462683e-20j)
Free_energy = -14110.408142690156
------------------------------------------
[{'stable': {}, 'free': np.float64(-14110.408142690156)}]
------------------------------------------
  Seed: s-wave
F_onsite: (-1.0152733029525302e-13+0j)
F_swave: (6.986111853073782e-14+0j), F_dwave: (1.8739199817144538e-20+0j)
F_px: -1.1359374286206903e-19j, F_py: -4.201338796313292e-20j
Free_energy = -14110.408142690156
------------------------------------------
[{'stable': {}, 'free': np.float64(-14110.408142690156)}]
------------------------------------------
  Seed: s-wave+px
F_onsite: (-1.0152701096396374e-13+0j)
F_swave: (6.986087075085124e-14+0j), F_dwave: (2.809677333611288e-20+0j)
F_px: -5.382424338337269e-21j, F_py: 3.679547399541946e-19j
Free_energy = -14110.408142690154
------------------------------------------
[{'stable': {}, 'free': np.float64(-14110.408142690156)}]
------------------------------------------
  Seed: s-wave+py
F_onsite: (-1.0152693259244544e-13+1.4747041915205973e-29j)
F_swave: (6.986083758767887e-14-8.995440991249462e-30j), F_dwave: (1.351777195144691e-20-2.0724932131551045e-30j)
F_px: (-2.524354896707238e-29+1.2800856167536896e-20j), F_py: (2.524354896707238e-29+4.102076779547202e-19j)
Free_energy = -14110.408142690154
------------------------------------------
[{'stable': {}, 'free': np.float64(-14110.408142690156)}]
------------------------------------------
====================================
mu=2.24, T=0.0233
====================================
  Seed: normal state
F_onsite: 0j
F_swave: 0j, F_dwave: 0j
F_px: 0j, F_py: 0j
Free_energy = -14110.541807694875
------------------------------------------
[{'stable': {}, 'free': np.float64(-14110.541807694875)}]
------------------------------------------
  Seed: px
F_onsite: 4.296874187633238e-14j
F_swave: -2.96591694334752e-14j, F_dwave: -2.103737129710557e-20j
F_px: (2.8653094089797164e-19+0j), F_py: (-1.351662959415763e-19+0j)
Free_energy = -14110.541807694875
------------------------------------------
[{'stable': {}, 'free': np.float64(-14110.541807694875)}]
------------------------------------------
  Seed: py
F_onsite: -4.2967052946822046e-14j
F_swave: 2.965797456801415e-14j, F_dwave: 1.1165308082094347e-20j
F_px: (1.5416215410458477e-19+0j), F_py: (2.1493147540975934e-19+0j)
Free_energy = -14110.541807694875
------------------------------------------
[{'stable': {}, 'free': np.float64(-14110.541807694875)}]
------------------------------------------
  Seed: px+py
F_onsite: 4.297170658856299e-14j
F_swave: -2.966120129312939e-14j, F_dwave: 2.0586446820047707e-20j
F_px: (3.005863251655392e-19+0j), F_py: (2.1814250312554276e-19+0j)
Free_energy = -14110.541807694875
------------------------------------------
[{'stable': {}, 'free': np.float64(-14110.541807694875)}]
------------------------------------------
  Seed: px+i*py
F_onsite: (1.4604689450458036e-16+4.304988843349658e-14j)
F_swave: (-1.0080968186619694e-16-2.9715223159265053e-14j), F_dwave: (-6.105837342990844e-21+4.973432996178061e-20j)
F_px: (5.681157778201895e-20-1.0467287693636604e-19j), F_py: (-1.0689446776473155e-19+6.861320467354368e-20j)
Free_energy = -14110.541807694875
------------------------------------------
[{'stable': {}, 'free': np.float64(-14110.541807694875)}]
------------------------------------------
  Seed: s-wave
F_onsite: (-4.101851232579242e-14+0j)
F_swave: (2.831299866284534e-14+0j), F_dwave: (-1.2078748129211057e-20+0j)
F_px: 1.0188401616384635e-19j, F_py: 1.1476706298140059e-20j
Free_energy = -14110.541807694875
------------------------------------------
[{'stable': {}, 'free': np.float64(-14110.541807694875)}]
------------------------------------------
  Seed: s-wave+px
F_onsite: (-4.101816046944591e-14+0j)
F_swave: (2.8312765136045202e-14+0j), F_dwave: (-1.4001148152972535e-21+0j)
F_px: 2.6715646409448655e-19j, F_py: 3.745153257992848e-19j
Free_energy = -14110.541807694875
------------------------------------------
[{'stable': {}, 'free': np.float64(-14110.541807694875)}]
------------------------------------------
  Seed: s-wave+py
F_onsite: (-4.10184305432075e-14-1.6638242887338698e-29j)
F_swave: (2.831295702488664e-14+1.1618605723753487e-29j), F_dwave: (4.501851529098432e-21+2.4733755310793076e-31j)
F_px: (3.1554436208840472e-30-1.4910039003721645e-19j), F_py: (1.1044052673094165e-29-4.0334824395425586e-19j)
Free_energy = -14110.541807694875
------------------------------------------
[{'stable': {}, 'free': np.float64(-14110.541807694875)}]
------------------------------------------
====================================
mu=2.24, T=0.0248
====================================
  Seed: normal state
F_onsite: 0j
F_swave: 0j, F_dwave: 0j
F_px: 0j, F_py: 0j
Free_energy = -14110.68379393387
------------------------------------------
[{'stable': {}, 'free': np.float64(-14110.68379393387)}]
------------------------------------------
  Seed: px
F_onsite: 2.6936054082014448e-14j
F_swave: -1.8648639651860956e-14j, F_dwave: -1.2827860829373887e-20j
F_px: (3.236203195788953e-19+0j), F_py: (-2.1024499516773173e-19+0j)
Free_energy = -14110.68379393387
------------------------------------------
[{'stable': {}, 'free': np.float64(-14110.68379393387)}]
------------------------------------------
  Seed: py
F_onsite: -2.6935429122658587e-14j
F_swave: 1.8648212411299358e-14j, F_dwave: 4.1250594411887157e-20j
F_px: (1.494532617611817e-19+0j), F_py: (-6.70342877960113e-20+0j)
Free_energy = -14110.68379393387
------------------------------------------
[{'stable': {}, 'free': np.float64(-14110.68379393387)}]
------------------------------------------
  Seed: px+py
F_onsite: 2.6938593639814205e-14j
F_swave: -1.86504031237738e-14j, F_dwave: 5.0003889815212206e-20j
F_px: (6.180228472671232e-19+0j), F_py: (5.445312251120629e-20+0j)
Free_energy = -14110.68379393387
------------------------------------------
[{'stable': {}, 'free': np.float64(-14110.68379393387)}]
------------------------------------------
  Seed: px+i*py
F_onsite: (9.161405367279844e-17+2.6998241283350305e-14j)
F_swave: (-6.342831388230249e-17-1.8691762263136475e-14j), F_dwave: (3.532944636838113e-21-1.344597981567731e-20j)
F_px: (-1.815348699729306e-19-4.481957899106493e-20j), F_py: (-6.554013428876168e-20+8.82708889625059e-20j)
Free_energy = -14110.683793933871
------------------------------------------
[{'stable': {}, 'free': np.float64(-14110.68379393387)}]
------------------------------------------
  Seed: s-wave
F_onsite: (-2.6647214778717686e-14+0j)
F_swave: (1.8448641237430533e-14+0j), F_dwave: (1.7455364724330326e-20+0j)
F_px: 3.581158927398971e-19j, F_py: 9.128598138757781e-20j
Free_energy = -14110.68379393387
------------------------------------------
[{'stable': {}, 'free': np.float64(-14110.68379393387)}]
------------------------------------------
  Seed: s-wave+px
F_onsite: (-2.6647427878938122e-14+0j)
F_swave: (1.844879088551784e-14+0j), F_dwave: (1.72318283745278e-20+0j)
F_px: 7.151691496714002e-20j, F_py: 4.566332185167679e-19j
Free_energy = -14110.68379393387
------------------------------------------
[{'stable': {}, 'free': np.float64(-14110.68379393387)}]
------------------------------------------
  Seed: s-wave+py
F_onsite: (-2.664741014388223e-14-9.452709706189452e-30j)
F_swave: (1.8448795810957157e-14+5.9585383584424496e-30j), F_dwave: (-1.61065198393974e-20-9.431278937664294e-31j)
F_px: (1.4199496293978212e-29-2.1308604963141154e-19j), F_py: (2.524354896707238e-29-4.2554428025221207e-20j)
Free_energy = -14110.68379393387
------------------------------------------
[{'stable': {}, 'free': np.float64(-14110.68379393387)}]
------------------------------------------
====================================
mu=2.24, T=0.0262
====================================
  Seed: normal state
F_onsite: 0j
F_swave: 0j, F_dwave: 0j
F_px: 0j, F_py: 0j
Free_energy = -14110.834020206164
------------------------------------------
[{'stable': {}, 'free': np.float64(-14110.834020206164)}]
------------------------------------------
  Seed: px
F_onsite: 2.0116649538038378e-14j
F_swave: -1.3967881736858995e-14j, F_dwave: -1.2985543668765129e-20j
F_px: (2.440919254248193e-19+0j), F_py: (-8.052379977803397e-20+0j)
Free_energy = -14110.834020206164
------------------------------------------
[{'stable': {}, 'free': np.float64(-14110.834020206164)}]
------------------------------------------
  Seed: py
F_onsite: -2.0116720025567923e-14j
F_swave: 1.3967916136497147e-14j, F_dwave: -7.92964397933486e-21j
F_px: (6.70389427771161e-20+0j), F_py: (-1.2278044343130499e-19+0j)
Free_energy = -14110.834020206164
------------------------------------------
[{'stable': {}, 'free': np.float64(-14110.834020206164)}]
------------------------------------------
  Seed: px+py
F_onsite: 2.011852164024422e-14j
F_swave: -1.3969191739490913e-14j, F_dwave: -8.83796749591955e-21j
F_px: (4.750790008774977e-19+0j), F_py: (8.94500517665668e-21+0j)
Free_energy = -14110.834020206164
------------------------------------------
[{'stable': {}, 'free': np.float64(-14110.834020206164)}]
------------------------------------------
  Seed: px+i*py
F_onsite: (6.850803227343616e-17+2.016825818167794e-14j)
F_swave: (-4.756574492024079e-17-1.4003752664991541e-14j), F_dwave: (-4.559213126569969e-21+1.1950874087680359e-20j)
F_px: (-1.5054985165635184e-19-6.737391205875128e-20j), F_py: (2.772713871199133e-20+1.1396203567528033e-19j)
Free_energy = -14110.834020206168
------------------------------------------
[{'stable': {}, 'free': np.float64(-14110.834020206164)}]
------------------------------------------
  Seed: s-wave
F_onsite: (-1.8965555737013643e-14+0j)
F_swave: (1.3168726325399735e-14+0j), F_dwave: (2.4079394183621555e-21+0j)
F_px: 3.113383291720487e-19j, F_py: -1.8686133429577167e-19j
Free_energy = -14110.834020206164
------------------------------------------
[{'stable': {}, 'free': np.float64(-14110.834020206164)}]
------------------------------------------
  Seed: s-wave+px
F_onsite: (-1.8964650632004287e-14+0j)
F_swave: (1.3168091267658354e-14+0j), F_dwave: (-9.830801226896688e-21+0j)
F_px: 3.180912107623613e-19j, F_py: 3.3984576923801047e-19j
Free_energy = -14110.834020206164
------------------------------------------
[{'stable': {}, 'free': np.float64(-14110.834020206164)}]
------------------------------------------
  Seed: s-wave+py
F_onsite: (-1.8964760439321523e-14-3.841035966822461e-30j)
F_swave: (1.3168146665883332e-14+3.3218198939547996e-30j), F_dwave: (-5.138698697911868e-20+1.758133297982498e-31j)
F_px: (7.099748146989106e-30-1.8003543398054064e-19j), F_py: (2.0510383535746307e-29+1.4373818051766665e-20j)
Free_energy = -14110.834020206164
------------------------------------------
[{'stable': {}, 'free': np.float64(-14110.834020206164)}]
------------------------------------------
====================================
mu=2.24, T=0.0277
====================================
  Seed: normal state
F_onsite: 0j
F_swave: 0j, F_dwave: 0j
F_px: 0j, F_py: 0j
Free_energy = -14110.992437314184
------------------------------------------
[{'stable': {}, 'free': np.float64(-14110.992437314184)}]
------------------------------------------
  Seed: px
F_onsite: 1.5775336837874768e-14j
F_swave: -1.0984315836259547e-14j, F_dwave: -1.8748168013111118e-20j
F_px: (4.622111524053716e-19+0j), F_py: (-8.990325510529935e-20+0j)
Free_energy = -14110.992437314184
------------------------------------------
[{'stable': {}, 'free': np.float64(-14110.992437314184)}]
------------------------------------------
  Seed: py
F_onsite: -1.5775473293421456e-14j
F_swave: 1.0984441842006209e-14j, F_dwave: -1.7765969745878938e-20j
F_px: (-1.6595086519035896e-20+0j), F_py: (-5.529084267895319e-20+0j)
Free_energy = -14110.992437314184
------------------------------------------
[{'stable': {}, 'free': np.float64(-14110.992437314184)}]
------------------------------------------
  Seed: px+py
F_onsite: 1.5776969933078673e-14j
F_swave: -1.0985452401018538e-14j, F_dwave: -9.613290294506992e-21j
F_px: (3.6417241002822807e-19+0j), F_py: (2.7051968162345218e-20+0j)
Free_energy = -14110.992437314184
------------------------------------------
[{'stable': {}, 'free': np.float64(-14110.992437314184)}]
------------------------------------------
  Seed: px+i*py
F_onsite: (5.36983330347804e-17+1.5820185025814003e-14j)
F_swave: (-3.7392503101940506e-17-1.1015593947804922e-14j), F_dwave: (4.5829137870539164e-21+4.146834876308638e-21j)
F_px: (-1.465755453347647e-19-7.949310067368511e-20j), F_py: (-2.9316782529827954e-19+1.0600534592087635e-19j)
Free_energy = -14110.992437314188
------------------------------------------
[{'stable': {}, 'free': np.float64(-14110.992437314184)}]
------------------------------------------
  Seed: s-wave
F_onsite: (-1.5793974183357145e-14+0j)
F_swave: (1.0997310490491618e-14+0j), F_dwave: (-1.2166349330188682e-20+0j)
F_px: 2.893475271387728e-19j, F_py: -2.5193816740026707e-19j
Free_energy = -14110.992437314184
------------------------------------------
[{'stable': {}, 'free': np.float64(-14110.992437314184)}]
------------------------------------------
  Seed: s-wave+px
F_onsite: (-1.5793097343014546e-14+0j)
F_swave: (1.0996703167330238e-14+0j), F_dwave: (-1.2143805421800318e-20+0j)
F_px: 2.2109083914340444e-19j, F_py: 3.4519383135779764e-19j
Free_energy = -14110.992437314184
------------------------------------------
[{'stable': {}, 'free': np.float64(-14110.992437314184)}]
------------------------------------------
  Seed: s-wave+py
F_onsite: (-1.5793007811999195e-14-2.8915287650682365e-30j)
F_swave: (1.0996642741395702e-14+1.0826374441129798e-30j), F_dwave: (2.7278868696369615e-20-1.4455548680084496e-30j)
F_px: (2.3665827156630354e-30+1.9369550426745476e-19j), F_py: (1.8143800820083272e-29+1.3618920749907649e-19j)
Free_energy = -14110.992437314182
------------------------------------------
[{'stable': {}, 'free': np.float64(-14110.992437314184)}]
------------------------------------------
====================================
mu=2.24, T=0.0292
====================================
  Seed: normal state
F_onsite: 0j
F_swave: 0j, F_dwave: 0j
F_px: 0j, F_py: 0j
Free_energy = -14111.159020646637
------------------------------------------
[{'stable': {}, 'free': np.float64(-14111.159020646637)}]
------------------------------------------
  Seed: px
F_onsite: 1.2696745792810593e-14j
F_swave: -8.864822515125113e-15j, F_dwave: -7.48967028161438e-21j
F_px: (2.8621260374470433e-19+0j), F_py: (-1.54769840440196e-19+0j)
Free_energy = -14111.159020646637
------------------------------------------
[{'stable': {}, 'free': np.float64(-14111.159020646637)}]
------------------------------------------
  Seed: py
F_onsite: -1.2696820859297747e-14j
F_swave: 8.864846209733775e-15j, F_dwave: 1.9433565696702774e-21j
F_px: (-1.603046964490786e-20+0j), F_py: (-2.2834295828304524e-19+0j)
Free_energy = -14111.159020646639
------------------------------------------
[{'stable': {}, 'free': np.float64(-14111.159020646637)}]
------------------------------------------
  Seed: px+py
F_onsite: 1.2697822539617899e-14j
F_swave: -8.865552066268204e-15j, F_dwave: 3.6371955798939274e-20j
F_px: (6.390819841458252e-20+0j), F_py: (6.051462500507692e-20+0j)
Free_energy = -14111.159020646639
------------------------------------------
[{'stable': {}, 'free': np.float64(-14111.159020646637)}]
------------------------------------------
  Seed: px+i*py
F_onsite: (4.325459582486793e-17+1.273588142510755e-14j)
F_swave: (-3.0200165400715434e-17-8.892302141697887e-15j), F_dwave: (6.352542293354847e-21-2.6490852373243864e-20j)
F_px: (-5.1840263365330564e-20-6.201235044250124e-20j), F_py: (-3.4586782163688614e-19+8.49596098701091e-20j)
Free_energy = -14111.159020646639
------------------------------------------
[{'stable': {}, 'free': np.float64(-14111.159020646637)}]
------------------------------------------
  Seed: s-wave
F_onsite: (-1.2711225627487632e-14+0j)
F_swave: (8.87494132444692e-15+0j), F_dwave: (1.281153466663135e-21+0j)
F_px: 4.92801804910151e-19j, F_py: -3.677142494153003e-19j
Free_energy = -14111.159020646639
------------------------------------------
[{'stable': {}, 'free': np.float64(-14111.159020646637)}]
------------------------------------------
  Seed: s-wave+px
F_onsite: (-1.2710486056832259e-14+0j)
F_swave: (8.87444061509143e-15+0j), F_dwave: (-1.643297271760019e-20+0j)
F_px: 2.7044090816601664e-19j, F_py: 1.5207686428957383e-19j
Free_energy = -14111.159020646639
------------------------------------------
[{'stable': {}, 'free': np.float64(-14111.159020646637)}]
------------------------------------------
  Seed: s-wave+py
F_onsite: (-1.2710396236008542e-14-1.7198217073055252e-30j)
F_swave: (8.874361921315146e-15+1.0466345912150909e-30j), F_dwave: (4.6236605931829675e-20+1.4336141023532487e-32j)
F_px: (3.1554436208840472e-30-4.395058075508544e-20j), F_py: (1.735493991486226e-29-1.2290611266742728e-19j)
Free_energy = -14111.159020646639
------------------------------------------
[{'stable': {}, 'free': np.float64(-14111.159020646637)}]
------------------------------------------
====================================
mu=2.24, T=0.0307
====================================
  Seed: normal state
F_onsite: 0j
F_swave: 0j, F_dwave: 0j
F_px: 0j, F_py: 0j
Free_energy = -14111.3337637861
------------------------------------------
[{'stable': {}, 'free': np.float64(-14111.3337637861)}]
------------------------------------------
  Seed: px
F_onsite: 1.0740205441523241e-14j
F_swave: -7.518859120624115e-15j, F_dwave: -4.280651503673827e-21j
F_px: (2.5339596625829186e-19+0j), F_py: (-9.380531247423083e-20+0j)
Free_energy = -14111.3337637861
------------------------------------------
[{'stable': {}, 'free': np.float64(-14111.3337637861)}]
------------------------------------------
  Seed: py
F_onsite: -1.0740203008573545e-14j
F_swave: 7.518829991110845e-15j, F_dwave: -4.7202796558631325e-21j
F_px: (-1.1029547904982799e-19+0j), F_py: (-4.7948562012544995e-20+0j)
Free_energy = -14111.3337637861
------------------------------------------
[{'stable': {}, 'free': np.float64(-14111.3337637861)}]
------------------------------------------
  Seed: px+py
F_onsite: 1.0740281761858682e-14j
F_swave: -7.518863754240181e-15j, F_dwave: 8.742363776741584e-21j
F_px: (1.0302187104974961e-20+0j), F_py: (-1.0583490308415578e-21+0j)
Free_energy = -14111.3337637861
------------------------------------------
[{'stable': {}, 'free': np.float64(-14111.3337637861)}]
------------------------------------------
  Seed: px+i*py
F_onsite: (3.6606542812217075e-17+1.077521775037967e-14j)
F_swave: (-2.5629285724084097e-17-7.543457079003296e-15j), F_dwave: (8.452185095862163e-21-3.0355176112070673e-20j)
F_px: (-5.192090035857639e-20-6.532117623191421e-20j), F_py: (-2.6882050007661164e-19+7.678914234685367e-20j)
Free_energy = -14111.333763786104
------------------------------------------
[{'stable': {}, 'free': np.float64(-14111.3337637861)}]
------------------------------------------
  Seed: s-wave
F_onsite: (-1.0752319242009433e-14+0j)
F_swave: (7.527328159569095e-15+0j), F_dwave: (7.380163804060543e-21+0j)
F_px: 3.7928293855209602e-19j, F_py: -3.0842877928765764e-19j
Free_energy = -14111.3337637861
------------------------------------------
[{'stable': {}, 'free': np.float64(-14111.3337637861)}]
------------------------------------------
  Seed: s-wave+px
F_onsite: (-1.075170229580165e-14+0j)
F_swave: (7.52687799385221e-15+0j), F_dwave: (-1.6515776356853075e-20+0j)
F_px: 1.8007671046494473e-19j, F_py: 1.5851969440621523e-19j
Free_energy = -14111.3337637861
------------------------------------------
[{'stable': {}, 'free': np.float64(-14111.3337637861)}]
------------------------------------------
  Seed: s-wave+py
F_onsite: (-1.0751310549036163e-14-1.0097220814205743e-30j)
F_swave: (7.526580867746653e-15+9.994794002329847e-31j), F_dwave: (-5.7854182825926935e-21-9.153583913807959e-32j)
F_px: (-7.888609052210118e-31-8.588848700543371e-20j), F_py: (1.34106353887572e-29-9.744758934244904e-20j)
Free_energy = -14111.3337637861
------------------------------------------
[{'stable': {}, 'free': np.float64(-14111.3337637861)}]
------------------------------------------
====================================
mu=2.24, T=0.0322
====================================
  Seed: normal state
F_onsite: 0j
F_swave: 0j, F_dwave: 0j
F_px: 0j, F_py: 0j
Free_energy = -14111.516673250375
------------------------------------------
[{'stable': {}, 'free': np.float64(-14111.516673250375)}]
------------------------------------------
  Seed: px
F_onsite: 8.898051622941486e-15j
F_swave: -6.245356540043067e-15j, F_dwave: -3.2779603722444284e-20j
F_px: (1.9674373186752182e-19+0j), F_py: (-1.8446171107537955e-19+0j)
Free_energy = -14111.516673250375
------------------------------------------
[{'stable': {}, 'free': np.float64(-14111.516673250375)}]
------------------------------------------
  Seed: py
F_onsite: -8.897964448015282e-15j
F_swave: 6.245290100815803e-15j, F_dwave: 5.74567568002466e-21j
F_px: (-1.165026172658726e-19+0j), F_py: (-1.0325729861947972e-19+0j)
Free_energy = -14111.516673250375
------------------------------------------
[{'stable': {}, 'free': np.float64(-14111.516673250375)}]
------------------------------------------
  Seed: px+py
F_onsite: 8.89807620919585e-15j
F_swave: -6.2453836685442636e-15j, F_dwave: -1.2859528512482128e-20j
F_px: (-3.198596887081242e-20+0j), F_py: (8.059638746647764e-20+0j)
Free_energy = -14111.516673250375
------------------------------------------
[{'stable': {}, 'free': np.float64(-14111.516673250375)}]
------------------------------------------
  Seed: px+i*py
F_onsite: (3.0333667173362975e-17+8.928939574491217e-15j)
F_swave: (-2.1289937253775448e-17-6.267057025376732e-15j), F_dwave: (-8.137955218373918e-21+5.966468693059646e-22j)
F_px: (-9.299708920135679e-20-6.542511273971555e-20j), F_py: (-3.1163215637242953e-19+7.441966516247872e-20j)
Free_energy = -14111.516673250371
------------------------------------------
[{'stable': {}, 'free': np.float64(-14111.516673250375)}]
------------------------------------------
  Seed: s-wave
F_onsite: (-8.907994808026811e-15+0j)
F_swave: (6.252357855625532e-15+0j), F_dwave: (-5.4026250985618293e-20+0j)
F_px: 3.7241738655970643e-19j, F_py: -1.972093479730409e-19j
Free_energy = -14111.516673250375
------------------------------------------
[{'stable': {}, 'free': np.float64(-14111.516673250375)}]
------------------------------------------
  Seed: s-wave+px
F_onsite: (-8.907514977605945e-15+0j)
F_swave: (6.252007433406363e-15+0j), F_dwave: (-2.3912378640488548e-20+0j)
F_px: 2.8240703113152264e-19j, F_py: 2.1016162014608078e-19j
Free_energy = -14111.516673250375
------------------------------------------
[{'stable': {}, 'free': np.float64(-14111.516673250375)}]
------------------------------------------
  Seed: s-wave+py
F_onsite: (-8.90653146645229e-15-8.31399717827303e-31j)
F_swave: (6.2512925583259245e-15+3.160451038739454e-31j), F_dwave: (2.4338599625516066e-20-4.24511070929404e-31j)
F_px: (-2.7610131682735413e-30-1.473945300274591e-19j), F_py: (1.0255191767873153e-29-3.833009765986529e-20j)
Free_energy = -14111.516673250375
------------------------------------------
[{'stable': {}, 'free': np.float64(-14111.516673250375)}]
------------------------------------------
====================================
mu=2.24, T=0.0337
====================================
  Seed: normal state
F_onsite: 0j
F_swave: 0j, F_dwave: 0j
F_px: 0j, F_py: 0j
Free_energy = -14111.707764317604
------------------------------------------
[{'stable': {}, 'free': np.float64(-14111.707764317604)}]
------------------------------------------
  Seed: px
F_onsite: 7.225094423319423e-15j
F_swave: -5.083985848119384e-15j, F_dwave: -9.90171216559211e-22j
F_px: (3.2426889328866755e-20+0j), F_py: (-1.888990194558058e-19+0j)
Free_energy = -14111.707764317604
------------------------------------------
[{'stable': {}, 'free': np.float64(-14111.707764317604)}]
------------------------------------------
  Seed: py
F_onsite: -7.225092145731398e-15j
F_swave: 5.084007318859294e-15j, F_dwave: 6.709943833473193e-21j
F_px: (6.104056085308414e-20+0j), F_py: (7.581305074025528e-20+0j)
Free_energy = -14111.7077643176
------------------------------------------
[{'stable': {}, 'free': np.float64(-14111.707764317604)}]
------------------------------------------
  Seed: px+py
F_onsite: 7.224940461277403e-15j
F_swave: -5.083887308550825e-15j, F_dwave: -1.6966659698759035e-20j
F_px: (6.502995843536809e-20+0j), F_py: (-1.0277740898511764e-19+0j)
Free_energy = -14111.707764317604
------------------------------------------
[{'stable': {}, 'free': np.float64(-14111.707764317604)}]
------------------------------------------
  Seed: px+i*py
F_onsite: (2.4668620849875895e-17+7.252358164154614e-15j)
F_swave: (-1.7355048080371536e-17-5.103139866695519e-15j), F_dwave: (-3.906464166905057e-22-9.723705516946676e-21j)
F_px: (6.374935541380502e-20-4.2929070448278354e-20j), F_py: (-1.9686560056964117e-19+5.846672612915276e-20j)
Free_energy = -14111.707764317604
------------------------------------------
[{'stable': {}, 'free': np.float64(-14111.707764317604)}]
------------------------------------------
  Seed: s-wave
F_onsite: (-7.233125985825971e-15+0j)
F_swave: (5.089585538711506e-15+0j), F_dwave: (-5.820544052889322e-20+0j)
F_px: 1.173417387265048e-19j, F_py: -2.221939529710027e-19j
Free_energy = -14111.7077643176
------------------------------------------
[{'stable': {}, 'free': np.float64(-14111.707764317604)}]
------------------------------------------
  Seed: s-wave+px
F_onsite: (-7.232936870262187e-15+0j)
F_swave: (5.089475712548535e-15+0j), F_dwave: (2.0652484290849936e-20+0j)
F_px: 4.3292228343400733e-19j, F_py: 1.1561816859462506e-19j
Free_energy = -14111.707764317604
------------------------------------------
[{'stable': {}, 'free': np.float64(-14111.707764317604)}]
------------------------------------------
  Seed: s-wave+py
F_onsite: (-7.231980911040182e-15-1.583775680011457e-30j)
F_swave: (5.088756513048344e-15+7.683617883754402e-31j), F_dwave: (5.071597976577704e-20+8.017887099727111e-32j)
F_px: (-2.7610131682735413e-30-1.16096529076609e-19j), F_py: (7.494178599599612e-30-8.294720444734579e-20j)
Free_energy = -14111.707764317604
------------------------------------------
[{'stable': {}, 'free': np.float64(-14111.707764317604)}]
------------------------------------------
====================================
mu=2.24, T=0.0352
====================================
  Seed: normal state
F_onsite: 0j
F_swave: 0j, F_dwave: 0j
F_px: 0j, F_py: 0j
Free_energy = -14111.907057808728
------------------------------------------
[{'stable': {}, 'free': np.float64(-14111.907057808728)}]
------------------------------------------
  Seed: px
F_onsite: 5.754037387805305e-15j
F_swave: -4.058454952748309e-15j, F_dwave: -2.6982229015899067e-20j
F_px: (-9.921745426853e-21+0j), F_py: (-1.5436003203997668e-19+0j)
Free_energy = -14111.90705780873
------------------------------------------
[{'stable': {}, 'free': np.float64(-14111.907057808728)}]
------------------------------------------
  Seed: py
F_onsite: -5.754119215507662e-15j
F_swave: 4.0585289236009365e-15j, F_dwave: -9.362829206930622e-21j
F_px: (4.411740545595189e-20+0j), F_py: (-1.683052104849199e-20+0j)
Free_energy = -14111.90705780873
------------------------------------------
[{'stable': {}, 'free': np.float64(-14111.907057808728)}]
------------------------------------------
  Seed: px+py
F_onsite: 5.754189703146247e-15j
F_swave: -4.0585825606824216e-15j, F_dwave: 1.139245383696415e-20j
F_px: (1.1548481123766446e-19+0j), F_py: (-1.175635680506529e-19+0j)
Free_energy = -14111.907057808728
------------------------------------------
[{'stable': {}, 'free': np.float64(-14111.907057808728)}]
------------------------------------------
  Seed: px+i*py
F_onsite: (1.9659350215738955e-17+5.778252185991312e-15j)
F_swave: (-1.3866076169432456e-17-4.075691415485152e-15j), F_dwave: (7.162768282561311e-21-1.0213073432591817e-20j)
F_px: (2.274325644144915e-19-1.9746069499744935e-20j), F_py: (-3.2880219123774674e-20+4.7764902193158466e-20j)
Free_energy = -14111.907057808728
------------------------------------------
[{'stable': {}, 'free': np.float64(-14111.907057808728)}]
------------------------------------------
  Seed: s-wave
F_onsite: (-5.760786485492946e-15+0j)
F_swave: (4.06319750486339e-15+0j), F_dwave: (-1.9997531027032193e-20+0j)
F_px: 1.272527949092682e-20j, F_py: -1.0836512322178652e-19j
Free_energy = -14111.90705780873
------------------------------------------
[{'stable': {}, 'free': np.float64(-14111.907057808728)}]
------------------------------------------
  Seed: s-wave+px
F_onsite: (-5.7609221098556426e-15+0j)
F_swave: (4.0633739218285375e-15+0j), F_dwave: (1.1365017134773706e-20+0j)
F_px: 1.2337156977469456e-19j, F_py: 3.585541950304301e-20j
Free_energy = -14111.90705780873
------------------------------------------
[{'stable': {}, 'free': np.float64(-14111.907057808728)}]
------------------------------------------
  Seed: s-wave+py
F_onsite: (-5.759369347566645e-15-7.710270613518002e-31j)
F_swave: (4.062234726019674e-15+1.4194103690133928e-31j), F_dwave: (2.438178081360539e-20-4.698185728711138e-31j)
F_px: (-4.338734978715565e-30+1.660744056445622e-19j), F_py: (5.5220263365470826e-30-1.1554044409309928e-19j)
Free_energy = -14111.907057808727
------------------------------------------
[{'stable': {}, 'free': np.float64(-14111.907057808728)}]
------------------------------------------
====================================
mu=2.24, T=0.0366
====================================
  Seed: normal state
F_onsite: 0j
F_swave: 0j, F_dwave: 0j
F_px: 0j, F_py: 0j
Free_energy = -14112.114577676106
------------------------------------------
[{'stable': {}, 'free': np.float64(-14112.114577676106)}]
------------------------------------------
  Seed: px
F_onsite: 4.497372399834968e-15j
F_swave: -3.1799609135688315e-15j, F_dwave: -1.2657102063937237e-20j
F_px: (-1.120747536790073e-19+0j), F_py: (2.1820185440718803e-20+0j)
Free_energy = -14112.114577676106
------------------------------------------
[{'stable': {}, 'free': np.float64(-14112.114577676106)}]
------------------------------------------
  Seed: py
F_onsite: -4.497550561780866e-15j
F_swave: 3.1801045510867317e-15j, F_dwave: -1.2346945538409451e-20j
F_px: (2.8152782804724484e-20+0j), F_py: (-7.629980387716082e-20+0j)
Free_energy = -14112.114577676106
------------------------------------------
[{'stable': {}, 'free': np.float64(-14112.114577676106)}]
------------------------------------------
  Seed: px+py
F_onsite: 4.4976195892653875e-15j
F_swave: -3.1801140847057864e-15j, F_dwave: -6.364306069470151e-21j
F_px: (1.6927256522987126e-19+0j), F_py: (1.5036026058732892e-19+0j)
Free_energy = -14112.114577676106
------------------------------------------
[{'stable': {}, 'free': np.float64(-14112.114577676106)}]
------------------------------------------
  Seed: px+i*py
F_onsite: (1.5386591837581063e-17+4.518160215906924e-15j)
F_swave: (-1.0880251358065279e-17-3.194714125596423e-15j), F_dwave: (3.509482393488572e-21-2.8042358495195687e-20j)
F_px: (2.0737680854394808e-19-3.657228634542762e-21j), F_py: (-4.0762842454454076e-20+1.255409977215708e-20j)
Free_energy = -14112.114577676113
------------------------------------------
[{'stable': {}, 'free': np.float64(-14112.114577676106)}]
------------------------------------------
  Seed: s-wave
F_onsite: (-4.502718025895245e-15+0j)
F_swave: (3.1837786260497807e-15+0j), F_dwave: (-2.0441981934994184e-20+0j)
F_px: -9.426727083012839e-20j, F_py: -8.51692416134467e-20j
Free_energy = -14112.114577676106
------------------------------------------
[{'stable': {}, 'free': np.float64(-14112.114577676106)}]
------------------------------------------
  Seed: s-wave+px
F_onsite: (-4.502924167672584e-15+0j)
F_swave: (3.1839177365645213e-15+0j), F_dwave: (1.6406599978145028e-21+0j)
F_px: 1.156319892242918e-19j, F_py: -3.375512416540275e-20j
Free_energy = -14112.114577676106
------------------------------------------
[{'stable': {}, 'free': np.float64(-14112.114577676106)}]
------------------------------------------
  Seed: s-wave+py
F_onsite: (-4.5015418384392496e-15+2.9390003778627882e-31j)
F_swave: (3.1829100705277924e-15+2.8482999244718166e-31j), F_dwave: (1.373439118091011e-20+2.3572479739638335e-31j)
F_px: (-3.1554436208840472e-30+2.6041313471631717e-19j), F_py: (4.338734978715565e-30-7.852178633206727e-20j)
Free_energy = -14112.114577676106
------------------------------------------
[{'stable': {}, 'free': np.float64(-14112.114577676106)}]
------------------------------------------
====================================
mu=2.24, T=0.0381
====================================
  Seed: normal state
F_onsite: 0j
F_swave: 0j, F_dwave: 0j
F_px: 0j, F_py: 0j
Free_energy = -14112.330349244095
------------------------------------------
[{'stable': {}, 'free': np.float64(-14112.330349244095)}]
------------------------------------------
  Seed: px
F_onsite: 3.4521323493005406e-15j
F_swave: -2.4465758975961057e-15j, F_dwave: -5.55234328428732e-21j
F_px: (-3.054406940310864e-20+0j), F_py: (1.9295279342236948e-19+0j)
Free_energy = -14112.330349244095
------------------------------------------
[{'stable': {}, 'free': np.float64(-14112.330349244095)}]
------------------------------------------
  Seed: py
F_onsite: -3.452496500850324e-15j
F_swave: 2.4468683062572192e-15j, F_dwave: -3.5303668669775934e-20j
F_px: (3.0755480535441873e-19+0j), F_py: (1.317196993469003e-19+0j)
Free_energy = -14112.330349244095
------------------------------------------
[{'stable': {}, 'free': np.float64(-14112.330349244095)}]
------------------------------------------
  Seed: px+py
F_onsite: 3.4525353942819712e-15j
F_swave: -2.4468836018687687e-15j, F_dwave: -6.908270422325623e-20j
F_px: (4.4373130577298256e-20+0j), F_py: (-3.332676088738848e-20+0j)
Free_energy = -14112.330349244095
------------------------------------------
[{'stable': {}, 'free': np.float64(-14112.330349244095)}]
------------------------------------------
  Seed: px+i*py
F_onsite: (1.1839044250851121e-17+3.4701581018388824e-15j)
F_swave: (-8.388322581764502e-18-2.4594328816102806e-15j), F_dwave: (2.9481207293601285e-21-1.2754022212519883e-19j)
F_px: (2.1457635511183606e-19-1.1201282127893552e-20j), F_py: (-1.3511582583398977e-19+3.2447859734057984e-20j)
Free_energy = -14112.330349244095
------------------------------------------
[{'stable': {}, 'free': np.float64(-14112.330349244095)}]
------------------------------------------
  Seed: s-wave
F_onsite: (-3.456233902402118e-15+0j)
F_swave: (2.4495716079141407e-15+0j), F_dwave: (1.4899800532062563e-20+0j)
F_px: 3.9573495680520083e-20j, F_py: -1.6405199104557905e-20j
Free_energy = -14112.330349244095
------------------------------------------
[{'stable': {}, 'free': np.float64(-14112.330349244095)}]
------------------------------------------
  Seed: s-wave+px
F_onsite: (-3.4566217187303436e-15+0j)
F_swave: (2.449848358440117e-15+0j), F_dwave: (1.2350145459191463e-20+0j)
F_px: 4.335185290705635e-20j, F_py: 6.66011141537641e-20j
Free_energy = -14112.330349244095
------------------------------------------
[{'stable': {}, 'free': np.float64(-14112.330349244095)}]
------------------------------------------
  Seed: s-wave+py
F_onsite: (-3.4555428138235268e-15-2.2961436063151765e-31j)
F_swave: (2.4490413789916533e-15+2.5916998520375984e-31j), F_dwave: (-1.3314238039418196e-20+1.1532709248233817e-31j)
F_px: (-1.9721522630525295e-30+2.185069835517827e-19j), F_py: (3.549874073494553e-30-1.2979104828139466e-19j)
Free_energy = -14112.330349244095
------------------------------------------
[{'stable': {}, 'free': np.float64(-14112.330349244095)}]
------------------------------------------
====================================
mu=2.24, T=0.0396
====================================
  Seed: normal state
F_onsite: 0j
F_swave: 0j, F_dwave: 0j
F_px: 0j, F_py: 0j
Free_energy = -14112.554397965847
------------------------------------------
[{'stable': {}, 'free': np.float64(-14112.554397965847)}]
------------------------------------------
  Seed: px
F_onsite: 2.603735004268153e-15j
F_swave: -1.8493151705626707e-15j, F_dwave: -5.456906665176172e-20j
F_px: (8.034716828697477e-20+0j), F_py: (1.5559639788653266e-19+0j)
Free_energy = -14112.554397965847
------------------------------------------
[{'stable': {}, 'free': np.float64(-14112.554397965847)}]
------------------------------------------
  Seed: py
F_onsite: -2.6039221126825203e-15j
F_swave: 1.849438535532312e-15j, F_dwave: -2.2441073775083045e-20j
F_px: (2.3905466847631354e-19+0j), F_py: (1.1432107524894738e-19+0j)
Free_energy = -14112.554397965847
------------------------------------------
[{'stable': {}, 'free': np.float64(-14112.554397965847)}]
------------------------------------------
  Seed: px+py
F_onsite: 2.6039687384117905e-15j
F_swave: -1.8495256583953917e-15j, F_dwave: -3.467911718148929e-20j
F_px: (1.1454939428541102e-19+0j), F_py: (-6.576989505263655e-20+0j)
Free_energy = -14112.554397965847
------------------------------------------
[{'stable': {}, 'free': np.float64(-14112.554397965847)}]
------------------------------------------
  Seed: px+i*py
F_onsite: (8.95891818311576e-18+2.619497324520352e-15j)
F_swave: (-6.364247473022228e-18-1.860553460386071e-15j), F_dwave: (7.835029041933028e-21-6.137833066865322e-20j)
F_px: (-1.1252680379717564e-20-8.915849398260957e-21j), F_py: (5.3838557428252045e-21+4.481367790858317e-20j)
Free_energy = -14112.554397965847
------------------------------------------
[{'stable': {}, 'free': np.float64(-14112.554397965847)}]
------------------------------------------
  Seed: s-wave
F_onsite: (-2.6069382031261024e-15+0j)
F_swave: (1.85150529981464e-15+0j), F_dwave: (-3.168518367089363e-20+0j)
F_px: -6.495322765444502e-20j, F_py: 3.3385401115767993e-20j
Free_energy = -14112.554397965847
------------------------------------------
[{'stable': {}, 'free': np.float64(-14112.554397965847)}]
------------------------------------------
  Seed: s-wave+px
F_onsite: (-2.607119062773964e-15+0j)
F_swave: (1.851645293884204e-15+0j), F_dwave: (3.3353841696905814e-20+0j)
F_px: 6.32220205660019e-20j, F_py: -1.1557445075715827e-19j
Free_energy = -14112.554397965845
------------------------------------------
[{'stable': {}, 'free': np.float64(-14112.554397965847)}]
------------------------------------------
  Seed: s-wave+py
F_onsite: (-2.6064485874381113e-15-3.3472878818290692e-31j)
F_swave: (1.851169062586852e-15+1.1012708163249263e-31j), F_dwave: (-5.1228080708267125e-20-7.92159060250775e-32j)
F_px: (-9.860761315262648e-31+2.554996587436239e-19j), F_py: (2.5637979419682884e-30-5.821823683696e-20j)
Free_energy = -14112.554397965847
------------------------------------------
[{'stable': {}, 'free': np.float64(-14112.554397965847)}]
------------------------------------------
====================================
mu=2.24, T=0.0411
====================================
  Seed: normal state
F_onsite: 0j
F_swave: 0j, F_dwave: 0j
F_px: 0j, F_py: 0j
Free_energy = -14112.78674857741
------------------------------------------
[{'stable': {}, 'free': np.float64(-14112.78674857741)}]
------------------------------------------
  Seed: px
F_onsite: 1.930802835135521e-15j
F_swave: -1.3740610935429016e-15j, F_dwave: 1.297377354723297e-20j
F_px: (-1.1602409840178686e-19+0j), F_py: (9.897156168986768e-20+0j)
Free_energy = -14112.78674857741
------------------------------------------
[{'stable': {}, 'free': np.float64(-14112.78674857741)}]
------------------------------------------
  Seed: py
F_onsite: -1.931056190202445e-15j
F_swave: 1.3742614885864959e-15j, F_dwave: -1.9792671095732318e-20j
F_px: (7.673129843195032e-20+0j), F_py: (2.56391607756175e-21+0j)
Free_energy = -14112.78674857741
------------------------------------------
[{'stable': {}, 'free': np.float64(-14112.78674857741)}]
------------------------------------------
  Seed: px+py
F_onsite: 1.930785130484915e-15j
F_swave: -1.3740783413217506e-15j, F_dwave: -3.346351848558478e-20j
F_px: (-9.508269591766473e-20+0j), F_py: (-1.3653039332820527e-19+0j)
Free_energy = -14112.78674857741
------------------------------------------
[{'stable': {}, 'free': np.float64(-14112.78674857741)}]
------------------------------------------
  Seed: px+i*py
F_onsite: (6.668703616087184e-18+1.944175518211654e-15j)
F_swave: (-4.744213259054278e-18-1.383603453423038e-15j), F_dwave: (-1.3237915049935305e-21-8.495757243817633e-20j)
F_px: (1.4867184648632588e-19-2.1911732911063268e-20j), F_py: (3.071008062490124e-20+5.1054272523692975e-20j)
Free_energy = -14112.78674857741
------------------------------------------
[{'stable': {}, 'free': np.float64(-14112.78674857741)}]
------------------------------------------
  Seed: s-wave
F_onsite: (-1.933265897271428e-15+0j)
F_swave: (1.375800705839661e-15+0j), F_dwave: (-8.966984716118519e-21+0j)
F_px: -1.5858242827661427e-19j, F_py: 1.0069376579287126e-19j
Free_energy = -14112.78674857741
------------------------------------------
[{'stable': {}, 'free': np.float64(-14112.78674857741)}]
------------------------------------------
  Seed: s-wave+px
F_onsite: (-1.9334372235651683e-15+0j)
F_swave: (1.3759241632095393e-15+0j), F_dwave: (-2.3718197489680366e-20+0j)
F_px: 4.537645487878748e-20j, F_py: -2.3634038523997765e-21j
Free_energy = -14112.78674857741
------------------------------------------
[{'stable': {}, 'free': np.float64(-14112.78674857741)}]
------------------------------------------
  Seed: s-wave+py
F_onsite: (-1.9328183059974133e-15-1.0547308088237176e-31j)
F_swave: (1.3755031128011498e-15+1.3645213655983566e-31j), F_dwave: (-1.9643733164340965e-20+3.0381544872708646e-32j)
F_px: (-6.902532920683853e-31+1.2405563251469842e-19j), F_py: (1.5777218104420236e-30-1.7302118680519003e-19j)
Free_energy = -14112.78674857741
------------------------------------------
[{'stable': {}, 'free': np.float64(-14112.78674857741)}]
------------------------------------------
====================================
mu=2.24, T=0.0426
====================================
  Seed: normal state
F_onsite: 0j
F_swave: 0j, F_dwave: 0j
F_px: 0j, F_py: 0j
Free_energy = -14113.027424551396
------------------------------------------
[{'stable': {}, 'free': np.float64(-14113.027424551396)}]
------------------------------------------
  Seed: px
F_onsite: 1.4073172105649669e-15j
F_swave: -1.0033853648671755e-15j, F_dwave: -3.85767057823904e-20j
F_px: (-1.1252117338779578e-20+0j), F_py: (-3.3094474593802227e-20+0j)
Free_energy = -14113.027424551397
------------------------------------------
[{'stable': {}, 'free': np.float64(-14113.027424551396)}]
------------------------------------------
  Seed: py
F_onsite: -1.4073656272496085e-15j
F_swave: 1.0034133589674801e-15j, F_dwave: 1.6353635046216694e-20j
F_px: (-4.729708210371101e-20+0j), F_py: (-1.9370632334497628e-20+0j)
Free_energy = -14113.027424551397
------------------------------------------
[{'stable': {}, 'free': np.float64(-14113.027424551396)}]
------------------------------------------
  Seed: px+py
F_onsite: 1.4070894699163851e-15j
F_swave: -1.0032129658242108e-15j, F_dwave: -1.9035465750996802e-20j
F_px: (-1.2476026136531443e-19+0j), F_py: (-8.188830144690247e-21+0j)
Free_energy = -14113.027424551397
------------------------------------------
[{'stable': {}, 'free': np.float64(-14113.027424551396)}]
------------------------------------------
  Seed: px+i*py
F_onsite: (4.850629050341832e-18+1.4195664367594128e-15j)
F_swave: (-3.461505754072391e-18-1.012134340117856e-15j), F_dwave: (3.794367926227046e-21-1.3332427633071485e-20j)
F_px: (2.4966165682817823e-20-5.2697035009566506e-20j), F_py: (1.4668581478774444e-19+5.078775957865183e-20j)
Free_energy = -14113.027424551397
------------------------------------------
[{'stable': {}, 'free': np.float64(-14113.027424551396)}]
------------------------------------------
  Seed: s-wave
F_onsite: (-1.4088739808107355e-15+0j)
F_swave: (1.004501094003723e-15+0j), F_dwave: (2.8847101279063997e-21+0j)
F_px: -1.3167887504939791e-19j, F_py: -1.9678550052732242e-19j
Free_energy = -14113.027424551397
------------------------------------------
[{'stable': {}, 'free': np.float64(-14113.027424551396)}]
------------------------------------------
  Seed: s-wave+px
F_onsite: (-1.409163771990629e-15+0j)
F_swave: (1.0047155739820469e-15+0j), F_dwave: (3.70114450733135e-21+0j)
F_px: 9.105298467852809e-20j, F_py: -2.060630868236406e-19j
Free_energy = -14113.027424551394
------------------------------------------
[{'stable': {}, 'free': np.float64(-14113.027424551396)}]
------------------------------------------
  Seed: s-wave+py
F_onsite: (-1.4086924942644416e-15-1.5734433207462808e-31j)
F_swave: (1.0043464463864255e-15+5.621308025180245e-32j), F_dwave: (-2.6935409940722268e-21-2.5037089277034066e-32j)
F_px: (-3.944304526105059e-31-3.598711141344335e-20j), F_py: (9.860761315262648e-31-1.4255158874533077e-19j)
Free_energy = -14113.027424551397
------------------------------------------
[{'stable': {}, 'free': np.float64(-14113.027424551396)}]
------------------------------------------
====================================
mu=2.24, T=0.0441
====================================
  Seed: normal state
F_onsite: 0j
F_swave: 0j, F_dwave: 0j
F_px: 0j, F_py: 0j
Free_energy = -14113.276447773696
------------------------------------------
[{'stable': {}, 'free': np.float64(-14113.276447773696)}]
------------------------------------------
  Seed: px
F_onsite: 1.0101222971774436e-15j
F_swave: -7.203300284845153e-16j, F_dwave: -1.6001763159125178e-20j
F_px: (-1.4281613776447987e-19+0j), F_py: (4.603903287346859e-20+0j)
Free_energy = -14113.276447773696
------------------------------------------
[{'stable': {}, 'free': np.float64(-14113.276447773696)}]
------------------------------------------
  Seed: py
F_onsite: -1.0098562318604374e-15j
F_swave: 7.201336332687578e-16j, F_dwave: -1.174965362133768e-20j
F_px: (-2.605143767467559e-20+0j), F_py: (-2.985332301998697e-20+0j)
Free_energy = -14113.276447773696
------------------------------------------
[{'stable': {}, 'free': np.float64(-14113.276447773696)}]
------------------------------------------
  Seed: px+py
F_onsite: 1.0096815484060564e-15j
F_swave: -7.199530986097013e-16j, F_dwave: -6.869991294013363e-20j
F_px: (-2.0797233933899659e-19+0j), F_py: (2.4583159073053835e-20+0j)
Free_energy = -14113.276447773696
------------------------------------------
[{'stable': {}, 'free': np.float64(-14113.276447773696)}]
------------------------------------------
  Seed: px+i*py
F_onsite: (3.510813551088974e-18+1.0209359807435879e-15j)
F_swave: (-2.500432220403473e-18-7.280738731381881e-16j), F_dwave: (-6.0732152689900915e-21+2.9714521483507185e-20j)
F_px: (-1.1983552746522157e-19-5.1331044737236543e-20j), F_py: (4.062270320643363e-20+1.0421950242635001e-20j)
Free_energy = -14113.276447773696
------------------------------------------
[{'stable': {}, 'free': np.float64(-14113.276447773696)}]
------------------------------------------
  Seed: s-wave
F_onsite: (-1.01144597152896e-15+0j)
F_swave: (7.212695509465025e-16+0j), F_dwave: (1.4156973578736098e-20+0j)
F_px: -6.216534985676603e-20j, F_py: -1.3258218811623174e-19j
Free_energy = -14113.276447773696
------------------------------------------
[{'stable': {}, 'free': np.float64(-14113.276447773696)}]
------------------------------------------
  Seed: s-wave+px
F_onsite: (-1.0112673330141309e-15+0j)
F_swave: (7.211584232804548e-16+0j), F_dwave: (5.529151177866429e-20+0j)
F_px: -3.93890618701914e-20j, F_py: -1.8020659547820925e-19j
Free_energy = -14113.276447773696
------------------------------------------
[{'stable': {}, 'free': np.float64(-14113.276447773696)}]
------------------------------------------
  Seed: s-wave+py
F_onsite: (-1.0111489662576457e-15+3.734126055781172e-32j)
F_swave: (7.210603906600608e-16-5.1217699458548053e-33j), F_dwave: (2.178378686553854e-20-2.308708520834199e-32j)
F_px: (-3.4512664603419266e-31-1.041871230316987e-19j), F_py: (6.409494854920721e-31-8.799576713335711e-20j)
Free_energy = -14113.276447773696
------------------------------------------
[{'stable': {}, 'free': np.float64(-14113.276447773696)}]
------------------------------------------
====================================
mu=2.24, T=0.0455
====================================
  Seed: normal state
F_onsite: 0j
F_swave: 0j, F_dwave: 0j
F_px: 0j, F_py: 0j
Free_energy = -14113.533838379984
------------------------------------------
[{'stable': {}, 'free': np.float64(-14113.533838379984)}]
------------------------------------------
  Seed: px
F_onsite: 8.477315475892508e-16j
F_swave: -6.04821109701597e-16j, F_dwave: -4.6976810250023556e-20j
F_px: (-2.465061614913365e-19+0j), F_py: (-6.471209175997631e-20+0j)
Free_energy = -14113.533838379984
------------------------------------------
[{'stable': {}, 'free': np.float64(-14113.533838379984)}]
------------------------------------------
  Seed: py
F_onsite: -8.476487099709337e-16j
F_swave: 6.047518573652488e-16j, F_dwave: -1.0436752019981315e-20j
F_px: (-1.5478292094834797e-19+0j), F_py: (3.743439143426645e-20+0j)
Free_energy = -14113.533838379984
------------------------------------------
[{'stable': {}, 'free': np.float64(-14113.533838379984)}]
------------------------------------------
  Seed: px+py
F_onsite: 8.4739433942079925e-16j
F_swave: -6.045788512289341e-16j, F_dwave: -8.99959219810039e-20j
F_px: (-2.2109674823906902e-20+0j), F_py: (-2.901371988943319e-20+0j)
Free_energy = -14113.533838379984
------------------------------------------
[{'stable': {}, 'free': np.float64(-14113.533838379984)}]
------------------------------------------
  Seed: px+i*py
F_onsite: (2.963220002216014e-18+8.578829612967464e-16j)
F_swave: (-2.1123528286901626e-18-6.122751873043018e-16j), F_dwave: (4.797433482306531e-22-3.601416853293842e-21j)
F_px: (-1.912044007164751e-19-4.7772155806899385e-20j), F_py: (5.207557072291889e-21+1.0498817603587977e-20j)
Free_energy = -14113.533838379986
------------------------------------------
[{'stable': {}, 'free': np.float64(-14113.533838379984)}]
------------------------------------------
  Seed: s-wave
F_onsite: (-8.492017307471235e-16+0j)
F_swave: (6.05906779786706e-16+0j), F_dwave: (-2.9010298448171757e-21+0j)
F_px: -8.642059529550228e-20j, F_py: -8.775697867577732e-20j
Free_energy = -14113.533838379984
------------------------------------------
[{'stable': {}, 'free': np.float64(-14113.533838379984)}]
------------------------------------------
  Seed: s-wave+px
F_onsite: (-8.489350023272886e-16+0j)
F_swave: (6.057273479903681e-16+0j), F_dwave: (5.660655741334065e-21+0j)
F_px: 1.502515127255993e-19j, F_py: -4.1159203044842365e-20j
Free_energy = -14113.533838379984
------------------------------------------
[{'stable': {}, 'free': np.float64(-14113.533838379984)}]
------------------------------------------
  Seed: s-wave+py
F_onsite: (-8.485381853924844e-16+1.0631890500012618e-32j)
F_swave: (6.053882784179722e-16+1.4557322040583208e-33j), F_dwave: (1.0102807489851101e-20+2.655676837377712e-34j)
F_px: (-1.9721522630525295e-31-1.1505698815087589e-19j), F_py: (6.902532920683853e-31-1.3948973290662183e-20j)
Free_energy = -14113.533838379984
------------------------------------------
[{'stable': {}, 'free': np.float64(-14113.533838379984)}]
------------------------------------------
====================================
mu=2.24, T=0.0470
====================================
  Seed: normal state
F_onsite: 0j
F_swave: 0j, F_dwave: 0j
F_px: 0j, F_py: 0j
Free_energy = -14113.79961470601
------------------------------------------
[{'stable': {}, 'free': np.float64(-14113.79961470601)}]
------------------------------------------
  Seed: px
F_onsite: 7.059872795361561e-16j
F_swave: -5.034319266549641e-16j, F_dwave: -2.3958253423967552e-20j
F_px: (-2.655534625845127e-19+0j), F_py: (-3.5988485160252385e-20+0j)
Free_energy = -14113.79961470601
------------------------------------------
[{'stable': {}, 'free': np.float64(-14113.79961470601)}]
------------------------------------------
  Seed: py
F_onsite: -7.057829785006587e-16j
F_swave: 5.03261777369854e-16j, F_dwave: 1.1226797629705863e-20j
F_px: (-1.3462497553658157e-19+0j), F_py: (-1.3889010113925697e-20+0j)
Free_energy = -14113.79961470601
------------------------------------------
[{'stable': {}, 'free': np.float64(-14113.79961470601)}]
------------------------------------------
  Seed: px+py
F_onsite: 7.057144396317179e-16j
F_swave: -5.031624431160367e-16j, F_dwave: -3.712829551674273e-20j
F_px: (-1.98444247250998e-19+0j), F_py: (7.86863037282093e-22+0j)
Free_energy = -14113.79961470601
------------------------------------------
[{'stable': {}, 'free': np.float64(-14113.79961470601)}]
------------------------------------------
  Seed: px+i*py
F_onsite: (2.45990338419873e-18+7.15598624125001e-16j)
F_swave: (-1.7570019828475945e-18-5.105752622336701e-16j), F_dwave: (4.9044922017609614e-21+1.2882049658165813e-20j)
F_px: (-1.6314648405819688e-19-3.947009829294978e-20j), F_py: (2.685100353315495e-20+2.0701295386491243e-20j)
Free_energy = -14113.79961470601
------------------------------------------
[{'stable': {}, 'free': np.float64(-14113.79961470601)}]
------------------------------------------
  Seed: s-wave
F_onsite: (-7.072405418157059e-16+0j)
F_swave: (5.043979519247756e-16+0j), F_dwave: (4.726642179819693e-21+0j)
F_px: -6.795308637018969e-20j, F_py: -1.3757435596785384e-19j
Free_energy = -14113.79961470601
------------------------------------------
[{'stable': {}, 'free': np.float64(-14113.79961470601)}]
------------------------------------------
  Seed: s-wave+px
F_onsite: (-7.068495276975295e-16+0j)
F_swave: (5.041109712089995e-16+0j), F_dwave: (-8.349795676077329e-21+0j)
F_px: 1.4885659369444875e-19j, F_py: -5.627121964650634e-20j
Free_energy = -14113.79961470601
------------------------------------------
[{'stable': {}, 'free': np.float64(-14113.79961470601)}]
------------------------------------------
  Seed: s-wave+py
F_onsite: (-7.064343261269245e-16-1.1759855337145915e-33j)
F_swave: (5.038358941496208e-16+1.1718080005381088e-32j), F_dwave: (-1.456764165534867e-20+6.132883166658104e-33j)
F_px: (-4.930380657631324e-32-1.2757918011168255e-19j), F_py: (5.9164567891575885e-31-1.455342502470059e-19j)
Free_energy = -14113.799614706008
------------------------------------------
[{'stable': {}, 'free': np.float64(-14113.79961470601)}]
------------------------------------------
====================================
mu=2.24, T=0.0485
====================================
  Seed: normal state
F_onsite: 0j
F_swave: 0j, F_dwave: 0j
F_px: 0j, F_py: 0j
Free_energy = -14114.073793315516
------------------------------------------
[{'stable': {}, 'free': np.float64(-14114.073793315516)}]
------------------------------------------
  Seed: px
F_onsite: 5.846534341331885e-16j
F_swave: -4.151629202659106e-16j, F_dwave: -1.4216823753430403e-21j
F_px: (-2.7235068399594167e-19+0j), F_py: (-7.957412573641887e-20+0j)
Free_energy = -14114.073793315516
------------------------------------------
[{'stable': {}, 'free': np.float64(-14114.073793315516)}]
------------------------------------------
  Seed: py
F_onsite: -5.84541646951439e-16j
F_swave: 4.1499243564362424e-16j, F_dwave: 2.0144814152330193e-20j
F_px: (-1.6604529432344792e-19+0j), F_py: (3.545745595082094e-20+0j)
Free_energy = -14114.073793315516
------------------------------------------
[{'stable': {}, 'free': np.float64(-14114.073793315516)}]
------------------------------------------
  Seed: px+py
F_onsite: 5.843128206913752e-16j
F_swave: -4.148512048233759e-16j, F_dwave: -2.425356804701025e-20j
F_px: (-1.0352088663989755e-19+0j), F_py: (6.268042151429412e-20+0j)
Free_energy = -14114.073793315516
------------------------------------------
[{'stable': {}, 'free': np.float64(-14114.073793315516)}]
------------------------------------------
  Seed: px+i*py
F_onsite: (2.0349107063612994e-18+5.933268114986898e-16j)
F_swave: (-1.4470208298379877e-18-4.2159200622160677e-16j), F_dwave: (3.557048667653498e-21+8.120447791659173e-21j)
F_px: (-1.7627798392457238e-19-2.931858689383426e-20j), F_py: (3.744798821809646e-20+8.812353965024954e-21j)
Free_energy = -14114.073793315516
------------------------------------------
[{'stable': {}, 'free': np.float64(-14114.073793315516)}]
------------------------------------------
  Seed: s-wave
F_onsite: (-5.858126065830076e-16+0j)
F_swave: (4.1606109385530775e-16+0j), F_dwave: (-2.6454329876732078e-21+0j)
F_px: -3.992031883669848e-20j, F_py: -1.235409957222339e-19j
Free_energy = -14114.073793315516
------------------------------------------
[{'stable': {}, 'free': np.float64(-14114.073793315516)}]
------------------------------------------
  Seed: s-wave+px
F_onsite: (-5.854330297022679e-16+0j)
F_swave: (4.1580188696034004e-16+0j), F_dwave: (-2.520499124709323e-21+0j)
F_px: 1.2172128338181843e-19j, F_py: -1.959974501497491e-20j
Free_energy = -14114.073793315516
------------------------------------------
[{'stable': {}, 'free': np.float64(-14114.073793315516)}]
------------------------------------------
  Seed: s-wave+py
F_onsite: (-5.84825594654572e-16-1.2005327348038492e-32j)
F_swave: (4.152936665740449e-16+1.6869942606616944e-32j), F_dwave: (-2.95711063442391e-20+2.4092179898069078e-32j)
F_px: (-4.930380657631324e-32-6.670214826170256e-20j), F_py: (3.4512664603419266e-31-9.552458563400346e-20j)
Free_energy = -14114.073793315516
------------------------------------------
[{'stable': {}, 'free': np.float64(-14114.073793315516)}]
------------------------------------------
====================================
mu=2.24, T=0.0500
====================================
  Seed: normal state
F_onsite: 0j
F_swave: 0j, F_dwave: 0j
F_px: 0j, F_py: 0j
Free_energy = -14114.356389079072
------------------------------------------
[{'stable': {}, 'free': np.float64(-14114.356389079072)}]
------------------------------------------
  Seed: px
F_onsite: 4.801881759309864e-16j
F_swave: -3.382349603476451e-16j, F_dwave: 2.3587424845338223e-20j
F_px: (-2.338297079868765e-19+0j), F_py: (-8.173948484644618e-20+0j)
Free_energy = -14114.356389079072
------------------------------------------
[{'stable': {}, 'free': np.float64(-14114.356389079072)}]
------------------------------------------
  Seed: py
F_onsite: -4.801833335625791e-16j
F_swave: 3.3819040609121305e-16j, F_dwave: -3.159628234670504e-20j
F_px: (-5.529808589571843e-20+0j), F_py: (9.410489812361603e-20+0j)
Free_energy = -14114.356389079072
------------------------------------------
[{'stable': {}, 'free': np.float64(-14114.356389079072)}]
------------------------------------------
  Seed: px+py
F_onsite: 4.796388127359401e-16j
F_swave: -3.377655174403121e-16j, F_dwave: -2.8168907944923686e-20j
F_px: (-1.5395639075258522e-19+0j), F_py: (2.5959941364979444e-20+0j)
Free_energy = -14114.35638907907
------------------------------------------
[{'stable': {}, 'free': np.float64(-14114.356389079072)}]
------------------------------------------
  Seed: px+i*py
F_onsite: (1.6635524697081476e-18+4.881553856580162e-16j)
F_swave: (-1.1757502218585171e-18-3.4453837369255157e-16j), F_dwave: (8.94926200602501e-21-1.9756986520408502e-20j)
F_px: (-2.7182569045059637e-19-3.987939291554262e-20j), F_py: (3.448646845191342e-20+2.683123132554335e-21j)
Free_energy = -14114.356389079074
------------------------------------------
[{'stable': {}, 'free': np.float64(-14114.356389079072)}]
------------------------------------------
  Seed: s-wave
F_onsite: (-4.813764577800764e-16+0j)
F_swave: (3.3915555024401685e-16+0j), F_dwave: (-5.5351213550232e-21+0j)
F_px: -4.008413896427835e-20j, F_py: -1.5039873441954132e-19j
Free_energy = -14114.356389079072
------------------------------------------
[{'stable': {}, 'free': np.float64(-14114.356389079072)}]
------------------------------------------
  Seed: s-wave+px
F_onsite: (-4.807119769938698e-16+0j)
F_swave: (3.38642328993099e-16+0j), F_dwave: (6.601627923187836e-21+0j)
F_px: 1.2443582167948655e-19j, F_py: -2.6977524433680855e-22j
Free_energy = -14114.35638907907
------------------------------------------
[{'stable': {}, 'free': np.float64(-14114.356389079072)}]
------------------------------------------
  Seed: s-wave+py
F_onsite: (-4.802292300417249e-16-2.2251724843237755e-32j)
F_swave: (3.382724664833111e-16+6.593300793988178e-33j), F_dwave: (-3.512215258575566e-20-7.312515257595286e-34j)
F_px: (-4.930380657631324e-32+4.4282299149498687e-20j), F_py: (2.711709361697228e-31-1.073047662441568e-19j)
Free_energy = -14114.356389079072
------------------------------------------
[{'stable': {}, 'free': np.float64(-14114.356389079072)}]
------------------------------------------
