/home/emilssp/D1/venv/bin/python
Python 3.10.12
Running job 17 out of 30
====================================
mu=1.01, T=0.0010
====================================
  Seed: normal state
F_onsite: 0j
F_swave: 0j, F_dwave: 0j
F_px: 0j, F_py: 0j
Free_energy = -10369.75598784987
------------------------------------------
[{'stable': {}, 'free': np.float64(-10369.75598784987)}]
------------------------------------------
  Seed: px
F_onsite: -1.2238567296640572e-17j
F_swave: 3.133704267485691e-18j, F_dwave: -5.794308870194333e-17j
F_px: (0.04664212228117152+0j), F_py: (2.5923840397411887e-19+0j)
Free_energy = -10411.286824825773
------------------------------------------
[{'stable': {'F_px': np.complex128(0.04664212228117152+0j)}, 'free': np.float64(-10411.286824825773)}]
------------------------------------------
  Seed: py
F_onsite: 2.392952779288124e-17j
F_swave: -6.036221479930161e-18j, F_dwave: 9.669579895089323e-17j
F_px: (2.334492285804306e-18+0j), F_py: (0.04664212228117141+0j)
Free_energy = -10411.286824825846
------------------------------------------
[{'stable': {'F_px': np.complex128(0.04664212228117152+0j)}, 'free': np.float64(-10411.286824825773)}, {'stable': {'F_py': np.complex128(0.04664212228117141+0j)}, 'free': np.float64(-10411.286824825846)}]
------------------------------------------
  Seed: px+py
F_onsite: -3.278531019598415e-17j
F_swave: 9.20888926298955e-18j, F_dwave: 9.221012422047127e-18j
F_px: (0.027792029230164404+0j), F_py: (0.027792029230173175+0j)
Free_energy = -10399.241204604881
------------------------------------------
[{'stable': {'F_px': np.complex128(0.04664212228117152+0j)}, 'free': np.float64(-10411.286824825773)}, {'stable': {'F_py': np.complex128(0.04664212228117141+0j)}, 'free': np.float64(-10411.286824825846)}]
------------------------------------------
  Seed: px+i*py
F_onsite: (-4.973142191566811e-18+2.9374043819595068e-18j)
F_swave: (5.678270650376414e-18+3.469446951953614e-17j), F_dwave: (-6.812831578554147e-17-2.706168622523819e-16j)
F_px: (0.0354767009173515-2.652536613886045e-18j), F_py: (-8.23051326935163e-18+0.035476700917351285j)
Free_energy = -10417.839804405923
------------------------------------------
[{'stable': {'F_px': np.complex128(0.0354767009173515-2.652536613886045e-18j), 'F_py': np.complex128(-8.23051326935163e-18+0.035476700917351285j)}, 'free': np.float64(-10417.839804405923)}]
------------------------------------------
  Seed: d-wave
F_onsite: (2.5933819504321727e-17+0j)
F_swave: (-8.673617379884035e-17+0j), F_dwave: (0.04488543273795997+0j)
F_px: 1.6959655561443593e-17j, F_py: -1.9305712245801697e-17j
Free_energy = -10446.563161743732
------------------------------------------
[{'stable': {'F_dwave': np.complex128(0.04488543273795997+0j)}, 'free': np.float64(-10446.563161743732)}]
------------------------------------------
  Seed: d-wave+px
F_onsite: (-0.0005664506122074315-5.470218182707077e-18j)
F_swave: (0.00019994688011622068+6.100754802599098e-19j), F_dwave: (0.04247688046285708-1.3036975258766555e-17j)
F_px: (0.023161428126940206-8.580443755686062e-19j), F_py: (2.42861286636753e-17-1.2853698504804406e-17j)
Free_energy = -10448.717434812303
------------------------------------------
[{'stable': {'F_dwave': np.complex128(0.04247688046285708-1.3036975258766555e-17j), 'F_px': np.complex128(0.023161428126940206-8.580443755686062e-19j)}, 'free': np.float64(-10448.717434812303)}]
------------------------------------------
  Seed: d-wave+py
F_onsite: (0.0005664506122075047-1.6574317195398522e-18j)
F_swave: (-0.0001999468801161565+1.2719523192003404e-18j), F_dwave: (0.04247688046285705+9.171937450665581e-18j)
F_px: (6.938893903907228e-18+2.5938451715752024e-17j), F_py: (0.02316142812694013-7.375407039318812e-18j)
Free_energy = -10448.717434812323
------------------------------------------
[{'stable': {'F_dwave': np.complex128(0.04247688046285708-1.3036975258766555e-17j), 'F_px': np.complex128(0.023161428126940206-8.580443755686062e-19j)}, 'free': np.float64(-10448.717434812303)}, {'stable': {'F_dwave': np.complex128(0.04247688046285705+9.171937450665581e-18j), 'F_py': np.complex128(0.02316142812694013-7.375407039318812e-18j)}, 'free': np.float64(-10448.717434812323)}]
------------------------------------------
====================================
mu=1.01, T=0.0040
====================================
  Seed: normal state
F_onsite: 0j
F_swave: 0j, F_dwave: 0j
F_px: 0j, F_py: 0j
Free_energy = -10369.76196197795
------------------------------------------
[{'stable': {}, 'free': np.float64(-10369.76196197795)}]
------------------------------------------
  Seed: px
F_onsite: -1.0433857723396878e-17j
F_swave: 3.788010749460036e-18j, F_dwave: -5.227609417767724e-17j
F_px: (0.04664137601156714+0j), F_py: (4.2441644613360786e-19+0j)
Free_energy = -10411.28584708153
------------------------------------------
[{'stable': {'F_px': np.complex128(0.04664137601156714+0j)}, 'free': np.float64(-10411.28584708153)}]
------------------------------------------
  Seed: py
F_onsite: 2.6559723912783452e-17j
F_swave: -7.025555962323184e-18j, F_dwave: 1.0153913334329332e-16j
F_px: (2.19743838447162e-18+0j), F_py: (0.046641376011566545+0j)
Free_energy = -10411.285847081599
------------------------------------------
[{'stable': {'F_px': np.complex128(0.04664137601156714+0j)}, 'free': np.float64(-10411.28584708153)}, {'stable': {'F_py': np.complex128(0.046641376011566545+0j)}, 'free': np.float64(-10411.285847081599)}]
------------------------------------------
  Seed: px+py
F_onsite: -3.059064782964826e-17j
F_swave: 1.0327713907194074e-17j, F_dwave: 4.079098915739897e-18j
F_px: (0.027790136229822286+0j), F_py: (0.02779013622983485+0j)
Free_energy = -10399.237973533965
------------------------------------------
[{'stable': {'F_px': np.complex128(0.04664137601156714+0j)}, 'free': np.float64(-10411.28584708153)}, {'stable': {'F_py': np.complex128(0.046641376011566545+0j)}, 'free': np.float64(-10411.285847081599)}]
------------------------------------------
  Seed: px+i*py
F_onsite: (-9.344308655431831e-18+7.56038315313139e-17j)
F_swave: (9.437191112054186e-18+5.724587470723463e-17j), F_dwave: (-6.494834234331201e-17-3.2439329000766293e-16j)
F_px: (0.03547605918945041-4.644493408032142e-18j), F_py: (-7.157798981213262e-18+0.03547605918945021j)
Free_energy = -10417.837698354348
------------------------------------------
[{'stable': {'F_px': np.complex128(0.03547605918945041-4.644493408032142e-18j), 'F_py': np.complex128(-7.157798981213262e-18+0.03547605918945021j)}, 'free': np.float64(-10417.837698354348)}]
------------------------------------------
  Seed: d-wave
F_onsite: (2.6129894396721297e-17+0j)
F_swave: (-1.734723475976807e-17+0j), F_dwave: (0.044884807622516995+0j)
F_px: 2.847608673869986e-17j, F_py: -1.9603240013150283e-17j
Free_energy = -10446.560568442985
------------------------------------------
[{'stable': {'F_dwave': np.complex128(0.044884807622516995+0j)}, 'free': np.float64(-10446.560568442985)}]
------------------------------------------
  Seed: d-wave+px
F_onsite: (-0.0005663823313909404-3.2659737561553702e-18j)
F_swave: (0.00019992216135650276-2.2393764415280586e-18j), F_dwave: (0.042477264547643515-1.1238148594039339e-17j)
F_px: (0.02315999389092978+5.887156916103205e-18j), F_py: (1.3877787807814457e-17-1.2525076191049339e-17j)
Free_energy = -10448.717413276227
------------------------------------------
[{'stable': {'F_dwave': np.complex128(0.042477264547643515-1.1238148594039339e-17j), 'F_px': np.complex128(0.02315999389092978+5.887156916103205e-18j)}, 'free': np.float64(-10448.717413276227)}]
------------------------------------------
  Seed: d-wave+py
F_onsite: (0.0005663823313909569-1.695177625251872e-18j)
F_swave: (-0.00019992216135635704+6.603151219439305e-19j), F_dwave: (0.04247726454764344+8.506222493682904e-18j)
F_px: (-1.0408340855860843e-17+2.463198280395107e-17j), F_py: (0.02315999389092964-8.638147875217762e-18j)
Free_energy = -10448.717413276243
------------------------------------------
[{'stable': {'F_dwave': np.complex128(0.042477264547643515-1.1238148594039339e-17j), 'F_px': np.complex128(0.02315999389092978+5.887156916103205e-18j)}, 'free': np.float64(-10448.717413276227)}, {'stable': {'F_dwave': np.complex128(0.04247726454764344+8.506222493682904e-18j), 'F_py': np.complex128(0.02315999389092964-8.638147875217762e-18j)}, 'free': np.float64(-10448.717413276243)}]
------------------------------------------
====================================
mu=1.01, T=0.0070
====================================
  Seed: normal state
F_onsite: 0j
F_swave: 0j, F_dwave: 0j
F_px: 0j, F_py: 0j
Free_energy = -10369.811709154483
------------------------------------------
[{'stable': {}, 'free': np.float64(-10369.811709154483)}]
------------------------------------------
  Seed: px
F_onsite: 2.3301135225136955e-17j
F_swave: 2.600470557409507e-18j, F_dwave: -6.521986934246622e-17j
F_px: (0.046637905568768116+0j), F_py: (-6.049999000212844e-20+0j)
Free_energy = -10411.285104002298
------------------------------------------
[{'stable': {'F_px': np.complex128(0.046637905568768116+0j)}, 'free': np.float64(-10411.285104002298)}]
------------------------------------------
  Seed: py
F_onsite: 2.784006715211753e-17j
F_swave: -8.437136368922475e-18j, F_dwave: 1.155920981525118e-16j
F_px: (4.299750998499642e-19+0j), F_py: (0.04663790556876784+0j)
Free_energy = -10411.285104002287
------------------------------------------
[{'stable': {'F_px': np.complex128(0.046637905568768116+0j)}, 'free': np.float64(-10411.285104002298)}, {'stable': {'F_py': np.complex128(0.04663790556876784+0j)}, 'free': np.float64(-10411.285104002287)}]
------------------------------------------
  Seed: px+py
F_onsite: -3.5562784169590207e-17j
F_swave: 1.3716163333566496e-17j, F_dwave: 4.021394796208198e-18j
F_px: (0.02777166706181499+0j), F_py: (0.027771667061862768+0j)
Free_energy = -10399.209533751395
------------------------------------------
[{'stable': {'F_px': np.complex128(0.046637905568768116+0j)}, 'free': np.float64(-10411.285104002298)}, {'stable': {'F_py': np.complex128(0.04663790556876784+0j)}, 'free': np.float64(-10411.285104002287)}]
------------------------------------------
  Seed: px+i*py
F_onsite: (-1.0413317174425962e-17+2.9056406464374705e-18j)
F_swave: (1.1692178106102345e-17-3.469446951953614e-17j), F_dwave: (-6.026443543345294e-17-2.8102520310824275e-16j)
F_px: (0.03547558914031353+5.104961693983261e-19j), F_py: (-6.596586714098084e-18+0.03547558914031321j)
Free_energy = -10417.83616220141
------------------------------------------
[{'stable': {'F_px': np.complex128(0.03547558914031353+5.104961693983261e-19j), 'F_py': np.complex128(-6.596586714098084e-18+0.03547558914031321j)}, 'free': np.float64(-10417.83616220141)}]
------------------------------------------
  Seed: d-wave
F_onsite: (-5.556702231855211e-17+0j)
F_swave: (-2.7755575615628914e-17+0j), F_dwave: (0.04488430984907129+0j)
F_px: 2.941376875492262e-17j, F_py: -1.935120552513089e-17j
Free_energy = -10446.558720123256
------------------------------------------
[{'stable': {'F_dwave': np.complex128(0.04488430984907129+0j)}, 'free': np.float64(-10446.558720123256)}]
------------------------------------------
  Seed: d-wave+px
F_onsite: (-0.0005663206258633804-1.347865000120047e-17j)
F_swave: (0.00019989992466420275-1.863803356204482e-19j), F_dwave: (0.0424775979168266-1.3339478517499648e-17j)
F_px: (0.023158728596176875+5.4886543841996586e-18j), F_py: (-1.3877787807814457e-17-1.0547492487226963e-17j)
Free_energy = -10448.717386299366
------------------------------------------
[{'stable': {'F_dwave': np.complex128(0.0424775979168266-1.3339478517499648e-17j), 'F_px': np.complex128(0.023158728596176875+5.4886543841996586e-18j)}, 'free': np.float64(-10448.717386299366)}]
------------------------------------------
  Seed: d-wave+py
F_onsite: (0.0005663206258633736-2.179733410640535e-18j)
F_swave: (-0.000199899924664175+1.5475424295234076e-18j), F_dwave: (0.04247759791682645+9.59293929523057e-18j)
F_px: (1.734723475976807e-17+1.725706545555489e-17j), F_py: (0.023158728596176747-7.294290399729412e-18j)
Free_energy = -10448.717386299324
------------------------------------------
[{'stable': {'F_dwave': np.complex128(0.0424775979168266-1.3339478517499648e-17j), 'F_px': np.complex128(0.023158728596176875+5.4886543841996586e-18j)}, 'free': np.float64(-10448.717386299366)}, {'stable': {'F_dwave': np.complex128(0.04247759791682645+9.59293929523057e-18j), 'F_py': np.complex128(0.023158728596176747-7.294290399729412e-18j)}, 'free': np.float64(-10448.717386299324)}]
------------------------------------------
====================================
mu=1.01, T=0.0100
====================================
  Seed: normal state
F_onsite: 0j
F_swave: 0j, F_dwave: 0j
F_px: 0j, F_py: 0j
Free_energy = -10369.919850789676
------------------------------------------
[{'stable': {}, 'free': np.float64(-10369.919850789676)}]
------------------------------------------
  Seed: px
F_onsite: -1.5562112823429633e-18j
F_swave: -5.346551372407949e-18j, F_dwave: -8.663132700183803e-17j
F_px: (0.046625219442233155+0j), F_py: (1.019225481008239e-18+0j)
Free_energy = -10411.276439204325
------------------------------------------
[{'stable': {'F_px': np.complex128(0.046625219442233155+0j)}, 'free': np.float64(-10411.276439204325)}]
------------------------------------------
  Seed: py
F_onsite: 3.3636419489297114e-17j
F_swave: -1.0177947894207673e-17j, F_dwave: 1.4220994970130059e-16j
F_px: (1.74521874358888e-19+0j), F_py: (0.04662521944223266+0j)
Free_energy = -10411.276439204346
------------------------------------------
[{'stable': {'F_px': np.complex128(0.046625219442233155+0j)}, 'free': np.float64(-10411.276439204325)}, {'stable': {'F_py': np.complex128(0.04662521944223266+0j)}, 'free': np.float64(-10411.276439204346)}]
------------------------------------------
  Seed: px+py
F_onsite: -2.293230531616691e-17j
F_swave: 1.0804169940024618e-17j, F_dwave: 1.0247192837645712e-17j
F_px: (0.027729603100542934+0j), F_py: (0.027729603100817377+0j)
Free_energy = -10399.150460326877
------------------------------------------
[{'stable': {'F_px': np.complex128(0.046625219442233155+0j)}, 'free': np.float64(-10411.276439204325)}, {'stable': {'F_py': np.complex128(0.04662521944223266+0j)}, 'free': np.float64(-10411.276439204346)}]
------------------------------------------
  Seed: px+i*py
F_onsite: (-8.678805456685968e-18+5.884793164784774e-17j)
F_swave: (1.1549201591583779e-17-3.642919299551295e-17j), F_dwave: (-5.665201196698076e-17-2.7582103268031233e-16j)
F_px: (0.03547510982175396-3.514233819039685e-18j), F_py: (-6.683116423616031e-18+0.03547510982175371j)
Free_energy = -10417.835072114292
------------------------------------------
[{'stable': {'F_px': np.complex128(0.03547510982175396-3.514233819039685e-18j), 'F_py': np.complex128(-6.683116423616031e-18+0.03547510982175371j)}, 'free': np.float64(-10417.835072114292)}]
------------------------------------------
  Seed: d-wave
F_onsite: (-7.988301551106302e-18+0j)
F_swave: (9.020562075079397e-17+0j), F_dwave: (0.04488245471151193+0j)
F_px: 1.530922178988594e-17j, F_py: -2.2265329735930703e-17j
Free_energy = -10446.554913555528
------------------------------------------
[{'stable': {'F_dwave': np.complex128(0.04488245471151193+0j)}, 'free': np.float64(-10446.554913555528)}]
------------------------------------------
  Seed: d-wave+px
F_onsite: (-0.0005661759221810528-3.732371272737269e-18j)
F_swave: (0.0001998519823380538+2.233420741117677e-18j), F_dwave: (0.04247781615734106-1.0468526517230201e-17j)
F_px: (0.023156850613840686+4.560345978678348e-19j), F_py: (-4.5102810375396984e-17-1.3329889839838933e-17j)
Free_energy = -10448.71695646392
------------------------------------------
[{'stable': {'F_dwave': np.complex128(0.04247781615734106-1.0468526517230201e-17j), 'F_px': np.complex128(0.023156850613840686+4.560345978678348e-19j)}, 'free': np.float64(-10448.71695646392)}]
------------------------------------------
  Seed: d-wave+py
F_onsite: (0.0005661759221811105-1.774454615158954e-18j)
F_swave: (-0.0001998519823380035+1.9935449809221992e-18j), F_dwave: (0.04247781615734099+9.16677584364325e-18j)
F_px: (3.469446951953614e-18+1.4034859479970926e-17j), F_py: (0.023156850613840665-6.510136413918942e-18j)
Free_energy = -10448.716956463873
------------------------------------------
[{'stable': {'F_dwave': np.complex128(0.04247781615734106-1.0468526517230201e-17j), 'F_px': np.complex128(0.023156850613840686+4.560345978678348e-19j)}, 'free': np.float64(-10448.71695646392)}, {'stable': {'F_dwave': np.complex128(0.04247781615734099+9.16677584364325e-18j), 'F_py': np.complex128(0.023156850613840665-6.510136413918942e-18j)}, 'free': np.float64(-10448.716956463873)}]
------------------------------------------
====================================
mu=1.01, T=0.0130
====================================
  Seed: normal state
F_onsite: 0j
F_swave: 0j, F_dwave: 0j
F_px: 0j, F_py: 0j
Free_energy = -10370.084138704053
------------------------------------------
[{'stable': {}, 'free': np.float64(-10370.084138704053)}]
------------------------------------------
  Seed: px
F_onsite: 6.746146262803592e-17j
F_swave: -2.1701116457553183e-17j, F_dwave: -1.234912362510298e-16j
F_px: (0.0465949840468769+0j), F_py: (1.4451341609668925e-18+0j)
Free_energy = -10411.248247659776
------------------------------------------
[{'stable': {'F_px': np.complex128(0.0465949840468769+0j)}, 'free': np.float64(-10411.248247659776)}]
------------------------------------------
  Seed: py
F_onsite: 4.2481878678355366e-17j
F_swave: -1.3512610728429447e-17j, F_dwave: 1.7047199807982837e-16j
F_px: (-1.737608681953392e-19+0j), F_py: (0.046594984046876925+0j)
Free_energy = -10411.248247659802
------------------------------------------
[{'stable': {'F_px': np.complex128(0.0465949840468769+0j)}, 'free': np.float64(-10411.248247659776)}, {'stable': {'F_py': np.complex128(0.046594984046876925+0j)}, 'free': np.float64(-10411.248247659802)}]
------------------------------------------
  Seed: px+py
F_onsite: -3.777708711239056e-17j
F_swave: 9.39327774769497e-18j, F_dwave: 8.312304888320873e-18j
F_px: (0.02765837051072559+0j), F_py: (0.027658370512962296+0j)
Free_energy = -10399.055282887206
------------------------------------------
[{'stable': {'F_px': np.complex128(0.0465949840468769+0j)}, 'free': np.float64(-10411.248247659776)}, {'stable': {'F_py': np.complex128(0.046594984046876925+0j)}, 'free': np.float64(-10411.248247659802)}]
------------------------------------------
  Seed: px+i*py
F_onsite: (2.8196138627319556e-18+1.0332118478519796e-16j)
F_swave: (-1.027758014462846e-17-5.204170427930421e-18j), F_dwave: (-9.033638146202635e-17-2.96637714392034e-16j)
F_px: (0.0354711194218746+1.568466790298549e-17j), F_py: (-5.217034740816846e-18+0.03547111942187435j)
Free_energy = -10417.827098172515
------------------------------------------
[{'stable': {'F_px': np.complex128(0.0354711194218746+1.568466790298549e-17j), 'F_py': np.complex128(-5.217034740816846e-18+0.03547111942187435j)}, 'free': np.float64(-10417.827098172515)}]
------------------------------------------
  Seed: d-wave
F_onsite: (7.332809884750291e-17+0j)
F_swave: 0j, F_dwave: (0.04487111738966782+0j)
F_px: 7.542147212065107e-18j, F_py: -2.1075292285610876e-17j
Free_energy = -10446.525276781995
------------------------------------------
[{'stable': {'F_dwave': np.complex128(0.04487111738966782+0j)}, 'free': np.float64(-10446.525276781995)}]
------------------------------------------
  Seed: d-wave+px
F_onsite: (-0.0005638609548467756+1.2035967603569184e-17j)
F_swave: (0.00019903213742685812+1.5613199498060908e-18j), F_dwave: (0.04248369864059231-1.9686686820525245e-17j)
F_px: (0.02311529808136744+1.1081176183556376e-17j), F_py: (3.469446951953614e-18-1.9082328812659302e-17j)
Free_energy = -10448.701764689808
------------------------------------------
[{'stable': {'F_dwave': np.complex128(0.04248369864059231-1.9686686820525245e-17j), 'F_px': np.complex128(0.02311529808136744+1.1081176183556376e-17j)}, 'free': np.float64(-10448.701764689808)}]
------------------------------------------
  Seed: d-wave+py
F_onsite: (0.0005638609548468557-2.4025824851072212e-18j)
F_swave: (-0.00019903213742679393+2.780107716676423e-18j), F_dwave: (0.04248369864059211+9.504821398936521e-18j)
F_px: (-3.469446951953614e-18+1.799784870748798e-17j), F_py: (0.023115298081367388-7.675878742467474e-18j)
Free_energy = -10448.701764689762
------------------------------------------
[{'stable': {'F_dwave': np.complex128(0.04248369864059231-1.9686686820525245e-17j), 'F_px': np.complex128(0.02311529808136744+1.1081176183556376e-17j)}, 'free': np.float64(-10448.701764689808)}, {'stable': {'F_dwave': np.complex128(0.04248369864059211+9.504821398936521e-18j), 'F_py': np.complex128(0.023115298081367388-7.675878742467474e-18j)}, 'free': np.float64(-10448.701764689762)}]
------------------------------------------
====================================
mu=1.01, T=0.0160
====================================
  Seed: normal state
F_onsite: 0j
F_swave: 0j, F_dwave: 0j
F_px: 0j, F_py: 0j
Free_energy = -10370.30195517349
------------------------------------------
[{'stable': {}, 'free': np.float64(-10370.30195517349)}]
------------------------------------------
  Seed: px
F_onsite: 2.6369194439210437e-19j
F_swave: -5.37355054760168e-18j, F_dwave: -1.535461357415397e-16j
F_px: (0.0465323133412523+0j), F_py: (5.793341399749891e-19+0j)
Free_energy = -10411.178370684313
------------------------------------------
[{'stable': {'F_px': np.complex128(0.0465323133412523+0j)}, 'free': np.float64(-10411.178370684313)}]
------------------------------------------
  Seed: py
F_onsite: 5.050682763932022e-17j
F_swave: -1.6344718327133403e-17j, F_dwave: 2.05554673387003e-16j
F_px: (1.848814843505021e-19+0j), F_py: (0.04653231334125234+0j)
Free_energy = -10411.17837068426
------------------------------------------
[{'stable': {'F_px': np.complex128(0.0465323133412523+0j)}, 'free': np.float64(-10411.178370684313)}, {'stable': {'F_py': np.complex128(0.04653231334125234+0j)}, 'free': np.float64(-10411.17837068426)}]
------------------------------------------
  Seed: px+py
F_onsite: -3.79851925196191e-17j
F_swave: 1.5443157633899607e-17j, F_dwave: 2.3825713317283384e-17j
F_px: (0.027551659628165786+0j), F_py: (0.027551659648316188+0j)
Free_energy = -10398.918152129925
------------------------------------------
[{'stable': {'F_px': np.complex128(0.0465323133412523+0j)}, 'free': np.float64(-10411.178370684313)}, {'stable': {'F_py': np.complex128(0.04653231334125234+0j)}, 'free': np.float64(-10411.17837068426)}]
------------------------------------------
  Seed: px+i*py
F_onsite: (-1.0583041401232042e-17+6.145123447167463e-17j)
F_swave: (-2.1859008692877305e-18-2.2551405187698492e-17j), F_dwave: (-1.296530833049496e-16-3.0357660829594124e-16j)
F_px: (0.0354485509470204-4.234608870899866e-18j), F_py: (-5.7634768709142765e-18+0.03544855094702039j)
Free_energy = -10417.775101503847
------------------------------------------
[{'stable': {'F_px': np.complex128(0.0354485509470204-4.234608870899866e-18j), 'F_py': np.complex128(-5.7634768709142765e-18+0.03544855094702039j)}, 'free': np.float64(-10417.775101503847)}]
------------------------------------------
  Seed: d-wave
F_onsite: (1.256922778342497e-16+0j)
F_swave: (2.42861286636753e-17+0j), F_dwave: (0.04484505229127027+0j)
F_px: 1.9950845708373136e-17j, F_py: -2.244141580882793e-17j
Free_energy = -10446.459547409511
------------------------------------------
[{'stable': {'F_dwave': np.complex128(0.04484505229127027+0j)}, 'free': np.float64(-10446.459547409511)}]
------------------------------------------
  Seed: d-wave+px
F_onsite: (-0.0005565107842534454+9.459611015376823e-18j)
F_swave: (0.0001964378497700918-2.2149911570699954e-18j), F_dwave: (0.04250250641118608-2.1746485659790492e-17j)
F_px: (0.022979692734307458+4.729858447247615e-18j), F_py: (-4.85722573273506e-17-9.593759858398223e-18j)
Free_energy = -10448.653370384374
------------------------------------------
[{'stable': {'F_dwave': np.complex128(0.04250250641118608-2.1746485659790492e-17j), 'F_px': np.complex128(0.022979692734307458+4.729858447247615e-18j)}, 'free': np.float64(-10448.653370384374)}]
------------------------------------------
  Seed: d-wave+py
F_onsite: (0.0005565107842534292-2.1913801136652818e-18j)
F_swave: (-0.00019643784977006404+3.21090337969404e-18j), F_dwave: (0.04250250641118597+3.081687180101416e-17j)
F_px: (-3.122502256758253e-17+1.1747394066351485e-17j), F_py: (0.022979692734307756+1.6295590416192654e-18j)
Free_energy = -10448.653370384363
------------------------------------------
[{'stable': {'F_dwave': np.complex128(0.04250250641118608-2.1746485659790492e-17j), 'F_px': np.complex128(0.022979692734307458+4.729858447247615e-18j)}, 'free': np.float64(-10448.653370384374)}, {'stable': {'F_dwave': np.complex128(0.04250250641118597+3.081687180101416e-17j), 'F_py': np.complex128(0.022979692734307756+1.6295590416192654e-18j)}, 'free': np.float64(-10448.653370384363)}]
------------------------------------------
====================================
mu=1.01, T=0.0190
====================================
  Seed: normal state
F_onsite: 0j
F_swave: 0j, F_dwave: 0j
F_px: 0j, F_py: 0j
Free_energy = -10370.57102183469
------------------------------------------
[{'stable': {}, 'free': np.float64(-10370.57102183469)}]
------------------------------------------
  Seed: px
F_onsite: 5.583699421815472e-17j
F_swave: -1.5662168590324047e-17j, F_dwave: -1.7034674308275314e-16j
F_px: (0.04642007116510094+0j), F_py: (-6.915229920943311e-20+0j)
Free_energy = -10411.044145443582
------------------------------------------
[{'stable': {'F_px': np.complex128(0.04642007116510094+0j)}, 'free': np.float64(-10411.044145443582)}]
------------------------------------------
  Seed: py
F_onsite: 5.633356728348255e-17j
F_swave: -1.8845636043460928e-17j, F_dwave: 2.410441362670965e-16j
F_px: (1.5814568346380817e-18+0j), F_py: (0.04642007116510106+0j)
Free_energy = -10411.044145443588
------------------------------------------
[{'stable': {'F_px': np.complex128(0.04642007116510094+0j)}, 'free': np.float64(-10411.044145443582)}, {'stable': {'F_py': np.complex128(0.04642007116510106+0j)}, 'free': np.float64(-10411.044145443588)}]
------------------------------------------
  Seed: px+py
F_onsite: -3.380376143593904e-17j
F_swave: 1.4513062518255182e-17j, F_dwave: 3.319739172482337e-17j
F_px: (0.02740060905052419+0j), F_py: (0.02740060927937909+0j)
Free_energy = -10398.726603684974
------------------------------------------
[{'stable': {'F_px': np.complex128(0.04642007116510094+0j)}, 'free': np.float64(-10411.044145443582)}, {'stable': {'F_py': np.complex128(0.04642007116510106+0j)}, 'free': np.float64(-10411.044145443588)}]
------------------------------------------
  Seed: px+i*py
F_onsite: (-1.3692816987957799e-17+2.3753927275003582e-17j)
F_swave: (1.1881304681356469e-17-8.673617379884035e-18j), F_dwave: (-1.8188420532708356e-16-3.7643499428696714e-16j)
F_px: (0.03539175205870726+2.5605911874615906e-17j), F_py: (-1.1139330289341304e-17+0.035391752058707454j)
Free_energy = -10417.6477208262
------------------------------------------
[{'stable': {'F_px': np.complex128(0.03539175205870726+2.5605911874615906e-17j), 'F_py': np.complex128(-1.1139330289341304e-17+0.035391752058707454j)}, 'free': np.float64(-10417.6477208262)}]
------------------------------------------
  Seed: d-wave
F_onsite: (-4.846868530534359e-17+0j)
F_swave: (6.938893903907228e-18+0j), F_dwave: (0.04479841718208456+0j)
F_px: 1.5175345285904144e-17j, F_py: -2.2305288153163228e-17j
Free_energy = -10446.343337592387
------------------------------------------
[{'stable': {'F_dwave': np.complex128(0.04479841718208456+0j)}, 'free': np.float64(-10446.343337592387)}]
------------------------------------------
  Seed: d-wave+px
F_onsite: (-0.0005409567903775336+1.7599888806066268e-17j)
F_swave: (0.00019095105256760996+3.9084416292028566e-18j), F_dwave: (0.04253979501464573-2.5755671270157407e-17j)
F_px: (0.0226850492359112-4.633958435750667e-18j), F_py: (1.734723475976807e-17-1.6398729912410666e-17j)
Free_energy = -10448.541965659984
------------------------------------------
[{'stable': {'F_dwave': np.complex128(0.04253979501464573-2.5755671270157407e-17j), 'F_px': np.complex128(0.0226850492359112-4.633958435750667e-18j)}, 'free': np.float64(-10448.541965659984)}]
------------------------------------------
  Seed: d-wave+py
F_onsite: (0.0005409567903773951+4.309280119156253e-20j)
F_swave: (-0.00019095105256759434+1.6679931616009292e-19j), F_dwave: (0.04253979501464583+1.6497806297459817e-17j)
F_px: (-6.938893903907228e-18+7.137417250919955e-18j), F_py: (0.022685049235911234-2.5421841027265706e-18j)
Free_energy = -10448.541965659939
------------------------------------------
[{'stable': {'F_dwave': np.complex128(0.04253979501464573-2.5755671270157407e-17j), 'F_px': np.complex128(0.0226850492359112-4.633958435750667e-18j)}, 'free': np.float64(-10448.541965659984)}, {'stable': {'F_dwave': np.complex128(0.04253979501464583+1.6497806297459817e-17j), 'F_py': np.complex128(0.022685049235911234-2.5421841027265706e-18j)}, 'free': np.float64(-10448.541965659939)}]
------------------------------------------
====================================
mu=1.01, T=0.0220
====================================
  Seed: normal state
F_onsite: 0j
F_swave: 0j, F_dwave: 0j
F_px: 0j, F_py: 0j
Free_energy = -10370.88960306867
------------------------------------------
[{'stable': {}, 'free': np.float64(-10370.88960306867)}]
------------------------------------------
  Seed: px
F_onsite: 4.064582888606326e-17j
F_swave: -1.3616531083145708e-17j, F_dwave: -2.1565278842593195e-16j
F_px: (0.04623633273995778+0j), F_py: (-3.174950801550035e-19+0j)
Free_energy = -10410.816114969568
------------------------------------------
[{'stable': {'F_px': np.complex128(0.04623633273995778+0j)}, 'free': np.float64(-10410.816114969568)}]
------------------------------------------
  Seed: py
F_onsite: 6.762769284393458e-17j
F_swave: -2.2973598172345558e-17j, F_dwave: 2.739890592340789e-16j
F_px: (1.2536385404384164e-18+0j), F_py: (0.046236332739957725+0j)
Free_energy = -10410.816114969522
------------------------------------------
[{'stable': {'F_px': np.complex128(0.04623633273995778+0j)}, 'free': np.float64(-10410.816114969568)}, {'stable': {'F_py': np.complex128(0.046236332739957725+0j)}, 'free': np.float64(-10410.816114969522)}]
------------------------------------------
  Seed: px+py
F_onsite: -1.6740547411297178e-17j
F_swave: 7.286389170518305e-18j, F_dwave: 6.58248890948222e-17j
F_px: (0.027199378832613717+0j), F_py: (0.027199381464985357+0j)
Free_energy = -10398.476081094046
------------------------------------------
[{'stable': {'F_px': np.complex128(0.04623633273995778+0j)}, 'free': np.float64(-10410.816114969568)}, {'stable': {'F_py': np.complex128(0.046236332739957725+0j)}, 'free': np.float64(-10410.816114969522)}]
------------------------------------------
  Seed: px+i*py
F_onsite: (-3.230843064667998e-17-1.790691177966635e-17j)
F_swave: (3.324483880475941e-17+3.469446951953614e-18j), F_dwave: (-2.2059497421025458e-16-6.140921104957897e-16j)
F_px: (0.03527759635281796+2.1066106444908475e-17j), F_py: (-2.0431096432263767e-17+0.03527759635281854j)
Free_energy = -10417.393183777174
------------------------------------------
[{'stable': {'F_px': np.complex128(0.03527759635281796+2.1066106444908475e-17j), 'F_py': np.complex128(-2.0431096432263767e-17+0.03527759635281854j)}, 'free': np.float64(-10417.393183777174)}]
------------------------------------------
  Seed: d-wave
F_onsite: (5.379494998355731e-17+0j)
F_swave: (-2.1163626406917047e-16+0j), F_dwave: (0.04472754064618615+0j)
F_px: 2.9016466875678195e-17j, F_py: -2.2069708138506812e-17j
Free_energy = -10446.170338028312
------------------------------------------
[{'stable': {'F_dwave': np.complex128(0.04472754064618615+0j)}, 'free': np.float64(-10446.170338028312)}]
------------------------------------------
  Seed: d-wave+px
F_onsite: (-0.0005146913029114569+7.031935179207193e-18j)
F_swave: (0.00018168773413380218+1.5605192389731395e-18j), F_dwave: (0.0425974210653648-5.1226071108102425e-17j)
F_px: (0.022171547541481165-1.988268230358601e-17j), F_py: (-2.7755575615628914e-17-1.6431936250920994e-17j)
Free_energy = -10448.337038027004
------------------------------------------
[{'stable': {'F_dwave': np.complex128(0.0425974210653648-5.1226071108102425e-17j), 'F_px': np.complex128(0.022171547541481165-1.988268230358601e-17j)}, 'free': np.float64(-10448.337038027004)}]
------------------------------------------
  Seed: d-wave+py
F_onsite: (0.0005146913029113982-8.47059417033902e-19j)
F_swave: (-0.00018168773413382994+1.4288122331199962e-18j), F_dwave: (0.0425974210653648+2.655145210665792e-17j)
F_px: (4.163336342344337e-17+1.5201845888160738e-17j), F_py: (0.02217154754148105-2.6029057771328632e-19j)
Free_energy = -10448.337038027004
------------------------------------------
[{'stable': {'F_dwave': np.complex128(0.0425974210653648-5.1226071108102425e-17j), 'F_px': np.complex128(0.022171547541481165-1.988268230358601e-17j)}, 'free': np.float64(-10448.337038027004)}, {'stable': {'F_dwave': np.complex128(0.0425974210653648+2.655145210665792e-17j), 'F_py': np.complex128(0.02217154754148105-2.6029057771328632e-19j)}, 'free': np.float64(-10448.337038027004)}]
------------------------------------------
====================================
mu=1.01, T=0.0250
====================================
  Seed: normal state
F_onsite: 0j
F_swave: 0j, F_dwave: 0j
F_px: 0j, F_py: 0j
Free_energy = -10371.25656970004
------------------------------------------
[{'stable': {}, 'free': np.float64(-10371.25656970004)}]
------------------------------------------
  Seed: px
F_onsite: 4.624630485419029e-17j
F_swave: -1.4659096292317744e-17j, F_dwave: -1.8885840991697946e-16j
F_px: (0.04595713638411062+0j), F_py: (1.4741615830226034e-18+0j)
Free_energy = -10410.462657767051
------------------------------------------
[{'stable': {'F_px': np.complex128(0.04595713638411062+0j)}, 'free': np.float64(-10410.462657767051)}]
------------------------------------------
  Seed: py
F_onsite: 7.386953157181072e-17j
F_swave: -2.5014524058754794e-17j, F_dwave: 3.131222460950236e-16j
F_px: (6.485592310783269e-19+0j), F_py: (0.0459571363841105+0j)
Free_energy = -10410.462657767099
------------------------------------------
[{'stable': {'F_px': np.complex128(0.04595713638411062+0j)}, 'free': np.float64(-10410.462657767051)}, {'stable': {'F_py': np.complex128(0.0459571363841105+0j)}, 'free': np.float64(-10410.462657767099)}]
------------------------------------------
  Seed: px+py
F_onsite: -1.496040179352386e-17j
F_swave: 6.292396006915384e-18j, F_dwave: 1.010272078057965e-16j
F_px: (0.02693955654882107+0j), F_py: (0.026939586308888885+0j)
Free_energy = -10398.156553686531
------------------------------------------
[{'stable': {'F_px': np.complex128(0.04595713638411062+0j)}, 'free': np.float64(-10410.462657767051)}, {'stable': {'F_py': np.complex128(0.0459571363841105+0j)}, 'free': np.float64(-10410.462657767099)}]
------------------------------------------
  Seed: px+i*py
F_onsite: (-3.269621291784484e-17+2.5513849981161204e-17j)
F_swave: (-4.616633965001356e-18-3.469446951953614e-18j), F_dwave: (-3.284502734225456e-16-7.73686670285656e-16j)
F_px: (0.035088044879097044-2.422778926943316e-19j), F_py: (-1.8649839083747176e-17+0.03508804487909779j)
Free_energy = -10416.977632770813
------------------------------------------
[{'stable': {'F_px': np.complex128(0.035088044879097044-2.422778926943316e-19j), 'F_py': np.complex128(-1.8649839083747176e-17+0.03508804487909779j)}, 'free': np.float64(-10416.977632770813)}]
------------------------------------------
  Seed: d-wave
F_onsite: (2.6574335231123588e-17+0j)
F_swave: (-3.8163916471489756e-17+0j), F_dwave: (0.04462685217244316+0j)
F_px: 2.1715211615191087e-17j, F_py: -2.1011678787783098e-17j
Free_energy = -10445.926814887482
------------------------------------------
[{'stable': {'F_dwave': np.complex128(0.04462685217244316+0j)}, 'free': np.float64(-10445.926814887482)}]
------------------------------------------
  Seed: d-wave+px
F_onsite: (-0.00047614221525698854-9.837308300513436e-18j)
F_swave: (0.00016809304672158257+8.189299822511788e-18j), F_dwave: (0.04267271260772832-6.752555919934143e-17j)
F_px: (0.02138524674725802-2.134667287379666e-17j), F_py: (-6.938893903907228e-18-1.3498409691673136e-17j)
Free_energy = -10448.008400843864
------------------------------------------
[{'stable': {'F_dwave': np.complex128(0.04267271260772832-6.752555919934143e-17j), 'F_px': np.complex128(0.02138524674725802-2.134667287379666e-17j)}, 'free': np.float64(-10448.008400843864)}]
------------------------------------------
  Seed: d-wave+py
F_onsite: (0.00047614221525708856-2.065701600116425e-18j)
F_swave: (-0.00016809304672179073+1.4092510659943422e-18j), F_dwave: (0.042672712607728244+2.247182379532599e-17j)
F_px: (2.0816681711721685e-17+2.030651641456838e-17j), F_py: (0.02138524674725812-1.3772888071252932e-18j)
Free_energy = -10448.008400843846
------------------------------------------
[{'stable': {'F_dwave': np.complex128(0.04267271260772832-6.752555919934143e-17j), 'F_px': np.complex128(0.02138524674725802-2.134667287379666e-17j)}, 'free': np.float64(-10448.008400843864)}, {'stable': {'F_dwave': np.complex128(0.042672712607728244+2.247182379532599e-17j), 'F_py': np.complex128(0.02138524674725812-1.3772888071252932e-18j)}, 'free': np.float64(-10448.008400843846)}]
------------------------------------------
====================================
mu=1.01, T=0.0280
====================================
  Seed: normal state
F_onsite: 0j
F_swave: 0j, F_dwave: 0j
F_px: 0j, F_py: 0j
Free_energy = -10371.67127820745
------------------------------------------
[{'stable': {}, 'free': np.float64(-10371.67127820745)}]
------------------------------------------
  Seed: px
F_onsite: 8.054436295441142e-17j
F_swave: -4.210918418156347e-18j, F_dwave: -2.2164729353320984e-16j
F_px: (0.045561977127912934+0j), F_py: (2.236775785682192e-18+0j)
Free_energy = -10409.960961289133
------------------------------------------
[{'stable': {'F_px': np.complex128(0.045561977127912934+0j)}, 'free': np.float64(-10409.960961289133)}]
------------------------------------------
  Seed: py
F_onsite: 8.512612298478754e-17j
F_swave: -2.835326323903523e-17j, F_dwave: 3.6296378229383475e-16j
F_px: (-2.3586889730827074e-19+0j), F_py: (0.04556197712791274+0j)
Free_energy = -10409.960961289114
------------------------------------------
[{'stable': {'F_px': np.complex128(0.045561977127912934+0j)}, 'free': np.float64(-10409.960961289133)}, {'stable': {'F_py': np.complex128(0.04556197712791274+0j)}, 'free': np.float64(-10409.960961289114)}]
------------------------------------------
  Seed: px+py
F_onsite: -6.951509400865397e-17j
F_swave: 1.1814203790066168e-17j, F_dwave: 2.1153043789032288e-16j
F_px: (0.026612969006777943+0j), F_py: (0.026613291174307285+0j)
Free_energy = -10397.76026802403
------------------------------------------
[{'stable': {'F_px': np.complex128(0.045561977127912934+0j)}, 'free': np.float64(-10409.960961289133)}, {'stable': {'F_py': np.complex128(0.04556197712791274+0j)}, 'free': np.float64(-10409.960961289114)}]
------------------------------------------
  Seed: px+i*py
F_onsite: (-5.649402708742804e-17+1.0487162565558776e-16j)
F_swave: (1.52699129264065e-17-6.245004513516506e-17j), F_dwave: (-4.281341002088866e-16-1.0998146837692957e-15j)
F_px: (0.03480592612572428-1.2900126498225782e-17j), F_py: (6.590975120822525e-20+0.03480592612572456j)
Free_energy = -10416.37054581831
------------------------------------------
[{'stable': {'F_px': np.complex128(0.03480592612572428-1.2900126498225782e-17j), 'F_py': np.complex128(6.590975120822525e-20+0.03480592612572456j)}, 'free': np.float64(-10416.37054581831)}]
------------------------------------------
  Seed: d-wave
F_onsite: (-4.6561798157262915e-17+0j)
F_swave: (3.8163916471489756e-17+0j), F_dwave: (0.04449065198595784+0j)
F_px: 9.267918525862559e-18j, F_py: -2.1718713070724024e-17j
Free_energy = -10445.599494888758
------------------------------------------
[{'stable': {'F_dwave': np.complex128(0.04449065198595784+0j)}, 'free': np.float64(-10445.599494888758)}]
------------------------------------------
  Seed: d-wave+px
F_onsite: (-0.0004244327893576887-9.274190209266936e-18j)
F_swave: (0.00014985521481428003+6.0892007438029575e-18j), F_dwave: (0.042760627402695185-7.383209006856412e-17j)
F_px: (0.020265833239499036-2.3799375886579695e-17j), F_py: (-1.0408340855860843e-17-1.4040179905670867e-17j)
Free_energy = -10447.52760222455
------------------------------------------
[{'stable': {'F_dwave': np.complex128(0.042760627402695185-7.383209006856412e-17j), 'F_px': np.complex128(0.020265833239499036-2.3799375886579695e-17j)}, 'free': np.float64(-10447.52760222455)}]
------------------------------------------
  Seed: d-wave+py
F_onsite: (0.00042443278935764926-1.3119481561785044e-18j)
F_swave: (-0.00014985521481417421+8.164471169245396e-19j), F_dwave: (0.04276062740269532+1.691420240037411e-17j)
F_px: (3.469446951953614e-18+1.5899840741367684e-17j), F_py: (0.020265833239498453-6.2450680409875496e-18j)
Free_energy = -10447.527602224536
------------------------------------------
[{'stable': {'F_dwave': np.complex128(0.042760627402695185-7.383209006856412e-17j), 'F_px': np.complex128(0.020265833239499036-2.3799375886579695e-17j)}, 'free': np.float64(-10447.52760222455)}, {'stable': {'F_dwave': np.complex128(0.04276062740269532+1.691420240037411e-17j), 'F_py': np.complex128(0.020265833239498453-6.2450680409875496e-18j)}, 'free': np.float64(-10447.527602224536)}]
------------------------------------------
====================================
mu=1.01, T=0.0310
====================================
  Seed: normal state
F_onsite: 0j
F_swave: 0j, F_dwave: 0j
F_px: 0j, F_py: 0j
Free_energy = -10372.133405427414
------------------------------------------
[{'stable': {}, 'free': np.float64(-10372.133405427414)}]
------------------------------------------
  Seed: px
F_onsite: 6.612839158773526e-17j
F_swave: -1.6447844588461614e-17j, F_dwave: -2.7000731616771403e-16j
F_px: (0.04503189102727457+0j), F_py: (8.107726579224258e-19+0j)
Free_energy = -10409.293048688613
------------------------------------------
[{'stable': {'F_px': np.complex128(0.04503189102727457+0j)}, 'free': np.float64(-10409.293048688613)}]
------------------------------------------
  Seed: py
F_onsite: 9.93205952357567e-17j
F_swave: -3.3177962906595724e-17j, F_dwave: 4.3301896568548174e-16j
F_px: (8.132806695396866e-19+0j), F_py: (0.045031891027274555+0j)
Free_energy = -10409.293048688625
------------------------------------------
[{'stable': {'F_px': np.complex128(0.04503189102727457+0j)}, 'free': np.float64(-10409.293048688613)}, {'stable': {'F_py': np.complex128(0.045031891027274555+0j)}, 'free': np.float64(-10409.293048688625)}]
------------------------------------------
  Seed: px+py
F_onsite: -4.45367806083943e-17j
F_swave: 8.066506514939516e-18j, F_dwave: 5.157666730939384e-16j
F_px: (0.026208166739788954+0j), F_py: (0.026212389711097097+0j)
Free_energy = -10397.277168970324
------------------------------------------
[{'stable': {'F_px': np.complex128(0.04503189102727457+0j)}, 'free': np.float64(-10409.293048688613)}, {'stable': {'F_py': np.complex128(0.045031891027274555+0j)}, 'free': np.float64(-10409.293048688625)}]
------------------------------------------
  Seed: px+i*py
F_onsite: (-7.295579477996014e-17+1.7886757689477618e-16j)
F_swave: (4.150092849865118e-17-2.0816681711721685e-17j), F_dwave: (-6.382458042346728e-16-1.6028844918025698e-15j)
F_px: (0.034414555116945765-1.392760393302485e-18j), F_py: (6.3822741435529454e-18+0.03441455511694594j)
Free_energy = -10415.544452740936
------------------------------------------
[{'stable': {'F_px': np.complex128(0.034414555116945765-1.392760393302485e-18j), 'F_py': np.complex128(6.3822741435529454e-18+0.03441455511694594j)}, 'free': np.float64(-10415.544452740936)}]
------------------------------------------
  Seed: d-wave
F_onsite: (-1.942470217691745e-17+0j)
F_swave: (1.3877787807814457e-16+0j), F_dwave: (0.044312823388789495+0j)
F_px: 1.6459451173226652e-17j, F_py: -2.0884192884595813e-17j
Free_energy = -10445.174359605051
------------------------------------------
[{'stable': {'F_dwave': np.complex128(0.044312823388789495+0j)}, 'free': np.float64(-10445.174359605051)}]
------------------------------------------
  Seed: d-wave+px
F_onsite: (-0.00035932560437879215+6.470193516499982e-18j)
F_swave: (0.00012688684093042045+2.9723577259235475e-18j), F_dwave: (0.04285470598345644-4.3405938684250604e-17j)
F_px: (0.018733723514949507-2.961571290735856e-19j), F_py: (7.979727989493313e-17-1.250529003079707e-17j)
Free_energy = -10446.869314805344
------------------------------------------
[{'stable': {'F_dwave': np.complex128(0.04285470598345644-4.3405938684250604e-17j), 'F_px': np.complex128(0.018733723514949507-2.961571290735856e-19j)}, 'free': np.float64(-10446.869314805344)}]
------------------------------------------
  Seed: d-wave+py
F_onsite: (0.0003593256043787931-1.6292943438232484e-18j)
F_swave: (-0.00012688684093046902+1.1976119431889747e-18j), F_dwave: (0.042854705983456344-6.4252478307363e-18j)
F_px: (2.7755575615628914e-17+3.0931724174705925e-17j), F_py: (0.018733723514949584-1.539891339729537e-17j)
Free_energy = -10446.869314805303
------------------------------------------
[{'stable': {'F_dwave': np.complex128(0.04285470598345644-4.3405938684250604e-17j), 'F_px': np.complex128(0.018733723514949507-2.961571290735856e-19j)}, 'free': np.float64(-10446.869314805344)}, {'stable': {'F_dwave': np.complex128(0.042854705983456344-6.4252478307363e-18j), 'F_py': np.complex128(0.018733723514949584-1.539891339729537e-17j)}, 'free': np.float64(-10446.869314805303)}]
------------------------------------------
====================================
mu=1.01, T=0.0340
====================================
  Seed: normal state
F_onsite: 0j
F_swave: 0j, F_dwave: 0j
F_px: 0j, F_py: 0j
Free_energy = -10372.64281425166
------------------------------------------
[{'stable': {}, 'free': np.float64(-10372.64281425166)}]
------------------------------------------
  Seed: px
F_onsite: 3.853475808370953e-17j
F_swave: -1.6358006156493455e-17j, F_dwave: -3.8763811674514853e-16j
F_px: (0.04434671380591596+0j), F_py: (2.0729510110048397e-18+0j)
Free_energy = -10408.441163289392
------------------------------------------
[{'stable': {'F_px': np.complex128(0.04434671380591596+0j)}, 'free': np.float64(-10408.441163289392)}]
------------------------------------------
  Seed: py
F_onsite: 1.207694282239261e-16j
F_swave: -4.102619961893965e-17j, F_dwave: 5.482216404404934e-16j
F_px: (2.7429540722829913e-18+0j), F_py: (0.044346713805915774+0j)
Free_energy = -10408.441163289435
------------------------------------------
[{'stable': {'F_px': np.complex128(0.04434671380591596+0j)}, 'free': np.float64(-10408.441163289392)}, {'stable': {'F_py': np.complex128(0.044346713805915774+0j)}, 'free': np.float64(-10408.441163289435)}]
------------------------------------------
  Seed: px+py
F_onsite: 2.2821383387108644e-14j
F_swave: -7.926971601164763e-15j, F_dwave: 1.0024459674343902e-13j
F_px: (5.186618763754067e-15+0j), F_py: (0.044343559062092384+0j)
Free_energy = -10408.43506653641
------------------------------------------
[{'stable': {'F_px': np.complex128(0.04434671380591596+0j)}, 'free': np.float64(-10408.441163289392)}, {'stable': {'F_py': np.complex128(0.044346713805915774+0j)}, 'free': np.float64(-10408.441163289435)}]
------------------------------------------
  Seed: px+i*py
F_onsite: (-1.2385850444300334e-16+4.098679141106864e-16j)
F_swave: (5.017931043886352e-17-1.4224732503009818e-16j), F_dwave: (-1.1534634411601128e-15-2.751271432899216e-15j)
F_px: (0.03390078462074404-2.785500934270269e-17j), F_py: (2.1248602340372374e-17+0.033900784620744244j)
Free_energy = -10414.48576610937
------------------------------------------
[{'stable': {'F_px': np.complex128(0.03390078462074404-2.785500934270269e-17j), 'F_py': np.complex128(2.1248602340372374e-17+0.033900784620744244j)}, 'free': np.float64(-10414.48576610937)}]
------------------------------------------
  Seed: d-wave
F_onsite: (-6.430567594691751e-17+0j)
F_swave: (1.5265566588595902e-16+0j), F_dwave: (0.04408716431461176+0j)
F_px: 9.72615176979856e-18j, F_py: -2.192163619141492e-17j
Free_energy = -10444.637840588737
------------------------------------------
[{'stable': {'F_dwave': np.complex128(0.04408716431461176+0j)}, 'free': np.float64(-10444.637840588737)}]
------------------------------------------
  Seed: d-wave+px
F_onsite: (-0.00028108151710680375-1.5742372022517189e-18j)
F_swave: (9.927544901574062e-05+7.439794778199939e-19j), F_dwave: (0.042948138235410584-6.41946484563782e-17j)
F_px: (0.01666180977198871-1.1613576095575106e-17j), F_py: (-1.3877787807814457e-17-1.4666243132810202e-17j)
Free_energy = -10446.012202956856
------------------------------------------
[{'stable': {'F_dwave': np.complex128(0.042948138235410584-6.41946484563782e-17j), 'F_px': np.complex128(0.01666180977198871-1.1613576095575106e-17j)}, 'free': np.float64(-10446.012202956856)}]
------------------------------------------
  Seed: d-wave+py
F_onsite: (0.000281081517106692-1.4474204881799891e-18j)
F_swave: (-9.927544901570592e-05-5.302955645403954e-19j), F_dwave: (0.04294813823541052+8.965618753560155e-18j)
F_px: (6.938893903907228e-17+1.7495902276901e-17j), F_py: (0.016661809771989056-1.1086933360619745e-17j)
Free_energy = -10446.012202956861
------------------------------------------
[{'stable': {'F_dwave': np.complex128(0.042948138235410584-6.41946484563782e-17j), 'F_px': np.complex128(0.01666180977198871-1.1613576095575106e-17j)}, 'free': np.float64(-10446.012202956856)}, {'stable': {'F_dwave': np.complex128(0.04294813823541052+8.965618753560155e-18j), 'F_py': np.complex128(0.016661809771989056-1.1086933360619745e-17j)}, 'free': np.float64(-10446.012202956861)}]
------------------------------------------
====================================
mu=1.01, T=0.0370
====================================
  Seed: normal state
F_onsite: 0j
F_swave: 0j, F_dwave: 0j
F_px: 0j, F_py: 0j
Free_energy = -10373.1994651887
------------------------------------------
[{'stable': {}, 'free': np.float64(-10373.1994651887)}]
------------------------------------------
  Seed: px
F_onsite: 8.301388751213133e-17j
F_swave: -3.5501003703999846e-17j, F_dwave: -5.342131448610057e-16j
F_px: (0.04348862693118323+0j), F_py: (-7.075702959778599e-20+0j)
Free_energy = -10407.39614564589
------------------------------------------
[{'stable': {'F_px': np.complex128(0.04348862693118323+0j)}, 'free': np.float64(-10407.39614564589)}]
------------------------------------------
  Seed: py
F_onsite: 1.5518765912353894e-16j
F_swave: -5.2512389900181587e-17j, F_dwave: 7.531594091440992e-16j
F_px: (1.1748644763437665e-18+0j), F_py: (0.04348862693118328+0j)
Free_energy = -10407.396145645907
------------------------------------------
[{'stable': {'F_px': np.complex128(0.04348862693118323+0j)}, 'free': np.float64(-10407.39614564589)}, {'stable': {'F_py': np.complex128(0.04348862693118328+0j)}, 'free': np.float64(-10407.396145645907)}]
------------------------------------------
  Seed: px+py
F_onsite: 2.0614297275433476e-15j
F_swave: -7.771561172376096e-16j, F_dwave: 0.04380466221494534j
F_px: (-1.8317021322748963e-17+0j), F_py: (2.900539292877983e-08+0j)
Free_energy = -10443.966059031483
------------------------------------------
[{'stable': {'F_dwave': np.complex128(0.04380466221494534j)}, 'free': np.float64(-10443.966059031483)}]
------------------------------------------
  Seed: px+i*py
F_onsite: (-2.264571171846342e-16+6.076925118814875e-16j)
F_swave: (9.958916423704042e-17-2.1684043449710089e-16j), F_dwave: (-2.163910100649441e-15-5.695097171631858e-15j)
F_px: (0.033250967631369616+1.9385010742404706e-17j), F_py: (1.1060887097491675e-17+0.03325096763136942j)
Free_energy = -10413.183650670655
------------------------------------------
[{'stable': {'F_dwave': np.complex128(0.04380466221494534j)}, 'free': np.float64(-10443.966059031483)}]
------------------------------------------
  Seed: d-wave
F_onsite: (-4.6914305190472e-17+0j)
F_swave: (4.163336342344337e-17+0j), F_dwave: (0.04380763601343224+0j)
F_px: 1.7168464361658303e-17j, F_py: -2.254157054793035e-17j
Free_energy = -10443.977741952942
------------------------------------------
[{'stable': {'F_dwave': np.complex128(0.04380466221494534j)}, 'free': np.float64(-10443.966059031483)}, {'stable': {'F_dwave': np.complex128(0.04380763601343224+0j)}, 'free': np.float64(-10443.977741952942)}]
------------------------------------------
  Seed: d-wave+px
F_onsite: (-0.0001902858514843209+3.733443298811138e-18j)
F_swave: (6.722216267483587e-05+3.5595666253300414e-18j), F_dwave: (0.04303462964126016-1.2782352522610482e-17j)
F_px: (0.01379842998601516-5.15485722853246e-19j), F_py: (7.28583859910259e-17-2.084356839035211e-17j)
Free_energy = -10444.939039462235
------------------------------------------
[{'stable': {'F_dwave': np.complex128(0.04303462964126016-1.2782352522610482e-17j), 'F_px': np.complex128(0.01379842998601516-5.15485722853246e-19j)}, 'free': np.float64(-10444.939039462235)}]
------------------------------------------
  Seed: d-wave+py
F_onsite: (0.00019028585148428236-2.0638354806545053e-18j)
F_swave: (-6.722216267486363e-05-4.04186917073011e-19j), F_dwave: (0.043034629641260286+2.444664140717999e-17j)
F_px: (-5.898059818321144e-17+2.1825795736922076e-17j), F_py: (0.013798429986015019-1.0739391771894365e-17j)
Free_energy = -10444.939039462222
------------------------------------------
[{'stable': {'F_dwave': np.complex128(0.04303462964126016-1.2782352522610482e-17j), 'F_px': np.complex128(0.01379842998601516-5.15485722853246e-19j)}, 'free': np.float64(-10444.939039462235)}, {'stable': {'F_dwave': np.complex128(0.043034629641260286+2.444664140717999e-17j), 'F_py': np.complex128(0.013798429986015019-1.0739391771894365e-17j)}, 'free': np.float64(-10444.939039462222)}]
------------------------------------------
====================================
mu=1.01, T=0.0400
====================================
  Seed: normal state
F_onsite: 0j
F_swave: 0j, F_dwave: 0j
F_px: 0j, F_py: 0j
Free_energy = -10373.803365033356
------------------------------------------
[{'stable': {}, 'free': np.float64(-10373.803365033356)}]
------------------------------------------
  Seed: px
F_onsite: 1.9738826992384668e-16j
F_swave: -5.911929982832433e-17j, F_dwave: -8.76902981804072e-16j
F_px: (0.04243709610142176+0j), F_py: (-8.86853421942603e-19+0j)
Free_energy = -10406.149021082892
------------------------------------------
[{'stable': {'F_px': np.complex128(0.04243709610142176+0j)}, 'free': np.float64(-10406.149021082892)}]
------------------------------------------
  Seed: py
F_onsite: 2.2508704139245035e-16j
F_swave: -7.779224702966379e-17j, F_dwave: 1.169771823097298e-15j
F_px: (-4.753773893117748e-19+0j), F_py: (0.04243709610142192+0j)
Free_energy = -10406.149021082949
------------------------------------------
[{'stable': {'F_px': np.complex128(0.04243709610142176+0j)}, 'free': np.float64(-10406.149021082892)}, {'stable': {'F_py': np.complex128(0.04243709610142192+0j)}, 'free': np.float64(-10406.149021082949)}]
------------------------------------------
  Seed: px+py
F_onsite: 1.4253408071838528e-17j
F_swave: -3.8163916471489756e-17j, F_dwave: 0.04346844115349441j
F_px: (-2.075469625669776e-17+0j), F_py: (1.3739600096706143e-09+0j)
Free_energy = -10443.183604395355
------------------------------------------
[{'stable': {'F_dwave': np.complex128(0.04346844115349441j)}, 'free': np.float64(-10443.183604395355)}]
------------------------------------------
  Seed: px+i*py
F_onsite: (-4.833577102243312e-16+1.2046050472015062e-15j)
F_swave: (1.3404806595301126e-16-4.198030811863873e-16j), F_dwave: (-5.0780099724869115e-15-1.35828848168984e-14j)
F_px: (0.032450664943966825+2.4363790997026678e-17j), F_py: (-1.7085355995278683e-17+0.032450664943966555j)
Free_energy = -10411.631211288546
------------------------------------------
[{'stable': {'F_dwave': np.complex128(0.04346844115349441j)}, 'free': np.float64(-10443.183604395355)}]
------------------------------------------
  Seed: d-wave
F_onsite: (9.63411833135693e-17+0j)
F_swave: (-1.0408340855860843e-16+0j), F_dwave: (0.04346846801541393+0j)
F_px: 1.502895686833103e-17j, F_py: -2.2836321759428095e-17j
Free_energy = -10443.183708255343
------------------------------------------
[{'stable': {'F_dwave': np.complex128(0.04346844115349441j)}, 'free': np.float64(-10443.183604395355)}, {'stable': {'F_dwave': np.complex128(0.04346846801541393+0j)}, 'free': np.float64(-10443.183708255343)}]
------------------------------------------
  Seed: d-wave+px
F_onsite: (-8.801105551192831e-05-5.361400918764501e-18j)
F_swave: (3.109986956038521e-05-2.0707970326897516e-19j), F_dwave: (0.04310756219500149-9.03464532131648e-18j)
F_px: (0.009453493969784146+4.093696999190233e-18j), F_py: -2.1209956462153897e-17j
Free_energy = -10443.637766823658
------------------------------------------
[{'stable': {'F_dwave': np.complex128(0.04310756219500149-9.03464532131648e-18j), 'F_px': np.complex128(0.009453493969784146+4.093696999190233e-18j)}, 'free': np.float64(-10443.637766823658)}]
------------------------------------------
  Seed: d-wave+py
F_onsite: (8.801105551191269e-05+7.3857302533634735e-19j)
F_swave: (-3.109986956017184e-05-3.1925862922096656e-19j), F_dwave: (0.04310756219500171-2.3028165622994456e-17j)
F_px: (-9.71445146547012e-17+2.830148173268941e-17j), F_py: (0.009453493969784153-2.715868870305555e-17j)
Free_energy = -10443.637766823686
------------------------------------------
[{'stable': {'F_dwave': np.complex128(0.04310756219500149-9.03464532131648e-18j), 'F_px': np.complex128(0.009453493969784146+4.093696999190233e-18j)}, 'free': np.float64(-10443.637766823658)}, {'stable': {'F_dwave': np.complex128(0.04310756219500171-2.3028165622994456e-17j), 'F_py': np.complex128(0.009453493969784153-2.715868870305555e-17j)}, 'free': np.float64(-10443.637766823686)}]
------------------------------------------
====================================
mu=1.01, T=0.0430
====================================
  Seed: normal state
F_onsite: 0j
F_swave: 0j, F_dwave: 0j
F_px: 0j, F_py: 0j
Free_energy = -10374.45453992926
------------------------------------------
[{'stable': {}, 'free': np.float64(-10374.45453992926)}]
------------------------------------------
  Seed: px
F_onsite: 2.968450257058745e-16j
F_swave: -8.475451374895932e-17j, F_dwave: -1.5910526856090685e-15j
F_px: (0.04117130081760667+0j), F_py: (1.2890451793781362e-18+0j)
Free_energy = -10404.697542258418
------------------------------------------
[{'stable': {'F_px': np.complex128(0.04117130081760667+0j)}, 'free': np.float64(-10404.697542258418)}]
------------------------------------------
  Seed: py
F_onsite: 3.759428152050532e-16j
F_swave: -1.2879215372340442e-16j, F_dwave: 2.0915331403923657e-15j
F_px: (1.5191668257903885e-19+0j), F_py: (0.041171300817606886+0j)
Free_energy = -10404.69754225844
------------------------------------------
[{'stable': {'F_px': np.complex128(0.04117130081760667+0j)}, 'free': np.float64(-10404.697542258418)}, {'stable': {'F_py': np.complex128(0.041171300817606886+0j)}, 'free': np.float64(-10404.69754225844)}]
------------------------------------------
  Seed: px+py
F_onsite: 6.739665394762645e-17j
F_swave: 2.0816681711721685e-17j, F_dwave: 0.043063370487666106j
F_px: (-1.2699344948567868e-17+0j), F_py: (4.80790864919878e-11+0j)
Free_energy = -10442.244397816421
------------------------------------------
[{'stable': {'F_dwave': np.complex128(0.043063370487666106j)}, 'free': np.float64(-10442.244397816421)}]
------------------------------------------
  Seed: px+i*py
F_onsite: (-1.2708800548984553e-15+3.599497584878402e-15j)
F_swave: (4.628102724932731e-16-1.2368578383714635e-15j), F_dwave: (-1.5076120834121896e-14-4.1104272763270444e-14j)
F_px: (0.031482587244484425+1.1620233245144933e-17j), F_py: (-1.340986827890546e-17+0.031482587244484175j)
Free_energy = -10409.822243406586
------------------------------------------
[{'stable': {'F_dwave': np.complex128(0.043063370487666106j)}, 'free': np.float64(-10442.244397816421)}]
------------------------------------------
  Seed: d-wave
F_onsite: (2.865277541267333e-17+0j)
F_swave: (9.367506770274758e-17+0j), F_dwave: (0.043063370653608+0j)
F_px: 5.952756060991417e-18j, F_py: -2.3928637746542132e-17j
Free_energy = -10442.244398446168
------------------------------------------
[{'stable': {'F_dwave': np.complex128(0.043063370487666106j)}, 'free': np.float64(-10442.244397816421)}, {'stable': {'F_dwave': np.complex128(0.043063370653608+0j)}, 'free': np.float64(-10442.244398446168)}]
------------------------------------------
  Seed: d-wave+px
==================================================
WARNING: Failed to converge after 5000 iterations
==================================================
F_onsite: (-1.487681831765553e-11+1.9358825629256e-18j)
F_swave: (5.263296742885615e-12+2.574152397429152e-19j), F_dwave: (0.043060829241073934+2.144350594502457e-17j)
F_px: (3.919754093004851e-06+3.257386332804772e-17j), F_py: (4.163336342344337e-16-2.613705577749796e-17j)
Free_energy = -10442.234754313517
------------------------------------------
[{'stable': {'F_dwave': np.complex128(0.043063370487666106j)}, 'free': np.float64(-10442.244397816421)}, {'stable': {'F_dwave': np.complex128(0.043063370653608+0j)}, 'free': np.float64(-10442.244398446168)}]
------------------------------------------
  Seed: d-wave+py
==================================================
WARNING: Failed to converge after 5000 iterations
==================================================
F_onsite: (1.4876843248950647e-11-7.61093928704247e-19j)
F_swave: (-5.2632256192231e-12+1.938277612690459e-18j), F_dwave: (0.043060829241073934+3.0432180703798414e-17j)
F_px: (-1.3877787807814457e-17+2.674663537590534e-17j), F_py: (3.9197540911591056e-06-2.561194359809446e-17j)
Free_energy = -10442.234754313535
------------------------------------------
[{'stable': {'F_dwave': np.complex128(0.043063370487666106j)}, 'free': np.float64(-10442.244397816421)}, {'stable': {'F_dwave': np.complex128(0.043063370653608+0j)}, 'free': np.float64(-10442.244398446168)}]
------------------------------------------
====================================
mu=1.01, T=0.0460
====================================
  Seed: normal state
F_onsite: 0j
F_swave: 0j, F_dwave: 0j
F_px: 0j, F_py: 0j
Free_energy = -10375.153022685177
------------------------------------------
[{'stable': {}, 'free': np.float64(-10375.153022685177)}]
------------------------------------------
  Seed: px
F_onsite: 5.414655997740747e-16j
F_swave: -1.7042609948199903e-16j, F_dwave: -3.6257924521764906e-15j
F_px: (0.03966187084603364+0j), F_py: (8.461627532498946e-19+0j)
Free_energy = -10403.034390142588
------------------------------------------
[{'stable': {'F_px': np.complex128(0.03966187084603364+0j)}, 'free': np.float64(-10403.034390142588)}]
------------------------------------------
  Seed: py
F_onsite: 7.694926925264447e-16j
F_swave: -2.648591028538616e-16j, F_dwave: 4.7262623159304875e-15j
F_px: (6.764219828315631e-19+0j), F_py: (0.03966187084603324+0j)
Free_energy = -10403.034390142582
------------------------------------------
[{'stable': {'F_px': np.complex128(0.03966187084603364+0j)}, 'free': np.float64(-10403.034390142588)}, {'stable': {'F_py': np.complex128(0.03966187084603324+0j)}, 'free': np.float64(-10403.034390142582)}]
------------------------------------------
  Seed: px+py
F_onsite: 7.432548407211336e-17j
F_swave: 3.8163916471489756e-17j, F_dwave: 0.04258851167995359j
F_px: (-2.922543284198523e-17+0j), F_py: (1.4996226624740787e-12+0j)
Free_energy = -10441.159091976891
------------------------------------------
[{'stable': {'F_dwave': np.complex128(0.04258851167995359j)}, 'free': np.float64(-10441.159091976891)}]
------------------------------------------
  Seed: px+i*py
F_onsite: (-4.422690498664654e-15+1.2084654104465296e-14j)
F_swave: (1.5148041693606654e-15-4.117366170230952e-15j), F_dwave: (-5.933834179409558e-14-1.6203444835882763e-13j)
F_px: (0.03032760035241775+1.059812917560501e-17j), F_py: (-1.762895262406893e-17+0.030327600352417244j)
Free_energy = -10407.757224018005
------------------------------------------
[{'stable': {'F_dwave': np.complex128(0.04258851167995359j)}, 'free': np.float64(-10441.159091976891)}]
------------------------------------------
  Seed: d-wave
F_onsite: (-3.167246772196961e-17+0j)
F_swave: (1.8735013540549517e-16+0j), F_dwave: (0.04258851168091256+0j)
F_px: 1.5570451217594474e-17j, F_py: -2.3633027383853444e-17j
Free_energy = -10441.159091980455
------------------------------------------
[{'stable': {'F_dwave': np.complex128(0.04258851167995359j)}, 'free': np.float64(-10441.159091976891)}, {'stable': {'F_dwave': np.complex128(0.04258851168091256+0j)}, 'free': np.float64(-10441.159091980455)}]
------------------------------------------
  Seed: d-wave+px
F_onsite: (-6.614234983645774e-14+1.7678906914291015e-18j)
F_swave: (2.3491625311677922e-14-1.8823536480370786e-18j), F_dwave: (0.04258572086975151+3.709672247656684e-17j)
F_px: (2.6407753149493285e-07+1.8965247038178795e-17j), F_py: (-6.938893903907228e-17-2.447296513164633e-17j)
Free_energy = -10441.148724193155
------------------------------------------
[{'stable': {'F_dwave': np.complex128(0.04258851167995359j)}, 'free': np.float64(-10441.159091976891)}, {'stable': {'F_dwave': np.complex128(0.04258851168091256+0j)}, 'free': np.float64(-10441.159091980455)}]
------------------------------------------
  Seed: d-wave+py
F_onsite: (7.910046781244273e-14-2.0206362599306397e-18j)
F_swave: (-2.809384669344439e-14-5.191906747123422e-19j), F_dwave: (0.042585720869694775+1.673087932429766e-17j)
F_px: (1.700029006457271e-16+3.2606985934513917e-17j), F_py: (2.8856675452285097e-07-2.4292522607645776e-17j)
Free_energy = -10441.14872419319
------------------------------------------
[{'stable': {'F_dwave': np.complex128(0.04258851167995359j)}, 'free': np.float64(-10441.159091976891)}, {'stable': {'F_dwave': np.complex128(0.04258851168091256+0j)}, 'free': np.float64(-10441.159091980455)}]
------------------------------------------
====================================
mu=1.01, T=0.0490
====================================
  Seed: normal state
F_onsite: 0j
F_swave: 0j, F_dwave: 0j
F_px: 0j, F_py: 0j
Free_energy = -10375.898847703975
------------------------------------------
[{'stable': {}, 'free': np.float64(-10375.898847703975)}]
------------------------------------------
  Seed: px
F_onsite: 1.6101616694897867e-15j
F_swave: -5.483589921268466e-16j, F_dwave: -1.1085527682973997e-14j
F_px: (0.03787617118960346+0j), F_py: (5.053742670453978e-19+0j)
Free_energy = -10401.160715941369
------------------------------------------
[{'stable': {'F_px': np.complex128(0.03787617118960346+0j)}, 'free': np.float64(-10401.160715941369)}]
------------------------------------------
  Seed: py
F_onsite: 2.091259442871284e-15j
F_swave: -7.202409559567185e-16j, F_dwave: 1.4424279065822828e-14j
F_px: (-6.620191140057897e-19+0j), F_py: (0.03787617118960351+0j)
Free_energy = -10401.160715941418
------------------------------------------
[{'stable': {'F_px': np.complex128(0.03787617118960346+0j)}, 'free': np.float64(-10401.160715941369)}, {'stable': {'F_py': np.complex128(0.03787617118960351+0j)}, 'free': np.float64(-10401.160715941418)}]
------------------------------------------
  Seed: px+py
F_onsite: 3.4417373878849556e-17j
F_swave: 5.551115123125783e-17j, F_dwave: 0.04203784144440636j
F_px: (-1.636555811442153e-17+0j), F_py: (4.210901265759272e-14+0j)
Free_energy = -10439.920084761798
------------------------------------------
[{'stable': {'F_dwave': np.complex128(0.04203784144440636j)}, 'free': np.float64(-10439.920084761798)}]
------------------------------------------
  Seed: px+i*py
F_onsite: (-1.0739761761863762e-14-3.485902977446161e-14j)
F_swave: (3.8289683923498075e-15+1.2411946470614055e-14j), F_dwave: (-0.012419656781099297-0.040158029679252596j)
F_px: (4.817165179769878e-09+1.5575942615558835e-08j), F_py: (5.87502580464902e-08+1.899645577056741e-07j)
Free_energy = -10439.908658340299
------------------------------------------
[{'stable': {'F_dwave': np.complex128(0.04203784144440636j)}, 'free': np.float64(-10439.920084761798)}, {'stable': {'F_dwave': np.complex128(-0.012419656781099297-0.040158029679252596j)}, 'free': np.float64(-10439.908658340299)}]
------------------------------------------
  Seed: d-wave
F_onsite: (2.845451014601172e-17+0j)
F_swave: (5.204170427930421e-17+0j), F_dwave: (0.042037841444411826+0j)
F_px: 2.6483237416672817e-17j, F_py: -2.2112590835822786e-17j
Free_energy = -10439.920084761827
------------------------------------------
[{'stable': {'F_dwave': np.complex128(0.04203784144440636j)}, 'free': np.float64(-10439.920084761798)}, {'stable': {'F_dwave': np.complex128(-0.012419656781099297-0.040158029679252596j)}, 'free': np.float64(-10439.908658340299)}, {'stable': {'F_dwave': np.complex128(0.042037841444411826+0j)}, 'free': np.float64(-10439.920084761827)}]
------------------------------------------
  Seed: d-wave+px
F_onsite: (-3.539870689068907e-14-1.91390502149661e-18j)
F_swave: (1.2713788355434019e-14+2.1434429540559546e-18j), F_dwave: (0.04203714326924883+4.290261872025648e-17j)
F_px: (1.9539788322087137e-07+3.393460950156386e-17j), F_py: (-8.673617379884035e-17-2.8639458958744337e-17j)
Free_energy = -10439.917552658046
------------------------------------------
[{'stable': {'F_dwave': np.complex128(0.04203784144440636j)}, 'free': np.float64(-10439.920084761798)}, {'stable': {'F_dwave': np.complex128(-0.012419656781099297-0.040158029679252596j)}, 'free': np.float64(-10439.908658340299)}, {'stable': {'F_dwave': np.complex128(0.042037841444411826+0j)}, 'free': np.float64(-10439.920084761827)}]
------------------------------------------
  Seed: d-wave+py
F_onsite: (4.234777147222356e-14+5.085825563194831e-19j)
F_swave: (-1.510423730533006e-14+1.595143092826952e-18j), F_dwave: (0.04203714326921603+2.5759475783987268e-17j)
F_px: (1.734723475976807e-17+3.23284916152745e-17j), F_py: (2.1351810050931896e-07-2.723094708788139e-17j)
Free_energy = -10439.917552658086
------------------------------------------
[{'stable': {'F_dwave': np.complex128(0.04203784144440636j)}, 'free': np.float64(-10439.920084761798)}, {'stable': {'F_dwave': np.complex128(-0.012419656781099297-0.040158029679252596j)}, 'free': np.float64(-10439.908658340299)}, {'stable': {'F_dwave': np.complex128(0.042037841444411826+0j)}, 'free': np.float64(-10439.920084761827)}]
------------------------------------------
====================================
mu=1.01, T=0.0520
====================================
  Seed: normal state
F_onsite: 0j
F_swave: 0j, F_dwave: 0j
F_px: 0j, F_py: 0j
Free_energy = -10376.69204962542
------------------------------------------
[{'stable': {}, 'free': np.float64(-10376.69204962542)}]
------------------------------------------
  Seed: px
F_onsite: 2.279635944406492e-15j
F_swave: -9.159339953157541e-16j, F_dwave: -0.041402263914424j
F_px: (3.114848563947439e-08+0j), F_py: (-2.6938592449812134e-17+0j)
Free_energy = -10438.511080003165
------------------------------------------
[{'stable': {'F_dwave': np.complex128(-0.041402263914424j)}, 'free': np.float64(-10438.511080003165)}]
------------------------------------------
  Seed: py
F_onsite: 1.8558182353319122e-15j
F_swave: -7.632783294297951e-16j, F_dwave: 0.04140226393101158j
F_px: (-2.794335707767306e-17+0j), F_py: (2.8062589815135572e-08+0j)
Free_energy = -10438.511080061739
------------------------------------------
[{'stable': {'F_dwave': np.complex128(-0.041402263914424j)}, 'free': np.float64(-10438.511080003165)}, {'stable': {'F_dwave': np.complex128(0.04140226393101158j)}, 'free': np.float64(-10438.511080061739)}]
------------------------------------------
  Seed: px+py
F_onsite: 5.010303115149633e-17j
F_swave: -1.5612511283791264e-16j, F_dwave: 0.04140592427576516j
F_px: (-4.2031407283697256e-17+0j), F_py: (1.101743817023099e-15+0j)
Free_energy = -10438.524001084075
------------------------------------------
[{'stable': {'F_dwave': np.complex128(-0.041402263914424j)}, 'free': np.float64(-10438.511080003165)}, {'stable': {'F_dwave': np.complex128(0.04140226393101158j)}, 'free': np.float64(-10438.511080061739)}]
------------------------------------------
  Seed: px+i*py
F_onsite: (-4.454048121838115e-15-1.4311610672276267e-14j)
F_swave: (1.596812959636651e-15+5.153863447127094e-15j), F_dwave: (-0.012233874876742958-0.03955731781092114j)
F_px: (3.130969814142681e-09+1.0123756045282706e-08j), F_py: (3.818538019291495e-08+1.2346956600531311e-07j)
Free_energy = -10438.523938067712
------------------------------------------
[{'stable': {'F_dwave': np.complex128(-0.041402263914424j)}, 'free': np.float64(-10438.511080003165)}, {'stable': {'F_dwave': np.complex128(0.04140226393101158j)}, 'free': np.float64(-10438.511080061739)}, {'stable': {'F_dwave': np.complex128(-0.012233874876742958-0.03955731781092114j)}, 'free': np.float64(-10438.523938067712)}]
------------------------------------------
  Seed: d-wave
F_onsite: (-1.5595213282821555e-17+0j)
F_swave: (-7.632783294297951e-17+0j), F_dwave: (0.04140592427576522+0j)
F_px: 2.0137618127603934e-17j, F_py: -2.673973413050663e-17j
Free_energy = -10438.524001084075
------------------------------------------
[{'stable': {'F_dwave': np.complex128(-0.041402263914424j)}, 'free': np.float64(-10438.511080003165)}, {'stable': {'F_dwave': np.complex128(0.04140226393101158j)}, 'free': np.float64(-10438.511080061739)}, {'stable': {'F_dwave': np.complex128(-0.012233874876742958-0.03955731781092114j)}, 'free': np.float64(-10438.523938067712)}, {'stable': {'F_dwave': np.complex128(0.04140592427576522+0j)}, 'free': np.float64(-10438.524001084075)}]
------------------------------------------
  Seed: d-wave+px
F_onsite: (-1.458486868494357e-14+8.038006592988234e-19j)
F_swave: (5.134781488891349e-15-5.185828001981336e-18j), F_dwave: (0.04140592032044317+4.134858054478027e-17j)
F_px: (1.2699618926956258e-07+3.689209568551787e-17j), F_py: (-2.7755575615628914e-17-2.5226297793693796e-17j)
Free_energy = -10438.52398712115
------------------------------------------
[{'stable': {'F_dwave': np.complex128(-0.041402263914424j)}, 'free': np.float64(-10438.511080003165)}, {'stable': {'F_dwave': np.complex128(0.04140226393101158j)}, 'free': np.float64(-10438.511080061739)}, {'stable': {'F_dwave': np.complex128(-0.012233874876742958-0.03955731781092114j)}, 'free': np.float64(-10438.523938067712)}, {'stable': {'F_dwave': np.complex128(0.04140592427576522+0j)}, 'free': np.float64(-10438.524001084075)}]
------------------------------------------
  Seed: d-wave+py
F_onsite: (1.7306677349377e-14-2.9144888423535854e-18j)
F_swave: (-6.0923488476305465e-15+2.3127451379048482e-18j), F_dwave: (0.04140592032042834+4.1902925765245187e-17j)
F_px: (-2.0816681711721685e-17+1.7779327914646382e-17j), F_py: (1.387731778518253e-07-2.770140742735082e-17j)
Free_energy = -10438.52398712118
------------------------------------------
[{'stable': {'F_dwave': np.complex128(-0.041402263914424j)}, 'free': np.float64(-10438.511080003165)}, {'stable': {'F_dwave': np.complex128(0.04140226393101158j)}, 'free': np.float64(-10438.511080061739)}, {'stable': {'F_dwave': np.complex128(-0.012233874876742958-0.03955731781092114j)}, 'free': np.float64(-10438.523938067712)}, {'stable': {'F_dwave': np.complex128(0.04140592427576522+0j)}, 'free': np.float64(-10438.524001084075)}]
------------------------------------------
====================================
mu=1.01, T=0.0550
====================================
  Seed: normal state
F_onsite: 0j
F_swave: 0j, F_dwave: 0j
F_px: 0j, F_py: 0j
Free_energy = -10377.532663569798
------------------------------------------
[{'stable': {}, 'free': np.float64(-10377.532663569798)}]
------------------------------------------
  Seed: px
F_onsite: 4.8606790038310637e-17j
F_swave: -1.0061396160665481e-16j, F_dwave: -0.04068613310915671j
F_px: (6.196509441598211e-10+0j), F_py: (-2.8757427376688387e-17+0j)
Free_energy = -10436.96570659938
------------------------------------------
[{'stable': {'F_dwave': np.complex128(-0.04068613310915671j)}, 'free': np.float64(-10436.96570659938)}]
------------------------------------------
  Seed: py
F_onsite: -2.5914392843757242e-17j
F_swave: 9.71445146547012e-17j, F_dwave: 0.04068613310923573j
F_px: (-4.259564855393783e-17+0j), F_py: (5.582618344604725e-10+0j)
Free_energy = -10436.96570659966
------------------------------------------
[{'stable': {'F_dwave': np.complex128(-0.04068613310915671j)}, 'free': np.float64(-10436.96570659938)}, {'stable': {'F_dwave': np.complex128(0.04068613310923573j)}, 'free': np.float64(-10436.96570659966)}]
------------------------------------------
  Seed: px+py
F_onsite: 5.958557823089802e-17j
F_swave: -1.0408340855860843e-17j, F_dwave: 0.04068615055150073j
F_px: (-1.3875797611260654e-17+0j), F_py: (4.976667718055573e-17+0j)
Free_energy = -10436.965766351137
------------------------------------------
[{'stable': {'F_dwave': np.complex128(-0.04068613310915671j)}, 'free': np.float64(-10436.96570659938)}, {'stable': {'F_dwave': np.complex128(0.04068613310923573j)}, 'free': np.float64(-10436.96570659966)}]
------------------------------------------
  Seed: px+i*py
F_onsite: (-1.2695313484417486e-15-4.161266931482732e-15j)
F_swave: (4.557985933129061e-16+1.5144135945277526e-15j), F_dwave: (-0.012021214290321314-0.03886969573797229j)
F_px: (1.703451281941104e-09+5.507981824109942e-09j), F_py: (2.077533131552428e-08+6.717547750348385e-08j)
Free_energy = -10436.96576605986
------------------------------------------
[{'stable': {'F_dwave': np.complex128(-0.04068613310915671j)}, 'free': np.float64(-10436.96570659938)}, {'stable': {'F_dwave': np.complex128(0.04068613310923573j)}, 'free': np.float64(-10436.96570659966)}, {'stable': {'F_dwave': np.complex128(-0.012021214290321314-0.03886969573797229j)}, 'free': np.float64(-10436.96576605986)}]
------------------------------------------
  Seed: d-wave
F_onsite: (6.257315608009255e-17+0j)
F_swave: (-3.469446951953614e-18+0j), F_dwave: (0.04068615055150074+0j)
F_px: 1.3849590875093749e-17j, F_py: -2.866521041882184e-17j
Free_energy = -10436.965766351137
------------------------------------------
[{'stable': {'F_dwave': np.complex128(-0.04068613310915671j)}, 'free': np.float64(-10436.96570659938)}, {'stable': {'F_dwave': np.complex128(0.04068613310923573j)}, 'free': np.float64(-10436.96570659966)}, {'stable': {'F_dwave': np.complex128(-0.012021214290321314-0.03886969573797229j)}, 'free': np.float64(-10436.96576605986)}, {'stable': {'F_dwave': np.complex128(0.04068615055150074+0j)}, 'free': np.float64(-10436.965766351137)}]
------------------------------------------
  Seed: d-wave+px
F_onsite: (-4.212408975149789e-15+8.204873523893261e-19j)
F_swave: (1.5230872119076366e-15-3.998033242572939e-18j), F_dwave: (0.040686150532630534+5.526882867081042e-17j)
F_px: (6.909417502379278e-08+2.7002304508864888e-17j), F_py: (1.3877787807814457e-17-2.766613455306831e-17j)
Free_energy = -10436.96576628669
------------------------------------------
[{'stable': {'F_dwave': np.complex128(-0.04068613310915671j)}, 'free': np.float64(-10436.96570659938)}, {'stable': {'F_dwave': np.complex128(0.04068613310923573j)}, 'free': np.float64(-10436.96570659966)}, {'stable': {'F_dwave': np.complex128(-0.012021214290321314-0.03886969573797229j)}, 'free': np.float64(-10436.96576605986)}, {'stable': {'F_dwave': np.complex128(0.04068615055150074+0j)}, 'free': np.float64(-10436.965766351137)}]
------------------------------------------
  Seed: d-wave+py
F_onsite: (5.002290580612382e-15+1.024628037907409e-18j)
F_swave: (-1.8197249262996706e-15-2.1110998813065563e-19j), F_dwave: (0.04068615053262584+3.147174004202201e-17j)
F_px: (-1.214306433183765e-16+2.6321263839187796e-17j), F_py: (7.550162112526793e-08-2.89519093909949e-17j)
Free_energy = -10436.965766286681
------------------------------------------
[{'stable': {'F_dwave': np.complex128(-0.04068613310915671j)}, 'free': np.float64(-10436.96570659938)}, {'stable': {'F_dwave': np.complex128(0.04068613310923573j)}, 'free': np.float64(-10436.96570659966)}, {'stable': {'F_dwave': np.complex128(-0.012021214290321314-0.03886969573797229j)}, 'free': np.float64(-10436.96576605986)}, {'stable': {'F_dwave': np.complex128(0.04068615055150074+0j)}, 'free': np.float64(-10436.965766351137)}]
------------------------------------------
====================================
mu=1.01, T=0.0580
====================================
  Seed: normal state
F_onsite: 0j
F_swave: 0j, F_dwave: 0j
F_px: 0j, F_py: 0j
Free_energy = -10378.420725925858
------------------------------------------
[{'stable': {}, 'free': np.float64(-10378.420725925858)}]
------------------------------------------
  Seed: px
F_onsite: 6.473258998164998e-17j
F_swave: -3.469446951953614e-17j, F_dwave: -0.03987302212593045j
F_px: (9.786000042370056e-12+0j), F_py: (-3.035167037485755e-17+0j)
Free_energy = -10435.247180646289
------------------------------------------
[{'stable': {'F_dwave': np.complex128(-0.03987302212593045j)}, 'free': np.float64(-10435.247180646289)}]
------------------------------------------
  Seed: py
F_onsite: -1.6136357801885523e-18j
F_swave: 6.938893903907228e-17j, F_dwave: 0.03987302212593073j
F_px: (-2.825617891807618e-17+0j), F_py: (8.816506545237297e-12+0j)
Free_energy = -10435.24718064629
------------------------------------------
[{'stable': {'F_dwave': np.complex128(-0.03987302212593045j)}, 'free': np.float64(-10435.247180646289)}, {'stable': {'F_dwave': np.complex128(0.03987302212593073j)}, 'free': np.float64(-10435.24718064629)}]
------------------------------------------
  Seed: px+py
F_onsite: -3.197635958992294e-17j
F_swave: 1.249000902703301e-16j, F_dwave: 0.039873022200515425j
F_px: (-1.644762435236967e-17+0j), F_py: (2.7982545496366034e-17+0j)
Free_energy = -10435.247180893415
------------------------------------------
[{'stable': {'F_dwave': np.complex128(-0.03987302212593045j)}, 'free': np.float64(-10435.247180646289)}, {'stable': {'F_dwave': np.complex128(0.03987302212593073j)}, 'free': np.float64(-10435.24718064629)}]
------------------------------------------
  Seed: px+i*py
F_onsite: (-2.527755234509487e-16-7.548859353618362e-16j)
F_swave: (1.1492543028346347e-16+2.5153490401663703e-16j), F_dwave: (-0.011780965728528919-0.03809287001364661j)
F_px: (7.597230579012293e-10+2.4565075598670383e-09j), F_py: (9.26559972063562e-09+2.995962212690162e-08j)
Free_energy = -10435.247180892196
------------------------------------------
[{'stable': {'F_dwave': np.complex128(-0.03987302212593045j)}, 'free': np.float64(-10435.247180646289)}, {'stable': {'F_dwave': np.complex128(0.03987302212593073j)}, 'free': np.float64(-10435.24718064629)}, {'stable': {'F_dwave': np.complex128(-0.011780965728528919-0.03809287001364661j)}, 'free': np.float64(-10435.247180892196)}]
------------------------------------------
  Seed: d-wave
F_onsite: (-4.007860558710803e-17+0j)
F_swave: (1.214306433183765e-16+0j), F_dwave: (0.039873022200515446+0j)
F_px: 1.743236094040459e-17j, F_py: -2.7137790615441935e-17j
Free_energy = -10435.247180893415
------------------------------------------
[{'stable': {'F_dwave': np.complex128(-0.03987302212593045j)}, 'free': np.float64(-10435.247180646289)}, {'stable': {'F_dwave': np.complex128(0.03987302212593073j)}, 'free': np.float64(-10435.24718064629)}, {'stable': {'F_dwave': np.complex128(-0.011780965728528919-0.03809287001364661j)}, 'free': np.float64(-10435.247180892196)}, {'stable': {'F_dwave': np.complex128(0.039873022200515446+0j)}, 'free': np.float64(-10435.247180893415)}]
------------------------------------------
  Seed: d-wave+px
F_onsite: (-8.629577317897589e-16-1.3776059324403663e-18j)
F_swave: (2.7582103268031233e-16+2.850073043021105e-18j), F_dwave: (0.03987302220042947+4.979499612241679e-17j)
F_px: (3.0815343204232404e-08+2.5169433161534886e-17j), F_py: (-3.8163916471489756e-17-3.153010570831103e-17j)
Free_energy = -10435.247180893133
------------------------------------------
[{'stable': {'F_dwave': np.complex128(-0.03987302212593045j)}, 'free': np.float64(-10435.247180646289)}, {'stable': {'F_dwave': np.complex128(0.03987302212593073j)}, 'free': np.float64(-10435.24718064629)}, {'stable': {'F_dwave': np.complex128(-0.011780965728528919-0.03809287001364661j)}, 'free': np.float64(-10435.247180892196)}, {'stable': {'F_dwave': np.complex128(0.039873022200515446+0j)}, 'free': np.float64(-10435.247180893415)}]
------------------------------------------
  Seed: d-wave+py
F_onsite: (9.155612922330643e-16-1.1226040623621278e-18j)
F_swave: (-3.7643499428696714e-16-1.7485386139437256e-18j), F_dwave: (0.03987302220042845+3.937083698830452e-17j)
F_px: (1.3877787807814457e-17+1.663141343310548e-17j), F_py: (3.367300323645073e-08-2.988848699215586e-17j)
Free_energy = -10435.247180893133
------------------------------------------
[{'stable': {'F_dwave': np.complex128(-0.03987302212593045j)}, 'free': np.float64(-10435.247180646289)}, {'stable': {'F_dwave': np.complex128(0.03987302212593073j)}, 'free': np.float64(-10435.24718064629)}, {'stable': {'F_dwave': np.complex128(-0.011780965728528919-0.03809287001364661j)}, 'free': np.float64(-10435.247180892196)}, {'stable': {'F_dwave': np.complex128(0.039873022200515446+0j)}, 'free': np.float64(-10435.247180893415)}]
------------------------------------------
====================================
mu=1.01, T=0.0610
====================================
  Seed: normal state
F_onsite: 0j
F_swave: 0j, F_dwave: 0j
F_px: 0j, F_py: 0j
Free_energy = -10379.356275202379
------------------------------------------
[{'stable': {}, 'free': np.float64(-10379.356275202379)}]
------------------------------------------
  Seed: px
F_onsite: 4.557618291476756e-17j
F_swave: -1.5612511283791264e-16j, F_dwave: -0.03895938620854293j
F_px: (1.2491701411269726e-13+0j), F_py: (-2.994528192541624e-17+0j)
Free_energy = -10433.367816303902
------------------------------------------
[{'stable': {'F_dwave': np.complex128(-0.03895938620854293j)}, 'free': np.float64(-10433.367816303902)}]
------------------------------------------
  Seed: py
F_onsite: -4.875038983187838e-17j
F_swave: -3.469446951953614e-18j, F_dwave: 0.038959386208543015j
F_px: (-1.583177463264175e-17+0j), F_py: (1.1255795266723051e-13+0j)
Free_energy = -10433.367816303902
------------------------------------------
[{'stable': {'F_dwave': np.complex128(-0.03895938620854293j)}, 'free': np.float64(-10433.367816303902)}, {'stable': {'F_dwave': np.complex128(0.038959386208543015j)}, 'free': np.float64(-10433.367816303902)}]
------------------------------------------
  Seed: px+py
F_onsite: 5.679531963719711e-17j
F_swave: -2.0816681711721685e-17j, F_dwave: 0.038959386208848715j
F_px: (-2.506623917218708e-17+0j), F_py: (3.0724839077345426e-17+0j)
Free_energy = -10433.367816304888
------------------------------------------
[{'stable': {'F_dwave': np.complex128(-0.03895938620854293j)}, 'free': np.float64(-10433.367816303902)}, {'stable': {'F_dwave': np.complex128(0.038959386208543015j)}, 'free': np.float64(-10433.367816303902)}]
------------------------------------------
  Seed: px+i*py
F_onsite: (-2.5980490624573118e-17-8.715182437078907e-17j)
F_swave: (6.5052130349130266e-18+1.5612511283791264e-17j), F_dwave: (-0.01151102094611879-0.037220023784894j)
F_px: (2.7211595997334026e-10+8.798665858400501e-10j), F_py: (3.3187323835240368e-09+1.0730872499614685e-08j)
Free_energy = -10433.367816304877
------------------------------------------
[{'stable': {'F_dwave': np.complex128(-0.03895938620854293j)}, 'free': np.float64(-10433.367816303902)}, {'stable': {'F_dwave': np.complex128(0.038959386208543015j)}, 'free': np.float64(-10433.367816303902)}, {'stable': {'F_dwave': np.complex128(-0.01151102094611879-0.037220023784894j)}, 'free': np.float64(-10433.367816304877)}]
------------------------------------------
  Seed: d-wave
F_onsite: (4.968775434905378e-17+0j)
F_swave: (-1.734723475976807e-17+0j), F_dwave: (0.03895938620884873+0j)
F_px: 2.620606385873118e-17j, F_py: -3.034311425526791e-17j
Free_energy = -10433.367816304888
------------------------------------------
[{'stable': {'F_dwave': np.complex128(-0.03895938620854293j)}, 'free': np.float64(-10433.367816303902)}, {'stable': {'F_dwave': np.complex128(0.038959386208543015j)}, 'free': np.float64(-10433.367816303902)}, {'stable': {'F_dwave': np.complex128(-0.01151102094611879-0.037220023784894j)}, 'free': np.float64(-10433.367816304877)}, {'stable': {'F_dwave': np.complex128(0.03895938620884873+0j)}, 'free': np.float64(-10433.367816304888)}]
------------------------------------------
  Seed: d-wave+px
F_onsite: (-5.505101388841492e-17-1.0822694141185231e-18j)
F_swave: (-4.85722573273506e-17-1.985353870287983e-18j), F_dwave: (0.03895938620884776+3.5637806142426316e-17j)
F_px: (1.1037372259214973e-08+3.057210869877752e-17j), F_py: (6.938893903907228e-18-3.46670087229525e-17j)
Free_energy = -10433.367816304888
------------------------------------------
[{'stable': {'F_dwave': np.complex128(-0.03895938620854293j)}, 'free': np.float64(-10433.367816303902)}, {'stable': {'F_dwave': np.complex128(0.038959386208543015j)}, 'free': np.float64(-10433.367816303902)}, {'stable': {'F_dwave': np.complex128(-0.01151102094611879-0.037220023784894j)}, 'free': np.float64(-10433.367816304877)}, {'stable': {'F_dwave': np.complex128(0.03895938620884873+0j)}, 'free': np.float64(-10433.367816304888)}]
------------------------------------------
  Seed: d-wave+py
F_onsite: (9.25032138648497e-17-1.6728708471073983e-19j)
F_swave: (-1.0234868508263162e-16-1.757473429412563e-18j), F_dwave: (0.03895938620884764+4.145929670521654e-17j)
F_px: (-5.204170427930421e-17+2.879197334157916e-17j), F_py: (1.2060923492568376e-08-2.996994186232072e-17j)
Free_energy = -10433.367816304892
------------------------------------------
[{'stable': {'F_dwave': np.complex128(-0.03895938620854293j)}, 'free': np.float64(-10433.367816303902)}, {'stable': {'F_dwave': np.complex128(0.038959386208543015j)}, 'free': np.float64(-10433.367816303902)}, {'stable': {'F_dwave': np.complex128(-0.01151102094611879-0.037220023784894j)}, 'free': np.float64(-10433.367816304877)}, {'stable': {'F_dwave': np.complex128(0.03895938620884873+0j)}, 'free': np.float64(-10433.367816304888)}]
------------------------------------------
====================================
mu=1.01, T=0.0640
====================================
  Seed: normal state
F_onsite: 0j
F_swave: 0j, F_dwave: 0j
F_px: 0j, F_py: 0j
Free_energy = -10380.33935275906
------------------------------------------
[{'stable': {}, 'free': np.float64(-10380.33935275906)}]
------------------------------------------
  Seed: px
F_onsite: -1.961858669505498e-17j
F_swave: 1.3183898417423734e-16j, F_dwave: -0.03793697792808728j
F_px: (1.273266879179303e-15+0j), F_py: (-3.2714876594005875e-17+0j)
Free_energy = -10431.328011007277
------------------------------------------
[{'stable': {'F_dwave': np.complex128(-0.03793697792808728j)}, 'free': np.float64(-10431.328011007277)}]
------------------------------------------
  Seed: py
F_onsite: 7.191756399719789e-17j
F_swave: -1.6306400674181987e-16j, F_dwave: 0.037936977928087395j
F_px: (-3.8913042667081055e-17+0j), F_py: (1.2150471006304123e-15+0j)
Free_energy = -10431.328011007277
------------------------------------------
[{'stable': {'F_dwave': np.complex128(-0.03793697792808728j)}, 'free': np.float64(-10431.328011007277)}, {'stable': {'F_dwave': np.complex128(0.037936977928087395j)}, 'free': np.float64(-10431.328011007277)}]
------------------------------------------
  Seed: px+py
F_onsite: -6.293170247968733e-18j
F_swave: -1.249000902703301e-16j, F_dwave: 0.03793697792808881j
F_px: (-1.745060669373821e-17+0j), F_py: (3.180614920794492e-17+0j)
Free_energy = -10431.328011007281
------------------------------------------
[{'stable': {'F_dwave': np.complex128(-0.03793697792808728j)}, 'free': np.float64(-10431.328011007277)}, {'stable': {'F_dwave': np.complex128(0.037936977928087395j)}, 'free': np.float64(-10431.328011007277)}]
------------------------------------------
  Seed: px+i*py
F_onsite: (6.018980504743414e-19-4.2758240342451865e-17j)
F_swave: (6.938893903907228e-18+6.418476861114186e-17j), F_dwave: (-0.011208938077764422-0.036243261463134537j)
F_px: (7.672129945235362e-11+2.4807272555604776e-10j), F_py: (9.35695123813196e-10+3.0255000067758164e-09j)
Free_energy = -10431.328011007281
------------------------------------------
[{'stable': {'F_dwave': np.complex128(-0.03793697792808728j)}, 'free': np.float64(-10431.328011007277)}, {'stable': {'F_dwave': np.complex128(0.037936977928087395j)}, 'free': np.float64(-10431.328011007277)}, {'stable': {'F_dwave': np.complex128(-0.011208938077764422-0.036243261463134537j)}, 'free': np.float64(-10431.328011007281)}]
------------------------------------------
  Seed: d-wave
F_onsite: (-4.1475563832347854e-18+0j)
F_swave: (-1.214306433183765e-16+0j), F_dwave: (0.0379369779280888+0j)
F_px: 2.8777326479047277e-17j, F_py: -3.2807300792568875e-17j
Free_energy = -10431.328011007281
------------------------------------------
[{'stable': {'F_dwave': np.complex128(-0.03793697792808728j)}, 'free': np.float64(-10431.328011007277)}, {'stable': {'F_dwave': np.complex128(0.037936977928087395j)}, 'free': np.float64(-10431.328011007277)}, {'stable': {'F_dwave': np.complex128(-0.011208938077764422-0.036243261463134537j)}, 'free': np.float64(-10431.328011007281)}, {'stable': {'F_dwave': np.complex128(0.0379369779280888+0j)}, 'free': np.float64(-10431.328011007281)}]
------------------------------------------
  Seed: d-wave+px
F_onsite: (-3.1957930654805515e-17+4.826706679441799e-19j)
F_swave: (5.377642775528102e-17-6.642897783966572e-19j), F_dwave: (0.03793697792808867+4.4585194972659144e-17j)
F_px: (3.1119152463232602e-09+2.6101010639951562e-17j), F_py: (5.898059818321144e-17-3.292759400408516e-17j)
Free_energy = -10431.328011007281
------------------------------------------
[{'stable': {'F_dwave': np.complex128(-0.03793697792808728j)}, 'free': np.float64(-10431.328011007277)}, {'stable': {'F_dwave': np.complex128(0.037936977928087395j)}, 'free': np.float64(-10431.328011007277)}, {'stable': {'F_dwave': np.complex128(-0.011208938077764422-0.036243261463134537j)}, 'free': np.float64(-10431.328011007281)}, {'stable': {'F_dwave': np.complex128(0.0379369779280888+0j)}, 'free': np.float64(-10431.328011007281)}]
------------------------------------------
  Seed: d-wave+py
F_onsite: (-2.2543295878820024e-17-4.0324299117120135e-19j)
F_swave: (-2.0816681711721685e-17-3.4606637520292853e-18j), F_dwave: (0.03793697792808865+2.939718140549667e-17j)
F_px: (3.469446951953614e-18+2.7988156293246956e-17j), F_py: (3.4004997637171464e-09-3.3012644627282584e-17j)
Free_energy = -10431.32801100728
------------------------------------------
[{'stable': {'F_dwave': np.complex128(-0.03793697792808728j)}, 'free': np.float64(-10431.328011007277)}, {'stable': {'F_dwave': np.complex128(0.037936977928087395j)}, 'free': np.float64(-10431.328011007277)}, {'stable': {'F_dwave': np.complex128(-0.011208938077764422-0.036243261463134537j)}, 'free': np.float64(-10431.328011007281)}, {'stable': {'F_dwave': np.complex128(0.0379369779280888+0j)}, 'free': np.float64(-10431.328011007281)}]
------------------------------------------
====================================
mu=1.01, T=0.0670
====================================
  Seed: normal state
F_onsite: 0j
F_swave: 0j, F_dwave: 0j
F_px: 0j, F_py: 0j
Free_energy = -10381.370003377066
------------------------------------------
[{'stable': {}, 'free': np.float64(-10381.370003377066)}]
------------------------------------------
  Seed: px
F_onsite: 1.834667408052404e-17j
F_swave: 3.469446951953614e-17j, F_dwave: -0.03679601749683048j
F_px: (4.4543060150014495e-17+0j), F_py: (-3.3179096971215534e-17+0j)
Free_energy = -10429.128800741615
------------------------------------------
[{'stable': {'F_dwave': np.complex128(-0.03679601749683048j)}, 'free': np.float64(-10429.128800741615)}]
------------------------------------------
  Seed: py
F_onsite: -1.8593954761563094e-17j
F_swave: -3.122502256758253e-17j, F_dwave: 0.03679601749683048j
F_px: (-3.865905313768389e-17+0j), F_py: (4.1816768390400465e-17+0j)
Free_energy = -10429.128800741615
------------------------------------------
[{'stable': {'F_dwave': np.complex128(-0.03679601749683048j)}, 'free': np.float64(-10429.128800741615)}, {'stable': {'F_dwave': np.complex128(0.03679601749683048j)}, 'free': np.float64(-10429.128800741615)}]
------------------------------------------
  Seed: px+py
F_onsite: -1.4877227128570427e-17j
F_swave: -3.122502256758253e-17j, F_dwave: 0.03679601749683048j
F_px: (-3.31589373389167e-17+0j), F_py: (3.2962256536718433e-17+0j)
Free_energy = -10429.128800741615
------------------------------------------
[{'stable': {'F_dwave': np.complex128(-0.03679601749683048j)}, 'free': np.float64(-10429.128800741615)}, {'stable': {'F_dwave': np.complex128(0.03679601749683048j)}, 'free': np.float64(-10429.128800741615)}]
------------------------------------------
  Seed: px+i*py
F_onsite: (3.371451163284769e-17-4.4356144559450075e-17j)
F_swave: (-4.336808689942018e-18-3.122502256758253e-17j), F_dwave: (-0.010871827545465519-0.03515323981440016j)
F_px: (1.66954835373323e-11+5.398395619415908e-11j), F_py: (2.0361926207634884e-10+6.583875528098915e-10j)
Free_energy = -10429.128800741615
------------------------------------------
[{'stable': {'F_dwave': np.complex128(-0.03679601749683048j)}, 'free': np.float64(-10429.128800741615)}, {'stable': {'F_dwave': np.complex128(0.03679601749683048j)}, 'free': np.float64(-10429.128800741615)}, {'stable': {'F_dwave': np.complex128(-0.010871827545465519-0.03515323981440016j)}, 'free': np.float64(-10429.128800741615)}]
------------------------------------------
  Seed: d-wave
F_onsite: (-1.661876657279467e-17+0j)
F_swave: (-3.122502256758253e-17+0j), F_dwave: (0.03679601749683048+0j)
F_px: 3.229157394656707e-17j, F_py: -3.2864010641004285e-17j
Free_energy = -10429.128800741615
------------------------------------------
[{'stable': {'F_dwave': np.complex128(-0.03679601749683048j)}, 'free': np.float64(-10429.128800741615)}, {'stable': {'F_dwave': np.complex128(0.03679601749683048j)}, 'free': np.float64(-10429.128800741615)}, {'stable': {'F_dwave': np.complex128(-0.010871827545465519-0.03515323981440016j)}, 'free': np.float64(-10429.128800741615)}, {'stable': {'F_dwave': np.complex128(0.03679601749683048+0j)}, 'free': np.float64(-10429.128800741615)}]
------------------------------------------
  Seed: d-wave+px
F_onsite: (-4.633625164791107e-17-9.790120704329416e-19j)
F_swave: (8.673617379884035e-17-2.368036670268246e-18j), F_dwave: (0.036796017496830695+4.4181271719406384e-17j)
F_px: (6.771929267346266e-10+3.1649770634694285e-17j), F_py: (-4.85722573273506e-17-3.4713636406752245e-17j)
Free_energy = -10429.128800741615
------------------------------------------
[{'stable': {'F_dwave': np.complex128(-0.03679601749683048j)}, 'free': np.float64(-10429.128800741615)}, {'stable': {'F_dwave': np.complex128(0.03679601749683048j)}, 'free': np.float64(-10429.128800741615)}, {'stable': {'F_dwave': np.complex128(-0.010871827545465519-0.03515323981440016j)}, 'free': np.float64(-10429.128800741615)}, {'stable': {'F_dwave': np.complex128(0.03679601749683048+0j)}, 'free': np.float64(-10429.128800741615)}]
------------------------------------------
  Seed: d-wave+py
F_onsite: (-3.184677489921624e-17+2.245912990827612e-18j)
F_swave: (3.642919299551295e-17+1.112311203861015e-19j), F_dwave: (0.036796017496830556+2.994478923987234e-17j)
F_px: (3.8163916471489756e-17+2.4210014635674896e-17j), F_py: (7.399927580420407e-10-3.3804855352259714e-17j)
Free_energy = -10429.128800741615
------------------------------------------
[{'stable': {'F_dwave': np.complex128(-0.03679601749683048j)}, 'free': np.float64(-10429.128800741615)}, {'stable': {'F_dwave': np.complex128(0.03679601749683048j)}, 'free': np.float64(-10429.128800741615)}, {'stable': {'F_dwave': np.complex128(-0.010871827545465519-0.03515323981440016j)}, 'free': np.float64(-10429.128800741615)}, {'stable': {'F_dwave': np.complex128(0.03679601749683048+0j)}, 'free': np.float64(-10429.128800741615)}]
------------------------------------------
====================================
mu=1.01, T=0.0700
====================================
  Seed: normal state
F_onsite: 0j
F_swave: 0j, F_dwave: 0j
F_px: 0j, F_py: 0j
Free_energy = -10382.448275680961
------------------------------------------
[{'stable': {}, 'free': np.float64(-10382.448275680961)}]
------------------------------------------
  Seed: px
F_onsite: -4.260130370647332e-17j
F_swave: 0j, F_dwave: -0.03552279344398748j
F_px: (2.0742803729672737e-17+0j), F_py: (-3.6251043106987403e-17+0j)
Free_energy = -10426.76667422337
------------------------------------------
[{'stable': {'F_dwave': np.complex128(-0.03552279344398748j)}, 'free': np.float64(-10426.76667422337)}]
------------------------------------------
  Seed: py
F_onsite: 3.7354146356469745e-17j
F_swave: 0j, F_dwave: 0.035522793443987476j
F_px: (-2.3295435123535852e-17+0j), F_py: (3.68874692528408e-17+0j)
Free_energy = -10426.76667422337
------------------------------------------
[{'stable': {'F_dwave': np.complex128(-0.03552279344398748j)}, 'free': np.float64(-10426.76667422337)}, {'stable': {'F_dwave': np.complex128(0.035522793443987476j)}, 'free': np.float64(-10426.76667422337)}]
------------------------------------------
  Seed: px+py
F_onsite: 4.260130370647332e-17j
F_swave: 0j, F_dwave: 0.03552279344398748j
F_px: (-2.0742803729672737e-17+0j), F_py: (3.6251043106987403e-17+0j)
Free_energy = -10426.76667422337
------------------------------------------
[{'stable': {'F_dwave': np.complex128(-0.03552279344398748j)}, 'free': np.float64(-10426.76667422337)}, {'stable': {'F_dwave': np.complex128(0.035522793443987476j)}, 'free': np.float64(-10426.76667422337)}]
------------------------------------------
  Seed: px+i*py
F_onsite: (-1.2557257441305447e-18+3.732721395451689e-17j)
F_swave: (-3.903127820947816e-18+1.3877787807814457e-17j), F_dwave: (-0.010495638129574231-0.03393685952349157j)
F_px: (2.476773126869336e-12+8.008430724126825e-12j), F_py: (3.0206095437412817e-11+9.76693101395476e-11j)
Free_energy = -10426.766674223367
------------------------------------------
[{'stable': {'F_dwave': np.complex128(-0.03552279344398748j)}, 'free': np.float64(-10426.76667422337)}, {'stable': {'F_dwave': np.complex128(0.035522793443987476j)}, 'free': np.float64(-10426.76667422337)}, {'stable': {'F_dwave': np.complex128(-0.010495638129574231-0.03393685952349157j)}, 'free': np.float64(-10426.766674223367)}]
------------------------------------------
  Seed: d-wave
F_onsite: (3.6386675912027723e-17+0j)
F_swave: (-3.469446951953614e-18+0j), F_dwave: (0.035522793443987476+0j)
F_px: 2.1694782322012558e-17j, F_py: -3.633257747278614e-17j
Free_energy = -10426.76667422337
------------------------------------------
[{'stable': {'F_dwave': np.complex128(-0.03552279344398748j)}, 'free': np.float64(-10426.76667422337)}, {'stable': {'F_dwave': np.complex128(0.035522793443987476j)}, 'free': np.float64(-10426.76667422337)}, {'stable': {'F_dwave': np.complex128(-0.010495638129574231-0.03393685952349157j)}, 'free': np.float64(-10426.766674223367)}, {'stable': {'F_dwave': np.complex128(0.035522793443987476+0j)}, 'free': np.float64(-10426.76667422337)}]
------------------------------------------
  Seed: d-wave+px
F_onsite: (-5.350908732870414e-17+2.271231445639783e-19j)
F_swave: (1.9081958235744878e-17-9.979245277116832e-19j), F_dwave: (0.035522793443987226+3.7430708022618545e-17j)
F_px: (1.0045888079734944e-10+2.696711805138705e-17j), F_py: (3.469446951953614e-18-3.906101490340857e-17j)
Free_energy = -10426.766674223367
------------------------------------------
[{'stable': {'F_dwave': np.complex128(-0.03552279344398748j)}, 'free': np.float64(-10426.76667422337)}, {'stable': {'F_dwave': np.complex128(0.035522793443987476j)}, 'free': np.float64(-10426.76667422337)}, {'stable': {'F_dwave': np.complex128(-0.010495638129574231-0.03393685952349157j)}, 'free': np.float64(-10426.766674223367)}, {'stable': {'F_dwave': np.complex128(0.035522793443987476+0j)}, 'free': np.float64(-10426.76667422337)}]
------------------------------------------
  Seed: d-wave+py
F_onsite: (-3.963230604134536e-17+2.35847495591094e-18j)
F_swave: (-3.122502256758253e-17-9.84855487556845e-19j), F_dwave: (0.035522793443987274+3.2959707476263275e-17j)
F_px: 3.599995143903326e-17j, F_py: (1.097751681222725e-10-3.7482385366642664e-17j)
Free_energy = -10426.766674223367
------------------------------------------
[{'stable': {'F_dwave': np.complex128(-0.03552279344398748j)}, 'free': np.float64(-10426.76667422337)}, {'stable': {'F_dwave': np.complex128(0.035522793443987476j)}, 'free': np.float64(-10426.76667422337)}, {'stable': {'F_dwave': np.complex128(-0.010495638129574231-0.03393685952349157j)}, 'free': np.float64(-10426.766674223367)}, {'stable': {'F_dwave': np.complex128(0.035522793443987476+0j)}, 'free': np.float64(-10426.76667422337)}]
------------------------------------------
====================================
mu=1.01, T=0.0730
====================================
  Seed: normal state
F_onsite: 0j
F_swave: 0j, F_dwave: 0j
F_px: 0j, F_py: 0j
Free_energy = -10383.574222446785
------------------------------------------
[{'stable': {}, 'free': np.float64(-10383.574222446785)}]
------------------------------------------
  Seed: px
F_onsite: 4.972172735888899e-17j
F_swave: -2.7755575615628914e-17j, F_dwave: -0.03410491168081472j
F_px: (2.6009901095522517e-17+0j), F_py: (-3.9283368118598595e-17+0j)
Free_energy = -10424.25088608724
------------------------------------------
[{'stable': {'F_dwave': np.complex128(-0.03410491168081472j)}, 'free': np.float64(-10424.25088608724)}]
------------------------------------------
  Seed: py
F_onsite: -4.926094143558265e-17j
F_swave: 3.122502256758253e-17j, F_dwave: 0.03410491168081471j
F_px: (-2.9682635954817163e-17+0j), F_py: (3.851765033428071e-17+0j)
Free_energy = -10424.250886087239
------------------------------------------
[{'stable': {'F_dwave': np.complex128(-0.03410491168081472j)}, 'free': np.float64(-10424.25088608724)}, {'stable': {'F_dwave': np.complex128(0.03410491168081471j)}, 'free': np.float64(-10424.250886087239)}]
------------------------------------------
  Seed: px+py
F_onsite: -4.972172735888899e-17j
F_swave: 2.7755575615628914e-17j, F_dwave: 0.03410491168081472j
F_px: (-2.6009901095522517e-17+0j), F_py: (3.9283368118598595e-17+0j)
Free_energy = -10424.25088608724
------------------------------------------
[{'stable': {'F_dwave': np.complex128(-0.03410491168081472j)}, 'free': np.float64(-10424.25088608724)}, {'stable': {'F_dwave': np.complex128(0.03410491168081471j)}, 'free': np.float64(-10424.250886087239)}]
------------------------------------------
  Seed: px+i*py
F_onsite: (-4.8320083686768335e-18+2.3710940261846907e-17j)
F_swave: (-1.951563910473908e-17-3.8163916471489756e-17j), F_dwave: (-0.010076707846958603-0.0325822798423191j)
F_px: (2.549106759008879e-13+8.24017937217647e-13j), F_py: (3.10879186976587e-12+1.0052236820712324e-11j)
Free_energy = -10424.25088608724
------------------------------------------
[{'stable': {'F_dwave': np.complex128(-0.03410491168081472j)}, 'free': np.float64(-10424.25088608724)}, {'stable': {'F_dwave': np.complex128(0.03410491168081471j)}, 'free': np.float64(-10424.250886087239)}, {'stable': {'F_dwave': np.complex128(-0.010076707846958603-0.0325822798423191j)}, 'free': np.float64(-10424.25088608724)}]
------------------------------------------
  Seed: d-wave
F_onsite: (-5.1429345780553657e-17+0j)
F_swave: (2.7755575615628914e-17+0j), F_dwave: (0.03410491168081472+0j)
F_px: 2.7744624571499324e-17j, F_py: -3.9283368118598595e-17j
Free_energy = -10424.250886087239
------------------------------------------
[{'stable': {'F_dwave': np.complex128(-0.03410491168081472j)}, 'free': np.float64(-10424.25088608724)}, {'stable': {'F_dwave': np.complex128(0.03410491168081471j)}, 'free': np.float64(-10424.250886087239)}, {'stable': {'F_dwave': np.complex128(-0.010076707846958603-0.0325822798423191j)}, 'free': np.float64(-10424.25088608724)}, {'stable': {'F_dwave': np.complex128(0.03410491168081472+0j)}, 'free': np.float64(-10424.250886087239)}]
------------------------------------------
  Seed: d-wave+px
F_onsite: (-7.951284868553407e-17-2.7694486995430457e-19j)
F_swave: (4.683753385137379e-17+5.327707564111612e-19j), F_dwave: (0.03410491168081439+5.865160363818073e-17j)
F_px: (1.0339326617092581e-11+3.911008546729877e-17j), F_py: (1.0408340855860843e-17-3.813537822026491e-17j)
Free_energy = -10424.250886087239
------------------------------------------
[{'stable': {'F_dwave': np.complex128(-0.03410491168081472j)}, 'free': np.float64(-10424.25088608724)}, {'stable': {'F_dwave': np.complex128(0.03410491168081471j)}, 'free': np.float64(-10424.250886087239)}, {'stable': {'F_dwave': np.complex128(-0.010076707846958603-0.0325822798423191j)}, 'free': np.float64(-10424.25088608724)}, {'stable': {'F_dwave': np.complex128(0.03410491168081472+0j)}, 'free': np.float64(-10424.250886087239)}]
------------------------------------------
  Seed: d-wave+py
F_onsite: (5.463795512203217e-18-5.958202546196982e-19j)
F_swave: (-1.4051260155412137e-16-3.7205323712866736e-18j), F_dwave: (0.03410491168081442+2.8917752071954306e-17j)
F_px: (-3.8163916471489756e-17+5.688685374044142e-17j), F_py: (1.1298354612998551e-11-4.051043800367409e-17j)
Free_energy = -10424.25088608724
------------------------------------------
[{'stable': {'F_dwave': np.complex128(-0.03410491168081472j)}, 'free': np.float64(-10424.25088608724)}, {'stable': {'F_dwave': np.complex128(0.03410491168081471j)}, 'free': np.float64(-10424.250886087239)}, {'stable': {'F_dwave': np.complex128(-0.010076707846958603-0.0325822798423191j)}, 'free': np.float64(-10424.25088608724)}, {'stable': {'F_dwave': np.complex128(0.03410491168081472+0j)}, 'free': np.float64(-10424.250886087239)}]
------------------------------------------
====================================
mu=1.01, T=0.0760
====================================
  Seed: normal state
F_onsite: 0j
F_swave: 0j, F_dwave: 0j
F_px: 0j, F_py: 0j
Free_energy = -10384.747900826802
------------------------------------------
[{'stable': {}, 'free': np.float64(-10384.747900826802)}]
------------------------------------------
  Seed: px
F_onsite: -1.0099478232578442e-17j
F_swave: 8.326672684688674e-17j, F_dwave: -0.032520623649508126j
F_px: (1.9405820125074702e-17+0j), F_py: (-4.2933430784483776e-17+0j)
Free_energy = -10421.576778901204
------------------------------------------
[{'stable': {'F_dwave': np.complex128(-0.032520623649508126j)}, 'free': np.float64(-10421.576778901204)}]
------------------------------------------
  Seed: py
F_onsite: 1.0099478232578442e-17j
F_swave: -8.326672684688674e-17j, F_dwave: 0.032520623649508126j
F_px: (-1.9405820125074702e-17+0j), F_py: (4.2933430784483776e-17+0j)
Free_energy = -10421.576778901204
------------------------------------------
[{'stable': {'F_dwave': np.complex128(-0.032520623649508126j)}, 'free': np.float64(-10421.576778901204)}, {'stable': {'F_dwave': np.complex128(0.032520623649508126j)}, 'free': np.float64(-10421.576778901204)}]
------------------------------------------
  Seed: px+py
F_onsite: 1.0099478232578442e-17j
F_swave: -8.326672684688674e-17j, F_dwave: 0.032520623649508126j
F_px: (-1.9405820125074702e-17+0j), F_py: (4.2933430784483776e-17+0j)
Free_energy = -10421.576778901204
------------------------------------------
[{'stable': {'F_dwave': np.complex128(-0.032520623649508126j)}, 'free': np.float64(-10421.576778901204)}, {'stable': {'F_dwave': np.complex128(0.032520623649508126j)}, 'free': np.float64(-10421.576778901204)}]
------------------------------------------
  Seed: px+i*py
F_onsite: (1.6015582067502201e-18-1.5059297774575908e-17j)
F_swave: (6.071532165918825e-18+6.071532165918825e-18j), F_dwave: (-0.009608610823681724-0.031068723188955847j)
F_px: (1.561511336900523e-14+5.019595850086489e-14j), F_py: (1.9008926377406254e-13+6.148363068669838e-13j)
Free_energy = -10421.576778901204
------------------------------------------
[{'stable': {'F_dwave': np.complex128(-0.032520623649508126j)}, 'free': np.float64(-10421.576778901204)}, {'stable': {'F_dwave': np.complex128(0.032520623649508126j)}, 'free': np.float64(-10421.576778901204)}, {'stable': {'F_dwave': np.complex128(-0.009608610823681724-0.031068723188955847j)}, 'free': np.float64(-10421.576778901204)}]
------------------------------------------
  Seed: d-wave
F_onsite: (1.0100748781999324e-17+0j)
F_swave: (-7.979727989493313e-17+0j), F_dwave: (0.03252062364950812+0j)
F_px: 2.0286787329778378e-17j, F_py: -4.2335849040195867e-17j
Free_energy = -10421.576778901204
------------------------------------------
[{'stable': {'F_dwave': np.complex128(-0.032520623649508126j)}, 'free': np.float64(-10421.576778901204)}, {'stable': {'F_dwave': np.complex128(0.032520623649508126j)}, 'free': np.float64(-10421.576778901204)}, {'stable': {'F_dwave': np.complex128(-0.009608610823681724-0.031068723188955847j)}, 'free': np.float64(-10421.576778901204)}, {'stable': {'F_dwave': np.complex128(0.03252062364950812+0j)}, 'free': np.float64(-10421.576778901204)}]
------------------------------------------
  Seed: d-wave+px
F_onsite: (6.142655126046966e-18+1.4154025312791928e-18j)
F_swave: (4.336808689942018e-17-3.13250750127462e-18j), F_dwave: (0.032520623649507974+7.792444610458383e-17j)
F_px: (6.325599766210388e-13+5.440937334283517e-17j), F_py: (-3.122502256758253e-17-4.4015279617203345e-17j)
Free_energy = -10421.576778901202
------------------------------------------
[{'stable': {'F_dwave': np.complex128(-0.032520623649508126j)}, 'free': np.float64(-10421.576778901204)}, {'stable': {'F_dwave': np.complex128(0.032520623649508126j)}, 'free': np.float64(-10421.576778901204)}, {'stable': {'F_dwave': np.complex128(-0.009608610823681724-0.031068723188955847j)}, 'free': np.float64(-10421.576778901204)}, {'stable': {'F_dwave': np.complex128(0.03252062364950812+0j)}, 'free': np.float64(-10421.576778901204)}]
------------------------------------------
  Seed: d-wave+py
F_onsite: (1.0862355460957025e-17-6.209987597892602e-20j)
F_swave: (3.469446951953614e-17+6.7252928311127945e-19j), F_dwave: (0.03252062364950802+1.5627280180038092e-18j)
F_px: (-6.938893903907228e-18+4.2506569206113497e-17j), F_py: (6.906281102558864e-13-4.463432669565619e-17j)
Free_energy = -10421.576778901204
------------------------------------------
[{'stable': {'F_dwave': np.complex128(-0.032520623649508126j)}, 'free': np.float64(-10421.576778901204)}, {'stable': {'F_dwave': np.complex128(0.032520623649508126j)}, 'free': np.float64(-10421.576778901204)}, {'stable': {'F_dwave': np.complex128(-0.009608610823681724-0.031068723188955847j)}, 'free': np.float64(-10421.576778901204)}, {'stable': {'F_dwave': np.complex128(0.03252062364950812+0j)}, 'free': np.float64(-10421.576778901204)}]
------------------------------------------
====================================
mu=1.01, T=0.0790
====================================
  Seed: normal state
F_onsite: 0j
F_swave: 0j, F_dwave: 0j
F_px: 0j, F_py: 0j
Free_energy = -10385.969372516653
------------------------------------------
[{'stable': {}, 'free': np.float64(-10385.969372516653)}]
------------------------------------------
  Seed: px
F_onsite: -3.101342314944656e-17j
F_swave: -3.122502256758253e-17j, F_dwave: -0.030745428189186953j
F_px: (4.0111613726190285e-17+0j), F_py: (-4.482982340246162e-17+0j)
Free_energy = -10418.749653930992
------------------------------------------
[{'stable': {'F_dwave': np.complex128(-0.030745428189186953j)}, 'free': np.float64(-10418.749653930992)}]
------------------------------------------
  Seed: py
F_onsite: 3.101342314944656e-17j
F_swave: 3.122502256758253e-17j, F_dwave: 0.030745428189186953j
F_px: (-4.0111613726190285e-17+0j), F_py: (4.482982340246162e-17+0j)
Free_energy = -10418.749653930992
------------------------------------------
[{'stable': {'F_dwave': np.complex128(-0.030745428189186953j)}, 'free': np.float64(-10418.749653930992)}, {'stable': {'F_dwave': np.complex128(0.030745428189186953j)}, 'free': np.float64(-10418.749653930992)}]
------------------------------------------
  Seed: px+py
F_onsite: 3.101342314944656e-17j
F_swave: 3.122502256758253e-17j, F_dwave: 0.030745428189186953j
F_px: (-4.0111613726190285e-17+0j), F_py: (4.482982340246162e-17+0j)
Free_energy = -10418.749653930992
------------------------------------------
[{'stable': {'F_dwave': np.complex128(-0.030745428189186953j)}, 'free': np.float64(-10418.749653930992)}, {'stable': {'F_dwave': np.complex128(0.030745428189186953j)}, 'free': np.float64(-10418.749653930992)}]
------------------------------------------
  Seed: px+i*py
F_onsite: (-7.709792153918333e-18+4.887106187072503e-17j)
F_swave: (-1.734723475976807e-18-2.7755575615628914e-17j), F_dwave: (-0.009084107896000395-0.029372782269820482j)
F_px: (5.48172618408671e-16+1.3079815008865125e-15j), F_py: (6.0645932720149176e-15+1.965094753586527e-14j)
Free_energy = -10418.749653930996
------------------------------------------
[{'stable': {'F_dwave': np.complex128(-0.030745428189186953j)}, 'free': np.float64(-10418.749653930992)}, {'stable': {'F_dwave': np.complex128(0.030745428189186953j)}, 'free': np.float64(-10418.749653930992)}, {'stable': {'F_dwave': np.complex128(-0.009084107896000395-0.029372782269820482j)}, 'free': np.float64(-10418.749653930996)}]
------------------------------------------
  Seed: d-wave
F_onsite: (2.7462647799666735e-17+0j)
F_swave: (2.949029909160572e-17+0j), F_dwave: (0.030745428189186956+0j)
F_px: 4.596323868549097e-17j, F_py: -4.375759632370405e-17j
Free_energy = -10418.749653930994
------------------------------------------
[{'stable': {'F_dwave': np.complex128(-0.030745428189186953j)}, 'free': np.float64(-10418.749653930992)}, {'stable': {'F_dwave': np.complex128(0.030745428189186953j)}, 'free': np.float64(-10418.749653930992)}, {'stable': {'F_dwave': np.complex128(-0.009084107896000395-0.029372782269820482j)}, 'free': np.float64(-10418.749653930996)}, {'stable': {'F_dwave': np.complex128(0.030745428189186956+0j)}, 'free': np.float64(-10418.749653930994)}]
------------------------------------------
  Seed: d-wave+px
F_onsite: (3.911506147672313e-17+2.0772364379875363e-18j)
F_swave: (-2.6020852139652106e-18-3.0996131618596776e-18j), F_dwave: (0.030745428189187116+7.920670736896327e-17j)
F_px: (2.053218706166149e-14+3.430497873548952e-17j), F_py: (-1.734723475976807e-18-4.843447154929749e-17j)
Free_energy = -10418.749653930994
------------------------------------------
[{'stable': {'F_dwave': np.complex128(-0.030745428189186953j)}, 'free': np.float64(-10418.749653930992)}, {'stable': {'F_dwave': np.complex128(0.030745428189186953j)}, 'free': np.float64(-10418.749653930992)}, {'stable': {'F_dwave': np.complex128(-0.009084107896000395-0.029372782269820482j)}, 'free': np.float64(-10418.749653930996)}, {'stable': {'F_dwave': np.complex128(0.030745428189186956+0j)}, 'free': np.float64(-10418.749653930994)}]
------------------------------------------
  Seed: d-wave+py
F_onsite: (3.6487326879116174e-17+3.769350248651328e-20j)
F_swave: (4.7704895589362195e-17+1.0622317274795973e-18j), F_dwave: (0.030745428189186994+1.071439437378301e-17j)
F_px: (-1.3877787807814457e-17+3.9273755069148684e-17j), F_py: (2.2233950791594737e-14-4.7472552932966364e-17j)
Free_energy = -10418.749653930992
------------------------------------------
[{'stable': {'F_dwave': np.complex128(-0.030745428189186953j)}, 'free': np.float64(-10418.749653930992)}, {'stable': {'F_dwave': np.complex128(0.030745428189186953j)}, 'free': np.float64(-10418.749653930992)}, {'stable': {'F_dwave': np.complex128(-0.009084107896000395-0.029372782269820482j)}, 'free': np.float64(-10418.749653930996)}, {'stable': {'F_dwave': np.complex128(0.030745428189186956+0j)}, 'free': np.float64(-10418.749653930994)}]
------------------------------------------
====================================
mu=1.01, T=0.0820
====================================
  Seed: normal state
F_onsite: 0j
F_swave: 0j, F_dwave: 0j
F_px: 0j, F_py: 0j
Free_energy = -10387.238703881032
------------------------------------------
[{'stable': {}, 'free': np.float64(-10387.238703881032)}]
------------------------------------------
  Seed: px
F_onsite: 1.9131823991792025e-17j
F_swave: -5.204170427930421e-18j, F_dwave: -0.028743612062642428j
F_px: (4.6207110968815996e-17+0j), F_py: (-5.1112674572288756e-17+0j)
Free_energy = -10415.770965042802
------------------------------------------
[{'stable': {'F_dwave': np.complex128(-0.028743612062642428j)}, 'free': np.float64(-10415.770965042802)}]
------------------------------------------
  Seed: py
F_onsite: -1.9131823991792025e-17j
F_swave: 5.204170427930421e-18j, F_dwave: 0.028743612062642428j
F_px: (-4.6207110968815996e-17+0j), F_py: (5.1112674572288756e-17+0j)
Free_energy = -10415.770965042802
------------------------------------------
[{'stable': {'F_dwave': np.complex128(-0.028743612062642428j)}, 'free': np.float64(-10415.770965042802)}, {'stable': {'F_dwave': np.complex128(0.028743612062642428j)}, 'free': np.float64(-10415.770965042802)}]
------------------------------------------
  Seed: px+py
F_onsite: -1.9131823991792025e-17j
F_swave: 5.204170427930421e-18j, F_dwave: 0.028743612062642428j
F_px: (-4.6207110968815996e-17+0j), F_py: (5.1112674572288756e-17+0j)
Free_energy = -10415.770965042802
------------------------------------------
[{'stable': {'F_dwave': np.complex128(-0.028743612062642428j)}, 'free': np.float64(-10415.770965042802)}, {'stable': {'F_dwave': np.complex128(0.028743612062642428j)}, 'free': np.float64(-10415.770965042802)}]
------------------------------------------
  Seed: px+i*py
F_onsite: (2.243284042741759e-18+3.877478604513772e-18j)
F_swave: (-2.6020852139652106e-17-6.938893903907228e-18j), F_dwave: (-0.00849264715687551-0.027460338284087234j)
F_px: (6.765421556309548e-17-3.2439329000766293e-16j), F_py: (8.673617379884035e-18+1.6653345369377348e-16j)
Free_energy = -10415.770965042802
------------------------------------------
[{'stable': {'F_dwave': np.complex128(-0.028743612062642428j)}, 'free': np.float64(-10415.770965042802)}, {'stable': {'F_dwave': np.complex128(0.028743612062642428j)}, 'free': np.float64(-10415.770965042802)}, {'stable': {'F_dwave': np.complex128(-0.00849264715687551-0.027460338284087234j)}, 'free': np.float64(-10415.770965042802)}]
------------------------------------------
  Seed: d-wave
F_onsite: (-1.7414577187797238e-17+0j)
F_swave: (5.204170427930421e-18+0j), F_dwave: (0.0287436120626424+0j)
F_px: 5.0950681175487596e-17j, F_py: -5.1043843219156993e-17j
Free_energy = -10415.770965042802
------------------------------------------
[{'stable': {'F_dwave': np.complex128(-0.028743612062642428j)}, 'free': np.float64(-10415.770965042802)}, {'stable': {'F_dwave': np.complex128(0.028743612062642428j)}, 'free': np.float64(-10415.770965042802)}, {'stable': {'F_dwave': np.complex128(-0.00849264715687551-0.027460338284087234j)}, 'free': np.float64(-10415.770965042802)}, {'stable': {'F_dwave': np.complex128(0.0287436120626424+0j)}, 'free': np.float64(-10415.770965042802)}]
------------------------------------------
  Seed: d-wave+px
F_onsite: (-3.5718750728448305e-18-2.8525858168295964e-20j)
F_swave: (1.1275702593849246e-17-1.707221168175491e-19j), F_dwave: (0.028743612062642428+5.739666942271032e-17j)
F_px: (7.28583859910259e-17+3.973050370064143e-17j), F_py: (-1.9081958235744878e-17-5.244504664497181e-17j)
Free_energy = -10415.770965042802
------------------------------------------
[{'stable': {'F_dwave': np.complex128(-0.028743612062642428j)}, 'free': np.float64(-10415.770965042802)}, {'stable': {'F_dwave': np.complex128(0.028743612062642428j)}, 'free': np.float64(-10415.770965042802)}, {'stable': {'F_dwave': np.complex128(-0.00849264715687551-0.027460338284087234j)}, 'free': np.float64(-10415.770965042802)}, {'stable': {'F_dwave': np.complex128(0.0287436120626424+0j)}, 'free': np.float64(-10415.770965042802)}]
------------------------------------------
  Seed: d-wave+py
F_onsite: (-1.8973822568627046e-17+6.468955988634217e-19j)
F_swave: (1.3010426069826053e-17-1.5301010161149973e-18j), F_dwave: (0.028743612062642407-2.4813537574673038e-18j)
F_px: (2.2551405187698492e-17+3.9373904484208596e-17j), F_py: (1.1622647289044608e-16-5.243249169763448e-17j)
Free_energy = -10415.770965042802
------------------------------------------
[{'stable': {'F_dwave': np.complex128(-0.028743612062642428j)}, 'free': np.float64(-10415.770965042802)}, {'stable': {'F_dwave': np.complex128(0.028743612062642428j)}, 'free': np.float64(-10415.770965042802)}, {'stable': {'F_dwave': np.complex128(-0.00849264715687551-0.027460338284087234j)}, 'free': np.float64(-10415.770965042802)}, {'stable': {'F_dwave': np.complex128(0.0287436120626424+0j)}, 'free': np.float64(-10415.770965042802)}]
------------------------------------------
====================================
mu=1.01, T=0.0850
====================================
  Seed: normal state
F_onsite: 0j
F_swave: 0j, F_dwave: 0j
F_px: 0j, F_py: 0j
Free_energy = -10388.555966046215
------------------------------------------
[{'stable': {}, 'free': np.float64(-10388.555966046215)}]
------------------------------------------
  Seed: px
F_onsite: 1.9228422143725967e-17j
F_swave: 2.7755575615628914e-17j, F_dwave: -0.02646501331434792j
F_px: (5.696063263993399e-17+0j), F_py: (-5.648612585821693e-17+0j)
Free_energy = -10412.645200262934
------------------------------------------
[{'stable': {'F_dwave': np.complex128(-0.02646501331434792j)}, 'free': np.float64(-10412.645200262934)}]
------------------------------------------
  Seed: py
F_onsite: -1.9228422143725967e-17j
F_swave: -2.7755575615628914e-17j, F_dwave: 0.02646501331434792j
F_px: (-5.696063263993399e-17+0j), F_py: (5.648612585821693e-17+0j)
Free_energy = -10412.645200262934
------------------------------------------
[{'stable': {'F_dwave': np.complex128(-0.02646501331434792j)}, 'free': np.float64(-10412.645200262934)}, {'stable': {'F_dwave': np.complex128(0.02646501331434792j)}, 'free': np.float64(-10412.645200262934)}]
------------------------------------------
  Seed: px+py
F_onsite: -1.9228422143725967e-17j
F_swave: -2.7755575615628914e-17j, F_dwave: 0.02646501331434792j
F_px: (-5.696063263993399e-17+0j), F_py: (5.648612585821693e-17+0j)
Free_energy = -10412.645200262934
------------------------------------------
[{'stable': {'F_dwave': np.complex128(-0.02646501331434792j)}, 'free': np.float64(-10412.645200262934)}, {'stable': {'F_dwave': np.complex128(0.02646501331434792j)}, 'free': np.float64(-10412.645200262934)}]
------------------------------------------
  Seed: px+i*py
F_onsite: (1.791728627890899e-18+3.847345738287445e-17j)
F_swave: (-1.214306433183765e-17-1.9081958235744878e-17j), F_dwave: (-0.00781940765102668-0.025283468783291702j)
F_px: (1.249000902703301e-16+1.734723475976807e-18j), F_py: (-5.0306980803327406e-17+1.3877787807814457e-17j)
Free_energy = -10412.645200262934
------------------------------------------
[{'stable': {'F_dwave': np.complex128(-0.02646501331434792j)}, 'free': np.float64(-10412.645200262934)}, {'stable': {'F_dwave': np.complex128(0.02646501331434792j)}, 'free': np.float64(-10412.645200262934)}, {'stable': {'F_dwave': np.complex128(-0.00781940765102668-0.025283468783291702j)}, 'free': np.float64(-10412.645200262934)}]
------------------------------------------
  Seed: d-wave
F_onsite: (-1.9218697808444794e-17+0j)
F_swave: (-2.7755575615628914e-17+0j), F_dwave: (0.026465013314347918+0j)
F_px: 5.716797993613113e-17j, F_py: -5.68795164139349e-17j
Free_energy = -10412.645200262934
------------------------------------------
[{'stable': {'F_dwave': np.complex128(-0.02646501331434792j)}, 'free': np.float64(-10412.645200262934)}, {'stable': {'F_dwave': np.complex128(0.02646501331434792j)}, 'free': np.float64(-10412.645200262934)}, {'stable': {'F_dwave': np.complex128(-0.00781940765102668-0.025283468783291702j)}, 'free': np.float64(-10412.645200262934)}, {'stable': {'F_dwave': np.complex128(0.026465013314347918+0j)}, 'free': np.float64(-10412.645200262934)}]
------------------------------------------
  Seed: d-wave+px
F_onsite: (-1.942159197781425e-17-1.1780436396314603e-18j)
F_swave: (-3.729655473350135e-17+7.973341782933128e-19j), F_dwave: (0.026465013314347915+2.6413489857615075e-17j)
F_px: (-4.336808689942018e-17+5.145032287409285e-17j), F_py: (-1.5612511283791264e-17-5.733186261345136e-17j)
Free_energy = -10412.645200262934
------------------------------------------
[{'stable': {'F_dwave': np.complex128(-0.02646501331434792j)}, 'free': np.float64(-10412.645200262934)}, {'stable': {'F_dwave': np.complex128(0.02646501331434792j)}, 'free': np.float64(-10412.645200262934)}, {'stable': {'F_dwave': np.complex128(-0.00781940765102668-0.025283468783291702j)}, 'free': np.float64(-10412.645200262934)}, {'stable': {'F_dwave': np.complex128(0.026465013314347918+0j)}, 'free': np.float64(-10412.645200262934)}]
------------------------------------------
  Seed: d-wave+py
F_onsite: (-1.9126983330847364e-17-2.19912412331743e-19j)
F_swave: (-3.469446951953614e-17+1.8251135340159626e-18j), F_dwave: (0.026465013314347904-7.499301427683968e-18j)
F_px: (-2.0816681711721685e-17+5.572650625616994e-17j), F_py: (-1.0408340855860843e-17-5.690734856000547e-17j)
Free_energy = -10412.645200262934
------------------------------------------
[{'stable': {'F_dwave': np.complex128(-0.02646501331434792j)}, 'free': np.float64(-10412.645200262934)}, {'stable': {'F_dwave': np.complex128(0.02646501331434792j)}, 'free': np.float64(-10412.645200262934)}, {'stable': {'F_dwave': np.complex128(-0.00781940765102668-0.025283468783291702j)}, 'free': np.float64(-10412.645200262934)}, {'stable': {'F_dwave': np.complex128(0.026465013314347918+0j)}, 'free': np.float64(-10412.645200262934)}]
------------------------------------------
====================================
mu=1.01, T=0.0880
====================================
  Seed: normal state
F_onsite: 0j
F_swave: 0j, F_dwave: 0j
F_px: 0j, F_py: 0j
Free_energy = -10389.921234963535
------------------------------------------
[{'stable': {}, 'free': np.float64(-10389.921234963535)}]
------------------------------------------
  Seed: px
F_onsite: -5.526488963673344e-17j
F_swave: 3.642919299551295e-17j, F_dwave: -0.023828759469547253j
F_px: (6.62489287601868e-17+0j), F_py: (-6.55441299328513e-17+0j)
Free_energy = -10409.37156826809
------------------------------------------
[{'stable': {'F_dwave': np.complex128(-0.023828759469547253j)}, 'free': np.float64(-10409.37156826809)}]
------------------------------------------
  Seed: py
F_onsite: 5.526488963673344e-17j
F_swave: -3.642919299551295e-17j, F_dwave: 0.023828759469547253j
F_px: (-6.62489287601868e-17+0j), F_py: (6.55441299328513e-17+0j)
Free_energy = -10409.37156826809
------------------------------------------
[{'stable': {'F_dwave': np.complex128(-0.023828759469547253j)}, 'free': np.float64(-10409.37156826809)}, {'stable': {'F_dwave': np.complex128(0.023828759469547253j)}, 'free': np.float64(-10409.37156826809)}]
------------------------------------------
  Seed: px+py
F_onsite: 5.526488963673344e-17j
F_swave: -3.642919299551295e-17j, F_dwave: 0.023828759469547253j
F_px: (-6.62489287601868e-17+0j), F_py: (6.55441299328513e-17+0j)
Free_energy = -10409.37156826809
------------------------------------------
[{'stable': {'F_dwave': np.complex128(-0.023828759469547253j)}, 'free': np.float64(-10409.37156826809)}, {'stable': {'F_dwave': np.complex128(0.023828759469547253j)}, 'free': np.float64(-10409.37156826809)}]
------------------------------------------
  Seed: px+i*py
F_onsite: (-2.2951050056027975e-17+5.1931940720740876e-17j)
F_swave: (-8.239936510889834e-18-3.642919299551295e-17j), F_dwave: (-0.007040494629550542-0.02276491188713042j)
F_px: (7.37257477290143e-17+3.9898639947466563e-17j), F_py: (-7.025630077706069e-17+0j)
Free_energy = -10409.37156826809
------------------------------------------
[{'stable': {'F_dwave': np.complex128(-0.023828759469547253j)}, 'free': np.float64(-10409.37156826809)}, {'stable': {'F_dwave': np.complex128(0.023828759469547253j)}, 'free': np.float64(-10409.37156826809)}, {'stable': {'F_dwave': np.complex128(-0.007040494629550542-0.02276491188713042j)}, 'free': np.float64(-10409.37156826809)}]
------------------------------------------
  Seed: d-wave
F_onsite: (5.2548071163084674e-17+0j)
F_swave: (-3.642919299551295e-17+0j), F_dwave: (0.023828759469547257+0j)
F_px: 6.331972959631351e-17j, F_py: -6.539903252724214e-17j
Free_energy = -10409.37156826809
------------------------------------------
[{'stable': {'F_dwave': np.complex128(-0.023828759469547253j)}, 'free': np.float64(-10409.37156826809)}, {'stable': {'F_dwave': np.complex128(0.023828759469547253j)}, 'free': np.float64(-10409.37156826809)}, {'stable': {'F_dwave': np.complex128(-0.007040494629550542-0.02276491188713042j)}, 'free': np.float64(-10409.37156826809)}, {'stable': {'F_dwave': np.complex128(0.023828759469547257+0j)}, 'free': np.float64(-10409.37156826809)}]
------------------------------------------
  Seed: d-wave+px
F_onsite: (5.1352427909753576e-17-2.977503210097164e-19j)
F_swave: (-5.117434254131581e-17-4.942795002843772e-19j), F_dwave: (0.023828759469547264+3.939449879991933e-17j)
F_px: (-5.204170427930421e-18+6.622789852029325e-17j), F_py: (-8.673617379884035e-18-6.552970307578776e-17j)
Free_energy = -10409.37156826809
------------------------------------------
[{'stable': {'F_dwave': np.complex128(-0.023828759469547253j)}, 'free': np.float64(-10409.37156826809)}, {'stable': {'F_dwave': np.complex128(0.023828759469547253j)}, 'free': np.float64(-10409.37156826809)}, {'stable': {'F_dwave': np.complex128(-0.007040494629550542-0.02276491188713042j)}, 'free': np.float64(-10409.37156826809)}, {'stable': {'F_dwave': np.complex128(0.023828759469547257+0j)}, 'free': np.float64(-10409.37156826809)}]
------------------------------------------
  Seed: d-wave+py
F_onsite: (5.856401679183994e-17-1.4556591282464797e-19j)
F_swave: (-4.336808689942018e-17+5.747308798661315e-19j), F_dwave: (0.023828759469547246-1.3488195665469331e-17j)
F_px: (1.0408340855860843e-17+6.214262676923217e-17j), F_py: (3.469446951953614e-18-6.527018673912782e-17j)
Free_energy = -10409.37156826809
------------------------------------------
[{'stable': {'F_dwave': np.complex128(-0.023828759469547253j)}, 'free': np.float64(-10409.37156826809)}, {'stable': {'F_dwave': np.complex128(0.023828759469547253j)}, 'free': np.float64(-10409.37156826809)}, {'stable': {'F_dwave': np.complex128(-0.007040494629550542-0.02276491188713042j)}, 'free': np.float64(-10409.37156826809)}, {'stable': {'F_dwave': np.complex128(0.023828759469547257+0j)}, 'free': np.float64(-10409.37156826809)}]
------------------------------------------
====================================
mu=1.01, T=0.0910
====================================
  Seed: normal state
F_onsite: 0j
F_swave: 0j, F_dwave: 0j
F_px: 0j, F_py: 0j
Free_energy = -10391.334591444745
------------------------------------------
[{'stable': {}, 'free': np.float64(-10391.334591444745)}]
------------------------------------------
  Seed: px
F_onsite: 2.940437487829616e-17j
F_swave: 2.949029909160572e-17j, F_dwave: -0.020700580373107784j
F_px: (7.727383453500818e-17+0j), F_py: (-7.591298739012345e-17+0j)
Free_energy = -10405.954914215066
------------------------------------------
[{'stable': {'F_dwave': np.complex128(-0.020700580373107784j)}, 'free': np.float64(-10405.954914215066)}]
------------------------------------------
  Seed: py
F_onsite: -2.940437487829616e-17j
F_swave: -2.949029909160572e-17j, F_dwave: 0.020700580373107784j
F_px: (-7.727383453500818e-17+0j), F_py: (7.591298739012345e-17+0j)
Free_energy = -10405.954914215066
------------------------------------------
[{'stable': {'F_dwave': np.complex128(-0.020700580373107784j)}, 'free': np.float64(-10405.954914215066)}, {'stable': {'F_dwave': np.complex128(0.020700580373107784j)}, 'free': np.float64(-10405.954914215066)}]
------------------------------------------
  Seed: px+py
F_onsite: -2.940437487829616e-17j
F_swave: -2.949029909160572e-17j, F_dwave: 0.020700580373107784j
F_px: (-7.727383453500818e-17+0j), F_py: (7.591298739012345e-17+0j)
Free_energy = -10405.954914215066
------------------------------------------
[{'stable': {'F_dwave': np.complex128(-0.020700580373107784j)}, 'free': np.float64(-10405.954914215066)}, {'stable': {'F_dwave': np.complex128(0.020700580373107784j)}, 'free': np.float64(-10405.954914215066)}]
------------------------------------------
  Seed: px+i*py
F_onsite: (-2.6278088766543847e-18-1.2622293074081471e-17j)
F_swave: (-3.903127820947816e-18-1.6479873021779667e-17j), F_dwave: (-0.00611623635429735-0.01977639200263437j)
F_px: (6.591949208711867e-17-3.2959746043559335e-17j), F_py: (-5.551115123125783e-17+1.5612511283791264e-17j)
Free_energy = -10405.954914215066
------------------------------------------
[{'stable': {'F_dwave': np.complex128(-0.020700580373107784j)}, 'free': np.float64(-10405.954914215066)}, {'stable': {'F_dwave': np.complex128(0.020700580373107784j)}, 'free': np.float64(-10405.954914215066)}, {'stable': {'F_dwave': np.complex128(-0.00611623635429735-0.01977639200263437j)}, 'free': np.float64(-10405.954914215066)}]
------------------------------------------
  Seed: d-wave
F_onsite: (-2.767176898468749e-17+0j)
F_swave: (-2.7755575615628914e-17+0j), F_dwave: (0.02070058037310778+0j)
F_px: 7.624596005351509e-17j, F_py: -7.651205144206905e-17j
Free_energy = -10405.954914215066
------------------------------------------
[{'stable': {'F_dwave': np.complex128(-0.020700580373107784j)}, 'free': np.float64(-10405.954914215066)}, {'stable': {'F_dwave': np.complex128(0.020700580373107784j)}, 'free': np.float64(-10405.954914215066)}, {'stable': {'F_dwave': np.complex128(-0.00611623635429735-0.01977639200263437j)}, 'free': np.float64(-10405.954914215066)}, {'stable': {'F_dwave': np.complex128(0.02070058037310778+0j)}, 'free': np.float64(-10405.954914215066)}]
------------------------------------------
  Seed: d-wave+px
F_onsite: (-2.6200045930110694e-17+2.325718523726361e-19j)
F_swave: (-3.642919299551295e-17+4.648496548606593e-20j), F_dwave: (0.020700580373107763+2.8923884168630314e-17j)
F_px: (1.734723475976807e-18+7.910322097387586e-17j), F_py: (1.0408340855860843e-17-7.523653190647708e-17j)
Free_energy = -10405.954914215064
------------------------------------------
[{'stable': {'F_dwave': np.complex128(-0.020700580373107784j)}, 'free': np.float64(-10405.954914215066)}, {'stable': {'F_dwave': np.complex128(0.020700580373107784j)}, 'free': np.float64(-10405.954914215066)}, {'stable': {'F_dwave': np.complex128(-0.00611623635429735-0.01977639200263437j)}, 'free': np.float64(-10405.954914215066)}, {'stable': {'F_dwave': np.complex128(0.02070058037310778+0j)}, 'free': np.float64(-10405.954914215066)}]
------------------------------------------
  Seed: d-wave+py
F_onsite: (-2.693751384214867e-17-8.95391032239034e-19j)
F_swave: (-3.5561831257524545e-17+7.717442603694309e-19j), F_dwave: (0.02070058037310777-1.4388353615480602e-17j)
F_px: (-1.214306433183765e-17+7.571278951935819e-17j), F_py: (8.673617379884035e-18-7.413275223004882e-17j)
Free_energy = -10405.954914215063
------------------------------------------
[{'stable': {'F_dwave': np.complex128(-0.020700580373107784j)}, 'free': np.float64(-10405.954914215066)}, {'stable': {'F_dwave': np.complex128(0.020700580373107784j)}, 'free': np.float64(-10405.954914215066)}, {'stable': {'F_dwave': np.complex128(-0.00611623635429735-0.01977639200263437j)}, 'free': np.float64(-10405.954914215066)}, {'stable': {'F_dwave': np.complex128(0.02070058037310778+0j)}, 'free': np.float64(-10405.954914215066)}]
------------------------------------------
====================================
mu=1.01, T=0.0940
====================================
  Seed: normal state
F_onsite: 0j
F_swave: 0j, F_dwave: 0j
F_px: 0j, F_py: 0j
Free_energy = -10392.796121166302
------------------------------------------
[{'stable': {}, 'free': np.float64(-10392.796121166302)}]
------------------------------------------
  Seed: px
F_onsite: 2.757330471329163e-18j
F_swave: -1.9081958235744878e-17j, F_dwave: -0.01681120799756193j
F_px: (8.398972592244509e-17+0j), F_py: (-9.464420284817237e-17+0j)
Free_energy = -10402.400789481238
------------------------------------------
[{'stable': {'F_dwave': np.complex128(-0.01681120799756193j)}, 'free': np.float64(-10402.400789481238)}]
------------------------------------------
  Seed: py
F_onsite: -2.757330471329163e-18j
F_swave: 1.9081958235744878e-17j, F_dwave: 0.01681120799756193j
F_px: (-8.398972592244509e-17+0j), F_py: (9.464420284817237e-17+0j)
Free_energy = -10402.400789481238
------------------------------------------
[{'stable': {'F_dwave': np.complex128(-0.01681120799756193j)}, 'free': np.float64(-10402.400789481238)}, {'stable': {'F_dwave': np.complex128(0.01681120799756193j)}, 'free': np.float64(-10402.400789481238)}]
------------------------------------------
  Seed: px+py
F_onsite: -2.757330471329163e-18j
F_swave: 1.9081958235744878e-17j, F_dwave: 0.01681120799756193j
F_px: (-8.398972592244509e-17+0j), F_py: (9.464420284817237e-17+0j)
Free_energy = -10402.400789481238
------------------------------------------
[{'stable': {'F_dwave': np.complex128(-0.01681120799756193j)}, 'free': np.float64(-10402.400789481238)}, {'stable': {'F_dwave': np.complex128(0.01681120799756193j)}, 'free': np.float64(-10402.400789481238)}]
------------------------------------------
  Seed: px+i*py
F_onsite: (5.076438852101208e-18+2.5745632606243463e-18j)
F_swave: (-6.071532165918825e-18-1.734723475976807e-18j), F_dwave: (-0.0049670743361337555-0.01606066271598422j)
F_px: (4.9439619065339e-17+7.28583859910259e-17j), F_py: (-6.678685382510707e-17+1.0408340855860843e-17j)
Free_energy = -10402.400789481237
------------------------------------------
[{'stable': {'F_dwave': np.complex128(-0.01681120799756193j)}, 'free': np.float64(-10402.400789481238)}, {'stable': {'F_dwave': np.complex128(0.01681120799756193j)}, 'free': np.float64(-10402.400789481238)}, {'stable': {'F_dwave': np.complex128(-0.0049670743361337555-0.01606066271598422j)}, 'free': np.float64(-10402.400789481237)}]
------------------------------------------
  Seed: d-wave
F_onsite: (-2.319626195835503e-18+0j)
F_swave: (1.9081958235744878e-17+0j), F_dwave: (0.01681120799756193+0j)
F_px: 8.309856785259476e-17j, F_py: -9.404905632360781e-17j
Free_energy = -10402.400789481238
------------------------------------------
[{'stable': {'F_dwave': np.complex128(-0.01681120799756193j)}, 'free': np.float64(-10402.400789481238)}, {'stable': {'F_dwave': np.complex128(0.01681120799756193j)}, 'free': np.float64(-10402.400789481238)}, {'stable': {'F_dwave': np.complex128(-0.0049670743361337555-0.01606066271598422j)}, 'free': np.float64(-10402.400789481237)}, {'stable': {'F_dwave': np.complex128(0.01681120799756193+0j)}, 'free': np.float64(-10402.400789481238)}]
------------------------------------------
  Seed: d-wave+px
F_onsite: (-2.919110455532284e-18-6.384919154671031e-20j)
F_swave: (2.168404344971009e-17-1.8725559093622704e-18j), F_dwave: (0.01681120799756193+1.223113968002894e-17j)
F_px: 8.508045155143392e-17j, F_py: (-1.214306433183765e-17-9.446086384886912e-17j)
Free_energy = -10402.400789481238
------------------------------------------
[{'stable': {'F_dwave': np.complex128(-0.01681120799756193j)}, 'free': np.float64(-10402.400789481238)}, {'stable': {'F_dwave': np.complex128(0.01681120799756193j)}, 'free': np.float64(-10402.400789481238)}, {'stable': {'F_dwave': np.complex128(-0.0049670743361337555-0.01606066271598422j)}, 'free': np.float64(-10402.400789481237)}, {'stable': {'F_dwave': np.complex128(0.01681120799756193+0j)}, 'free': np.float64(-10402.400789481238)}]
------------------------------------------
  Seed: d-wave+py
F_onsite: (-2.0252921728319844e-18-2.5214783400112885e-19j)
F_swave: (2.3418766925686896e-17+2.1300076032132747e-18j), F_dwave: (0.01681120799756194-1.3321667923044097e-17j)
F_px: (3.469446951953614e-18+8.428561390762687e-17j), F_py: (1.5612511283791264e-17-9.418413657199895e-17j)
Free_energy = -10402.400789481237
------------------------------------------
[{'stable': {'F_dwave': np.complex128(-0.01681120799756193j)}, 'free': np.float64(-10402.400789481238)}, {'stable': {'F_dwave': np.complex128(0.01681120799756193j)}, 'free': np.float64(-10402.400789481238)}, {'stable': {'F_dwave': np.complex128(-0.0049670743361337555-0.01606066271598422j)}, 'free': np.float64(-10402.400789481237)}, {'stable': {'F_dwave': np.complex128(0.01681120799756193+0j)}, 'free': np.float64(-10402.400789481238)}]
------------------------------------------
====================================
mu=1.01, T=0.0970
====================================
  Seed: normal state
F_onsite: 0j
F_swave: 0j, F_dwave: 0j
F_px: 0j, F_py: 0j
Free_energy = -10394.305914640621
------------------------------------------
[{'stable': {}, 'free': np.float64(-10394.305914640621)}]
------------------------------------------
  Seed: px
F_onsite: -6.083450184184489e-18j
F_swave: 1.9949319973733282e-17j, F_dwave: -0.01141899104225435j
F_px: (1.1129426714361148e-16+0j), F_py: (-1.3150254066099543e-16+0j)
Free_energy = -10398.720245542605
------------------------------------------
[{'stable': {'F_dwave': np.complex128(-0.01141899104225435j)}, 'free': np.float64(-10398.720245542605)}]
------------------------------------------
  Seed: py
F_onsite: 6.083450184184489e-18j
F_swave: -1.9949319973733282e-17j, F_dwave: 0.01141899104225435j
F_px: (-1.1129426714361148e-16+0j), F_py: (1.3150254066099543e-16+0j)
Free_energy = -10398.720245542605
------------------------------------------
[{'stable': {'F_dwave': np.complex128(-0.01141899104225435j)}, 'free': np.float64(-10398.720245542605)}, {'stable': {'F_dwave': np.complex128(0.01141899104225435j)}, 'free': np.float64(-10398.720245542605)}]
------------------------------------------
  Seed: px+py
F_onsite: 6.083450184184489e-18j
F_swave: -1.9949319973733282e-17j, F_dwave: 0.01141899104225435j
F_px: (-1.1129426714361148e-16+0j), F_py: (1.3150254066099543e-16+0j)
Free_energy = -10398.720245542605
------------------------------------------
[{'stable': {'F_dwave': np.complex128(-0.01141899104225435j)}, 'free': np.float64(-10398.720245542605)}, {'stable': {'F_dwave': np.complex128(0.01141899104225435j)}, 'free': np.float64(-10398.720245542605)}]
------------------------------------------
  Seed: px+i*py
F_onsite: (-3.3058248365263374e-18+1.3515113776963032e-17j)
F_swave: (-2.168404344971009e-18-2.3852447794681098e-17j), F_dwave: (-0.0033738787455815517-0.010909184141501764j)
F_px: (9.77950359581925e-17+3.122502256758253e-17j), F_py: (-1.231653667943533e-16+5.811323644522304e-17j)
Free_energy = -10398.720245542605
------------------------------------------
[{'stable': {'F_dwave': np.complex128(-0.01141899104225435j)}, 'free': np.float64(-10398.720245542605)}, {'stable': {'F_dwave': np.complex128(0.01141899104225435j)}, 'free': np.float64(-10398.720245542605)}, {'stable': {'F_dwave': np.complex128(-0.0033738787455815517-0.010909184141501764j)}, 'free': np.float64(-10398.720245542605)}]
------------------------------------------
  Seed: d-wave
F_onsite: (7.065651060974854e-18+0j)
F_swave: (-2.168404344971009e-17+0j), F_dwave: (0.011418991042254377+0j)
F_px: 1.1996411619881745e-16j, F_py: -1.3286171152436882e-16j
Free_energy = -10398.720245542605
------------------------------------------
[{'stable': {'F_dwave': np.complex128(-0.01141899104225435j)}, 'free': np.float64(-10398.720245542605)}, {'stable': {'F_dwave': np.complex128(0.01141899104225435j)}, 'free': np.float64(-10398.720245542605)}, {'stable': {'F_dwave': np.complex128(-0.0033738787455815517-0.010909184141501764j)}, 'free': np.float64(-10398.720245542605)}, {'stable': {'F_dwave': np.complex128(0.011418991042254377+0j)}, 'free': np.float64(-10398.720245542605)}]
------------------------------------------
  Seed: d-wave+px
F_onsite: (4.318574320518899e-18-8.57335439152325e-20j)
F_swave: (-1.9949319973733282e-17-3.2407568966877498e-19j), F_dwave: (0.011418991042254356+1.0620073579322399e-17j)
F_px: (1.1275702593849246e-17+1.1080845306141476e-16j), F_py: (-5.204170427930421e-18-1.3167017656694754e-16j)
Free_energy = -10398.720245542605
------------------------------------------
[{'stable': {'F_dwave': np.complex128(-0.01141899104225435j)}, 'free': np.float64(-10398.720245542605)}, {'stable': {'F_dwave': np.complex128(0.01141899104225435j)}, 'free': np.float64(-10398.720245542605)}, {'stable': {'F_dwave': np.complex128(-0.0033738787455815517-0.010909184141501764j)}, 'free': np.float64(-10398.720245542605)}, {'stable': {'F_dwave': np.complex128(0.011418991042254377+0j)}, 'free': np.float64(-10398.720245542605)}]
------------------------------------------
  Seed: d-wave+py
F_onsite: (6.910723440966125e-18-9.884136821672617e-20j)
F_swave: (-1.734723475976807e-17+4.1731365300876815e-19j), F_dwave: (0.011418991042254335+5.250202201838385e-19j)
F_px: 1.1064756720775502e-16j, F_py: -1.3199769635234365e-16j
Free_energy = -10398.720245542605
------------------------------------------
[{'stable': {'F_dwave': np.complex128(-0.01141899104225435j)}, 'free': np.float64(-10398.720245542605)}, {'stable': {'F_dwave': np.complex128(0.01141899104225435j)}, 'free': np.float64(-10398.720245542605)}, {'stable': {'F_dwave': np.complex128(-0.0033738787455815517-0.010909184141501764j)}, 'free': np.float64(-10398.720245542605)}, {'stable': {'F_dwave': np.complex128(0.011418991042254377+0j)}, 'free': np.float64(-10398.720245542605)}]
------------------------------------------
====================================
mu=1.01, T=0.1000
====================================
  Seed: normal state
F_onsite: 0j
F_swave: 0j, F_dwave: 0j
F_px: 0j, F_py: 0j
Free_energy = -10395.864067151988
------------------------------------------
[{'stable': {}, 'free': np.float64(-10395.864067151988)}]
------------------------------------------
  Seed: px
==================================================
WARNING: Failed to converge after 5000 iterations
==================================================
F_onsite: 2.712623546725651e-20j
F_swave: -1.0587911840678754e-20j, F_dwave: -3.3643946500492975e-06j
F_px: (3.085231808525046e-19+0j), F_py: (-3.0869506498521494e-19+0j)
Free_energy = -10395.86406753449
------------------------------------------
[{'stable': {}, 'free': np.float64(-10395.864067151988)}, {'stable': {'F_dwave': np.complex128(-3.3643946500492975e-06j)}, 'free': np.float64(-10395.86406753449)}]
------------------------------------------
  Seed: py
==================================================
WARNING: Failed to converge after 5000 iterations
==================================================
F_onsite: -2.712623546725651e-20j
F_swave: 1.0587911840678754e-20j, F_dwave: 3.3643946500492975e-06j
F_px: (-3.085231808525046e-19+0j), F_py: (3.0869506498521494e-19+0j)
Free_energy = -10395.86406753449
------------------------------------------
[{'stable': {}, 'free': np.float64(-10395.864067151988)}, {'stable': {'F_dwave': np.complex128(-3.3643946500492975e-06j)}, 'free': np.float64(-10395.86406753449)}, {'stable': {'F_dwave': np.complex128(3.3643946500492975e-06j)}, 'free': np.float64(-10395.86406753449)}]
------------------------------------------
  Seed: px+py
==================================================
WARNING: Failed to converge after 5000 iterations
==================================================
F_onsite: -2.712623546725651e-20j
F_swave: 1.0587911840678754e-20j, F_dwave: 3.3643946500492975e-06j
F_px: (-3.085231808525046e-19+0j), F_py: (3.0869506498521494e-19+0j)
Free_energy = -10395.86406753449
------------------------------------------
[{'stable': {}, 'free': np.float64(-10395.864067151988)}, {'stable': {'F_dwave': np.complex128(-3.3643946500492975e-06j)}, 'free': np.float64(-10395.86406753449)}, {'stable': {'F_dwave': np.complex128(3.3643946500492975e-06j)}, 'free': np.float64(-10395.86406753449)}]
------------------------------------------
  Seed: px+i*py
==================================================
WARNING: Failed to converge after 5000 iterations
==================================================
F_onsite: (-3.800985710678087e-20-2.922243998253981e-19j)
F_swave: (2.2975768694272897e-20+1.7628873214730126e-19j), F_dwave: (-9.940510120027297e-07-3.2141894696706954e-06j)
F_px: (3.0652004778764994e-19-7.39036246479377e-20j), F_py: (-3.578714202149419e-19+2.754974660944612e-19j)
Free_energy = -10395.86406753449
------------------------------------------
[{'stable': {}, 'free': np.float64(-10395.864067151988)}, {'stable': {'F_dwave': np.complex128(-3.3643946500492975e-06j)}, 'free': np.float64(-10395.86406753449)}, {'stable': {'F_dwave': np.complex128(3.3643946500492975e-06j)}, 'free': np.float64(-10395.86406753449)}, {'stable': {'F_dwave': np.complex128(-9.940510120027297e-07-3.2141894696706954e-06j)}, 'free': np.float64(-10395.86406753449)}]
------------------------------------------
  Seed: d-wave
==================================================
WARNING: Failed to converge after 5000 iterations
==================================================
F_onsite: (6.085176592517831e-20+0j)
F_swave: (-2.456395547037471e-20+0j), F_dwave: (3.3643946500492747e-06+0j)
F_px: 2.4808988385236326e-19j, F_py: -3.539922262737134e-19j
Free_energy = -10395.86406753449
------------------------------------------
[{'stable': {}, 'free': np.float64(-10395.864067151988)}, {'stable': {'F_dwave': np.complex128(-3.3643946500492975e-06j)}, 'free': np.float64(-10395.86406753449)}, {'stable': {'F_dwave': np.complex128(3.3643946500492975e-06j)}, 'free': np.float64(-10395.86406753449)}, {'stable': {'F_dwave': np.complex128(-9.940510120027297e-07-3.2141894696706954e-06j)}, 'free': np.float64(-10395.86406753449)}, {'stable': {'F_dwave': np.complex128(3.3643946500492747e-06+0j)}, 'free': np.float64(-10395.86406753449)}]
------------------------------------------
  Seed: d-wave+px
==================================================
WARNING: Failed to converge after 5000 iterations
==================================================
F_onsite: (7.019428707561816e-20+0j)
F_swave: (-5.251604272976662e-20+0j), F_dwave: (3.3643946500490726e-06+0j)
F_px: 3.5287381856125325e-19j, F_py: -2.684080056024439e-19j
Free_energy = -10395.86406753449
------------------------------------------
[{'stable': {}, 'free': np.float64(-10395.864067151988)}, {'stable': {'F_dwave': np.complex128(-3.3643946500492975e-06j)}, 'free': np.float64(-10395.86406753449)}, {'stable': {'F_dwave': np.complex128(3.3643946500492975e-06j)}, 'free': np.float64(-10395.86406753449)}, {'stable': {'F_dwave': np.complex128(-9.940510120027297e-07-3.2141894696706954e-06j)}, 'free': np.float64(-10395.86406753449)}, {'stable': {'F_dwave': np.complex128(3.3643946500492747e-06+0j)}, 'free': np.float64(-10395.86406753449)}]
------------------------------------------
  Seed: d-wave+py
==================================================
WARNING: Failed to converge after 5000 iterations
==================================================
F_onsite: (-1.4741401781086664e-20+0j)
F_swave: (1.7575933655526732e-20+0j), F_dwave: (3.3643946500494957e-06+0j)
F_px: 2.807177747179956e-19j, F_py: -3.6290211469720053e-19j
Free_energy = -10395.864067534489
------------------------------------------
[{'stable': {}, 'free': np.float64(-10395.864067151988)}, {'stable': {'F_dwave': np.complex128(-3.3643946500492975e-06j)}, 'free': np.float64(-10395.86406753449)}, {'stable': {'F_dwave': np.complex128(3.3643946500492975e-06j)}, 'free': np.float64(-10395.86406753449)}, {'stable': {'F_dwave': np.complex128(-9.940510120027297e-07-3.2141894696706954e-06j)}, 'free': np.float64(-10395.86406753449)}, {'stable': {'F_dwave': np.complex128(3.3643946500492747e-06+0j)}, 'free': np.float64(-10395.86406753449)}]
------------------------------------------
