/home/emilssp/D1/venv/bin/python
Python 3.10.12
Running job 21 out of 30
====================================
mu=2.25, T=0.0010
====================================
  Seed: normal state
F_onsite: 0j
F_swave: 0j, F_dwave: 0j
F_px: 0j, F_py: 0j
Free_energy = -14134.616944538564
------------------------------------------
[{'stable': {}, 'free': np.float64(-14134.616944538564)}]
------------------------------------------
  Seed: px
F_onsite: -2.1963643731642813e-17j
F_swave: 1.1904108396483331e-17j, F_dwave: 4.7189661329415165e-18j
F_px: (0.012109663343769549+0j), F_py: (1.6228969289657633e-18+0j)
Free_energy = -14137.27770619907
------------------------------------------
[{'stable': {'F_px': np.complex128(0.012109663343769549+0j)}, 'free': np.float64(-14137.27770619907)}]
------------------------------------------
  Seed: py
F_onsite: -1.2501200449848609e-17j
F_swave: 8.532904031521415e-18j, F_dwave: -2.8759680235039683e-18j
F_px: (1.5944137917531123e-18+0j), F_py: (0.012109663343769625+0j)
Free_energy = -14137.277706199078
------------------------------------------
[{'stable': {'F_px': np.complex128(0.012109663343769549+0j)}, 'free': np.float64(-14137.27770619907)}, {'stable': {'F_py': np.complex128(0.012109663343769625+0j)}, 'free': np.float64(-14137.277706199078)}]
------------------------------------------
  Seed: px+py
F_onsite: 2.3887652601551354e-18j
F_swave: -2.705529112648642e-18j, F_dwave: 2.294400495875086e-19j
F_px: (0.007900980196207361+0j), F_py: (0.007900980196207332+0j)
Free_energy = -14136.879360473116
------------------------------------------
[{'stable': {'F_px': np.complex128(0.012109663343769549+0j)}, 'free': np.float64(-14137.27770619907)}, {'stable': {'F_py': np.complex128(0.012109663343769625+0j)}, 'free': np.float64(-14137.277706199078)}]
------------------------------------------
  Seed: px+i*py
F_onsite: (6.832405980569602e-18+1.0499635125707095e-17j)
F_swave: (-2.8909598449258794e-18-6.5052130349130266e-18j), F_dwave: (3.758321582914283e-18+3.903127820947816e-18j)
F_px: (0.00973269199931591-2.7282335661019976e-18j), F_py: (6.532086478653649e-18+0.009732691999315977j)
Free_energy = -14138.055607121001
------------------------------------------
[{'stable': {'F_px': np.complex128(0.00973269199931591-2.7282335661019976e-18j), 'F_py': np.complex128(6.532086478653649e-18+0.009732691999315977j)}, 'free': np.float64(-14138.055607121001)}]
------------------------------------------
  Seed: s-wave
F_onsite: (-0.016436447192507118+0j)
F_swave: (0.011309532921836125+0j), F_dwave: (1.8214596497756474e-17+0j)
F_px: -5.045616448116257e-18j, F_py: 7.686823996332776e-20j
Free_energy = -14139.315816487451
------------------------------------------
[{'stable': {'F_onsite': np.complex128(-0.016436447192507118+0j), 'F_swave': np.complex128(0.011309532921836125+0j)}, 'free': np.float64(-14139.315816487451)}]
------------------------------------------
  Seed: s-wave+px
F_onsite: (-0.01643306530000029-2.4198540679961167e-18j)
F_swave: (0.011307064143708644+1.963276787947659e-18j), F_dwave: (2.3790920245132796e-09-4.91292344297295e-19j)
F_px: (2.7025387738790693e-05+5.039846036163087e-20j), F_py: (2.6020852139652106e-18-1.6703225022058786e-18j)
Free_energy = -14139.313450402447
------------------------------------------
[{'stable': {'F_onsite': np.complex128(-0.016436447192507118+0j), 'F_swave': np.complex128(0.011309532921836125+0j)}, 'free': np.float64(-14139.315816487451)}]
------------------------------------------
  Seed: s-wave+py
F_onsite: (-0.016433065300000375+1.0589002013027311e-17j)
F_swave: (0.01130706414370863-8.192502665843593e-18j), F_dwave: (-2.3790920123702153e-09-1.3610495973396522e-18j)
F_px: (-1.1275702593849246e-17-1.3502499272621598e-18j), F_py: (2.7025387739046565e-05-1.156014684544908e-18j)
Free_energy = -14139.313450402462
------------------------------------------
[{'stable': {'F_onsite': np.complex128(-0.016436447192507118+0j), 'F_swave': np.complex128(0.011309532921836125+0j)}, 'free': np.float64(-14139.315816487451)}]
------------------------------------------
====================================
mu=2.25, T=0.0025
====================================
  Seed: normal state
F_onsite: 0j
F_swave: 0j, F_dwave: 0j
F_px: 0j, F_py: 0j
Free_energy = -14134.617169512665
------------------------------------------
[{'stable': {}, 'free': np.float64(-14134.617169512665)}]
------------------------------------------
  Seed: px
F_onsite: -1.8025364043383943e-17j
F_swave: 1.250388713247818e-17j, F_dwave: 2.581081443851264e-18j
F_px: (0.012108837620578416+0j), F_py: (1.8347180315058924e-18+0j)
Free_energy = -14137.27734444985
------------------------------------------
[{'stable': {'F_px': np.complex128(0.012108837620578416+0j)}, 'free': np.float64(-14137.27734444985)}]
------------------------------------------
  Seed: py
F_onsite: -1.2671745239822342e-17j
F_swave: 8.706784013724962e-18j, F_dwave: -2.7399662959104497e-18j
F_px: (1.5518305338188825e-18+0j), F_py: (0.012108837620578548+0j)
Free_energy = -14137.277344449882
------------------------------------------
[{'stable': {'F_px': np.complex128(0.012108837620578416+0j)}, 'free': np.float64(-14137.27734444985)}, {'stable': {'F_py': np.complex128(0.012108837620578548+0j)}, 'free': np.float64(-14137.277344449882)}]
------------------------------------------
  Seed: px+py
F_onsite: 2.0959565582011645e-18j
F_swave: -3.817312795479115e-18j, F_dwave: -2.10805324747914e-19j
F_px: (0.007900101387977674+0j), F_py: (0.007900101387977624+0j)
Free_energy = -14136.878893944993
------------------------------------------
[{'stable': {'F_px': np.complex128(0.012108837620578416+0j)}, 'free': np.float64(-14137.27734444985)}, {'stable': {'F_py': np.complex128(0.012108837620578548+0j)}, 'free': np.float64(-14137.277344449882)}]
------------------------------------------
  Seed: px+i*py
F_onsite: (4.932696368335418e-18+1.1966987357927162e-17j)
F_swave: (-1.1015630391817674e-18-5.637851296924623e-18j), F_dwave: (4.5710099911353816e-18+2.168404344971009e-18j)
F_px: (0.009731944967415345-2.2555957989789984e-18j), F_py: (6.398599380122292e-18+0.009731944967415404j)
Free_energy = -14138.055004810576
------------------------------------------
[{'stable': {'F_px': np.complex128(0.009731944967415345-2.2555957989789984e-18j), 'F_py': np.complex128(6.398599380122292e-18+0.009731944967415404j)}, 'free': np.float64(-14138.055004810576)}]
------------------------------------------
  Seed: s-wave
F_onsite: (-0.01643519266232736+0j)
F_swave: (0.011308616790669083+0j), F_dwave: (3.209238430557093e-17+0j)
F_px: -4.810617744812392e-19j, F_py: -6.781028138362708e-19j
Free_energy = -14139.314932612837
------------------------------------------
[{'stable': {'F_onsite': np.complex128(-0.01643519266232736+0j), 'F_swave': np.complex128(0.011308616790669083+0j)}, 'free': np.float64(-14139.314932612837)}]
------------------------------------------
  Seed: s-wave+px
F_onsite: (-0.016433069064713732-1.5586051430356918e-18j)
F_swave: (0.011307066809810437-2.6191846915879068e-20j), F_dwave: (2.0620768504189813e-09-1.939506925865335e-18j)
F_px: (2.5160475478600702e-05+4.5791659919751544e-18j), F_py: (5.204170427930421e-18-1.1291743280287874e-18j)
Free_energy = -14139.313451009137
------------------------------------------
[{'stable': {'F_onsite': np.complex128(-0.01643519266232736+0j), 'F_swave': np.complex128(0.011308616790669083+0j)}, 'free': np.float64(-14139.314932612837)}]
------------------------------------------
  Seed: s-wave+py
F_onsite: (-0.016433069064713753+1.2357752855971194e-17j)
F_swave: (0.011307066809810426-8.607588514667603e-18j), F_dwave: (-2.0620768538884282e-09-5.149827970408138e-19j)
F_px: (-6.938893903907228e-18-4.710694326815986e-18j), F_py: (2.516047547889387e-05-1.0005047293849389e-18j)
Free_energy = -14139.313451009162
------------------------------------------
[{'stable': {'F_onsite': np.complex128(-0.01643519266232736+0j), 'F_swave': np.complex128(0.011308616790669083+0j)}, 'free': np.float64(-14139.314932612837)}]
------------------------------------------
====================================
mu=2.25, T=0.0040
====================================
  Seed: normal state
F_onsite: 0j
F_swave: 0j, F_dwave: 0j
F_px: 0j, F_py: 0j
Free_energy = -14134.620981461627
------------------------------------------
[{'stable': {}, 'free': np.float64(-14134.620981461627)}]
------------------------------------------
  Seed: px
F_onsite: -1.3912436749313078e-17j
F_swave: 1.2185521858318771e-17j, F_dwave: 3.0192489404879536e-18j
F_px: (0.01210130222563945+0j), F_py: (1.9992872687345424e-18+0j)
Free_energy = -14137.274905370854
------------------------------------------
[{'stable': {'F_px': np.complex128(0.01210130222563945+0j)}, 'free': np.float64(-14137.274905370854)}]
------------------------------------------
  Seed: py
F_onsite: -1.3615789929316861e-17j
F_swave: 9.782065870484694e-18j, F_dwave: -2.6167494718645507e-18j
F_px: (1.5140167992966334e-18+0j), F_py: (0.012101302225639649+0j)
Free_energy = -14137.274905370836
------------------------------------------
[{'stable': {'F_px': np.complex128(0.01210130222563945+0j)}, 'free': np.float64(-14137.274905370854)}, {'stable': {'F_py': np.complex128(0.012101302225639649+0j)}, 'free': np.float64(-14137.274905370836)}]
------------------------------------------
  Seed: px+py
F_onsite: 6.5519321959100216e-18j
F_swave: -1.6070332591782213e-18j, F_dwave: 5.139372407465467e-19j
F_px: (0.007892380039153001+0j), F_py: (0.007892380039152925+0j)
Free_energy = -14136.875905851275
------------------------------------------
[{'stable': {'F_px': np.complex128(0.01210130222563945+0j)}, 'free': np.float64(-14137.274905370854)}, {'stable': {'F_py': np.complex128(0.012101302225639649+0j)}, 'free': np.float64(-14137.274905370836)}]
------------------------------------------
  Seed: px+i*py
F_onsite: (2.7082819697272185e-18+6.141544732965313e-18j)
F_swave: (-5.109835442152424e-18+2.6020852139652106e-18j), F_dwave: (-9.61696723766401e-19-6.071532165918825e-18j)
F_px: (0.009730976387470006-1.012674210556819e-18j), F_py: (6.209724267774384e-18+0.009730976387470017j)
Free_energy = -14138.054549550001
------------------------------------------
[{'stable': {'F_px': np.complex128(0.009730976387470006-1.012674210556819e-18j), 'F_py': np.complex128(6.209724267774384e-18+0.009730976387470017j)}, 'free': np.float64(-14138.054549550001)}]
------------------------------------------
  Seed: s-wave
F_onsite: (-0.016434157075704312+0j)
F_swave: (0.011307886748936978+0j), F_dwave: (3.729655473350135e-17+0j)
F_px: 2.5747684014162595e-18j, F_py: -6.043580078659433e-19j
Free_energy = -14139.314320448715
------------------------------------------
[{'stable': {'F_onsite': np.complex128(-0.016434157075704312+0j), 'F_swave': np.complex128(0.011307886748936978+0j)}, 'free': np.float64(-14139.314320448715)}]
------------------------------------------
  Seed: s-wave+px
F_onsite: (-0.016432821492337164-1.5307170588761961e-18j)
F_swave: (0.011306912158881806+2.1795348872935224e-18j), F_dwave: (1.7869330741666911e-09+1.325699206681586e-18j)
F_px: (2.3423935271620414e-05+5.933201097720357e-18j), F_py: (9.540979117872439e-18-1.0930695486520729e-18j)
Free_energy = -14139.313392275442
------------------------------------------
[{'stable': {'F_onsite': np.complex128(-0.016434157075704312+0j), 'F_swave': np.complex128(0.011307886748936978+0j)}, 'free': np.float64(-14139.314320448715)}]
------------------------------------------
  Seed: s-wave+py
F_onsite: (-0.016432821492337192+1.4132666504671327e-17j)
F_swave: (0.011306912158881815-8.68259063516901e-18j), F_dwave: (-1.7869330472784772e-09+1.835679215377679e-19j)
F_px: (-9.540979117872439e-18-3.47437033095953e-18j), F_py: (2.342393527190751e-05-1.2874900798265365e-18j)
Free_energy = -14139.313392275439
------------------------------------------
[{'stable': {'F_onsite': np.complex128(-0.016434157075704312+0j), 'F_swave': np.complex128(0.011307886748936978+0j)}, 'free': np.float64(-14139.314320448715)}]
------------------------------------------
====================================
mu=2.25, T=0.0055
====================================
  Seed: normal state
F_onsite: 0j
F_swave: 0j, F_dwave: 0j
F_px: 0j, F_py: 0j
Free_energy = -14134.634047075659
------------------------------------------
[{'stable': {}, 'free': np.float64(-14134.634047075659)}]
------------------------------------------
  Seed: px
F_onsite: -1.0652286344670081e-17j
F_swave: 1.1281724468708632e-17j, F_dwave: 2.5075219263381485e-18j
F_px: (0.012057216862860941+0j), F_py: (1.993683947265108e-18+0j)
Free_energy = -14137.259725446751
------------------------------------------
[{'stable': {'F_px': np.complex128(0.012057216862860941+0j)}, 'free': np.float64(-14137.259725446751)}]
------------------------------------------
  Seed: py
F_onsite: -1.4085231470552955e-17j
F_swave: 9.787386296184635e-18j, F_dwave: -2.70674672251032e-18j
F_px: (1.136031655306852e-18+0j), F_py: (0.012057216862860947+0j)
Free_energy = -14137.259725446713
------------------------------------------
[{'stable': {'F_px': np.complex128(0.012057216862860941+0j)}, 'free': np.float64(-14137.259725446751)}, {'stable': {'F_py': np.complex128(0.012057216862860947+0j)}, 'free': np.float64(-14137.259725446713)}]
------------------------------------------
  Seed: px+py
F_onsite: 3.628477387800609e-19j
F_swave: -2.7073290576615575e-18j, F_dwave: 4.336014596553967e-19j
F_px: (0.007853918981688314+0j), F_py: (0.007853918981688206+0j)
Free_energy = -14136.85971580478
------------------------------------------
[{'stable': {'F_px': np.complex128(0.012057216862860941+0j)}, 'free': np.float64(-14137.259725446751)}, {'stable': {'F_py': np.complex128(0.012057216862860947+0j)}, 'free': np.float64(-14137.259725446713)}]
------------------------------------------
  Seed: px+i*py
F_onsite: (2.204535594127325e-17+9.945410880406766e-18j)
F_swave: (-1.4003644992375625e-17+2.168404344971009e-18j), F_dwave: (9.932189225495718e-19-9.974659986866641e-18j)
F_px: (0.009709396941696261+3.2635583887667154e-18j), F_py: (3.4126825095977752e-18+0.009709396941696253j)
Free_energy = -14138.04091646763
------------------------------------------
[{'stable': {'F_px': np.complex128(0.009709396941696261+3.2635583887667154e-18j), 'F_py': np.complex128(3.4126825095977752e-18+0.009709396941696253j)}, 'free': np.float64(-14138.04091646763)}]
------------------------------------------
  Seed: s-wave
F_onsite: (-0.016425443725500564+0j)
F_swave: (0.011301981442918389+0j), F_dwave: (-1.214306433183765e-17+0j)
F_px: 4.2214004508786193e-19j, F_py: -9.844111033871072e-19j
Free_energy = -14139.310295447236
------------------------------------------
[{'stable': {'F_onsite': np.complex128(-0.016425443725500564+0j), 'F_swave': np.complex128(0.011301981442918389+0j)}, 'free': np.float64(-14139.310295447236)}]
------------------------------------------
  Seed: s-wave+px
F_onsite: (-0.016423384940195893-8.71875797007955e-18j)
F_swave: (0.011300478914605797+4.003792392773069e-18j), F_dwave: (1.004202257806619e-09-1.2096689277975477e-18j)
F_px: (1.7587464516063966e-05-3.976846157138542e-18j), F_py: (6.938893903907228e-18-7.088871675130443e-19j)
Free_energy = -14139.30885520086
------------------------------------------
[{'stable': {'F_onsite': np.complex128(-0.016425443725500564+0j), 'F_swave': np.complex128(0.011301981442918389+0j)}, 'free': np.float64(-14139.310295447236)}]
------------------------------------------
  Seed: s-wave+py
F_onsite: (-0.016423384940195827+1.440147373397146e-17j)
F_swave: (0.011300478914605823-9.745524339744552e-18j), F_dwave: (-1.0042022656128746e-09+8.001152629102926e-19j)
F_px: (-1.734723475976807e-17-7.731081467826813e-18j), F_py: (1.7587464516280807e-05-1.1272685038974653e-18j)
Free_energy = -14139.308855200865
------------------------------------------
[{'stable': {'F_onsite': np.complex128(-0.016425443725500564+0j), 'F_swave': np.complex128(0.011301981442918389+0j)}, 'free': np.float64(-14139.310295447236)}]
------------------------------------------
====================================
mu=2.25, T=0.0069
====================================
  Seed: normal state
F_onsite: 0j
F_swave: 0j, F_dwave: 0j
F_px: 0j, F_py: 0j
Free_energy = -14134.659187698962
------------------------------------------
[{'stable': {}, 'free': np.float64(-14134.659187698962)}]
------------------------------------------
  Seed: px
F_onsite: -1.2894409025831816e-17j
F_swave: 8.90205157784668e-18j, F_dwave: 2.3054383939689936e-18j
F_px: (0.011932179621098597+0j), F_py: (2.0090364194340923e-18+0j)
Free_energy = -14137.216264356446
------------------------------------------
[{'stable': {'F_px': np.complex128(0.011932179621098597+0j)}, 'free': np.float64(-14137.216264356446)}]
------------------------------------------
  Seed: py
F_onsite: -1.407316125105458e-17j
F_swave: 9.94016986404563e-18j, F_dwave: -2.873109287306985e-18j
F_px: (1.5044876786400225e-18+0j), F_py: (0.011932179621098516+0j)
Free_energy = -14137.21626435644
------------------------------------------
[{'stable': {'F_px': np.complex128(0.011932179621098597+0j)}, 'free': np.float64(-14137.216264356446)}, {'stable': {'F_py': np.complex128(0.011932179621098516+0j)}, 'free': np.float64(-14137.21626435644)}]
------------------------------------------
  Seed: px+py
F_onsite: -1.7646607967063263e-18j
F_swave: 6.164282273643171e-19j, F_dwave: 5.235722405215644e-20j
F_px: (0.00775812153923524+0j), F_py: (0.0077581215392350765+0j)
Free_energy = -14136.819165422618
------------------------------------------
[{'stable': {'F_px': np.complex128(0.011932179621098597+0j)}, 'free': np.float64(-14137.216264356446)}, {'stable': {'F_py': np.complex128(0.011932179621098516+0j)}, 'free': np.float64(-14137.21626435644)}]
------------------------------------------
  Seed: px+i*py
F_onsite: (1.1563058521205268e-17-3.744497078772807e-17j)
F_swave: (-7.695208299021613e-18+2.2985086056692694e-17j), F_dwave: (2.4910378710911918e-18+1.3444106938820255e-17j)
F_px: (0.009630792629898048+4.765275012354685e-18j), F_py: (-2.5237479012339887e-18+0.00963079262989798j)
Free_energy = -14137.992306214146
------------------------------------------
[{'stable': {'F_px': np.complex128(0.009630792629898048+4.765275012354685e-18j), 'F_py': np.complex128(-2.5237479012339887e-18+0.00963079262989798j)}, 'free': np.float64(-14137.992306214146)}]
------------------------------------------
  Seed: s-wave
F_onsite: (-0.01637395898458929+0j)
F_swave: (0.011266566596544715+0j), F_dwave: (-6.938893903907228e-18+0j)
F_px: 2.7660919683773245e-19j, F_py: -5.031375706690544e-19j
Free_energy = -14139.284472112542
------------------------------------------
[{'stable': {'F_onsite': np.complex128(-0.01637395898458929+0j), 'F_swave': np.complex128(0.011266566596544715+0j)}, 'free': np.float64(-14139.284472112542)}]
------------------------------------------
  Seed: s-wave+px
F_onsite: (-0.016373168964148765-1.1222552000192075e-17j)
F_swave: (0.011265990778361473+7.930835659591018e-18j), F_dwave: (3.8968562274602214e-10-3.786104925328714e-19j)
F_px: (1.1016210731296106e-05-2.737054620154263e-18j), F_py: (8.673617379884035e-19-1.0718672551911137e-18j)
Free_energy = -14139.283924358337
------------------------------------------
[{'stable': {'F_onsite': np.complex128(-0.01637395898458929+0j), 'F_swave': np.complex128(0.011266566596544715+0j)}, 'free': np.float64(-14139.284472112542)}]
------------------------------------------
  Seed: s-wave+py
F_onsite: (-0.016373168964148792+6.836326041191279e-18j)
F_swave: (0.011265990778361459-5.140828245343561e-18j), F_dwave: (-3.8968562231234127e-10-7.506829495041237e-19j)
F_px: (-1.3877787807814457e-17+4.2687813563656567e-19j), F_py: (1.1016210731563253e-05-1.385772371487637e-18j)
Free_energy = -14139.283924358357
------------------------------------------
[{'stable': {'F_onsite': np.complex128(-0.01637395898458929+0j), 'F_swave': np.complex128(0.011266566596544715+0j)}, 'free': np.float64(-14139.284472112542)}]
------------------------------------------
====================================
mu=2.25, T=0.0084
====================================
  Seed: normal state
F_onsite: 0j
F_swave: 0j, F_dwave: 0j
F_px: 0j, F_py: 0j
Free_energy = -14134.6970749561
------------------------------------------
[{'stable': {}, 'free': np.float64(-14134.6970749561)}]
------------------------------------------
  Seed: px
F_onsite: -1.7739437484126414e-17j
F_swave: 7.37164833061537e-18j, F_dwave: 4.357375708692536e-18j
F_px: (0.011683903476310212+0j), F_py: (2.1407401165647854e-18+0j)
Free_energy = -14137.131371110154
------------------------------------------
[{'stable': {'F_px': np.complex128(0.011683903476310212+0j)}, 'free': np.float64(-14137.131371110154)}]
------------------------------------------
  Seed: py
F_onsite: -1.723180005092507e-17j
F_swave: 1.2110638851825571e-17j, F_dwave: -2.8393867880944232e-18j
F_px: (1.4972250328618069e-18+0j), F_py: (0.011683903476310285+0j)
Free_energy = -14137.13137111016
------------------------------------------
[{'stable': {'F_px': np.complex128(0.011683903476310212+0j)}, 'free': np.float64(-14137.131371110154)}, {'stable': {'F_py': np.complex128(0.011683903476310285+0j)}, 'free': np.float64(-14137.13137111016)}]
------------------------------------------
  Seed: px+py
F_onsite: -1.2678495033620774e-18j
F_swave: 1.6607139722104626e-18j, F_dwave: 2.5649216434044282e-20j
F_px: (0.007579594905222252+0j), F_py: (0.007579594905221808+0j)
Free_energy = -14136.744554705372
------------------------------------------
[{'stable': {'F_px': np.complex128(0.011683903476310212+0j)}, 'free': np.float64(-14137.131371110154)}, {'stable': {'F_py': np.complex128(0.011683903476310285+0j)}, 'free': np.float64(-14137.13137111016)}]
------------------------------------------
  Seed: px+i*py
F_onsite: (1.7666460301764535e-18-3.037957780710433e-17j)
F_swave: (-2.718942673461802e-18+2.862293735361732e-17j), F_dwave: (9.842191974849949e-19-6.938893903907228e-18j)
F_px: (0.009454716693721176+6.557715842752992e-18j), F_py: (-2.7296827865351905e-18+0.009454716693721162j)
Free_energy = -14137.886292160932
------------------------------------------
[{'stable': {'F_px': np.complex128(0.009454716693721176+6.557715842752992e-18j), 'F_py': np.complex128(-2.7296827865351905e-18+0.009454716693721162j)}, 'free': np.float64(-14137.886292160932)}]
------------------------------------------
  Seed: s-wave
F_onsite: (-0.016241360447424157+0j)
F_swave: (0.01117540086466811+0j), F_dwave: (-1.9949319973733282e-17+0j)
F_px: -3.3585915149817076e-18j, F_py: -4.165813913715056e-19j
Free_energy = -14139.219405165513
------------------------------------------
[{'stable': {'F_onsite': np.complex128(-0.016241360447424157+0j), 'F_swave': np.complex128(0.01117540086466811+0j)}, 'free': np.float64(-14139.219405165513)}]
------------------------------------------
  Seed: s-wave+px
F_onsite: (-0.01624133559598938-4.207601514372889e-18j)
F_swave: (0.011175382842592198+2.005085804828539e-18j), F_dwave: (1.1943720578527772e-10-2.6291902682773483e-18j)
F_px: (6.167006934569737e-06-3.3675912400462846e-18j), F_py: (1.214306433183765e-17-1.2478383499831946e-18j)
Free_energy = -14139.219389053813
------------------------------------------
[{'stable': {'F_onsite': np.complex128(-0.016241360447424157+0j), 'F_swave': np.complex128(0.01117540086466811+0j)}, 'free': np.float64(-14139.219405165513)}]
------------------------------------------
  Seed: s-wave+py
F_onsite: (-0.016241335595989302+8.77362191327926e-18j)
F_swave: (0.011175382842592122-4.770277800699406e-18j), F_dwave: (-1.1943721662729945e-10+1.4404324663651411e-18j)
F_px: (-1.8214596497756474e-17-7.231914364098013e-18j), F_py: (6.167006934646065e-06-1.3314299139653533e-18j)
Free_energy = -14139.219389053778
------------------------------------------
[{'stable': {'F_onsite': np.complex128(-0.016241360447424157+0j), 'F_swave': np.complex128(0.01117540086466811+0j)}, 'free': np.float64(-14139.219405165513)}]
------------------------------------------
====================================
mu=2.25, T=0.0099
====================================
  Seed: normal state
F_onsite: 0j
F_swave: 0j, F_dwave: 0j
F_px: 0j, F_py: 0j
Free_energy = -14134.747519129527
------------------------------------------
[{'stable': {}, 'free': np.float64(-14134.747519129527)}]
------------------------------------------
  Seed: px
F_onsite: -9.735187890810089e-18j
F_swave: 5.992758101824175e-18j, F_dwave: 1.3620025094053132e-18j
F_px: (0.011272423779824833+0j), F_py: (1.6607288614614886e-18+0j)
Free_energy = -14136.995100098207
------------------------------------------
[{'stable': {'F_px': np.complex128(0.011272423779824833+0j)}, 'free': np.float64(-14136.995100098207)}]
------------------------------------------
  Seed: py
F_onsite: -1.9443164848189634e-17j
F_swave: 1.355837697736078e-17j, F_dwave: -2.942010123610202e-18j
F_px: (1.6086909291257776e-18+0j), F_py: (0.011272423779824825+0j)
Free_energy = -14136.995100098196
------------------------------------------
[{'stable': {'F_px': np.complex128(0.011272423779824833+0j)}, 'free': np.float64(-14136.995100098207)}, {'stable': {'F_py': np.complex128(0.011272423779824825+0j)}, 'free': np.float64(-14136.995100098196)}]
------------------------------------------
  Seed: px+py
F_onsite: -5.285300302409622e-18j
F_swave: 2.2100677780640798e-18j, F_dwave: -1.6967128724687704e-20j
F_px: (0.007296103334134483+0j), F_py: (0.007296103334133624+0j)
Free_energy = -14136.629847598771
------------------------------------------
[{'stable': {'F_px': np.complex128(0.011272423779824833+0j)}, 'free': np.float64(-14136.995100098207)}, {'stable': {'F_py': np.complex128(0.011272423779824825+0j)}, 'free': np.float64(-14136.995100098196)}]
------------------------------------------
  Seed: px+i*py
F_onsite: (2.3577969415101302e-17-3.828269960745237e-17j)
F_swave: (-1.5790940759363852e-17+2.905661822261152e-17j), F_dwave: (2.780514689537799e-18+2.168404344971009e-18j)
F_px: (0.00914662583717404+1.2375680754977362e-18j), F_py: (-1.250293422041252e-18+0.009146625837173978j)
Free_energy = -14137.707965143743
------------------------------------------
[{'stable': {'F_px': np.complex128(0.00914662583717404+1.2375680754977362e-18j), 'F_py': np.complex128(-1.250293422041252e-18+0.009146625837173978j)}, 'free': np.float64(-14137.707965143743)}]
------------------------------------------
  Seed: s-wave
F_onsite: (-0.01598775776623473+0j)
F_swave: (0.011000991275015635+0j), F_dwave: (-2.6020852139652106e-18+0j)
F_px: 1.6477437802056311e-18j, F_py: -1.1289361000123722e-18j
Free_energy = -14139.097776913759
------------------------------------------
[{'stable': {'F_onsite': np.complex128(-0.01598775776623473+0j), 'F_swave': np.complex128(0.011000991275015635+0j)}, 'free': np.float64(-14139.097776913759)}]
------------------------------------------
  Seed: s-wave+px
F_onsite: (-0.015987756977271866-2.4913044817423753e-18j)
F_swave: (0.011000990714160788+6.50931585075129e-19j), F_dwave: (2.6732043661992222e-11-9.432373612166677e-19j)
F_px: (2.9687758801898514e-06+3.749788387715186e-18j), F_py: (-1.734723475976807e-18-9.985989052536167e-19j)
Free_energy = -14139.097776589986
------------------------------------------
[{'stable': {'F_onsite': np.complex128(-0.01598775776623473+0j), 'F_swave': np.complex128(0.011000991275015635+0j)}, 'free': np.float64(-14139.097776913759)}]
------------------------------------------
  Seed: s-wave+py
F_onsite: (-0.01598775697727192+4.559937364380444e-18j)
F_swave: (0.011000990714160882-2.0990932270839656e-18j), F_dwave: (-2.6732038891502663e-11+1.4260990807108223e-18j)
F_px: (-1.734723475976807e-17-7.168281013935534e-19j), F_py: (2.9687758804396516e-06-1.2667907121780096e-18j)
Free_energy = -14139.097776589975
------------------------------------------
[{'stable': {'F_onsite': np.complex128(-0.01598775776623473+0j), 'F_swave': np.complex128(0.011000991275015635+0j)}, 'free': np.float64(-14139.097776913759)}]
------------------------------------------
====================================
mu=2.25, T=0.0114
====================================
  Seed: normal state
F_onsite: 0j
F_swave: 0j, F_dwave: 0j
F_px: 0j, F_py: 0j
Free_energy = -14134.809972211857
------------------------------------------
[{'stable': {}, 'free': np.float64(-14134.809972211857)}]
------------------------------------------
  Seed: px
F_onsite: -8.653156240251924e-18j
F_swave: 1.0674441550196701e-17j, F_dwave: 2.2268760881111573e-18j
F_px: (0.010659770573737858+0j), F_py: (2.3402097581982727e-18+0j)
Free_energy = -14136.802714201227
------------------------------------------
[{'stable': {'F_px': np.complex128(0.010659770573737858+0j)}, 'free': np.float64(-14136.802714201227)}]
------------------------------------------
  Seed: py
F_onsite: -2.406635008364241e-17j
F_swave: 1.6407928160822255e-17j, F_dwave: -2.8673124055742134e-18j
F_px: (1.9319332601767995e-18+0j), F_py: (0.010659770573737888+0j)
Free_energy = -14136.802714201214
------------------------------------------
[{'stable': {'F_px': np.complex128(0.010659770573737858+0j)}, 'free': np.float64(-14136.802714201227)}, {'stable': {'F_py': np.complex128(0.010659770573737888+0j)}, 'free': np.float64(-14136.802714201214)}]
------------------------------------------
  Seed: px+py
F_onsite: -7.421173288250146e-18j
F_swave: 6.827297313106474e-18j, F_dwave: -5.41333462634303e-19j
F_px: (0.006883521542372089+0j), F_py: (0.006883521542370479+0j)
Free_energy = -14136.471418169362
------------------------------------------
[{'stable': {'F_px': np.complex128(0.010659770573737858+0j)}, 'free': np.float64(-14136.802714201227)}, {'stable': {'F_py': np.complex128(0.010659770573737888+0j)}, 'free': np.float64(-14136.802714201214)}]
------------------------------------------
  Seed: px+i*py
F_onsite: (3.735715729389944e-17-2.5957642305963254e-17j)
F_swave: (-2.4765423580368125e-17+2.0816681711721685e-17j), F_dwave: (2.214018392669633e-18-1.734723475976807e-18j)
F_px: (0.008672639647483818+1.0420106672893797e-17j), F_py: (-6.348419295442375e-18+0.008672639647483731j)
Free_energy = -14137.448593390227
------------------------------------------
[{'stable': {'F_px': np.complex128(0.008672639647483818+1.0420106672893797e-17j), 'F_py': np.complex128(-6.348419295442375e-18+0.008672639647483731j)}, 'free': np.float64(-14137.448593390227)}]
------------------------------------------
  Seed: s-wave
F_onsite: (-0.015580394096484864+0j)
F_swave: (0.01072081981757312+0j), F_dwave: (1.734723475976807e-17+0j)
F_px: 2.266977804207728e-18j, F_py: -2.7409456777557125e-18j
Free_energy = -14138.908724705256
------------------------------------------
[{'stable': {'F_onsite': np.complex128(-0.015580394096484864+0j), 'F_swave': np.complex128(0.01072081981757312+0j)}, 'free': np.float64(-14138.908724705256)}]
------------------------------------------
  Seed: s-wave+px
F_onsite: (-0.01558039401536992-8.103518000589862e-18j)
F_swave: (0.010720819760781968+5.478423814383603e-18j), F_dwave: (4.342770500848081e-12+3.5927431853383183e-19j)
F_px: (1.2256768122439338e-06+2.685623838388166e-18j), F_py: (-8.673617379884035e-19-1.4667963668484312e-18j)
Free_energy = -14138.908724687177
------------------------------------------
[{'stable': {'F_onsite': np.complex128(-0.015580394096484864+0j), 'F_swave': np.complex128(0.01072081981757312+0j)}, 'free': np.float64(-14138.908724705256)}]
------------------------------------------
  Seed: s-wave+py
F_onsite: (-0.015580394015369921+8.169168866884578e-18j)
F_swave: (0.010720819760781963-5.1247743240151315e-18j), F_dwave: (-4.34277093452895e-12+3.2438714901879533e-20j)
F_px: (-9.540979117872439e-18-2.2606515268829225e-18j), F_py: (1.2256768123098533e-06-1.865378308090783e-18j)
Free_energy = -14138.908724687142
------------------------------------------
[{'stable': {'F_onsite': np.complex128(-0.015580394096484864+0j), 'F_swave': np.complex128(0.01072081981757312+0j)}, 'free': np.float64(-14138.908724705256)}]
------------------------------------------
====================================
mu=2.25, T=0.0129
====================================
  Seed: normal state
F_onsite: 0j
F_swave: 0j, F_dwave: 0j
F_px: 0j, F_py: 0j
Free_energy = -14134.883737536537
------------------------------------------
[{'stable': {}, 'free': np.float64(-14134.883737536537)}]
------------------------------------------
  Seed: px
F_onsite: -2.8582332711708314e-17j
F_swave: 1.750071977678851e-17j, F_dwave: 3.2195589976237947e-18j
F_px: (0.00979492253791168+0j), F_py: (1.6798847100869916e-18+0j)
Free_energy = -14136.551555133517
------------------------------------------
[{'stable': {'F_px': np.complex128(0.00979492253791168+0j)}, 'free': np.float64(-14136.551555133517)}]
------------------------------------------
  Seed: py
F_onsite: -3.061611175762509e-17j
F_swave: 2.151810440138705e-17j, F_dwave: -2.964112389577619e-18j
F_px: (2.5572834576281136e-18+0j), F_py: (0.009794922537911801+0j)
Free_energy = -14136.551555133532
------------------------------------------
[{'stable': {'F_px': np.complex128(0.00979492253791168+0j)}, 'free': np.float64(-14136.551555133517)}, {'stable': {'F_py': np.complex128(0.009794922537911801+0j)}, 'free': np.float64(-14136.551555133532)}]
------------------------------------------
  Seed: px+py
F_onsite: -2.9497842978792204e-17j
F_swave: 2.2147291062519386e-17j, F_dwave: 8.368685518872487e-19j
F_px: (0.0063117865421056085+0j), F_py: (0.0063117865421020245+0j)
Free_energy = -14136.268666208802
------------------------------------------
[{'stable': {'F_px': np.complex128(0.00979492253791168+0j)}, 'free': np.float64(-14136.551555133517)}, {'stable': {'F_py': np.complex128(0.009794922537911801+0j)}, 'free': np.float64(-14136.551555133532)}]
------------------------------------------
  Seed: px+i*py
F_onsite: (4.134476341644607e-17-4.0795793422396677e-17j)
F_swave: (-3.117260578652627e-17+3.599551212651875e-17j), F_dwave: (-1.7871402570330674e-18-2.168404344971009e-18j)
F_px: (0.007989305551363552+6.985652769573626e-18j), F_py: (7.968065404600805e-19+0.007989305551363513j)
Free_energy = -14137.103220849074
------------------------------------------
[{'stable': {'F_px': np.complex128(0.007989305551363552+6.985652769573626e-18j), 'F_py': np.complex128(7.968065404600805e-19+0.007989305551363513j)}, 'free': np.float64(-14137.103220849074)}]
------------------------------------------
  Seed: s-wave
F_onsite: (-0.014987905253470964+0j)
F_swave: (0.010313315204742924+0j), F_dwave: (9.540979117872439e-18+0j)
F_px: 4.504097697024742e-19j, F_py: -1.9123886366633966e-18j
Free_energy = -14138.645626499461
------------------------------------------
[{'stable': {'F_onsite': np.complex128(-0.014987905253470964+0j), 'F_swave': np.complex128(0.010313315204742924+0j)}, 'free': np.float64(-14138.645626499461)}]
------------------------------------------
  Seed: s-wave+px
F_onsite: (-0.014987905242575643+3.586404864619223e-18j)
F_swave: (0.010313315197125462-2.3973811734154878e-18j), F_dwave: (5.081421394770302e-13-1.2438811179327409e-18j)
F_px: (4.3259583988163736e-07-1.3214508070555136e-18j), F_py: (1.734723475976807e-18-2.09354780825741e-18j)
Free_energy = -14138.645626497082
------------------------------------------
[{'stable': {'F_onsite': np.complex128(-0.014987905253470964+0j), 'F_swave': np.complex128(0.010313315204742924+0j)}, 'free': np.float64(-14138.645626499461)}]
------------------------------------------
  Seed: s-wave+py
F_onsite: (-0.01498790524257559+1.2730516909443755e-17j)
F_swave: (0.010313315197125415-1.1777926957122042e-17j), F_dwave: (-5.081360679448643e-13-3.575736351944228e-18j)
F_px: (-8.673617379884035e-18-1.355914460096923e-18j), F_py: (4.3259583984954497e-07-2.0676603638069505e-18j)
Free_energy = -14138.645626497075
------------------------------------------
[{'stable': {'F_onsite': np.complex128(-0.014987905253470964+0j), 'F_swave': np.complex128(0.010313315204742924+0j)}, 'free': np.float64(-14138.645626499461)}]
------------------------------------------
====================================
mu=2.25, T=0.0144
====================================
  Seed: normal state
F_onsite: 0j
F_swave: 0j, F_dwave: 0j
F_px: 0j, F_py: 0j
Free_energy = -14134.968092143725
------------------------------------------
[{'stable': {}, 'free': np.float64(-14134.968092143725)}]
------------------------------------------
  Seed: px
F_onsite: -4.459439208369739e-17j
F_swave: 2.964764207900311e-17j, F_dwave: 2.251142258561013e-18j
F_px: (0.008594157786702064+0j), F_py: (2.3387109069283266e-18+0j)
Free_energy = -14136.24085528914
------------------------------------------
[{'stable': {'F_px': np.complex128(0.008594157786702064+0j)}, 'free': np.float64(-14136.24085528914)}]
------------------------------------------
  Seed: py
F_onsite: -6.024298167708577e-17j
F_swave: 4.1373708120440525e-17j, F_dwave: -3.649984083726988e-18j
F_px: (1.6355461748929242e-18+0j), F_py: (0.008594157786702108+0j)
Free_energy = -14136.240855289105
------------------------------------------
[{'stable': {'F_px': np.complex128(0.008594157786702064+0j)}, 'free': np.float64(-14136.24085528914)}, {'stable': {'F_py': np.complex128(0.008594157786702108+0j)}, 'free': np.float64(-14136.240855289105)}]
------------------------------------------
  Seed: px+py
F_onsite: -1.0356385972458632e-16j
F_swave: 6.917315739575925e-17j, F_dwave: -4.343690832638459e-20j
F_px: (0.005528209794409472+0j), F_py: (0.005528209794402661+0j)
Free_energy = -14136.02136042047
------------------------------------------
[{'stable': {'F_px': np.complex128(0.008594157786702064+0j)}, 'free': np.float64(-14136.24085528914)}, {'stable': {'F_py': np.complex128(0.008594157786702108+0j)}, 'free': np.float64(-14136.240855289105)}]
------------------------------------------
  Seed: px+i*py
F_onsite: (6.728722530380775e-17+1.4080361031106243e-17j)
F_swave: (-4.720173154891354e-17-4.7704895589362195e-18j), F_dwave: (-6.948317145445432e-20-6.938893903907228e-18j)
F_px: (0.00702757408047522+7.461076480999704e-18j), F_py: (-1.992446485068729e-18+0.007027574080475168j)
Free_energy = -14136.670330872637
------------------------------------------
[{'stable': {'F_px': np.complex128(0.00702757408047522+7.461076480999704e-18j), 'F_py': np.complex128(-1.992446485068729e-18+0.007027574080475168j)}, 'free': np.float64(-14136.670330872637)}]
------------------------------------------
  Seed: s-wave
F_onsite: (-0.01417231773412575+0j)
F_swave: (0.009752306153808257+0j), F_dwave: (1.6479873021779667e-17+0j)
F_px: -1.5296356236228596e-18j, F_py: -2.6795357890797757e-18j
Free_energy = -14138.30382805415
------------------------------------------
[{'stable': {'F_onsite': np.complex128(-0.01417231773412575+0j), 'F_swave': np.complex128(0.009752306153808257+0j)}, 'free': np.float64(-14138.30382805415)}]
------------------------------------------
  Seed: s-wave+px
F_onsite: (-0.01417231773309418-6.752614435853898e-19j)
F_swave: (0.00975230615308716+3.4119545906587286e-19j), F_dwave: (3.663345668480922e-14-1.3595143501227537e-18j)
F_px: (1.209265081082364e-07-2.7843296465228937e-18j), F_py: (-1.1275702593849246e-17-2.6684449514266647e-18j)
Free_energy = -14138.303828053879
------------------------------------------
[{'stable': {'F_onsite': np.complex128(-0.01417231773412575+0j), 'F_swave': np.complex128(0.009752306153808257+0j)}, 'free': np.float64(-14138.30382805415)}]
------------------------------------------
  Seed: s-wave+py
F_onsite: (-0.014172317733094242+3.590700996161321e-18j)
F_swave: (0.009752306153087208-2.0615326098291577e-18j), F_dwave: (-3.66273851526433e-14+5.463759556484263e-19j)
F_px: (-1.1275702593849246e-17+7.823143361281515e-19j), F_py: (1.2092650799374466e-07-3.509045742237753e-18j)
Free_energy = -14138.303828053884
------------------------------------------
[{'stable': {'F_onsite': np.complex128(-0.01417231773412575+0j), 'F_swave': np.complex128(0.009752306153808257+0j)}, 'free': np.float64(-14138.30382805415)}]
------------------------------------------
====================================
mu=2.25, T=0.0158
====================================
  Seed: normal state
F_onsite: 0j
F_swave: 0j, F_dwave: 0j
F_px: 0j, F_py: 0j
Free_energy = -14135.062363975976
------------------------------------------
[{'stable': {}, 'free': np.float64(-14135.062363975976)}]
------------------------------------------
  Seed: px
F_onsite: -2.8806679975700456e-16j
F_swave: 1.9698713364887276e-16j, F_dwave: 7.872258037332463e-18j
F_px: (0.006879518155996309+0j), F_py: (2.9703476770350437e-18+0j)
Free_energy = -14135.870927980675
------------------------------------------
[{'stable': {'F_px': np.complex128(0.006879518155996309+0j)}, 'free': np.float64(-14135.870927980675)}]
------------------------------------------
  Seed: py
F_onsite: -2.530132809120612e-16j
F_swave: 1.7363679110345625e-16j, F_dwave: -7.675587574891855e-18j
F_px: (2.711737930326465e-18+0j), F_py: (0.006879518155996252+0j)
Free_energy = -14135.870927980646
------------------------------------------
[{'stable': {'F_px': np.complex128(0.006879518155996309+0j)}, 'free': np.float64(-14135.870927980675)}, {'stable': {'F_py': np.complex128(0.006879518155996252+0j)}, 'free': np.float64(-14135.870927980646)}]
------------------------------------------
  Seed: px+py
F_onsite: -5.263870104146292e-16j
F_swave: 3.62749707951306e-16j, F_dwave: -5.48665591583973e-19j
F_px: (0.0044205738157859775+0j), F_py: (0.00442057381577451+0j)
Free_energy = -14135.73013010511
------------------------------------------
[{'stable': {'F_px': np.complex128(0.006879518155996309+0j)}, 'free': np.float64(-14135.870927980675)}, {'stable': {'F_py': np.complex128(0.006879518155996252+0j)}, 'free': np.float64(-14135.870927980646)}]
------------------------------------------
  Seed: px+i*py
F_onsite: (2.941494095256867e-16-3.3998160791289824e-16j)
F_swave: (-2.038645680332673e-16+2.465475740232037e-16j), F_dwave: (1.3356022129750708e-18+2.8189256484623115e-18j)
F_px: (0.00564016849557962-4.3973715456707e-18j), F_py: (2.6259675726108417e-18+0.005640168495579419j)
Free_energy = -14136.14939592928
------------------------------------------
[{'stable': {'F_px': np.complex128(0.00564016849557962-4.3973715456707e-18j), 'F_py': np.complex128(2.6259675726108417e-18+0.005640168495579419j)}, 'free': np.float64(-14136.14939592928)}]
------------------------------------------
  Seed: s-wave
F_onsite: (-0.013082491321776558+0j)
F_swave: (0.009002598379611926+0j), F_dwave: (-1.9949319973733282e-17+0j)
F_px: -6.445391333013192e-18j, F_py: -5.766865002703294e-18j
Free_energy = -14137.88138655962
------------------------------------------
[{'stable': {'F_onsite': np.complex128(-0.013082491321776558+0j), 'F_swave': np.complex128(0.009002598379611926+0j)}, 'free': np.float64(-14137.88138655962)}]
------------------------------------------
  Seed: s-wave+px
F_onsite: (-0.013082491321720248-8.22026881684582e-18j)
F_swave: (0.009002598379572629+7.06511504793792e-18j), F_dwave: (1.3097162243624894e-15+2.0388215389309018e-18j)
F_px: (2.3857501028554107e-08-4.5272852239558285e-18j), F_py: (5.204170427930421e-18-4.692668406907231e-18j)
Free_energy = -14137.881386559608
------------------------------------------
[{'stable': {'F_onsite': np.complex128(-0.013082491321776558+0j), 'F_swave': np.complex128(0.009002598379611926+0j)}, 'free': np.float64(-14137.88138655962)}]
------------------------------------------
  Seed: s-wave+py
F_onsite: (-0.01308249132172036-1.3501076208443129e-18j)
F_swave: (0.009002598379572659+1.3985969797046592e-19j), F_dwave: (-1.2906342661267445e-15-9.541495278574672e-19j)
F_px: (-3.2959746043559335e-17-6.827244373547271e-18j), F_py: (2.385750095049155e-08-4.0088348857871925e-18j)
Free_energy = -14137.881386559608
------------------------------------------
[{'stable': {'F_onsite': np.complex128(-0.013082491321776558+0j), 'F_swave': np.complex128(0.009002598379611926+0j)}, 'free': np.float64(-14137.88138655962)}]
------------------------------------------
====================================
mu=2.25, T=0.0173
====================================
  Seed: normal state
F_onsite: 0j
F_swave: 0j, F_dwave: 0j
F_px: 0j, F_py: 0j
Free_energy = -14135.165974008622
------------------------------------------
[{'stable': {}, 'free': np.float64(-14135.165974008622)}]
------------------------------------------
  Seed: px
F_onsite: -0.011613562964869187j
F_swave: 0.007991733473107797j, F_dwave: 2.735634635486761e-12j
F_px: (6.089964900736361e-07+0j), F_py: (7.064307719660068e-18+0j)
Free_energy = -14137.36884219723
------------------------------------------
[{'stable': {'F_onsite': np.complex128(-0.011613562964869187j), 'F_swave': np.complex128(0.007991733473107797j)}, 'free': np.float64(-14137.36884219723)}]
------------------------------------------
  Seed: py
F_onsite: -0.011614062679682286j
F_swave: 0.007992084008791566j, F_dwave: -2.4123290170985356e-12j
F_px: (4.082434107969711e-18+0j), F_py: (5.718608654676301e-07+0j)
Free_energy = -14137.369047736547
------------------------------------------
[{'stable': {'F_onsite': np.complex128(-0.011613562964869187j), 'F_swave': np.complex128(0.007991733473107797j)}, 'free': np.float64(-14137.36884219723)}]
------------------------------------------
  Seed: px+py
F_onsite: -0.01161360325290809j
F_swave: 0.00799176173391222j, F_dwave: 9.540979117872439e-18j
F_px: (4.0300207437634055e-07+0j), F_py: (4.0300207436046827e-07+0j)
Free_energy = -14137.368858766757
------------------------------------------
[{'stable': {'F_onsite': np.complex128(-0.011613562964869187j), 'F_swave': np.complex128(0.007991733473107797j)}, 'free': np.float64(-14137.36884219723)}]
------------------------------------------
  Seed: px+i*py
F_onsite: (0.007448448926684988-0.008924464095427612j)
F_swave: (-0.005125653121617524+0.006141373553036647j), F_dwave: (2.702976833243026e-10-3.2350435242960163e-10j)
F_px: (1.382840776390469e-05-1.6567127720719735e-05j), F_py: (-1.671506912660466e-05+2.0028718205200666e-05j)
Free_energy = -14137.373302661432
------------------------------------------
[{'stable': {'F_onsite': np.complex128(-0.011613562964869187j), 'F_swave': np.complex128(0.007991733473107797j)}, 'free': np.float64(-14137.36884219723)}, {'stable': {'F_onsite': np.complex128(0.007448448926684988-0.008924464095427612j), 'F_swave': np.complex128(-0.005125653121617524+0.006141373553036647j)}, 'free': np.float64(-14137.373302661432)}]
------------------------------------------
  Seed: s-wave
F_onsite: (-0.011636026186776673+0j)
F_swave: (0.008007491629867807+0j), F_dwave: (4.336808689942018e-18+0j)
F_px: -6.172487905319697e-19j, F_py: -7.61217921785599e-18j
Free_energy = -14137.378093113935
------------------------------------------
[{'stable': {'F_onsite': np.complex128(-0.011613562964869187j), 'F_swave': np.complex128(0.007991733473107797j)}, 'free': np.float64(-14137.36884219723)}, {'stable': {'F_onsite': np.complex128(0.007448448926684988-0.008924464095427612j), 'F_swave': np.complex128(-0.005125653121617524+0.006141373553036647j)}, 'free': np.float64(-14137.373302661432)}, {'stable': {'F_onsite': np.complex128(-0.011636026186776673+0j), 'F_swave': np.complex128(0.008007491629867807+0j)}, 'free': np.float64(-14137.378093113935)}]
------------------------------------------
  Seed: s-wave+px
F_onsite: (-0.011636026186775119-7.280838158238791e-18j)
F_swave: (0.008007491629866744+3.406534903285281e-18j), F_dwave: (1.0842021724855044e-17-1.1492979779709775e-18j)
F_px: (2.836705421775665e-09-5.911389999328559e-18j), F_py: (-6.071532165918825e-18-7.000978771963008e-18j)
Free_energy = -14137.37809311394
------------------------------------------
[{'stable': {'F_onsite': np.complex128(-0.011613562964869187j), 'F_swave': np.complex128(0.007991733473107797j)}, 'free': np.float64(-14137.36884219723)}, {'stable': {'F_onsite': np.complex128(0.007448448926684988-0.008924464095427612j), 'F_swave': np.complex128(-0.005125653121617524+0.006141373553036647j)}, 'free': np.float64(-14137.373302661432)}, {'stable': {'F_onsite': np.complex128(-0.011636026186776673+0j), 'F_swave': np.complex128(0.008007491629867807+0j)}, 'free': np.float64(-14137.378093113935)}]
------------------------------------------
  Seed: s-wave+py
F_onsite: (-0.011636026186775079+3.2359589707301515e-18j)
F_swave: (0.008007491629866706-3.2672773928007538e-18j), F_dwave: (-9.974659986866641e-18-9.970702754816187e-19j)
F_px: (-9.540979117872439e-18-1.3448011231311505e-17j), F_py: (2.83670540442843e-09-6.594839708644372e-18j)
Free_energy = -14137.378093113937
------------------------------------------
[{'stable': {'F_onsite': np.complex128(-0.011613562964869187j), 'F_swave': np.complex128(0.007991733473107797j)}, 'free': np.float64(-14137.36884219723)}, {'stable': {'F_onsite': np.complex128(0.007448448926684988-0.008924464095427612j), 'F_swave': np.complex128(-0.005125653121617524+0.006141373553036647j)}, 'free': np.float64(-14137.373302661432)}, {'stable': {'F_onsite': np.complex128(-0.011636026186776673+0j), 'F_swave': np.complex128(0.008007491629867807+0j)}, 'free': np.float64(-14137.378093113935)}]
------------------------------------------
====================================
mu=2.25, T=0.0188
====================================
  Seed: normal state
F_onsite: 0j
F_swave: 0j, F_dwave: 0j
F_px: 0j, F_py: 0j
Free_energy = -14135.278452122417
------------------------------------------
[{'stable': {}, 'free': np.float64(-14135.278452122417)}]
------------------------------------------
  Seed: px
F_onsite: -0.009666788504880614j
F_swave: 0.006652592945132093j, F_dwave: 1.7780915628762273e-17j
F_px: (2.822730090990792e-10+0j), F_py: (1.2538919885781027e-17+0j)
Free_energy = -14136.793180954097
------------------------------------------
[{'stable': {'F_onsite': np.complex128(-0.009666788504880614j), 'F_swave': np.complex128(0.006652592945132093j)}, 'free': np.float64(-14136.793180954097)}]
------------------------------------------
  Seed: py
F_onsite: -0.00966679200052718j
F_swave: 0.006652595380584498j, F_dwave: 6.938893903907228e-18j
F_px: (1.3270968110445556e-17+0j), F_py: (2.650306556304332e-10+0j)
Free_energy = -14136.793182108975
------------------------------------------
[{'stable': {'F_onsite': np.complex128(-0.009666788504880614j), 'F_swave': np.complex128(0.006652592945132093j)}, 'free': np.float64(-14136.793180954097)}]
------------------------------------------
  Seed: px+py
F_onsite: -0.009666788786738751j
F_swave: 0.0066525931415054845j, F_dwave: 1.2576745200831851e-17j
F_px: (1.8679187108104295e-10+0j), F_py: (1.8679186516748243e-10+0j)
Free_energy = -14136.793181047133
------------------------------------------
[{'stable': {'F_onsite': np.complex128(-0.009666788504880614j), 'F_swave': np.complex128(0.006652592945132093j)}, 'free': np.float64(-14136.793180954097)}]
------------------------------------------
  Seed: px+i*py
F_onsite: (0.0061941656923165875-0.007421626954344521j)
F_swave: (-0.004262766987066728+0.00510749436531015j), F_dwave: (4.1515163702599e-13-4.974154768633277e-13j)
F_px: (6.009799475570343e-07-7.20071869453158e-07j), F_py: (-7.265022293674074e-07+8.704695004298907e-07j)
Free_energy = -14136.793205522234
------------------------------------------
[{'stable': {'F_onsite': np.complex128(-0.009666788504880614j), 'F_swave': np.complex128(0.006652592945132093j)}, 'free': np.float64(-14136.793180954097)}, {'stable': {'F_onsite': np.complex128(0.0061941656923165875-0.007421626954344521j), 'F_swave': np.complex128(-0.004262766987066728+0.00510749436531015j)}, 'free': np.float64(-14136.793205522234)}]
------------------------------------------
  Seed: s-wave
F_onsite: (-0.009666945239507068+0j)
F_swave: (0.0066527021437663494+0j), F_dwave: (-9.107298248878237e-18+0j)
F_px: -2.3442669136667228e-17j, F_py: -1.2944410439499421e-17j
Free_energy = -14136.793232739135
------------------------------------------
[{'stable': {'F_onsite': np.complex128(-0.009666788504880614j), 'F_swave': np.complex128(0.006652592945132093j)}, 'free': np.float64(-14136.793180954097)}, {'stable': {'F_onsite': np.complex128(0.0061941656923165875-0.007421626954344521j), 'F_swave': np.complex128(-0.004262766987066728+0.00510749436531015j)}, 'free': np.float64(-14136.793205522234)}, {'stable': {'F_onsite': np.complex128(-0.009666945239507068+0j), 'F_swave': np.complex128(0.0066527021437663494+0j)}, 'free': np.float64(-14136.793232739135)}]
------------------------------------------
  Seed: s-wave+px
F_onsite: (-0.009666945239507098-1.9818359195309116e-17j)
F_swave: (0.006652702143766389+1.3620157442951141e-17j), F_dwave: (-6.938893903907228e-18-1.0464562667734847e-18j)
F_px: (1.2317094870081813e-10-1.2140311474759073e-17j), F_py: (-1.734723475976807e-18-1.1689001732550141e-17j)
Free_energy = -14136.793232739132
------------------------------------------
[{'stable': {'F_onsite': np.complex128(-0.009666788504880614j), 'F_swave': np.complex128(0.006652592945132093j)}, 'free': np.float64(-14136.793180954097)}, {'stable': {'F_onsite': np.complex128(0.0061941656923165875-0.007421626954344521j), 'F_swave': np.complex128(-0.004262766987066728+0.00510749436531015j)}, 'free': np.float64(-14136.793205522234)}, {'stable': {'F_onsite': np.complex128(-0.009666945239507068+0j), 'F_swave': np.complex128(0.0066527021437663494+0j)}, 'free': np.float64(-14136.793232739135)}]
------------------------------------------
  Seed: s-wave+py
F_onsite: (-0.00966694523950711+5.968559919232515e-18j)
F_swave: (0.0066527021437663945-4.13655818981028e-18j), F_dwave: (-1.951563910473908e-18-2.260188305739893e-19j)
F_px: (-8.239936510889834e-18-1.2100990617160752e-17j), F_py: (1.2317104758005626e-10-1.202702081806381e-17j)
Free_energy = -14136.79323273913
------------------------------------------
[{'stable': {'F_onsite': np.complex128(-0.009666788504880614j), 'F_swave': np.complex128(0.006652592945132093j)}, 'free': np.float64(-14136.793180954097)}, {'stable': {'F_onsite': np.complex128(0.0061941656923165875-0.007421626954344521j), 'F_swave': np.complex128(-0.004262766987066728+0.00510749436531015j)}, 'free': np.float64(-14136.793205522234)}, {'stable': {'F_onsite': np.complex128(-0.009666945239507068+0j), 'F_swave': np.complex128(0.0066527021437663494+0j)}, 'free': np.float64(-14136.793232739135)}]
------------------------------------------
====================================
mu=2.25, T=0.0203
====================================
  Seed: normal state
F_onsite: 0j
F_swave: 0j, F_dwave: 0j
F_px: 0j, F_py: 0j
Free_energy = -14135.399435847808
------------------------------------------
[{'stable': {}, 'free': np.float64(-14135.399435847808)}]
------------------------------------------
  Seed: px
F_onsite: -0.006731553429487406j
F_swave: 0.004632827406304749j, F_dwave: 3.0357660829594124e-18j
F_px: (1.0152148302955711e-14+0j), F_py: (2.5280545343751848e-17+0j)
Free_energy = -14136.128386853992
------------------------------------------
[{'stable': {'F_onsite': np.complex128(-0.006731553429487406j), 'F_swave': np.complex128(0.004632827406304749j)}, 'free': np.float64(-14136.128386853992)}]
------------------------------------------
  Seed: py
F_onsite: -0.006731553456477193j
F_swave: 0.004632827424982628j, F_dwave: 1.691355389077387e-17j
F_px: (1.872681320282891e-17+0j), F_py: (9.563292824439314e-15+0j)
Free_energy = -14136.12838685988
------------------------------------------
[{'stable': {'F_onsite': np.complex128(-0.006731553429487406j), 'F_swave': np.complex128(0.004632827406304749j)}, 'free': np.float64(-14136.128386853992)}]
------------------------------------------
  Seed: px+py
F_onsite: -0.006731553431663643j
F_swave: 0.004632827407810796j, F_dwave: -1.0842021724855044e-17j
F_px: (6.738371281206296e-15+0j), F_py: (6.748758446238475e-15+0j)
Free_energy = -14136.128386854456
------------------------------------------
[{'stable': {'F_onsite': np.complex128(-0.006731553429487406j), 'F_swave': np.complex128(0.004632827406304749j)}, 'free': np.float64(-14136.128386853992)}]
------------------------------------------
  Seed: px+i*py
F_onsite: (0.004313329149952807-0.005168076133636336j)
F_swave: (-0.002968543548979953+0.003556802306012589j), F_dwave: -9.324138683375338e-18j
F_px: (1.5627640889259026e-09-1.8724477495856567e-09j), F_py: (-1.8891689783709364e-09+2.2635345156389597e-09j)
Free_energy = -14136.128386980832
------------------------------------------
[{'stable': {'F_onsite': np.complex128(-0.006731553429487406j), 'F_swave': np.complex128(0.004632827406304749j)}, 'free': np.float64(-14136.128386853992)}, {'stable': {'F_onsite': np.complex128(0.004313329149952807-0.005168076133636336j), 'F_swave': np.complex128(-0.002968543548979953+0.003556802306012589j)}, 'free': np.float64(-14136.128386980832)}]
------------------------------------------
  Seed: s-wave
F_onsite: (-0.006731554639607681+0j)
F_swave: (0.004632828243750709+0j), F_dwave: (1.6479873021779667e-17+0j)
F_px: -2.0614558474683128e-17j, F_py: -2.5507311945599585e-17j
Free_energy = -14136.128387122399
------------------------------------------
[{'stable': {'F_onsite': np.complex128(-0.006731553429487406j), 'F_swave': np.complex128(0.004632827406304749j)}, 'free': np.float64(-14136.128386853992)}, {'stable': {'F_onsite': np.complex128(0.004313329149952807-0.005168076133636336j), 'F_swave': np.complex128(-0.002968543548979953+0.003556802306012589j)}, 'free': np.float64(-14136.128386980832)}, {'stable': {'F_onsite': np.complex128(-0.006731554639607681+0j), 'F_swave': np.complex128(0.004632828243750709+0j)}, 'free': np.float64(-14136.128387122399)}]
------------------------------------------
  Seed: s-wave+px
F_onsite: (-0.006731554639607714-6.365479699704343e-19j)
F_swave: (0.00463282824375074-2.9146536063918483e-19j), F_dwave: (9.75781955236954e-18-1.897684674094654e-19j)
F_px: (3.2031365407303447e-13-2.3777644197526702e-17j), F_py: (6.5052130349130266e-18-2.3974857290449145e-17j)
Free_energy = -14136.128387122399
------------------------------------------
[{'stable': {'F_onsite': np.complex128(-0.006731553429487406j), 'F_swave': np.complex128(0.004632827406304749j)}, 'free': np.float64(-14136.128386853992)}, {'stable': {'F_onsite': np.complex128(0.004313329149952807-0.005168076133636336j), 'F_swave': np.complex128(-0.002968543548979953+0.003556802306012589j)}, 'free': np.float64(-14136.128386980832)}, {'stable': {'F_onsite': np.complex128(-0.006731554639607681+0j), 'F_swave': np.complex128(0.004632828243750709+0j)}, 'free': np.float64(-14136.128387122399)}]
------------------------------------------
  Seed: s-wave+py
F_onsite: (-0.006731554639607583+3.829331506596362e-18j)
F_swave: (0.004632828243750634-2.045452218721127e-18j), F_dwave: (4.9873299934333204e-18+2.0202397536505106e-19j)
F_px: (-1.734723475976807e-17-2.102079679967527e-17j), F_py: (3.2033100130779424e-13-2.533985750239435e-17j)
Free_energy = -14136.128387122399
------------------------------------------
[{'stable': {'F_onsite': np.complex128(-0.006731553429487406j), 'F_swave': np.complex128(0.004632827406304749j)}, 'free': np.float64(-14136.128386853992)}, {'stable': {'F_onsite': np.complex128(0.004313329149952807-0.005168076133636336j), 'F_swave': np.complex128(-0.002968543548979953+0.003556802306012589j)}, 'free': np.float64(-14136.128386980832)}, {'stable': {'F_onsite': np.complex128(-0.006731554639607681+0j), 'F_swave': np.complex128(0.004632828243750709+0j)}, 'free': np.float64(-14136.128387122399)}]
------------------------------------------
====================================
mu=2.25, T=0.0218
====================================
  Seed: normal state
F_onsite: 0j
F_swave: 0j, F_dwave: 0j
F_px: 0j, F_py: 0j
Free_energy = -14135.528659588308
------------------------------------------
[{'stable': {}, 'free': np.float64(-14135.528659588308)}]
------------------------------------------
  Seed: px
==================================================
WARNING: Failed to converge after 5000 iterations
==================================================
F_onsite: -8.126596914122552e-09j
F_swave: 5.596134044660938e-09j, F_dwave: 3.9315894514645405e-21j
F_px: (3.7538128509096036e-20+0j), F_py: (-9.686155546796045e-20+0j)
Free_energy = -14135.528659588314
------------------------------------------
[{'stable': {}, 'free': np.float64(-14135.528659588308)}]
------------------------------------------
  Seed: py
==================================================
WARNING: Failed to converge after 5000 iterations
==================================================
F_onsite: -8.126596920313726e-09j
F_swave: 5.596134048921139e-09j, F_dwave: 2.3491929396505986e-21j
F_px: (-4.0081092546205016e-20+0j), F_py: (6.723903605666583e-20+0j)
Free_energy = -14135.528659588314
------------------------------------------
[{'stable': {}, 'free': np.float64(-14135.528659588308)}]
------------------------------------------
  Seed: px+py
==================================================
WARNING: Failed to converge after 5000 iterations
==================================================
F_onsite: -8.126596914715261e-09j
F_swave: 5.596134045066814e-09j, F_dwave: 6.145951951268996e-22j
F_px: (2.6371129074511015e-21+0j), F_py: (5.657448273135203e-20+0j)
Free_energy = -14135.528659588314
------------------------------------------
[{'stable': {}, 'free': np.float64(-14135.528659588308)}]
------------------------------------------
  Seed: px+i*py
==================================================
WARNING: Failed to converge after 5000 iterations
==================================================
F_onsite: (5.207220798389842e-09-6.23910501511688e-09j)
F_swave: (-3.5857943855186926e-09+4.2963700983625825e-09j), F_dwave: (-2.431249256415859e-20+3.066317171703446e-20j)
F_px: (-1.5233089327077478e-19-2.1687104017976535e-19j), F_py: (-2.6633395926859874e-19+8.248314196133771e-20j)
Free_energy = -14135.528659588314
------------------------------------------
[{'stable': {}, 'free': np.float64(-14135.528659588308)}]
------------------------------------------
  Seed: s-wave
==================================================
WARNING: Failed to converge after 5000 iterations
==================================================
F_onsite: (-8.126597182231773e-09+0j)
F_swave: (5.5961342292838405e-09+0j), F_dwave: (-6.95328022912075e-21+0j)
F_px: 5.701064036650832e-21j, F_py: 1.0189216490470261e-21j
Free_energy = -14135.528659588314
------------------------------------------
[{'stable': {}, 'free': np.float64(-14135.528659588308)}]
------------------------------------------
  Seed: s-wave+px
==================================================
WARNING: Failed to converge after 5000 iterations
==================================================
F_onsite: (-8.126597182525505e-09+0j)
F_swave: (5.596134229484971e-09+0j), F_dwave: (-3.3124447629685993e-21+0j)
F_px: -3.67539849163576e-20j, F_py: 2.0696332566147555e-22j
Free_energy = -14135.528659588314
------------------------------------------
[{'stable': {}, 'free': np.float64(-14135.528659588308)}]
------------------------------------------
  Seed: s-wave+py
==================================================
WARNING: Failed to converge after 5000 iterations
==================================================
F_onsite: (-8.126597182627231e-09+4.1274082157767647e-23j)
F_swave: (5.596134229556958e-09-2.891509694658822e-23j), F_dwave: (3.733272899604952e-21-6.798592607811933e-25j)
F_px: (6.617444900424222e-24-5.669151644393284e-20j), F_py: (4.549493369041652e-24+6.538659602344436e-20j)
Free_energy = -14135.528659588314
------------------------------------------
[{'stable': {}, 'free': np.float64(-14135.528659588308)}]
------------------------------------------
====================================
mu=2.25, T=0.0233
====================================
  Seed: normal state
F_onsite: 0j
F_swave: 0j, F_dwave: 0j
F_px: 0j, F_py: 0j
Free_energy = -14135.66593969275
------------------------------------------
[{'stable': {}, 'free': np.float64(-14135.66593969275)}]
------------------------------------------
  Seed: px
F_onsite: -5.83644940784357e-14j
F_swave: 4.0319862531203376e-14j, F_dwave: -2.9926450393483744e-20j
F_px: (1.5468180335027984e-20+0j), F_py: (7.973324866194745e-20+0j)
Free_energy = -14135.66593969275
------------------------------------------
[{'stable': {}, 'free': np.float64(-14135.66593969275)}]
------------------------------------------
  Seed: py
F_onsite: -5.836627306677469e-14j
F_swave: 4.0321085051636865e-14j, F_dwave: 7.156812720134874e-20j
F_px: (9.775439604082326e-20+0j), F_py: (1.0010252985513707e-19+0j)
Free_energy = -14135.66593969275
------------------------------------------
[{'stable': {}, 'free': np.float64(-14135.66593969275)}]
------------------------------------------
  Seed: px+py
F_onsite: -5.8365332877753e-14j
F_swave: 4.032044211779901e-14j, F_dwave: -2.0375108471805876e-20j
F_px: (4.950762097001965e-20+0j), F_py: (4.623349212675707e-19+0j)
Free_energy = -14135.66593969275
------------------------------------------
[{'stable': {}, 'free': np.float64(-14135.66593969275)}]
------------------------------------------
  Seed: px+i*py
F_onsite: (3.8726778685576744e-14-4.6401646565193384e-14j)
F_swave: (-2.675360893144075e-14+3.205563743112548e-14j), F_dwave: (-2.1178026904390336e-20-1.461681616895382e-20j)
F_px: (1.4804950039719995e-19-1.0557681077096817e-19j), F_py: (-1.124048734882829e-19-2.4279093667023703e-20j)
Free_energy = -14135.665939692753
------------------------------------------
[{'stable': {}, 'free': np.float64(-14135.66593969275)}]
------------------------------------------
  Seed: s-wave
F_onsite: (-5.454745681934499e-14+0j)
F_swave: (3.768290968216415e-14+0j), F_dwave: (-1.4745201739844332e-20+0j)
F_px: 3.020237921319803e-19j, F_py: 5.731066754645361e-20j
Free_energy = -14135.66593969275
------------------------------------------
[{'stable': {}, 'free': np.float64(-14135.66593969275)}]
------------------------------------------
  Seed: s-wave+px
F_onsite: (-5.4547247170854406e-14+0j)
F_swave: (3.7682734097931544e-14+0j), F_dwave: (-7.843963627051316e-21+0j)
F_px: 2.686260867556181e-20j, F_py: 1.9245655743276628e-19j
Free_energy = -14135.66593969275
------------------------------------------
[{'stable': {}, 'free': np.float64(-14135.66593969275)}]
------------------------------------------
  Seed: s-wave+py
F_onsite: (-5.454762890619815e-14+1.330504687890587e-28j)
F_swave: (3.76830126320934e-14-8.921875282198731e-29j), F_dwave: (4.4476887681707457e-20+4.843761958382508e-30j)
F_px: (6.310887241768095e-30-1.8701095437450013e-19j), F_py: (-8.519697776386927e-29-2.491147850846033e-19j)
Free_energy = -14135.66593969275
------------------------------------------
[{'stable': {}, 'free': np.float64(-14135.66593969275)}]
------------------------------------------
====================================
mu=2.25, T=0.0248
====================================
  Seed: normal state
F_onsite: 0j
F_swave: 0j, F_dwave: 0j
F_px: 0j, F_py: 0j
Free_energy = -14135.811158719629
------------------------------------------
[{'stable': {}, 'free': np.float64(-14135.811158719629)}]
------------------------------------------
  Seed: px
F_onsite: -3.163292634035412e-14j
F_swave: 2.1920444086906138e-14j, F_dwave: 4.8405656015113633e-20j
F_px: (1.079250026012814e-19+0j), F_py: (3.0822613160804897e-20+0j)
Free_energy = -14135.811158719629
------------------------------------------
[{'stable': {}, 'free': np.float64(-14135.811158719629)}]
------------------------------------------
  Seed: py
F_onsite: -3.16341838378517e-14j
F_swave: 2.192130041725046e-14j, F_dwave: -5.597894937865683e-20j
F_px: (-1.894610949285244e-19+0j), F_py: (3.753793345676802e-20+0j)
Free_energy = -14135.811158719629
------------------------------------------
[{'stable': {}, 'free': np.float64(-14135.811158719629)}]
------------------------------------------
  Seed: px+py
F_onsite: -3.163301743449682e-14j
F_swave: 2.1920498496381487e-14j, F_dwave: 8.607443162994226e-21j
F_px: (2.4011105081065725e-19+0j), F_py: (3.173909159170268e-20+0j)
Free_energy = -14135.811158719629
------------------------------------------
[{'stable': {}, 'free': np.float64(-14135.811158719629)}]
------------------------------------------
  Seed: px+i*py
F_onsite: (2.1000557550522022e-14-2.5162567233660113e-14j)
F_swave: (-1.455264362407132e-14+1.7436744159496377e-14j), F_dwave: (3.579491239922937e-20-3.023328865154158e-20j)
F_px: (3.057607766147994e-19+5.821533772217167e-20j), F_py: (-2.5706799834380982e-20-2.9938238620616133e-19j)
Free_energy = -14135.81115871963
------------------------------------------
[{'stable': {}, 'free': np.float64(-14135.811158719629)}]
------------------------------------------
  Seed: s-wave
F_onsite: (-3.04777546514481e-14+0j)
F_swave: (2.1119916151768093e-14+0j), F_dwave: (-8.473440140418907e-22+0j)
F_px: 3.3091705702067505e-19j, F_py: 1.9300805988517586e-19j
Free_energy = -14135.811158719629
------------------------------------------
[{'stable': {}, 'free': np.float64(-14135.811158719629)}]
------------------------------------------
  Seed: s-wave+px
F_onsite: (-3.047825951640831e-14+0j)
F_swave: (2.112026729501242e-14+0j), F_dwave: (-4.878058235515909e-20+0j)
F_px: 9.047466841696008e-20j, F_py: -1.694552704856761e-19j
Free_energy = -14135.811158719629
------------------------------------------
[{'stable': {}, 'free': np.float64(-14135.811158719629)}]
------------------------------------------
  Seed: s-wave+py
F_onsite: (-3.047834860503574e-14+6.987644889301859e-29j)
F_swave: (2.1120350954621533e-14-4.441329266853073e-29j), F_dwave: (2.1354659316318108e-22+3.193817775025963e-30j)
F_px: (4.733165431326071e-30-1.3277101893158603e-19j), F_py: (-5.837570698635487e-29+1.0291506146833601e-19j)
Free_energy = -14135.811158719629
------------------------------------------
[{'stable': {}, 'free': np.float64(-14135.811158719629)}]
------------------------------------------
====================================
mu=2.25, T=0.0262
====================================
  Seed: normal state
F_onsite: 0j
F_swave: 0j, F_dwave: 0j
F_px: 0j, F_py: 0j
Free_energy = -14135.964250742094
------------------------------------------
[{'stable': {}, 'free': np.float64(-14135.964250742094)}]
------------------------------------------
  Seed: px
F_onsite: -2.229774032848272e-14j
F_swave: 1.5497466146544067e-14j, F_dwave: -1.0944903869806121e-21j
F_px: (-1.3246405768526093e-19+0j), F_py: (2.555906295524261e-19+0j)
Free_energy = -14135.96425074209
------------------------------------------
[{'stable': {}, 'free': np.float64(-14135.964250742094)}]
------------------------------------------
  Seed: py
F_onsite: -2.2299078663347947e-14j
F_swave: 1.5498455567589865e-14j, F_dwave: 2.951633595192832e-20j
F_px: (-2.1114568908213712e-19+0j), F_py: (3.414984745423462e-20+0j)
Free_energy = -14135.964250742094
------------------------------------------
[{'stable': {}, 'free': np.float64(-14135.964250742094)}]
------------------------------------------
  Seed: px+py
F_onsite: -2.2298195940378988e-14j
F_swave: 1.5497778942074625e-14j, F_dwave: 3.1011563567218167e-20j
F_px: (-2.6052862569943985e-20+0j), F_py: (6.501438950915694e-20+0j)
Free_energy = -14135.96425074209
------------------------------------------
[{'stable': {}, 'free': np.float64(-14135.964250742094)}]
------------------------------------------
  Seed: px+i*py
F_onsite: (1.4181394632271262e-14-1.6991528149193692e-14j)
F_swave: (-9.856479520024636e-15+1.18096364367869e-14j), F_dwave: (1.8601921358499333e-20-5.578110853122233e-20j)
F_px: (2.93287931447406e-19+6.689399270014373e-20j), F_py: (5.4988323310421695e-21-5.448527132284311e-20j)
Free_energy = -14135.964250742094
------------------------------------------
[{'stable': {}, 'free': np.float64(-14135.964250742094)}]
------------------------------------------
  Seed: s-wave
F_onsite: (-2.148300285621965e-14+0j)
F_swave: (1.493132112722492e-14+0j), F_dwave: (-2.7468457838248876e-20+0j)
F_px: 2.6928032876134914e-19j, F_py: 6.710224870737198e-20j
Free_energy = -14135.964250742094
------------------------------------------
[{'stable': {}, 'free': np.float64(-14135.964250742094)}]
------------------------------------------
  Seed: s-wave+px
F_onsite: (-2.1483535547865415e-14+0j)
F_swave: (1.493164189133261e-14+0j), F_dwave: (-6.905104256349543e-20+0j)
F_px: -7.590433528306689e-20j, F_py: 3.0588986687736376e-20j
Free_energy = -14135.964250742094
------------------------------------------
[{'stable': {}, 'free': np.float64(-14135.964250742094)}]
------------------------------------------
  Seed: s-wave+py
F_onsite: (-2.148398225664173e-14+5.097767106035531e-29j)
F_swave: (1.493195322018528e-14-3.545634620204471e-29j), F_dwave: (-1.735010583992166e-20-2.3245974428753937e-31j)
F_px: (4.733165431326071e-30+1.9101407724865035e-19j), F_py: (-1.262177448353619e-29+1.174760192996849e-19j)
Free_energy = -14135.964250742094
------------------------------------------
[{'stable': {}, 'free': np.float64(-14135.964250742094)}]
------------------------------------------
====================================
mu=2.25, T=0.0277
====================================
  Seed: normal state
F_onsite: 0j
F_swave: 0j, F_dwave: 0j
F_px: 0j, F_py: 0j
Free_energy = -14136.125188552078
------------------------------------------
[{'stable': {}, 'free': np.float64(-14136.125188552078)}]
------------------------------------------
  Seed: px
F_onsite: -1.6841209969434256e-14j
F_swave: 1.1738680264794738e-14j, F_dwave: 7.307806348557042e-20j
F_px: (-1.5118662278114612e-20+0j), F_py: (2.673385532724196e-20+0j)
Free_energy = -14136.125188552078
------------------------------------------
[{'stable': {}, 'free': np.float64(-14136.125188552078)}]
------------------------------------------
  Seed: py
F_onsite: -1.6842135207672526e-14j
F_swave: 1.1739296068587724e-14j, F_dwave: -7.305347491124688e-21j
F_px: (-2.31989063451072e-19+0j), F_py: (-2.585534846150708e-20+0j)
Free_energy = -14136.125188552076
------------------------------------------
[{'stable': {}, 'free': np.float64(-14136.125188552078)}]
------------------------------------------
  Seed: px+py
F_onsite: -1.684167395958528e-14j
F_swave: 1.1738980573372953e-14j, F_dwave: 2.2107657162750037e-20j
F_px: (1.6824002853161455e-19+0j), F_py: (2.6637167771122276e-19+0j)
Free_energy = -14136.125188552078
------------------------------------------
[{'stable': {}, 'free': np.float64(-14136.125188552078)}]
------------------------------------------
  Seed: px+i*py
F_onsite: (1.1325240150478368e-14-1.3569707732771781e-14j)
F_swave: (-7.894099329008999e-15+9.458552037490033e-15j), F_dwave: (-3.0592873046419737e-20+3.092562688878297e-20j)
F_px: (2.6768706735271213e-19+1.8718036349707083e-19j), F_py: (1.6367839876590898e-19-1.6792133585522337e-19j)
Free_energy = -14136.125188552076
------------------------------------------
[{'stable': {}, 'free': np.float64(-14136.125188552078)}]
------------------------------------------
  Seed: s-wave
F_onsite: (-1.7153015115356482e-14+0j)
F_swave: (1.1956015442622374e-14+0j), F_dwave: (-2.2129770949462995e-20+0j)
F_px: -1.4979363266569648e-19j, F_py: -1.0962392598235715e-20j
Free_energy = -14136.125188552078
------------------------------------------
[{'stable': {}, 'free': np.float64(-14136.125188552078)}]
------------------------------------------
  Seed: s-wave+px
F_onsite: (-1.7152884637898253e-14+0j)
F_swave: (1.1955933624598405e-14+0j), F_dwave: (2.1224748896230466e-20+0j)
F_px: 6.738025132895992e-20j, F_py: -1.2908377929230052e-20j
Free_energy = -14136.125188552076
------------------------------------------
[{'stable': {}, 'free': np.float64(-14136.125188552078)}]
------------------------------------------
  Seed: s-wave+py
F_onsite: (-1.7153787916142253e-14+3.923325662878178e-29j)
F_swave: (1.1956557842462535e-14-2.747494343770158e-29j), F_dwave: (1.5697700183644707e-21+9.96307634355822e-32j)
F_px: (9.466330862652142e-30-2.621827443179198e-21j), F_py: (-7.888609052210118e-30+1.4896844493760615e-19j)
Free_energy = -14136.125188552078
------------------------------------------
[{'stable': {}, 'free': np.float64(-14136.125188552078)}]
------------------------------------------
====================================
mu=2.25, T=0.0292
====================================
  Seed: normal state
F_onsite: 0j
F_swave: 0j, F_dwave: 0j
F_px: 0j, F_py: 0j
Free_energy = -14136.293973030504
------------------------------------------
[{'stable': {}, 'free': np.float64(-14136.293973030504)}]
------------------------------------------
  Seed: px
F_onsite: -1.3727326850609944e-14j
F_swave: 9.59478419173958e-15j, F_dwave: 4.962969612894361e-20j
F_px: (-3.0171056426074856e-19+0j), F_py: (-3.6317545546511947e-20+0j)
Free_energy = -14136.293973030504
------------------------------------------
[{'stable': {}, 'free': np.float64(-14136.293973030504)}]
------------------------------------------
  Seed: py
F_onsite: -1.372801975111298e-14j
F_swave: 9.59526455710111e-15j, F_dwave: -9.24031620770825e-21j
F_px: (-7.440021967767867e-20+0j), F_py: (-2.70741404283215e-20+0j)
Free_energy = -14136.293973030504
------------------------------------------
[{'stable': {}, 'free': np.float64(-14136.293973030504)}]
------------------------------------------
  Seed: px+py
F_onsite: -1.3727754516984577e-14j
F_swave: 9.59510390785102e-15j, F_dwave: -1.3160202084073052e-20j
F_px: (1.604693680322671e-19+0j), F_py: (1.1964746684040176e-19+0j)
Free_energy = -14136.293973030504
------------------------------------------
[{'stable': {}, 'free': np.float64(-14136.293973030504)}]
------------------------------------------
  Seed: px+i*py
F_onsite: (9.233546291579452e-15-1.1063479227681011e-14j)
F_swave: (-6.453995949204539e-15+7.733050228313802e-15j), F_dwave: (-1.5474060514560057e-20-1.580607433972152e-20j)
F_px: (1.613523170838042e-19+6.944718345903052e-20j), F_py: (9.994722162139087e-20-2.0270250974498598e-19j)
Free_energy = -14136.293973030502
------------------------------------------
[{'stable': {}, 'free': np.float64(-14136.293973030504)}]
------------------------------------------
  Seed: s-wave
F_onsite: (-1.3981845813747622e-14+0j)
F_swave: (9.77282335656859e-15+0j), F_dwave: (-4.4085379748913794e-20+0j)
F_px: -2.378741069754407e-19j, F_py: -1.5760321851853957e-19j
Free_energy = -14136.293973030504
------------------------------------------
[{'stable': {}, 'free': np.float64(-14136.293973030504)}]
------------------------------------------
  Seed: s-wave+px
F_onsite: (-1.3981736633003295e-14+0j)
F_swave: (9.772747170622566e-15+0j), F_dwave: (4.5095851573539113e-20+0j)
F_px: 6.597296955708264e-20j, F_py: 1.5935975904262955e-20j
Free_energy = -14136.293973030504
------------------------------------------
[{'stable': {}, 'free': np.float64(-14136.293973030504)}]
------------------------------------------
  Seed: s-wave+py
F_onsite: (-1.3982561810107517e-14+3.554753382565252e-29j)
F_swave: (9.773335726033052e-15-2.436837028915636e-29j), F_dwave: (-1.5933039712097018e-20-5.813299166511347e-31j)
F_px: (1.1832913578315177e-29+3.154644105256565e-20j), F_py: (-5.5220263365470826e-30+2.1582320777680777e-19j)
Free_energy = -14136.293973030504
------------------------------------------
[{'stable': {}, 'free': np.float64(-14136.293973030504)}]
------------------------------------------
====================================
mu=2.25, T=0.0307
====================================
  Seed: normal state
F_onsite: 0j
F_swave: 0j, F_dwave: 0j
F_px: 0j, F_py: 0j
Free_energy = -14136.470624619142
------------------------------------------
[{'stable': {}, 'free': np.float64(-14136.470624619142)}]
------------------------------------------
  Seed: px
F_onsite: -1.1704588336050114e-14j
F_swave: 8.203262030283007e-15j, F_dwave: 1.1983140116263184e-20j
F_px: (-3.501329519806073e-19+0j), F_py: (1.0200839670138677e-20+0j)
Free_energy = -14136.470624619142
------------------------------------------
[{'stable': {}, 'free': np.float64(-14136.470624619142)}]
------------------------------------------
  Seed: py
F_onsite: -1.170549950436048e-14j
F_swave: 8.20388730263292e-15j, F_dwave: 4.755556230253543e-20j
F_px: (1.1811011236690272e-19+0j), F_py: (-1.0150820703078657e-19+0j)
Free_energy = -14136.470624619142
------------------------------------------
[{'stable': {}, 'free': np.float64(-14136.470624619142)}]
------------------------------------------
  Seed: px+py
F_onsite: -1.1705086488325076e-14j
F_swave: 8.20359201509635e-15j, F_dwave: -2.5529275832925468e-20j
F_px: (-2.9852284176162983e-21+0j), F_py: (5.86831335784665e-20+0j)
Free_energy = -14136.470624619142
------------------------------------------
[{'stable': {}, 'free': np.float64(-14136.470624619142)}]
------------------------------------------
  Seed: px+i*py
F_onsite: (7.874984304153914e-15-9.435685219838273e-15j)
F_swave: (-5.5191691459917515e-15+6.61299208565602e-15j), F_dwave: (-2.191741148921304e-20-5.207295726292041e-21j)
F_px: (1.0793876169140393e-19-8.975327659728608e-20j), F_py: (1.0214320769239404e-19-1.3961537416708963e-19j)
Free_energy = -14136.470624619142
------------------------------------------
[{'stable': {}, 'free': np.float64(-14136.470624619142)}]
------------------------------------------
  Seed: s-wave
F_onsite: (-1.1922240023074559e-14+0j)
F_swave: (8.35566872007774e-15+0j), F_dwave: (-2.9515210514840415e-20+0j)
F_px: -2.732192524507699e-19j, F_py: -2.0813587368400999e-19j
Free_energy = -14136.470624619142
------------------------------------------
[{'stable': {}, 'free': np.float64(-14136.470624619142)}]
------------------------------------------
  Seed: s-wave+px
F_onsite: (-1.1922049823934087e-14+0j)
F_swave: (8.355517103482846e-15+0j), F_dwave: (1.4159510559746024e-20+0j)
F_px: -8.312242175810099e-20j, F_py: -2.933843262103197e-21j
Free_energy = -14136.470624619142
------------------------------------------
[{'stable': {}, 'free': np.float64(-14136.470624619142)}]
------------------------------------------
  Seed: s-wave+py
F_onsite: (-1.1922736260392817e-14+3.0400186528155826e-29j)
F_swave: (8.356035092728926e-15-2.2030495966726847e-29j), F_dwave: (2.0948643017026067e-20-1.2455951915324448e-30j)
F_px: (7.888609052210118e-30-2.2412396615798928e-20j), F_py: (-1.0255191767873153e-29+1.9416666036483717e-19j)
Free_energy = -14136.470624619142
------------------------------------------
[{'stable': {}, 'free': np.float64(-14136.470624619142)}]
------------------------------------------
====================================
mu=2.25, T=0.0322
====================================
  Seed: normal state
F_onsite: 0j
F_swave: 0j, F_dwave: 0j
F_px: 0j, F_py: 0j
Free_energy = -14136.655176670876
------------------------------------------
[{'stable': {}, 'free': np.float64(-14136.655176670876)}]
------------------------------------------
  Seed: px
F_onsite: -9.771216772167338e-15j
F_swave: 6.866085083688176e-15j, F_dwave: 1.9211783023741168e-20j
F_px: (-3.0884132785380867e-19+0j), F_py: (1.7713778829949587e-19+0j)
Free_energy = -14136.655176670876
------------------------------------------
[{'stable': {}, 'free': np.float64(-14136.655176670876)}]
------------------------------------------
  Seed: py
F_onsite: -9.771976131132216e-15j
F_swave: 6.866648028376354e-15j, F_dwave: -4.4322561354748926e-21j
F_px: (8.918355646983111e-21+0j), F_py: (9.029091495121547e-20+0j)
Free_energy = -14136.655176670876
------------------------------------------
[{'stable': {}, 'free': np.float64(-14136.655176670876)}]
------------------------------------------
  Seed: px+py
F_onsite: -9.771495565931315e-15j
F_swave: 6.866294662138457e-15j, F_dwave: -2.408127374530801e-20j
F_px: (1.9334808942855463e-19+0j), F_py: (3.242605428492257e-20+0j)
Free_energy = -14136.655176670876
------------------------------------------
[{'stable': {}, 'free': np.float64(-14136.655176670876)}]
------------------------------------------
  Seed: px+i*py
F_onsite: (6.575458736009924e-15-7.878713309487098e-15j)
F_swave: (-4.620497514346946e-15+5.5363154224587856e-15j), F_dwave: (-3.075541395809753e-20-7.355165637772218e-21j)
F_px: (-1.936760136395608e-20+7.132794987334906e-21j), F_py: (1.7356933050628176e-19+1.5584529546582593e-20j)
Free_energy = -14136.655176670876
------------------------------------------
[{'stable': {}, 'free': np.float64(-14136.655176670876)}]
------------------------------------------
  Seed: s-wave
F_onsite: (-9.952458628338364e-15+0j)
F_swave: (6.99352609356431e-15+0j), F_dwave: (2.1665197024760107e-20+0j)
F_px: -1.9697168194032211e-19j, F_py: -2.9337905784445025e-19j
Free_energy = -14136.655176670876
------------------------------------------
[{'stable': {}, 'free': np.float64(-14136.655176670876)}]
------------------------------------------
  Seed: s-wave+px
F_onsite: (-9.952508127523481e-15+0j)
F_swave: (6.9935778362111965e-15+0j), F_dwave: (-3.5134738733197633e-20+0j)
F_px: 4.6798693965476875e-20j, F_py: 2.7957494322959016e-20j
Free_energy = -14136.655176670876
------------------------------------------
[{'stable': {}, 'free': np.float64(-14136.655176670876)}]
------------------------------------------
  Seed: s-wave+py
F_onsite: (-9.952604387463152e-15+2.7002703824767777e-29j)
F_swave: (6.993610428449169e-15-1.943661740643966e-29j), F_dwave: (-1.766659066876785e-20-1.0216697243109714e-30j)
F_px: (3.549874073494553e-30-1.4677485266806287e-20j), F_py: (-2.7610131682735413e-30+6.030825365352451e-20j)
Free_energy = -14136.655176670876
------------------------------------------
[{'stable': {}, 'free': np.float64(-14136.655176670876)}]
------------------------------------------
====================================
mu=2.25, T=0.0337
====================================
  Seed: normal state
F_onsite: 0j
F_swave: 0j, F_dwave: 0j
F_px: 0j, F_py: 0j
Free_energy = -14136.847670394738
------------------------------------------
[{'stable': {}, 'free': np.float64(-14136.847670394738)}]
------------------------------------------
  Seed: px
F_onsite: -7.992479674659056e-15j
F_swave: 5.630497786904001e-15j, F_dwave: -2.633839466410445e-21j
F_px: (-2.6035772775707993e-19+0j), F_py: (1.5061356695592302e-19+0j)
Free_energy = -14136.847670394738
------------------------------------------
[{'stable': {}, 'free': np.float64(-14136.847670394738)}]
------------------------------------------
  Seed: py
F_onsite: -7.993247688694386e-15j
F_swave: 5.631019685548006e-15j, F_dwave: 2.553661141892868e-20j
F_px: (2.8393612519184513e-19+0j), F_py: (1.4948818605393702e-19+0j)
Free_energy = -14136.847670394738
------------------------------------------
[{'stable': {}, 'free': np.float64(-14136.847670394738)}]
------------------------------------------
  Seed: px+py
F_onsite: -7.992672381474653e-15j
F_swave: 5.630616418979216e-15j, F_dwave: -9.222612987675885e-21j
F_px: (2.6300490664105394e-20+0j), F_py: (-1.8416445303361055e-19+0j)
Free_energy = -14136.847670394738
------------------------------------------
[{'stable': {}, 'free': np.float64(-14136.847670394738)}]
------------------------------------------
  Seed: px+i*py
F_onsite: (5.379787367010962e-15-6.446144008063781e-15j)
F_swave: (-3.78990448020233e-15+4.541105226137381e-15j), F_dwave: (7.880280835430116e-21-2.787645817754338e-20j)
F_px: (-5.926966492420934e-20+4.825474930867137e-20j), F_py: (3.0368998147887834e-19+1.6936051275118471e-19j)
Free_energy = -14136.847670394738
------------------------------------------
[{'stable': {}, 'free': np.float64(-14136.847670394738)}]
------------------------------------------
  Seed: s-wave
F_onsite: (-8.141301581603102e-15+0j)
F_swave: (5.735296262104745e-15+0j), F_dwave: (-2.5374246128790418e-20+0j)
F_px: -1.809904907953247e-19j, F_py: -3.1757145538008345e-19j
Free_energy = -14136.847670394738
------------------------------------------
[{'stable': {}, 'free': np.float64(-14136.847670394738)}]
------------------------------------------
  Seed: s-wave+px
F_onsite: (-8.141583756342605e-15+0j)
F_swave: (5.7354977521290715e-15+0j), F_dwave: (-3.118183728101686e-20+0j)
F_px: 7.15056390169135e-20j, F_py: 7.972669062050741e-21j
Free_energy = -14136.847670394738
------------------------------------------
[{'stable': {}, 'free': np.float64(-14136.847670394738)}]
------------------------------------------
  Seed: s-wave+py
F_onsite: (-8.141318544034208e-15+2.2168837182457607e-29j)
F_swave: (5.735332989889792e-15-1.6119058632486818e-29j), F_dwave: (1.321230858604458e-20-5.593141299743581e-31j)
F_px: (6.310887241768095e-30+6.041704845409813e-20j), F_py: (-3.944304526105059e-30-6.641396660466154e-20j)
Free_energy = -14136.847670394738
------------------------------------------
[{'stable': {}, 'free': np.float64(-14136.847670394738)}]
------------------------------------------
====================================
mu=2.25, T=0.0352
====================================
  Seed: normal state
F_onsite: 0j
F_swave: 0j, F_dwave: 0j
F_px: 0j, F_py: 0j
Free_energy = -14137.048151106797
------------------------------------------
[{'stable': {}, 'free': np.float64(-14137.048151106797)}]
------------------------------------------
  Seed: px
F_onsite: -6.410472794585658e-15j
F_swave: 4.52698168266959e-15j, F_dwave: 9.758236406209159e-21j
F_px: (-6.912767510950591e-20+0j), F_py: (1.462381965048936e-19+0j)
Free_energy = -14137.048151106797
------------------------------------------
[{'stable': {}, 'free': np.float64(-14137.048151106797)}]
------------------------------------------
  Seed: py
F_onsite: -6.410867207889235e-15j
F_swave: 4.527254547561739e-15j, F_dwave: 1.7232317572024246e-20j
F_px: (2.3430981078082894e-19+0j), F_py: (8.410351119315877e-20+0j)
Free_energy = -14137.048151106797
------------------------------------------
[{'stable': {}, 'free': np.float64(-14137.048151106797)}]
------------------------------------------
  Seed: px+py
F_onsite: -6.410370784191232e-15j
F_swave: 4.5269247832813716e-15j, F_dwave: -3.312448384589572e-20j
F_px: (6.095913067872267e-20+0j), F_py: (-2.423505583690943e-19+0j)
Free_energy = -14137.048151106797
------------------------------------------
[{'stable': {}, 'free': np.float64(-14137.048151106797)}]
------------------------------------------
  Seed: px+i*py
F_onsite: (4.3163155252243385e-15-5.171777049211619e-15j)
F_swave: (-3.048278512391843e-15+3.6524055728047955e-15j), F_dwave: (2.518176731595266e-20+7.176997772976243e-21j)
F_px: (-5.1190437204713063e-20+1.4761141589670745e-19j), F_py: (3.9737465851754215e-19+1.0441488978640443e-19j)
Free_energy = -14137.048151106797
------------------------------------------
[{'stable': {}, 'free': np.float64(-14137.048151106797)}]
------------------------------------------
  Seed: s-wave
F_onsite: (-6.530156356595471e-15+0j)
F_swave: (4.6115313458290786e-15+0j), F_dwave: (-3.863950861789623e-20+0j)
F_px: -5.634947764116617e-20j, F_py: -2.138224288614153e-19j
Free_energy = -14137.048151106797
------------------------------------------
[{'stable': {}, 'free': np.float64(-14137.048151106797)}]
------------------------------------------
  Seed: s-wave+px
F_onsite: (-6.5302635246314315e-15+0j)
F_swave: (4.611609405219475e-15+0j), F_dwave: (1.6265012493417229e-21+0j)
F_px: 3.6993364599414806e-22j, F_py: 1.3648080104920812e-19j
Free_energy = -14137.048151106797
------------------------------------------
[{'stable': {}, 'free': np.float64(-14137.048151106797)}]
------------------------------------------
  Seed: s-wave+py
F_onsite: (-6.5301578848042e-15+1.8391370453872304e-29j)
F_swave: (4.611516389594284e-15-1.2750920123369505e-29j), F_dwave: (9.992540058529857e-21+1.0485484840973257e-31j)
F_px: (7.888609052210118e-30+1.1352082032868166e-19j), F_py: (-4.733165431326071e-30+5.24506349436944e-20j)
Free_energy = -14137.048151106797
------------------------------------------
[{'stable': {}, 'free': np.float64(-14137.048151106797)}]
------------------------------------------
====================================
mu=2.25, T=0.0366
====================================
  Seed: normal state
F_onsite: 0j
F_swave: 0j, F_dwave: 0j
F_px: 0j, F_py: 0j
Free_energy = -14137.25666552366
------------------------------------------
[{'stable': {}, 'free': np.float64(-14137.25666552366)}]
------------------------------------------
  Seed: px
F_onsite: -5.045576607307095e-15j
F_swave: 3.571541298194651e-15j, F_dwave: -1.60754312567131e-20j
F_px: (-3.966925412322321e-20+0j), F_py: (1.0044200920376286e-19+0j)
Free_energy = -14137.25666552366
------------------------------------------
[{'stable': {}, 'free': np.float64(-14137.25666552366)}]
------------------------------------------
  Seed: py
F_onsite: -5.04604477893017e-15j
F_swave: 3.571886398748598e-15j, F_dwave: 1.5369358084153678e-20j
F_px: (2.0345304303753085e-19+0j), F_py: (1.8551721740774967e-20+0j)
Free_energy = -14137.25666552366
------------------------------------------
[{'stable': {}, 'free': np.float64(-14137.25666552366)}]
------------------------------------------
  Seed: px+py
F_onsite: -5.045359271003365e-15j
F_swave: 3.57141876733294e-15j, F_dwave: 4.436051897098114e-22j
F_px: (6.863995723573936e-20+0j), F_py: (-2.768388722180825e-19+0j)
Free_energy = -14137.25666552366
------------------------------------------
[{'stable': {}, 'free': np.float64(-14137.25666552366)}]
------------------------------------------
  Seed: px+i*py
F_onsite: (3.3988101642629113e-15-4.07234519411932e-15j)
F_swave: (-2.4059043985386027e-15+2.8826755286097145e-15j), F_dwave: (8.764783039387682e-21+2.1196052508603268e-20j)
F_px: (-7.36161937979587e-20+1.8120274566402146e-19j), F_py: (4.2773301182035393e-19+2.0557696581856333e-19j)
Free_energy = -14137.256665523662
------------------------------------------
[{'stable': {}, 'free': np.float64(-14137.25666552366)}]
------------------------------------------
  Seed: s-wave
F_onsite: (-5.139782885817602e-15+0j)
F_swave: (3.638233156617328e-15+0j), F_dwave: (-1.4531129764134982e-20+0j)
F_px: 1.9176422309337577e-20j, F_py: -1.1836578113304172e-19j
Free_energy = -14137.25666552366
------------------------------------------
[{'stable': {}, 'free': np.float64(-14137.25666552366)}]
------------------------------------------
  Seed: s-wave+px
F_onsite: (-5.139564042811659e-15+0j)
F_swave: (3.6380454235014554e-15+0j), F_dwave: (2.041344820318868e-20+0j)
F_px: 6.781912004477833e-20j, F_py: 2.1815904891133673e-19j
Free_energy = -14137.25666552366
------------------------------------------
[{'stable': {}, 'free': np.float64(-14137.25666552366)}]
------------------------------------------
  Seed: s-wave+py
F_onsite: (-5.139595671135283e-15+1.3852764381980865e-29j)
F_swave: (3.638084016378484e-15-9.48805775983726e-30j), F_dwave: (4.1690425067037415e-20+4.765111794278594e-31j)
F_px: (4.733165431326071e-30+6.884713567961168e-20j), F_py: (-3.1554436208840472e-30+4.950263722620263e-20j)
Free_energy = -14137.25666552366
------------------------------------------
[{'stable': {}, 'free': np.float64(-14137.25666552366)}]
------------------------------------------
====================================
mu=2.25, T=0.0381
====================================
  Seed: normal state
F_onsite: 0j
F_swave: 0j, F_dwave: 0j
F_px: 0j, F_py: 0j
Free_energy = -14137.473259867762
------------------------------------------
[{'stable': {}, 'free': np.float64(-14137.473259867762)}]
------------------------------------------
  Seed: px
F_onsite: -3.898942199213673e-15j
F_swave: 2.7665411859535853e-15j, F_dwave: 6.373200438311194e-21j
F_px: (-1.860736943605302e-20+0j), F_py: (-1.5272132662580957e-19+0j)
Free_energy = -14137.473259867762
------------------------------------------
[{'stable': {}, 'free': np.float64(-14137.473259867762)}]
------------------------------------------
  Seed: py
F_onsite: -3.899311898804213e-15j
F_swave: 2.7668007344537633e-15j, F_dwave: -1.390437851315387e-20j
F_px: (1.5775312442122233e-19+0j), F_py: (-1.9709435313104598e-19+0j)
Free_energy = -14137.473259867762
------------------------------------------
[{'stable': {}, 'free': np.float64(-14137.473259867762)}]
------------------------------------------
  Seed: px+py
F_onsite: -3.898729026468756e-15j
F_swave: 2.76638097397741e-15j, F_dwave: 8.016806683103632e-21j
F_px: (1.4234651259994116e-19+0j), F_py: (-2.0805301823294824e-19+0j)
Free_energy = -14137.473259867762
------------------------------------------
[{'stable': {}, 'free': np.float64(-14137.473259867762)}]
------------------------------------------
  Seed: px+i*py
F_onsite: (2.627432169845241e-15-3.148346117294298e-15j)
F_swave: (-1.8644111517854526e-15+2.2340484696907046e-15j), F_dwave: (2.0812535184281037e-20-9.729856659855137e-21j)
F_px: (-6.846445231783458e-21+1.2451521566083112e-19j), F_py: (2.991912468821975e-19+2.559116576378329e-19j)
Free_energy = -14137.473259867762
------------------------------------------
[{'stable': {}, 'free': np.float64(-14137.473259867762)}]
------------------------------------------
  Seed: s-wave
F_onsite: (-3.971447089125299e-15+0j)
F_swave: (2.818140565197502e-15+0j), F_dwave: (-1.465508929878255e-20+0j)
F_px: -1.7173055319880398e-19j, F_py: 4.518745196205086e-20j
Free_energy = -14137.473259867762
------------------------------------------
[{'stable': {}, 'free': np.float64(-14137.473259867762)}]
------------------------------------------
  Seed: s-wave+px
F_onsite: (-3.971443994830017e-15+0j)
F_swave: (2.81814412420882e-15+0j), F_dwave: (3.77844621470431e-21+0j)
F_px: -9.405037525510888e-20j, F_py: 2.508506054039522e-20j
Free_energy = -14137.473259867762
------------------------------------------
[{'stable': {}, 'free': np.float64(-14137.473259867762)}]
------------------------------------------
  Seed: s-wave+py
F_onsite: (-3.971308879928996e-15+1.0436664194976141e-29j)
F_swave: (2.8180422322671803e-15-7.20660114771614e-30j), F_dwave: (-1.1843961010172566e-20+2.8719226589459413e-31j)
F_px: (3.944304526105059e-30+1.5527649535801184e-19j), F_py: (-2.9582283945787943e-30+1.421566816599024e-19j)
Free_energy = -14137.473259867762
------------------------------------------
[{'stable': {}, 'free': np.float64(-14137.473259867762)}]
------------------------------------------
====================================
mu=2.25, T=0.0396
====================================
  Seed: normal state
F_onsite: 0j
F_swave: 0j, F_dwave: 0j
F_px: 0j, F_py: 0j
Free_energy = -14137.697978594855
------------------------------------------
[{'stable': {}, 'free': np.float64(-14137.697978594855)}]
------------------------------------------
  Seed: px
F_onsite: -2.9600342253910992e-15j
F_swave: 2.104983364130469e-15j, F_dwave: 3.15452205391221e-20j
F_px: (1.2101750234090988e-19+0j), F_py: (-1.8602749198156913e-19+0j)
Free_energy = -14137.697978594855
------------------------------------------
[{'stable': {}, 'free': np.float64(-14137.697978594855)}]
------------------------------------------
  Seed: py
F_onsite: -2.9603390981995935e-15j
F_swave: 2.105192363957822e-15j, F_dwave: 3.696843543407207e-21j
F_px: (9.092522931153183e-20+0j), F_py: (-3.240995878009466e-19+0j)
Free_energy = -14137.697978594855
------------------------------------------
[{'stable': {}, 'free': np.float64(-14137.697978594855)}]
------------------------------------------
  Seed: px+py
F_onsite: -2.959754297561551e-15j
F_swave: 2.104775191351009e-15j, F_dwave: 1.7091004292586088e-22j
F_px: (8.548837084775222e-20+0j), F_py: (-1.3236665725076933e-19+0j)
Free_energy = -14137.697978594855
------------------------------------------
[{'stable': {}, 'free': np.float64(-14137.697978594855)}]
------------------------------------------
  Seed: px+i*py
F_onsite: (1.9958882766237618e-15-2.391578099869462e-15j)
F_swave: (-1.4194879304625272e-15+1.7008689761205818e-15j), F_dwave: (2.4190773910199667e-20+2.7656308126673878e-21j)
F_px: (4.606366675672454e-20+1.200121795120317e-19j), F_py: (2.657657748133393e-19+1.6995378909384538e-19j)
Free_energy = -14137.697978594855
------------------------------------------
[{'stable': {}, 'free': np.float64(-14137.697978594855)}]
------------------------------------------
  Seed: s-wave
F_onsite: (-3.0150878762933432e-15+0j)
F_swave: (2.144124361873204e-15+0j), F_dwave: (6.726162669717422e-21+0j)
F_px: -1.707631566544557e-19j, F_py: 6.048067916970291e-20j
Free_energy = -14137.697978594855
------------------------------------------
[{'stable': {}, 'free': np.float64(-14137.697978594855)}]
------------------------------------------
  Seed: s-wave+px
F_onsite: (-3.015386697754469e-15+0j)
F_swave: (2.1443520762805996e-15+0j), F_dwave: (-4.009181954798891e-20+0j)
F_px: -1.8133902717690838e-20j, F_py: 2.963548491613514e-20j
Free_energy = -14137.697978594855
------------------------------------------
[{'stable': {}, 'free': np.float64(-14137.697978594855)}]
------------------------------------------
  Seed: s-wave+py
F_onsite: (-3.014992161836773e-15+8.487584534407638e-30j)
F_swave: (2.1440442968102323e-15-5.8850039457533145e-30j), F_dwave: (1.2978425575855004e-21-5.417881674804343e-32j)
F_px: (4.141519752410312e-30+1.230519583379225e-19j), F_py: (-2.1693674893577825e-30+1.5682458684430876e-19j)
Free_energy = -14137.697978594855
------------------------------------------
[{'stable': {}, 'free': np.float64(-14137.697978594855)}]
------------------------------------------
====================================
mu=2.25, T=0.0411
====================================
  Seed: normal state
F_onsite: 0j
F_swave: 0j, F_dwave: 0j
F_px: 0j, F_py: 0j
Free_energy = -14137.930863588514
------------------------------------------
[{'stable': {}, 'free': np.float64(-14137.930863588514)}]
------------------------------------------
  Seed: px
F_onsite: -2.2090172056203104e-15j
F_swave: 1.5742995632524201e-15j, F_dwave: 2.4826789873592768e-21j
F_px: (2.1831434329278823e-19+0j), F_py: (-9.665533773777603e-20+0j)
Free_energy = -14137.930863588514
------------------------------------------
[{'stable': {}, 'free': np.float64(-14137.930863588514)}]
------------------------------------------
  Seed: py
F_onsite: -2.209546551552636e-15j
F_swave: 1.5746820064207296e-15j, F_dwave: 4.0771449733029556e-21j
F_px: (1.2024834389007719e-20+0j), F_py: (-2.961191283748377e-19+0j)
Free_energy = -14137.930863588514
------------------------------------------
[{'stable': {}, 'free': np.float64(-14137.930863588514)}]
------------------------------------------
  Seed: px+py
F_onsite: -2.208651467620828e-15j
F_swave: 1.5740082361714415e-15j, F_dwave: 2.1315317969821667e-20j
F_px: (5.221581279737907e-20+0j), F_py: (1.5151037118000157e-20+0j)
Free_energy = -14137.930863588514
------------------------------------------
[{'stable': {}, 'free': np.float64(-14137.930863588514)}]
------------------------------------------
  Seed: px+i*py
F_onsite: (1.4908297522841935e-15-1.78612959119923e-15j)
F_swave: (-1.0625363735889763e-15+1.2730114746952323e-15j), F_dwave: (3.057146777291013e-20-2.1744736139713665e-20j)
F_px: (2.9776590953535703e-20+1.5428614397386974e-19j), F_py: (1.180395962429907e-19+6.882129494163688e-21j)
Free_energy = -14137.930863588514
------------------------------------------
[{'stable': {}, 'free': np.float64(-14137.930863588514)}]
------------------------------------------
  Seed: s-wave
F_onsite: (-2.2501619838193978e-15+0j)
F_swave: (1.6034347530524324e-15+0j), F_dwave: (-2.2081076913532364e-20+0j)
F_px: -1.470594016910458e-19j, F_py: 1.3493906731564119e-19j
Free_energy = -14137.930863588514
------------------------------------------
[{'stable': {}, 'free': np.float64(-14137.930863588514)}]
------------------------------------------
  Seed: s-wave+px
F_onsite: (-2.2504967098530833e-15+0j)
F_swave: (1.6037238944807426e-15+0j), F_dwave: (-7.663767974393656e-21+0j)
F_px: 1.7286309376825574e-20j, F_py: 1.9391375047957853e-19j
Free_energy = -14137.930863588514
------------------------------------------
[{'stable': {}, 'free': np.float64(-14137.930863588514)}]
------------------------------------------
  Seed: s-wave+py
F_onsite: (-2.2499304591386437e-15+6.2087095579656654e-30j)
F_swave: (1.603311337235462e-15-4.320414570119581e-30j), F_dwave: (-4.47165530034809e-21+8.90983340522145e-32j)
F_px: (2.7610131682735413e-30+8.426531978484123e-20j), F_py: (-1.9721522630525295e-30+2.232228958773073e-19j)
Free_energy = -14137.930863588514
------------------------------------------
[{'stable': {}, 'free': np.float64(-14137.930863588514)}]
------------------------------------------
====================================
mu=2.25, T=0.0426
====================================
  Seed: normal state
F_onsite: 0j
F_swave: 0j, F_dwave: 0j
F_px: 0j, F_py: 0j
Free_energy = -14138.171953697956
------------------------------------------
[{'stable': {}, 'free': np.float64(-14138.171953697956)}]
------------------------------------------
  Seed: px
F_onsite: -1.6209238251395984e-15j
F_swave: 1.1570158698306998e-15j, F_dwave: -7.723163414163451e-21j
F_px: (1.709550168594631e-19+0j), F_py: (-1.473621666930312e-20+0j)
Free_energy = -14138.171953697956
------------------------------------------
[{'stable': {}, 'free': np.float64(-14138.171953697956)}]
------------------------------------------
  Seed: py
F_onsite: -1.6214442785779404e-15j
F_swave: 1.1573779952673068e-15j, F_dwave: 2.4430644047183986e-20j
F_px: (3.375286031638549e-20+0j), F_py: (-1.1695900684343742e-19+0j)
Free_energy = -14138.171953697956
------------------------------------------
[{'stable': {}, 'free': np.float64(-14138.171953697956)}]
------------------------------------------
  Seed: px+py
F_onsite: -1.620575844572635e-15j
F_swave: 1.156762291833758e-15j, F_dwave: 3.013834666872839e-20j
F_px: (5.95266020716236e-20+0j), F_py: (-2.0490700622420765e-19+0j)
Free_energy = -14138.171953697956
------------------------------------------
[{'stable': {}, 'free': np.float64(-14138.171953697956)}]
------------------------------------------
  Seed: px+i*py
F_onsite: (1.0957200077622408e-15-1.312900807749846e-15j)
F_swave: (-7.820911122798691e-16+9.37089623743658e-16j), F_dwave: (1.817427795867674e-20-2.7887435402555142e-21j)
F_px: (9.629401188152546e-21+1.541379954525294e-19j), F_py: (1.2154887618683845e-19-4.6676392762108167e-20j)
Free_energy = -14138.171953697956
------------------------------------------
[{'stable': {}, 'free': np.float64(-14138.171953697956)}]
------------------------------------------
  Seed: s-wave
F_onsite: (-1.6513872074985579e-15+0j)
F_swave: (1.1786774670792785e-15+0j), F_dwave: (-2.133099387816851e-20+0j)
F_px: -2.4355199985416977e-19j, F_py: 3.377965333381388e-20j
Free_energy = -14138.171953697956
------------------------------------------
[{'stable': {}, 'free': np.float64(-14138.171953697956)}]
------------------------------------------
  Seed: s-wave+px
F_onsite: (-1.6519319702396615e-15+0j)
F_swave: (1.1790564000156596e-15+0j), F_dwave: (-1.0717564678452356e-20+0j)
F_px: -7.148153183330371e-20j, F_py: 7.201583759083629e-20j
Free_energy = -14138.171953697956
------------------------------------------
[{'stable': {}, 'free': np.float64(-14138.171953697956)}]
------------------------------------------
  Seed: s-wave+py
F_onsite: (-1.6511958492178009e-15+4.6449682110534335e-30j)
F_swave: (1.1785509077171863e-15-3.3361379793851034e-30j), F_dwave: (1.610170968173337e-20-6.986912726372319e-32j)
F_px: (1.67632942359465e-30+6.295893855137328e-20j), F_py: (-9.860761315262648e-31+8.103959592942179e-20j)
Free_energy = -14138.171953697956
------------------------------------------
[{'stable': {}, 'free': np.float64(-14138.171953697956)}]
------------------------------------------
====================================
mu=2.25, T=0.0441
====================================
  Seed: normal state
F_onsite: 0j
F_swave: 0j, F_dwave: 0j
F_px: 0j, F_py: 0j
Free_energy = -14138.421284525224
------------------------------------------
[{'stable': {}, 'free': np.float64(-14138.421284525224)}]
------------------------------------------
  Seed: px
F_onsite: -1.169324022838512e-15j
F_swave: 8.359419757527624e-16j, F_dwave: 5.414929081465077e-21j
F_px: (2.2291458084602226e-19+0j), F_py: (-9.855183820944928e-20+0j)
Free_energy = -14138.421284525224
------------------------------------------
[{'stable': {}, 'free': np.float64(-14138.421284525224)}]
------------------------------------------
  Seed: py
F_onsite: -1.1697557822460105e-15j
F_swave: 8.36252666758938e-16j, F_dwave: -1.7478258423061092e-20j
F_px: (-2.0035347626889984e-20+0j), F_py: (-4.979092495277416e-20+0j)
Free_energy = -14138.421284525222
------------------------------------------
[{'stable': {}, 'free': np.float64(-14138.421284525224)}]
------------------------------------------
  Seed: px+py
F_onsite: -1.1689980863212462e-15j
F_swave: 8.357368117351421e-16j, F_dwave: 9.641601273193499e-21j
F_px: (-1.0994059709352944e-19+0j), F_py: (-1.0745325734386775e-19+0j)
Free_energy = -14138.421284525222
------------------------------------------
[{'stable': {}, 'free': np.float64(-14138.421284525224)}]
------------------------------------------
  Seed: px+i*py
F_onsite: (7.916330336476267e-16-9.486707631279756e-16j)
F_swave: (-5.660629283984371e-16+6.7833904792176e-16j), F_dwave: (-2.9244497991807084e-20+2.2330639064105868e-20j)
F_px: (4.7908459957886567e-20+7.025748630899569e-20j), F_py: (1.3505595635633057e-19+1.0025216316294648e-19j)
Free_energy = -14138.421284525222
------------------------------------------
[{'stable': {}, 'free': np.float64(-14138.421284525224)}]
------------------------------------------
  Seed: s-wave
F_onsite: (-1.1916145938726154e-15+0j)
F_swave: (8.519059294973642e-16+0j), F_dwave: (-7.262676476200298e-20+0j)
F_px: -1.518917489557507e-19j, F_py: 1.0052216916912864e-19j
Free_energy = -14138.421284525224
------------------------------------------
[{'stable': {}, 'free': np.float64(-14138.421284525224)}]
------------------------------------------
  Seed: s-wave+px
F_onsite: (-1.1920142653710384e-15+0j)
F_swave: (8.521927453101455e-16+0j), F_dwave: (2.9650304353913e-20+0j)
F_px: -9.986494168920444e-20j, F_py: -3.498088448926297e-20j
Free_energy = -14138.421284525224
------------------------------------------
[{'stable': {}, 'free': np.float64(-14138.421284525224)}]
------------------------------------------
  Seed: s-wave+py
F_onsite: (-1.1915071232160021e-15+3.42389791331299e-30j)
F_swave: (8.518514960195495e-16-2.4779059803469248e-30j), F_dwave: (-4.618758147657851e-21-6.25821907632018e-32j)
F_px: (1.3312027775604574e-30+7.298470632071652e-20j), F_py: (-5.9164567891575885e-31-3.3513487012749445e-20j)
Free_energy = -14138.421284525222
------------------------------------------
[{'stable': {}, 'free': np.float64(-14138.421284525224)}]
------------------------------------------
====================================
mu=2.25, T=0.0455
====================================
  Seed: normal state
F_onsite: 0j
F_swave: 0j, F_dwave: 0j
F_px: 0j, F_py: 0j
Free_energy = -14138.678888386145
------------------------------------------
[{'stable': {}, 'free': np.float64(-14138.678888386145)}]
------------------------------------------
  Seed: px
F_onsite: -9.85096867119861e-16j
F_swave: 7.047854472255646e-16j, F_dwave: 4.8222327673725116e-21j
F_px: (2.6963038533901223e-19+0j), F_py: (-9.134951410500887e-20+0j)
Free_energy = -14138.678888386145
------------------------------------------
[{'stable': {}, 'free': np.float64(-14138.678888386145)}]
------------------------------------------
  Seed: py
F_onsite: -9.854579044542982e-16j
F_swave: 7.049805236491597e-16j, F_dwave: 2.468104208781352e-21j
F_px: (-4.495611182396294e-20+0j), F_py: (-6.944307445163688e-20+0j)
Free_energy = -14138.678888386143
------------------------------------------
[{'stable': {}, 'free': np.float64(-14138.678888386145)}]
------------------------------------------
  Seed: px+py
F_onsite: -9.848275894892462e-16j
F_swave: 7.045587248446849e-16j, F_dwave: 3.843137803013609e-21j
F_px: (-9.301489951139664e-20+0j), F_py: (-7.51840003973072e-20+0j)
Free_energy = -14138.678888386143
------------------------------------------
[{'stable': {}, 'free': np.float64(-14138.678888386145)}]
------------------------------------------
  Seed: px+i*py
F_onsite: (5.640304236505689e-16-6.759202907115082e-16j)
F_swave: (-4.030042286070212e-16+4.829470430678038e-16j), F_dwave: (-6.0056752533766626e-21-3.676204243431003e-20j)
F_px: (-1.3430224171207806e-19-1.239476596295237e-20j), F_py: (1.602551174910106e-19-1.0161339743458989e-19j)
Free_energy = -14138.678888386143
------------------------------------------
[{'stable': {}, 'free': np.float64(-14138.678888386145)}]
------------------------------------------
  Seed: s-wave
F_onsite: (-8.470952178341485e-16+0j)
F_swave: (6.048481665324092e-16+0j), F_dwave: (-1.9818351868686742e-20+0j)
F_px: -4.0198227144562913e-19j, F_py: 1.0728859050429972e-19j
Free_energy = -14138.678888386145
------------------------------------------
[{'stable': {}, 'free': np.float64(-14138.678888386145)}]
------------------------------------------
  Seed: s-wave+px
F_onsite: (-8.47300576159966e-16+0j)
F_swave: (6.050674569003853e-16+0j), F_dwave: (7.688014908244724e-21+0j)
F_px: -9.955907349874254e-20j, F_py: -8.931642285972458e-20j
Free_energy = -14138.678888386145
------------------------------------------
[{'stable': {}, 'free': np.float64(-14138.678888386145)}]
------------------------------------------
  Seed: s-wave+py
F_onsite: (-8.474026652577579e-16+2.423223797030121e-30j)
F_swave: (6.050945966197257e-16-1.6187794771275445e-30j), F_dwave: (2.9720658506125917e-20+1.1100503485323478e-31j)
F_px: (9.860761315262648e-31+1.0188569699453124e-19j), F_py: (-2.465190328815662e-31+1.1364994577109376e-20j)
Free_energy = -14138.678888386145
------------------------------------------
[{'stable': {}, 'free': np.float64(-14138.678888386145)}]
------------------------------------------
====================================
mu=2.25, T=0.0470
====================================
  Seed: normal state
F_onsite: 0j
F_swave: 0j, F_dwave: 0j
F_px: 0j, F_py: 0j
Free_energy = -14138.94479439097
------------------------------------------
[{'stable': {}, 'free': np.float64(-14138.94479439097)}]
------------------------------------------
  Seed: px
F_onsite: -8.233132733282315e-16j
F_swave: 5.889533373082222e-16j, F_dwave: -3.283490439371157e-21j
F_px: (1.1623194035513e-19+0j), F_py: (-1.981449180729849e-19+0j)
Free_energy = -14138.94479439097
------------------------------------------
[{'stable': {}, 'free': np.float64(-14138.94479439097)}]
------------------------------------------
  Seed: py
F_onsite: -8.234332286975262e-16j
F_swave: 5.890433093599176e-16j, F_dwave: 3.736707780329748e-20j
F_px: (1.1758028530403693e-20+0j), F_py: (3.640147127795233e-20+0j)
Free_energy = -14138.94479439097
------------------------------------------
[{'stable': {}, 'free': np.float64(-14138.94479439097)}]
------------------------------------------
  Seed: px+py
F_onsite: -8.232488367398767e-16j
F_swave: 5.889233705453347e-16j, F_dwave: 7.751430047970944e-21j
F_px: (-8.383744793090944e-20+0j), F_py: (1.3635288746208666e-20+0j)
Free_energy = -14138.94479439097
------------------------------------------
[{'stable': {}, 'free': np.float64(-14138.94479439097)}]
------------------------------------------
  Seed: px+i*py
F_onsite: (4.715047002613939e-16-5.649781405894727e-16j)
F_swave: (-3.37040900805625e-16+4.0386960745852186e-16j), F_dwave: (-1.3036251377395312e-21-2.4037206815751026e-20j)
F_px: (-1.4915047807368764e-19-1.3096291924662475e-20j), F_py: (3.60073491330149e-20-2.0408411841723441e-19j)
Free_energy = -14138.94479439097
------------------------------------------
[{'stable': {}, 'free': np.float64(-14138.94479439097)}]
------------------------------------------
  Seed: s-wave
F_onsite: (-7.074578403230909e-16+0j)
F_swave: (5.050236990029295e-16+0j), F_dwave: (-3.136319870423443e-22+0j)
F_px: -3.501290828029269e-19j, F_py: 1.2903369201912674e-19j
Free_energy = -14138.94479439097
------------------------------------------
[{'stable': {}, 'free': np.float64(-14138.94479439097)}]
------------------------------------------
  Seed: s-wave+px
F_onsite: (-7.075127055433912e-16+0j)
F_swave: (5.050717869719509e-16+0j), F_dwave: (1.4085980553590765e-20+0j)
F_px: -1.507010088547121e-19j, F_py: -7.213287575285557e-20j
Free_energy = -14138.94479439097
------------------------------------------
[{'stable': {}, 'free': np.float64(-14138.94479439097)}]
------------------------------------------
  Seed: s-wave+py
F_onsite: (-7.0750413599890045e-16+1.9059640366524557e-30j)
F_swave: (5.05033193406506e-16-1.4545450488035384e-30j), F_dwave: (4.039788913135253e-21-5.124327821562195e-32j)
F_px: (1.0846837446788912e-30+1.5532043883952616e-19j), F_py: (-3.4512664603419266e-31-4.871599219698763e-20j)
Free_energy = -14138.94479439097
------------------------------------------
[{'stable': {}, 'free': np.float64(-14138.94479439097)}]
------------------------------------------
====================================
mu=2.25, T=0.0485
====================================
  Seed: normal state
F_onsite: 0j
F_swave: 0j, F_dwave: 0j
F_px: 0j, F_py: 0j
Free_energy = -14139.21902860176
------------------------------------------
[{'stable': {}, 'free': np.float64(-14139.21902860176)}]
------------------------------------------
  Seed: px
F_onsite: -6.826818528023435e-16j
F_swave: 4.876404323719124e-16j, F_dwave: 3.3384298971464e-21j
F_px: (1.5381511150373236e-19+0j), F_py: (-1.264157450560987e-19+0j)
Free_energy = -14139.21902860176
------------------------------------------
[{'stable': {}, 'free': np.float64(-14139.21902860176)}]
------------------------------------------
  Seed: py
F_onsite: -6.82716329534823e-16j
F_swave: 4.87663634392515e-16j, F_dwave: 5.0953066424806656e-21j
F_px: (5.338251751163572e-20+0j), F_py: (-1.569449970974838e-20+0j)
Free_energy = -14139.21902860176
------------------------------------------
[{'stable': {}, 'free': np.float64(-14139.21902860176)}]
------------------------------------------
  Seed: px+py
F_onsite: -6.828678958882889e-16j
F_swave: 4.877691772213133e-16j, F_dwave: -9.18657972356764e-22j
F_px: (-3.617955774592999e-20+0j), F_py: (5.373182465135191e-20+0j)
Free_energy = -14139.21902860176
------------------------------------------
[{'stable': {}, 'free': np.float64(-14139.21902860176)}]
------------------------------------------
  Seed: px+i*py
F_onsite: (3.918431469532635e-16-4.694335226863419e-16j)
F_swave: (-2.7936407487133346e-16+3.346801528512346e-16j), F_dwave: (-2.409783724264708e-20+1.2773044317629156e-20j)
F_px: (-1.5452459241355263e-19-5.643621766702776e-20j), F_py: (1.4503420143582856e-20-2.3677424331504865e-19j)
Free_energy = -14139.21902860176
------------------------------------------
[{'stable': {}, 'free': np.float64(-14139.21902860176)}]
------------------------------------------
  Seed: s-wave
F_onsite: (-5.875940827698731e-16+0j)
F_swave: (4.178060212711821e-16+0j), F_dwave: (-5.894188677339223e-21+0j)
F_px: -3.8981437039159824e-19j, F_py: 8.226355160632225e-20j
Free_energy = -14139.21902860176
------------------------------------------
[{'stable': {}, 'free': np.float64(-14139.21902860176)}]
------------------------------------------
  Seed: s-wave+px
F_onsite: (-5.875035454415984e-16+0j)
F_swave: (4.177748642756203e-16+0j), F_dwave: (-8.297233598502085e-21+0j)
F_px: -1.307082930975877e-19j, F_py: -1.2783850605617113e-19j
Free_energy = -14139.21902860176
------------------------------------------
[{'stable': {}, 'free': np.float64(-14139.21902860176)}]
------------------------------------------
  Seed: s-wave+py
F_onsite: (-5.874657567028941e-16+1.6864002675842607e-30j)
F_swave: (4.1775478931453185e-16-1.1956564299275914e-30j), F_dwave: (4.4023936633975634e-20-1.8025500573249286e-33j)
F_px: (9.121204216617949e-31-3.483323267051778e-22j), F_py: (-3.4512664603419266e-31+4.5920439609234964e-20j)
Free_energy = -14139.21902860176
------------------------------------------
[{'stable': {}, 'free': np.float64(-14139.21902860176)}]
------------------------------------------
====================================
mu=2.25, T=0.0500
====================================
  Seed: normal state
F_onsite: 0j
F_swave: 0j, F_dwave: 0j
F_px: 0j, F_py: 0j
Free_energy = -14139.501614237264
------------------------------------------
[{'stable': {}, 'free': np.float64(-14139.501614237264)}]
------------------------------------------
  Seed: px
F_onsite: -5.621318286593602e-16j
F_swave: 4.0018464429194e-16j, F_dwave: 2.1466284710082583e-20j
F_px: (5.217490761668022e-20+0j), F_py: (2.5199287939300495e-21+0j)
Free_energy = -14139.501614237264
------------------------------------------
[{'stable': {}, 'free': np.float64(-14139.501614237264)}]
------------------------------------------
  Seed: py
F_onsite: -5.624440895328152e-16j
F_swave: 4.004257938344901e-16j, F_dwave: -8.331322564582107e-21j
F_px: (1.3012376152212077e-20+0j), F_py: (4.772506918543584e-20+0j)
Free_energy = -14139.501614237264
------------------------------------------
[{'stable': {}, 'free': np.float64(-14139.501614237264)}]
------------------------------------------
  Seed: px+py
F_onsite: -5.625841260247552e-16j
F_swave: 4.0051775055455517e-16j, F_dwave: 7.4147212367422e-21j
F_px: (-7.712752531383976e-20+0j), F_py: (8.681743388463036e-21+0j)
Free_energy = -14139.501614237264
------------------------------------------
[{'stable': {}, 'free': np.float64(-14139.501614237264)}]
------------------------------------------
  Seed: px+i*py
F_onsite: (3.2364694568887215e-16-3.8772102893957267e-16j)
F_swave: (-2.291922605247964e-16+2.745808215942736e-16j), F_dwave: (-1.929900656549833e-21+1.503916352975299e-20j)
F_px: (-3.4311035594074947e-20-1.01746901114671e-20j), F_py: (4.137304912750205e-20-1.5630785781989706e-19j)
Free_energy = -14139.501614237264
------------------------------------------
[{'stable': {}, 'free': np.float64(-14139.501614237264)}]
------------------------------------------
  Seed: s-wave
F_onsite: (-4.840157250205081e-16+0j)
F_swave: (3.415520294811173e-16+0j), F_dwave: (-6.464205731817725e-22+0j)
F_px: -3.523937353764194e-19j, F_py: 4.200865548578002e-20j
Free_energy = -14139.501614237264
------------------------------------------
[{'stable': {}, 'free': np.float64(-14139.501614237264)}]
------------------------------------------
  Seed: s-wave+px
F_onsite: (-4.839077387188757e-16+0j)
F_swave: (3.4149878086971654e-16+0j), F_dwave: (-4.2196801270393e-21+0j)
F_px: -2.0772406057187037e-19j, F_py: -8.556822160195875e-20j
Free_energy = -14139.501614237264
------------------------------------------
[{'stable': {}, 'free': np.float64(-14139.501614237264)}]
------------------------------------------
  Seed: s-wave+py
F_onsite: (-4.838427977650262e-16+1.3880330243574618e-30j)
F_swave: (3.414923091675449e-16-9.883330806798435e-31j), F_dwave: (4.431175154778888e-21-6.006494014057692e-33j)
F_px: (6.902532920683853e-31+3.184226815283915e-21j), F_py: (-7.395570986446986e-32+1.0483755822144727e-19j)
Free_energy = -14139.501614237264
------------------------------------------
[{'stable': {}, 'free': np.float64(-14139.501614237264)}]
------------------------------------------
