/home/emilssp/D1/venv/bin/python
Python 3.10.12
Running job 2 out of 30
====================================
mu=0.66, T=0.0010
====================================
  Seed: normal state
F_onsite: 0j
F_swave: 0j, F_dwave: 0j
F_px: 0j, F_py: 0j
Free_energy = -9697.860634344755
------------------------------------------
[{'stable': {}, 'free': np.float64(-9697.860634344755)}]
------------------------------------------
  Seed: px
F_onsite: -3.858543182977902e-16j
F_swave: 1.0879029123716177e-16j, F_dwave: 2.37643132224259e-15j
F_px: (0.05690920706014635+0j), F_py: (1.0338367993483757e-18+0j)
Free_energy = -9760.00093918226
------------------------------------------
[{'stable': {'F_px': np.complex128(0.05690920706014635+0j)}, 'free': np.float64(-9760.00093918226)}]
------------------------------------------
  Seed: py
F_onsite: -2.5691054567682724e-16j
F_swave: 5.79146072190919e-17j, F_dwave: -1.2089785959455354e-15j
F_px: (6.704398126415796e-19+0j), F_py: (0.0569092070601466+0j)
Free_energy = -9760.000939182282
------------------------------------------
[{'stable': {'F_px': np.complex128(0.05690920706014635+0j)}, 'free': np.float64(-9760.00093918226)}, {'stable': {'F_py': np.complex128(0.0569092070601466+0j)}, 'free': np.float64(-9760.000939182282)}]
------------------------------------------
  Seed: px+py
F_onsite: 7.796303004765394e-18j
F_swave: -6.390863587033696e-19j, F_dwave: -1.8424755959882107e-16j
F_px: (0.032410306229081316+0j), F_py: (0.03241030622910833+0j)
Free_energy = -9738.162696962829
------------------------------------------
[{'stable': {'F_px': np.complex128(0.05690920706014635+0j)}, 'free': np.float64(-9760.00093918226)}, {'stable': {'F_py': np.complex128(0.0569092070601466+0j)}, 'free': np.float64(-9760.000939182282)}]
------------------------------------------
  Seed: px+i*py
F_onsite: (3.002518137280933e-15+6.266682176345033e-15j)
F_swave: (-8.847089727481716e-16-1.7312540290248535e-15j), F_dwave: (0.033394630846589765+0.06844827141660764j)
F_px: (1.018355784421221e-08+2.0873023948153602e-08j), F_py: (5.1433265105260695e-08+1.0542168017019238e-07j)
Free_energy = -9932.967319368461
------------------------------------------
[{'stable': {'F_dwave': np.complex128(0.033394630846589765+0.06844827141660764j)}, 'free': np.float64(-9932.967319368461)}]
------------------------------------------
  Seed: d-wave
F_onsite: (-8.6945867392845e-17+0j)
F_swave: (2.3592239273284576e-16+0j), F_dwave: (0.0761612562197536+0j)
F_px: -2.205507531347075e-17j, F_py: 7.9672084454862e-18j
Free_energy = -9932.977149390508
------------------------------------------
[{'stable': {'F_dwave': np.complex128(0.033394630846589765+0.06844827141660764j)}, 'free': np.float64(-9932.967319368461)}, {'stable': {'F_dwave': np.complex128(0.0761612562197536+0j)}, 'free': np.float64(-9932.977149390508)}]
------------------------------------------
  Seed: d-wave+px
F_onsite: (-7.54060991783014e-15+2.409826578997404e-18j)
F_swave: (2.192690473634684e-15+4.319600249953844e-19j), F_dwave: (0.07616014199895821+2.117954682129461e-17j)
F_px: (1.2069230909822481e-07-9.52911667267398e-19j), F_py: (2.7755575615628914e-17+6.5025093798842806e-18j)
Free_energy = -9932.967319368472
------------------------------------------
[{'stable': {'F_dwave': np.complex128(0.033394630846589765+0.06844827141660764j)}, 'free': np.float64(-9932.967319368461)}, {'stable': {'F_dwave': np.complex128(0.0761612562197536+0j)}, 'free': np.float64(-9932.977149390508)}]
------------------------------------------
  Seed: d-wave+py
F_onsite: (7.52803263399669e-15+1.1523677848714747e-18j)
F_swave: (-2.192690473634684e-15-3.524078913299691e-18j), F_dwave: (0.07616014199895818+8.460424398297987e-18j)
F_px: -6.253511177301352e-19j, F_py: (1.206923091051637e-07+5.643803595514346e-18j)
Free_energy = -9932.967319368461
------------------------------------------
[{'stable': {'F_dwave': np.complex128(0.033394630846589765+0.06844827141660764j)}, 'free': np.float64(-9932.967319368461)}, {'stable': {'F_dwave': np.complex128(0.0761612562197536+0j)}, 'free': np.float64(-9932.977149390508)}]
------------------------------------------
====================================
mu=0.66, T=0.0101
====================================
  Seed: normal state
F_onsite: 0j
F_swave: 0j, F_dwave: 0j
F_px: 0j, F_py: 0j
Free_energy = -9698.085421964432
------------------------------------------
[{'stable': {}, 'free': np.float64(-9698.085421964432)}]
------------------------------------------
  Seed: px
F_onsite: -1.4621830019012107e-15j
F_swave: 3.134857291085141e-16j, F_dwave: 6.5702548949876714e-15j
F_px: (0.05689668237164816+0j), F_py: (7.418155733375552e-20+0j)
Free_energy = -9759.978977482842
------------------------------------------
[{'stable': {'F_px': np.complex128(0.05689668237164816+0j)}, 'free': np.float64(-9759.978977482842)}]
------------------------------------------
  Seed: py
F_onsite: -7.111786563331632e-16j
F_swave: 1.6038552974392416e-16j, F_dwave: -3.3402450460419755e-15j
F_px: (4.547375786673516e-19+0j), F_py: (0.056896682371648064+0j)
Free_energy = -9759.978977482837
------------------------------------------
[{'stable': {'F_px': np.complex128(0.05689668237164816+0j)}, 'free': np.float64(-9759.978977482842)}, {'stable': {'F_py': np.complex128(0.056896682371648064+0j)}, 'free': np.float64(-9759.978977482837)}]
------------------------------------------
  Seed: px+py
F_onsite: -5.898260988646117e-18j
F_swave: -3.928115292891818e-19j, F_dwave: -2.304270600232526e-15j
F_px: (0.03235115169616336+0j), F_py: (0.03235115169644944+0j)
Free_energy = -9738.056072331514
------------------------------------------
[{'stable': {'F_px': np.complex128(0.05689668237164816+0j)}, 'free': np.float64(-9759.978977482842)}, {'stable': {'F_py': np.complex128(0.056896682371648064+0j)}, 'free': np.float64(-9759.978977482837)}]
------------------------------------------
  Seed: px+i*py
F_onsite: (2.3527770170942333e-15+4.833317729264312e-15j)
F_swave: (-6.609296443471635e-16-1.4536982728685643e-15j), F_dwave: (0.033394616083054975+0.06844824115610136j)
F_px: (9.043945065068115e-09+1.8537183565925375e-08j), F_py: (4.567751582876256e-08+9.36242418522748e-08j)
Free_energy = -9932.96732748594
------------------------------------------
[{'stable': {'F_dwave': np.complex128(0.033394616083054975+0.06844824115610136j)}, 'free': np.float64(-9932.96732748594)}]
------------------------------------------
  Seed: d-wave
F_onsite: (-1.7171576479552087e-16+0j)
F_swave: (-1.3877787807814457e-17+0j), F_dwave: (0.07616076992669307+0j)
F_px: -2.0619463454174135e-17j, F_py: 8.199168288760976e-18j
Free_energy = -9932.973164267918
------------------------------------------
[{'stable': {'F_dwave': np.complex128(0.033394616083054975+0.06844824115610136j)}, 'free': np.float64(-9932.96732748594)}, {'stable': {'F_dwave': np.complex128(0.07616076992669307+0j)}, 'free': np.float64(-9932.973164267918)}]
------------------------------------------
  Seed: d-wave+px
F_onsite: (-6.0298175279535965e-15+8.20673857484624e-19j)
F_swave: (1.745131816832668e-15-5.854529826265869e-19j), F_dwave: (0.07616010832908754+1.9144961687870898e-17j)
F_px: (1.0718597848874412e-07+3.928828000573128e-19j), F_py: (3.469446951953614e-17+6.594155763513242e-18j)
Free_energy = -9932.967327485943
------------------------------------------
[{'stable': {'F_dwave': np.complex128(0.033394616083054975+0.06844824115610136j)}, 'free': np.float64(-9932.96732748594)}, {'stable': {'F_dwave': np.complex128(0.07616076992669307+0j)}, 'free': np.float64(-9932.973164267918)}]
------------------------------------------
  Seed: d-wave+py
F_onsite: (5.905562562364288e-15+6.647839385460605e-20j)
F_swave: (-1.7069679003611782e-15-2.1278835653628487e-18j), F_dwave: (0.07616010832908766+8.263703684635167e-18j)
F_px: (-2.7755575615628914e-17-1.2492980688347984e-17j), F_py: (1.0718597863446089e-07+6.722927453480975e-18j)
Free_energy = -9932.967327485941
------------------------------------------
[{'stable': {'F_dwave': np.complex128(0.033394616083054975+0.06844824115610136j)}, 'free': np.float64(-9932.96732748594)}, {'stable': {'F_dwave': np.complex128(0.07616076992669307+0j)}, 'free': np.float64(-9932.973164267918)}]
------------------------------------------
====================================
mu=0.66, T=0.0191
====================================
  Seed: normal state
F_onsite: 0j
F_swave: 0j, F_dwave: 0j
F_px: 0j, F_py: 0j
Free_energy = -9698.73944798472
------------------------------------------
[{'stable': {}, 'free': np.float64(-9698.73944798472)}]
------------------------------------------
  Seed: px
F_onsite: -9.369724177529765e-16j
F_swave: 4.163336342344337e-16j, F_dwave: 0.07615404931279361j
F_px: (3.0094387996378235e-08+0j), F_py: (-6.582414577699643e-18+0j)
Free_energy = -9932.948643049356
------------------------------------------
[{'stable': {'F_dwave': np.complex128(0.07615404931279361j)}, 'free': np.float64(-9932.948643049356)}]
------------------------------------------
  Seed: py
F_onsite: -7.582137925581776e-16j
F_swave: 2.5673907444456745e-16j, F_dwave: -0.0761540493161358j
F_px: (-1.1806940164140899e-17+0j), F_py: (2.7864047316562165e-08+0j)
Free_energy = -9932.94864307878
------------------------------------------
[{'stable': {'F_dwave': np.complex128(0.07615404931279361j)}, 'free': np.float64(-9932.948643049356)}, {'stable': {'F_dwave': np.complex128(-0.0761540493161358j)}, 'free': np.float64(-9932.94864307878)}]
------------------------------------------
  Seed: px+py
F_onsite: -1.1511018934508331e-16j
F_swave: 9.29406901374781e-19j, F_dwave: -1.2685575890246641e-13j
F_px: (0.03207033113501825+0j), F_py: (0.03207033114367066+0j)
Free_energy = -9737.635370604141
------------------------------------------
[{'stable': {'F_dwave': np.complex128(0.07615404931279361j)}, 'free': np.float64(-9932.948643049356)}, {'stable': {'F_dwave': np.complex128(-0.0761540493161358j)}, 'free': np.float64(-9932.94864307878)}]
------------------------------------------
  Seed: px+i*py
F_onsite: (1.6133982859823859e-15+3.281955466451277e-15j)
F_swave: (-3.625572064791527e-16-9.08995101411847e-16j), F_dwave: (0.03339248512106341+0.06844387336819427j)
F_px: (7.524031626904293e-09+1.54218491379976e-08j), F_py: (3.800101352688379e-08+7.788987670120928e-08j)
Free_energy = -9932.95921927275
------------------------------------------
[{'stable': {'F_dwave': np.complex128(0.07615404931279361j)}, 'free': np.float64(-9932.948643049356)}, {'stable': {'F_dwave': np.complex128(-0.0761540493161358j)}, 'free': np.float64(-9932.94864307878)}, {'stable': {'F_dwave': np.complex128(0.03339248512106341+0.06844387336819427j)}, 'free': np.float64(-9932.95921927275)}]
------------------------------------------
  Seed: d-wave
F_onsite: (-3.95934963282182e-18+0j)
F_swave: (-2.7755575615628914e-17+0j), F_dwave: (0.07615537935886597+0j)
F_px: -1.3947203977639294e-17j, F_py: 7.212407790892787e-18j
Free_energy = -9932.960374040058
------------------------------------------
[{'stable': {'F_dwave': np.complex128(0.07615404931279361j)}, 'free': np.float64(-9932.948643049356)}, {'stable': {'F_dwave': np.complex128(-0.0761540493161358j)}, 'free': np.float64(-9932.94864307878)}, {'stable': {'F_dwave': np.complex128(0.03339248512106341+0.06844387336819427j)}, 'free': np.float64(-9932.95921927275)}, {'stable': {'F_dwave': np.complex128(0.07615537935886597+0j)}, 'free': np.float64(-9932.960374040058)}]
------------------------------------------
  Seed: d-wave+px
F_onsite: (-4.29297331944698e-15-2.3678158286988503e-19j)
F_swave: (1.1310397063368782e-15-4.021272458800735e-18j), F_dwave: (0.0761552484350343+1.2686490561421712e-17j)
F_px: (8.9172445948138e-08+5.465031993213839e-18j), F_py: (1.3877787807814457e-17+7.113928863193369e-18j)
Free_energy = -9932.959219272758
------------------------------------------
[{'stable': {'F_dwave': np.complex128(0.07615404931279361j)}, 'free': np.float64(-9932.948643049356)}, {'stable': {'F_dwave': np.complex128(-0.0761540493161358j)}, 'free': np.float64(-9932.94864307878)}, {'stable': {'F_dwave': np.complex128(0.03339248512106341+0.06844387336819427j)}, 'free': np.float64(-9932.95921927275)}, {'stable': {'F_dwave': np.complex128(0.07615537935886597+0j)}, 'free': np.float64(-9932.960374040058)}]
------------------------------------------
  Seed: d-wave+py
F_onsite: (4.165548950951749e-15+5.423430574735825e-19j)
F_swave: (-1.1379786002407855e-15+6.719794120482683e-19j), F_dwave: (0.0761552484350344+8.625179751164462e-18j)
F_px: (-6.938893903907228e-18-4.566637005810402e-18j), F_py: (8.917244598283247e-08+7.819831838715877e-18j)
Free_energy = -9932.95921927276
------------------------------------------
[{'stable': {'F_dwave': np.complex128(0.07615404931279361j)}, 'free': np.float64(-9932.948643049356)}, {'stable': {'F_dwave': np.complex128(-0.0761540493161358j)}, 'free': np.float64(-9932.94864307878)}, {'stable': {'F_dwave': np.complex128(0.03339248512106341+0.06844387336819427j)}, 'free': np.float64(-9932.95921927275)}, {'stable': {'F_dwave': np.complex128(0.07615537935886597+0j)}, 'free': np.float64(-9932.960374040058)}]
------------------------------------------
====================================
mu=0.66, T=0.0282
====================================
  Seed: normal state
F_onsite: 0j
F_swave: 0j, F_dwave: 0j
F_px: 0j, F_py: 0j
Free_energy = -9699.92319242051
------------------------------------------
[{'stable': {}, 'free': np.float64(-9699.92319242051)}]
------------------------------------------
  Seed: px
F_onsite: -9.301294218355729e-17j
F_swave: 6.938893903907228e-17j, F_dwave: 0.07611635467150896j
F_px: (2.4014728012218095e-09+0j), F_py: (-7.577627412889295e-18+0j)
Free_energy = -9932.835374012862
------------------------------------------
[{'stable': {'F_dwave': np.complex128(0.07611635467150896j)}, 'free': np.float64(-9932.835374012862)}]
------------------------------------------
  Seed: py
F_onsite: -4.316414588332832e-17j
F_swave: 1.5959455978986625e-16j, F_dwave: -0.07611635467158534j
F_px: (-1.7394252972913136e-17+0j), F_py: (2.2234959970361093e-09+0j)
Free_energy = -9932.835374013514
------------------------------------------
[{'stable': {'F_dwave': np.complex128(0.07611635467150896j)}, 'free': np.float64(-9932.835374012862)}, {'stable': {'F_dwave': np.complex128(-0.07611635467158534j)}, 'free': np.float64(-9932.835374013514)}]
------------------------------------------
  Seed: px+py
F_onsite: -4.7469526309143906e-17j
F_swave: 1.971358011660057e-17j, F_dwave: -1.889008408863307e-11j
F_px: (0.031455307554382486+0j), F_py: (0.03145530784376648+0j)
Free_energy = -9736.822666755404
------------------------------------------
[{'stable': {'F_dwave': np.complex128(0.07611635467150896j)}, 'free': np.float64(-9932.835374012862)}, {'stable': {'F_dwave': np.complex128(-0.07611635467158534j)}, 'free': np.float64(-9932.835374013514)}]
------------------------------------------
  Seed: px+i*py
F_onsite: (5.918395674883638e-16+1.274809709644417e-15j)
F_swave: (-1.9949319973733282e-16-3.2612801348363973e-16j), F_dwave: (0.03337544311173701+0.06840894272065362j)
F_px: (4.666239117323556e-09+9.56429213605503e-09j), F_py: (2.356739344303027e-08+4.8305590000241594e-08j)
Free_energy = -9932.835616852773
------------------------------------------
[{'stable': {'F_dwave': np.complex128(0.07611635467150896j)}, 'free': np.float64(-9932.835374012862)}, {'stable': {'F_dwave': np.complex128(-0.07611635467158534j)}, 'free': np.float64(-9932.835374013514)}, {'stable': {'F_dwave': np.complex128(0.03337544311173701+0.06840894272065362j)}, 'free': np.float64(-9932.835616852773)}]
------------------------------------------
  Seed: d-wave
F_onsite: (2.3767218673884818e-17+0j)
F_swave: (-8.326672684688674e-17+0j), F_dwave: (0.07611638526277342+0j)
F_px: -1.8129328291091258e-17j, F_py: 8.348570088317837e-18j
Free_energy = -9932.835643366385
------------------------------------------
[{'stable': {'F_dwave': np.complex128(0.07611635467150896j)}, 'free': np.float64(-9932.835374012862)}, {'stable': {'F_dwave': np.complex128(-0.07611635467158534j)}, 'free': np.float64(-9932.835374013514)}, {'stable': {'F_dwave': np.complex128(0.03337544311173701+0.06840894272065362j)}, 'free': np.float64(-9932.835616852773)}, {'stable': {'F_dwave': np.complex128(0.07611638526277342+0j)}, 'free': np.float64(-9932.835643366385)}]
------------------------------------------
  Seed: d-wave+px
F_onsite: (-1.6112816240969538e-15+1.7527655938631413e-19j)
F_swave: (2.5326962749261384e-16+3.691138228118674e-19j), F_dwave: (0.07611638225153938+1.292633737029575e-17j)
F_px: (5.530279223453505e-08+4.904197753495102e-18j), F_py: (-4.85722573273506e-17+9.657915398331196e-18j)
Free_energy = -9932.83561685277
------------------------------------------
[{'stable': {'F_dwave': np.complex128(0.07611635467150896j)}, 'free': np.float64(-9932.835374012862)}, {'stable': {'F_dwave': np.complex128(-0.07611635467158534j)}, 'free': np.float64(-9932.835374013514)}, {'stable': {'F_dwave': np.complex128(0.03337544311173701+0.06840894272065362j)}, 'free': np.float64(-9932.835616852773)}, {'stable': {'F_dwave': np.complex128(0.07611638526277342+0j)}, 'free': np.float64(-9932.835643366385)}]
------------------------------------------
  Seed: d-wave+py
F_onsite: (1.626163867199233e-15+5.086317852284496e-19j)
F_swave: (-4.996003610813204e-16-2.0492011596857305e-18j), F_dwave: (0.07611638225153955-3.951002966850854e-18j)
F_px: (-4.85722573273506e-17-8.705835506658595e-18j), F_py: (5.5302791943101504e-08+7.001856141496695e-18j)
Free_energy = -9932.835616852773
------------------------------------------
[{'stable': {'F_dwave': np.complex128(0.07611635467150896j)}, 'free': np.float64(-9932.835374012862)}, {'stable': {'F_dwave': np.complex128(-0.07611635467158534j)}, 'free': np.float64(-9932.835374013514)}, {'stable': {'F_dwave': np.complex128(0.03337544311173701+0.06840894272065362j)}, 'free': np.float64(-9932.835616852773)}, {'stable': {'F_dwave': np.complex128(0.07611638526277342+0j)}, 'free': np.float64(-9932.835643366385)}]
------------------------------------------
====================================
mu=0.66, T=0.0372
====================================
  Seed: normal state
F_onsite: 0j
F_swave: 0j, F_dwave: 0j
F_px: 0j, F_py: 0j
Free_energy = -9701.65321702104
------------------------------------------
[{'stable': {}, 'free': np.float64(-9701.65321702104)}]
------------------------------------------
  Seed: px
F_onsite: 2.7516992431768315e-17j
F_swave: 1.1102230246251565e-16j, F_dwave: 0.07601456559126916j
F_px: (9.37109881675051e-11+0j), F_py: (-7.090195228906207e-18+0j)
Free_energy = -9932.508325994275
------------------------------------------
[{'stable': {'F_dwave': np.complex128(0.07601456559126916j)}, 'free': np.float64(-9932.508325994275)}]
------------------------------------------
  Seed: py
F_onsite: -8.529408330307796e-17j
F_swave: -1.8041124150158794e-16j, F_dwave: -0.07601456559126975j
F_px: (1.2062805666707032e-18+0j), F_py: (8.676596722864004e-11+0j)
Free_energy = -9932.508325994278
------------------------------------------
[{'stable': {'F_dwave': np.complex128(0.07601456559126916j)}, 'free': np.float64(-9932.508325994275)}, {'stable': {'F_dwave': np.complex128(-0.07601456559126975j)}, 'free': np.float64(-9932.508325994278)}]
------------------------------------------
  Seed: px+py
F_onsite: -5.073972464212371e-16j
F_swave: 9.444210897604556e-17j, F_dwave: -9.855684739361743e-09j
F_px: (0.030345166104446226+0j), F_py: (0.0303451753865316+0j)
Free_energy = -9735.436058354808
------------------------------------------
[{'stable': {'F_dwave': np.complex128(0.07601456559126916j)}, 'free': np.float64(-9932.508325994275)}, {'stable': {'F_dwave': np.complex128(-0.07601456559126975j)}, 'free': np.float64(-9932.508325994278)}]
------------------------------------------
  Seed: px+i*py
F_onsite: (1.6910668534009993e-16+3.8001391528040743e-16j)
F_swave: (-2.2551405187698492e-17-6.938893903907228e-17j), F_dwave: (0.033330798731107246+0.06831743607407299j)
F_px: (2.2931289228589335e-09+4.7001778927246995e-09j), F_py: (1.1581718920711248e-08+2.3738804977302408e-08j)
Free_energy = -9932.508327940483
------------------------------------------
[{'stable': {'F_dwave': np.complex128(0.07601456559126916j)}, 'free': np.float64(-9932.508325994275)}, {'stable': {'F_dwave': np.complex128(-0.07601456559126975j)}, 'free': np.float64(-9932.508325994278)}, {'stable': {'F_dwave': np.complex128(0.033330798731107246+0.06831743607407299j)}, 'free': np.float64(-9932.508327940483)}]
------------------------------------------
  Seed: d-wave
F_onsite: (-1.7583026232971007e-16+0j)
F_swave: (-2.7755575615628914e-17+0j), F_dwave: (0.07601456583757364+0j)
F_px: -8.522977864170778e-18j, F_py: 4.881416133440806e-18j
Free_energy = -9932.508328152979
------------------------------------------
[{'stable': {'F_dwave': np.complex128(0.07601456559126916j)}, 'free': np.float64(-9932.508325994275)}, {'stable': {'F_dwave': np.complex128(-0.07601456559126975j)}, 'free': np.float64(-9932.508325994278)}, {'stable': {'F_dwave': np.complex128(0.033330798731107246+0.06831743607407299j)}, 'free': np.float64(-9932.508327940483)}, {'stable': {'F_dwave': np.complex128(0.07601456583757364+0j)}, 'free': np.float64(-9932.508328152979)}]
------------------------------------------
  Seed: d-wave+px
F_onsite: (-3.443135328571133e-16+7.541703691694511e-19j)
F_swave: (-1.6306400674181987e-16+5.503340945064812e-18j), F_dwave: (0.076014565813327+1.4371725475710696e-18j)
F_px: (2.7177438903513984e-08+1.9139935645194113e-18j), F_py: (-3.469446951953614e-17+6.746491890895056e-18j)
Free_energy = -9932.50832794048
------------------------------------------
[{'stable': {'F_dwave': np.complex128(0.07601456559126916j)}, 'free': np.float64(-9932.508325994275)}, {'stable': {'F_dwave': np.complex128(-0.07601456559126975j)}, 'free': np.float64(-9932.508325994278)}, {'stable': {'F_dwave': np.complex128(0.033330798731107246+0.06831743607407299j)}, 'free': np.float64(-9932.508327940483)}, {'stable': {'F_dwave': np.complex128(0.07601456583757364+0j)}, 'free': np.float64(-9932.508328152979)}]
------------------------------------------
  Seed: d-wave+py
F_onsite: (3.94848540718591e-16+1.9257501335150926e-19j)
F_swave: (-4.0592529337857286e-16-4.589677499708911e-18j), F_dwave: (0.07601456581332702-1.0207422614179622e-17j)
F_px: (-4.163336342344337e-17-1.5040254695070843e-17j), F_py: (2.7177438709224955e-08+5.3882828539679904e-18j)
Free_energy = -9932.508327940483
------------------------------------------
[{'stable': {'F_dwave': np.complex128(0.07601456559126916j)}, 'free': np.float64(-9932.508325994275)}, {'stable': {'F_dwave': np.complex128(-0.07601456559126975j)}, 'free': np.float64(-9932.508325994278)}, {'stable': {'F_dwave': np.complex128(0.033330798731107246+0.06831743607407299j)}, 'free': np.float64(-9932.508327940483)}, {'stable': {'F_dwave': np.complex128(0.07601456583757364+0j)}, 'free': np.float64(-9932.508328152979)}]
------------------------------------------
====================================
mu=0.66, T=0.0463
====================================
  Seed: normal state
F_onsite: 0j
F_swave: 0j, F_dwave: 0j
F_px: 0j, F_py: 0j
Free_energy = -9703.910960775898
------------------------------------------
[{'stable': {}, 'free': np.float64(-9703.910960775898)}]
------------------------------------------
  Seed: px
F_onsite: 9.230755469746911e-18j
F_swave: -2.1510571102112408e-16j, F_dwave: 0.07581810821886378j
F_px: (2.5819382889546828e-12+0j), F_py: (-6.441145470380826e-18+0j)
Free_energy = -9931.859256083499
------------------------------------------
[{'stable': {'F_dwave': np.complex128(0.07581810821886378j)}, 'free': np.float64(-9931.859256083499)}]
------------------------------------------
  Seed: py
F_onsite: -1.4054811609694933e-16j
F_swave: 1.5959455978986625e-16j, F_dwave: -0.07581810821886376j
F_px: (-3.40996677057255e-18+0j), F_py: (2.390599856620975e-12+0j)
Free_energy = -9931.859256083499
------------------------------------------
[{'stable': {'F_dwave': np.complex128(0.07581810821886378j)}, 'free': np.float64(-9931.859256083499)}, {'stable': {'F_dwave': np.complex128(-0.07581810821886376j)}, 'free': np.float64(-9931.859256083499)}]
------------------------------------------
  Seed: px+py
F_onsite: -6.88772064815199e-16j
F_swave: 2.220446049250313e-16j, F_dwave: -0.07581709367793733j
F_px: (1.2543475170251684e-06+0j), F_py: (1.2545740423515338e-06+0j)
Free_energy = -9931.850444569242
------------------------------------------
[{'stable': {'F_dwave': np.complex128(0.07581810821886378j)}, 'free': np.float64(-9931.859256083499)}, {'stable': {'F_dwave': np.complex128(-0.07581810821886376j)}, 'free': np.float64(-9931.859256083499)}]
------------------------------------------
  Seed: px+i*py
F_onsite: (3.42005138159572e-17-4.4237782035535373e-17j)
F_swave: (8.500145032286355e-17-1.0061396160665481e-16j), F_dwave: (0.03324465618154343+0.06814087150475176j)
F_px: (9.188113048175239e-10+1.883268437030683e-09j), F_py: (4.640565733765589e-09+9.511669805950529e-09j)
Free_energy = -9931.859256093176
------------------------------------------
[{'stable': {'F_dwave': np.complex128(0.07581810821886378j)}, 'free': np.float64(-9931.859256083499)}, {'stable': {'F_dwave': np.complex128(-0.07581810821886376j)}, 'free': np.float64(-9931.859256083499)}, {'stable': {'F_dwave': np.complex128(0.03324465618154343+0.06814087150475176j)}, 'free': np.float64(-9931.859256093176)}]
------------------------------------------
  Seed: d-wave
F_onsite: (-1.9581575325726907e-16+0j)
F_swave: (1.734723475976807e-16+0j), F_dwave: (0.07581810822009878+0j)
F_px: -6.5872296470088844e-18j, F_py: 8.419899579318096e-18j
Free_energy = -9931.859256094263
------------------------------------------
[{'stable': {'F_dwave': np.complex128(0.07581810821886378j)}, 'free': np.float64(-9931.859256083499)}, {'stable': {'F_dwave': np.complex128(-0.07581810821886376j)}, 'free': np.float64(-9931.859256083499)}, {'stable': {'F_dwave': np.complex128(0.03324465618154343+0.06814087150475176j)}, 'free': np.float64(-9931.859256093176)}, {'stable': {'F_dwave': np.complex128(0.07581810822009878+0j)}, 'free': np.float64(-9931.859256094263)}]
------------------------------------------
  Seed: d-wave+px
F_onsite: (1.2020621706010846e-16-2.0760397826011258e-18j)
F_swave: (1.5959455978986625e-16+5.051872936816355e-18j), F_dwave: (0.07581810821997688+2.4708924042603456e-17j)
F_px: (1.0889463067376148e-08-8.689255173443579e-18j), F_py: (-6.938893903907228e-17+8.389267069204497e-18j)
Free_energy = -9931.859256093176
------------------------------------------
[{'stable': {'F_dwave': np.complex128(0.07581810821886378j)}, 'free': np.float64(-9931.859256083499)}, {'stable': {'F_dwave': np.complex128(-0.07581810821886376j)}, 'free': np.float64(-9931.859256083499)}, {'stable': {'F_dwave': np.complex128(0.03324465618154343+0.06814087150475176j)}, 'free': np.float64(-9931.859256093176)}, {'stable': {'F_dwave': np.complex128(0.07581810822009878+0j)}, 'free': np.float64(-9931.859256094263)}]
------------------------------------------
  Seed: d-wave+py
F_onsite: (2.3992564270930825e-16-5.501207557748533e-19j)
F_swave: (-7.632783294297951e-17+3.5305245570934377e-19j), F_dwave: (0.07581810821997695-7.449972201661639e-18j)
F_px: (-2.0816681711721685e-17-9.581203077861745e-18j), F_py: (1.0889462498386848e-08+9.171172073846586e-18j)
Free_energy = -9931.859256093177
------------------------------------------
[{'stable': {'F_dwave': np.complex128(0.07581810821886378j)}, 'free': np.float64(-9931.859256083499)}, {'stable': {'F_dwave': np.complex128(-0.07581810821886376j)}, 'free': np.float64(-9931.859256083499)}, {'stable': {'F_dwave': np.complex128(0.03324465618154343+0.06814087150475176j)}, 'free': np.float64(-9931.859256093176)}, {'stable': {'F_dwave': np.complex128(0.07581810822009878+0j)}, 'free': np.float64(-9931.859256094263)}]
------------------------------------------
====================================
mu=0.66, T=0.0554
====================================
  Seed: normal state
F_onsite: 0j
F_swave: 0j, F_dwave: 0j
F_px: 0j, F_py: 0j
Free_energy = -9706.682755599215
------------------------------------------
[{'stable': {}, 'free': np.float64(-9706.682755599215)}]
------------------------------------------
  Seed: px
F_onsite: -9.448440447575374e-17j
F_swave: 1.249000902703301e-16j, F_dwave: 0.07548801477150553j
F_px: (5.071413695102144e-14+0j), F_py: (-6.8088953882000386e-18+0j)
Free_energy = -9930.738119249094
------------------------------------------
[{'stable': {'F_dwave': np.complex128(0.07548801477150553j)}, 'free': np.float64(-9930.738119249094)}]
------------------------------------------
  Seed: py
F_onsite: 1.235673746837679e-16j
F_swave: -1.1796119636642288e-16j, F_dwave: -0.07548801477150563j
F_px: (-8.096364139601294e-18+0j), F_py: (4.692548708193721e-14+0j)
Free_energy = -9930.738119249094
------------------------------------------
[{'stable': {'F_dwave': np.complex128(0.07548801477150553j)}, 'free': np.float64(-9930.738119249094)}, {'stable': {'F_dwave': np.complex128(-0.07548801477150563j)}, 'free': np.float64(-9930.738119249094)}]
------------------------------------------
  Seed: px+py
F_onsite: -2.982118693734214e-18j
F_swave: 1.0408340855860843e-16j, F_dwave: -0.07548801140989636j
F_px: (2.4616994676919677e-08+0j), F_py: (2.4621440401490712e-08+0j)
Free_energy = -9930.738090489322
------------------------------------------
[{'stable': {'F_dwave': np.complex128(0.07548801477150553j)}, 'free': np.float64(-9930.738119249094)}, {'stable': {'F_dwave': np.complex128(-0.07548801477150563j)}, 'free': np.float64(-9930.738119249094)}]
------------------------------------------
  Seed: px+i*py
F_onsite: (2.1777436418951522e-17-7.020776933347132e-17j)
F_swave: (-6.245004513516506e-17+6.591949208711867e-17j), F_dwave: (0.033099917101926384+0.06784420286206645j)
F_px: (2.905348357729043e-10+5.955029802606759e-10j), F_py: (1.4673807030574082e-09+3.007659322984413e-09j)
Free_energy = -9930.738119249121
------------------------------------------
[{'stable': {'F_dwave': np.complex128(0.07548801477150553j)}, 'free': np.float64(-9930.738119249094)}, {'stable': {'F_dwave': np.complex128(-0.07548801477150563j)}, 'free': np.float64(-9930.738119249094)}, {'stable': {'F_dwave': np.complex128(0.033099917101926384+0.06784420286206645j)}, 'free': np.float64(-9930.738119249121)}]
------------------------------------------
  Seed: d-wave
F_onsite: (-6.363033260760472e-17+0j)
F_swave: (2.5673907444456745e-16+0j), F_dwave: (0.07548801477150954+0j)
F_px: -3.143730523690446e-18j, F_py: 8.675379274588773e-18j
Free_energy = -9930.738119249127
------------------------------------------
[{'stable': {'F_dwave': np.complex128(0.07548801477150553j)}, 'free': np.float64(-9930.738119249094)}, {'stable': {'F_dwave': np.complex128(-0.07548801477150563j)}, 'free': np.float64(-9930.738119249094)}, {'stable': {'F_dwave': np.complex128(0.033099917101926384+0.06784420286206645j)}, 'free': np.float64(-9930.738119249121)}, {'stable': {'F_dwave': np.complex128(0.07548801477150954+0j)}, 'free': np.float64(-9930.738119249127)}]
------------------------------------------
  Seed: d-wave+px
F_onsite: (-1.0893812659742607e-16+1.4046702046947424e-18j)
F_swave: (2.7755575615628914e-17-3.528018053140828e-18j), F_dwave: (0.07548801477150932+4.349385143975274e-18j)
F_px: (3.4433274495593302e-09-3.2627589110716648e-18j), F_py: (-1.3877787807814457e-16+8.399074074259172e-18j)
Free_energy = -9930.738119249125
------------------------------------------
[{'stable': {'F_dwave': np.complex128(0.07548801477150553j)}, 'free': np.float64(-9930.738119249094)}, {'stable': {'F_dwave': np.complex128(-0.07548801477150563j)}, 'free': np.float64(-9930.738119249094)}, {'stable': {'F_dwave': np.complex128(0.033099917101926384+0.06784420286206645j)}, 'free': np.float64(-9930.738119249121)}, {'stable': {'F_dwave': np.complex128(0.07548801477150954+0j)}, 'free': np.float64(-9930.738119249127)}]
------------------------------------------
  Seed: d-wave+py
F_onsite: (-4.2935184104697704e-17-1.1982119594110024e-18j)
F_swave: (8.673617379884035e-17-6.132291064446647e-19j), F_dwave: (0.07548801477150921-1.022441414473238e-17j)
F_px: (-6.245004513516506e-17-1.3128598659049795e-18j), F_py: (3.4433275189482693e-09+1.0556470135313866e-17j)
Free_energy = -9930.738119249121
------------------------------------------
[{'stable': {'F_dwave': np.complex128(0.07548801477150553j)}, 'free': np.float64(-9930.738119249094)}, {'stable': {'F_dwave': np.complex128(-0.07548801477150563j)}, 'free': np.float64(-9930.738119249094)}, {'stable': {'F_dwave': np.complex128(0.033099917101926384+0.06784420286206645j)}, 'free': np.float64(-9930.738119249121)}, {'stable': {'F_dwave': np.complex128(0.07548801477150954+0j)}, 'free': np.float64(-9930.738119249127)}]
------------------------------------------
====================================
mu=0.66, T=0.0644
====================================
  Seed: normal state
F_onsite: 0j
F_swave: 0j, F_dwave: 0j
F_px: 0j, F_py: 0j
Free_energy = -9709.963352396979
------------------------------------------
[{'stable': {}, 'free': np.float64(-9709.963352396979)}]
------------------------------------------
  Seed: px
F_onsite: 6.838979750333683e-17j
F_swave: -2.0122792321330962e-16j, F_dwave: 0.07498225044318657j
F_px: (6.615522888368312e-16+0j), F_py: (-9.313530919199958e-18+0j)
Free_energy = -9928.995117480305
------------------------------------------
[{'stable': {'F_dwave': np.complex128(0.07498225044318657j)}, 'free': np.float64(-9928.995117480305)}]
------------------------------------------
  Seed: py
F_onsite: -7.6831407265012e-17j
F_swave: 2.1510571102112408e-16j, F_dwave: -0.07498225044318657j
F_px: (4.890822004186146e-18+0j), F_py: (6.69263722283568e-16+0j)
Free_energy = -9928.995117480305
------------------------------------------
[{'stable': {'F_dwave': np.complex128(0.07498225044318657j)}, 'free': np.float64(-9928.995117480305)}, {'stable': {'F_dwave': np.complex128(-0.07498225044318657j)}, 'free': np.float64(-9928.995117480305)}]
------------------------------------------
  Seed: px+py
F_onsite: 1.1838845943904123e-16j
F_swave: 2.2898349882893854e-16j, F_dwave: -0.07498225043522672j
F_px: (3.481015969193047e-10+0j), F_py: (3.4816449285926007e-10+0j)
Free_energy = -9928.995117413717
------------------------------------------
[{'stable': {'F_dwave': np.complex128(0.07498225044318657j)}, 'free': np.float64(-9928.995117480305)}, {'stable': {'F_dwave': np.complex128(-0.07498225044318657j)}, 'free': np.float64(-9928.995117480305)}]
------------------------------------------
  Seed: px+i*py
F_onsite: (2.866443699687432e-17+6.299444864672711e-17j)
F_swave: (-2.0816681711721685e-17-5.551115123125783e-17j), F_dwave: (0.032878150012259466+0.06738965152971235j)
F_px: (7.048584632629584e-11+1.4447334995004724e-10j), F_py: (3.5599748843262446e-10+7.296807463808008e-10j)
Free_energy = -9928.9951174803
------------------------------------------
[{'stable': {'F_dwave': np.complex128(0.07498225044318657j)}, 'free': np.float64(-9928.995117480305)}, {'stable': {'F_dwave': np.complex128(-0.07498225044318657j)}, 'free': np.float64(-9928.995117480305)}, {'stable': {'F_dwave': np.complex128(0.032878150012259466+0.06738965152971235j)}, 'free': np.float64(-9928.9951174803)}]
------------------------------------------
  Seed: d-wave
F_onsite: (4.352942020609252e-18+0j)
F_swave: (-1.734723475976807e-16+0j), F_dwave: (0.07498225044318663+0j)
F_px: -4.1772885631723915e-18j, F_py: 7.841740035812932e-18j
Free_energy = -9928.995117480305
------------------------------------------
[{'stable': {'F_dwave': np.complex128(0.07498225044318657j)}, 'free': np.float64(-9928.995117480305)}, {'stable': {'F_dwave': np.complex128(-0.07498225044318657j)}, 'free': np.float64(-9928.995117480305)}, {'stable': {'F_dwave': np.complex128(0.032878150012259466+0.06738965152971235j)}, 'free': np.float64(-9928.9951174803)}, {'stable': {'F_dwave': np.complex128(0.07498225044318663+0j)}, 'free': np.float64(-9928.995117480305)}]
------------------------------------------
  Seed: d-wave+px
F_onsite: (8.009768542363278e-17+6.693161474244105e-19j)
F_swave: (-1.457167719820518e-16-1.6778990584054108e-19j), F_dwave: (0.07498225044318592+5.067792539953344e-18j)
F_px: (8.353772673608262e-10-2.6748700768346704e-18j), F_py: (1.3877787807814457e-17+7.387479740359023e-18j)
Free_energy = -9928.995117480303
------------------------------------------
[{'stable': {'F_dwave': np.complex128(0.07498225044318657j)}, 'free': np.float64(-9928.995117480305)}, {'stable': {'F_dwave': np.complex128(-0.07498225044318657j)}, 'free': np.float64(-9928.995117480305)}, {'stable': {'F_dwave': np.complex128(0.032878150012259466+0.06738965152971235j)}, 'free': np.float64(-9928.9951174803)}, {'stable': {'F_dwave': np.complex128(0.07498225044318663+0j)}, 'free': np.float64(-9928.995117480305)}]
------------------------------------------
  Seed: d-wave+py
F_onsite: (4.996152228193719e-17-1.1209061918869255e-18j)
F_swave: (9.020562075079397e-17-1.751979791429631e-18j), F_dwave: (0.07498225044318613-7.236590416100775e-18j)
F_px: (-4.85722573273506e-17-1.3452998687950473e-19j), F_py: (8.353772396052506e-10+8.190367071906263e-18j)
Free_energy = -9928.995117480299
------------------------------------------
[{'stable': {'F_dwave': np.complex128(0.07498225044318657j)}, 'free': np.float64(-9928.995117480305)}, {'stable': {'F_dwave': np.complex128(-0.07498225044318657j)}, 'free': np.float64(-9928.995117480305)}, {'stable': {'F_dwave': np.complex128(0.032878150012259466+0.06738965152971235j)}, 'free': np.float64(-9928.9951174803)}, {'stable': {'F_dwave': np.complex128(0.07498225044318663+0j)}, 'free': np.float64(-9928.995117480305)}]
------------------------------------------
====================================
mu=0.66, T=0.0735
====================================
  Seed: normal state
F_onsite: 0j
F_swave: 0j, F_dwave: 0j
F_px: 0j, F_py: 0j
Free_energy = -9713.752908356175
------------------------------------------
[{'stable': {}, 'free': np.float64(-9713.752908356175)}]
------------------------------------------
  Seed: px
F_onsite: -2.6276020815012464e-18j
F_swave: 2.8449465006019636e-16j, F_dwave: 0.07426021719654025j
F_px: (7.188508061454293e-18+0j), F_py: (-7.538967116200147e-18+0j)
Free_energy = -9926.504747026082
------------------------------------------
[{'stable': {'F_dwave': np.complex128(0.07426021719654025j)}, 'free': np.float64(-9926.504747026082)}]
------------------------------------------
  Seed: py
F_onsite: 9.474023810369947e-18j
F_swave: -3.0531133177191805e-16j, F_dwave: -0.07426021719654025j
F_px: (-6.603605341595597e-18+0j), F_py: (1.3254015870971894e-17+0j)
Free_energy = -9926.504747026082
------------------------------------------
[{'stable': {'F_dwave': np.complex128(0.07426021719654025j)}, 'free': np.float64(-9926.504747026082)}, {'stable': {'F_dwave': np.complex128(-0.07426021719654025j)}, 'free': np.float64(-9926.504747026082)}]
------------------------------------------
  Seed: px+py
F_onsite: 4.016624494148932e-17j
F_swave: -6.938893903907228e-17j, F_dwave: -0.07426021719652547j
F_px: (3.5953331805046923e-12+0j), F_py: (3.595943177484685e-12+0j)
Free_energy = -9926.504747025912
------------------------------------------
[{'stable': {'F_dwave': np.complex128(0.07426021719654025j)}, 'free': np.float64(-9926.504747026082)}, {'stable': {'F_dwave': np.complex128(-0.07426021719654025j)}, 'free': np.float64(-9926.504747026082)}]
------------------------------------------
  Seed: px+i*py
F_onsite: (6.617081365743615e-17-1.2410885162214086e-16j)
F_swave: (5.204170427930421e-18+5.898059818321144e-17j), F_dwave: (0.03256155352099996+0.06674073037041475j)
F_px: (1.2789935777135497e-11+2.6215397908035953e-11j), F_py: (6.45976362678713e-11+1.324047191331168e-10j)
Free_energy = -9926.50474702608
------------------------------------------
[{'stable': {'F_dwave': np.complex128(0.07426021719654025j)}, 'free': np.float64(-9926.504747026082)}, {'stable': {'F_dwave': np.complex128(-0.07426021719654025j)}, 'free': np.float64(-9926.504747026082)}, {'stable': {'F_dwave': np.complex128(0.03256155352099996+0.06674073037041475j)}, 'free': np.float64(-9926.50474702608)}]
------------------------------------------
  Seed: d-wave
F_onsite: (-9.583145476777942e-18+0j)
F_swave: (2.914335439641036e-16+0j), F_dwave: (0.07426021719654025+0j)
F_px: -5.4555299365699726e-18j, F_py: 8.181446569776209e-18j
Free_energy = -9926.504747026083
------------------------------------------
[{'stable': {'F_dwave': np.complex128(0.07426021719654025j)}, 'free': np.float64(-9926.504747026082)}, {'stable': {'F_dwave': np.complex128(-0.07426021719654025j)}, 'free': np.float64(-9926.504747026082)}, {'stable': {'F_dwave': np.complex128(0.03256155352099996+0.06674073037041475j)}, 'free': np.float64(-9926.50474702608)}, {'stable': {'F_dwave': np.complex128(0.07426021719654025+0j)}, 'free': np.float64(-9926.504747026083)}]
------------------------------------------
  Seed: d-wave+px
F_onsite: (-2.2328304935887284e-17-1.2856200481935509e-18j)
F_swave: (-1.0061396160665481e-16-5.552413615502096e-18j), F_dwave: (0.07426021719654038-1.6102524393271246e-18j)
F_px: (1.5158373167789563e-10-1.5444287938925982e-17j), F_py: (-2.0816681711721685e-17+5.7654439436916065e-18j)
Free_energy = -9926.504747026082
------------------------------------------
[{'stable': {'F_dwave': np.complex128(0.07426021719654025j)}, 'free': np.float64(-9926.504747026082)}, {'stable': {'F_dwave': np.complex128(-0.07426021719654025j)}, 'free': np.float64(-9926.504747026082)}, {'stable': {'F_dwave': np.complex128(0.03256155352099996+0.06674073037041475j)}, 'free': np.float64(-9926.50474702608)}, {'stable': {'F_dwave': np.complex128(0.07426021719654025+0j)}, 'free': np.float64(-9926.504747026083)}]
------------------------------------------
  Seed: d-wave+py
F_onsite: (-1.5912336476271547e-17-1.0275178899700282e-18j)
F_swave: (3.8163916471489756e-17+2.6355226557689644e-18j), F_dwave: (0.07426021719654029-5.252915974633018e-18j)
F_px: (-6.938893903907228e-18-2.4672458277576857e-18j), F_py: (1.51583849639092e-10+7.723771933718631e-18j)
Free_energy = -9926.50474702608
------------------------------------------
[{'stable': {'F_dwave': np.complex128(0.07426021719654025j)}, 'free': np.float64(-9926.504747026082)}, {'stable': {'F_dwave': np.complex128(-0.07426021719654025j)}, 'free': np.float64(-9926.504747026082)}, {'stable': {'F_dwave': np.complex128(0.03256155352099996+0.06674073037041475j)}, 'free': np.float64(-9926.50474702608)}, {'stable': {'F_dwave': np.complex128(0.07426021719654025+0j)}, 'free': np.float64(-9926.504747026083)}]
------------------------------------------
====================================
mu=0.66, T=0.0825
====================================
  Seed: normal state
F_onsite: 0j
F_swave: 0j, F_dwave: 0j
F_px: 0j, F_py: 0j
Free_energy = -9718.054574711163
------------------------------------------
[{'stable': {}, 'free': np.float64(-9718.054574711163)}]
------------------------------------------
  Seed: px
F_onsite: -3.5782678436890966e-17j
F_swave: -3.0531133177191805e-16j, F_dwave: 0.07328444190771005j
F_px: (2.1484077947077605e-17+0j), F_py: (-7.568682305156965e-18+0j)
Free_energy = -9923.176054451587
------------------------------------------
[{'stable': {'F_dwave': np.complex128(0.07328444190771005j)}, 'free': np.float64(-9923.176054451587)}]
------------------------------------------
  Seed: py
F_onsite: 3.5782678436890966e-17j
F_swave: 3.0531133177191805e-16j, F_dwave: -0.07328444190771005j
F_px: (-2.1484077947077605e-17+0j), F_py: (7.568682305156965e-18+0j)
Free_energy = -9923.176054451587
------------------------------------------
[{'stable': {'F_dwave': np.complex128(0.07328444190771005j)}, 'free': np.float64(-9923.176054451587)}, {'stable': {'F_dwave': np.complex128(-0.07328444190771005j)}, 'free': np.float64(-9923.176054451587)}]
------------------------------------------
  Seed: px+py
F_onsite: 4.7882878168759e-17j
F_swave: -6.245004513516506e-17j, F_dwave: -0.07328444190771005j
F_px: (2.752206244104168e-14+0j), F_py: (2.753752469000412e-14+0j)
Free_energy = -9923.176054451587
------------------------------------------
[{'stable': {'F_dwave': np.complex128(0.07328444190771005j)}, 'free': np.float64(-9923.176054451587)}, {'stable': {'F_dwave': np.complex128(-0.07328444190771005j)}, 'free': np.float64(-9923.176054451587)}]
------------------------------------------
  Seed: px+i*py
F_onsite: (-3.1956491507092033e-17-4.5964155617759985e-18j)
F_swave: (-2.949029909160572e-17+1.734723475976807e-17j), F_dwave: (0.0321336964463617+0.06586376073697582j)
F_px: (1.6952238224288152e-12+3.474616427912025e-12j), F_py: (8.561675673979252e-12+1.7548677788692402e-11j)
Free_energy = -9923.176054451587
------------------------------------------
[{'stable': {'F_dwave': np.complex128(0.07328444190771005j)}, 'free': np.float64(-9923.176054451587)}, {'stable': {'F_dwave': np.complex128(-0.07328444190771005j)}, 'free': np.float64(-9923.176054451587)}, {'stable': {'F_dwave': np.complex128(0.0321336964463617+0.06586376073697582j)}, 'free': np.float64(-9923.176054451587)}]
------------------------------------------
  Seed: d-wave
F_onsite: (-4.227441835398673e-17+0j)
F_swave: (-3.122502256758253e-16+0j), F_dwave: (0.07328444190771007+0j)
F_px: -2.4939980643681276e-17j, F_py: 7.140043929176887e-18j
Free_energy = -9923.176054451587
------------------------------------------
[{'stable': {'F_dwave': np.complex128(0.07328444190771005j)}, 'free': np.float64(-9923.176054451587)}, {'stable': {'F_dwave': np.complex128(-0.07328444190771005j)}, 'free': np.float64(-9923.176054451587)}, {'stable': {'F_dwave': np.complex128(0.0321336964463617+0.06586376073697582j)}, 'free': np.float64(-9923.176054451587)}, {'stable': {'F_dwave': np.complex128(0.07328444190771007+0j)}, 'free': np.float64(-9923.176054451587)}]
------------------------------------------
  Seed: d-wave+px
F_onsite: (-1.4131988265897066e-17+6.310630950549912e-19j)
F_swave: -1.4341955778412191e-18j, F_dwave: (0.07328444190770986+5.3720874718932265e-18j)
F_px: (2.0090949737205932e-11-9.673559276352148e-18j), F_py: (-1.3877787807814457e-17+7.847169585863714e-18j)
Free_energy = -9923.176054451587
------------------------------------------
[{'stable': {'F_dwave': np.complex128(0.07328444190771005j)}, 'free': np.float64(-9923.176054451587)}, {'stable': {'F_dwave': np.complex128(-0.07328444190771005j)}, 'free': np.float64(-9923.176054451587)}, {'stable': {'F_dwave': np.complex128(0.0321336964463617+0.06586376073697582j)}, 'free': np.float64(-9923.176054451587)}, {'stable': {'F_dwave': np.complex128(0.07328444190771007+0j)}, 'free': np.float64(-9923.176054451587)}]
------------------------------------------
  Seed: d-wave+py
F_onsite: (5.1913452458238674e-17-2.026316913520993e-19j)
F_swave: (-5.551115123125783e-17-2.228054443991538e-18j), F_dwave: (0.07328444190771002-8.935176232271519e-18j)
F_px: 1.5519385362459144e-18j, F_py: (2.0090443197950947e-11+7.595270874311888e-18j)
Free_energy = -9923.176054451587
------------------------------------------
[{'stable': {'F_dwave': np.complex128(0.07328444190771005j)}, 'free': np.float64(-9923.176054451587)}, {'stable': {'F_dwave': np.complex128(-0.07328444190771005j)}, 'free': np.float64(-9923.176054451587)}, {'stable': {'F_dwave': np.complex128(0.0321336964463617+0.06586376073697582j)}, 'free': np.float64(-9923.176054451587)}, {'stable': {'F_dwave': np.complex128(0.07328444190771007+0j)}, 'free': np.float64(-9923.176054451587)}]
------------------------------------------
====================================
mu=0.66, T=0.0916
====================================
  Seed: normal state
F_onsite: 0j
F_swave: 0j, F_dwave: 0j
F_px: 0j, F_py: 0j
Free_energy = -9722.87308682197
------------------------------------------
[{'stable': {}, 'free': np.float64(-9722.87308682197)}]
------------------------------------------
  Seed: px
F_onsite: -4.792621198666724e-17j
F_swave: -1.457167719820518e-16j, F_dwave: 0.07201894534963024j
F_px: (5.676736721994339e-18+0j), F_py: (-6.966041479957008e-18+0j)
Free_energy = -9918.945606178972
------------------------------------------
[{'stable': {'F_dwave': np.complex128(0.07201894534963024j)}, 'free': np.float64(-9918.945606178972)}]
------------------------------------------
  Seed: py
F_onsite: 4.792621198666724e-17j
F_swave: 1.457167719820518e-16j, F_dwave: -0.07201894534963024j
F_px: (-5.676736721994339e-18+0j), F_py: (6.966041479957008e-18+0j)
Free_energy = -9918.945606178972
------------------------------------------
[{'stable': {'F_dwave': np.complex128(0.07201894534963024j)}, 'free': np.float64(-9918.945606178972)}, {'stable': {'F_dwave': np.complex128(-0.07201894534963024j)}, 'free': np.float64(-9918.945606178972)}]
------------------------------------------
  Seed: px+py
F_onsite: 1.6787240102514572e-17j
F_swave: 1.5265566588595902e-16j, F_dwave: -0.07201894534963023j
F_px: (8.684021078602299e-17+0j), F_py: (1.2062270788995513e-16+0j)
Free_energy = -9918.945606178972
------------------------------------------
[{'stable': {'F_dwave': np.complex128(0.07201894534963024j)}, 'free': np.float64(-9918.945606178972)}, {'stable': {'F_dwave': np.complex128(-0.07201894534963024j)}, 'free': np.float64(-9918.945606178972)}]
------------------------------------------
  Seed: px+i*py
F_onsite: (-6.35639507211852e-17-7.604371609375414e-17j)
F_swave: (-5.204170427930421e-18+3.8163916471489756e-17j), F_dwave: (0.03157880264908807+0.06472640660907235j)
F_px: (1.372721381009967e-13+2.810876531533779e-13j), F_py: (6.929214146911278e-13+1.420370765448098e-12j)
Free_energy = -9918.945606178972
------------------------------------------
[{'stable': {'F_dwave': np.complex128(0.07201894534963024j)}, 'free': np.float64(-9918.945606178972)}, {'stable': {'F_dwave': np.complex128(-0.07201894534963024j)}, 'free': np.float64(-9918.945606178972)}, {'stable': {'F_dwave': np.complex128(0.03157880264908807+0.06472640660907235j)}, 'free': np.float64(-9918.945606178972)}]
------------------------------------------
  Seed: d-wave
F_onsite: (-5.5071781929704515e-17+0j)
F_swave: (-1.5959455978986625e-16+0j), F_dwave: (0.07201894534963024+0j)
F_px: -3.941166213070277e-18j, F_py: 6.650945223578409e-18j
Free_energy = -9918.945606178972
------------------------------------------
[{'stable': {'F_dwave': np.complex128(0.07201894534963024j)}, 'free': np.float64(-9918.945606178972)}, {'stable': {'F_dwave': np.complex128(-0.07201894534963024j)}, 'free': np.float64(-9918.945606178972)}, {'stable': {'F_dwave': np.complex128(0.03157880264908807+0.06472640660907235j)}, 'free': np.float64(-9918.945606178972)}, {'stable': {'F_dwave': np.complex128(0.07201894534963024+0j)}, 'free': np.float64(-9918.945606178972)}]
------------------------------------------
  Seed: d-wave+px
F_onsite: (1.0889759900976281e-17-1.6192098638986103e-19j)
F_swave: (-3.469446951953614e-18-2.2725618445061723e-18j), F_dwave: (0.07201894534963031-2.7018826937133548e-18j)
F_px: (1.6263934643490074e-12-7.997475595164796e-18j), F_py: (2.0816681711721685e-17+4.839553979525748e-18j)
Free_energy = -9918.945606178975
------------------------------------------
[{'stable': {'F_dwave': np.complex128(0.07201894534963024j)}, 'free': np.float64(-9918.945606178972)}, {'stable': {'F_dwave': np.complex128(-0.07201894534963024j)}, 'free': np.float64(-9918.945606178972)}, {'stable': {'F_dwave': np.complex128(0.03157880264908807+0.06472640660907235j)}, 'free': np.float64(-9918.945606178972)}, {'stable': {'F_dwave': np.complex128(0.07201894534963024+0j)}, 'free': np.float64(-9918.945606178972)}]
------------------------------------------
  Seed: d-wave+py
F_onsite: (-7.119636483451337e-17+3.6674341549903877e-19j)
F_swave: (-1.0755285551056204e-16+1.2058914317504733e-18j), F_dwave: (0.07201894534963044+4.7330081442250636e-18j)
F_px: (4.85722573273506e-17+5.10909953677096e-19j), F_py: (1.6266363256356442e-12+5.861626594059556e-18j)
Free_energy = -9918.945606178975
------------------------------------------
[{'stable': {'F_dwave': np.complex128(0.07201894534963024j)}, 'free': np.float64(-9918.945606178972)}, {'stable': {'F_dwave': np.complex128(-0.07201894534963024j)}, 'free': np.float64(-9918.945606178972)}, {'stable': {'F_dwave': np.complex128(0.03157880264908807+0.06472640660907235j)}, 'free': np.float64(-9918.945606178972)}, {'stable': {'F_dwave': np.complex128(0.07201894534963024+0j)}, 'free': np.float64(-9918.945606178972)}]
------------------------------------------
====================================
mu=0.66, T=0.1007
====================================
  Seed: normal state
F_onsite: 0j
F_swave: 0j, F_dwave: 0j
F_px: 0j, F_py: 0j
Free_energy = -9728.213911141138
------------------------------------------
[{'stable': {}, 'free': np.float64(-9728.213911141138)}]
------------------------------------------
  Seed: px
F_onsite: 7.143664118905955e-18j
F_swave: -6.938893903907228e-18j, F_dwave: 0.070429668211682j
F_px: (7.423214770001927e-18+0j), F_py: (-6.509120636126727e-18+0j)
Free_energy = -9913.791258062216
------------------------------------------
[{'stable': {'F_dwave': np.complex128(0.070429668211682j)}, 'free': np.float64(-9913.791258062216)}]
------------------------------------------
  Seed: py
F_onsite: -7.143664118905955e-18j
F_swave: 6.938893903907228e-18j, F_dwave: -0.070429668211682j
F_px: (-7.423214770001927e-18+0j), F_py: (6.509120636126727e-18+0j)
Free_energy = -9913.791258062216
------------------------------------------
[{'stable': {'F_dwave': np.complex128(0.070429668211682j)}, 'free': np.float64(-9913.791258062216)}, {'stable': {'F_dwave': np.complex128(-0.070429668211682j)}, 'free': np.float64(-9913.791258062216)}]
------------------------------------------
  Seed: px+py
F_onsite: -2.276162817729517e-18j
F_swave: 6.938893903907228e-18j, F_dwave: -0.070429668211682j
F_px: (-7.208145329196302e-18+0j), F_py: (7.747231342106298e-18+0j)
Free_energy = -9913.791258062216
------------------------------------------
[{'stable': {'F_dwave': np.complex128(0.070429668211682j)}, 'free': np.float64(-9913.791258062216)}, {'stable': {'F_dwave': np.complex128(-0.070429668211682j)}, 'free': np.float64(-9913.791258062216)}]
------------------------------------------
  Seed: px+i*py
F_onsite: (-6.385432097540849e-17-9.478022226868301e-18j)
F_swave: (-2.0816681711721685e-17+7.979727989493313e-17j), F_dwave: (0.030881937833165833+0.06329805747474498j)
F_px: (7.717784744620815e-15+1.582067810090848e-14j), F_py: (3.8767600241129685e-14+7.922135170090883e-14j)
Free_energy = -9913.791258062216
------------------------------------------
[{'stable': {'F_dwave': np.complex128(0.070429668211682j)}, 'free': np.float64(-9913.791258062216)}, {'stable': {'F_dwave': np.complex128(-0.070429668211682j)}, 'free': np.float64(-9913.791258062216)}, {'stable': {'F_dwave': np.complex128(0.030881937833165833+0.06329805747474498j)}, 'free': np.float64(-9913.791258062216)}]
------------------------------------------
  Seed: d-wave
F_onsite: (8.962005628644523e-18+0j)
F_swave: 0j, F_dwave: (0.070429668211682+0j)
F_px: -3.2514823790040537e-18j, F_py: 7.770101231682164e-18j
Free_energy = -9913.791258062216
------------------------------------------
[{'stable': {'F_dwave': np.complex128(0.070429668211682j)}, 'free': np.float64(-9913.791258062216)}, {'stable': {'F_dwave': np.complex128(-0.070429668211682j)}, 'free': np.float64(-9913.791258062216)}, {'stable': {'F_dwave': np.complex128(0.030881937833165833+0.06329805747474498j)}, 'free': np.float64(-9913.791258062216)}, {'stable': {'F_dwave': np.complex128(0.070429668211682+0j)}, 'free': np.float64(-9913.791258062216)}]
------------------------------------------
  Seed: d-wave+px
F_onsite: (2.1860479978748333e-17+1.30940619114644e-19j)
F_swave: (-3.469446951953614e-18-1.2537201216100522e-18j), F_dwave: (0.07042966821168212-3.3409878707756608e-18j)
F_px: (9.060113770331668e-14-3.3216625322549436e-18j), F_py: (-2.0816681711721685e-17+7.167886780243292e-18j)
Free_energy = -9913.791258062216
------------------------------------------
[{'stable': {'F_dwave': np.complex128(0.070429668211682j)}, 'free': np.float64(-9913.791258062216)}, {'stable': {'F_dwave': np.complex128(-0.070429668211682j)}, 'free': np.float64(-9913.791258062216)}, {'stable': {'F_dwave': np.complex128(0.030881937833165833+0.06329805747474498j)}, 'free': np.float64(-9913.791258062216)}, {'stable': {'F_dwave': np.complex128(0.070429668211682+0j)}, 'free': np.float64(-9913.791258062216)}]
------------------------------------------
  Seed: d-wave+py
F_onsite: (9.873042931318268e-18-1.4412650572160567e-20j)
F_swave: (1.0408340855860843e-16+5.006256542578948e-19j), F_dwave: (0.07042966821168206+4.946278053608079e-18j)
F_px: (-1.3877787807814457e-17-1.2459221916863221e-17j), F_py: (9.046929871914244e-14+6.021257313137704e-18j)
Free_energy = -9913.791258062216
------------------------------------------
[{'stable': {'F_dwave': np.complex128(0.070429668211682j)}, 'free': np.float64(-9913.791258062216)}, {'stable': {'F_dwave': np.complex128(-0.070429668211682j)}, 'free': np.float64(-9913.791258062216)}, {'stable': {'F_dwave': np.complex128(0.030881937833165833+0.06329805747474498j)}, 'free': np.float64(-9913.791258062216)}, {'stable': {'F_dwave': np.complex128(0.070429668211682+0j)}, 'free': np.float64(-9913.791258062216)}]
------------------------------------------
====================================
mu=0.66, T=0.1097
====================================
  Seed: normal state
F_onsite: 0j
F_swave: 0j, F_dwave: 0j
F_px: 0j, F_py: 0j
Free_energy = -9734.082669079278
------------------------------------------
[{'stable': {}, 'free': np.float64(-9734.082669079278)}]
------------------------------------------
  Seed: px
F_onsite: -9.160558754159302e-17j
F_swave: -5.551115123125783e-17j, F_dwave: 0.06847702240030241j
F_px: (-8.688765538441719e-18+0j), F_py: (-4.626007575702807e-18+0j)
Free_energy = -9907.691098060244
------------------------------------------
[{'stable': {'F_dwave': np.complex128(0.06847702240030241j)}, 'free': np.float64(-9907.691098060244)}]
------------------------------------------
  Seed: py
F_onsite: 9.160558754159302e-17j
F_swave: 5.551115123125783e-17j, F_dwave: -0.06847702240030241j
F_px: (8.688765538441719e-18+0j), F_py: (4.626007575702807e-18+0j)
Free_energy = -9907.691098060244
------------------------------------------
[{'stable': {'F_dwave': np.complex128(0.06847702240030241j)}, 'free': np.float64(-9907.691098060244)}, {'stable': {'F_dwave': np.complex128(-0.06847702240030241j)}, 'free': np.float64(-9907.691098060244)}]
------------------------------------------
  Seed: px+py
F_onsite: 9.160558754159302e-17j
F_swave: 5.551115123125783e-17j, F_dwave: -0.06847702240030241j
F_px: (8.688765538441719e-18+0j), F_py: (4.626007575702807e-18+0j)
Free_energy = -9907.691098060244
------------------------------------------
[{'stable': {'F_dwave': np.complex128(0.06847702240030241j)}, 'free': np.float64(-9907.691098060244)}, {'stable': {'F_dwave': np.complex128(-0.06847702240030241j)}, 'free': np.float64(-9907.691098060244)}]
------------------------------------------
  Seed: px+i*py
F_onsite: (-4.762218414555179e-17-5.325494000990309e-17j)
F_swave: (-3.0357660829594124e-17-1.9081958235744878e-17j), F_dwave: (0.030025743446788787+0.06154313387599859j)
F_px: (2.5500435096859064e-16+5.204170427930421e-16j), F_py: (1.1188966420050406e-15+2.203098814490545e-15j)
Free_energy = -9907.691098060244
------------------------------------------
[{'stable': {'F_dwave': np.complex128(0.06847702240030241j)}, 'free': np.float64(-9907.691098060244)}, {'stable': {'F_dwave': np.complex128(-0.06847702240030241j)}, 'free': np.float64(-9907.691098060244)}, {'stable': {'F_dwave': np.complex128(0.030025743446788787+0.06154313387599859j)}, 'free': np.float64(-9907.691098060244)}]
------------------------------------------
  Seed: d-wave
F_onsite: (-9.160495226688258e-17+0j)
F_swave: (-5.551115123125783e-17+0j), F_dwave: (0.06847702240030241+0j)
F_px: 8.688818478000922e-18j, F_py: 4.5042465895350016e-18j
Free_energy = -9907.691098060244
------------------------------------------
[{'stable': {'F_dwave': np.complex128(0.06847702240030241j)}, 'free': np.float64(-9907.691098060244)}, {'stable': {'F_dwave': np.complex128(-0.06847702240030241j)}, 'free': np.float64(-9907.691098060244)}, {'stable': {'F_dwave': np.complex128(0.030025743446788787+0.06154313387599859j)}, 'free': np.float64(-9907.691098060244)}, {'stable': {'F_dwave': np.complex128(0.06847702240030241+0j)}, 'free': np.float64(-9907.691098060244)}]
------------------------------------------
  Seed: d-wave+px
F_onsite: (-8.929281880343494e-17+5.652656579466451e-19j)
F_swave: (-4.163336342344337e-17+8.066838094783651e-19j), F_dwave: (0.06847702240030225-2.5252155264358105e-18j)
F_px: (2.6367796834847468e-15-2.426875512717692e-18j), F_py: (1.3877787807814457e-17+5.776333765384481e-18j)
Free_energy = -9907.691098060244
------------------------------------------
[{'stable': {'F_dwave': np.complex128(0.06847702240030241j)}, 'free': np.float64(-9907.691098060244)}, {'stable': {'F_dwave': np.complex128(-0.06847702240030241j)}, 'free': np.float64(-9907.691098060244)}, {'stable': {'F_dwave': np.complex128(0.030025743446788787+0.06154313387599859j)}, 'free': np.float64(-9907.691098060244)}, {'stable': {'F_dwave': np.complex128(0.06847702240030241+0j)}, 'free': np.float64(-9907.691098060244)}]
------------------------------------------
  Seed: d-wave+py
F_onsite: (-8.592573091754363e-17+8.155759394921294e-19j)
F_swave: (-7.632783294297951e-17+3.0920692062562105e-18j), F_dwave: (0.06847702240030233+1.1441254108055303e-17j)
F_px: 6.014242959594681e-18j, F_py: (2.373101715136272e-15+8.105100776500068e-18j)
Free_energy = -9907.691098060244
------------------------------------------
[{'stable': {'F_dwave': np.complex128(0.06847702240030241j)}, 'free': np.float64(-9907.691098060244)}, {'stable': {'F_dwave': np.complex128(-0.06847702240030241j)}, 'free': np.float64(-9907.691098060244)}, {'stable': {'F_dwave': np.complex128(0.030025743446788787+0.06154313387599859j)}, 'free': np.float64(-9907.691098060244)}, {'stable': {'F_dwave': np.complex128(0.06847702240030241+0j)}, 'free': np.float64(-9907.691098060244)}]
------------------------------------------
====================================
mu=0.66, T=0.1188
====================================
  Seed: normal state
F_onsite: 0j
F_swave: 0j, F_dwave: 0j
F_px: 0j, F_py: 0j
Free_energy = -9740.484722668865
------------------------------------------
[{'stable': {}, 'free': np.float64(-9740.484722668865)}]
------------------------------------------
  Seed: px
F_onsite: -3.7133130314240476e-18j
F_swave: 2.0816681711721685e-17j, F_dwave: 0.06611699767176361j
F_px: (9.813180269225876e-18+0j), F_py: (-6.162965402107986e-18+0j)
Free_energy = -9900.651958196027
------------------------------------------
[{'stable': {'F_dwave': np.complex128(0.06611699767176361j)}, 'free': np.float64(-9900.651958196027)}]
------------------------------------------
  Seed: py
F_onsite: 3.7133130314240476e-18j
F_swave: -2.0816681711721685e-17j, F_dwave: -0.06611699767176361j
F_px: (-9.813180269225876e-18+0j), F_py: (6.162965402107986e-18+0j)
Free_energy = -9900.651958196027
------------------------------------------
[{'stable': {'F_dwave': np.complex128(0.06611699767176361j)}, 'free': np.float64(-9900.651958196027)}, {'stable': {'F_dwave': np.complex128(-0.06611699767176361j)}, 'free': np.float64(-9900.651958196027)}]
------------------------------------------
  Seed: px+py
F_onsite: 3.7133130314240476e-18j
F_swave: -2.0816681711721685e-17j, F_dwave: -0.06611699767176361j
F_px: (-9.813180269225876e-18+0j), F_py: (6.162965402107986e-18+0j)
Free_energy = -9900.651958196027
------------------------------------------
[{'stable': {'F_dwave': np.complex128(0.06611699767176361j)}, 'free': np.float64(-9900.651958196027)}, {'stable': {'F_dwave': np.complex128(-0.06611699767176361j)}, 'free': np.float64(-9900.651958196027)}]
------------------------------------------
  Seed: px+i*py
F_onsite: (3.052120767158566e-17-5.310750995496654e-17j)
F_swave: (-1.9949319973733282e-17-1.0408340855860843e-17j), F_dwave: (0.028990921917708558+0.059422081985481365j)
F_px: (-7.632783294297951e-17-2.7755575615628914e-17j), F_py: (1.734723475976807e-18+1.3877787807814457e-17j)
Free_energy = -9900.651958196024
------------------------------------------
[{'stable': {'F_dwave': np.complex128(0.06611699767176361j)}, 'free': np.float64(-9900.651958196027)}, {'stable': {'F_dwave': np.complex128(-0.06611699767176361j)}, 'free': np.float64(-9900.651958196027)}, {'stable': {'F_dwave': np.complex128(0.028990921917708558+0.059422081985481365j)}, 'free': np.float64(-9900.651958196024)}]
------------------------------------------
  Seed: d-wave
F_onsite: (6.234030142893642e-19+0j)
F_swave: (2.0816681711721685e-17+0j), F_dwave: (0.06611699767176361+0j)
F_px: -9.766791980473903e-18j, F_py: 6.60174997548164e-18j
Free_energy = -9900.651958196027
------------------------------------------
[{'stable': {'F_dwave': np.complex128(0.06611699767176361j)}, 'free': np.float64(-9900.651958196027)}, {'stable': {'F_dwave': np.complex128(-0.06611699767176361j)}, 'free': np.float64(-9900.651958196027)}, {'stable': {'F_dwave': np.complex128(0.028990921917708558+0.059422081985481365j)}, 'free': np.float64(-9900.651958196024)}, {'stable': {'F_dwave': np.complex128(0.06611699767176361+0j)}, 'free': np.float64(-9900.651958196027)}]
------------------------------------------
  Seed: d-wave+px
F_onsite: (1.2702979579752344e-18+3.7255237511904215e-19j)
F_swave: (2.0816681711721685e-17+1.844943638238273e-19j), F_dwave: (0.06611699767176361+1.3771167535578822e-18j)
F_px: (3.469446951953614e-17-1.1148956190129583e-17j), F_py: 4.225260075616792e-18j
Free_energy = -9900.651958196027
------------------------------------------
[{'stable': {'F_dwave': np.complex128(0.06611699767176361j)}, 'free': np.float64(-9900.651958196027)}, {'stable': {'F_dwave': np.complex128(-0.06611699767176361j)}, 'free': np.float64(-9900.651958196027)}, {'stable': {'F_dwave': np.complex128(0.028990921917708558+0.059422081985481365j)}, 'free': np.float64(-9900.651958196024)}, {'stable': {'F_dwave': np.complex128(0.06611699767176361+0j)}, 'free': np.float64(-9900.651958196027)}]
------------------------------------------
  Seed: d-wave+py
F_onsite: (-3.510395700997439e-18+8.106284470266466e-19j)
F_swave: (2.7755575615628914e-17-8.373487302328358e-19j), F_dwave: (0.06611699767176361+1.8484653596962174e-18j)
F_px: -1.2206779572880772e-17j, F_py: (2.7755575615628914e-17+5.147091656941812e-18j)
Free_energy = -9900.651958196027
------------------------------------------
[{'stable': {'F_dwave': np.complex128(0.06611699767176361j)}, 'free': np.float64(-9900.651958196027)}, {'stable': {'F_dwave': np.complex128(-0.06611699767176361j)}, 'free': np.float64(-9900.651958196027)}, {'stable': {'F_dwave': np.complex128(0.028990921917708558+0.059422081985481365j)}, 'free': np.float64(-9900.651958196024)}, {'stable': {'F_dwave': np.complex128(0.06611699767176361+0j)}, 'free': np.float64(-9900.651958196027)}]
------------------------------------------
====================================
mu=0.66, T=0.1278
====================================
  Seed: normal state
F_onsite: 0j
F_swave: 0j, F_dwave: 0j
F_px: 0j, F_py: 0j
Free_energy = -9747.424879556376
------------------------------------------
[{'stable': {}, 'free': np.float64(-9747.424879556376)}]
------------------------------------------
  Seed: px
F_onsite: -4.674236837626079e-17j
F_swave: 1.942890293094024e-16j, F_dwave: 0.06329302397460433j
F_px: (1.2207097210235992e-17+0j), F_py: (-5.831294100615049e-18+0j)
Free_energy = -9892.681082293178
------------------------------------------
[{'stable': {'F_dwave': np.complex128(0.06329302397460433j)}, 'free': np.float64(-9892.681082293178)}]
------------------------------------------
  Seed: py
F_onsite: 4.674236837626079e-17j
F_swave: -1.942890293094024e-16j, F_dwave: -0.06329302397460433j
F_px: (-1.2207097210235992e-17+0j), F_py: (5.831294100615049e-18+0j)
Free_energy = -9892.681082293178
------------------------------------------
[{'stable': {'F_dwave': np.complex128(0.06329302397460433j)}, 'free': np.float64(-9892.681082293178)}, {'stable': {'F_dwave': np.complex128(-0.06329302397460433j)}, 'free': np.float64(-9892.681082293178)}]
------------------------------------------
  Seed: px+py
F_onsite: 4.674236837626079e-17j
F_swave: -1.942890293094024e-16j, F_dwave: -0.06329302397460433j
F_px: (-1.2207097210235992e-17+0j), F_py: (5.831294100615049e-18+0j)
Free_energy = -9892.681082293178
------------------------------------------
[{'stable': {'F_dwave': np.complex128(0.06329302397460433j)}, 'free': np.float64(-9892.681082293178)}, {'stable': {'F_dwave': np.complex128(-0.06329302397460433j)}, 'free': np.float64(-9892.681082293178)}]
------------------------------------------
  Seed: px+i*py
F_onsite: (-2.1806707717106802e-17-1.0264570909698716e-16j)
F_swave: (-3.469446951953614e-17+4.5102810375396984e-17j), F_dwave: (0.027752668460429078+0.056884059956857705j)
F_px: (-7.806255641895632e-17+1.734723475976807e-16j), F_py: (-2.42861286636753e-17+3.469446951953614e-17j)
Free_energy = -9892.68108229318
------------------------------------------
[{'stable': {'F_dwave': np.complex128(0.06329302397460433j)}, 'free': np.float64(-9892.681082293178)}, {'stable': {'F_dwave': np.complex128(-0.06329302397460433j)}, 'free': np.float64(-9892.681082293178)}, {'stable': {'F_dwave': np.complex128(0.027752668460429078+0.056884059956857705j)}, 'free': np.float64(-9892.68108229318)}]
------------------------------------------
  Seed: d-wave
F_onsite: (-6.02685051620667e-17+0j)
F_swave: (1.8041124150158794e-16+0j), F_dwave: (0.06329302397460436+0j)
F_px: -1.316056017818504e-17j, F_py: 7.349600658568382e-18j
Free_energy = -9892.681082293178
------------------------------------------
[{'stable': {'F_dwave': np.complex128(0.06329302397460433j)}, 'free': np.float64(-9892.681082293178)}, {'stable': {'F_dwave': np.complex128(-0.06329302397460433j)}, 'free': np.float64(-9892.681082293178)}, {'stable': {'F_dwave': np.complex128(0.027752668460429078+0.056884059956857705j)}, 'free': np.float64(-9892.68108229318)}, {'stable': {'F_dwave': np.complex128(0.06329302397460436+0j)}, 'free': np.float64(-9892.681082293178)}]
------------------------------------------
  Seed: d-wave+px
F_onsite: (-6.667086986833734e-17+0j)
F_swave: (1.8735013540549517e-16+0j), F_dwave: (0.06329302397460436+0j)
F_px: -1.1392562534887675e-17j, F_py: 7.127456341983591e-18j
Free_energy = -9892.681082293178
------------------------------------------
[{'stable': {'F_dwave': np.complex128(0.06329302397460433j)}, 'free': np.float64(-9892.681082293178)}, {'stable': {'F_dwave': np.complex128(-0.06329302397460433j)}, 'free': np.float64(-9892.681082293178)}, {'stable': {'F_dwave': np.complex128(0.027752668460429078+0.056884059956857705j)}, 'free': np.float64(-9892.68108229318)}, {'stable': {'F_dwave': np.complex128(0.06329302397460436+0j)}, 'free': np.float64(-9892.681082293178)}]
------------------------------------------
  Seed: d-wave+py
F_onsite: (-6.02685051620667e-17+0j)
F_swave: (1.8041124150158794e-16+0j), F_dwave: (0.06329302397460436+0j)
F_px: -1.316056017818504e-17j, F_py: 7.349600658568382e-18j
Free_energy = -9892.681082293178
------------------------------------------
[{'stable': {'F_dwave': np.complex128(0.06329302397460433j)}, 'free': np.float64(-9892.681082293178)}, {'stable': {'F_dwave': np.complex128(-0.06329302397460433j)}, 'free': np.float64(-9892.681082293178)}, {'stable': {'F_dwave': np.complex128(0.027752668460429078+0.056884059956857705j)}, 'free': np.float64(-9892.68108229318)}, {'stable': {'F_dwave': np.complex128(0.06329302397460436+0j)}, 'free': np.float64(-9892.681082293178)}]
------------------------------------------
====================================
mu=0.66, T=0.1369
====================================
  Seed: normal state
F_onsite: 0j
F_swave: 0j, F_dwave: 0j
F_px: 0j, F_py: 0j
Free_energy = -9754.907196901398
------------------------------------------
[{'stable': {}, 'free': np.float64(-9754.907196901398)}]
------------------------------------------
  Seed: px
F_onsite: -7.590593112590807e-18j
F_swave: -4.5102810375396984e-17j, F_dwave: 0.05993119545726725j
F_px: (1.434996979841994e-17+0j), F_py: (-9.081637451915617e-18+0j)
Free_energy = -9883.798293522625
------------------------------------------
[{'stable': {'F_dwave': np.complex128(0.05993119545726725j)}, 'free': np.float64(-9883.798293522625)}]
------------------------------------------
  Seed: py
F_onsite: 7.590593112590807e-18j
F_swave: 4.5102810375396984e-17j, F_dwave: -0.05993119545726725j
F_px: (-1.434996979841994e-17+0j), F_py: (9.081637451915617e-18+0j)
Free_energy = -9883.798293522625
------------------------------------------
[{'stable': {'F_dwave': np.complex128(0.05993119545726725j)}, 'free': np.float64(-9883.798293522625)}, {'stable': {'F_dwave': np.complex128(-0.05993119545726725j)}, 'free': np.float64(-9883.798293522625)}]
------------------------------------------
  Seed: px+py
F_onsite: 7.590593112590807e-18j
F_swave: 4.5102810375396984e-17j, F_dwave: -0.05993119545726725j
F_px: (-1.434996979841994e-17+0j), F_py: (9.081637451915617e-18+0j)
Free_energy = -9883.798293522625
------------------------------------------
[{'stable': {'F_dwave': np.complex128(0.05993119545726725j)}, 'free': np.float64(-9883.798293522625)}, {'stable': {'F_dwave': np.complex128(-0.05993119545726725j)}, 'free': np.float64(-9883.798293522625)}]
------------------------------------------
  Seed: px+i*py
F_onsite: (-3.6486371028175064e-17+4.0236546536416925e-17j)
F_swave: (8.673617379884035e-19+1.0408340855860843e-16j), F_dwave: (0.026278576903357755+0.053862645542819776j)
F_px: (7.806255641895632e-17-2.7755575615628914e-16j), F_py: (1.5612511283791264e-17-6.938893903907228e-18j)
Free_energy = -9883.798293522625
------------------------------------------
[{'stable': {'F_dwave': np.complex128(0.05993119545726725j)}, 'free': np.float64(-9883.798293522625)}, {'stable': {'F_dwave': np.complex128(-0.05993119545726725j)}, 'free': np.float64(-9883.798293522625)}, {'stable': {'F_dwave': np.complex128(0.026278576903357755+0.053862645542819776j)}, 'free': np.float64(-9883.798293522625)}]
------------------------------------------
  Seed: d-wave
F_onsite: (-6.961810115597397e-18+0j)
F_swave: (-4.163336342344337e-17+0j), F_dwave: (0.059931195457267245+0j)
F_px: -8.360809105079757e-18j, F_py: 9.495479221098347e-18j
Free_energy = -9883.798293522625
------------------------------------------
[{'stable': {'F_dwave': np.complex128(0.05993119545726725j)}, 'free': np.float64(-9883.798293522625)}, {'stable': {'F_dwave': np.complex128(-0.05993119545726725j)}, 'free': np.float64(-9883.798293522625)}, {'stable': {'F_dwave': np.complex128(0.026278576903357755+0.053862645542819776j)}, 'free': np.float64(-9883.798293522625)}, {'stable': {'F_dwave': np.complex128(0.059931195457267245+0j)}, 'free': np.float64(-9883.798293522625)}]
------------------------------------------
  Seed: d-wave+px
F_onsite: (-6.961810115597397e-18+0j)
F_swave: (-4.163336342344337e-17+0j), F_dwave: (0.059931195457267245+0j)
F_px: -8.360809105079757e-18j, F_py: 9.495479221098347e-18j
Free_energy = -9883.798293522625
------------------------------------------
[{'stable': {'F_dwave': np.complex128(0.05993119545726725j)}, 'free': np.float64(-9883.798293522625)}, {'stable': {'F_dwave': np.complex128(-0.05993119545726725j)}, 'free': np.float64(-9883.798293522625)}, {'stable': {'F_dwave': np.complex128(0.026278576903357755+0.053862645542819776j)}, 'free': np.float64(-9883.798293522625)}, {'stable': {'F_dwave': np.complex128(0.059931195457267245+0j)}, 'free': np.float64(-9883.798293522625)}]
------------------------------------------
  Seed: d-wave+py
F_onsite: (-6.961810115597397e-18+0j)
F_swave: (-4.163336342344337e-17+0j), F_dwave: (0.059931195457267245+0j)
F_px: -8.360809105079757e-18j, F_py: 9.495479221098347e-18j
Free_energy = -9883.798293522625
------------------------------------------
[{'stable': {'F_dwave': np.complex128(0.05993119545726725j)}, 'free': np.float64(-9883.798293522625)}, {'stable': {'F_dwave': np.complex128(-0.05993119545726725j)}, 'free': np.float64(-9883.798293522625)}, {'stable': {'F_dwave': np.complex128(0.026278576903357755+0.053862645542819776j)}, 'free': np.float64(-9883.798293522625)}, {'stable': {'F_dwave': np.complex128(0.059931195457267245+0j)}, 'free': np.float64(-9883.798293522625)}]
------------------------------------------
====================================
mu=0.66, T=0.1460
====================================
  Seed: normal state
F_onsite: 0j
F_swave: 0j, F_dwave: 0j
F_px: 0j, F_py: 0j
Free_energy = -9762.934867660053
------------------------------------------
[{'stable': {}, 'free': np.float64(-9762.934867660053)}]
------------------------------------------
  Seed: px
F_onsite: -1.1829429207293064e-16j
F_swave: -2.0816681711721685e-17j, F_dwave: 0.0559276931363346j
F_px: (2.0469322102731067e-17+0j), F_py: (-7.32773331189493e-18+0j)
Free_energy = -9874.028698745537
------------------------------------------
[{'stable': {'F_dwave': np.complex128(0.0559276931363346j)}, 'free': np.float64(-9874.028698745537)}]
------------------------------------------
  Seed: py
F_onsite: 1.1829429207293064e-16j
F_swave: 2.0816681711721685e-17j, F_dwave: -0.0559276931363346j
F_px: (-2.0469322102731067e-17+0j), F_py: (7.32773331189493e-18+0j)
Free_energy = -9874.028698745537
------------------------------------------
[{'stable': {'F_dwave': np.complex128(0.0559276931363346j)}, 'free': np.float64(-9874.028698745537)}, {'stable': {'F_dwave': np.complex128(-0.0559276931363346j)}, 'free': np.float64(-9874.028698745537)}]
------------------------------------------
  Seed: px+py
F_onsite: 1.1829429207293064e-16j
F_swave: 2.0816681711721685e-17j, F_dwave: -0.0559276931363346j
F_px: (-2.0469322102731067e-17+0j), F_py: (7.32773331189493e-18+0j)
Free_energy = -9874.028698745537
------------------------------------------
[{'stable': {'F_dwave': np.complex128(0.0559276931363346j)}, 'free': np.float64(-9874.028698745537)}, {'stable': {'F_dwave': np.complex128(-0.0559276931363346j)}, 'free': np.float64(-9874.028698745537)}]
------------------------------------------
  Seed: px+i*py
F_onsite: (-1.0789168192435356e-17-5.712958634799948e-17j)
F_swave: (-3.903127820947816e-17-2.949029909160572e-17j), F_dwave: (0.024523124791637665+0.05026453232654007j)
F_px: (2.0816681711721685e-17+6.938893903907228e-18j), F_py: (-1.734723475976807e-18+4.5102810375396984e-17j)
Free_energy = -9874.02869874554
------------------------------------------
[{'stable': {'F_dwave': np.complex128(0.0559276931363346j)}, 'free': np.float64(-9874.028698745537)}, {'stable': {'F_dwave': np.complex128(-0.0559276931363346j)}, 'free': np.float64(-9874.028698745537)}, {'stable': {'F_dwave': np.complex128(0.024523124791637665+0.05026453232654007j)}, 'free': np.float64(-9874.02869874554)}]
------------------------------------------
  Seed: d-wave
F_onsite: (-1.1830885045171157e-16+0j)
F_swave: (-2.42861286636753e-17+0j), F_dwave: (0.0559276931363346+0j)
F_px: -2.3918499820954682e-17j, F_py: 8.272466215659094e-18j
Free_energy = -9874.028698745537
------------------------------------------
[{'stable': {'F_dwave': np.complex128(0.0559276931363346j)}, 'free': np.float64(-9874.028698745537)}, {'stable': {'F_dwave': np.complex128(-0.0559276931363346j)}, 'free': np.float64(-9874.028698745537)}, {'stable': {'F_dwave': np.complex128(0.024523124791637665+0.05026453232654007j)}, 'free': np.float64(-9874.02869874554)}, {'stable': {'F_dwave': np.complex128(0.0559276931363346+0j)}, 'free': np.float64(-9874.028698745537)}]
------------------------------------------
  Seed: d-wave+px
F_onsite: (-1.1830885045171157e-16+0j)
F_swave: (-2.42861286636753e-17+0j), F_dwave: (0.0559276931363346+0j)
F_px: -2.3918499820954682e-17j, F_py: 8.272466215659094e-18j
Free_energy = -9874.028698745537
------------------------------------------
[{'stable': {'F_dwave': np.complex128(0.0559276931363346j)}, 'free': np.float64(-9874.028698745537)}, {'stable': {'F_dwave': np.complex128(-0.0559276931363346j)}, 'free': np.float64(-9874.028698745537)}, {'stable': {'F_dwave': np.complex128(0.024523124791637665+0.05026453232654007j)}, 'free': np.float64(-9874.02869874554)}, {'stable': {'F_dwave': np.complex128(0.0559276931363346+0j)}, 'free': np.float64(-9874.028698745537)}]
------------------------------------------
  Seed: d-wave+py
F_onsite: (-1.1830885045171157e-16+0j)
F_swave: (-2.42861286636753e-17+0j), F_dwave: (0.0559276931363346+0j)
F_px: -2.3918499820954682e-17j, F_py: 8.272466215659094e-18j
Free_energy = -9874.028698745537
------------------------------------------
[{'stable': {'F_dwave': np.complex128(0.0559276931363346j)}, 'free': np.float64(-9874.028698745537)}, {'stable': {'F_dwave': np.complex128(-0.0559276931363346j)}, 'free': np.float64(-9874.028698745537)}, {'stable': {'F_dwave': np.complex128(0.024523124791637665+0.05026453232654007j)}, 'free': np.float64(-9874.02869874554)}, {'stable': {'F_dwave': np.complex128(0.0559276931363346+0j)}, 'free': np.float64(-9874.028698745537)}]
------------------------------------------
====================================
mu=0.66, T=0.1550
====================================
  Seed: normal state
F_onsite: 0j
F_swave: 0j, F_dwave: 0j
F_px: 0j, F_py: 0j
Free_energy = -9771.51017269973
------------------------------------------
[{'stable': {}, 'free': np.float64(-9771.51017269973)}]
------------------------------------------
  Seed: px
F_onsite: -2.847928585971891e-17j
F_swave: 5.551115123125783e-17j, F_dwave: 0.051124618858602214j
F_px: (4.189637956127502e-18+0j), F_py: (-7.365173987960918e-18+0j)
Free_energy = -9863.39453745799
------------------------------------------
[{'stable': {'F_dwave': np.complex128(0.051124618858602214j)}, 'free': np.float64(-9863.39453745799)}]
------------------------------------------
  Seed: py
F_onsite: 2.847928585971891e-17j
F_swave: -5.551115123125783e-17j, F_dwave: -0.051124618858602214j
F_px: (-4.189637956127502e-18+0j), F_py: (7.365173987960918e-18+0j)
Free_energy = -9863.39453745799
------------------------------------------
[{'stable': {'F_dwave': np.complex128(0.051124618858602214j)}, 'free': np.float64(-9863.39453745799)}, {'stable': {'F_dwave': np.complex128(-0.051124618858602214j)}, 'free': np.float64(-9863.39453745799)}]
------------------------------------------
  Seed: px+py
F_onsite: 2.847928585971891e-17j
F_swave: -5.551115123125783e-17j, F_dwave: -0.051124618858602214j
F_px: (-4.189637956127502e-18+0j), F_py: (7.365173987960918e-18+0j)
Free_energy = -9863.39453745799
------------------------------------------
[{'stable': {'F_dwave': np.complex128(0.051124618858602214j)}, 'free': np.float64(-9863.39453745799)}, {'stable': {'F_dwave': np.complex128(-0.051124618858602214j)}, 'free': np.float64(-9863.39453745799)}]
------------------------------------------
  Seed: px+i*py
F_onsite: (2.0496327895369698e-17+1.2134223425450683e-17j)
F_swave: (1.8214596497756474e-17-6.071532165918825e-17j), F_dwave: (0.022417077084480572+0.04594781070329398j)
F_px: (-6.938893903907228e-17+6.938893903907228e-17j), F_py: (1.734723475976807e-18-3.469446951953614e-18j)
Free_energy = -9863.394537457987
------------------------------------------
[{'stable': {'F_dwave': np.complex128(0.051124618858602214j)}, 'free': np.float64(-9863.39453745799)}, {'stable': {'F_dwave': np.complex128(-0.051124618858602214j)}, 'free': np.float64(-9863.39453745799)}, {'stable': {'F_dwave': np.complex128(0.022417077084480572+0.04594781070329398j)}, 'free': np.float64(-9863.394537457987)}]
------------------------------------------
  Seed: d-wave
F_onsite: (-2.2565652546569106e-17+0j)
F_swave: (5.204170427930421e-17+0j), F_dwave: (0.051124618858602214+0j)
F_px: -3.4049024623464077e-18j, F_py: 7.56553615747535e-18j
Free_energy = -9863.39453745799
------------------------------------------
[{'stable': {'F_dwave': np.complex128(0.051124618858602214j)}, 'free': np.float64(-9863.39453745799)}, {'stable': {'F_dwave': np.complex128(-0.051124618858602214j)}, 'free': np.float64(-9863.39453745799)}, {'stable': {'F_dwave': np.complex128(0.022417077084480572+0.04594781070329398j)}, 'free': np.float64(-9863.394537457987)}, {'stable': {'F_dwave': np.complex128(0.051124618858602214+0j)}, 'free': np.float64(-9863.39453745799)}]
------------------------------------------
  Seed: d-wave+px
F_onsite: (-2.2565652546569106e-17+0j)
F_swave: (5.204170427930421e-17+0j), F_dwave: (0.051124618858602214+0j)
F_px: -3.4049024623464077e-18j, F_py: 7.56553615747535e-18j
Free_energy = -9863.39453745799
------------------------------------------
[{'stable': {'F_dwave': np.complex128(0.051124618858602214j)}, 'free': np.float64(-9863.39453745799)}, {'stable': {'F_dwave': np.complex128(-0.051124618858602214j)}, 'free': np.float64(-9863.39453745799)}, {'stable': {'F_dwave': np.complex128(0.022417077084480572+0.04594781070329398j)}, 'free': np.float64(-9863.394537457987)}, {'stable': {'F_dwave': np.complex128(0.051124618858602214+0j)}, 'free': np.float64(-9863.39453745799)}]
------------------------------------------
  Seed: d-wave+py
F_onsite: (-2.2565652546569106e-17+0j)
F_swave: (5.204170427930421e-17+0j), F_dwave: (0.051124618858602214+0j)
F_px: -3.4049024623464077e-18j, F_py: 7.56553615747535e-18j
Free_energy = -9863.39453745799
------------------------------------------
[{'stable': {'F_dwave': np.complex128(0.051124618858602214j)}, 'free': np.float64(-9863.39453745799)}, {'stable': {'F_dwave': np.complex128(-0.051124618858602214j)}, 'free': np.float64(-9863.39453745799)}, {'stable': {'F_dwave': np.complex128(0.022417077084480572+0.04594781070329398j)}, 'free': np.float64(-9863.394537457987)}, {'stable': {'F_dwave': np.complex128(0.051124618858602214+0j)}, 'free': np.float64(-9863.39453745799)}]
------------------------------------------
====================================
mu=0.66, T=0.1641
====================================
  Seed: normal state
F_onsite: 0j
F_swave: 0j, F_dwave: 0j
F_px: 0j, F_py: 0j
Free_energy = -9780.634482674799
------------------------------------------
[{'stable': {}, 'free': np.float64(-9780.634482674799)}]
------------------------------------------
  Seed: px
F_onsite: -2.7243769192140303e-17j
F_swave: 1.5612511283791264e-16j, F_dwave: 0.045263568908075834j
F_px: (2.822477148422308e-18+0j), F_py: (-7.039082846880264e-18+0j)
Free_energy = -9851.928848848498
------------------------------------------
[{'stable': {'F_dwave': np.complex128(0.045263568908075834j)}, 'free': np.float64(-9851.928848848498)}]
------------------------------------------
  Seed: py
F_onsite: 2.7243769192140303e-17j
F_swave: -1.5612511283791264e-16j, F_dwave: -0.045263568908075834j
F_px: (-2.822477148422308e-18+0j), F_py: (7.039082846880264e-18+0j)
Free_energy = -9851.928848848498
------------------------------------------
[{'stable': {'F_dwave': np.complex128(0.045263568908075834j)}, 'free': np.float64(-9851.928848848498)}, {'stable': {'F_dwave': np.complex128(-0.045263568908075834j)}, 'free': np.float64(-9851.928848848498)}]
------------------------------------------
  Seed: px+py
F_onsite: 2.7243769192140303e-17j
F_swave: -1.5612511283791264e-16j, F_dwave: -0.045263568908075834j
F_px: (-2.822477148422308e-18+0j), F_py: (7.039082846880264e-18+0j)
Free_energy = -9851.928848848498
------------------------------------------
[{'stable': {'F_dwave': np.complex128(0.045263568908075834j)}, 'free': np.float64(-9851.928848848498)}, {'stable': {'F_dwave': np.complex128(-0.045263568908075834j)}, 'free': np.float64(-9851.928848848498)}]
------------------------------------------
  Seed: px+i*py
F_onsite: (-2.9180450469033157e-18-5.023952918745738e-17j)
F_swave: (2.42861286636753e-17+3.642919299551295e-17j), F_dwave: (0.01984712915195308+0.04068024255977194j)
F_px: (1.734723475976807e-17+1.5265566588595902e-16j), F_py: (6.938893903907228e-18-1.734723475976807e-17j)
Free_energy = -9851.928848848502
------------------------------------------
[{'stable': {'F_dwave': np.complex128(0.045263568908075834j)}, 'free': np.float64(-9851.928848848498)}, {'stable': {'F_dwave': np.complex128(-0.045263568908075834j)}, 'free': np.float64(-9851.928848848498)}, {'stable': {'F_dwave': np.complex128(0.01984712915195308+0.04068024255977194j)}, 'free': np.float64(-9851.928848848502)}]
------------------------------------------
  Seed: d-wave
F_onsite: (-3.0480143117256076e-17+0j)
F_swave: (1.5612511283791264e-16+0j), F_dwave: (0.04526356890807584+0j)
F_px: -6.471038067905398e-19j, F_py: 7.726689965954769e-18j
Free_energy = -9851.928848848498
------------------------------------------
[{'stable': {'F_dwave': np.complex128(0.045263568908075834j)}, 'free': np.float64(-9851.928848848498)}, {'stable': {'F_dwave': np.complex128(-0.045263568908075834j)}, 'free': np.float64(-9851.928848848498)}, {'stable': {'F_dwave': np.complex128(0.01984712915195308+0.04068024255977194j)}, 'free': np.float64(-9851.928848848502)}, {'stable': {'F_dwave': np.complex128(0.04526356890807584+0j)}, 'free': np.float64(-9851.928848848498)}]
------------------------------------------
  Seed: d-wave+px
F_onsite: (-3.0480143117256076e-17+0j)
F_swave: (1.5612511283791264e-16+0j), F_dwave: (0.04526356890807584+0j)
F_px: -6.471038067905398e-19j, F_py: 7.726689965954769e-18j
Free_energy = -9851.928848848498
------------------------------------------
[{'stable': {'F_dwave': np.complex128(0.045263568908075834j)}, 'free': np.float64(-9851.928848848498)}, {'stable': {'F_dwave': np.complex128(-0.045263568908075834j)}, 'free': np.float64(-9851.928848848498)}, {'stable': {'F_dwave': np.complex128(0.01984712915195308+0.04068024255977194j)}, 'free': np.float64(-9851.928848848502)}, {'stable': {'F_dwave': np.complex128(0.04526356890807584+0j)}, 'free': np.float64(-9851.928848848498)}]
------------------------------------------
  Seed: d-wave+py
F_onsite: (-3.0480143117256076e-17+0j)
F_swave: (1.5612511283791264e-16+0j), F_dwave: (0.04526356890807584+0j)
F_px: -6.471038067905398e-19j, F_py: 7.726689965954769e-18j
Free_energy = -9851.928848848498
------------------------------------------
[{'stable': {'F_dwave': np.complex128(0.045263568908075834j)}, 'free': np.float64(-9851.928848848498)}, {'stable': {'F_dwave': np.complex128(-0.045263568908075834j)}, 'free': np.float64(-9851.928848848498)}, {'stable': {'F_dwave': np.complex128(0.01984712915195308+0.04068024255977194j)}, 'free': np.float64(-9851.928848848502)}, {'stable': {'F_dwave': np.complex128(0.04526356890807584+0j)}, 'free': np.float64(-9851.928848848498)}]
------------------------------------------
====================================
mu=0.66, T=0.1732
====================================
  Seed: normal state
F_onsite: 0j
F_swave: 0j, F_dwave: 0j
F_px: 0j, F_py: 0j
Free_energy = -9790.30829522403
------------------------------------------
[{'stable': {}, 'free': np.float64(-9790.30829522403)}]
------------------------------------------
  Seed: px
F_onsite: -3.401665125583059e-17j
F_swave: -3.469446951953614e-18j, F_dwave: 0.03784988737871341j
F_px: (3.173988790497636e-18+0j), F_py: (-4.83011852775333e-18+0j)
Free_energy = -9839.659039695107
------------------------------------------
[{'stable': {'F_dwave': np.complex128(0.03784988737871341j)}, 'free': np.float64(-9839.659039695107)}]
------------------------------------------
  Seed: py
F_onsite: 3.401665125583059e-17j
F_swave: 3.469446951953614e-18j, F_dwave: -0.03784988737871341j
F_px: (-3.173988790497636e-18+0j), F_py: (4.83011852775333e-18+0j)
Free_energy = -9839.659039695107
------------------------------------------
[{'stable': {'F_dwave': np.complex128(0.03784988737871341j)}, 'free': np.float64(-9839.659039695107)}, {'stable': {'F_dwave': np.complex128(-0.03784988737871341j)}, 'free': np.float64(-9839.659039695107)}]
------------------------------------------
  Seed: px+py
F_onsite: 3.401665125583059e-17j
F_swave: 3.469446951953614e-18j, F_dwave: -0.03784988737871341j
F_px: (-3.173988790497636e-18+0j), F_py: (4.83011852775333e-18+0j)
Free_energy = -9839.659039695107
------------------------------------------
[{'stable': {'F_dwave': np.complex128(0.03784988737871341j)}, 'free': np.float64(-9839.659039695107)}, {'stable': {'F_dwave': np.complex128(-0.03784988737871341j)}, 'free': np.float64(-9839.659039695107)}]
------------------------------------------
  Seed: px+i*py
F_onsite: (2.0753763045608452e-17+5.704425108728606e-17j)
F_swave: (-1.3010426069826053e-17+1.9081958235744878e-17j), F_dwave: (0.016596384715438575+0.03401726016243029j)
F_px: (-5.0306980803327406e-17+7.28583859910259e-17j), F_py: (2.949029909160572e-17+3.122502256758253e-17j)
Free_energy = -9839.659039695107
------------------------------------------
[{'stable': {'F_dwave': np.complex128(0.03784988737871341j)}, 'free': np.float64(-9839.659039695107)}, {'stable': {'F_dwave': np.complex128(-0.03784988737871341j)}, 'free': np.float64(-9839.659039695107)}, {'stable': {'F_dwave': np.complex128(0.016596384715438575+0.03401726016243029j)}, 'free': np.float64(-9839.659039695107)}]
------------------------------------------
  Seed: d-wave
F_onsite: (-4.563435663702356e-17+0j)
F_swave: 0j, F_dwave: (0.03784988737871339+0j)
F_px: -6.7864101890182844e-18j, F_py: 5.144169227837662e-18j
Free_energy = -9839.659039695107
------------------------------------------
[{'stable': {'F_dwave': np.complex128(0.03784988737871341j)}, 'free': np.float64(-9839.659039695107)}, {'stable': {'F_dwave': np.complex128(-0.03784988737871341j)}, 'free': np.float64(-9839.659039695107)}, {'stable': {'F_dwave': np.complex128(0.016596384715438575+0.03401726016243029j)}, 'free': np.float64(-9839.659039695107)}, {'stable': {'F_dwave': np.complex128(0.03784988737871339+0j)}, 'free': np.float64(-9839.659039695107)}]
------------------------------------------
  Seed: d-wave+px
F_onsite: (-4.563435663702356e-17+0j)
F_swave: 0j, F_dwave: (0.03784988737871339+0j)
F_px: -6.7864101890182844e-18j, F_py: 5.144169227837662e-18j
Free_energy = -9839.659039695107
------------------------------------------
[{'stable': {'F_dwave': np.complex128(0.03784988737871341j)}, 'free': np.float64(-9839.659039695107)}, {'stable': {'F_dwave': np.complex128(-0.03784988737871341j)}, 'free': np.float64(-9839.659039695107)}, {'stable': {'F_dwave': np.complex128(0.016596384715438575+0.03401726016243029j)}, 'free': np.float64(-9839.659039695107)}, {'stable': {'F_dwave': np.complex128(0.03784988737871339+0j)}, 'free': np.float64(-9839.659039695107)}]
------------------------------------------
  Seed: d-wave+py
F_onsite: (-4.563435663702356e-17+0j)
F_swave: 0j, F_dwave: (0.03784988737871339+0j)
F_px: -6.7864101890182844e-18j, F_py: 5.144169227837662e-18j
Free_energy = -9839.659039695107
------------------------------------------
[{'stable': {'F_dwave': np.complex128(0.03784988737871341j)}, 'free': np.float64(-9839.659039695107)}, {'stable': {'F_dwave': np.complex128(-0.03784988737871341j)}, 'free': np.float64(-9839.659039695107)}, {'stable': {'F_dwave': np.complex128(0.016596384715438575+0.03401726016243029j)}, 'free': np.float64(-9839.659039695107)}, {'stable': {'F_dwave': np.complex128(0.03784988737871339+0j)}, 'free': np.float64(-9839.659039695107)}]
------------------------------------------
====================================
mu=0.66, T=0.1822
====================================
  Seed: normal state
F_onsite: 0j
F_swave: 0j, F_dwave: 0j
F_px: 0j, F_py: 0j
Free_energy = -9800.531295384008
------------------------------------------
[{'stable': {}, 'free': np.float64(-9800.531295384008)}]
------------------------------------------
  Seed: px
F_onsite: -8.214632725079592e-17j
F_swave: 2.7755575615628914e-17j, F_dwave: 0.027659969308242698j
F_px: (5.219381038624353e-18+0j), F_py: (-4.535351889289446e-18+0j)
Free_energy = -9826.623465101784
------------------------------------------
[{'stable': {'F_dwave': np.complex128(0.027659969308242698j)}, 'free': np.float64(-9826.623465101784)}]
------------------------------------------
  Seed: py
F_onsite: 8.214632725079592e-17j
F_swave: -2.7755575615628914e-17j, F_dwave: -0.027659969308242698j
F_px: (-5.219381038624353e-18+0j), F_py: (4.535351889289446e-18+0j)
Free_energy = -9826.623465101784
------------------------------------------
[{'stable': {'F_dwave': np.complex128(0.027659969308242698j)}, 'free': np.float64(-9826.623465101784)}, {'stable': {'F_dwave': np.complex128(-0.027659969308242698j)}, 'free': np.float64(-9826.623465101784)}]
------------------------------------------
  Seed: px+py
F_onsite: 8.214632725079592e-17j
F_swave: -2.7755575615628914e-17j, F_dwave: -0.027659969308242698j
F_px: (-5.219381038624353e-18+0j), F_py: (4.535351889289446e-18+0j)
Free_energy = -9826.623465101784
------------------------------------------
[{'stable': {'F_dwave': np.complex128(0.027659969308242698j)}, 'free': np.float64(-9826.623465101784)}, {'stable': {'F_dwave': np.complex128(-0.027659969308242698j)}, 'free': np.float64(-9826.623465101784)}]
------------------------------------------
  Seed: px+i*py
F_onsite: (8.329276980129236e-18+3.397687048581169e-17j)
F_swave: (-1.0842021724855044e-17+3.469446951953614e-18j), F_dwave: (0.012128318567071663+0.02485915909415635j)
F_px: (-3.642919299551295e-17+1.5612511283791264e-16j), F_py: (-4.336808689942018e-18+6.938893903907228e-18j)
Free_energy = -9826.623465101784
------------------------------------------
[{'stable': {'F_dwave': np.complex128(0.027659969308242698j)}, 'free': np.float64(-9826.623465101784)}, {'stable': {'F_dwave': np.complex128(-0.027659969308242698j)}, 'free': np.float64(-9826.623465101784)}, {'stable': {'F_dwave': np.complex128(0.012128318567071663+0.02485915909415635j)}, 'free': np.float64(-9826.623465101784)}]
------------------------------------------
  Seed: d-wave
F_onsite: (-7.248334891873926e-17+0j)
F_swave: (2.7755575615628914e-17+0j), F_dwave: (0.027659969308242705+0j)
F_px: -6.468784000736191e-19j, F_py: 4.081312451059089e-18j
Free_energy = -9826.623465101784
------------------------------------------
[{'stable': {'F_dwave': np.complex128(0.027659969308242698j)}, 'free': np.float64(-9826.623465101784)}, {'stable': {'F_dwave': np.complex128(-0.027659969308242698j)}, 'free': np.float64(-9826.623465101784)}, {'stable': {'F_dwave': np.complex128(0.012128318567071663+0.02485915909415635j)}, 'free': np.float64(-9826.623465101784)}, {'stable': {'F_dwave': np.complex128(0.027659969308242705+0j)}, 'free': np.float64(-9826.623465101784)}]
------------------------------------------
  Seed: d-wave+px
F_onsite: (-7.248334891873926e-17+0j)
F_swave: (2.7755575615628914e-17+0j), F_dwave: (0.027659969308242705+0j)
F_px: -6.468784000736191e-19j, F_py: 4.081312451059089e-18j
Free_energy = -9826.623465101784
------------------------------------------
[{'stable': {'F_dwave': np.complex128(0.027659969308242698j)}, 'free': np.float64(-9826.623465101784)}, {'stable': {'F_dwave': np.complex128(-0.027659969308242698j)}, 'free': np.float64(-9826.623465101784)}, {'stable': {'F_dwave': np.complex128(0.012128318567071663+0.02485915909415635j)}, 'free': np.float64(-9826.623465101784)}, {'stable': {'F_dwave': np.complex128(0.027659969308242705+0j)}, 'free': np.float64(-9826.623465101784)}]
------------------------------------------
  Seed: d-wave+py
F_onsite: (-7.248334891873926e-17+0j)
F_swave: (2.7755575615628914e-17+0j), F_dwave: (0.027659969308242705+0j)
F_px: -6.468784000736191e-19j, F_py: 4.081312451059089e-18j
Free_energy = -9826.623465101784
------------------------------------------
[{'stable': {'F_dwave': np.complex128(0.027659969308242698j)}, 'free': np.float64(-9826.623465101784)}, {'stable': {'F_dwave': np.complex128(-0.027659969308242698j)}, 'free': np.float64(-9826.623465101784)}, {'stable': {'F_dwave': np.complex128(0.012128318567071663+0.02485915909415635j)}, 'free': np.float64(-9826.623465101784)}, {'stable': {'F_dwave': np.complex128(0.027659969308242705+0j)}, 'free': np.float64(-9826.623465101784)}]
------------------------------------------
====================================
mu=0.66, T=0.1913
====================================
  Seed: normal state
F_onsite: 0j
F_swave: 0j, F_dwave: 0j
F_px: 0j, F_py: 0j
Free_energy = -9811.302429642466
------------------------------------------
[{'stable': {}, 'free': np.float64(-9811.302429642466)}]
------------------------------------------
  Seed: px
F_onsite: -1.8652946801308538e-17j
F_swave: 2.168404344971009e-18j, F_dwave: 0.00702209407283245j
F_px: (5.3150432356951915e-18+0j), F_py: (-9.260322526297485e-18+0j)
Free_energy = -9812.967668485284
------------------------------------------
[{'stable': {'F_dwave': np.complex128(0.00702209407283245j)}, 'free': np.float64(-9812.967668485284)}]
------------------------------------------
  Seed: py
F_onsite: 1.8652946801308538e-17j
F_swave: -2.168404344971009e-18j, F_dwave: -0.00702209407283245j
F_px: (-5.3150432356951915e-18+0j), F_py: (9.260322526297485e-18+0j)
Free_energy = -9812.967668485284
------------------------------------------
[{'stable': {'F_dwave': np.complex128(0.00702209407283245j)}, 'free': np.float64(-9812.967668485284)}, {'stable': {'F_dwave': np.complex128(-0.00702209407283245j)}, 'free': np.float64(-9812.967668485284)}]
------------------------------------------
  Seed: px+py
F_onsite: 1.8652946801308538e-17j
F_swave: -2.168404344971009e-18j, F_dwave: -0.00702209407283245j
F_px: (-5.3150432356951915e-18+0j), F_py: (9.260322526297485e-18+0j)
Free_energy = -9812.967668485284
------------------------------------------
[{'stable': {'F_dwave': np.complex128(0.00702209407283245j)}, 'free': np.float64(-9812.967668485284)}, {'stable': {'F_dwave': np.complex128(-0.00702209407283245j)}, 'free': np.float64(-9812.967668485284)}]
------------------------------------------
  Seed: px+i*py
F_onsite: (2.651697852744916e-18-3.971107178048649e-18j)
F_swave: (-2.168404344971009e-19+1.474514954580286e-17j), F_dwave: (0.0030790415193218466+0.006311046544749724j)
F_px: (9.324138683375338e-18+2.8189256484623115e-17j), F_py: (-1.0408340855860843e-17+7.806255641895632e-18j)
Free_energy = -9812.967668485284
------------------------------------------
[{'stable': {'F_dwave': np.complex128(0.00702209407283245j)}, 'free': np.float64(-9812.967668485284)}, {'stable': {'F_dwave': np.complex128(-0.00702209407283245j)}, 'free': np.float64(-9812.967668485284)}, {'stable': {'F_dwave': np.complex128(0.0030790415193218466+0.006311046544749724j)}, 'free': np.float64(-9812.967668485284)}]
------------------------------------------
  Seed: d-wave
F_onsite: (-1.864666519173681e-17+0j)
F_swave: (4.336808689942018e-18+0j), F_dwave: (0.007022094072832424+0j)
F_px: -6.016683887451965e-18j, F_py: 9.477702489349123e-18j
Free_energy = -9812.967668485282
------------------------------------------
[{'stable': {'F_dwave': np.complex128(0.00702209407283245j)}, 'free': np.float64(-9812.967668485284)}, {'stable': {'F_dwave': np.complex128(-0.00702209407283245j)}, 'free': np.float64(-9812.967668485284)}, {'stable': {'F_dwave': np.complex128(0.0030790415193218466+0.006311046544749724j)}, 'free': np.float64(-9812.967668485284)}, {'stable': {'F_dwave': np.complex128(0.007022094072832424+0j)}, 'free': np.float64(-9812.967668485282)}]
------------------------------------------
  Seed: d-wave+px
F_onsite: (-1.864666519173681e-17+0j)
F_swave: (4.336808689942018e-18+0j), F_dwave: (0.007022094072832424+0j)
F_px: -6.016683887451965e-18j, F_py: 9.477702489349123e-18j
Free_energy = -9812.967668485282
------------------------------------------
[{'stable': {'F_dwave': np.complex128(0.00702209407283245j)}, 'free': np.float64(-9812.967668485284)}, {'stable': {'F_dwave': np.complex128(-0.00702209407283245j)}, 'free': np.float64(-9812.967668485284)}, {'stable': {'F_dwave': np.complex128(0.0030790415193218466+0.006311046544749724j)}, 'free': np.float64(-9812.967668485284)}, {'stable': {'F_dwave': np.complex128(0.007022094072832424+0j)}, 'free': np.float64(-9812.967668485282)}]
------------------------------------------
  Seed: d-wave+py
F_onsite: (-1.864666519173681e-17+0j)
F_swave: (4.336808689942018e-18+0j), F_dwave: (0.007022094072832424+0j)
F_px: -6.016683887451965e-18j, F_py: 9.477702489349123e-18j
Free_energy = -9812.967668485282
------------------------------------------
[{'stable': {'F_dwave': np.complex128(0.00702209407283245j)}, 'free': np.float64(-9812.967668485284)}, {'stable': {'F_dwave': np.complex128(-0.00702209407283245j)}, 'free': np.float64(-9812.967668485284)}, {'stable': {'F_dwave': np.complex128(0.0030790415193218466+0.006311046544749724j)}, 'free': np.float64(-9812.967668485284)}, {'stable': {'F_dwave': np.complex128(0.007022094072832424+0j)}, 'free': np.float64(-9812.967668485282)}]
------------------------------------------
====================================
mu=0.66, T=0.2003
====================================
  Seed: normal state
F_onsite: 0j
F_swave: 0j, F_dwave: 0j
F_px: 0j, F_py: 0j
Free_energy = -9822.619986409878
------------------------------------------
[{'stable': {}, 'free': np.float64(-9822.619986409878)}]
------------------------------------------
  Seed: px
F_onsite: -1.6878674494922512e-19j
F_swave: 8.734199576134464e-20j, F_dwave: 5.3229357934478216e-14j
F_px: (3.0089997150471676e-19+0j), F_py: (1.1351365629834126e-19+0j)
Free_energy = -9822.619986409878
------------------------------------------
[{'stable': {}, 'free': np.float64(-9822.619986409878)}]
------------------------------------------
  Seed: py
F_onsite: 1.6878674494922512e-19j
F_swave: -8.734199576134464e-20j, F_dwave: -5.3229357934478216e-14j
F_px: (-3.0089997150471676e-19+0j), F_py: (-1.1351365629834126e-19+0j)
Free_energy = -9822.619986409878
------------------------------------------
[{'stable': {}, 'free': np.float64(-9822.619986409878)}]
------------------------------------------
  Seed: px+py
F_onsite: 1.6878674494922512e-19j
F_swave: -8.734199576134464e-20j, F_dwave: -5.3229357934478216e-14j
F_px: (-3.0089997150471676e-19+0j), F_py: (-1.1351365629834126e-19+0j)
Free_energy = -9822.619986409878
------------------------------------------
[{'stable': {}, 'free': np.float64(-9822.619986409878)}]
------------------------------------------
  Seed: px+i*py
F_onsite: (2.178288510935651e-20-5.0961715607359025e-20j)
F_swave: (-1.937617120646477e-21+6.437874891812214e-20j), F_dwave: (2.292526937001092e-14+4.698953281668508e-14j)
F_px: (4.430876912919651e-20+2.708197548900233e-20j), F_py: (-1.9540376276822897e-19-9.642306365018359e-20j)
Free_energy = -9822.619986409878
------------------------------------------
[{'stable': {}, 'free': np.float64(-9822.619986409878)}]
------------------------------------------
  Seed: d-wave
F_onsite: (-8.422192462702595e-20+0j)
F_swave: (5.3963256102023695e-20+0j), F_dwave: (5.0350074174032e-14+0j)
F_px: 7.705688256869361e-20j, F_py: 1.8679681587784913e-19j
Free_energy = -9822.619986409878
------------------------------------------
[{'stable': {}, 'free': np.float64(-9822.619986409878)}]
------------------------------------------
  Seed: d-wave+px
F_onsite: (-8.422192462702595e-20+0j)
F_swave: (5.3963256102023695e-20+0j), F_dwave: (5.0350074174032e-14+0j)
F_px: 7.705688256869361e-20j, F_py: 1.8679681587784913e-19j
Free_energy = -9822.619986409878
------------------------------------------
[{'stable': {}, 'free': np.float64(-9822.619986409878)}]
------------------------------------------
  Seed: d-wave+py
F_onsite: (-8.422192462702595e-20+0j)
F_swave: (5.3963256102023695e-20+0j), F_dwave: (5.0350074174032e-14+0j)
F_px: 7.705688256869361e-20j, F_py: 1.8679681587784913e-19j
Free_energy = -9822.619986409878
------------------------------------------
[{'stable': {}, 'free': np.float64(-9822.619986409878)}]
------------------------------------------
====================================
mu=0.66, T=0.2094
====================================
  Seed: normal state
F_onsite: 0j
F_swave: 0j, F_dwave: 0j
F_px: 0j, F_py: 0j
Free_energy = -9834.481677717355
------------------------------------------
[{'stable': {}, 'free': np.float64(-9834.481677717355)}]
------------------------------------------
  Seed: px
F_onsite: -1.2757798847143584e-19j
F_swave: 1.2260480144135772e-19j, F_dwave: 2.4957743155623612e-14j
F_px: (1.3180010886294652e-19+0j), F_py: (-3.012142134009557e-19+0j)
Free_energy = -9834.481677717353
------------------------------------------
[{'stable': {}, 'free': np.float64(-9834.481677717355)}]
------------------------------------------
  Seed: py
F_onsite: 1.2757798847143584e-19j
F_swave: -1.2260480144135772e-19j, F_dwave: -2.4957743155623612e-14j
F_px: (-1.3180010886294652e-19+0j), F_py: (3.012142134009557e-19+0j)
Free_energy = -9834.481677717353
------------------------------------------
[{'stable': {}, 'free': np.float64(-9834.481677717355)}]
------------------------------------------
  Seed: px+py
F_onsite: 1.2757798847143584e-19j
F_swave: -1.2260480144135772e-19j, F_dwave: -2.4957743155623612e-14j
F_px: (-1.3180010886294652e-19+0j), F_py: (3.012142134009557e-19+0j)
Free_energy = -9834.481677717353
------------------------------------------
[{'stable': {}, 'free': np.float64(-9834.481677717355)}]
------------------------------------------
  Seed: px+i*py
F_onsite: (1.1095932561696102e-19+1.759266901695675e-20j)
F_swave: (-3.6916310131178586e-20-1.689822653666817e-20j), F_dwave: (1.1167257277893485e-14+2.2889629992481743e-14j)
F_px: (-5.115799823809829e-20+2.925856174037415e-20j), F_py: (-8.419642108857433e-20-2.1745695403005365e-19j)
Free_energy = -9834.481677717358
------------------------------------------
[{'stable': {}, 'free': np.float64(-9834.481677717355)}]
------------------------------------------
  Seed: d-wave
F_onsite: (1.0201164128030244e-19+0j)
F_swave: (-5.4469417130847e-20+0j), F_dwave: (2.45181277727603e-14+0j)
F_px: 2.2406132178047953e-19j, F_py: -5.4566580614160895e-21j
Free_energy = -9834.481677717353
------------------------------------------
[{'stable': {}, 'free': np.float64(-9834.481677717355)}]
------------------------------------------
  Seed: d-wave+px
F_onsite: (1.0201164128030244e-19+0j)
F_swave: (-5.4469417130847e-20+0j), F_dwave: (2.45181277727603e-14+0j)
F_px: 2.2406132178047953e-19j, F_py: -5.4566580614160895e-21j
Free_energy = -9834.481677717353
------------------------------------------
[{'stable': {}, 'free': np.float64(-9834.481677717355)}]
------------------------------------------
  Seed: d-wave+py
F_onsite: (1.0201164128030244e-19+0j)
F_swave: (-5.4469417130847e-20+0j), F_dwave: (2.45181277727603e-14+0j)
F_px: 2.2406132178047953e-19j, F_py: -5.4566580614160895e-21j
Free_energy = -9834.481677717353
------------------------------------------
[{'stable': {}, 'free': np.float64(-9834.481677717355)}]
------------------------------------------
====================================
mu=0.66, T=0.2185
====================================
  Seed: normal state
F_onsite: 0j
F_swave: 0j, F_dwave: 0j
F_px: 0j, F_py: 0j
Free_energy = -9846.884718584959
------------------------------------------
[{'stable': {}, 'free': np.float64(-9846.884718584959)}]
------------------------------------------
  Seed: px
F_onsite: 8.41154174718453e-20j
F_swave: -2.988757899312222e-20j, F_dwave: 1.676294483429674e-14j
F_px: (-4.373586871024786e-20+0j), F_py: (-2.3672962759176513e-19+0j)
Free_energy = -9846.884718584959
------------------------------------------
[{'stable': {}, 'free': np.float64(-9846.884718584959)}]
------------------------------------------
  Seed: py
F_onsite: -8.41154174718453e-20j
F_swave: 2.988757899312222e-20j, F_dwave: -1.676294483429674e-14j
F_px: (4.373586871024786e-20+0j), F_py: (2.3672962759176513e-19+0j)
Free_energy = -9846.884718584959
------------------------------------------
[{'stable': {}, 'free': np.float64(-9846.884718584959)}]
------------------------------------------
  Seed: px+py
F_onsite: -8.41154174718453e-20j
F_swave: 2.988757899312222e-20j, F_dwave: -1.676294483429674e-14j
F_px: (4.373586871024786e-20+0j), F_py: (2.3672962759176513e-19+0j)
Free_energy = -9846.884718584959
------------------------------------------
[{'stable': {}, 'free': np.float64(-9846.884718584959)}]
------------------------------------------
  Seed: px+i*py
F_onsite: (-1.582878302678201e-19-2.2714780878424132e-20j)
F_swave: (1.0206385009576458e-19+2.99776432608151e-20j), F_dwave: (7.0876868398366896e-15+1.4527655824036997e-14j)
F_px: (1.9813493110899784e-19-7.53362850731945e-20j), F_py: (4.15781464541654e-20-5.126831334146733e-21j)
Free_energy = -9846.88471858496
------------------------------------------
[{'stable': {}, 'free': np.float64(-9846.884718584959)}]
------------------------------------------
  Seed: d-wave
F_onsite: (1.226920879785534e-19+0j)
F_swave: (-1.4628278135679813e-19+0j), F_dwave: (1.6467466732360504e-14+0j)
F_px: -1.436573982380578e-19j, F_py: 7.50921214963295e-20j
Free_energy = -9846.884718584959
------------------------------------------
[{'stable': {}, 'free': np.float64(-9846.884718584959)}]
------------------------------------------
  Seed: d-wave+px
F_onsite: (1.226920879785534e-19+0j)
F_swave: (-1.4628278135679813e-19+0j), F_dwave: (1.6467466732360504e-14+0j)
F_px: -1.436573982380578e-19j, F_py: 7.50921214963295e-20j
Free_energy = -9846.884718584959
------------------------------------------
[{'stable': {}, 'free': np.float64(-9846.884718584959)}]
------------------------------------------
  Seed: d-wave+py
F_onsite: (1.226920879785534e-19+0j)
F_swave: (-1.4628278135679813e-19+0j), F_dwave: (1.6467466732360504e-14+0j)
F_px: -1.436573982380578e-19j, F_py: 7.50921214963295e-20j
Free_energy = -9846.884718584959
------------------------------------------
[{'stable': {}, 'free': np.float64(-9846.884718584959)}]
------------------------------------------
====================================
mu=0.66, T=0.2275
====================================
  Seed: normal state
F_onsite: 0j
F_swave: 0j, F_dwave: 0j
F_px: 0j, F_py: 0j
Free_energy = -9859.825901769487
------------------------------------------
[{'stable': {}, 'free': np.float64(-9859.825901769487)}]
------------------------------------------
  Seed: px
F_onsite: -1.793475325621191e-19j
F_swave: 7.953054536072384e-20j, F_dwave: 1.2392949754755715e-14j
F_px: (1.7133238264079018e-19+0j), F_py: (1.3297696870930935e-19+0j)
Free_energy = -9859.825901769487
------------------------------------------
[{'stable': {}, 'free': np.float64(-9859.825901769487)}]
------------------------------------------
  Seed: py
F_onsite: 1.793475325621191e-19j
F_swave: -7.953054536072384e-20j, F_dwave: -1.2392949754755715e-14j
F_px: (-1.7133238264079018e-19+0j), F_py: (-1.3297696870930935e-19+0j)
Free_energy = -9859.825901769487
------------------------------------------
[{'stable': {}, 'free': np.float64(-9859.825901769487)}]
------------------------------------------
  Seed: px+py
F_onsite: 1.793475325621191e-19j
F_swave: -7.953054536072384e-20j, F_dwave: -1.2392949754755715e-14j
F_px: (-1.7133238264079018e-19+0j), F_py: (-1.3297696870930935e-19+0j)
Free_energy = -9859.825901769487
------------------------------------------
[{'stable': {}, 'free': np.float64(-9859.825901769487)}]
------------------------------------------
  Seed: px+i*py
F_onsite: (1.0980653640621508e-19-2.935031403048813e-20j)
F_swave: (-5.1539268980141076e-20+2.783101714671862e-20j), F_dwave: (5.240794722575466e-15+1.0742104728822773e-14j)
F_px: (1.6118673474986913e-19-4.907106674252396e-21j), F_py: (1.8482246870298336e-19-4.8648689478707255e-20j)
Free_energy = -9859.825901769487
------------------------------------------
[{'stable': {}, 'free': np.float64(-9859.825901769487)}]
------------------------------------------
  Seed: d-wave
F_onsite: (-1.8686852931398848e-19+0j)
F_swave: (1.4135586858298212e-19+0j), F_dwave: (1.2174338045163166e-14+0j)
F_px: -8.788721246864218e-20j, F_py: -3.1271603657635715e-19j
Free_energy = -9859.825901769487
------------------------------------------
[{'stable': {}, 'free': np.float64(-9859.825901769487)}]
------------------------------------------
  Seed: d-wave+px
F_onsite: (-1.8686852931398848e-19+0j)
F_swave: (1.4135586858298212e-19+0j), F_dwave: (1.2174338045163166e-14+0j)
F_px: -8.788721246864218e-20j, F_py: -3.1271603657635715e-19j
Free_energy = -9859.825901769487
------------------------------------------
[{'stable': {}, 'free': np.float64(-9859.825901769487)}]
------------------------------------------
  Seed: d-wave+py
F_onsite: (-1.8686852931398848e-19+0j)
F_swave: (1.4135586858298212e-19+0j), F_dwave: (1.2174338045163166e-14+0j)
F_px: -8.788721246864218e-20j, F_py: -3.1271603657635715e-19j
Free_energy = -9859.825901769487
------------------------------------------
[{'stable': {}, 'free': np.float64(-9859.825901769487)}]
------------------------------------------
====================================
mu=0.66, T=0.2366
====================================
  Seed: normal state
F_onsite: 0j
F_swave: 0j, F_dwave: 0j
F_px: 0j, F_py: 0j
Free_energy = -9873.301666552466
------------------------------------------
[{'stable': {}, 'free': np.float64(-9873.301666552466)}]
------------------------------------------
  Seed: px
F_onsite: 1.6389318142693514e-19j
F_swave: -9.456815935038943e-20j, F_dwave: 9.351430193353541e-15j
F_px: (3.565023690866176e-20+0j), F_py: (9.484628469152715e-20+0j)
Free_energy = -9873.301666552466
------------------------------------------
[{'stable': {}, 'free': np.float64(-9873.301666552466)}]
------------------------------------------
  Seed: py
F_onsite: -1.6389318142693514e-19j
F_swave: 9.456815935038943e-20j, F_dwave: -9.351430193353541e-15j
F_px: (-3.565023690866176e-20+0j), F_py: (-9.484628469152715e-20+0j)
Free_energy = -9873.301666552466
------------------------------------------
[{'stable': {}, 'free': np.float64(-9873.301666552466)}]
------------------------------------------
  Seed: px+py
F_onsite: -1.6389318142693514e-19j
F_swave: 9.456815935038943e-20j, F_dwave: -9.351430193353541e-15j
F_px: (-3.565023690866176e-20+0j), F_py: (-9.484628469152715e-20+0j)
Free_energy = -9873.301666552466
------------------------------------------
[{'stable': {}, 'free': np.float64(-9873.301666552466)}]
------------------------------------------
  Seed: px+i*py
F_onsite: (2.644364537021508e-19+1.9950137720715677e-19j)
F_swave: (-1.3392102468372222e-19-1.2264100031705086e-19j), F_dwave: (4.344223794868563e-15+8.904469026687416e-15j)
F_px: (1.1010095177635835e-20-4.0571116389437656e-20j), F_py: (2.31825338409567e-19-2.957336712352007e-19j)
Free_energy = -9873.301666552466
------------------------------------------
[{'stable': {}, 'free': np.float64(-9873.301666552466)}]
------------------------------------------
  Seed: d-wave
F_onsite: (1.3777027118348953e-19+0j)
F_swave: (4.7759745208261505e-21+0j), F_dwave: (9.18645061622057e-15+0j)
F_px: -1.829201139762932e-19j, F_py: -2.603838589766964e-19j
Free_energy = -9873.301666552466
------------------------------------------
[{'stable': {}, 'free': np.float64(-9873.301666552466)}]
------------------------------------------
  Seed: d-wave+px
F_onsite: (1.3777027118348953e-19+0j)
F_swave: (4.7759745208261505e-21+0j), F_dwave: (9.18645061622057e-15+0j)
F_px: -1.829201139762932e-19j, F_py: -2.603838589766964e-19j
Free_energy = -9873.301666552466
------------------------------------------
[{'stable': {}, 'free': np.float64(-9873.301666552466)}]
------------------------------------------
  Seed: d-wave+py
F_onsite: (1.3777027118348953e-19+0j)
F_swave: (4.7759745208261505e-21+0j), F_dwave: (9.18645061622057e-15+0j)
F_px: -1.829201139762932e-19j, F_py: -2.603838589766964e-19j
Free_energy = -9873.301666552466
------------------------------------------
[{'stable': {}, 'free': np.float64(-9873.301666552466)}]
------------------------------------------
====================================
mu=0.66, T=0.2456
====================================
  Seed: normal state
F_onsite: 0j
F_swave: 0j, F_dwave: 0j
F_px: 0j, F_py: 0j
Free_energy = -9887.308160903945
------------------------------------------
[{'stable': {}, 'free': np.float64(-9887.308160903945)}]
------------------------------------------
  Seed: px
F_onsite: 1.403762290181226e-20j
F_swave: -5.751446093890028e-20j, F_dwave: 8.361349900750628e-15j
F_px: (2.4912467145359493e-19+0j), F_py: (3.956685021887528e-20+0j)
Free_energy = -9887.308160903945
------------------------------------------
[{'stable': {}, 'free': np.float64(-9887.308160903945)}]
------------------------------------------
  Seed: py
F_onsite: -1.403762290181226e-20j
F_swave: 5.751446093890028e-20j, F_dwave: -8.361349900750628e-15j
F_px: (-2.4912467145359493e-19+0j), F_py: (-3.956685021887528e-20+0j)
Free_energy = -9887.308160903945
------------------------------------------
[{'stable': {}, 'free': np.float64(-9887.308160903945)}]
------------------------------------------
  Seed: px+py
F_onsite: -1.403762290181226e-20j
F_swave: 5.751446093890028e-20j, F_dwave: -8.361349900750628e-15j
F_px: (-2.4912467145359493e-19+0j), F_py: (-3.956685021887528e-20+0j)
Free_energy = -9887.308160903945
------------------------------------------
[{'stable': {}, 'free': np.float64(-9887.308160903945)}]
------------------------------------------
  Seed: px+i*py
F_onsite: (-2.1285444143350166e-19-5.450267529911933e-20j)
F_swave: (8.553368199238315e-20+5.29219835760908e-20j), F_dwave: (3.4733913105096357e-15+7.119567050219123e-15j)
F_px: (6.04825891337456e-20+1.2899474584760154e-19j), F_py: (-1.7515070422620828e-19-1.437931895604216e-19j)
Free_energy = -9887.308160903947
------------------------------------------
[{'stable': {}, 'free': np.float64(-9887.308160903945)}]
------------------------------------------
  Seed: d-wave
F_onsite: (8.932063114132842e-21+0j)
F_swave: (5.975500391540236e-21+0j), F_dwave: (8.213725449331646e-15+0j)
F_px: -1.749115811364747e-19j, F_py: -3.9363366037926584e-19j
Free_energy = -9887.308160903945
------------------------------------------
[{'stable': {}, 'free': np.float64(-9887.308160903945)}]
------------------------------------------
  Seed: d-wave+px
F_onsite: (8.932063114132842e-21+0j)
F_swave: (5.975500391540236e-21+0j), F_dwave: (8.213725449331646e-15+0j)
F_px: -1.749115811364747e-19j, F_py: -3.9363366037926584e-19j
Free_energy = -9887.308160903945
------------------------------------------
[{'stable': {}, 'free': np.float64(-9887.308160903945)}]
------------------------------------------
  Seed: d-wave+py
F_onsite: (8.932063114132842e-21+0j)
F_swave: (5.975500391540236e-21+0j), F_dwave: (8.213725449331646e-15+0j)
F_px: -1.749115811364747e-19j, F_py: -3.9363366037926584e-19j
Free_energy = -9887.308160903945
------------------------------------------
[{'stable': {}, 'free': np.float64(-9887.308160903945)}]
------------------------------------------
====================================
mu=0.66, T=0.2547
====================================
  Seed: normal state
F_onsite: 0j
F_swave: 0j, F_dwave: 0j
F_px: 0j, F_py: 0j
Free_energy = -9901.841296844777
------------------------------------------
[{'stable': {}, 'free': np.float64(-9901.841296844777)}]
------------------------------------------
  Seed: px
F_onsite: -2.744714366158237e-20j
F_swave: 3.9221615692090923e-20j, F_dwave: 6.4508898554169006e-15j
F_px: (2.4831859394351324e-19+0j), F_py: (-6.492478268553348e-21+0j)
Free_energy = -9901.841296844777
------------------------------------------
[{'stable': {}, 'free': np.float64(-9901.841296844777)}]
------------------------------------------
  Seed: py
F_onsite: 2.744714366158237e-20j
F_swave: -3.9221615692090923e-20j, F_dwave: -6.4508898554169006e-15j
F_px: (-2.4831859394351324e-19+0j), F_py: (6.492478268553348e-21+0j)
Free_energy = -9901.841296844777
------------------------------------------
[{'stable': {}, 'free': np.float64(-9901.841296844777)}]
------------------------------------------
  Seed: px+py
F_onsite: 2.744714366158237e-20j
F_swave: -3.9221615692090923e-20j, F_dwave: -6.4508898554169006e-15j
F_px: (-2.4831859394351324e-19+0j), F_py: (6.492478268553348e-21+0j)
Free_energy = -9901.841296844777
------------------------------------------
[{'stable': {}, 'free': np.float64(-9901.841296844777)}]
------------------------------------------
  Seed: px+i*py
F_onsite: (-4.672746500996088e-20-1.6283300442772593e-19j)
F_swave: (5.354929942172431e-20+1.1520428267375647e-19j), F_dwave: (3.0512094752259832e-15+6.2540875658347855e-15j)
F_px: (-1.349260860490311e-19+1.1183495606713394e-19j), F_py: (-1.1412188609736313e-19-1.2172952415572378e-19j)
Free_energy = -9901.841296844777
------------------------------------------
[{'stable': {}, 'free': np.float64(-9901.841296844777)}]
------------------------------------------
  Seed: d-wave
F_onsite: (-2.6764231355255155e-19+0j)
F_swave: (8.463734152706059e-20+0j), F_dwave: (6.3371923101398e-15+0j)
F_px: 9.205965230533066e-20j, F_py: -3.664488269343977e-19j
Free_energy = -9901.841296844777
------------------------------------------
[{'stable': {}, 'free': np.float64(-9901.841296844777)}]
------------------------------------------
  Seed: d-wave+px
F_onsite: (-2.6764231355255155e-19+0j)
F_swave: (8.463734152706059e-20+0j), F_dwave: (6.3371923101398e-15+0j)
F_px: 9.205965230533066e-20j, F_py: -3.664488269343977e-19j
Free_energy = -9901.841296844777
------------------------------------------
[{'stable': {}, 'free': np.float64(-9901.841296844777)}]
------------------------------------------
  Seed: d-wave+py
F_onsite: (-2.6764231355255155e-19+0j)
F_swave: (8.463734152706059e-20+0j), F_dwave: (6.3371923101398e-15+0j)
F_px: 9.205965230533066e-20j, F_py: -3.664488269343977e-19j
Free_energy = -9901.841296844777
------------------------------------------
[{'stable': {}, 'free': np.float64(-9901.841296844777)}]
------------------------------------------
====================================
mu=0.66, T=0.2638
====================================
  Seed: normal state
F_onsite: 0j
F_swave: 0j, F_dwave: 0j
F_px: 0j, F_py: 0j
Free_energy = -9916.896799141095
------------------------------------------
[{'stable': {}, 'free': np.float64(-9916.896799141095)}]
------------------------------------------
  Seed: px
F_onsite: 3.0750547234530597e-19j
F_swave: -1.4831350680238742e-19j, F_dwave: 5.5677770528402815e-15j
F_px: (1.862589085037018e-19+0j), F_py: (-1.0583865504150395e-19+0j)
Free_energy = -9916.896799141095
------------------------------------------
[{'stable': {}, 'free': np.float64(-9916.896799141095)}]
------------------------------------------
  Seed: py
F_onsite: -3.0750547234530597e-19j
F_swave: 1.4831350680238742e-19j, F_dwave: -5.5677770528402815e-15j
F_px: (-1.862589085037018e-19+0j), F_py: (1.0583865504150395e-19+0j)
Free_energy = -9916.896799141095
------------------------------------------
[{'stable': {}, 'free': np.float64(-9916.896799141095)}]
------------------------------------------
  Seed: px+py
F_onsite: -3.0750547234530597e-19j
F_swave: 1.4831350680238742e-19j, F_dwave: -5.5677770528402815e-15j
F_px: (-1.862589085037018e-19+0j), F_py: (1.0583865504150395e-19+0j)
Free_energy = -9916.896799141095
------------------------------------------
[{'stable': {}, 'free': np.float64(-9916.896799141095)}]
------------------------------------------
  Seed: px+i*py
F_onsite: (1.3758676598790038e-19-2.098497535926631e-21j)
F_swave: (-3.228662078592969e-20+1.58172914280481e-20j), F_dwave: (2.6338969367825995e-15+5.398531473574808e-15j)
F_px: (-2.3606904489188275e-20+7.372348050375564e-20j), F_py: (2.3296866152576246e-20-2.0677208085359525e-19j)
Free_energy = -9916.896799141097
------------------------------------------
[{'stable': {}, 'free': np.float64(-9916.896799141095)}]
------------------------------------------
  Seed: d-wave
F_onsite: (-1.6563791599750796e-19+0j)
F_swave: (6.534457014778871e-20+0j), F_dwave: (5.4696890846823416e-15+0j)
F_px: -3.761269829356404e-20j, F_py: -2.310366774843653e-19j
Free_energy = -9916.896799141095
------------------------------------------
[{'stable': {}, 'free': np.float64(-9916.896799141095)}]
------------------------------------------
  Seed: d-wave+px
F_onsite: (-1.6563791599750796e-19+0j)
F_swave: (6.534457014778871e-20+0j), F_dwave: (5.4696890846823416e-15+0j)
F_px: -3.761269829356404e-20j, F_py: -2.310366774843653e-19j
Free_energy = -9916.896799141095
------------------------------------------
[{'stable': {}, 'free': np.float64(-9916.896799141095)}]
------------------------------------------
  Seed: d-wave+py
F_onsite: (-1.6563791599750796e-19+0j)
F_swave: (6.534457014778871e-20+0j), F_dwave: (5.4696890846823416e-15+0j)
F_px: -3.761269829356404e-20j, F_py: -2.310366774843653e-19j
Free_energy = -9916.896799141095
------------------------------------------
[{'stable': {}, 'free': np.float64(-9916.896799141095)}]
------------------------------------------
====================================
mu=0.66, T=0.2728
====================================
  Seed: normal state
F_onsite: 0j
F_swave: 0j, F_dwave: 0j
F_px: 0j, F_py: 0j
Free_energy = -9932.470247676572
------------------------------------------
[{'stable': {}, 'free': np.float64(-9932.470247676572)}]
------------------------------------------
  Seed: px
F_onsite: 1.402545383376059e-19j
F_swave: -1.3107290870574692e-19j, F_dwave: 4.723442890740266e-15j
F_px: (1.3633348136477109e-19+0j), F_py: (-4.902921057371662e-20+0j)
Free_energy = -9932.470247676572
------------------------------------------
[{'stable': {}, 'free': np.float64(-9932.470247676572)}]
------------------------------------------
  Seed: py
F_onsite: -1.402545383376059e-19j
F_swave: 1.3107290870574692e-19j, F_dwave: -4.723442890740266e-15j
F_px: (-1.3633348136477109e-19+0j), F_py: (4.902921057371662e-20+0j)
Free_energy = -9932.470247676572
------------------------------------------
[{'stable': {}, 'free': np.float64(-9932.470247676572)}]
------------------------------------------
  Seed: px+py
F_onsite: -1.402545383376059e-19j
F_swave: 1.3107290870574692e-19j, F_dwave: -4.723442890740266e-15j
F_px: (-1.3633348136477109e-19+0j), F_py: (4.902921057371662e-20+0j)
Free_energy = -9932.470247676572
------------------------------------------
[{'stable': {}, 'free': np.float64(-9932.470247676572)}]
------------------------------------------
  Seed: px+i*py
F_onsite: (-7.788581875191176e-20+1.243350502196059e-19j)
F_swave: (4.2177961757757815e-20-3.5828013768204735e-20j), F_dwave: (2.234713632743433e-15+4.580396062248581e-15j)
F_px: (-2.042608693482902e-20+2.135771842014317e-19j), F_py: (-5.796554522635856e-20-1.6274618547362857e-19j)
Free_energy = -9932.470247676572
------------------------------------------
[{'stable': {}, 'free': np.float64(-9932.470247676572)}]
------------------------------------------
  Seed: d-wave
F_onsite: (1.9756542848485577e-19+0j)
F_swave: (-1.1670766192660965e-19+0j), F_dwave: (4.640232298710334e-15+0j)
F_px: -5.823001064528529e-20j, F_py: 6.668390739585904e-21j
Free_energy = -9932.470247676572
------------------------------------------
[{'stable': {}, 'free': np.float64(-9932.470247676572)}]
------------------------------------------
  Seed: d-wave+px
F_onsite: (1.9756542848485577e-19+0j)
F_swave: (-1.1670766192660965e-19+0j), F_dwave: (4.640232298710334e-15+0j)
F_px: -5.823001064528529e-20j, F_py: 6.668390739585904e-21j
Free_energy = -9932.470247676572
------------------------------------------
[{'stable': {}, 'free': np.float64(-9932.470247676572)}]
------------------------------------------
  Seed: d-wave+py
F_onsite: (1.9756542848485577e-19+0j)
F_swave: (-1.1670766192660965e-19+0j), F_dwave: (4.640232298710334e-15+0j)
F_px: -5.823001064528529e-20j, F_py: 6.668390739585904e-21j
Free_energy = -9932.470247676572
------------------------------------------
[{'stable': {}, 'free': np.float64(-9932.470247676572)}]
------------------------------------------
====================================
mu=0.66, T=0.2819
====================================
  Seed: normal state
F_onsite: 0j
F_swave: 0j, F_dwave: 0j
F_px: 0j, F_py: 0j
Free_energy = -9948.557113961742
------------------------------------------
[{'stable': {}, 'free': np.float64(-9948.557113961742)}]
------------------------------------------
  Seed: px
F_onsite: 1.2713220776690277e-19j
F_swave: -1.379607699124769e-19j, F_dwave: 3.939532834039828e-15j
F_px: (1.2043073159745488e-19+0j), F_py: (4.538393350928761e-20+0j)
Free_energy = -9948.557113961742
------------------------------------------
[{'stable': {}, 'free': np.float64(-9948.557113961742)}]
------------------------------------------
  Seed: py
F_onsite: -1.2713220776690277e-19j
F_swave: 1.379607699124769e-19j, F_dwave: -3.939532834039828e-15j
F_px: (-1.2043073159745488e-19+0j), F_py: (-4.538393350928761e-20+0j)
Free_energy = -9948.557113961742
------------------------------------------
[{'stable': {}, 'free': np.float64(-9948.557113961742)}]
------------------------------------------
  Seed: px+py
F_onsite: -1.2713220776690277e-19j
F_swave: 1.379607699124769e-19j, F_dwave: -3.939532834039828e-15j
F_px: (-1.2043073159745488e-19+0j), F_py: (-4.538393350928761e-20+0j)
Free_energy = -9948.557113961742
------------------------------------------
[{'stable': {}, 'free': np.float64(-9948.557113961742)}]
------------------------------------------
  Seed: px+i*py
F_onsite: (2.618793594830092e-20+1.164653157546447e-19j)
F_swave: (-3.0477833403714764e-20-1.0066453786972167e-19j), F_dwave: (1.864199119410066e-15+3.8208517331532934e-15j)
F_px: (1.652738858886113e-19+2.090629598828618e-19j), F_py: (-1.847791903179614e-19-8.225800926274661e-20j)
Free_energy = -9948.557113961742
------------------------------------------
[{'stable': {}, 'free': np.float64(-9948.557113961742)}]
------------------------------------------
  Seed: d-wave
F_onsite: (2.90471523170191e-19+0j)
F_swave: (-1.4125471591246162e-19+0j), F_dwave: (3.870192147984687e-15+0j)
F_px: -3.228786273474639e-20j, F_py: -2.6014976325458788e-20j
Free_energy = -9948.557113961742
------------------------------------------
[{'stable': {}, 'free': np.float64(-9948.557113961742)}]
------------------------------------------
  Seed: d-wave+px
F_onsite: (2.90471523170191e-19+0j)
F_swave: (-1.4125471591246162e-19+0j), F_dwave: (3.870192147984687e-15+0j)
F_px: -3.228786273474639e-20j, F_py: -2.6014976325458788e-20j
Free_energy = -9948.557113961742
------------------------------------------
[{'stable': {}, 'free': np.float64(-9948.557113961742)}]
------------------------------------------
  Seed: d-wave+py
F_onsite: (2.90471523170191e-19+0j)
F_swave: (-1.4125471591246162e-19+0j), F_dwave: (3.870192147984687e-15+0j)
F_px: -3.228786273474639e-20j, F_py: -2.6014976325458788e-20j
Free_energy = -9948.557113961742
------------------------------------------
[{'stable': {}, 'free': np.float64(-9948.557113961742)}]
------------------------------------------
====================================
mu=0.66, T=0.2909
====================================
  Seed: normal state
F_onsite: 0j
F_swave: 0j, F_dwave: 0j
F_px: 0j, F_py: 0j
Free_energy = -9965.152792307086
------------------------------------------
[{'stable': {}, 'free': np.float64(-9965.152792307086)}]
------------------------------------------
  Seed: px
F_onsite: 3.527224305581384e-20j
F_swave: -8.965139946649251e-21j, F_dwave: 3.2310240477471133e-15j
F_px: (-1.5069583198736996e-19+0j), F_py: (4.8248956869417343e-20+0j)
Free_energy = -9965.152792307086
------------------------------------------
[{'stable': {}, 'free': np.float64(-9965.152792307086)}]
------------------------------------------
  Seed: py
F_onsite: -3.527224305581384e-20j
F_swave: 8.965139946649251e-21j, F_dwave: -3.2310240477471133e-15j
F_px: (1.5069583198736996e-19+0j), F_py: (-4.8248956869417343e-20+0j)
Free_energy = -9965.152792307086
------------------------------------------
[{'stable': {}, 'free': np.float64(-9965.152792307086)}]
------------------------------------------
  Seed: px+py
F_onsite: -3.527224305581384e-20j
F_swave: 8.965139946649251e-21j, F_dwave: -3.2310240477471133e-15j
F_px: (1.5069583198736996e-19+0j), F_py: (-4.8248956869417343e-20+0j)
Free_energy = -9965.152792307086
------------------------------------------
[{'stable': {}, 'free': np.float64(-9965.152792307086)}]
------------------------------------------
  Seed: px+i*py
F_onsite: (1.8281265727042852e-19+6.09372453139013e-20j)
F_swave: (-7.447869722200208e-20-4.553964255636097e-20j), F_dwave: (1.5293432001490893e-15+3.134415494377967e-15j)
F_px: (7.277503362313764e-20+2.144975628783636e-19j), F_py: (-2.6231966144062563e-19+4.3909799266831486e-20j)
Free_energy = -9965.152792307088
------------------------------------------
[{'stable': {}, 'free': np.float64(-9965.152792307086)}]
------------------------------------------
  Seed: d-wave
F_onsite: (1.842648558506238e-19+0j)
F_swave: (-1.8925977032161335e-19+0j), F_dwave: (3.1742615746508215e-15+0j)
F_px: 9.883725324010856e-20j, F_py: -2.145634834507883e-19j
Free_energy = -9965.152792307086
------------------------------------------
[{'stable': {}, 'free': np.float64(-9965.152792307086)}]
------------------------------------------
  Seed: d-wave+px
F_onsite: (1.842648558506238e-19+0j)
F_swave: (-1.8925977032161335e-19+0j), F_dwave: (3.1742615746508215e-15+0j)
F_px: 9.883725324010856e-20j, F_py: -2.145634834507883e-19j
Free_energy = -9965.152792307086
------------------------------------------
[{'stable': {}, 'free': np.float64(-9965.152792307086)}]
------------------------------------------
  Seed: d-wave+py
F_onsite: (1.842648558506238e-19+0j)
F_swave: (-1.8925977032161335e-19+0j), F_dwave: (3.1742615746508215e-15+0j)
F_px: 9.883725324010856e-20j, F_py: -2.145634834507883e-19j
Free_energy = -9965.152792307086
------------------------------------------
[{'stable': {}, 'free': np.float64(-9965.152792307086)}]
------------------------------------------
====================================
mu=0.66, T=0.3000
====================================
  Seed: normal state
F_onsite: 0j
F_swave: 0j, F_dwave: 0j
F_px: 0j, F_py: 0j
Free_energy = -9982.252626198895
------------------------------------------
[{'stable': {}, 'free': np.float64(-9982.252626198895)}]
------------------------------------------
  Seed: px
F_onsite: -8.385806905476798e-20j
F_swave: 1.1702734401994597e-20j, F_dwave: 2.6063682993537996e-15j
F_px: (-2.14660926696723e-19+0j), F_py: (1.0848549119054613e-19+0j)
Free_energy = -9982.252626198895
------------------------------------------
[{'stable': {}, 'free': np.float64(-9982.252626198895)}]
------------------------------------------
  Seed: py
F_onsite: 8.385806905476798e-20j
F_swave: -1.1702734401994597e-20j, F_dwave: -2.6063682993537996e-15j
F_px: (2.14660926696723e-19+0j), F_py: (-1.0848549119054613e-19+0j)
Free_energy = -9982.252626198895
------------------------------------------
[{'stable': {}, 'free': np.float64(-9982.252626198895)}]
------------------------------------------
  Seed: px+py
F_onsite: 8.385806905476798e-20j
F_swave: -1.1702734401994597e-20j, F_dwave: -2.6063682993537996e-15j
F_px: (2.14660926696723e-19+0j), F_py: (-1.0848549119054613e-19+0j)
Free_energy = -9982.252626198895
------------------------------------------
[{'stable': {}, 'free': np.float64(-9982.252626198895)}]
------------------------------------------
  Seed: px+i*py
F_onsite: (-7.134558815782038e-20-2.8202686553569098e-19j)
F_swave: (1.2663198762032602e-20+9.551074307183039e-20j), F_dwave: (1.2340774280068086e-15+2.5292315165552393e-15j)
F_px: (3.2584003577908907e-20+2.0081145928414259e-19j), F_py: (-2.8807050951914813e-21+2.4536448042859808e-20j)
Free_energy = -9982.252626198895
------------------------------------------
[{'stable': {}, 'free': np.float64(-9982.252626198895)}]
------------------------------------------
  Seed: d-wave
F_onsite: (1.0420877076824311e-19+0j)
F_swave: (-1.2544387888892256e-19+0j), F_dwave: (2.560653014207066e-15+0j)
F_px: -1.166595539099055e-19j, F_py: -2.1176410068809835e-19j
Free_energy = -9982.252626198895
------------------------------------------
[{'stable': {}, 'free': np.float64(-9982.252626198895)}]
------------------------------------------
  Seed: d-wave+px
F_onsite: (1.0420877076824311e-19+0j)
F_swave: (-1.2544387888892256e-19+0j), F_dwave: (2.560653014207066e-15+0j)
F_px: -1.166595539099055e-19j, F_py: -2.1176410068809835e-19j
Free_energy = -9982.252626198895
------------------------------------------
[{'stable': {}, 'free': np.float64(-9982.252626198895)}]
------------------------------------------
  Seed: d-wave+py
F_onsite: (1.0420877076824311e-19+0j)
F_swave: (-1.2544387888892256e-19+0j), F_dwave: (2.560653014207066e-15+0j)
F_px: -1.166595539099055e-19j, F_py: -2.1176410068809835e-19j
Free_energy = -9982.252626198895
------------------------------------------
[{'stable': {}, 'free': np.float64(-9982.252626198895)}]
------------------------------------------
