/home/emilssp/D1/venv/bin/python
Python 3.10.12
Running job 13 out of 30
====================================
mu=0.92, T=0.0010
====================================
  Seed: normal state
F_onsite: 0j
F_swave: 0j, F_dwave: 0j
F_px: 0j, F_py: 0j
Free_energy = -10169.417602823723
------------------------------------------
[{'stable': {}, 'free': np.float64(-10169.417602823723)}]
------------------------------------------
  Seed: px
F_onsite: -1.8798625714888315e-17j
F_swave: 1.0970108988347656e-17j, F_dwave: 7.39613022976898e-17j
F_px: (0.04948690540503912+0j), F_py: (5.13255643921803e-19+0j)
Free_energy = -10216.544468508708
------------------------------------------
[{'stable': {'F_px': np.complex128(0.04948690540503912+0j)}, 'free': np.float64(-10216.544468508708)}]
------------------------------------------
  Seed: py
F_onsite: -1.7758310436982424e-17j
F_swave: 6.049509309290213e-18j, F_dwave: -6.23976879111129e-17j
F_px: (9.441240988333245e-19+0j), F_py: (0.04948690540503912+0j)
Free_energy = -10216.544468508664
------------------------------------------
[{'stable': {'F_px': np.complex128(0.04948690540503912+0j)}, 'free': np.float64(-10216.544468508708)}, {'stable': {'F_py': np.complex128(0.04948690540503912+0j)}, 'free': np.float64(-10216.544468508664)}]
------------------------------------------
  Seed: px+py
F_onsite: 1.0326602176450803e-17j
F_swave: -2.5963148020120407e-18j, F_dwave: -4.759970468522505e-17j
F_px: (0.029041252674348803+0j), F_py: (0.029041252687493958+0j)
Free_energy = -10201.77960319294
------------------------------------------
[{'stable': {'F_px': np.complex128(0.04948690540503912+0j)}, 'free': np.float64(-10216.544468508708)}, {'stable': {'F_py': np.complex128(0.04948690540503912+0j)}, 'free': np.float64(-10216.544468508664)}]
------------------------------------------
  Seed: px+i*py
F_onsite: (3.076068969380956e-17-2.429846358096969e-17j)
F_swave: (-3.6718348867881886e-18+5.0306980803327406e-17j), F_dwave: (2.257164398118195e-16-3.642919299551295e-17j)
F_px: (0.037398307745769015-6.77231958087375e-18j), F_py: (6.357246966939541e-18+0.03739830774576909j)
Free_energy = -10223.180014265585
------------------------------------------
[{'stable': {'F_px': np.complex128(0.037398307745769015-6.77231958087375e-18j), 'F_py': np.complex128(6.357246966939541e-18+0.03739830774576909j)}, 'free': np.float64(-10223.180014265585)}]
------------------------------------------
  Seed: d-wave
F_onsite: (2.231661162518654e-17+0j)
F_swave: (-2.7755575615628914e-17+0j), F_dwave: (0.053749051517431874+0j)
F_px: -9.09664581694978e-19j, F_py: 2.1647829482492517e-18j
Free_energy = -10280.99515457977
------------------------------------------
[{'stable': {'F_dwave': np.complex128(0.053749051517431874+0j)}, 'free': np.float64(-10280.99515457977)}]
------------------------------------------
  Seed: d-wave+px
F_onsite: (-0.0002820252346661717-3.015966687817343e-19j)
F_swave: (9.206516271984162e-05+3.054897116166539e-18j), F_dwave: (0.05250094963375565-1.2285054847066052e-17j)
F_px: (0.018068446750295463-1.517910834748288e-17j), F_py: (-3.469446951953614e-18+4.538667229184558e-18j)
Free_energy = -10282.228953761956
------------------------------------------
[{'stable': {'F_dwave': np.complex128(0.05250094963375565-1.2285054847066052e-17j), 'F_px': np.complex128(0.018068446750295463-1.517910834748288e-17j)}, 'free': np.float64(-10282.228953761956)}]
------------------------------------------
  Seed: d-wave+py
F_onsite: (0.00028202523466632086-1.017260099872813e-18j)
F_swave: (-9.20651627198954e-05-4.757016441118956e-19j), F_dwave: (0.05250094963375583-1.8882084929972465e-18j)
F_px: (-3.8163916471489756e-17-1.1397701808033467e-17j), F_py: (0.018068446750295564+9.973283558327353e-19j)
Free_energy = -10282.228953761954
------------------------------------------
[{'stable': {'F_dwave': np.complex128(0.05250094963375565-1.2285054847066052e-17j), 'F_px': np.complex128(0.018068446750295463-1.517910834748288e-17j)}, 'free': np.float64(-10282.228953761956)}, {'stable': {'F_dwave': np.complex128(0.05250094963375583-1.8882084929972465e-18j), 'F_py': np.complex128(0.018068446750295564+9.973283558327353e-19j)}, 'free': np.float64(-10282.228953761954)}]
------------------------------------------
====================================
mu=0.92, T=0.0101
====================================
  Seed: normal state
F_onsite: 0j
F_swave: 0j, F_dwave: 0j
F_px: 0j, F_py: 0j
Free_energy = -10169.699731839868
------------------------------------------
[{'stable': {}, 'free': np.float64(-10169.699731839868)}]
------------------------------------------
  Seed: px
F_onsite: -1.8842777307263945e-18j
F_swave: 1.092010757468005e-17j, F_dwave: 1.188210936265636e-16j
F_px: (0.04947331968532354+0j), F_py: (-4.706723859875732e-19+0j)
Free_energy = -10216.52420349258
------------------------------------------
[{'stable': {'F_px': np.complex128(0.04947331968532354+0j)}, 'free': np.float64(-10216.52420349258)}]
------------------------------------------
  Seed: py
F_onsite: -2.104495709100672e-17j
F_swave: 8.282446976930159e-18j, F_dwave: -8.367234974950314e-17j
F_px: (1.464625844921092e-18+0j), F_py: (0.04947331968532362+0j)
Free_energy = -10216.52420349267
------------------------------------------
[{'stable': {'F_px': np.complex128(0.04947331968532354+0j)}, 'free': np.float64(-10216.52420349258)}, {'stable': {'F_py': np.complex128(0.04947331968532362+0j)}, 'free': np.float64(-10216.52420349267)}]
------------------------------------------
  Seed: px+py
F_onsite: 8.182073572680524e-18j
F_swave: -9.242188245728485e-19j, F_dwave: -8.52050029280006e-17j
F_px: (0.028984839739537905+0j), F_py: (0.028984839948118128+0j)
Free_energy = -10201.736379803562
------------------------------------------
[{'stable': {'F_px': np.complex128(0.04947331968532354+0j)}, 'free': np.float64(-10216.52420349258)}, {'stable': {'F_py': np.complex128(0.04947331968532362+0j)}, 'free': np.float64(-10216.52420349267)}]
------------------------------------------
  Seed: px+i*py
F_onsite: (3.087795081744508e-17-1.0676903239699659e-17j)
F_swave: (-3.685453588393262e-18-1.734723475976807e-18j), F_dwave: (2.4654674022514625e-16-1.5612511283791264e-17j)
F_px: (0.03739767698364387-7.01457100378848e-18j), F_py: (6.191678495530927e-18+0.03739767698364415j)
Free_energy = -10223.178099129937
------------------------------------------
[{'stable': {'F_px': np.complex128(0.03739767698364387-7.01457100378848e-18j), 'F_py': np.complex128(6.191678495530927e-18+0.03739767698364415j)}, 'free': np.float64(-10223.178099129937)}]
------------------------------------------
  Seed: d-wave
F_onsite: (3.916681009848375e-17+0j)
F_swave: (-1.1449174941446927e-16+0j), F_dwave: (0.05372467647076454+0j)
F_px: -8.235365510824866e-18j, F_py: 1.8541104537865856e-18j
Free_energy = -10280.952773270901
------------------------------------------
[{'stable': {'F_dwave': np.complex128(0.05372467647076454+0j)}, 'free': np.float64(-10280.952773270901)}]
------------------------------------------
  Seed: d-wave+px
F_onsite: (-0.00027899318924017133+3.3682794543159287e-18j)
F_swave: (9.107726703137288e-05-4.073500557354138e-19j), F_dwave: (0.05251206505819749-2.670833849035718e-18j)
F_px: (0.01797196913010782-2.9383969986945704e-18j), F_py: (-7.28583859910259e-17-2.4440341599634785e-18j)
Free_energy = -10282.210649553383
------------------------------------------
[{'stable': {'F_dwave': np.complex128(0.05251206505819749-2.670833849035718e-18j), 'F_px': np.complex128(0.01797196913010782-2.9383969986945704e-18j)}, 'free': np.float64(-10282.210649553383)}]
------------------------------------------
  Seed: d-wave+py
F_onsite: (0.00027899318924017144-7.114812059140106e-19j)
F_swave: (-9.107726703132257e-05+9.460431578544475e-19j), F_dwave: (0.05251206505819751+2.1154250810982126e-18j)
F_px: (-1.3877787807814457e-17-1.1042662654235907e-18j), F_py: (0.01797196913010776+1.0052428199336426e-18j)
Free_energy = -10282.210649553406
------------------------------------------
[{'stable': {'F_dwave': np.complex128(0.05251206505819749-2.670833849035718e-18j), 'F_px': np.complex128(0.01797196913010782-2.9383969986945704e-18j)}, 'free': np.float64(-10282.210649553383)}, {'stable': {'F_dwave': np.complex128(0.05251206505819751+2.1154250810982126e-18j), 'F_py': np.complex128(0.01797196913010776+1.0052428199336426e-18j)}, 'free': np.float64(-10282.210649553406)}]
------------------------------------------
====================================
mu=0.92, T=0.0191
====================================
  Seed: normal state
F_onsite: 0j
F_swave: 0j, F_dwave: 0j
F_px: 0j, F_py: 0j
Free_energy = -10170.41784031981
------------------------------------------
[{'stable': {}, 'free': np.float64(-10170.41784031981)}]
------------------------------------------
  Seed: px
F_onsite: -7.007535336370349e-17j
F_swave: 2.892495753887268e-17j, F_dwave: 1.7974235017105306e-16j
F_px: (0.04927970267622573+0j), F_py: (6.659465675541915e-19+0j)
Free_energy = -10216.255176904437
------------------------------------------
[{'stable': {'F_px': np.complex128(0.04927970267622573+0j)}, 'free': np.float64(-10216.255176904437)}]
------------------------------------------
  Seed: py
F_onsite: -4.1922201658457087e-17j
F_swave: 1.3908280993915612e-17j, F_dwave: -1.6634520062124621e-16j
F_px: (2.015720038783521e-18+0j), F_py: (0.049279702676225404+0j)
Free_energy = -10216.25517690448
------------------------------------------
[{'stable': {'F_px': np.complex128(0.04927970267622573+0j)}, 'free': np.float64(-10216.255176904437)}, {'stable': {'F_py': np.complex128(0.049279702676225404+0j)}, 'free': np.float64(-10216.25517690448)}]
------------------------------------------
  Seed: px+py
F_onsite: -2.4558132118862337e-18j
F_swave: -6.553123335992098e-18j, F_dwave: -3.5575870828625285e-16j
F_px: (0.02869800513530498+0j), F_py: (0.02869801106825576+0j)
Free_energy = -10201.419244578468
------------------------------------------
[{'stable': {'F_px': np.complex128(0.04927970267622573+0j)}, 'free': np.float64(-10216.255176904437)}, {'stable': {'F_py': np.complex128(0.049279702676225404+0j)}, 'free': np.float64(-10216.25517690448)}]
------------------------------------------
  Seed: px+i*py
F_onsite: (8.474374054866143e-17-8.115279730833602e-17j)
F_swave: (-4.623277879681382e-17+2.42861286636753e-17j), F_dwave: (5.041997764546909e-16+3.920475055707584e-16j)
F_px: (0.037332084153134514-1.0739054282204443e-17j), F_py: (3.87761095341178e-18+0.037332084153134534j)
Free_energy = -10223.02203550271
------------------------------------------
[{'stable': {'F_px': np.complex128(0.037332084153134514-1.0739054282204443e-17j), 'F_py': np.complex128(3.87761095341178e-18+0.037332084153134534j)}, 'free': np.float64(-10223.02203550271)}]
------------------------------------------
  Seed: d-wave
F_onsite: (5.983051784190699e-17+0j)
F_swave: (-2.0816681711721685e-16+0j), F_dwave: (0.05362480500001335+0j)
F_px: 7.704680788453578e-18j, F_py: 3.3064522836682725e-18j
Free_energy = -10280.714791795004
------------------------------------------
[{'stable': {'F_dwave': np.complex128(0.05362480500001335+0j)}, 'free': np.float64(-10280.714791795004)}]
------------------------------------------
  Seed: d-wave+px
F_onsite: (-0.0002241985704399115+3.5659425334916e-18j)
F_swave: (7.321796324546992e-05-1.9302491204496416e-18j), F_dwave: (0.05269806788428901+7.493687249468994e-18j)
F_px: (0.01612265369225866+6.558820956051363e-18j), F_py: (1.3877787807814457e-17+1.9407443880617144e-18j)
Free_energy = -10281.84162342733
------------------------------------------
[{'stable': {'F_dwave': np.complex128(0.05269806788428901+7.493687249468994e-18j), 'F_px': np.complex128(0.01612265369225866+6.558820956051363e-18j)}, 'free': np.float64(-10281.84162342733)}]
------------------------------------------
  Seed: d-wave+py
F_onsite: (0.00022419857043998596-7.883362109875375e-19j)
F_swave: (-7.32179632453693e-05+2.2853478312513057e-18j), F_dwave: (0.05269806788428891+3.426592378778467e-18j)
F_px: (1.0408340855860843e-17-8.596577086353297e-18j), F_py: (0.01612265369225877+1.252960252336123e-18j)
Free_energy = -10281.841623427303
------------------------------------------
[{'stable': {'F_dwave': np.complex128(0.05269806788428901+7.493687249468994e-18j), 'F_px': np.complex128(0.01612265369225866+6.558820956051363e-18j)}, 'free': np.float64(-10281.84162342733)}, {'stable': {'F_dwave': np.complex128(0.05269806788428891+3.426592378778467e-18j), 'F_py': np.complex128(0.01612265369225877+1.252960252336123e-18j)}, 'free': np.float64(-10281.841623427303)}]
------------------------------------------
====================================
mu=0.92, T=0.0282
====================================
  Seed: normal state
F_onsite: 0j
F_swave: 0j, F_dwave: 0j
F_px: 0j, F_py: 0j
Free_energy = -10171.584772145616
------------------------------------------
[{'stable': {}, 'free': np.float64(-10171.584772145616)}]
------------------------------------------
  Seed: px
F_onsite: -9.993559409502252e-17j
F_swave: 2.113905715749075e-17j, F_dwave: 3.6719415599999834e-16j
F_px: (0.04850635372792018+0j), F_py: (1.4398931446057565e-18+0j)
Free_energy = -10215.199315394784
------------------------------------------
[{'stable': {'F_px': np.complex128(0.04850635372792018+0j)}, 'free': np.float64(-10215.199315394784)}]
------------------------------------------
  Seed: py
F_onsite: -1.0427213808716852e-16j
F_swave: 3.369375303191439e-17j, F_dwave: -4.379260922467219e-16j
F_px: (1.1298459986861805e-18+0j), F_py: (0.048506353727920434+0j)
Free_energy = -10215.199315394731
------------------------------------------
[{'stable': {'F_px': np.complex128(0.04850635372792018+0j)}, 'free': np.float64(-10215.199315394784)}, {'stable': {'F_py': np.complex128(0.048506353727920434+0j)}, 'free': np.float64(-10215.199315394731)}]
------------------------------------------
  Seed: px+py
F_onsite: 3.924923037471853e-17j
F_swave: 7.520170263960492e-18j, F_dwave: -2.608564274857877e-15j
F_px: (0.027998916509639163+0j), F_py: (0.02799906601330866+0j)
Free_energy = -10200.590478779199
------------------------------------------
[{'stable': {'F_px': np.complex128(0.04850635372792018+0j)}, 'free': np.float64(-10215.199315394784)}, {'stable': {'F_py': np.complex128(0.048506353727920434+0j)}, 'free': np.float64(-10215.199315394731)}]
------------------------------------------
  Seed: px+i*py
F_onsite: (2.3965696099728998e-16-1.2930852618387432e-16j)
F_swave: (-7.27210872442319e-17+4.683753385137379e-17j), F_dwave: (1.9843863577706733e-15+1.5213524884316598e-15j)
F_px: (0.036823182717763206-2.55964356935185e-17j), F_py: (1.2354716689532818e-17+0.0368231827177634j)
Free_energy = -10221.850646693136
------------------------------------------
[{'stable': {'F_px': np.complex128(0.036823182717763206-2.55964356935185e-17j), 'F_py': np.complex128(1.2354716689532818e-17+0.0368231827177634j)}, 'free': np.float64(-10221.850646693136)}]
------------------------------------------
  Seed: d-wave
F_onsite: (-1.4292357495936233e-18+0j)
F_swave: (1.2836953722228372e-16+0j), F_dwave: (0.05342945846552929+0j)
F_px: 3.8811579038784075e-18j, F_py: 2.7822170272384333e-18j
Free_energy = -10280.227837033546
------------------------------------------
[{'stable': {'F_dwave': np.complex128(0.05342945846552929+0j)}, 'free': np.float64(-10280.227837033546)}]
------------------------------------------
  Seed: d-wave+px
F_onsite: (-7.365505231692018e-05+5.723825141070935e-19j)
F_swave: (2.4078330407038828e-05-2.0758031297569225e-18j), F_dwave: (0.05313719469508782+8.655783365877392e-19j)
F_px: (0.009271190256239313-3.529731874996479e-18j), F_py: (-1.3877787807814457e-17+1.1729090213756911e-18j)
Free_energy = -10280.629421324109
------------------------------------------
[{'stable': {'F_dwave': np.complex128(0.05313719469508782+8.655783365877392e-19j), 'F_px': np.complex128(0.009271190256239313-3.529731874996479e-18j)}, 'free': np.float64(-10280.629421324109)}]
------------------------------------------
  Seed: d-wave+py
F_onsite: (7.365505231669283e-05+1.8345145450752044e-18j)
F_swave: (-2.407833040706485e-05-5.954046049156693e-19j), F_dwave: (0.05313719469508784-1.0541258854130763e-18j)
F_px: (-2.42861286636753e-17-5.9362848270439546e-18j), F_py: (0.009271190256239254+1.867654709136529e-18j)
Free_energy = -10280.62942132408
------------------------------------------
[{'stable': {'F_dwave': np.complex128(0.05313719469508782+8.655783365877392e-19j), 'F_px': np.complex128(0.009271190256239313-3.529731874996479e-18j)}, 'free': np.float64(-10280.629421324109)}, {'stable': {'F_dwave': np.complex128(0.05313719469508784-1.0541258854130763e-18j), 'F_py': np.complex128(0.009271190256239254+1.867654709136529e-18j)}, 'free': np.float64(-10280.62942132408)}]
------------------------------------------
====================================
mu=0.92, T=0.0372
====================================
  Seed: normal state
F_onsite: 0j
F_swave: 0j, F_dwave: 0j
F_px: 0j, F_py: 0j
Free_energy = -10173.196503374558
------------------------------------------
[{'stable': {}, 'free': np.float64(-10173.196503374558)}]
------------------------------------------
  Seed: px
F_onsite: -3.2379766702706554e-16j
F_swave: 7.488549465248305e-17j, F_dwave: 1.3603060082910813e-15j
F_px: (0.04662120877939656+0j), F_py: (8.124104755352808e-19+0j)
Free_energy = -10212.701163888858
------------------------------------------
[{'stable': {'F_px': np.complex128(0.04662120877939656+0j)}, 'free': np.float64(-10212.701163888858)}]
------------------------------------------
  Seed: py
F_onsite: -3.694082207147823e-16j
F_swave: 1.1649630582370577e-16j, F_dwave: -1.785847896513794e-15j
F_px: (3.930894619749996e-19+0j), F_py: (0.046621208779396496+0j)
Free_energy = -10212.701163888954
------------------------------------------
[{'stable': {'F_px': np.complex128(0.04662120877939656+0j)}, 'free': np.float64(-10212.701163888858)}, {'stable': {'F_py': np.complex128(0.046621208779396496+0j)}, 'free': np.float64(-10212.701163888954)}]
------------------------------------------
  Seed: px+py
F_onsite: -8.224721681574778e-17j
F_swave: 1.0525337281700343e-17j, F_dwave: -4.199128095401438e-14j
F_px: (0.026663365003816712+0j), F_py: (0.026666475451811344+0j)
Free_energy = -10199.011440099172
------------------------------------------
[{'stable': {'F_px': np.complex128(0.04662120877939656+0j)}, 'free': np.float64(-10212.701163888858)}, {'stable': {'F_py': np.complex128(0.046621208779396496+0j)}, 'free': np.float64(-10212.701163888954)}]
------------------------------------------
  Seed: px+i*py
F_onsite: (1.4229044959502527e-15-1.1709256937296952e-15j)
F_swave: (-4.491713281242496e-16+3.712308238590367e-16j), F_dwave: (1.3969606099887484e-14+1.0970391262077328e-14j)
F_px: (0.03542117027944418-2.0890122115226593e-17j), F_py: (2.3887970238906575e-17+0.03542117027944419j)
Free_energy = -10218.800416365108
------------------------------------------
[{'stable': {'F_px': np.complex128(0.03542117027944418-2.0890122115226593e-17j), 'F_py': np.complex128(2.3887970238906575e-17+0.03542117027944419j)}, 'free': np.float64(-10218.800416365108)}]
------------------------------------------
  Seed: d-wave
F_onsite: (1.2556672505215395e-16+0j)
F_swave: (1.1102230246251565e-16+0j), F_dwave: (0.053039593974633675+0j)
F_px: -1.4075348316594172e-17j, F_py: 2.644554320974908e-18j
Free_energy = -10279.196964449944
------------------------------------------
[{'stable': {'F_dwave': np.complex128(0.053039593974633675+0j)}, 'free': np.float64(-10279.196964449944)}]
------------------------------------------
  Seed: d-wave+px
F_onsite: (-3.520377783787393e-14-2.3660025603427385e-19j)
F_swave: (1.1603565330808863e-14+2.495077146594298e-18j), F_dwave: (0.05303741329293555-2.6139106500408147e-17j)
F_px: (2.0420240279955815e-07-8.312164739873053e-18j), F_py: (5.204170427930421e-17+3.690835166792524e-18j)
Free_energy = -10279.18593464321
------------------------------------------
[{'stable': {'F_dwave': np.complex128(0.053039593974633675+0j)}, 'free': np.float64(-10279.196964449944)}]
------------------------------------------
  Seed: d-wave+py
F_onsite: (3.914823698555228e-14-8.109161959730269e-19j)
F_swave: (-1.2911546831695375e-14+1.1543652182458951e-18j), F_dwave: (0.05303741329291898-1.3285834614004665e-17j)
F_px: (2.7755575615628914e-17-3.272030462063621e-19j), F_py: (2.1558416583508655e-07+4.810115471798136e-18j)
Free_energy = -10279.185934643221
------------------------------------------
[{'stable': {'F_dwave': np.complex128(0.053039593974633675+0j)}, 'free': np.float64(-10279.196964449944)}]
------------------------------------------
====================================
mu=0.92, T=0.0463
====================================
  Seed: normal state
F_onsite: 0j
F_swave: 0j, F_dwave: 0j
F_px: 0j, F_py: 0j
Free_energy = -10175.250789016909
------------------------------------------
[{'stable': {}, 'free': np.float64(-10175.250789016909)}]
------------------------------------------
  Seed: px
F_onsite: -2.5103178232783574e-15j
F_swave: 7.674379494150834e-16j, F_dwave: 1.510012088402508e-14j
F_px: (0.04312973586784929+0j), F_py: (2.582203100761886e-18+0j)
Free_energy = -10208.39986692596
------------------------------------------
[{'stable': {'F_px': np.complex128(0.04312973586784929+0j)}, 'free': np.float64(-10208.39986692596)}]
------------------------------------------
  Seed: py
F_onsite: -9.480421221618362e-16j
F_swave: 4.0939474033052647e-16j, F_dwave: -0.05233151895143177j
F_px: (9.558833581097499e-19+0j), F_py: (2.1425756085792335e-08+0j)
Free_energy = -10277.281454308173
------------------------------------------
[{'stable': {'F_dwave': np.complex128(-0.05233151895143177j)}, 'free': np.float64(-10277.281454308173)}]
------------------------------------------
  Seed: px+py
F_onsite: -1.315977761021284e-15j
F_swave: 6.140921104957897e-16j, F_dwave: -0.052331518935688597j
F_px: (2.367988859018688e-17+0j), F_py: (2.487623940998565e-08+0j)
Free_energy = -10277.281454231028
------------------------------------------
[{'stable': {'F_dwave': np.complex128(-0.05233151895143177j)}, 'free': np.float64(-10277.281454308173)}]
------------------------------------------
  Seed: px+i*py
F_onsite: (-1.2685835862102658e-14-9.615461774070777e-15j)
F_swave: (4.2847669856627135e-15+3.2508717939805365e-15j), F_dwave: (0.04162117407149436+0.0317216921318937j)
F_px: (1.3296446464347578e-07+1.0133923198860084e-07j), F_py: (7.358163495868597e-08+5.608044498922604e-08j)
Free_energy = -10277.281454638316
------------------------------------------
[{'stable': {'F_dwave': np.complex128(-0.05233151895143177j)}, 'free': np.float64(-10277.281454308173)}, {'stable': {'F_dwave': np.complex128(0.04162117407149436+0.0317216921318937j)}, 'free': np.float64(-10277.281454638316)}]
------------------------------------------
  Seed: d-wave
F_onsite: (-1.624983740215112e-17+0j)
F_swave: (2.42861286636753e-17+0j), F_dwave: (0.052333447640206004+0j)
F_px: -6.777490286882819e-18j, F_py: 1.5707828960136974e-19j
Free_energy = -10277.290905109388
------------------------------------------
[{'stable': {'F_dwave': np.complex128(-0.05233151895143177j)}, 'free': np.float64(-10277.281454308173)}, {'stable': {'F_dwave': np.complex128(0.04162117407149436+0.0317216921318937j)}, 'free': np.float64(-10277.281454638316)}, {'stable': {'F_dwave': np.complex128(0.052333447640206004+0j)}, 'free': np.float64(-10277.290905109388)}]
------------------------------------------
  Seed: d-wave+px
F_onsite: (-1.069883329987309e-14+1.1783186288990618e-18j)
F_swave: (3.694961003830599e-15-1.6535268963282284e-18j), F_dwave: (0.05233344177596019-3.620850306924018e-17j)
F_px: (1.1408889026912061e-07-1.1293033585512126e-17j), F_py: 4.543926953640808e-18j
Free_energy = -10277.290876373198
------------------------------------------
[{'stable': {'F_dwave': np.complex128(-0.05233151895143177j)}, 'free': np.float64(-10277.281454308173)}, {'stable': {'F_dwave': np.complex128(0.04162117407149436+0.0317216921318937j)}, 'free': np.float64(-10277.281454638316)}, {'stable': {'F_dwave': np.complex128(0.052333447640206004+0j)}, 'free': np.float64(-10277.290905109388)}]
------------------------------------------
  Seed: d-wave+py
F_onsite: (1.1692986076619642e-14-1.80114402363311e-18j)
F_swave: (-3.8077180297690916e-15-6.215590487679665e-19j), F_dwave: (0.05233344177595422-2.799518957316052e-18j)
F_px: (-1.3877787807814457e-17-1.2344101357846329e-17j), F_py: (1.2044793768969941e-07+4.6241841789280305e-18j)
Free_energy = -10277.290876373198
------------------------------------------
[{'stable': {'F_dwave': np.complex128(-0.05233151895143177j)}, 'free': np.float64(-10277.281454308173)}, {'stable': {'F_dwave': np.complex128(0.04162117407149436+0.0317216921318937j)}, 'free': np.float64(-10277.281454638316)}, {'stable': {'F_dwave': np.complex128(0.052333447640206004+0j)}, 'free': np.float64(-10277.290905109388)}]
------------------------------------------
====================================
mu=0.92, T=0.0554
====================================
  Seed: normal state
F_onsite: 0j
F_swave: 0j, F_dwave: 0j
F_px: 0j, F_py: 0j
Free_energy = -10177.748998631354
------------------------------------------
[{'stable': {}, 'free': np.float64(-10177.748998631354)}]
------------------------------------------
  Seed: px
F_onsite: -1.418728216308876e-15j
F_swave: 7.320533068622126e-16j, F_dwave: 0.05120348267929451j
F_px: (2.68019204204504e-08+0j), F_py: (-2.4144539879466397e-18+0j)
Free_energy = -10274.273489279547
------------------------------------------
[{'stable': {'F_dwave': np.complex128(0.05120348267929451j)}, 'free': np.float64(-10274.273489279547)}]
------------------------------------------
  Seed: py
F_onsite: 6.386584615799845e-17j
F_swave: -1.1102230246251565e-16j, F_dwave: -0.0512061252269709j
F_px: (-3.9867622456764535e-18+0j), F_py: (2.2346555930617008e-10+0j)
Free_energy = -10274.285837774776
------------------------------------------
[{'stable': {'F_dwave': np.complex128(0.05120348267929451j)}, 'free': np.float64(-10274.273489279547)}, {'stable': {'F_dwave': np.complex128(-0.0512061252269709j)}, 'free': np.float64(-10274.285837774776)}]
------------------------------------------
  Seed: px+py
F_onsite: -5.8767486524967946e-18j
F_swave: 1.3877787807814457e-17j, F_dwave: -0.05120612522693485j
F_px: (2.523185460323568e-18+0j), F_py: (2.594532792691472e-10+0j)
Free_energy = -10274.285837774638
------------------------------------------
[{'stable': {'F_dwave': np.complex128(0.05120348267929451j)}, 'free': np.float64(-10274.273489279547)}, {'stable': {'F_dwave': np.complex128(-0.0512061252269709j)}, 'free': np.float64(-10274.285837774776)}]
------------------------------------------
  Seed: px+i*py
F_onsite: (-1.6411682073018142e-15-1.2826515990035213e-15j)
F_swave: (5.117434254131581e-16+4.0679265511656126e-16j), F_dwave: (0.04072610716390739+0.031039514429958833j)
F_px: (4.942977083893796e-08+3.7673035458568593e-08j), F_py: (2.735410060614174e-08+2.084800300970746e-08j)
Free_energy = -10274.285837775524
------------------------------------------
[{'stable': {'F_dwave': np.complex128(0.05120348267929451j)}, 'free': np.float64(-10274.273489279547)}, {'stable': {'F_dwave': np.complex128(-0.0512061252269709j)}, 'free': np.float64(-10274.285837774776)}, {'stable': {'F_dwave': np.complex128(0.04072610716390739+0.031039514429958833j)}, 'free': np.float64(-10274.285837775524)}]
------------------------------------------
  Seed: d-wave
F_onsite: (2.4149114467012016e-17+0j)
F_swave: (-6.245004513516506e-17+0j), F_dwave: (0.05120612964342852+0j)
F_px: 4.268886408303451e-18j, F_py: 3.9606201822427016e-18j
Free_energy = -10274.285858413583
------------------------------------------
[{'stable': {'F_dwave': np.complex128(0.05120348267929451j)}, 'free': np.float64(-10274.273489279547)}, {'stable': {'F_dwave': np.complex128(-0.0512061252269709j)}, 'free': np.float64(-10274.285837774776)}, {'stable': {'F_dwave': np.complex128(0.04072610716390739+0.031039514429958833j)}, 'free': np.float64(-10274.285837775524)}, {'stable': {'F_dwave': np.complex128(0.05120612964342852+0j)}, 'free': np.float64(-10274.285858413583)}]
------------------------------------------
  Seed: d-wave+px
F_onsite: (-1.368820666874734e-15+1.849784214061686e-18j)
F_swave: (4.891920202254596e-16-2.955078121316366e-18j), F_dwave: (0.051206129629992866-4.1032462823742745e-17j)
F_px: (4.24117696067039e-08+1.6033345892015291e-18j), F_py: (6.938893903907228e-18+4.970465503236928e-18j)
Free_energy = -10274.285858350859
------------------------------------------
[{'stable': {'F_dwave': np.complex128(0.05120348267929451j)}, 'free': np.float64(-10274.273489279547)}, {'stable': {'F_dwave': np.complex128(-0.0512061252269709j)}, 'free': np.float64(-10274.285837774776)}, {'stable': {'F_dwave': np.complex128(0.04072610716390739+0.031039514429958833j)}, 'free': np.float64(-10274.285837775524)}, {'stable': {'F_dwave': np.complex128(0.05120612964342852+0j)}, 'free': np.float64(-10274.285858413583)}]
------------------------------------------
  Seed: d-wave+py
F_onsite: (1.5360542208099947e-15+9.577231932690439e-19j)
F_swave: (-5.065392549852277e-16-1.3936531184112778e-18j), F_dwave: (0.05120612962999184+3.645285077462227e-18j)
F_px: (-1.3877787807814457e-17-4.737708335371526e-19j), F_py: (4.477570215988269e-08+4.762420996676115e-18j)
Free_energy = -10274.285858350866
------------------------------------------
[{'stable': {'F_dwave': np.complex128(0.05120348267929451j)}, 'free': np.float64(-10274.273489279547)}, {'stable': {'F_dwave': np.complex128(-0.0512061252269709j)}, 'free': np.float64(-10274.285837774776)}, {'stable': {'F_dwave': np.complex128(0.04072610716390739+0.031039514429958833j)}, 'free': np.float64(-10274.285837775524)}, {'stable': {'F_dwave': np.complex128(0.05120612964342852+0j)}, 'free': np.float64(-10274.285858413583)}]
------------------------------------------
====================================
mu=0.92, T=0.0644
====================================
  Seed: normal state
F_onsite: 0j
F_swave: 0j, F_dwave: 0j
F_px: 0j, F_py: 0j
Free_energy = -10180.693470722032
------------------------------------------
[{'stable': {}, 'free': np.float64(-10180.693470722032)}]
------------------------------------------
  Seed: px
F_onsite: -5.81066118831716e-17j
F_swave: -4.85722573273506e-17j, F_dwave: 0.04956447735232706j
F_px: (1.6624573428058677e-10+0j), F_py: (-2.8075864840944056e-18+0j)
Free_energy = -10270.052044136688
------------------------------------------
[{'stable': {'F_dwave': np.complex128(0.04956447735232706j)}, 'free': np.float64(-10270.052044136688)}]
------------------------------------------
  Seed: py
F_onsite: -6.077795153293354e-17j
F_swave: 1.6306400674181987e-16j, F_dwave: -0.049564482300068574j
F_px: (-8.047940163107186e-18+0j), F_py: (1.3860113886247135e-12+0j)
Free_energy = -10270.05206581619
------------------------------------------
[{'stable': {'F_dwave': np.complex128(0.04956447735232706j)}, 'free': np.float64(-10270.052044136688)}, {'stable': {'F_dwave': np.complex128(-0.049564482300068574j)}, 'free': np.float64(-10270.05206581619)}]
------------------------------------------
  Seed: px+py
F_onsite: -3.039663853838175e-17j
F_swave: -4.5102810375396984e-17j, F_dwave: -0.04956448230006878j
F_px: (1.6191573232932014e-19+0j), F_py: (1.6092212690264621e-12+0j)
Free_energy = -10270.052065816191
------------------------------------------
[{'stable': {'F_dwave': np.complex128(0.04956447735232706j)}, 'free': np.float64(-10270.052044136688)}, {'stable': {'F_dwave': np.complex128(-0.049564482300068574j)}, 'free': np.float64(-10270.05206581619)}]
------------------------------------------
  Seed: px+i*py
F_onsite: (-7.231438326908671e-17-4.0309686945282986e-17j)
F_swave: (2.42861286636753e-17-3.2959746043559335e-17j), F_dwave: (0.03942044840775705+0.030044403022943755j)
F_px: (1.0905926696447299e-08+8.31198208178785e-09j), F_py: (6.035266106318993e-09+4.599794600768092e-09j)
Free_energy = -10270.05206581619
------------------------------------------
[{'stable': {'F_dwave': np.complex128(0.04956447735232706j)}, 'free': np.float64(-10270.052044136688)}, {'stable': {'F_dwave': np.complex128(-0.049564482300068574j)}, 'free': np.float64(-10270.05206581619)}, {'stable': {'F_dwave': np.complex128(0.03942044840775705+0.030044403022943755j)}, 'free': np.float64(-10270.05206581619)}]
------------------------------------------
  Seed: d-wave
F_onsite: (1.0697607239559616e-16+0j)
F_swave: (-2.0816681711721685e-17+0j), F_dwave: (0.04956448230833717+0j)
F_px: -7.705070773465083e-18j, F_py: 3.270382628820278e-18j
Free_energy = -10270.052065852327
------------------------------------------
[{'stable': {'F_dwave': np.complex128(0.04956447735232706j)}, 'free': np.float64(-10270.052044136688)}, {'stable': {'F_dwave': np.complex128(-0.049564482300068574j)}, 'free': np.float64(-10270.05206581619)}, {'stable': {'F_dwave': np.complex128(0.03942044840775705+0.030044403022943755j)}, 'free': np.float64(-10270.05206581619)}, {'stable': {'F_dwave': np.complex128(0.04956448230833717+0j)}, 'free': np.float64(-10270.052065852327)}]
------------------------------------------
  Seed: d-wave+px
F_onsite: (-1.8853535592872625e-17-8.822068277730902e-19j)
F_swave: (1.3877787807814457e-17+6.093704061836312e-19j), F_dwave: (0.04956448230831169-3.078083423006222e-17j)
F_px: (9.357511526059126e-09-7.960584302923188e-18j), F_py: (6.245004513516506e-17+6.450086903978037e-18j)
Free_energy = -10270.052065852195
------------------------------------------
[{'stable': {'F_dwave': np.complex128(0.04956447735232706j)}, 'free': np.float64(-10270.052044136688)}, {'stable': {'F_dwave': np.complex128(-0.049564482300068574j)}, 'free': np.float64(-10270.05206581619)}, {'stable': {'F_dwave': np.complex128(0.03942044840775705+0.030044403022943755j)}, 'free': np.float64(-10270.05206581619)}, {'stable': {'F_dwave': np.complex128(0.04956448230833717+0j)}, 'free': np.float64(-10270.052065852327)}]
------------------------------------------
  Seed: d-wave+py
F_onsite: (1.2625426736307113e-16-1.2161815065779416e-19j)
F_swave: (8.673617379884035e-18+9.97908234288098e-19j), F_dwave: (0.04956448230831147-4.701016313649116e-18j)
F_px: (6.938893903907228e-18-6.40087827974296e-18j), F_py: (9.879077240287915e-09+5.405033024682363e-18j)
Free_energy = -10270.052065852191
------------------------------------------
[{'stable': {'F_dwave': np.complex128(0.04956447735232706j)}, 'free': np.float64(-10270.052044136688)}, {'stable': {'F_dwave': np.complex128(-0.049564482300068574j)}, 'free': np.float64(-10270.05206581619)}, {'stable': {'F_dwave': np.complex128(0.03942044840775705+0.030044403022943755j)}, 'free': np.float64(-10270.05206581619)}, {'stable': {'F_dwave': np.complex128(0.04956448230833717+0j)}, 'free': np.float64(-10270.052065852327)}]
------------------------------------------
====================================
mu=0.92, T=0.0735
====================================
  Seed: normal state
F_onsite: 0j
F_swave: 0j, F_dwave: 0j
F_px: 0j, F_py: 0j
Free_energy = -10184.086612938965
------------------------------------------
[{'stable': {}, 'free': np.float64(-10184.086612938965)}]
------------------------------------------
  Seed: px
F_onsite: 1.2124872830742352e-16j
F_swave: -5.204170427930421e-17j, F_dwave: 0.047314785164586814j
F_px: (4.3135580263032317e-13+0j), F_py: (-4.568085998968964e-18+0j)
Free_energy = -10264.540785839954
------------------------------------------
[{'stable': {'F_dwave': np.complex128(0.047314785164586814j)}, 'free': np.float64(-10264.540785839954)}]
------------------------------------------
  Seed: py
F_onsite: 1.856059646873681e-17j
F_swave: -1.8388068845354155e-16j, F_dwave: -0.04731478517099173j
F_px: (1.443453889803526e-17+0j), F_py: (3.602635018297828e-15+0j)
Free_energy = -10264.540785865775
------------------------------------------
[{'stable': {'F_dwave': np.complex128(0.047314785164586814j)}, 'free': np.float64(-10264.540785839954)}, {'stable': {'F_dwave': np.complex128(-0.04731478517099173j)}, 'free': np.float64(-10264.540785865775)}]
------------------------------------------
  Seed: px+py
F_onsite: 5.800648666137358e-18j
F_swave: -1.9081958235744878e-16j, F_dwave: -0.047314785170991684j
F_px: (1.0186932378484306e-17+0j), F_py: (4.1787101963670285e-15+0j)
Free_energy = -10264.540785865778
------------------------------------------
[{'stable': {'F_dwave': np.complex128(0.047314785164586814j)}, 'free': np.float64(-10264.540785839954)}, {'stable': {'F_dwave': np.complex128(-0.04731478517099173j)}, 'free': np.float64(-10264.540785865775)}]
------------------------------------------
  Seed: px+i*py
F_onsite: (-3.529136276771018e-17-2.1134752871528186e-17j)
F_swave: (8.153200337090993e-17+2.688821387764051e-17j), F_dwave: (0.0376311818706245+0.02868070861741511j)
F_px: (1.1229861381079065e-09+8.558869186298113e-10j), F_py: (6.2145299670191e-10+4.736419537826331e-10j)
Free_energy = -10264.540785865775
------------------------------------------
[{'stable': {'F_dwave': np.complex128(0.047314785164586814j)}, 'free': np.float64(-10264.540785839954)}, {'stable': {'F_dwave': np.complex128(-0.04731478517099173j)}, 'free': np.float64(-10264.540785865775)}, {'stable': {'F_dwave': np.complex128(0.0376311818706245+0.02868070861741511j)}, 'free': np.float64(-10264.540785865775)}]
------------------------------------------
  Seed: d-wave
F_onsite: (4.285552608721292e-17+0j)
F_swave: (-9.367506770274758e-17+0j), F_dwave: (0.04731478517100209+0j)
F_px: 2.2847234753249507e-17j, F_py: 7.945745590132287e-18j
Free_energy = -10264.540785865833
------------------------------------------
[{'stable': {'F_dwave': np.complex128(0.047314785164586814j)}, 'free': np.float64(-10264.540785839954)}, {'stable': {'F_dwave': np.complex128(-0.04731478517099173j)}, 'free': np.float64(-10264.540785865775)}, {'stable': {'F_dwave': np.complex128(0.0376311818706245+0.02868070861741511j)}, 'free': np.float64(-10264.540785865775)}, {'stable': {'F_dwave': np.complex128(0.04731478517100209+0j)}, 'free': np.float64(-10264.540785865833)}]
------------------------------------------
  Seed: d-wave+px
F_onsite: (2.787971337789986e-17+3.22024553869106e-18j)
F_swave: (-8.847089727481716e-17-2.7553625156578203e-19j), F_dwave: (0.047314785171002446-4.602570839932674e-17j)
F_px: (9.635452088985197e-10-1.33251488863231e-17j), F_py: (1.0408340855860843e-17+7.289724330583104e-18j)
Free_energy = -10264.540785865835
------------------------------------------
[{'stable': {'F_dwave': np.complex128(0.047314785164586814j)}, 'free': np.float64(-10264.540785839954)}, {'stable': {'F_dwave': np.complex128(-0.04731478517099173j)}, 'free': np.float64(-10264.540785865775)}, {'stable': {'F_dwave': np.complex128(0.0376311818706245+0.02868070861741511j)}, 'free': np.float64(-10264.540785865775)}, {'stable': {'F_dwave': np.complex128(0.04731478517100209+0j)}, 'free': np.float64(-10264.540785865833)}]
------------------------------------------
  Seed: d-wave+py
F_onsite: (-3.4918860686134234e-18-5.174237285825516e-19j)
F_swave: (7.806255641895632e-17+4.925316810315002e-19j), F_dwave: (0.047314785171002335+1.330988923301286e-18j)
F_px: (-1.0408340855860843e-17+8.807050363167873e-19j), F_py: (1.0172508009553827e-09+7.575407985568002e-18j)
Free_energy = -10264.540785865835
------------------------------------------
[{'stable': {'F_dwave': np.complex128(0.047314785164586814j)}, 'free': np.float64(-10264.540785839954)}, {'stable': {'F_dwave': np.complex128(-0.04731478517099173j)}, 'free': np.float64(-10264.540785865775)}, {'stable': {'F_dwave': np.complex128(0.0376311818706245+0.02868070861741511j)}, 'free': np.float64(-10264.540785865775)}, {'stable': {'F_dwave': np.complex128(0.04731478517100209+0j)}, 'free': np.float64(-10264.540785865833)}]
------------------------------------------
====================================
mu=0.92, T=0.0825
====================================
  Seed: normal state
F_onsite: 0j
F_swave: 0j, F_dwave: 0j
F_px: 0j, F_py: 0j
Free_energy = -10187.93088717039
------------------------------------------
[{'stable': {}, 'free': np.float64(-10187.93088717039)}]
------------------------------------------
  Seed: px
F_onsite: -1.675351760330201e-18j
F_swave: 8.673617379884035e-17j, F_dwave: 0.04434322078709758j
F_px: (4.713769441053504e-16+0j), F_py: (-9.787204316449874e-18+0j)
Free_energy = -10257.76209408824
------------------------------------------
[{'stable': {'F_dwave': np.complex128(0.04434322078709758j)}, 'free': np.float64(-10257.76209408824)}]
------------------------------------------
  Seed: py
F_onsite: -9.208739077967829e-17j
F_swave: -1.6653345369377348e-16j, F_dwave: -0.044343220787106535j
F_px: (-2.1914425669396717e-18+0j), F_py: (1.0971739773787161e-17+0j)
Free_energy = -10257.762094088272
------------------------------------------
[{'stable': {'F_dwave': np.complex128(0.04434322078709758j)}, 'free': np.float64(-10257.76209408824)}, {'stable': {'F_dwave': np.complex128(-0.044343220787106535j)}, 'free': np.float64(-10257.762094088272)}]
------------------------------------------
  Seed: px+py
F_onsite: -9.38627718371233e-17j
F_swave: -1.6306400674181987e-16j, F_dwave: -0.04434322078710653j
F_px: (-4.869019592328922e-18+0j), F_py: (1.1774515249547424e-17+0j)
Free_energy = -10257.762094088272
------------------------------------------
[{'stable': {'F_dwave': np.complex128(0.04434322078709758j)}, 'free': np.float64(-10257.76209408824)}, {'stable': {'F_dwave': np.complex128(-0.044343220787106535j)}, 'free': np.float64(-10257.762094088272)}]
------------------------------------------
  Seed: px+i*py
F_onsite: (2.228161588492281e-17-4.888570085341919e-17j)
F_swave: (-5.551115123125783e-17-6.071532165918825e-18j), F_dwave: (0.03526778786246994+0.026879441382995608j)
F_px: (4.706960168854302e-11+3.587422719997235e-11j), F_py: (2.6048059542649327e-11+1.985262822190581e-11j)
Free_energy = -10257.762094088272
------------------------------------------
[{'stable': {'F_dwave': np.complex128(0.04434322078709758j)}, 'free': np.float64(-10257.76209408824)}, {'stable': {'F_dwave': np.complex128(-0.044343220787106535j)}, 'free': np.float64(-10257.762094088272)}, {'stable': {'F_dwave': np.complex128(0.03526778786246994+0.026879441382995608j)}, 'free': np.float64(-10257.762094088272)}]
------------------------------------------
  Seed: d-wave
F_onsite: (8.900432862232607e-17+0j)
F_swave: (1.5959455978986625e-16+0j), F_dwave: (0.044343220787106556+0j)
F_px: -3.1532915237242382e-18j, F_py: 8.273896791604906e-18j
Free_energy = -10257.762094088272
------------------------------------------
[{'stable': {'F_dwave': np.complex128(0.04434322078709758j)}, 'free': np.float64(-10257.76209408824)}, {'stable': {'F_dwave': np.complex128(-0.044343220787106535j)}, 'free': np.float64(-10257.762094088272)}, {'stable': {'F_dwave': np.complex128(0.03526778786246994+0.026879441382995608j)}, 'free': np.float64(-10257.762094088272)}, {'stable': {'F_dwave': np.complex128(0.044343220787106556+0j)}, 'free': np.float64(-10257.762094088272)}]
------------------------------------------
  Seed: d-wave+px
F_onsite: (7.816025865501571e-17+5.324460446644704e-19j)
F_swave: (-2.0643209364124004e-16+3.356429450460557e-18j), F_dwave: (0.044343220787106515-4.995982643852628e-17j)
F_px: (4.038629847213926e-11-1.3801406592418453e-17j), F_py: (-1.0408340855860843e-17+8.979036014704388e-18j)
Free_energy = -10257.762094088272
------------------------------------------
[{'stable': {'F_dwave': np.complex128(0.04434322078709758j)}, 'free': np.float64(-10257.76209408824)}, {'stable': {'F_dwave': np.complex128(-0.044343220787106535j)}, 'free': np.float64(-10257.762094088272)}, {'stable': {'F_dwave': np.complex128(0.03526778786246994+0.026879441382995608j)}, 'free': np.float64(-10257.762094088272)}, {'stable': {'F_dwave': np.complex128(0.044343220787106556+0j)}, 'free': np.float64(-10257.762094088272)}]
------------------------------------------
  Seed: d-wave+py
F_onsite: (-6.307008672463818e-17-1.584466356916441e-18j)
F_swave: (-1.734723475976807e-18+1.3376137522478086e-18j), F_dwave: (0.04434322078710634+3.5707259328583565e-17j)
F_px: (2.42861286636753e-17-2.624423005270657e-17j), F_py: (4.2637882807783356e-11+9.189509805422302e-18j)
Free_energy = -10257.762094088268
------------------------------------------
[{'stable': {'F_dwave': np.complex128(0.04434322078709758j)}, 'free': np.float64(-10257.76209408824)}, {'stable': {'F_dwave': np.complex128(-0.044343220787106535j)}, 'free': np.float64(-10257.762094088272)}, {'stable': {'F_dwave': np.complex128(0.03526778786246994+0.026879441382995608j)}, 'free': np.float64(-10257.762094088272)}, {'stable': {'F_dwave': np.complex128(0.044343220787106556+0j)}, 'free': np.float64(-10257.762094088272)}]
------------------------------------------
====================================
mu=0.92, T=0.0916
====================================
  Seed: normal state
F_onsite: 0j
F_swave: 0j, F_dwave: 0j
F_px: 0j, F_py: 0j
Free_energy = -10192.228978186547
------------------------------------------
[{'stable': {}, 'free': np.float64(-10192.228978186547)}]
------------------------------------------
  Seed: px
F_onsite: 7.930732427450572e-17j
F_swave: 5.204170427930421e-17j, F_dwave: 0.040475752121520436j
F_px: (3.0445820912099413e-17+0j), F_py: (-1.375121180330098e-17+0j)
Free_energy = -10249.737206634007
------------------------------------------
[{'stable': {'F_dwave': np.complex128(0.040475752121520436j)}, 'free': np.float64(-10249.737206634007)}]
------------------------------------------
  Seed: py
F_onsite: -7.669707313353338e-17j
F_swave: -3.8163916471489756e-17j, F_dwave: -0.04047575212152048j
F_px: (-1.8368913244882836e-17+0j), F_py: (1.170950423121288e-17+0j)
Free_energy = -10249.737206634007
------------------------------------------
[{'stable': {'F_dwave': np.complex128(0.040475752121520436j)}, 'free': np.float64(-10249.737206634007)}, {'stable': {'F_dwave': np.complex128(-0.04047575212152048j)}, 'free': np.float64(-10249.737206634007)}]
------------------------------------------
  Seed: px+py
F_onsite: -7.798484114604574e-17j
F_swave: -4.163336342344337e-17j, F_dwave: -0.040475752121520464j
F_px: (-2.6175041087373828e-17+0j), F_py: (1.3192851654937885e-17+0j)
Free_energy = -10249.737206634007
------------------------------------------
[{'stable': {'F_dwave': np.complex128(0.040475752121520436j)}, 'free': np.float64(-10249.737206634007)}, {'stable': {'F_dwave': np.complex128(-0.04047575212152048j)}, 'free': np.float64(-10249.737206634007)}]
------------------------------------------
  Seed: px+i*py
F_onsite: (-1.2188340759769598e-18-1.1421172059753625e-17j)
F_swave: (-1.734723475976807e-17+6.071532165918825e-17j), F_dwave: (0.032191848360522524+0.024535105643463256j)
F_px: (4.543899978504129e-13+3.462872349979662e-13j), F_py: (2.514030650324628e-13+1.916626579667735e-13j)
Free_energy = -10249.737206634007
------------------------------------------
[{'stable': {'F_dwave': np.complex128(0.040475752121520436j)}, 'free': np.float64(-10249.737206634007)}, {'stable': {'F_dwave': np.complex128(-0.04047575212152048j)}, 'free': np.float64(-10249.737206634007)}, {'stable': {'F_dwave': np.complex128(0.032191848360522524+0.024535105643463256j)}, 'free': np.float64(-10249.737206634007)}]
------------------------------------------
  Seed: d-wave
F_onsite: (8.089261260974114e-17+0j)
F_swave: (5.204170427930421e-17+0j), F_dwave: (0.04047575212152045+0j)
F_px: -2.299224530489434e-17j, F_py: 1.2764858479835598e-17j
Free_energy = -10249.737206634007
------------------------------------------
[{'stable': {'F_dwave': np.complex128(0.040475752121520436j)}, 'free': np.float64(-10249.737206634007)}, {'stable': {'F_dwave': np.complex128(-0.04047575212152048j)}, 'free': np.float64(-10249.737206634007)}, {'stable': {'F_dwave': np.complex128(0.032191848360522524+0.024535105643463256j)}, 'free': np.float64(-10249.737206634007)}, {'stable': {'F_dwave': np.complex128(0.04047575212152045+0j)}, 'free': np.float64(-10249.737206634007)}]
------------------------------------------
  Seed: d-wave+px
F_onsite: (8.456487020939426e-17+2.455619782877381e-19j)
F_swave: (-8.847089727481716e-17+3.59236460870811e-18j), F_dwave: (0.04047575212152047-3.121157633313517e-17j)
F_px: (3.900144096569136e-13-3.727048334468796e-18j), F_py: (1.0408340855860843e-17+1.3499955723264692e-17j)
Free_energy = -10249.737206634007
------------------------------------------
[{'stable': {'F_dwave': np.complex128(0.040475752121520436j)}, 'free': np.float64(-10249.737206634007)}, {'stable': {'F_dwave': np.complex128(-0.04047575212152048j)}, 'free': np.float64(-10249.737206634007)}, {'stable': {'F_dwave': np.complex128(0.032191848360522524+0.024535105643463256j)}, 'free': np.float64(-10249.737206634007)}, {'stable': {'F_dwave': np.complex128(0.04047575212152045+0j)}, 'free': np.float64(-10249.737206634007)}]
------------------------------------------
  Seed: d-wave+py
F_onsite: (3.345409157622227e-17-3.7560741983459813e-19j)
F_swave: (2.6020852139652106e-17-1.4192435755095645e-18j), F_dwave: (0.04047575212152071+2.342371894582152e-17j)
F_px: (-5.551115123125783e-17-1.9343057319505095e-17j), F_py: (4.116811058718639e-13+1.2334503973881465e-17j)
Free_energy = -10249.737206634009
------------------------------------------
[{'stable': {'F_dwave': np.complex128(0.040475752121520436j)}, 'free': np.float64(-10249.737206634007)}, {'stable': {'F_dwave': np.complex128(-0.04047575212152048j)}, 'free': np.float64(-10249.737206634007)}, {'stable': {'F_dwave': np.complex128(0.032191848360522524+0.024535105643463256j)}, 'free': np.float64(-10249.737206634007)}, {'stable': {'F_dwave': np.complex128(0.04047575212152045+0j)}, 'free': np.float64(-10249.737206634007)}]
------------------------------------------
====================================
mu=0.92, T=0.1007
====================================
  Seed: normal state
F_onsite: 0j
F_swave: 0j, F_dwave: 0j
F_px: 0j, F_py: 0j
Free_energy = -10196.983916945856
------------------------------------------
[{'stable': {}, 'free': np.float64(-10196.983916945856)}]
------------------------------------------
  Seed: px
F_onsite: 6.844192973426237e-17j
F_swave: -8.326672684688674e-17j, F_dwave: 0.03541597298530625j
F_px: (2.0266566486114213e-17+0j), F_py: (-1.9904356917176737e-17+0j)
Free_energy = -10240.515674519793
------------------------------------------
[{'stable': {'F_dwave': np.complex128(0.03541597298530625j)}, 'free': np.float64(-10240.515674519793)}]
------------------------------------------
  Seed: py
F_onsite: -7.53931850252436e-17j
F_swave: 8.673617379884035e-17j, F_dwave: -0.03541597298530626j
F_px: (-1.940521959194999e-17+0j), F_py: (2.018022165146317e-17+0j)
Free_energy = -10240.515674519793
------------------------------------------
[{'stable': {'F_dwave': np.complex128(0.03541597298530625j)}, 'free': np.float64(-10240.515674519793)}, {'stable': {'F_dwave': np.complex128(-0.03541597298530626j)}, 'free': np.float64(-10240.515674519793)}]
------------------------------------------
  Seed: px+py
F_onsite: -6.844192973426237e-17j
F_swave: 8.326672684688674e-17j, F_dwave: -0.03541597298530625j
F_px: (-2.0266566486114213e-17+0j), F_py: (1.9904356917176737e-17+0j)
Free_energy = -10240.515674519793
------------------------------------------
[{'stable': {'F_dwave': np.complex128(0.03541597298530625j)}, 'free': np.float64(-10240.515674519793)}, {'stable': {'F_dwave': np.complex128(-0.03541597298530626j)}, 'free': np.float64(-10240.515674519793)}]
------------------------------------------
  Seed: px+i*py
F_onsite: (3.0305078612415353e-17+1.3536145671217805e-17j)
F_swave: (-6.938893903907228e-18-2.688821387764051e-17j), F_dwave: (0.028167620664846592+0.021468029452590052j)
F_px: (1.717376241217039e-16+2.7755575615628914e-16j), F_py: (1.6306400674181987e-16+1.3704315460216776e-16j)
Free_energy = -10240.515674519795
------------------------------------------
[{'stable': {'F_dwave': np.complex128(0.03541597298530625j)}, 'free': np.float64(-10240.515674519793)}, {'stable': {'F_dwave': np.complex128(-0.03541597298530626j)}, 'free': np.float64(-10240.515674519793)}, {'stable': {'F_dwave': np.complex128(0.028167620664846592+0.021468029452590052j)}, 'free': np.float64(-10240.515674519795)}]
------------------------------------------
  Seed: d-wave
F_onsite: (7.363019182465218e-17+0j)
F_swave: (-8.673617379884035e-17+0j), F_dwave: (0.03541597298530626+0j)
F_px: -1.767250120177801e-17j, F_py: 1.96206505106833e-17j
Free_energy = -10240.515674519793
------------------------------------------
[{'stable': {'F_dwave': np.complex128(0.03541597298530625j)}, 'free': np.float64(-10240.515674519793)}, {'stable': {'F_dwave': np.complex128(-0.03541597298530626j)}, 'free': np.float64(-10240.515674519793)}, {'stable': {'F_dwave': np.complex128(0.028167620664846592+0.021468029452590052j)}, 'free': np.float64(-10240.515674519795)}, {'stable': {'F_dwave': np.complex128(0.03541597298530626+0j)}, 'free': np.float64(-10240.515674519793)}]
------------------------------------------
  Seed: d-wave+px
F_onsite: (6.546010244468632e-17-2.976150717017625e-19j)
F_swave: (-8.153200337090993e-17+3.6777297894235477e-19j), F_dwave: (0.03541597298530627-6.883331975366888e-18j)
F_px: (1.3877787807814457e-16-1.3392323364522904e-17j), F_py: (3.469446951953614e-18+1.9894947737708946e-17j)
Free_energy = -10240.515674519793
------------------------------------------
[{'stable': {'F_dwave': np.complex128(0.03541597298530625j)}, 'free': np.float64(-10240.515674519793)}, {'stable': {'F_dwave': np.complex128(-0.03541597298530626j)}, 'free': np.float64(-10240.515674519793)}, {'stable': {'F_dwave': np.complex128(0.028167620664846592+0.021468029452590052j)}, 'free': np.float64(-10240.515674519795)}, {'stable': {'F_dwave': np.complex128(0.03541597298530626+0j)}, 'free': np.float64(-10240.515674519793)}]
------------------------------------------
  Seed: d-wave+py
F_onsite: (5.519933722754984e-17-2.0489090731919155e-18j)
F_swave: (-7.979727989493313e-17+1.9289643021631936e-18j), F_dwave: (0.03541597298530627+4.1219943723168195e-17j)
F_px: (-1.0408340855860843e-17-1.6359503353402176e-17j), F_py: (2.42861286636753e-16+1.7548703283351793e-17j)
Free_energy = -10240.515674519793
------------------------------------------
[{'stable': {'F_dwave': np.complex128(0.03541597298530625j)}, 'free': np.float64(-10240.515674519793)}, {'stable': {'F_dwave': np.complex128(-0.03541597298530626j)}, 'free': np.float64(-10240.515674519793)}, {'stable': {'F_dwave': np.complex128(0.028167620664846592+0.021468029452590052j)}, 'free': np.float64(-10240.515674519795)}, {'stable': {'F_dwave': np.complex128(0.03541597298530626+0j)}, 'free': np.float64(-10240.515674519793)}]
------------------------------------------
====================================
mu=0.92, T=0.1097
====================================
  Seed: normal state
F_onsite: 0j
F_swave: 0j, F_dwave: 0j
F_px: 0j, F_py: 0j
Free_energy = -10202.199116043277
------------------------------------------
[{'stable': {}, 'free': np.float64(-10202.199116043277)}]
------------------------------------------
  Seed: px
F_onsite: -2.0942849916193173e-17j
F_swave: 7.28583859910259e-17j, F_dwave: 0.028537766505369884j
F_px: (1.5552992329995623e-17+0j), F_py: (-2.988711500224027e-17+0j)
Free_energy = -10230.15310969977
------------------------------------------
[{'stable': {'F_dwave': np.complex128(0.028537766505369884j)}, 'free': np.float64(-10230.15310969977)}]
------------------------------------------
  Seed: py
F_onsite: 2.0942849916193173e-17j
F_swave: -7.28583859910259e-17j, F_dwave: -0.028537766505369884j
F_px: (-1.5552992329995623e-17+0j), F_py: (2.988711500224027e-17+0j)
Free_energy = -10230.15310969977
------------------------------------------
[{'stable': {'F_dwave': np.complex128(0.028537766505369884j)}, 'free': np.float64(-10230.15310969977)}, {'stable': {'F_dwave': np.complex128(-0.028537766505369884j)}, 'free': np.float64(-10230.15310969977)}]
------------------------------------------
  Seed: px+py
F_onsite: 2.0942849916193173e-17j
F_swave: -7.28583859910259e-17j, F_dwave: -0.028537766505369884j
F_px: (-1.5552992329995623e-17+0j), F_py: (2.988711500224027e-17+0j)
Free_energy = -10230.15310969977
------------------------------------------
[{'stable': {'F_dwave': np.complex128(0.028537766505369884j)}, 'free': np.float64(-10230.15310969977)}, {'stable': {'F_dwave': np.complex128(-0.028537766505369884j)}, 'free': np.float64(-10230.15310969977)}]
------------------------------------------
  Seed: px+i*py
F_onsite: (-2.7006884517039818e-18-1.6550792178777514e-18j)
F_swave: (-5.204170427930421e-18-3.469446951953614e-18j), F_dwave: (0.02269713109050329+0.01729868079870601j)
F_px: (8.500145032286355e-17+5.898059818321144e-17j), F_py: (-1.3877787807814457e-17+6.938893903907228e-18j)
Free_energy = -10230.15310969977
------------------------------------------
[{'stable': {'F_dwave': np.complex128(0.028537766505369884j)}, 'free': np.float64(-10230.15310969977)}, {'stable': {'F_dwave': np.complex128(-0.028537766505369884j)}, 'free': np.float64(-10230.15310969977)}, {'stable': {'F_dwave': np.complex128(0.02269713109050329+0.01729868079870601j)}, 'free': np.float64(-10230.15310969977)}]
------------------------------------------
  Seed: d-wave
F_onsite: (-2.444305144332151e-17+0j)
F_swave: (6.765421556309548e-17+0j), F_dwave: (0.028537766505369884+0j)
F_px: -1.82651066275008e-17j, F_py: 2.9534892398428454e-17j
Free_energy = -10230.15310969977
------------------------------------------
[{'stable': {'F_dwave': np.complex128(0.028537766505369884j)}, 'free': np.float64(-10230.15310969977)}, {'stable': {'F_dwave': np.complex128(-0.028537766505369884j)}, 'free': np.float64(-10230.15310969977)}, {'stable': {'F_dwave': np.complex128(0.02269713109050329+0.01729868079870601j)}, 'free': np.float64(-10230.15310969977)}, {'stable': {'F_dwave': np.complex128(0.028537766505369884+0j)}, 'free': np.float64(-10230.15310969977)}]
------------------------------------------
  Seed: d-wave+px
F_onsite: (-2.444305144332151e-17+0j)
F_swave: (6.765421556309548e-17+0j), F_dwave: (0.028537766505369884+0j)
F_px: -1.82651066275008e-17j, F_py: 2.9534892398428454e-17j
Free_energy = -10230.15310969977
------------------------------------------
[{'stable': {'F_dwave': np.complex128(0.028537766505369884j)}, 'free': np.float64(-10230.15310969977)}, {'stable': {'F_dwave': np.complex128(-0.028537766505369884j)}, 'free': np.float64(-10230.15310969977)}, {'stable': {'F_dwave': np.complex128(0.02269713109050329+0.01729868079870601j)}, 'free': np.float64(-10230.15310969977)}, {'stable': {'F_dwave': np.complex128(0.028537766505369884+0j)}, 'free': np.float64(-10230.15310969977)}]
------------------------------------------
  Seed: d-wave+py
F_onsite: (-8.905562132366355e-18+8.780787339072201e-19j)
F_swave: (6.591949208711867e-17-1.4544648616740673e-18j), F_dwave: (0.028537766505369894+2.2805826401977832e-17j)
F_px: (1.734723475976807e-17-2.0363294298609173e-17j), F_py: (-3.469446951953614e-18+2.936849633281698e-17j)
Free_energy = -10230.15310969977
------------------------------------------
[{'stable': {'F_dwave': np.complex128(0.028537766505369884j)}, 'free': np.float64(-10230.15310969977)}, {'stable': {'F_dwave': np.complex128(-0.028537766505369884j)}, 'free': np.float64(-10230.15310969977)}, {'stable': {'F_dwave': np.complex128(0.02269713109050329+0.01729868079870601j)}, 'free': np.float64(-10230.15310969977)}, {'stable': {'F_dwave': np.complex128(0.028537766505369884+0j)}, 'free': np.float64(-10230.15310969977)}]
------------------------------------------
====================================
mu=0.92, T=0.1188
====================================
  Seed: normal state
F_onsite: 0j
F_swave: 0j, F_dwave: 0j
F_px: 0j, F_py: 0j
Free_energy = -10207.878329450894
------------------------------------------
[{'stable': {}, 'free': np.float64(-10207.878329450894)}]
------------------------------------------
  Seed: px
F_onsite: -2.4929006818306612e-18j
F_swave: -1.0408340855860843e-17j, F_dwave: 0.017866331765107386j
F_px: (4.691747878962551e-17+0j), F_py: (-5.708891925395423e-17+0j)
Free_energy = -10218.71772567418
------------------------------------------
[{'stable': {'F_dwave': np.complex128(0.017866331765107386j)}, 'free': np.float64(-10218.71772567418)}]
------------------------------------------
  Seed: py
F_onsite: 2.4929006818306612e-18j
F_swave: 1.0408340855860843e-17j, F_dwave: -0.017866331765107386j
F_px: (-4.691747878962551e-17+0j), F_py: (5.708891925395423e-17+0j)
Free_energy = -10218.71772567418
------------------------------------------
[{'stable': {'F_dwave': np.complex128(0.017866331765107386j)}, 'free': np.float64(-10218.71772567418)}, {'stable': {'F_dwave': np.complex128(-0.017866331765107386j)}, 'free': np.float64(-10218.71772567418)}]
------------------------------------------
  Seed: px+py
F_onsite: 2.4929006818306612e-18j
F_swave: 1.0408340855860843e-17j, F_dwave: -0.017866331765107386j
F_px: (-4.691747878962551e-17+0j), F_py: (5.708891925395423e-17+0j)
Free_energy = -10218.71772567418
------------------------------------------
[{'stable': {'F_dwave': np.complex128(0.017866331765107386j)}, 'free': np.float64(-10218.71772567418)}, {'stable': {'F_dwave': np.complex128(-0.017866331765107386j)}, 'free': np.float64(-10218.71772567418)}]
------------------------------------------
  Seed: px+i*py
F_onsite: (-3.366317051030708e-17-1.3688892843131847e-17j)
F_swave: -4.336808689942018e-18j, F_dwave: (0.01420974812807311+0.010829998563139848j)
F_px: (1.9081958235744878e-17+1.734723475976807e-17j), F_py: (-3.8163916471489756e-17+3.2959746043559335e-17j)
Free_energy = -10218.71772567418
------------------------------------------
[{'stable': {'F_dwave': np.complex128(0.017866331765107386j)}, 'free': np.float64(-10218.71772567418)}, {'stable': {'F_dwave': np.complex128(-0.017866331765107386j)}, 'free': np.float64(-10218.71772567418)}, {'stable': {'F_dwave': np.complex128(0.01420974812807311+0.010829998563139848j)}, 'free': np.float64(-10218.71772567418)}]
------------------------------------------
  Seed: d-wave
F_onsite: (-8.440451708817588e-19+0j)
F_swave: (-1.0408340855860843e-17+0j), F_dwave: (0.01786633176510739+0j)
F_px: -4.809942062329028e-17j, F_py: 5.690651600271894e-17j
Free_energy = -10218.71772567418
------------------------------------------
[{'stable': {'F_dwave': np.complex128(0.017866331765107386j)}, 'free': np.float64(-10218.71772567418)}, {'stable': {'F_dwave': np.complex128(-0.017866331765107386j)}, 'free': np.float64(-10218.71772567418)}, {'stable': {'F_dwave': np.complex128(0.01420974812807311+0.010829998563139848j)}, 'free': np.float64(-10218.71772567418)}, {'stable': {'F_dwave': np.complex128(0.01786633176510739+0j)}, 'free': np.float64(-10218.71772567418)}]
------------------------------------------
  Seed: d-wave+px
F_onsite: (-8.440451708817588e-19+0j)
F_swave: (-1.0408340855860843e-17+0j), F_dwave: (0.01786633176510739+0j)
F_px: -4.809942062329028e-17j, F_py: 5.690651600271894e-17j
Free_energy = -10218.71772567418
------------------------------------------
[{'stable': {'F_dwave': np.complex128(0.017866331765107386j)}, 'free': np.float64(-10218.71772567418)}, {'stable': {'F_dwave': np.complex128(-0.017866331765107386j)}, 'free': np.float64(-10218.71772567418)}, {'stable': {'F_dwave': np.complex128(0.01420974812807311+0.010829998563139848j)}, 'free': np.float64(-10218.71772567418)}, {'stable': {'F_dwave': np.complex128(0.01786633176510739+0j)}, 'free': np.float64(-10218.71772567418)}]
------------------------------------------
  Seed: d-wave+py
F_onsite: (-7.075831999954157e-18+2.0876881381565295e-19j)
F_swave: (-1.8214596497756474e-17-2.2092060626609526e-19j), F_dwave: (0.01786633176510737+1.8395651754786036e-17j)
F_px: (1.214306433183765e-17-4.6447741944910735e-17j), F_py: (1.734723475976807e-18+5.656130540895973e-17j)
Free_energy = -10218.71772567418
------------------------------------------
[{'stable': {'F_dwave': np.complex128(0.017866331765107386j)}, 'free': np.float64(-10218.71772567418)}, {'stable': {'F_dwave': np.complex128(-0.017866331765107386j)}, 'free': np.float64(-10218.71772567418)}, {'stable': {'F_dwave': np.complex128(0.01420974812807311+0.010829998563139848j)}, 'free': np.float64(-10218.71772567418)}, {'stable': {'F_dwave': np.complex128(0.01786633176510739+0j)}, 'free': np.float64(-10218.71772567418)}]
------------------------------------------
====================================
mu=0.92, T=0.1278
====================================
  Seed: normal state
F_onsite: 0j
F_swave: 0j, F_dwave: 0j
F_px: 0j, F_py: 0j
Free_energy = -10214.025560969352
------------------------------------------
[{'stable': {}, 'free': np.float64(-10214.025560969352)}]
------------------------------------------
  Seed: px
F_onsite: -4.926054665197175e-21j
F_swave: 2.644732387454709e-20j, F_dwave: 1.16708744722399e-13j
F_px: (2.958166232189458e-20+0j), F_py: (1.7058146251397758e-19+0j)
Free_energy = -10214.02556096935
------------------------------------------
[{'stable': {}, 'free': np.float64(-10214.025560969352)}]
------------------------------------------
  Seed: py
F_onsite: 4.926054665197175e-21j
F_swave: -2.644732387454709e-20j, F_dwave: -1.16708744722399e-13j
F_px: (-2.958166232189458e-20+0j), F_py: (-1.7058146251397758e-19+0j)
Free_energy = -10214.02556096935
------------------------------------------
[{'stable': {}, 'free': np.float64(-10214.025560969352)}]
------------------------------------------
  Seed: px+py
F_onsite: 4.926054665197175e-21j
F_swave: -2.644732387454709e-20j, F_dwave: -1.16708744722399e-13j
F_px: (-2.958166232189458e-20+0j), F_py: (-1.7058146251397758e-19+0j)
Free_energy = -10214.02556096935
------------------------------------------
[{'stable': {}, 'free': np.float64(-10214.025560969352)}]
------------------------------------------
  Seed: px+i*py
F_onsite: (5.845072226221656e-21-1.8660681458027973e-19j)
F_swave: (3.3528847106882394e-21+1.230164883761535e-19j), F_dwave: (8.453001037611076e-14+6.442498199555883e-14j)
F_px: (-4.7071977496998614e-20+4.366010222788163e-19j), F_py: (1.0277482886257756e-19-2.3363672694879585e-19j)
Free_energy = -10214.025560969352
------------------------------------------
[{'stable': {}, 'free': np.float64(-10214.025560969352)}]
------------------------------------------
  Seed: d-wave
F_onsite: (1.9116705630431511e-19+0j)
F_swave: (-1.469040523551775e-19+0j), F_dwave: (1.035411750220239e-13+0j)
F_px: -3.054890457788391e-20j, F_py: 6.230688682599944e-20j
Free_energy = -10214.02556096935
------------------------------------------
[{'stable': {}, 'free': np.float64(-10214.025560969352)}]
------------------------------------------
  Seed: d-wave+px
F_onsite: (1.9116705630431511e-19+0j)
F_swave: (-1.469040523551775e-19+0j), F_dwave: (1.035411750220239e-13+0j)
F_px: -3.054890457788391e-20j, F_py: 6.230688682599944e-20j
Free_energy = -10214.02556096935
------------------------------------------
[{'stable': {}, 'free': np.float64(-10214.025560969352)}]
------------------------------------------
  Seed: d-wave+py
F_onsite: (2.6768829454801405e-19+1.7489750767089195e-30j)
F_swave: (-1.8988150215577026e-19+1.7983978727354512e-29j), F_dwave: (1.0354050630098081e-13-1.250653809031717e-27j)
F_px: (-2.524354896707238e-29-1.7457264683741236e-20j), F_py: (-6.941975965944904e-29-1.9201123563199138e-19j)
Free_energy = -10214.025560969352
------------------------------------------
[{'stable': {}, 'free': np.float64(-10214.025560969352)}]
------------------------------------------
====================================
mu=0.92, T=0.1369
====================================
  Seed: normal state
F_onsite: 0j
F_swave: 0j, F_dwave: 0j
F_px: 0j, F_py: 0j
Free_energy = -10220.644945294054
------------------------------------------
[{'stable': {}, 'free': np.float64(-10220.644945294054)}]
------------------------------------------
  Seed: px
F_onsite: -1.7642217022747064e-19j
F_swave: 1.2150528227909877e-19j, F_dwave: 3.394160090346306e-14j
F_px: (1.451597839122634e-19+0j), F_py: (-2.6950444846097585e-20+0j)
Free_energy = -10220.644945294054
------------------------------------------
[{'stable': {}, 'free': np.float64(-10220.644945294054)}]
------------------------------------------
  Seed: py
F_onsite: 1.7642217022747064e-19j
F_swave: -1.2150528227909877e-19j, F_dwave: -3.394160090346306e-14j
F_px: (-1.451597839122634e-19+0j), F_py: (2.6950444846097585e-20+0j)
Free_energy = -10220.644945294054
------------------------------------------
[{'stable': {}, 'free': np.float64(-10220.644945294054)}]
------------------------------------------
  Seed: px+py
F_onsite: 1.7642217022747064e-19j
F_swave: -1.2150528227909877e-19j, F_dwave: -3.394160090346306e-14j
F_px: (-1.451597839122634e-19+0j), F_py: (2.6950444846097585e-20+0j)
Free_energy = -10220.644945294054
------------------------------------------
[{'stable': {}, 'free': np.float64(-10220.644945294054)}]
------------------------------------------
  Seed: px+i*py
F_onsite: (2.1775980987809587e-19+2.535287623328922e-19j)
F_swave: (-5.529784897619218e-20-1.725189228401155e-19j), F_dwave: (2.6045118799049285e-14+1.9850578544412145e-14j)
F_px: (7.319418742616848e-20-1.6866506887742227e-19j), F_py: (-2.672930794802573e-20+2.0101478486905029e-19j)
Free_energy = -10220.644945294054
------------------------------------------
[{'stable': {}, 'free': np.float64(-10220.644945294054)}]
------------------------------------------
  Seed: d-wave
F_onsite: (5.141895235313214e-20+0j)
F_swave: (-4.4078431824936624e-20+0j), F_dwave: (3.282111016089119e-14+0j)
F_px: 2.9879724170565645e-20j, F_py: -1.1517681083843663e-19j
Free_energy = -10220.644945294054
------------------------------------------
[{'stable': {}, 'free': np.float64(-10220.644945294054)}]
------------------------------------------
  Seed: d-wave+px
F_onsite: (5.141895235313214e-20+0j)
F_swave: (-4.4078431824936624e-20+0j), F_dwave: (3.282111016089119e-14+0j)
F_px: 2.9879724170565645e-20j, F_py: -1.1517681083843663e-19j
Free_energy = -10220.644945294054
------------------------------------------
[{'stable': {}, 'free': np.float64(-10220.644945294054)}]
------------------------------------------
  Seed: d-wave+py
F_onsite: (3.2361776809352295e-20-5.307565681033172e-31j)
F_swave: (7.941977115924062e-21+6.428019893573296e-30j), F_dwave: (3.282111224206549e-14-3.9078542556069647e-28j)
F_px: (-2.208810534618833e-29-2.288945244885962e-19j), F_py: (7.888609052210118e-29+3.3106531307917933e-19j)
Free_energy = -10220.644945294054
------------------------------------------
[{'stable': {}, 'free': np.float64(-10220.644945294054)}]
------------------------------------------
====================================
mu=0.92, T=0.1460
====================================
  Seed: normal state
F_onsite: 0j
F_swave: 0j, F_dwave: 0j
F_px: 0j, F_py: 0j
Free_energy = -10227.740621098948
------------------------------------------
[{'stable': {}, 'free': np.float64(-10227.740621098948)}]
------------------------------------------
  Seed: px
F_onsite: -1.736336655327217e-20j
F_swave: 1.4740210904042368e-20j, F_dwave: 1.9990559893014055e-14j
F_px: (7.210750272426488e-20+0j), F_py: (-1.563042038995806e-19+0j)
Free_energy = -10227.740621098948
------------------------------------------
[{'stable': {}, 'free': np.float64(-10227.740621098948)}]
------------------------------------------
  Seed: py
F_onsite: 1.736336655327217e-20j
F_swave: -1.4740210904042368e-20j, F_dwave: -1.9990559893014055e-14j
F_px: (-7.210750272426488e-20+0j), F_py: (1.563042038995806e-19+0j)
Free_energy = -10227.740621098948
------------------------------------------
[{'stable': {}, 'free': np.float64(-10227.740621098948)}]
------------------------------------------
  Seed: px+py
F_onsite: 1.736336655327217e-20j
F_swave: -1.4740210904042368e-20j, F_dwave: -1.9990559893014055e-14j
F_px: (-7.210750272426488e-20+0j), F_py: (1.563042038995806e-19+0j)
Free_energy = -10227.740621098948
------------------------------------------
[{'stable': {}, 'free': np.float64(-10227.740621098948)}]
------------------------------------------
  Seed: px+i*py
F_onsite: (-1.4687255854589755e-19-1.19383773054609e-19j)
F_swave: (1.6255129377756064e-19+1.1200314828505393e-19j), F_dwave: (1.5342704148134544e-14+1.1693510756108735e-14j)
F_px: (1.8578753886725397e-19-2.030331136061166e-19j), F_py: (-3.890732715238742e-20-4.528332381735552e-19j)
Free_energy = -10227.740621098948
------------------------------------------
[{'stable': {}, 'free': np.float64(-10227.740621098948)}]
------------------------------------------
  Seed: d-wave
F_onsite: (2.988934909070297e-19+0j)
F_swave: (-1.927218533813775e-19+0j), F_dwave: (1.9330232954505288e-14+0j)
F_px: 1.0969231542503566e-20j, F_py: 5.119162726462583e-20j
Free_energy = -10227.740621098948
------------------------------------------
[{'stable': {}, 'free': np.float64(-10227.740621098948)}]
------------------------------------------
  Seed: d-wave+px
F_onsite: (2.988934909070297e-19+0j)
F_swave: (-1.927218533813775e-19+0j), F_dwave: (1.9330232954505288e-14+0j)
F_px: 1.0969231542503566e-20j, F_py: 5.119162726462583e-20j
Free_energy = -10227.740621098948
------------------------------------------
[{'stable': {}, 'free': np.float64(-10227.740621098948)}]
------------------------------------------
  Seed: d-wave+py
F_onsite: (-8.632191770657191e-20+2.125046974881966e-30j)
F_swave: (6.43473291065488e-20-4.980105761382972e-30j), F_dwave: (1.9330686232395038e-14-2.3738421474765385e-28j)
F_px: (2.997671439839845e-29-1.6074038830146109e-19j), F_py: (-3.3132158019282496e-29+2.795869285920667e-19j)
Free_energy = -10227.740621098948
------------------------------------------
[{'stable': {}, 'free': np.float64(-10227.740621098948)}]
------------------------------------------
====================================
mu=0.92, T=0.1550
====================================
  Seed: normal state
F_onsite: 0j
F_swave: 0j, F_dwave: 0j
F_px: 0j, F_py: 0j
Free_energy = -10235.316610011052
------------------------------------------
[{'stable': {}, 'free': np.float64(-10235.316610011052)}]
------------------------------------------
  Seed: px
F_onsite: -9.712250215152086e-20j
F_swave: 4.655992397698045e-20j, F_dwave: 1.4310122462255998e-14j
F_px: (1.632950111050998e-19+0j), F_py: (-7.126307676002065e-20+0j)
Free_energy = -10235.316610011052
------------------------------------------
[{'stable': {}, 'free': np.float64(-10235.316610011052)}]
------------------------------------------
  Seed: py
F_onsite: 9.712250215152086e-20j
F_swave: -4.655992397698045e-20j, F_dwave: -1.4310122462255998e-14j
F_px: (-1.632950111050998e-19+0j), F_py: (7.126307676002065e-20+0j)
Free_energy = -10235.316610011052
------------------------------------------
[{'stable': {}, 'free': np.float64(-10235.316610011052)}]
------------------------------------------
  Seed: px+py
F_onsite: 9.712250215152086e-20j
F_swave: -4.655992397698045e-20j, F_dwave: -1.4310122462255998e-14j
F_px: (-1.632950111050998e-19+0j), F_py: (7.126307676002065e-20+0j)
Free_energy = -10235.316610011052
------------------------------------------
[{'stable': {}, 'free': np.float64(-10235.316610011052)}]
------------------------------------------
  Seed: px+i*py
F_onsite: (5.905598425761207e-20-2.5872874423901833e-20j)
F_swave: (5.7214169923433195e-21+5.3327106304630934e-20j), F_dwave: (1.0984508933615694e-14+8.371803842319928e-15j)
F_px: (2.1072098447467092e-19+3.953006076988255e-20j), F_py: (1.246721129170342e-19-5.266777007613901e-19j)
Free_energy = -10235.316610011052
------------------------------------------
[{'stable': {}, 'free': np.float64(-10235.316610011052)}]
------------------------------------------
  Seed: d-wave
F_onsite: (2.217051581279634e-19+0j)
F_swave: (-1.1520488990870738e-19+0j), F_dwave: (1.3837483255822653e-14+0j)
F_px: -1.447177551453437e-20j, F_py: -2.0122757758197375e-19j
Free_energy = -10235.316610011052
------------------------------------------
[{'stable': {}, 'free': np.float64(-10235.316610011052)}]
------------------------------------------
  Seed: d-wave+px
F_onsite: (2.217051581279634e-19+0j)
F_swave: (-1.1520488990870738e-19+0j), F_dwave: (1.3837483255822653e-14+0j)
F_px: -1.447177551453437e-20j, F_py: -2.0122757758197375e-19j
Free_energy = -10235.316610011052
------------------------------------------
[{'stable': {}, 'free': np.float64(-10235.316610011052)}]
------------------------------------------
  Seed: d-wave+py
F_onsite: (-1.0615922835347153e-19-9.08635201132864e-31j)
F_swave: (4.883235398922623e-20+8.87060762893225e-31j), F_dwave: (1.3837705032158329e-14-1.7090341365091035e-28j)
F_px: (3.6287601640166543e-29-1.4189895907495441e-19j), F_py: (-3.1554436208840472e-30+2.8110761389074374e-20j)
Free_energy = -10235.316610011052
------------------------------------------
[{'stable': {}, 'free': np.float64(-10235.316610011052)}]
------------------------------------------
====================================
mu=0.92, T=0.1641
====================================
  Seed: normal state
F_onsite: 0j
F_swave: 0j, F_dwave: 0j
F_px: 0j, F_py: 0j
Free_energy = -10243.376710190429
------------------------------------------
[{'stable': {}, 'free': np.float64(-10243.376710190429)}]
------------------------------------------
  Seed: px
F_onsite: 1.9791290264372953e-19j
F_swave: -1.2808699897098363e-19j, F_dwave: 1.108901720873093e-14j
F_px: (2.181737413920253e-19+0j), F_py: (-1.5982337173755892e-19+0j)
Free_energy = -10243.376710190429
------------------------------------------
[{'stable': {}, 'free': np.float64(-10243.376710190429)}]
------------------------------------------
  Seed: py
F_onsite: -1.9791290264372953e-19j
F_swave: 1.2808699897098363e-19j, F_dwave: -1.108901720873093e-14j
F_px: (-2.181737413920253e-19+0j), F_py: (1.5982337173755892e-19+0j)
Free_energy = -10243.376710190429
------------------------------------------
[{'stable': {}, 'free': np.float64(-10243.376710190429)}]
------------------------------------------
  Seed: px+py
F_onsite: -1.9791290264372953e-19j
F_swave: 1.2808699897098363e-19j, F_dwave: -1.108901720873093e-14j
F_px: (-2.181737413920253e-19+0j), F_py: (1.5982337173755892e-19+0j)
Free_energy = -10243.376710190429
------------------------------------------
[{'stable': {}, 'free': np.float64(-10243.376710190429)}]
------------------------------------------
  Seed: px+i*py
F_onsite: (2.0819526599819804e-19+1.9614584280306596e-19j)
F_swave: (-9.201197528561905e-20-1.121199939353643e-19j), F_dwave: (8.51293993061014e-15+6.488102991783877e-15j)
F_px: (1.6039307737431244e-19+1.6464004250652688e-19j), F_py: (-5.887666382878895e-20-3.2830785937116307e-19j)
Free_energy = -10243.37671019043
------------------------------------------
[{'stable': {}, 'free': np.float64(-10243.376710190429)}]
------------------------------------------
  Seed: d-wave
F_onsite: (3.276943093842551e-20+0j)
F_swave: (-1.2642975617346374e-21+0j), F_dwave: (1.0722856793608858e-14+0j)
F_px: -7.698486877709166e-20j, F_py: -1.3509079472244491e-19j
Free_energy = -10243.376710190427
------------------------------------------
[{'stable': {}, 'free': np.float64(-10243.376710190429)}]
------------------------------------------
  Seed: d-wave+px
F_onsite: (3.276943093842551e-20+0j)
F_swave: (-1.2642975617346374e-21+0j), F_dwave: (1.0722856793608858e-14+0j)
F_px: -7.698486877709166e-20j, F_py: -1.3509079472244491e-19j
Free_energy = -10243.376710190427
------------------------------------------
[{'stable': {}, 'free': np.float64(-10243.376710190429)}]
------------------------------------------
  Seed: d-wave+py
F_onsite: (-7.542743947842e-20-1.4105427279141693e-30j)
F_swave: (7.40022274774378e-20+4.555967839380293e-31j), F_dwave: (1.0722998668456637e-14-1.255323003496234e-28j)
F_px: (1.1832913578315177e-29-1.647613810997089e-20j), F_py: (4.733165431326071e-30-2.119413979689588e-19j)
Free_energy = -10243.376710190429
------------------------------------------
[{'stable': {}, 'free': np.float64(-10243.376710190429)}]
------------------------------------------
====================================
mu=0.92, T=0.1732
====================================
  Seed: normal state
F_onsite: 0j
F_swave: 0j, F_dwave: 0j
F_px: 0j, F_py: 0j
Free_energy = -10251.9244089934
------------------------------------------
[{'stable': {}, 'free': np.float64(-10251.9244089934)}]
------------------------------------------
  Seed: px
F_onsite: 1.6273805540896407e-19j
F_swave: -1.1728969387245274e-19j, F_dwave: 9.031229961947628e-15j
F_px: (1.9487574132643704e-19+0j), F_py: (-7.826418876106354e-20+0j)
Free_energy = -10251.9244089934
------------------------------------------
[{'stable': {}, 'free': np.float64(-10251.9244089934)}]
------------------------------------------
  Seed: py
F_onsite: -1.6273805540896407e-19j
F_swave: 1.1728969387245274e-19j, F_dwave: -9.031229961947628e-15j
F_px: (-1.9487574132643704e-19+0j), F_py: (7.826418876106354e-20+0j)
Free_energy = -10251.9244089934
------------------------------------------
[{'stable': {}, 'free': np.float64(-10251.9244089934)}]
------------------------------------------
  Seed: px+py
F_onsite: -1.6273805540896407e-19j
F_swave: 1.1728969387245274e-19j, F_dwave: -9.031229961947628e-15j
F_px: (-1.9487574132643704e-19+0j), F_py: (7.826418876106354e-20+0j)
Free_energy = -10251.9244089934
------------------------------------------
[{'stable': {}, 'free': np.float64(-10251.9244089934)}]
------------------------------------------
  Seed: px+i*py
F_onsite: (3.008420565946117e-19+9.255968278667703e-21j)
F_swave: (-1.969099802684662e-19+8.76847013127969e-23j), F_dwave: (6.9337295146387925e-15+5.284425441726712e-15j)
F_px: (1.7190214073007726e-19+3.2775961039437493e-19j), F_py: (-1.6336801929270937e-19-2.8887559299981406e-19j)
Free_energy = -10251.9244089934
------------------------------------------
[{'stable': {}, 'free': np.float64(-10251.9244089934)}]
------------------------------------------
  Seed: d-wave
F_onsite: (-3.755816849919832e-20+0j)
F_swave: (6.238045051748719e-20+0j), F_dwave: (8.733107294493742e-15+0j)
F_px: -1.3645945001355333e-20j, F_py: -1.8121634274866522e-19j
Free_energy = -10251.9244089934
------------------------------------------
[{'stable': {}, 'free': np.float64(-10251.9244089934)}]
------------------------------------------
  Seed: d-wave+px
F_onsite: (-3.755816849919832e-20+0j)
F_swave: (6.238045051748719e-20+0j), F_dwave: (8.733107294493742e-15+0j)
F_px: -1.3645945001355333e-20j, F_py: -1.8121634274866522e-19j
Free_energy = -10251.9244089934
------------------------------------------
[{'stable': {}, 'free': np.float64(-10251.9244089934)}]
------------------------------------------
  Seed: d-wave+py
F_onsite: (-2.929684233969302e-20-1.3260151529261976e-30j)
F_swave: (7.708468088005244e-20+1.4108580363540983e-30j), F_dwave: (8.733241628804508e-15-9.899281719709715e-29j)
F_px: (3.944304526105059e-30-3.0180832933163296e-19j), F_py: (-1.4199496293978212e-29-1.2971494891448507e-19j)
Free_energy = -10251.9244089934
------------------------------------------
[{'stable': {}, 'free': np.float64(-10251.9244089934)}]
------------------------------------------
====================================
mu=0.92, T=0.1822
====================================
  Seed: normal state
F_onsite: 0j
F_swave: 0j, F_dwave: 0j
F_px: 0j, F_py: 0j
Free_energy = -10260.962816102538
------------------------------------------
[{'stable': {}, 'free': np.float64(-10260.962816102538)}]
------------------------------------------
  Seed: px
F_onsite: 2.6590667409610703e-19j
F_swave: -1.7175473430281224e-19j, F_dwave: 7.106865850303909e-15j
F_px: (1.137594262072441e-19+0j), F_py: (7.536679787211196e-20+0j)
Free_energy = -10260.962816102538
------------------------------------------
[{'stable': {}, 'free': np.float64(-10260.962816102538)}]
------------------------------------------
  Seed: py
F_onsite: -2.6590667409610703e-19j
F_swave: 1.7175473430281224e-19j, F_dwave: -7.106865850303909e-15j
F_px: (-1.137594262072441e-19+0j), F_py: (-7.536679787211196e-20+0j)
Free_energy = -10260.962816102538
------------------------------------------
[{'stable': {}, 'free': np.float64(-10260.962816102538)}]
------------------------------------------
  Seed: px+py
F_onsite: -2.6590667409610703e-19j
F_swave: 1.7175473430281224e-19j, F_dwave: -7.106865850303909e-15j
F_px: (-1.137594262072441e-19+0j), F_py: (-7.536679787211196e-20+0j)
Free_energy = -10260.962816102538
------------------------------------------
[{'stable': {}, 'free': np.float64(-10260.962816102538)}]
------------------------------------------
  Seed: px+i*py
F_onsite: (2.6168910973851597e-19-2.5753161633151603e-20j)
F_swave: (-1.1594996340240505e-19-1.651826645388725e-20j), F_dwave: (6.1512130477053025e-15+4.688006555516659e-15j)
F_px: (-1.146703188945194e-20+5.255946182497321e-19j), F_py: (-1.5549594901821626e-19-5.509819661302962e-19j)
Free_energy = -10260.962816102538
------------------------------------------
[{'stable': {}, 'free': np.float64(-10260.962816102538)}]
------------------------------------------
  Seed: d-wave
F_onsite: (1.3087760087135031e-19+0j)
F_swave: (-8.497411991569791e-20+0j), F_dwave: (7.747130316821226e-15+0j)
F_px: -1.5129575727710258e-19j, F_py: -1.2716693666149435e-19j
Free_energy = -10260.962816102538
------------------------------------------
[{'stable': {}, 'free': np.float64(-10260.962816102538)}]
------------------------------------------
  Seed: d-wave+px
F_onsite: (1.3087760087135031e-19+0j)
F_swave: (-8.497411991569791e-20+0j), F_dwave: (7.747130316821226e-15+0j)
F_px: -1.5129575727710258e-19j, F_py: -1.2716693666149435e-19j
Free_energy = -10260.962816102538
------------------------------------------
[{'stable': {}, 'free': np.float64(-10260.962816102538)}]
------------------------------------------
  Seed: d-wave+py
F_onsite: (-7.16001904591976e-20-5.874223035124233e-31j)
F_swave: (9.699346313713198e-20+6.115309055915571e-31j), F_dwave: (7.74712657319905e-15-8.755588083387907e-29j)
F_px: (-3.1554436208840472e-30-6.66888740036231e-20j), F_py: (-1.4199496293978212e-29-1.2999710674815505e-19j)
Free_energy = -10260.962816102536
------------------------------------------
[{'stable': {}, 'free': np.float64(-10260.962816102538)}]
------------------------------------------
====================================
mu=0.92, T=0.1913
====================================
  Seed: normal state
F_onsite: 0j
F_swave: 0j, F_dwave: 0j
F_px: 0j, F_py: 0j
Free_energy = -10270.494616425098
------------------------------------------
[{'stable': {}, 'free': np.float64(-10270.494616425098)}]
------------------------------------------
  Seed: px
F_onsite: 1.843674217023748e-19j
F_swave: -1.8110781532913397e-19j, F_dwave: 6.199481252978351e-15j
F_px: (2.122920489946258e-20+0j), F_py: (1.1112499361264863e-19+0j)
Free_energy = -10270.494616425098
------------------------------------------
[{'stable': {}, 'free': np.float64(-10270.494616425098)}]
------------------------------------------
  Seed: py
F_onsite: -1.843674217023748e-19j
F_swave: 1.8110781532913397e-19j, F_dwave: -6.199481252978351e-15j
F_px: (-2.122920489946258e-20+0j), F_py: (-1.1112499361264863e-19+0j)
Free_energy = -10270.494616425098
------------------------------------------
[{'stable': {}, 'free': np.float64(-10270.494616425098)}]
------------------------------------------
  Seed: px+py
F_onsite: -1.843674217023748e-19j
F_swave: 1.8110781532913397e-19j, F_dwave: -6.199481252978351e-15j
F_px: (-2.122920489946258e-20+0j), F_py: (-1.1112499361264863e-19+0j)
Free_energy = -10270.494616425098
------------------------------------------
[{'stable': {}, 'free': np.float64(-10270.494616425098)}]
------------------------------------------
  Seed: px+i*py
F_onsite: (2.9357666127973067e-19-5.1534379361526884e-20j)
F_swave: (-1.6141969825313795e-19-2.823202150778505e-21j), F_dwave: (5.3662861975706506e-15+4.089812451548111e-15j)
F_px: (5.539262141070874e-20+4.621318953002727e-19j), F_py: (-1.2071024280898094e-19-3.365665388618801e-19j)
Free_energy = -10270.494616425096
------------------------------------------
[{'stable': {}, 'free': np.float64(-10270.494616425098)}]
------------------------------------------
  Seed: d-wave
F_onsite: (-1.8133661643894026e-19+0j)
F_swave: (9.750747729914373e-20+0j), F_dwave: (6.7580887863610544e-15+0j)
F_px: -2.0216148054455936e-19j, F_py: -3.8040690137194846e-19j
Free_energy = -10270.494616425098
------------------------------------------
[{'stable': {}, 'free': np.float64(-10270.494616425098)}]
------------------------------------------
  Seed: d-wave+px
F_onsite: (-1.8133661643894026e-19+0j)
F_swave: (9.750747729914373e-20+0j), F_dwave: (6.7580887863610544e-15+0j)
F_px: -2.0216148054455936e-19j, F_py: -3.8040690137194846e-19j
Free_energy = -10270.494616425098
------------------------------------------
[{'stable': {}, 'free': np.float64(-10270.494616425098)}]
------------------------------------------
  Seed: d-wave+py
F_onsite: (-1.0330804669990247e-19-1.4010007829290089e-31j)
F_swave: (6.518832564578292e-20-4.96063882261697e-31j), F_dwave: (6.758135470026021e-15-7.716313102436082e-29j)
F_px: (-5.127595883936577e-30+4.033694178548534e-20j), F_py: (-1.064962222048366e-29-3.8916331045231603e-20j)
Free_energy = -10270.494616425098
------------------------------------------
[{'stable': {}, 'free': np.float64(-10270.494616425098)}]
------------------------------------------
====================================
mu=0.92, T=0.2003
====================================
  Seed: normal state
F_onsite: 0j
F_swave: 0j, F_dwave: 0j
F_px: 0j, F_py: 0j
Free_energy = -10280.522040838077
------------------------------------------
[{'stable': {}, 'free': np.float64(-10280.522040838077)}]
------------------------------------------
  Seed: px
F_onsite: 7.420952636754903e-20j
F_swave: -6.068417910869926e-20j, F_dwave: 5.3199702946208296e-15j
F_px: (6.445553168949338e-20+0j), F_py: (1.4723616688197073e-19+0j)
Free_energy = -10280.522040838077
------------------------------------------
[{'stable': {}, 'free': np.float64(-10280.522040838077)}]
------------------------------------------
  Seed: py
F_onsite: -7.420952636754903e-20j
F_swave: 6.068417910869926e-20j, F_dwave: -5.3199702946208296e-15j
F_px: (-6.445553168949338e-20+0j), F_py: (-1.4723616688197073e-19+0j)
Free_energy = -10280.522040838077
------------------------------------------
[{'stable': {}, 'free': np.float64(-10280.522040838077)}]
------------------------------------------
  Seed: px+py
F_onsite: -7.420952636754903e-20j
F_swave: 6.068417910869926e-20j, F_dwave: -5.3199702946208296e-15j
F_px: (-6.445553168949338e-20+0j), F_py: (-1.4723616688197073e-19+0j)
Free_energy = -10280.522040838077
------------------------------------------
[{'stable': {}, 'free': np.float64(-10280.522040838077)}]
------------------------------------------
  Seed: px+i*py
F_onsite: (7.411821244007621e-20-8.76930633584388e-20j)
F_swave: (-6.882460909519721e-21+3.0566058834270994e-20j), F_dwave: (4.6053783423893005e-15+3.50993496196947e-15j)
F_px: (4.875935904568e-20+4.314053846397348e-19j), F_py: (-1.0980939643221742e-19-3.566217817463727e-19j)
Free_energy = -10280.522040838077
------------------------------------------
[{'stable': {}, 'free': np.float64(-10280.522040838077)}]
------------------------------------------
  Seed: d-wave
F_onsite: (-2.9160169349555723e-20+0j)
F_swave: (4.1848038840473114e-20+0j), F_dwave: (5.799384138116987e-15+0j)
F_px: -2.515895997945039e-19j, F_py: -1.2326317745112607e-19j
Free_energy = -10280.522040838077
------------------------------------------
[{'stable': {}, 'free': np.float64(-10280.522040838077)}]
------------------------------------------
  Seed: d-wave+px
F_onsite: (-2.9160169349555723e-20+0j)
F_swave: (4.1848038840473114e-20+0j), F_dwave: (5.799384138116987e-15+0j)
F_px: -2.515895997945039e-19j, F_py: -1.2326317745112607e-19j
Free_energy = -10280.522040838077
------------------------------------------
[{'stable': {}, 'free': np.float64(-10280.522040838077)}]
------------------------------------------
  Seed: d-wave+py
F_onsite: (2.3771044340773724e-19+2.4365927562649354e-31j)
F_swave: (-1.1888342061536303e-19+2.9476297613535883e-30j), F_dwave: (5.799365174671595e-15-6.436455466729712e-29j)
F_px: (-6.7053176943786e-30+9.911621029585045e-20j), F_py: (-8.283039504820624e-30-1.0215365064574805e-19j)
Free_energy = -10280.522040838077
------------------------------------------
[{'stable': {}, 'free': np.float64(-10280.522040838077)}]
------------------------------------------
====================================
mu=0.92, T=0.2094
====================================
  Seed: normal state
F_onsite: 0j
F_swave: 0j, F_dwave: 0j
F_px: 0j, F_py: 0j
Free_energy = -10291.046852235047
------------------------------------------
[{'stable': {}, 'free': np.float64(-10291.046852235047)}]
------------------------------------------
  Seed: px
F_onsite: 2.1432182708529806e-20j
F_swave: -7.012831251292324e-21j, F_dwave: 4.492452371508889e-15j
F_px: (1.6686961488552556e-19+0j), F_py: (1.9501563385049813e-19+0j)
Free_energy = -10291.046852235047
------------------------------------------
[{'stable': {}, 'free': np.float64(-10291.046852235047)}]
------------------------------------------
  Seed: py
F_onsite: -2.1432182708529806e-20j
F_swave: 7.012831251292324e-21j, F_dwave: -4.492452371508889e-15j
F_px: (-1.6686961488552556e-19+0j), F_py: (-1.9501563385049813e-19+0j)
Free_energy = -10291.046852235047
------------------------------------------
[{'stable': {}, 'free': np.float64(-10291.046852235047)}]
------------------------------------------
  Seed: px+py
F_onsite: -2.1432182708529806e-20j
F_swave: 7.012831251292324e-21j, F_dwave: -4.492452371508889e-15j
F_px: (-1.6686961488552556e-19+0j), F_py: (-1.9501563385049813e-19+0j)
Free_energy = -10291.046852235047
------------------------------------------
[{'stable': {}, 'free': np.float64(-10291.046852235047)}]
------------------------------------------
  Seed: px+i*py
F_onsite: (2.1797561969858836e-20-1.7206702026981108e-20j)
F_swave: (-7.560837926199376e-20-4.266469370208373e-21j), F_dwave: (3.88934520679756e-15+2.964196890159492e-15j)
F_px: (9.615437786055144e-20+4.456578156635099e-19j), F_py: (-7.35565695848779e-21-2.1676611132044398e-19j)
Free_energy = -10291.04685223505
------------------------------------------
[{'stable': {}, 'free': np.float64(-10291.046852235047)}]
------------------------------------------
  Seed: d-wave
F_onsite: (4.667386894103229e-20+0j)
F_swave: (-5.57327578547907e-20+0j), F_dwave: (4.897261007172193e-15+0j)
F_px: -1.296010954286089e-19j, F_py: -8.980788984725469e-20j
Free_energy = -10291.046852235047
------------------------------------------
[{'stable': {}, 'free': np.float64(-10291.046852235047)}]
------------------------------------------
  Seed: d-wave+px
F_onsite: (4.667386894103229e-20+0j)
F_swave: (-5.57327578547907e-20+0j), F_dwave: (4.897261007172193e-15+0j)
F_px: -1.296010954286089e-19j, F_py: -8.980788984725469e-20j
Free_energy = -10291.046852235047
------------------------------------------
[{'stable': {}, 'free': np.float64(-10291.046852235047)}]
------------------------------------------
  Seed: d-wave+py
F_onsite: (5.819603370886149e-21-1.011194021084938e-30j)
F_swave: (1.0540641379489203e-20-1.0254794544822124e-30j), F_dwave: (4.897270937752819e-15-5.671763778604544e-29j)
F_px: (-5.5220263365470826e-30-5.807633506144569e-20j), F_py: (-7.099748146989106e-30-3.309284427287255e-20j)
Free_energy = -10291.046852235047
------------------------------------------
[{'stable': {}, 'free': np.float64(-10291.046852235047)}]
------------------------------------------
====================================
mu=0.92, T=0.2185
====================================
  Seed: normal state
F_onsite: 0j
F_swave: 0j, F_dwave: 0j
F_px: 0j, F_py: 0j
Free_energy = -10302.070344152418
------------------------------------------
[{'stable': {}, 'free': np.float64(-10302.070344152418)}]
------------------------------------------
  Seed: px
F_onsite: 2.625978584924736e-19j
F_swave: -1.3017715006626412e-19j, F_dwave: 3.734213555427593e-15j
F_px: (4.8831954349735175e-20+0j), F_py: (4.1021473170734306e-19+0j)
Free_energy = -10302.070344152418
------------------------------------------
[{'stable': {}, 'free': np.float64(-10302.070344152418)}]
------------------------------------------
  Seed: py
F_onsite: -2.625978584924736e-19j
F_swave: 1.3017715006626412e-19j, F_dwave: -3.734213555427593e-15j
F_px: (-4.8831954349735175e-20+0j), F_py: (-4.1021473170734306e-19+0j)
Free_energy = -10302.070344152418
------------------------------------------
[{'stable': {}, 'free': np.float64(-10302.070344152418)}]
------------------------------------------
  Seed: px+py
F_onsite: -2.625978584924736e-19j
F_swave: 1.3017715006626412e-19j, F_dwave: -3.734213555427593e-15j
F_px: (-4.8831954349735175e-20+0j), F_py: (-4.1021473170734306e-19+0j)
Free_energy = -10302.070344152418
------------------------------------------
[{'stable': {}, 'free': np.float64(-10302.070344152418)}]
------------------------------------------
  Seed: px+i*py
F_onsite: (7.118611844800803e-20-5.019680553637708e-21j)
F_swave: (-3.022846439959558e-20-6.803516199236791e-21j), F_dwave: (3.2332818951439245e-15+2.4641860419776402e-15j)
F_px: (1.4102492841664254e-19+2.567090108991085e-19j), F_py: (-1.3021143562570153e-20-8.945383742754826e-20j)
Free_energy = -10302.070344152418
------------------------------------------
[{'stable': {}, 'free': np.float64(-10302.070344152418)}]
------------------------------------------
  Seed: d-wave
F_onsite: (-9.102598317498311e-20+0j)
F_swave: (1.3611815117977606e-20+0j), F_dwave: (4.070602331893339e-15+0j)
F_px: 5.2646665670850615e-20j, F_py: -2.9428583980812015e-19j
Free_energy = -10302.070344152418
------------------------------------------
[{'stable': {}, 'free': np.float64(-10302.070344152418)}]
------------------------------------------
  Seed: d-wave+px
F_onsite: (-9.102598317498311e-20+0j)
F_swave: (1.3611815117977606e-20+0j), F_dwave: (4.070602331893339e-15+0j)
F_px: 5.2646665670850615e-20j, F_py: -2.9428583980812015e-19j
Free_energy = -10302.070344152418
------------------------------------------
[{'stable': {}, 'free': np.float64(-10302.070344152418)}]
------------------------------------------
  Seed: d-wave+py
F_onsite: (2.4621740556668026e-19+3.6797412350130015e-31j)
F_swave: (-9.462635940171801e-20+1.826421056205947e-31j), F_dwave: (4.070632378231796e-15-4.620514252991854e-29j)
F_px: (3.944304526105059e-31-4.027752610354002e-20j), F_py: (-7.099748146989106e-30+1.8870284552704984e-20j)
Free_energy = -10302.070344152418
------------------------------------------
[{'stable': {}, 'free': np.float64(-10302.070344152418)}]
------------------------------------------
====================================
mu=0.92, T=0.2275
====================================
  Seed: normal state
F_onsite: 0j
F_swave: 0j, F_dwave: 0j
F_px: 0j, F_py: 0j
Free_energy = -10313.59334932452
------------------------------------------
[{'stable': {}, 'free': np.float64(-10313.59334932452)}]
------------------------------------------
  Seed: px
F_onsite: 1.576804429968158e-19j
F_swave: -1.0266743032371718e-19j, F_dwave: 3.0560835925874104e-15j
F_px: (2.314331197469308e-19+0j), F_py: (2.512010128166483e-19+0j)
Free_energy = -10313.59334932452
------------------------------------------
[{'stable': {}, 'free': np.float64(-10313.59334932452)}]
------------------------------------------
  Seed: py
F_onsite: -1.576804429968158e-19j
F_swave: 1.0266743032371718e-19j, F_dwave: -3.0560835925874104e-15j
F_px: (-2.314331197469308e-19+0j), F_py: (-2.512010128166483e-19+0j)
Free_energy = -10313.59334932452
------------------------------------------
[{'stable': {}, 'free': np.float64(-10313.59334932452)}]
------------------------------------------
  Seed: px+py
F_onsite: -1.576804429968158e-19j
F_swave: 1.0266743032371718e-19j, F_dwave: -3.0560835925874104e-15j
F_px: (-2.314331197469308e-19+0j), F_py: (-2.512010128166483e-19+0j)
Free_energy = -10313.59334932452
------------------------------------------
[{'stable': {}, 'free': np.float64(-10313.59334932452)}]
------------------------------------------
  Seed: px+i*py
F_onsite: (-1.1500276906030865e-21+9.226293544300622e-20j)
F_swave: (-2.1225357937081203e-20-1.1017807397784068e-20j), F_dwave: (2.6464955430726116e-15+2.016901803052805e-15j)
F_px: (1.6003349064894195e-19+1.0416040908963995e-19j), F_py: (4.472196588696691e-22-1.8319941798882792e-20j)
Free_energy = -10313.59334932452
------------------------------------------
[{'stable': {}, 'free': np.float64(-10313.59334932452)}]
------------------------------------------
  Seed: d-wave
F_onsite: (-2.7204071447404936e-19+0j)
F_swave: (1.2510239695224217e-19+0j), F_dwave: (3.331324636663177e-15+0j)
F_px: 5.1614017179608916e-20j, F_py: -3.15742676785081e-19j
Free_energy = -10313.59334932452
------------------------------------------
[{'stable': {}, 'free': np.float64(-10313.59334932452)}]
------------------------------------------
  Seed: d-wave+px
F_onsite: (-2.7204071447404936e-19+0j)
F_swave: (1.2510239695224217e-19+0j), F_dwave: (3.331324636663177e-15+0j)
F_px: 5.1614017179608916e-20j, F_py: -3.15742676785081e-19j
Free_energy = -10313.59334932452
------------------------------------------
[{'stable': {}, 'free': np.float64(-10313.59334932452)}]
------------------------------------------
  Seed: d-wave+py
F_onsite: (1.8653781560986467e-19-1.035578688740063e-31j)
F_swave: (-9.040970281311416e-20+1.0447989392368468e-30j), F_dwave: (3.3312870138941747e-15-3.710884826110864e-29j)
F_px: (-2.7610131682735413e-30-1.4578413203090812e-19j), F_py: (-4.338734978715565e-30+3.2390894510136236e-20j)
Free_energy = -10313.59334932452
------------------------------------------
[{'stable': {}, 'free': np.float64(-10313.59334932452)}]
------------------------------------------
====================================
mu=0.92, T=0.2366
====================================
  Seed: normal state
F_onsite: 0j
F_swave: 0j, F_dwave: 0j
F_px: 0j, F_py: 0j
Free_energy = -10325.616255759296
------------------------------------------
[{'stable': {}, 'free': np.float64(-10325.616255759296)}]
------------------------------------------
  Seed: px
F_onsite: 3.407901777720778e-20j
F_swave: -6.305934065179948e-20j, F_dwave: 2.463025550811468e-15j
F_px: (3.027735969472743e-20+0j), F_py: (2.5214137180522606e-19+0j)
Free_energy = -10325.616255759296
------------------------------------------
[{'stable': {}, 'free': np.float64(-10325.616255759296)}]
------------------------------------------
  Seed: py
F_onsite: -3.407901777720778e-20j
F_swave: 6.305934065179948e-20j, F_dwave: -2.463025550811468e-15j
F_px: (-3.027735969472743e-20+0j), F_py: (-2.5214137180522606e-19+0j)
Free_energy = -10325.616255759296
------------------------------------------
[{'stable': {}, 'free': np.float64(-10325.616255759296)}]
------------------------------------------
  Seed: px+py
F_onsite: -3.407901777720778e-20j
F_swave: 6.305934065179948e-20j, F_dwave: -2.463025550811468e-15j
F_px: (-3.027735969472743e-20+0j), F_py: (-2.5214137180522606e-19+0j)
Free_energy = -10325.616255759296
------------------------------------------
[{'stable': {}, 'free': np.float64(-10325.616255759296)}]
------------------------------------------
  Seed: px+i*py
F_onsite: (4.808515718524931e-20-1.1461855520937932e-20j)
F_swave: (1.67374364432952e-20+3.828039338231354e-20j), F_dwave: (2.1333205744064465e-15+1.6258509668048128e-15j)
F_px: (7.790648943148802e-20+2.069311979265203e-20j), F_py: (3.019311634953594e-20-2.6451265518925754e-19j)
Free_energy = -10325.616255759296
------------------------------------------
[{'stable': {}, 'free': np.float64(-10325.616255759296)}]
------------------------------------------
  Seed: d-wave
F_onsite: (1.3522043402767845e-19+0j)
F_swave: (-3.0461537738630646e-20+0j), F_dwave: (2.6849176526381894e-15+0j)
F_px: 6.945933827263038e-20j, F_py: -3.0607284357012e-19j
Free_energy = -10325.616255759296
------------------------------------------
[{'stable': {}, 'free': np.float64(-10325.616255759296)}]
------------------------------------------
  Seed: d-wave+px
F_onsite: (1.3522043402767845e-19+0j)
F_swave: (-3.0461537738630646e-20+0j), F_dwave: (2.6849176526381894e-15+0j)
F_px: 6.945933827263038e-20j, F_py: -3.0607284357012e-19j
Free_energy = -10325.616255759296
------------------------------------------
[{'stable': {}, 'free': np.float64(-10325.616255759296)}]
------------------------------------------
  Seed: d-wave+py
F_onsite: (-4.391219260871594e-20-3.2725008555010156e-31j)
F_swave: (5.858792344525259e-20+3.5511138908962524e-31j), F_dwave: (2.68493603434411e-15-2.9782249640795024e-29j)
F_px: (3.944304526105059e-31-1.1884918705022724e-19j), F_py: (-1.5777218104420236e-30-1.4362174720857608e-19j)
Free_energy = -10325.616255759296
------------------------------------------
[{'stable': {}, 'free': np.float64(-10325.616255759296)}]
------------------------------------------
====================================
mu=0.92, T=0.2456
====================================
  Seed: normal state
F_onsite: 0j
F_swave: 0j, F_dwave: 0j
F_px: 0j, F_py: 0j
Free_energy = -10338.13902822984
------------------------------------------
[{'stable': {}, 'free': np.float64(-10338.13902822984)}]
------------------------------------------
  Seed: px
F_onsite: -6.97193629129796e-20j
F_swave: 4.99094410430281e-20j, F_dwave: 1.9554242448357408e-15j
F_px: (6.598251538553437e-20+0j), F_py: (1.6313643650848495e-19+0j)
Free_energy = -10338.13902822984
------------------------------------------
[{'stable': {}, 'free': np.float64(-10338.13902822984)}]
------------------------------------------
  Seed: py
F_onsite: 6.97193629129796e-20j
F_swave: -4.99094410430281e-20j, F_dwave: -1.9554242448357408e-15j
F_px: (-6.598251538553437e-20+0j), F_py: (-1.6313643650848495e-19+0j)
Free_energy = -10338.13902822984
------------------------------------------
[{'stable': {}, 'free': np.float64(-10338.13902822984)}]
------------------------------------------
  Seed: px+py
F_onsite: 6.97193629129796e-20j
F_swave: -4.99094410430281e-20j, F_dwave: -1.9554242448357408e-15j
F_px: (-6.598251538553437e-20+0j), F_py: (-1.6313643650848495e-19+0j)
Free_energy = -10338.13902822984
------------------------------------------
[{'stable': {}, 'free': np.float64(-10338.13902822984)}]
------------------------------------------
  Seed: px+i*py
F_onsite: (-2.0858789266821418e-20+1.0511366354267627e-19j)
F_swave: (3.1630730523630437e-20-5.140389614966113e-20j), F_dwave: (1.6940305845349998e-15+1.2910809590355307e-15j)
F_px: (-4.083786600132923e-20+3.321239397052307e-20j), F_py: (1.6149213847511905e-19-3.207956626066047e-19j)
Free_energy = -10338.13902822984
------------------------------------------
[{'stable': {}, 'free': np.float64(-10338.13902822984)}]
------------------------------------------
  Seed: d-wave
F_onsite: (1.160654283715099e-19+0j)
F_swave: (-9.098414983453228e-20+0j), F_dwave: (2.1315626557876565e-15+0j)
F_px: -4.34527794016094e-20j, F_py: -9.742821551670894e-20j
Free_energy = -10338.13902822984
------------------------------------------
[{'stable': {}, 'free': np.float64(-10338.13902822984)}]
------------------------------------------
  Seed: d-wave+px
F_onsite: (1.160654283715099e-19+0j)
F_swave: (-9.098414983453228e-20+0j), F_dwave: (2.1315626557876565e-15+0j)
F_px: -4.34527794016094e-20j, F_py: -9.742821551670894e-20j
Free_energy = -10338.13902822984
------------------------------------------
[{'stable': {}, 'free': np.float64(-10338.13902822984)}]
------------------------------------------
  Seed: d-wave+py
F_onsite: (3.96732765612138e-20-9.071643405425597e-32j)
F_swave: (-6.688876095056005e-21-1.9602355715216335e-31j), F_dwave: (2.131549152166807e-15-2.4037110338721756e-29j)
F_px: (2.7610131682735413e-30+2.3122788068347135e-20j), F_py: (-1.1832913578315177e-30-2.0657702492014082e-19j)
Free_energy = -10338.13902822984
------------------------------------------
[{'stable': {}, 'free': np.float64(-10338.13902822984)}]
------------------------------------------
====================================
mu=0.92, T=0.2547
====================================
  Seed: normal state
F_onsite: 0j
F_swave: 0j, F_dwave: 0j
F_px: 0j, F_py: 0j
Free_energy = -10351.161233416855
------------------------------------------
[{'stable': {}, 'free': np.float64(-10351.161233416855)}]
------------------------------------------
  Seed: px
F_onsite: -1.1385256771614682e-19j
F_swave: 1.4612943614581097e-20j, F_dwave: 1.5293912006879577e-15j
F_px: (1.1626938548678377e-19+0j), F_py: (9.527086363985737e-20+0j)
Free_energy = -10351.161233416855
------------------------------------------
[{'stable': {}, 'free': np.float64(-10351.161233416855)}]
------------------------------------------
  Seed: py
F_onsite: 1.1385256771614682e-19j
F_swave: -1.4612943614581097e-20j, F_dwave: -1.5293912006879577e-15j
F_px: (-1.1626938548678377e-19+0j), F_py: (-9.527086363985737e-20+0j)
Free_energy = -10351.161233416855
------------------------------------------
[{'stable': {}, 'free': np.float64(-10351.161233416855)}]
------------------------------------------
  Seed: px+py
F_onsite: 1.1385256771614682e-19j
F_swave: -1.4612943614581097e-20j, F_dwave: -1.5293912006879577e-15j
F_px: (-1.1626938548678377e-19+0j), F_py: (-9.527086363985737e-20+0j)
Free_energy = -10351.161233416855
------------------------------------------
[{'stable': {}, 'free': np.float64(-10351.161233416855)}]
------------------------------------------
  Seed: px+i*py
F_onsite: (6.110737340198923e-20-5.950515379781183e-20j)
F_swave: (-3.235127880012165e-20+4.468605870610271e-21j), F_dwave: (1.325282370431973e-15+1.0100376177529796e-15j)
F_px: (-5.1531029938958814e-21-2.1200370074696807e-20j), F_py: (1.3093626620506983e-19-3.861564221033128e-20j)
Free_energy = -10351.161233416853
------------------------------------------
[{'stable': {}, 'free': np.float64(-10351.161233416855)}]
------------------------------------------
  Seed: d-wave
F_onsite: (2.1135051426295256e-19+0j)
F_swave: (-1.1789914819349034e-19+0j), F_dwave: (1.6673194028273887e-15+0j)
F_px: 3.3303803192239482e-21j, F_py: -4.780252819648972e-21j
Free_energy = -10351.161233416855
------------------------------------------
[{'stable': {}, 'free': np.float64(-10351.161233416855)}]
------------------------------------------
  Seed: d-wave+px
F_onsite: (2.1135051426295256e-19+0j)
F_swave: (-1.1789914819349034e-19+0j), F_dwave: (1.6673194028273887e-15+0j)
F_px: 3.3303803192239482e-21j, F_py: -4.780252819648972e-21j
Free_energy = -10351.161233416855
------------------------------------------
[{'stable': {}, 'free': np.float64(-10351.161233416855)}]
------------------------------------------
  Seed: d-wave+py
F_onsite: (3.6605829851828866e-20+8.645974090455044e-32j)
F_swave: (5.4178779348049304e-20+4.109242370248597e-31j), F_dwave: (1.6672366071062547e-15-1.837264041792847e-29j)
F_px: (-1.9721522630525295e-31+2.334653854255704e-20j), F_py: (-1.0846837446788912e-30-5.0943533936764505e-20j)
Free_energy = -10351.161233416855
------------------------------------------
[{'stable': {}, 'free': np.float64(-10351.161233416855)}]
------------------------------------------
====================================
mu=0.92, T=0.2638
====================================
  Seed: normal state
F_onsite: 0j
F_swave: 0j, F_dwave: 0j
F_px: 0j, F_py: 0j
Free_energy = -10364.682067253938
------------------------------------------
[{'stable': {}, 'free': np.float64(-10364.682067253938)}]
------------------------------------------
  Seed: px
F_onsite: 1.8262081898070873e-19j
F_swave: -6.838495018275741e-20j, F_dwave: 1.1785227800687241e-15j
F_px: (-4.716936669834159e-20+0j), F_py: (9.616036149814126e-20+0j)
Free_energy = -10364.682067253938
------------------------------------------
[{'stable': {}, 'free': np.float64(-10364.682067253938)}]
------------------------------------------
  Seed: py
F_onsite: -1.8262081898070873e-19j
F_swave: 6.838495018275741e-20j, F_dwave: -1.1785227800687241e-15j
F_px: (4.716936669834159e-20+0j), F_py: (-9.616036149814126e-20+0j)
Free_energy = -10364.682067253938
------------------------------------------
[{'stable': {}, 'free': np.float64(-10364.682067253938)}]
------------------------------------------
  Seed: px+py
F_onsite: -1.8262081898070873e-19j
F_swave: 6.838495018275741e-20j, F_dwave: -1.1785227800687241e-15j
F_px: (4.716936669834159e-20+0j), F_py: (-9.616036149814126e-20+0j)
Free_energy = -10364.682067253938
------------------------------------------
[{'stable': {}, 'free': np.float64(-10364.682067253938)}]
------------------------------------------
  Seed: px+i*py
F_onsite: (-2.9706454411919054e-20-9.041664549763986e-20j)
F_swave: (-2.7100722441333454e-20+4.4693600313608384e-20j), F_dwave: (1.0217656858850783e-15+7.786469384014058e-16j)
F_px: (1.565201860719961e-19+1.569524988010725e-20j), F_py: (1.7651152715875722e-19+3.81445734421372e-21j)
Free_energy = -10364.682067253938
------------------------------------------
[{'stable': {}, 'free': np.float64(-10364.682067253938)}]
------------------------------------------
  Seed: d-wave
F_onsite: (2.585697264239066e-19+0j)
F_swave: (-1.2924385997066364e-19+0j), F_dwave: (1.285027547838844e-15+0j)
F_px: 2.4910891538252182e-20j, F_py: -2.6360848358472124e-19j
Free_energy = -10364.682067253938
------------------------------------------
[{'stable': {}, 'free': np.float64(-10364.682067253938)}]
------------------------------------------
  Seed: d-wave+px
F_onsite: (2.585697264239066e-19+0j)
F_swave: (-1.2924385997066364e-19+0j), F_dwave: (1.285027547838844e-15+0j)
F_px: 2.4910891538252182e-20j, F_py: -2.6360848358472124e-19j
Free_energy = -10364.682067253938
------------------------------------------
[{'stable': {}, 'free': np.float64(-10364.682067253938)}]
------------------------------------------
  Seed: d-wave+py
F_onsite: (-9.822709190789132e-20-8.748708209171472e-32j)
F_swave: (1.0325857137151661e-19-2.779914365118379e-31j), F_dwave: (1.2849800476671111e-15-1.4563284900246964e-29j)
F_px: -5.389653034821548e-20j, F_py: (4.930380657631324e-31-1.1729562058437655e-20j)
Free_energy = -10364.682067253938
------------------------------------------
[{'stable': {}, 'free': np.float64(-10364.682067253938)}]
------------------------------------------
====================================
mu=0.92, T=0.2728
====================================
  Seed: normal state
F_onsite: 0j
F_swave: 0j, F_dwave: 0j
F_px: 0j, F_py: 0j
Free_energy = -10378.700383328416
------------------------------------------
[{'stable': {}, 'free': np.float64(-10378.700383328416)}]
------------------------------------------
  Seed: px
F_onsite: 1.3432259776439128e-19j
F_swave: -8.61340002706319e-20j, F_dwave: 8.948741533138115e-16j
F_px: (-3.584017560906967e-20+0j), F_py: (2.874567392733878e-20+0j)
Free_energy = -10378.700383328416
------------------------------------------
[{'stable': {}, 'free': np.float64(-10378.700383328416)}]
------------------------------------------
  Seed: py
F_onsite: -1.3432259776439128e-19j
F_swave: 8.61340002706319e-20j, F_dwave: -8.948741533138115e-16j
F_px: (3.584017560906967e-20+0j), F_py: (-2.874567392733878e-20+0j)
Free_energy = -10378.700383328416
------------------------------------------
[{'stable': {}, 'free': np.float64(-10378.700383328416)}]
------------------------------------------
  Seed: px+py
F_onsite: -1.3432259776439128e-19j
F_swave: 8.61340002706319e-20j, F_dwave: -8.948741533138115e-16j
F_px: (3.584017560906967e-20+0j), F_py: (-2.874567392733878e-20+0j)
Free_energy = -10378.700383328416
------------------------------------------
[{'stable': {}, 'free': np.float64(-10378.700383328416)}]
------------------------------------------
  Seed: px+i*py
F_onsite: (3.831864996152301e-20-9.027750690607757e-20j)
F_swave: (-4.1097187727089715e-20+9.127802496832934e-20j), F_dwave: (7.763103325996614e-16+5.915561773841051e-16j)
F_px: (-6.573812632479062e-20+1.20673126498113e-19j), F_py: (1.5063436367491232e-19+1.5976888485244755e-19j)
Free_energy = -10378.700383328416
------------------------------------------
[{'stable': {}, 'free': np.float64(-10378.700383328416)}]
------------------------------------------
  Seed: d-wave
F_onsite: (-1.420701444476031e-19+0j)
F_swave: (8.128062072019244e-20+0j), F_dwave: (9.760440906489255e-16+0j)
F_px: -2.751997399628688e-20j, F_py: -2.8096055854280877e-19j
Free_energy = -10378.700383328416
------------------------------------------
[{'stable': {}, 'free': np.float64(-10378.700383328416)}]
------------------------------------------
  Seed: d-wave+px
F_onsite: (-1.420701444476031e-19+0j)
F_swave: (8.128062072019244e-20+0j), F_dwave: (9.760440906489255e-16+0j)
F_px: -2.751997399628688e-20j, F_py: -2.8096055854280877e-19j
Free_energy = -10378.700383328416
------------------------------------------
[{'stable': {}, 'free': np.float64(-10378.700383328416)}]
------------------------------------------
  Seed: d-wave+py
F_onsite: (-2.3120333331957676e-20+9.171731467643649e-32j)
F_swave: (2.6395419415334785e-20+8.248396839945959e-33j), F_dwave: (9.75794476515588e-16-1.1026349163933493e-29j)
F_px: -1.2470010684034255e-19j, F_py: (-5.9164567891575885e-31+3.9960040054186233e-20j)
Free_energy = -10378.700383328416
------------------------------------------
[{'stable': {}, 'free': np.float64(-10378.700383328416)}]
------------------------------------------
====================================
mu=0.92, T=0.2819
====================================
  Seed: normal state
F_onsite: 0j
F_swave: 0j, F_dwave: 0j
F_px: 0j, F_py: 0j
Free_energy = -10393.214721448347
------------------------------------------
[{'stable': {}, 'free': np.float64(-10393.214721448347)}]
------------------------------------------
  Seed: px
F_onsite: 1.1607551123432615e-19j
F_swave: -3.1434812807606963e-20j, F_dwave: 6.694013768093019e-16j
F_px: (-6.962712354013152e-21+0j), F_py: (-5.715848143692901e-20+0j)
Free_energy = -10393.214721448347
------------------------------------------
[{'stable': {}, 'free': np.float64(-10393.214721448347)}]
------------------------------------------
  Seed: py
F_onsite: -1.1607551123432615e-19j
F_swave: 3.1434812807606963e-20j, F_dwave: -6.694013768093019e-16j
F_px: (6.962712354013152e-21+0j), F_py: (5.715848143692901e-20+0j)
Free_energy = -10393.214721448347
------------------------------------------
[{'stable': {}, 'free': np.float64(-10393.214721448347)}]
------------------------------------------
  Seed: px+py
F_onsite: -1.1607551123432615e-19j
F_swave: 3.1434812807606963e-20j, F_dwave: -6.694013768093019e-16j
F_px: (6.962712354013152e-21+0j), F_py: (5.715848143692901e-20+0j)
Free_energy = -10393.214721448347
------------------------------------------
[{'stable': {}, 'free': np.float64(-10393.214721448347)}]
------------------------------------------
  Seed: px+i*py
F_onsite: (-5.361093086839628e-20+1.533316901642422e-20j)
F_swave: (3.913183841603827e-20-1.124608218536978e-21j), F_dwave: (5.811751919042256e-16+4.4290608811412777e-16j)
F_px: (2.470502282341174e-20+1.0383901867896476e-19j), F_py: (2.2144869188843037e-19+6.188190641042116e-20j)
Free_energy = -10393.214721448347
------------------------------------------
[{'stable': {}, 'free': np.float64(-10393.214721448347)}]
------------------------------------------
  Seed: d-wave
F_onsite: (-2.0726224924159513e-19+0j)
F_swave: (1.3043899145457943e-19+0j), F_dwave: (7.303624992902e-16+0j)
F_px: -7.160770671424502e-20j, F_py: -4.576031003755474e-20j
Free_energy = -10393.214721448347
------------------------------------------
[{'stable': {}, 'free': np.float64(-10393.214721448347)}]
------------------------------------------
  Seed: d-wave+px
F_onsite: (-2.0726224924159513e-19+0j)
F_swave: (1.3043899145457943e-19+0j), F_dwave: (7.303624992902e-16+0j)
F_px: -7.160770671424502e-20j, F_py: -4.576031003755474e-20j
Free_energy = -10393.214721448347
------------------------------------------
[{'stable': {}, 'free': np.float64(-10393.214721448347)}]
------------------------------------------
  Seed: d-wave+py
F_onsite: (2.809754908669938e-19-1.0594195203064498e-32j)
F_swave: (-1.7105739451141716e-19+2.328441779600323e-31j), F_dwave: (7.302534133585619e-16-8.069152195117884e-30j)
F_px: (-6.902532920683853e-31-1.377183872470909e-19j), F_py: (-4.930380657631324e-31+5.930461188820584e-21j)
Free_energy = -10393.214721448347
------------------------------------------
[{'stable': {}, 'free': np.float64(-10393.214721448347)}]
------------------------------------------
====================================
mu=0.92, T=0.2909
====================================
  Seed: normal state
F_onsite: 0j
F_swave: 0j, F_dwave: 0j
F_px: 0j, F_py: 0j
Free_energy = -10408.223335709203
------------------------------------------
[{'stable': {}, 'free': np.float64(-10408.223335709203)}]
------------------------------------------
  Seed: px
F_onsite: 1.5144356200188262e-19j
F_swave: -1.3781959296047982e-19j, F_dwave: 4.9316386955854575e-16j
F_px: (-8.141191390731004e-20+0j), F_py: (9.376661033773701e-20+0j)
Free_energy = -10408.223335709203
------------------------------------------
[{'stable': {}, 'free': np.float64(-10408.223335709203)}]
------------------------------------------
  Seed: py
F_onsite: -1.5144356200188262e-19j
F_swave: 1.3781959296047982e-19j, F_dwave: -4.9316386955854575e-16j
F_px: (8.141191390731004e-20+0j), F_py: (-9.376661033773701e-20+0j)
Free_energy = -10408.223335709203
------------------------------------------
[{'stable': {}, 'free': np.float64(-10408.223335709203)}]
------------------------------------------
  Seed: px+py
F_onsite: -1.5144356200188262e-19j
F_swave: 1.3781959296047982e-19j, F_dwave: -4.9316386955854575e-16j
F_px: (8.141191390731004e-20+0j), F_py: (-9.376661033773701e-20+0j)
Free_energy = -10408.223335709203
------------------------------------------
[{'stable': {}, 'free': np.float64(-10408.223335709203)}]
------------------------------------------
  Seed: px+i*py
F_onsite: (2.32410862726775e-19+8.465133451123396e-20j)
F_swave: (-1.078630086295501e-19-5.0192751678514204e-20j), F_dwave: (4.2869673292872696e-16+3.2661426003562675e-16j)
F_px: (2.975445904991715e-20+1.3883547166701133e-19j), F_py: (2.028548233464697e-19-1.6500783382017124e-19j)
Free_energy = -10408.223335709203
------------------------------------------
[{'stable': {}, 'free': np.float64(-10408.223335709203)}]
------------------------------------------
  Seed: d-wave
F_onsite: (-5.513095947774515e-20+0j)
F_swave: (1.0941455152145503e-19+0j), F_dwave: (5.3832430914910835e-16+0j)
F_px: -2.1064734683975304e-20j, F_py: 1.040300252751847e-19j
Free_energy = -10408.223335709203
------------------------------------------
[{'stable': {}, 'free': np.float64(-10408.223335709203)}]
------------------------------------------
  Seed: d-wave+px
F_onsite: (-5.513095947774515e-20+0j)
F_swave: (1.0941455152145503e-19+0j), F_dwave: (5.3832430914910835e-16+0j)
F_px: -2.1064734683975304e-20j, F_py: 1.040300252751847e-19j
Free_energy = -10408.223335709203
------------------------------------------
[{'stable': {}, 'free': np.float64(-10408.223335709203)}]
------------------------------------------
  Seed: d-wave+py
F_onsite: (-6.234922495163749e-20-6.058162991246475e-32j)
F_swave: (-8.677314206491684e-20+1.4743595577391911e-31j), F_dwave: (5.382486989940042e-16-5.907988715933361e-30j)
F_px: (-3.944304526105059e-31-1.3836860163825174e-19j), F_py: (-3.4512664603419266e-31+1.2450333873671022e-19j)
Free_energy = -10408.223335709203
------------------------------------------
[{'stable': {}, 'free': np.float64(-10408.223335709203)}]
------------------------------------------
====================================
mu=0.92, T=0.3000
====================================
  Seed: normal state
F_onsite: 0j
F_swave: 0j, F_dwave: 0j
F_px: 0j, F_py: 0j
Free_energy = -10423.724221576822
------------------------------------------
[{'stable': {}, 'free': np.float64(-10423.724221576822)}]
------------------------------------------
  Seed: px
F_onsite: 6.287100131549052e-20j
F_swave: -4.693853571141251e-20j, F_dwave: 3.575255093960347e-16j
F_px: (-7.859900113445881e-20+0j), F_py: (4.3030644777076525e-20+0j)
Free_energy = -10423.724221576822
------------------------------------------
[{'stable': {}, 'free': np.float64(-10423.724221576822)}]
------------------------------------------
  Seed: py
F_onsite: -6.287100131549052e-20j
F_swave: 4.693853571141251e-20j, F_dwave: -3.575255093960347e-16j
F_px: (7.859900113445881e-20+0j), F_py: (-4.3030644777076525e-20+0j)
Free_energy = -10423.724221576822
------------------------------------------
[{'stable': {}, 'free': np.float64(-10423.724221576822)}]
------------------------------------------
  Seed: px+py
F_onsite: -6.287100131549052e-20j
F_swave: 4.693853571141251e-20j, F_dwave: -3.575255093960347e-16j
F_px: (7.859900113445881e-20+0j), F_py: (-4.3030644777076525e-20+0j)
Free_energy = -10423.724221576822
------------------------------------------
[{'stable': {}, 'free': np.float64(-10423.724221576822)}]
------------------------------------------
  Seed: px+i*py
F_onsite: (1.9973918698281272e-19+4.5782939297783804e-21j)
F_swave: (-5.65179192873299e-20+2.124531707354037e-20j), F_dwave: (3.1118358868921033e-16+2.3703754080013314e-16j)
F_px: (8.577789173766451e-20+5.390114036392258e-20j), F_py: (6.405491548137321e-20+2.1426889818394953e-20j)
Free_energy = -10423.724221576822
------------------------------------------
[{'stable': {}, 'free': np.float64(-10423.724221576822)}]
------------------------------------------
  Seed: d-wave
F_onsite: (2.76746891387457e-19+0j)
F_swave: (-1.5394233598207943e-19+0j), F_dwave: (3.9046579476986367e-16+0j)
F_px: 4.510608227320372e-20j, F_py: 4.961170695515101e-20j
Free_energy = -10423.724221576822
------------------------------------------
[{'stable': {}, 'free': np.float64(-10423.724221576822)}]
------------------------------------------
  Seed: d-wave+px
F_onsite: (2.76746891387457e-19+0j)
F_swave: (-1.5394233598207943e-19+0j), F_dwave: (3.9046579476986367e-16+0j)
F_px: 4.510608227320372e-20j, F_py: 4.961170695515101e-20j
Free_energy = -10423.724221576822
------------------------------------------
[{'stable': {}, 'free': np.float64(-10423.724221576822)}]
------------------------------------------
  Seed: d-wave+py
F_onsite: (2.6560063474962873e-20-3.7391800977839906e-32j)
F_swave: (-2.3577408386878898e-20+4.85981338076276e-32j), F_dwave: (3.9031693714805815e-16-4.2180438704115545e-30j)
F_px: (-3.944304526105059e-31-1.2779317981906952e-19j), F_py: (-3.697785493223493e-31+2.5175813821660995e-20j)
Free_energy = -10423.724221576822
------------------------------------------
[{'stable': {}, 'free': np.float64(-10423.724221576822)}]
------------------------------------------
