/home/emilssp/D1/venv/bin/python
Python 3.10.12
Running job 16 out of 30
====================================
mu=0.99, T=0.0010
====================================
  Seed: normal state
F_onsite: 0j
F_swave: 0j, F_dwave: 0j
F_px: 0j, F_py: 0j
Free_energy = -10318.269970430434
------------------------------------------
[{'stable': {}, 'free': np.float64(-10318.269970430434)}]
------------------------------------------
  Seed: px
F_onsite: 8.985696081388042e-18j
F_swave: -1.5476086039724118e-18j, F_dwave: -6.0742717881076e-17j
F_px: (0.04741865193840413+0j), F_py: (-9.039694431775503e-19+0j)
Free_energy = -10361.21107715297
------------------------------------------
[{'stable': {'F_px': np.complex128(0.04741865193840413+0j)}, 'free': np.float64(-10361.21107715297)}]
------------------------------------------
  Seed: py
F_onsite: 1.973168544584813e-17j
F_swave: -5.2788152064072065e-18j, F_dwave: 8.709865096070599e-17j
F_px: (1.9208788184706409e-19+0j), F_py: (0.04741865193840391+0j)
Free_energy = -10361.211077152957
------------------------------------------
[{'stable': {'F_px': np.complex128(0.04741865193840413+0j)}, 'free': np.float64(-10361.21107715297)}, {'stable': {'F_py': np.complex128(0.04741865193840391+0j)}, 'free': np.float64(-10361.211077152957)}]
------------------------------------------
  Seed: px+py
F_onsite: -8.553179882696315e-18j
F_swave: 7.898899870501571e-18j, F_dwave: 6.532212210106757e-19j
F_px: (0.02821231157502568+0j), F_py: (0.028212311575030836+0j)
Free_energy = -10348.804978366352
------------------------------------------
[{'stable': {'F_px': np.complex128(0.04741865193840413+0j)}, 'free': np.float64(-10361.21107715297)}, {'stable': {'F_py': np.complex128(0.04741865193840391+0j)}, 'free': np.float64(-10361.211077152957)}]
------------------------------------------
  Seed: px+i*py
F_onsite: (-7.531922846103645e-18+6.170402086687083e-17j)
F_swave: (1.6170917754268661e-18+3.8163916471489756e-17j), F_dwave: (-6.059768995863831e-17-2.185751579730777e-16j)
F_px: (0.035988065223158366+2.0167907413684094e-17j), F_py: (-6.009592881650854e-18+0.03598806522315843j)
Free_energy = -10367.850112012198
------------------------------------------
[{'stable': {'F_px': np.complex128(0.035988065223158366+2.0167907413684094e-17j), 'F_py': np.complex128(-6.009592881650854e-18+0.03598806522315843j)}, 'free': np.float64(-10367.850112012198)}]
------------------------------------------
  Seed: d-wave
F_onsite: (4.1468403756965595e-17+0j)
F_swave: (-4.85722573273506e-17+0j), F_dwave: (0.0469769222652181+0j)
F_px: 8.085043218876523e-18j, F_py: -1.2128395938035247e-17j
Free_energy = -10402.889017730748
------------------------------------------
[{'stable': {'F_dwave': np.complex128(0.0469769222652181+0j)}, 'free': np.float64(-10402.889017730748)}]
------------------------------------------
  Seed: d-wave+px
F_onsite: (-0.00039186319741861824+4.095563118652152e-18j)
F_swave: (0.00013578937305811466+6.138805110776537e-19j), F_dwave: (0.04537728244049681+1.0770559937375363e-17j)
F_px: (0.019688018344801765+3.0891132767686723e-17j), F_py: (1.734723475976807e-17-1.2631894986631987e-17j)
Free_energy = -10404.539326668362
------------------------------------------
[{'stable': {'F_dwave': np.complex128(0.04537728244049681+1.0770559937375363e-17j), 'F_px': np.complex128(0.019688018344801765+3.0891132767686723e-17j)}, 'free': np.float64(-10404.539326668362)}]
------------------------------------------
  Seed: d-wave+py
F_onsite: (0.0003918631974184985-1.5470262688211745e-18j)
F_swave: (-0.0001357893730580921-2.479953650882981e-19j), F_dwave: (0.04537728244049692+1.393913152204139e-17j)
F_px: (-1.3877787807814457e-17-1.5486541602666788e-18j), F_py: (0.019688018344801245-2.827435682604257e-18j)
Free_energy = -10404.539326668337
------------------------------------------
[{'stable': {'F_dwave': np.complex128(0.04537728244049681+1.0770559937375363e-17j), 'F_px': np.complex128(0.019688018344801765+3.0891132767686723e-17j)}, 'free': np.float64(-10404.539326668362)}, {'stable': {'F_dwave': np.complex128(0.04537728244049692+1.393913152204139e-17j), 'F_py': np.complex128(0.019688018344801245-2.827435682604257e-18j)}, 'free': np.float64(-10404.539326668337)}]
------------------------------------------
====================================
mu=0.99, T=0.0040
====================================
  Seed: normal state
F_onsite: 0j
F_swave: 0j, F_dwave: 0j
F_px: 0j, F_py: 0j
Free_energy = -10318.308130364789
------------------------------------------
[{'stable': {}, 'free': np.float64(-10318.308130364789)}]
------------------------------------------
  Seed: px
F_onsite: 2.7631008832823328e-17j
F_swave: -1.0708772854340102e-17j, F_dwave: -8.07312395983994e-17j
F_px: (0.04740870686843571+0j), F_py: (2.6026741665613484e-19+0j)
Free_energy = -10361.198294630301
------------------------------------------
[{'stable': {'F_px': np.complex128(0.04740870686843571+0j)}, 'free': np.float64(-10361.198294630301)}]
------------------------------------------
  Seed: py
F_onsite: 3.2094343069261457e-17j
F_swave: -9.414771208731548e-18j, F_dwave: 1.1924646298476288e-16j
F_px: (2.995717306422045e-20+0j), F_py: (0.04740870686843572+0j)
Free_energy = -10361.1982946303
------------------------------------------
[{'stable': {'F_px': np.complex128(0.04740870686843571+0j)}, 'free': np.float64(-10361.198294630301)}, {'stable': {'F_py': np.complex128(0.04740870686843572+0j)}, 'free': np.float64(-10361.1982946303)}]
------------------------------------------
  Seed: px+py
F_onsite: -1.7155911192807006e-17j
F_swave: 2.8572538893255686e-18j, F_dwave: 2.7705388913504096e-18j
F_px: (0.028210178416921736+0j), F_py: (0.028210178416928695+0j)
Free_energy = -10348.801005966086
------------------------------------------
[{'stable': {'F_px': np.complex128(0.04740870686843571+0j)}, 'free': np.float64(-10361.198294630301)}, {'stable': {'F_py': np.complex128(0.04740870686843572+0j)}, 'free': np.float64(-10361.1982946303)}]
------------------------------------------
  Seed: px+i*py
F_onsite: (-5.7365835748389524e-18+2.3645401178636625e-17j)
F_swave: (1.2281845386289346e-18+8.500145032286355e-17j), F_dwave: (-6.367822967379399e-17-2.896988204881268e-16j)
F_px: (0.035987459458086166+1.7426961735928382e-17j), F_py: (-7.453651707821428e-18+0.03598745945808628j)
Free_energy = -10367.848090833462
------------------------------------------
[{'stable': {'F_px': np.complex128(0.035987459458086166+1.7426961735928382e-17j), 'F_py': np.complex128(-7.453651707821428e-18+0.03598745945808628j)}, 'free': np.float64(-10367.848090833462)}]
------------------------------------------
  Seed: d-wave
F_onsite: (-3.6988671492064215e-18+0j)
F_swave: (1.1796119636642288e-16+0j), F_dwave: (0.046976266803285815+0j)
F_px: 9.870421167614546e-18j, F_py: -1.2322852865156663e-17j
Free_energy = -10402.886143786285
------------------------------------------
[{'stable': {'F_dwave': np.complex128(0.046976266803285815+0j)}, 'free': np.float64(-10402.886143786285)}]
------------------------------------------
  Seed: d-wave+px
F_onsite: (-0.00039180236549098455+4.956704458434157e-18j)
F_swave: (0.00013576789173716346-1.0058450074195812e-18j), F_dwave: (0.04537758257900637+8.916166587819284e-18j)
F_px: (0.019686464360293338+3.153002060304308e-17j), F_py: (3.122502256758253e-17-1.1264823514432949e-17j)
Free_energy = -10404.539207393442
------------------------------------------
[{'stable': {'F_dwave': np.complex128(0.04537758257900637+8.916166587819284e-18j), 'F_px': np.complex128(0.019686464360293338+3.153002060304308e-17j)}, 'free': np.float64(-10404.539207393442)}]
------------------------------------------
  Seed: d-wave+py
F_onsite: (0.00039180236549098314+5.131960869176992e-19j)
F_swave: (-0.00013576789173709233-1.7040450014184404e-18j), F_dwave: (0.04537758257900647+1.1922054907053282e-17j)
F_px: (-2.7755575615628914e-17+5.595777582247726e-18j), F_py: (0.01968646436029282-3.802767651587982e-18j)
Free_energy = -10404.539207393489
------------------------------------------
[{'stable': {'F_dwave': np.complex128(0.04537758257900637+8.916166587819284e-18j), 'F_px': np.complex128(0.019686464360293338+3.153002060304308e-17j)}, 'free': np.float64(-10404.539207393442)}, {'stable': {'F_dwave': np.complex128(0.04537758257900647+1.1922054907053282e-17j), 'F_py': np.complex128(0.01968646436029282-3.802767651587982e-18j)}, 'free': np.float64(-10404.539207393489)}]
------------------------------------------
====================================
mu=0.99, T=0.0070
====================================
  Seed: normal state
F_onsite: 0j
F_swave: 0j, F_dwave: 0j
F_px: 0j, F_py: 0j
Free_energy = -10318.395913500572
------------------------------------------
[{'stable': {}, 'free': np.float64(-10318.395913500572)}]
------------------------------------------
  Seed: px
F_onsite: 6.014098038139063e-17j
F_swave: -2.1416751615292154e-17j, F_dwave: -1.572164089113314e-16j
F_px: (0.047381263798144106+0j), F_py: (-2.1498093248008168e-19+0j)
Free_energy = -10361.167743224374
------------------------------------------
[{'stable': {'F_px': np.complex128(0.047381263798144106+0j)}, 'free': np.float64(-10361.167743224374)}]
------------------------------------------
  Seed: py
F_onsite: 5.556493782340848e-17j
F_swave: -1.7314094595706746e-17j, F_dwave: 1.9043857634986196e-16j
F_px: (1.2362644388523526e-18+0j), F_py: (0.04738126379814411+0j)
Free_energy = -10361.167743224325
------------------------------------------
[{'stable': {'F_px': np.complex128(0.047381263798144106+0j)}, 'free': np.float64(-10361.167743224374)}, {'stable': {'F_py': np.complex128(0.04738126379814411+0j)}, 'free': np.float64(-10361.167743224325)}]
------------------------------------------
  Seed: px+py
F_onsite: -9.741514168134895e-18j
F_swave: 8.900357511952171e-18j, F_dwave: 1.4768019435378726e-18j
F_px: (0.028193471175110854+0j), F_py: (0.02819347117513159+0j)
Free_energy = -10348.773119206937
------------------------------------------
[{'stable': {'F_px': np.complex128(0.047381263798144106+0j)}, 'free': np.float64(-10361.167743224374)}, {'stable': {'F_py': np.complex128(0.04738126379814411+0j)}, 'free': np.float64(-10361.167743224325)}]
------------------------------------------
  Seed: px+i*py
F_onsite: (-5.493008662944138e-18+1.463905866915926e-17j)
F_swave: (7.921094780697594e-18+3.469446951953614e-17j), F_dwave: (-5.996279906000181e-17-3.0531133177191805e-16j)
F_px: (0.03598701621742108+2.1344727344995936e-17j), F_py: (-9.150364580290198e-18+0.035987016217421106j)
Free_energy = -10367.84661994689
------------------------------------------
[{'stable': {'F_px': np.complex128(0.03598701621742108+2.1344727344995936e-17j), 'F_py': np.complex128(-9.150364580290198e-18+0.035987016217421106j)}, 'free': np.float64(-10367.84661994689)}]
------------------------------------------
  Seed: d-wave
F_onsite: (-8.508641845830649e-17+0j)
F_swave: (1.8041124150158794e-16+0j), F_dwave: (0.04697578920631928+0j)
F_px: 1.1564311069310003e-17j, F_py: -1.25808949693077e-17j
Free_energy = -10402.884069888485
------------------------------------------
[{'stable': {'F_dwave': np.complex128(0.04697578920631928+0j)}, 'free': np.float64(-10402.884069888485)}]
------------------------------------------
  Seed: d-wave+px
F_onsite: (-0.0003917468228224231-6.498622059792204e-18j)
F_swave: (0.00013574830442987865+5.55045470212472e-18j), F_dwave: (0.04537785290826585+1.1061912801451241e-17j)
F_px: (0.019685056310514745+1.307386089664152e-17j), F_py: (1.3877787807814457e-17-1.1559326282281428e-17j)
Free_energy = -10404.539097060602
------------------------------------------
[{'stable': {'F_dwave': np.complex128(0.04537785290826585+1.1061912801451241e-17j), 'F_px': np.complex128(0.019685056310514745+1.307386089664152e-17j)}, 'free': np.float64(-10404.539097060602)}]
------------------------------------------
  Seed: d-wave+py
F_onsite: (0.00039174682282247845-1.0905549195899117e-20j)
F_swave: (-0.00013574830442989946+4.22219454426667e-19j), F_dwave: (0.045377852908265875+1.2818943684187378e-17j)
F_px: (-1.734723475976807e-17+5.291864807750843e-18j), F_py: (0.019685056310514336-4.421220817091829e-18j)
Free_energy = -10404.53909706066
------------------------------------------
[{'stable': {'F_dwave': np.complex128(0.04537785290826585+1.1061912801451241e-17j), 'F_px': np.complex128(0.019685056310514745+1.307386089664152e-17j)}, 'free': np.float64(-10404.539097060602)}, {'stable': {'F_dwave': np.complex128(0.045377852908265875+1.2818943684187378e-17j), 'F_py': np.complex128(0.019685056310514336-4.421220817091829e-18j)}, 'free': np.float64(-10404.53909706066)}]
------------------------------------------
====================================
mu=0.99, T=0.0100
====================================
  Seed: normal state
F_onsite: 0j
F_swave: 0j, F_dwave: 0j
F_px: 0j, F_py: 0j
Free_energy = -10318.53260024956
------------------------------------------
[{'stable': {}, 'free': np.float64(-10318.53260024956)}]
------------------------------------------
  Seed: px
F_onsite: 6.345176747441167e-17j
F_swave: -2.492852374482888e-17j, F_dwave: -2.2849997536495434e-16j
F_px: (0.04734785110946472+0j), F_py: (1.0837720385669769e-18+0j)
Free_energy = -10361.1361362579
------------------------------------------
[{'stable': {'F_px': np.complex128(0.04734785110946472+0j)}, 'free': np.float64(-10361.1361362579)}]
------------------------------------------
  Seed: py
F_onsite: 8.020920260509473e-17j
F_swave: -2.5756789618345578e-17j, F_dwave: 2.823516037640838e-16j
F_px: (8.530680570034872e-19+0j), F_py: (0.04734785110946466+0j)
Free_energy = -10361.136136257886
------------------------------------------
[{'stable': {'F_px': np.complex128(0.04734785110946472+0j)}, 'free': np.float64(-10361.1361362579)}, {'stable': {'F_py': np.complex128(0.04734785110946466+0j)}, 'free': np.float64(-10361.136136257886)}]
------------------------------------------
  Seed: px+py
F_onsite: -3.709157276026581e-18j
F_swave: 6.5976984448413555e-18j, F_dwave: -1.009398575331109e-18j
F_px: (0.02815366909876103+0j), F_py: (0.028153669098855246+0j)
Free_energy = -10348.712103575845
------------------------------------------
[{'stable': {'F_px': np.complex128(0.04734785110946472+0j)}, 'free': np.float64(-10361.1361362579)}, {'stable': {'F_py': np.complex128(0.04734785110946466+0j)}, 'free': np.float64(-10361.136136257886)}]
------------------------------------------
  Seed: px+i*py
F_onsite: (-7.117617855777886e-18+3.4420771998454596e-17j)
F_swave: (-2.869178525036133e-18-1.734723475976807e-17j), F_dwave: (-6.998920746598976e-17-2.8796409701215e-16j)
F_px: (0.035986539406023116+2.4996445199286835e-17j), F_py: (-9.903165112162458e-18+0.035986539406023074j)
Free_energy = -10367.845582934367
------------------------------------------
[{'stable': {'F_px': np.complex128(0.035986539406023116+2.4996445199286835e-17j), 'F_py': np.complex128(-9.903165112162458e-18+0.035986539406023074j)}, 'free': np.float64(-10367.845582934367)}]
------------------------------------------
  Seed: d-wave
F_onsite: (-1.2668105900542567e-16+0j)
F_swave: (8.326672684688674e-17+0j), F_dwave: (0.04697529165616885+0j)
F_px: 1.6666268547421177e-17j, F_py: -1.2498307498476476e-17j
Free_energy = -10402.88277173337
------------------------------------------
[{'stable': {'F_dwave': np.complex128(0.04697529165616885+0j)}, 'free': np.float64(-10402.88277173337)}]
------------------------------------------
  Seed: d-wave+px
F_onsite: (-0.00039165900464424174-1.5484821066992678e-19j)
F_swave: (0.0001357189874741302+6.761374327008448e-19j), F_dwave: (0.045378047809924084+6.650790205277459e-18j)
F_px: (0.01968340273340892+2.489963198039363e-17j), F_py: (2.0816681711721685e-17-9.381657514449825e-18j)
Free_energy = -10404.538805490143
------------------------------------------
[{'stable': {'F_dwave': np.complex128(0.045378047809924084+6.650790205277459e-18j), 'F_px': np.complex128(0.01968340273340892+2.489963198039363e-17j)}, 'free': np.float64(-10404.538805490143)}]
------------------------------------------
  Seed: d-wave+py
F_onsite: (0.000391659004644159+8.456565187150121e-19j)
F_swave: (-0.000135718987474151-3.987407599199619e-19j), F_dwave: (0.045378047809924105+1.1264770574873745e-17j)
F_px: (1.0408340855860843e-17+8.74995622425533e-18j), F_py: (0.01968340273340853-3.652776645474967e-18j)
Free_energy = -10404.538805490167
------------------------------------------
[{'stable': {'F_dwave': np.complex128(0.045378047809924084+6.650790205277459e-18j), 'F_px': np.complex128(0.01968340273340892+2.489963198039363e-17j)}, 'free': np.float64(-10404.538805490143)}, {'stable': {'F_dwave': np.complex128(0.045378047809924105+1.1264770574873745e-17j), 'F_py': np.complex128(0.01968340273340853-3.652776645474967e-18j)}, 'free': np.float64(-10404.538805490167)}]
------------------------------------------
====================================
mu=0.99, T=0.0130
====================================
  Seed: normal state
F_onsite: 0j
F_swave: 0j, F_dwave: 0j
F_px: 0j, F_py: 0j
Free_energy = -10318.714595441668
------------------------------------------
[{'stable': {}, 'free': np.float64(-10318.714595441668)}]
------------------------------------------
  Seed: px
F_onsite: 7.951934720911531e-17j
F_swave: -4.129251207151232e-17j, F_dwave: -3.559462996142901e-16j
F_px: (0.0473026818929625+0j), F_py: (1.4999332221873055e-18+0j)
Free_energy = -10361.09347211984
------------------------------------------
[{'stable': {'F_px': np.complex128(0.0473026818929625+0j)}, 'free': np.float64(-10361.09347211984)}]
------------------------------------------
  Seed: py
F_onsite: 1.0847146274185933e-16j
F_swave: -3.593124350164583e-17j, F_dwave: 3.94484154662213e-16j
F_px: (5.948752093236354e-19+0j), F_py: (0.04730268189296262+0j)
Free_energy = -10361.093472119821
------------------------------------------
[{'stable': {'F_px': np.complex128(0.0473026818929625+0j)}, 'free': np.float64(-10361.09347211984)}, {'stable': {'F_py': np.complex128(0.04730268189296262+0j)}, 'free': np.float64(-10361.093472119821)}]
------------------------------------------
  Seed: px+py
F_onsite: -7.608208750915736e-18j
F_swave: 3.991060428784653e-18j, F_dwave: -6.5936750383418976e-18j
F_px: (0.028080665461638326+0j), F_py: (0.028080665462253733+0j)
Free_energy = -10348.604340059263
------------------------------------------
[{'stable': {'F_px': np.complex128(0.0473026818929625+0j)}, 'free': np.float64(-10361.09347211984)}, {'stable': {'F_py': np.complex128(0.04730268189296262+0j)}, 'free': np.float64(-10361.093472119821)}]
------------------------------------------
  Seed: px+i*py
F_onsite: (-1.6444615275350207e-17+5.0833305900927547e-17j)
F_swave: (1.0072214359588695e-17-1.734723475976807e-18j), F_dwave: (-5.864447168693929e-17-2.931682674400804e-16j)
F_px: (0.03598234735822951+2.6264294702648913e-17j), F_py: (-1.4346699953458517e-17+0.03598234735822937j)
Free_energy = -10367.837141730972
------------------------------------------
[{'stable': {'F_px': np.complex128(0.03598234735822951+2.6264294702648913e-17j), 'F_py': np.complex128(-1.4346699953458517e-17+0.03598234735822937j)}, 'free': np.float64(-10367.837141730972)}]
------------------------------------------
  Seed: d-wave
F_onsite: (2.7549713522221616e-17+0j)
F_swave: (-1.700029006457271e-16+0j), F_dwave: (0.046972041212963764+0j)
F_px: 1.9547787479245953e-17j, F_py: -1.2103908083181227e-17j
Free_energy = -10402.875108183043
------------------------------------------
[{'stable': {'F_dwave': np.complex128(0.046972041212963764+0j)}, 'free': np.float64(-10402.875108183043)}]
------------------------------------------
  Seed: d-wave+px
F_onsite: (-0.0003901740610563133+8.746144575992685e-19j)
F_swave: (0.0001352034176866461-2.661225319040302e-18j), F_dwave: (0.04538174414983832+6.963345362814296e-18j)
F_px: (0.01964985681763221+2.1138064540755688e-17j), F_py: (2.7755575615628914e-17-9.885642118066134e-18j)
Free_energy = -10404.528264554176
------------------------------------------
[{'stable': {'F_dwave': np.complex128(0.04538174414983832+6.963345362814296e-18j), 'F_px': np.complex128(0.01964985681763221+2.1138064540755688e-17j)}, 'free': np.float64(-10404.528264554176)}]
------------------------------------------
  Seed: d-wave+py
F_onsite: (0.0003901740610563406-1.5439822441669793e-19j)
F_swave: (-0.00013520341768672242+1.4758622663620124e-18j), F_dwave: (0.04538174414983845+1.6719133359599406e-17j)
F_px: (4.163336342344337e-17-1.2337696621248927e-18j), F_py: (0.01964985681763251-1.0271597974438476e-19j)
Free_energy = -10404.528264554134
------------------------------------------
[{'stable': {'F_dwave': np.complex128(0.04538174414983832+6.963345362814296e-18j), 'F_px': np.complex128(0.01964985681763221+2.1138064540755688e-17j)}, 'free': np.float64(-10404.528264554176)}, {'stable': {'F_dwave': np.complex128(0.04538174414983845+1.6719133359599406e-17j), 'F_py': np.complex128(0.01964985681763251-1.0271597974438476e-19j)}, 'free': np.float64(-10404.528264554134)}]
------------------------------------------
====================================
mu=0.99, T=0.0160
====================================
  Seed: normal state
F_onsite: 0j
F_swave: 0j, F_dwave: 0j
F_px: 0j, F_py: 0j
Free_energy = -10318.940980792036
------------------------------------------
[{'stable': {}, 'free': np.float64(-10318.940980792036)}]
------------------------------------------
  Seed: px
F_onsite: 8.472129417555919e-17j
F_swave: -5.195993913011457e-17j, F_dwave: -4.797782283985733e-16j
F_px: (0.04723238999669981+0j), F_py: (2.276599569092945e-19+0j)
Free_energy = -10361.019637360276
------------------------------------------
[{'stable': {'F_px': np.complex128(0.04723238999669981+0j)}, 'free': np.float64(-10361.019637360276)}]
------------------------------------------
  Seed: py
F_onsite: 1.3884024087888617e-16j
F_swave: -4.671619638167961e-17j, F_dwave: 5.178714440887469e-16j
F_px: (3.0528920303617103e-19+0j), F_py: (0.0472323899966993+0j)
Free_energy = -10361.019637360234
------------------------------------------
[{'stable': {'F_px': np.complex128(0.04723238999669981+0j)}, 'free': np.float64(-10361.019637360276)}, {'stable': {'F_py': np.complex128(0.0472323899966993+0j)}, 'free': np.float64(-10361.019637360234)}]
------------------------------------------
  Seed: px+py
F_onsite: 1.74896421740252e-18j
F_swave: 3.540491840404569e-18j, F_dwave: -1.3092852963505737e-17j
F_px: (0.027967663281275947+0j), F_py: (0.02796766328678927+0j)
Free_energy = -10348.443537132229
------------------------------------------
[{'stable': {'F_px': np.complex128(0.04723238999669981+0j)}, 'free': np.float64(-10361.019637360276)}, {'stable': {'F_py': np.complex128(0.0472323899966993+0j)}, 'free': np.float64(-10361.019637360234)}]
------------------------------------------
  Seed: px+i*py
F_onsite: (-1.0011823557427423e-17+6.635269650008004e-17j)
F_swave: (-4.919805585669392e-18-7.45931094670027e-17j), F_dwave: (-1.0263304992489265e-16-3.3133218391157016e-16j)
F_px: (0.03595922241236958+1.1519303975523663e-17j), F_py: (-1.5486621012005593e-17+0.035959222412369596j)
Free_energy = -10367.782987607601
------------------------------------------
[{'stable': {'F_px': np.complex128(0.03595922241236958+1.1519303975523663e-17j), 'F_py': np.complex128(-1.5486621012005593e-17+0.035959222412369596j)}, 'free': np.float64(-10367.782987607601)}]
------------------------------------------
  Seed: d-wave
F_onsite: (1.9062610907677705e-17+0j)
F_swave: (-1.214306433183765e-16+0j), F_dwave: (0.04695948992043408+0j)
F_px: 8.685416926232852e-18j, F_py: -1.1989577845545238e-17j
Free_energy = -10402.842144815755
------------------------------------------
[{'stable': {'F_dwave': np.complex128(0.04695948992043408+0j)}, 'free': np.float64(-10402.842144815755)}]
------------------------------------------
  Seed: d-wave+px
F_onsite: (-0.000384584445163066-1.9420612595968988e-18j)
F_swave: (0.00013326610746649224-1.1158666463340343e-18j), F_dwave: (0.0453960912131514+1.5716689718858642e-17j)
F_px: (0.019519742296292483+1.4934871691098023e-17j), F_py: (-3.122502256758253e-17-7.18694220855473e-18j)
Free_energy = -10404.488931529228
------------------------------------------
[{'stable': {'F_dwave': np.complex128(0.0453960912131514+1.5716689718858642e-17j), 'F_px': np.complex128(0.019519742296292483+1.4934871691098023e-17j)}, 'free': np.float64(-10404.488931529228)}]
------------------------------------------
  Seed: d-wave+py
F_onsite: (0.0003845844451630245-7.62091424512455e-19j)
F_swave: (-0.00013326610746647316-1.026074536480178e-18j), F_dwave: (0.04539609121315122+2.3466597817427162e-17j)
F_px: (-6.938893903907228e-17+1.1395213648750908e-17j), F_py: (0.0195197422962924+2.7544717351321796e-18j)
Free_energy = -10404.488931529142
------------------------------------------
[{'stable': {'F_dwave': np.complex128(0.0453960912131514+1.5716689718858642e-17j), 'F_px': np.complex128(0.019519742296292483+1.4934871691098023e-17j)}, 'free': np.float64(-10404.488931529228)}, {'stable': {'F_dwave': np.complex128(0.04539609121315122+2.3466597817427162e-17j), 'F_py': np.complex128(0.0195197422962924+2.7544717351321796e-18j)}, 'free': np.float64(-10404.488931529142)}]
------------------------------------------
====================================
mu=0.99, T=0.0190
====================================
  Seed: normal state
F_onsite: 0j
F_swave: 0j, F_dwave: 0j
F_px: 0j, F_py: 0j
Free_energy = -10319.212445650772
------------------------------------------
[{'stable': {}, 'free': np.float64(-10319.212445650772)}]
------------------------------------------
  Seed: px
F_onsite: 1.2478415263567468e-16j
F_swave: -5.639497717215849e-17j, F_dwave: -5.964123623646651e-16j
F_px: (0.047117186630565154+0j), F_py: (7.102371262727308e-19+0j)
Free_energy = -10360.885528856295
------------------------------------------
[{'stable': {'F_px': np.complex128(0.047117186630565154+0j)}, 'free': np.float64(-10360.885528856295)}]
------------------------------------------
  Seed: py
F_onsite: 1.79014590050684e-16j
F_swave: -5.885613727952426e-17j, F_dwave: 6.672434808755563e-16j
F_px: (4.2069413337711924e-19+0j), F_py: (0.04711718663056564+0j)
Free_energy = -10360.885528856232
------------------------------------------
[{'stable': {'F_px': np.complex128(0.047117186630565154+0j)}, 'free': np.float64(-10360.885528856295)}, {'stable': {'F_py': np.complex128(0.04711718663056564+0j)}, 'free': np.float64(-10360.885528856232)}]
------------------------------------------
  Seed: px+py
F_onsite: -1.4291616342107386e-17j
F_swave: 5.526572343479089e-18j, F_dwave: -3.31931565600871e-17j
F_px: (0.027810258438701288+0j), F_py: (0.027810258493274953+0j)
Free_energy = -10348.228085697849
------------------------------------------
[{'stable': {'F_px': np.complex128(0.047117186630565154+0j)}, 'free': np.float64(-10360.885528856295)}, {'stable': {'F_py': np.complex128(0.04711718663056564+0j)}, 'free': np.float64(-10360.885528856232)}]
------------------------------------------
  Seed: px+i*py
F_onsite: (-2.0057793130541035e-17+7.162950000323752e-17j)
F_swave: (2.7188301768984948e-18-4.683753385137379e-17j), F_dwave: (-1.5537449606285752e-16-3.5214886562329184e-16j)
F_px: (0.0359024478491902+5.0881004443769804e-18j), F_py: (-5.4598420291032115e-18+0.03590244784919044j)
Free_energy = -10367.653693344637
------------------------------------------
[{'stable': {'F_px': np.complex128(0.0359024478491902+5.0881004443769804e-18j), 'F_py': np.complex128(-5.4598420291032115e-18+0.03590244784919044j)}, 'free': np.float64(-10367.653693344637)}]
------------------------------------------
  Seed: d-wave
F_onsite: (4.036700284518389e-17+0j)
F_swave: 0j, F_dwave: (0.046932119928637474+0j)
F_px: 6.124400587589539e-18j, F_py: -1.1403636828928535e-17j
Free_energy = -10402.771458634086
------------------------------------------
[{'stable': {'F_dwave': np.complex128(0.046932119928637474+0j)}, 'free': np.float64(-10402.771458634086)}]
------------------------------------------
  Seed: d-wave+px
F_onsite: (-0.0003717488525340216+2.7252861561433486e-17j)
F_swave: (0.00012881968870436314-4.1988018765436706e-18j), F_dwave: (0.04542742875929554+2.143604146717689e-17j)
F_px: (0.01921271086438712+3.972088214255137e-17j), F_py: (-2.0816681711721685e-17-9.182604771845065e-18j)
Free_energy = -10404.392257418907
------------------------------------------
[{'stable': {'F_dwave': np.complex128(0.04542742875929554+2.143604146717689e-17j), 'F_px': np.complex128(0.01921271086438712+3.972088214255137e-17j)}, 'free': np.float64(-10404.392257418907)}]
------------------------------------------
  Seed: d-wave+py
F_onsite: (0.0003717488525339997-6.186781586304613e-19j)
F_swave: (-0.0001288196887044256-1.4669287157464397e-18j), F_dwave: (0.04542742875929548+3.060716497211972e-17j)
F_px: (4.85722573273506e-17+1.039161195515257e-17j), F_py: (0.019212710864386917+5.552830364843973e-18j)
Free_energy = -10404.392257418926
------------------------------------------
[{'stable': {'F_dwave': np.complex128(0.04542742875929554+2.143604146717689e-17j), 'F_px': np.complex128(0.01921271086438712+3.972088214255137e-17j)}, 'free': np.float64(-10404.392257418907)}, {'stable': {'F_dwave': np.complex128(0.04542742875929548+3.060716497211972e-17j), 'F_py': np.complex128(0.019212710864386917+5.552830364843973e-18j)}, 'free': np.float64(-10404.392257418926)}]
------------------------------------------
====================================
mu=0.99, T=0.0220
====================================
  Seed: normal state
F_onsite: 0j
F_swave: 0j, F_dwave: 0j
F_px: 0j, F_py: 0j
Free_energy = -10319.53008311525
------------------------------------------
[{'stable': {}, 'free': np.float64(-10319.53008311525)}]
------------------------------------------
  Seed: px
F_onsite: 2.2118746052196916e-16j
F_swave: -5.863535284786651e-17j, F_dwave: -7.20219859542376e-16j
F_px: (0.04693606415194139+0j), F_py: (-5.331179047904263e-19+0j)
Free_energy = -10360.663146801313
------------------------------------------
[{'stable': {'F_px': np.complex128(0.04693606415194139+0j)}, 'free': np.float64(-10360.663146801313)}]
------------------------------------------
  Seed: py
F_onsite: 2.226728916136572e-16j
F_swave: -7.304335681088256e-17j, F_dwave: 8.385362009417148e-16j
F_px: (1.4723384769525365e-18+0j), F_py: (0.04693606415194139+0j)
Free_energy = -10360.663146801313
------------------------------------------
[{'stable': {'F_px': np.complex128(0.04693606415194139+0j)}, 'free': np.float64(-10360.663146801313)}, {'stable': {'F_py': np.complex128(0.04693606415194139+0j)}, 'free': np.float64(-10360.663146801313)}]
------------------------------------------
  Seed: px+py
F_onsite: -7.272783703803033e-18j
F_swave: 3.876393343550102e-18j, F_dwave: -5.896958675489714e-17j
F_px: (0.02760258406107692+0j), F_py: (0.027602584633773786+0j)
Free_energy = -10347.952567739381
------------------------------------------
[{'stable': {'F_px': np.complex128(0.04693606415194139+0j)}, 'free': np.float64(-10360.663146801313)}, {'stable': {'F_py': np.complex128(0.04693606415194139+0j)}, 'free': np.float64(-10360.663146801313)}]
------------------------------------------
  Seed: px+i*py
F_onsite: (-2.905492415671701e-17+6.744531606247888e-17j)
F_swave: (2.4028829171057005e-17-6.071532165918825e-17j), F_dwave: (-1.697456011531088e-16-3.5561831257524545e-16j)
F_px: (0.03578987397455355+5.770650181186336e-18j), F_py: (-1.329754376916566e-17+0.035789873974554035j)
Free_energy = -10367.398887931853
------------------------------------------
[{'stable': {'F_px': np.complex128(0.03578987397455355+5.770650181186336e-18j), 'F_py': np.complex128(-1.329754376916566e-17+0.035789873974554035j)}, 'free': np.float64(-10367.398887931853)}]
------------------------------------------
  Seed: d-wave
F_onsite: (-1.2991060779069452e-16+0j)
F_swave: (1.2836953722228372e-16+0j), F_dwave: (0.04688371150438424+0j)
F_px: 2.6805356850042298e-17j, F_py: -1.1479934314269201e-17j
Free_energy = -10402.64745767292
------------------------------------------
[{'stable': {'F_dwave': np.complex128(0.04688371150438424+0j)}, 'free': np.float64(-10402.64745767292)}]
------------------------------------------
  Seed: d-wave+px
F_onsite: (-0.0003489535281499831+3.503725316537812e-18j)
F_swave: (0.0001209248560432117+5.097947202388812e-19j), F_dwave: (0.045479424117421084+1.1337628643227416e-17j)
F_px: (0.018647384490318265+2.4519300952186647e-17j), F_py: (-1.734723475976807e-17-1.3627039585647582e-17j)
Free_energy = -10404.207948541316
------------------------------------------
[{'stable': {'F_dwave': np.complex128(0.045479424117421084+1.1337628643227416e-17j), 'F_px': np.complex128(0.018647384490318265+2.4519300952186647e-17j)}, 'free': np.float64(-10404.207948541316)}]
------------------------------------------
  Seed: d-wave+py
F_onsite: (0.00034895352814975455-1.6074832454314502e-18j)
F_swave: (-0.00012092485604315445+3.467805825618309e-19j), F_dwave: (0.045479424117421015+3.447556444223011e-17j)
F_px: (-1.5959455978986625e-16+3.57405552093952e-18j), F_py: (0.018647384490318053+4.1806899298512095e-18j)
Free_energy = -10404.207948541292
------------------------------------------
[{'stable': {'F_dwave': np.complex128(0.045479424117421084+1.1337628643227416e-17j), 'F_px': np.complex128(0.018647384490318265+2.4519300952186647e-17j)}, 'free': np.float64(-10404.207948541316)}, {'stable': {'F_dwave': np.complex128(0.045479424117421015+3.447556444223011e-17j), 'F_py': np.complex128(0.018647384490318053+4.1806899298512095e-18j)}, 'free': np.float64(-10404.207948541292)}]
------------------------------------------
====================================
mu=0.99, T=0.0250
====================================
  Seed: normal state
F_onsite: 0j
F_swave: 0j, F_dwave: 0j
F_px: 0j, F_py: 0j
Free_energy = -10319.894841229912
------------------------------------------
[{'stable': {}, 'free': np.float64(-10319.894841229912)}]
------------------------------------------
  Seed: px
F_onsite: 1.6256711603913681e-16j
F_swave: -8.259185334616188e-17j, F_dwave: -9.09717673455414e-16j
F_px: (0.046664704382151916+0j), F_py: (1.1092094967642076e-18+0j)
Free_energy = -10360.319600187511
------------------------------------------
[{'stable': {'F_px': np.complex128(0.046664704382151916+0j)}, 'free': np.float64(-10360.319600187511)}]
------------------------------------------
  Seed: py
F_onsite: 2.71606990828163e-16j
F_swave: -9.067535345960568e-17j, F_dwave: 1.062663818702722e-15j
F_px: (3.467772738393807e-19+0j), F_py: (0.04666470438215181+0j)
Free_energy = -10360.319600187491
------------------------------------------
[{'stable': {'F_px': np.complex128(0.046664704382151916+0j)}, 'free': np.float64(-10360.319600187511)}, {'stable': {'F_py': np.complex128(0.04666470438215181+0j)}, 'free': np.float64(-10360.319600187491)}]
------------------------------------------
  Seed: px+py
F_onsite: -1.738778646211787e-17j
F_swave: 6.4118805920374434e-18j, F_dwave: -1.4860377790364967e-16j
F_px: (0.02733841982339484+0j), F_py: (0.02733842596166145+0j)
Free_energy = -10347.611647722673
------------------------------------------
[{'stable': {'F_px': np.complex128(0.046664704382151916+0j)}, 'free': np.float64(-10360.319600187511)}, {'stable': {'F_py': np.complex128(0.04666470438215181+0j)}, 'free': np.float64(-10360.319600187491)}]
------------------------------------------
  Seed: px+i*py
F_onsite: (-3.0647346097555095e-17+1.2770059295218964e-16j)
F_swave: (2.795904881142716e-17-2.7755575615628914e-17j), F_dwave: (-2.36125865928644e-16-5.898059818321144e-16j)
F_px: (0.03560498521364277+4.14887325476997e-18j), F_py: (-3.116128333830164e-18+0.03560498521364332j)
Free_energy = -10366.988166755633
------------------------------------------
[{'stable': {'F_px': np.complex128(0.03560498521364277+4.14887325476997e-18j), 'F_py': np.complex128(-3.116128333830164e-18+0.03560498521364332j)}, 'free': np.float64(-10366.988166755633)}]
------------------------------------------
  Seed: d-wave
F_onsite: (-2.4616134023414555e-17+0j)
F_swave: (-3.469446951953614e-18+0j), F_dwave: (0.046809424540729026+0j)
F_px: 4.1310392407633266e-19j, F_py: -1.2105122384320455e-17j
Free_energy = -10402.460113698018
------------------------------------------
[{'stable': {'F_dwave': np.complex128(0.046809424540729026+0j)}, 'free': np.float64(-10402.460113698018)}]
------------------------------------------
  Seed: d-wave+px
F_onsite: (-0.00031438919603142437+2.2691218563554655e-18j)
F_swave: (0.0001089547935395948+3.595535747086297e-18j), F_dwave: (0.04555153197214275+2.939345940293291e-17j)
F_px: (0.01774420323636524+2.2042258977059853e-17j), F_py: (-3.469446951953614e-18-8.364767991491436e-18j)
Free_energy = -10403.90648894786
------------------------------------------
[{'stable': {'F_dwave': np.complex128(0.04555153197214275+2.939345940293291e-17j), 'F_px': np.complex128(0.01774420323636524+2.2042258977059853e-17j)}, 'free': np.float64(-10403.90648894786)}]
------------------------------------------
  Seed: d-wave+py
F_onsite: (0.00031438919603143364-1.3998807640153415e-18j)
F_swave: (-0.00010895479353961388+4.796324063827476e-19j), F_dwave: (0.04555153197214276+2.0531536010962405e-17j)
F_px: (1.734723475976807e-17+8.462401773552295e-18j), F_py: (0.017744203236365254+8.199675976115653e-19j)
Free_energy = -10403.90648894789
------------------------------------------
[{'stable': {'F_dwave': np.complex128(0.04555153197214275+2.939345940293291e-17j), 'F_px': np.complex128(0.01774420323636524+2.2042258977059853e-17j)}, 'free': np.float64(-10403.90648894786)}, {'stable': {'F_dwave': np.complex128(0.04555153197214276+2.0531536010962405e-17j), 'F_py': np.complex128(0.017744203236365254+8.199675976115653e-19j)}, 'free': np.float64(-10403.90648894789)}]
------------------------------------------
====================================
mu=0.99, T=0.0280
====================================
  Seed: normal state
F_onsite: 0j
F_swave: 0j, F_dwave: 0j
F_px: 0j, F_py: 0j
Free_energy = -10320.307374316395
------------------------------------------
[{'stable': {}, 'free': np.float64(-10320.307374316395)}]
------------------------------------------
  Seed: px
F_onsite: 2.4794740184765985e-16j
F_swave: -7.700008593552381e-17j, F_dwave: -1.184852371220434e-15j
F_px: (0.04628299772759593+0j), F_py: (1.2632040570419796e-19+0j)
Free_energy = -10359.832459643845
------------------------------------------
[{'stable': {'F_px': np.complex128(0.04628299772759593+0j)}, 'free': np.float64(-10359.832459643845)}]
------------------------------------------
  Seed: py
F_onsite: 3.40493004054803e-16j
F_swave: -1.1336487795726583e-16j, F_dwave: 1.3628084083150665e-15j
F_px: (8.590800056955226e-19+0j), F_py: (0.04628299772759583+0j)
Free_energy = -10359.83245964384
------------------------------------------
[{'stable': {'F_px': np.complex128(0.04628299772759593+0j)}, 'free': np.float64(-10359.832459643845)}, {'stable': {'F_py': np.complex128(0.04628299772759583+0j)}, 'free': np.float64(-10359.83245964384)}]
------------------------------------------
  Seed: px+py
F_onsite: 2.430984558619842e-19j
F_swave: 9.325091595440999e-18j, F_dwave: -3.6354421162094076e-16j
F_px: (0.027010590710922586+0j), F_py: (0.02701065569991687+0j)
Free_energy = -10347.199020811257
------------------------------------------
[{'stable': {'F_px': np.complex128(0.04628299772759593+0j)}, 'free': np.float64(-10359.832459643845)}, {'stable': {'F_py': np.complex128(0.04628299772759583+0j)}, 'free': np.float64(-10359.83245964384)}]
------------------------------------------
  Seed: px+i*py
F_onsite: (-4.8443349500690335e-17+1.0643307795429185e-16j)
F_swave: (2.2407144888869244e-17+1.5612511283791264e-17j), F_dwave: (-4.248629913154885e-16-8.795048023202412e-16j)
F_px: (0.03532893952859963-7.552066348380537e-18j), F_py: (5.1574247971538246e-18+0.03532893952859984j)
Free_energy = -10366.384225264874
------------------------------------------
[{'stable': {'F_px': np.complex128(0.03532893952859963-7.552066348380537e-18j), 'F_py': np.complex128(5.1574247971538246e-18+0.03532893952859984j)}, 'free': np.float64(-10366.384225264874)}]
------------------------------------------
  Seed: d-wave
F_onsite: (-2.917974901987371e-17+0j)
F_swave: (-9.020562075079397e-17+0j), F_dwave: (0.04670308155431878+0j)
F_px: -1.4230678773561217e-18j, F_py: -1.0508445426411397e-17j
Free_energy = -10402.193346665592
------------------------------------------
[{'stable': {'F_dwave': np.complex128(0.04670308155431878+0j)}, 'free': np.float64(-10402.193346665592)}]
------------------------------------------
  Seed: d-wave+px
F_onsite: (-0.0002670453027469243+1.916120875587236e-18j)
F_swave: (9.25577015123552e-05+3.166652525644903e-18j), F_dwave: (0.04564016439600839+4.148287610896282e-17j)
F_px: (0.016407610312794876+1.2198055298960175e-17j), F_py: (6.938893903907228e-18-9.574886905542213e-18j)
Free_energy = -10403.460329223557
------------------------------------------
[{'stable': {'F_dwave': np.complex128(0.04564016439600839+4.148287610896282e-17j), 'F_px': np.complex128(0.016407610312794876+1.2198055298960175e-17j)}, 'free': np.float64(-10403.460329223557)}]
------------------------------------------
  Seed: d-wave+py
F_onsite: (0.0002670453027468558-6.628562207856934e-19j)
F_swave: (-9.255770151228061e-05+1.3882803831048978e-18j), F_dwave: (0.04564016439600841+1.999857361612714e-17j)
F_px: (4.163336342344337e-17+1.601647982518256e-17j), F_py: (0.01640761031279495-7.800114653028038e-19j)
Free_energy = -10403.460329223635
------------------------------------------
[{'stable': {'F_dwave': np.complex128(0.04564016439600839+4.148287610896282e-17j), 'F_px': np.complex128(0.016407610312794876+1.2198055298960175e-17j)}, 'free': np.float64(-10403.460329223557)}, {'stable': {'F_dwave': np.complex128(0.04564016439600841+1.999857361612714e-17j), 'F_py': np.complex128(0.01640761031279495-7.800114653028038e-19j)}, 'free': np.float64(-10403.460329223635)}]
------------------------------------------
====================================
mu=0.99, T=0.0310
====================================
  Seed: normal state
F_onsite: 0j
F_swave: 0j, F_dwave: 0j
F_px: 0j, F_py: 0j
Free_energy = -10320.76806413744
------------------------------------------
[{'stable': {}, 'free': np.float64(-10320.76806413744)}]
------------------------------------------
  Seed: px
F_onsite: 4.596276586905283e-16j
F_swave: -1.4628748690004398e-16j, F_dwave: -1.6626027233339417e-15j
F_px: (0.04576948337828789+0j), F_py: (-1.2561366258883266e-18+0j)
Free_energy = -10359.178028271543
------------------------------------------
[{'stable': {'F_px': np.complex128(0.04576948337828789+0j)}, 'free': np.float64(-10359.178028271543)}]
------------------------------------------
  Seed: py
F_onsite: 4.3955631303283123e-16j
F_swave: -1.4681860302775203e-16j, F_dwave: 1.8456182470412018e-15j
F_px: (7.1892914014943805e-19+0j), F_py: (0.04576948337828762+0j)
Free_energy = -10359.178028271575
------------------------------------------
[{'stable': {'F_px': np.complex128(0.04576948337828789+0j)}, 'free': np.float64(-10359.178028271543)}, {'stable': {'F_py': np.complex128(0.04576948337828762+0j)}, 'free': np.float64(-10359.178028271575)}]
------------------------------------------
  Seed: px+py
F_onsite: -2.9196166900671665e-18j
F_swave: 9.850463780975479e-18j, F_dwave: -1.1712624952053472e-15j
F_px: (0.026610191449988795+0j), F_py: (0.02661094212530537+0j)
Free_energy = -10346.70651975646
------------------------------------------
[{'stable': {'F_px': np.complex128(0.04576948337828789+0j)}, 'free': np.float64(-10359.178028271543)}, {'stable': {'F_py': np.complex128(0.04576948337828762+0j)}, 'free': np.float64(-10359.178028271575)}]
------------------------------------------
  Seed: px+i*py
F_onsite: (-7.828013800728227e-17+2.374130119013357e-16j)
F_swave: (3.0986655584824347e-17-5.0306980803327406e-17j), F_dwave: (-7.769177502548514e-16-1.6844164951734797e-15j)
F_px: (0.03494773965331356+2.627097832199834e-17j), F_py: (-1.5458258643162375e-17+0.034947739653313756j)
Free_energy = -10365.566914558101
------------------------------------------
[{'stable': {'F_px': np.complex128(0.03494773965331356+2.627097832199834e-17j), 'F_py': np.complex128(-1.5458258643162375e-17+0.034947739653313756j)}, 'free': np.float64(-10365.566914558101)}]
------------------------------------------
  Seed: d-wave
F_onsite: (5.008525669449379e-18+0j)
F_swave: (5.204170427930421e-17+0j), F_dwave: (0.046559122867456504+0j)
F_px: 1.1244883498586745e-17j, F_py: -1.1836892527087885e-17j
Free_energy = -10401.833819484134
------------------------------------------
[{'stable': {'F_dwave': np.complex128(0.046559122867456504+0j)}, 'free': np.float64(-10401.833819484134)}]
------------------------------------------
  Seed: d-wave+px
F_onsite: (-0.00020655568059190686-1.1182846607006493e-17j)
F_swave: (7.160332262405068e-05+8.57759825437888e-19j), F_dwave: (0.04573997115356889+4.5987781134265417e-17j)
F_px: (0.014489573844941744+1.8562038824808348e-17j), F_py: (4.5102810375396984e-17-8.356827057610927e-18j)
Free_energy = -10402.84481977583
------------------------------------------
[{'stable': {'F_dwave': np.complex128(0.04573997115356889+4.5987781134265417e-17j), 'F_px': np.complex128(0.014489573844941744+1.8562038824808348e-17j)}, 'free': np.float64(-10402.84481977583)}]
------------------------------------------
  Seed: d-wave+py
F_onsite: (0.00020655568059188494-4.776471729126203e-20j)
F_swave: (-7.160332262395354e-05+2.329075907153309e-19j), F_dwave: (0.04573997115356893+2.7312140632851486e-17j)
F_px: (-1.0408340855860843e-17+2.6666317715239485e-18j), F_py: (0.014489573844942195-2.2601221312908886e-19j)
Free_energy = -10402.844819775853
------------------------------------------
[{'stable': {'F_dwave': np.complex128(0.04573997115356889+4.5987781134265417e-17j), 'F_px': np.complex128(0.014489573844941744+1.8562038824808348e-17j)}, 'free': np.float64(-10402.84481977583)}, {'stable': {'F_dwave': np.complex128(0.04573997115356893+2.7312140632851486e-17j), 'F_py': np.complex128(0.014489573844942195-2.2601221312908886e-19j)}, 'free': np.float64(-10402.844819775853)}]
------------------------------------------
====================================
mu=0.99, T=0.0340
====================================
  Seed: normal state
F_onsite: 0j
F_swave: 0j, F_dwave: 0j
F_px: 0j, F_py: 0j
Free_energy = -10321.27709137312
------------------------------------------
[{'stable': {}, 'free': np.float64(-10321.27709137312)}]
------------------------------------------
  Seed: px
F_onsite: 4.894881641196434e-16j
F_swave: -2.064374670064992e-16j, F_dwave: -2.4588437104830523e-15j
F_px: (0.04510629836598172+0j), F_py: (2.562969497158803e-18+0j)
Free_energy = -10358.342489985307
------------------------------------------
[{'stable': {'F_px': np.complex128(0.04510629836598172+0j)}, 'free': np.float64(-10358.342489985307)}]
------------------------------------------
  Seed: py
F_onsite: 6.10670785603152e-16j
F_swave: -2.0621572966277577e-16j, F_dwave: 2.710171435534747e-15j
F_px: (1.5606714402058492e-18+0j), F_py: (0.045106298365981616+0j)
Free_energy = -10358.342489985267
------------------------------------------
[{'stable': {'F_px': np.complex128(0.04510629836598172+0j)}, 'free': np.float64(-10358.342489985307)}, {'stable': {'F_py': np.complex128(0.045106298365981616+0j)}, 'free': np.float64(-10358.342489985267)}]
------------------------------------------
  Seed: px+py
F_onsite: -1.8672074061717325e-15j
F_swave: 7.840950111415168e-16j, F_dwave: -0.046369522336718746j
F_px: (2.994783762692103e-17+0j), F_py: (2.9159249172061333e-08+0j)
Free_energy = -10401.357922707477
------------------------------------------
[{'stable': {'F_dwave': np.complex128(-0.046369522336718746j)}, 'free': np.float64(-10401.357922707477)}]
------------------------------------------
  Seed: px+i*py
F_onsite: (-1.8742594485427443e-16+4.1778661337633005e-16j)
F_swave: (5.462378495733544e-17-1.6653345369377348e-16j), F_dwave: (-1.5673026560091112e-15-3.3792413312028202e-15j)
F_px: (0.03444783824230458+6.0775805105578126e-18j), F_py: (-2.351632129840895e-17+0.03444783824230485j)
Free_energy = -10364.5200049905
------------------------------------------
[{'stable': {'F_dwave': np.complex128(-0.046369522336718746j)}, 'free': np.float64(-10401.357922707477)}]
------------------------------------------
  Seed: d-wave
F_onsite: (-5.649405355720764e-18+0j)
F_swave: (-1.0755285551056204e-16+0j), F_dwave: (0.04637212633878011+0j)
F_px: 8.611513900264473e-18j, F_py: -1.205950502789938e-17j
Free_energy = -10401.36899013763
------------------------------------------
[{'stable': {'F_dwave': np.complex128(-0.046369522336718746j)}, 'free': np.float64(-10401.357922707477)}, {'stable': {'F_dwave': np.complex128(0.04637212633878011+0j)}, 'free': np.float64(-10401.36899013763)}]
------------------------------------------
  Seed: d-wave+px
F_onsite: (-0.00013307427937615985+5.216134768310388e-19j)
F_swave: (4.6140173299309e-05-2.521458265298442e-18j), F_dwave: (0.045844787019149014+3.1946290974504266e-17j)
F_px: (0.011687563365424466+1.4837985680310912e-17j), F_py: -1.2041294646714026e-17j
Free_energy = -10402.038989856905
------------------------------------------
[{'stable': {'F_dwave': np.complex128(0.045844787019149014+3.1946290974504266e-17j), 'F_px': np.complex128(0.011687563365424466+1.4837985680310912e-17j)}, 'free': np.float64(-10402.038989856905)}]
------------------------------------------
  Seed: d-wave+py
F_onsite: (0.0001330742793760511+2.4796889530869642e-19j)
F_swave: (-4.614017329937145e-05-1.1029824811129084e-18j), F_dwave: (0.04584478701914908-2.4510241670117966e-17j)
F_px: 7.579773590178613e-18j, F_py: (0.011687563365423474-1.4838634189911153e-17j)
Free_energy = -10402.038989856981
------------------------------------------
[{'stable': {'F_dwave': np.complex128(0.045844787019149014+3.1946290974504266e-17j), 'F_px': np.complex128(0.011687563365424466+1.4837985680310912e-17j)}, 'free': np.float64(-10402.038989856905)}, {'stable': {'F_dwave': np.complex128(0.04584478701914908-2.4510241670117966e-17j), 'F_py': np.complex128(0.011687563365423474-1.4838634189911153e-17j)}, 'free': np.float64(-10402.038989856981)}]
------------------------------------------
====================================
mu=0.99, T=0.0370
====================================
  Seed: normal state
F_onsite: 0j
F_swave: 0j, F_dwave: 0j
F_px: 0j, F_py: 0j
Free_energy = -10321.834507264257
------------------------------------------
[{'stable': {}, 'free': np.float64(-10321.834507264257)}]
------------------------------------------
  Seed: px
F_onsite: 9.494704649172753e-16j
F_swave: -2.8534120655141783e-16j, F_dwave: -3.8708255312900036e-15j
F_px: (0.04427508578988054+0j), F_py: (1.638287451442925e-18+0j)
Free_energy = -10357.314468762603
------------------------------------------
[{'stable': {'F_px': np.complex128(0.04427508578988054+0j)}, 'free': np.float64(-10357.314468762603)}]
------------------------------------------
  Seed: py
F_onsite: 9.48704111858247e-16j
F_swave: -3.18703557942719e-16j, F_dwave: 4.452417516995238e-15j
F_px: (1.6705574214998436e-18+0j), F_py: (0.04427508578988065+0j)
Free_energy = -10357.314468762626
------------------------------------------
[{'stable': {'F_px': np.complex128(0.04427508578988054+0j)}, 'free': np.float64(-10357.314468762603)}, {'stable': {'F_py': np.complex128(0.04427508578988065+0j)}, 'free': np.float64(-10357.314468762626)}]
------------------------------------------
  Seed: px+py
F_onsite: -1.1608944855578736e-16j
F_swave: -7.28583859910259e-17j, F_dwave: -0.04613684051651909j
F_px: (3.8639260138060626e-17+0j), F_py: (1.5003249119984084e-09+0j)
Free_energy = -10400.78737908481
------------------------------------------
[{'stable': {'F_dwave': np.complex128(-0.04613684051651909j)}, 'free': np.float64(-10400.78737908481)}]
------------------------------------------
  Seed: px+i*py
F_onsite: (-4.2591400038435347e-16+1.122683302795741e-15j)
F_swave: (1.5092184238248867e-16-2.8449465006019636e-16j), F_dwave: (-4.182419200552588e-15-9.086481567166516e-15j)
F_px: (0.03381598240008313+2.4447051688763816e-17j), F_py: (-1.2493630092882523e-17+0.03381598240008328j)
Free_energy = -10363.23227411225
------------------------------------------
[{'stable': {'F_dwave': np.complex128(-0.04613684051651909j)}, 'free': np.float64(-10400.78737908481)}]
------------------------------------------
  Seed: d-wave
F_onsite: (-1.9832674272473504e-17+0j)
F_swave: (1.1102230246251565e-16+0j), F_dwave: (0.04613686928776312+0j)
F_px: 3.1536178135522925e-19j, F_py: -1.2088771505152119e-17j
Free_energy = -10400.78749999195
------------------------------------------
[{'stable': {'F_dwave': np.complex128(-0.04613684051651909j)}, 'free': np.float64(-10400.78737908481)}, {'stable': {'F_dwave': np.complex128(0.04613686928776312+0j)}, 'free': np.float64(-10400.78749999195)}]
------------------------------------------
  Seed: d-wave+px
F_onsite: (-4.755804559528654e-05-1.7008818627560376e-19j)
F_swave: (1.6494055601746008e-05+2.3938970886754144e-18j), F_dwave: (0.045946714162003445+1.5618417353364892e-17j)
F_px: (0.00702714562327119+1.8623508270488388e-17j), F_py: (-3.122502256758253e-17-1.0240429808957478e-17j)
Free_energy = -10401.028012720197
------------------------------------------
[{'stable': {'F_dwave': np.complex128(0.045946714162003445+1.5618417353364892e-17j), 'F_px': np.complex128(0.00702714562327119+1.8623508270488388e-17j)}, 'free': np.float64(-10401.028012720197)}]
------------------------------------------
  Seed: d-wave+py
F_onsite: (4.7558045595217e-05+1.1669930256347119e-18j)
F_swave: (-1.649405560160376e-05-5.722157544956028e-18j), F_dwave: (0.04594671416200348-2.621215916300092e-17j)
F_px: (1.0408340855860843e-17+9.855450025707949e-18j), F_py: (0.0070271456232707565-1.683666910719829e-17j)
Free_energy = -10401.028012720195
------------------------------------------
[{'stable': {'F_dwave': np.complex128(0.045946714162003445+1.5618417353364892e-17j), 'F_px': np.complex128(0.00702714562327119+1.8623508270488388e-17j)}, 'free': np.float64(-10401.028012720197)}, {'stable': {'F_dwave': np.complex128(0.04594671416200348-2.621215916300092e-17j), 'F_py': np.complex128(0.0070271456232707565-1.683666910719829e-17j)}, 'free': np.float64(-10401.028012720195)}]
------------------------------------------
====================================
mu=0.99, T=0.0400
====================================
  Seed: normal state
F_onsite: 0j
F_swave: 0j, F_dwave: 0j
F_px: 0j, F_py: 0j
Free_energy = -10322.440289465721
------------------------------------------
[{'stable': {}, 'free': np.float64(-10322.440289465721)}]
------------------------------------------
  Seed: px
F_onsite: 1.4341676518685707e-15j
F_swave: -4.792372655128534e-16j, F_dwave: -7.290936678653877e-15j
F_px: (0.043256664410494035+0j), F_py: (1.2805053667341387e-18+0j)
Free_energy = -10356.08594675168
------------------------------------------
[{'stable': {'F_px': np.complex128(0.043256664410494035+0j)}, 'free': np.float64(-10356.08594675168)}]
------------------------------------------
  Seed: py
F_onsite: 1.6742461176362381e-15j
F_swave: -5.647304714011573e-16j, F_dwave: 8.452185709175461e-15j
F_px: (1.791815481855217e-18+0j), F_py: (0.04325666441049355+0j)
Free_energy = -10356.085946751666
------------------------------------------
[{'stable': {'F_px': np.complex128(0.043256664410494035+0j)}, 'free': np.float64(-10356.08594675168)}, {'stable': {'F_py': np.complex128(0.04325666441049355+0j)}, 'free': np.float64(-10356.085946751666)}]
------------------------------------------
  Seed: px+py
F_onsite: -2.5155593386042163e-17j
F_swave: 1.97758476261356e-16j, F_dwave: -0.04584837040952032j
F_px: (1.1130739915534578e-19+0j), F_py: (6.592079455503386e-11+0j)
Free_energy = -10400.079491887243
------------------------------------------
[{'stable': {'F_dwave': np.complex128(-0.04584837040952032j)}, 'free': np.float64(-10400.079491887243)}]
------------------------------------------
  Seed: px+i*py
F_onsite: (-1.280748650478458e-15+2.795099088112081e-15j)
F_swave: (4.444927614924252e-16-9.332812300755222e-16j), F_dwave: (-1.3534716111213412e-14-2.90878432451791e-14j)
F_px: (0.03303827410468074-3.9550350587467436e-18j), F_py: (-1.3335488198224692e-17+0.03303827410468091j)
Free_energy = -10361.696418928004
------------------------------------------
[{'stable': {'F_dwave': np.complex128(-0.04584837040952032j)}, 'free': np.float64(-10400.079491887243)}]
------------------------------------------
  Seed: d-wave
F_onsite: (2.168927064181929e-17+0j)
F_swave: (-1.2836953722228372e-16+0j), F_dwave: (0.04584837067359704+0j)
F_px: 8.102920399583564e-18j, F_py: -1.319413115003696e-17j
Free_energy = -10400.079492982088
------------------------------------------
[{'stable': {'F_dwave': np.complex128(-0.04584837040952032j)}, 'free': np.float64(-10400.079491887243)}, {'stable': {'F_dwave': np.complex128(0.04584837067359704+0j)}, 'free': np.float64(-10400.079492982088)}]
------------------------------------------
  Seed: d-wave+px
F_onsite: (-1.5793387397477946e-13+6.047806939277836e-19j)
F_swave: (5.499246891194076e-14+1.1131740708503912e-18j), F_dwave: (0.04584568244161679-2.3881295201556002e-17j)
F_px: (4.0769913573282524e-07+3.0365082605050473e-17j), F_py: (-1.0061396160665481e-16-1.2239649144676421e-17j)
Free_energy = -10400.068348928311
------------------------------------------
[{'stable': {'F_dwave': np.complex128(-0.04584837040952032j)}, 'free': np.float64(-10400.079491887243)}, {'stable': {'F_dwave': np.complex128(0.04584837067359704+0j)}, 'free': np.float64(-10400.079492982088)}]
------------------------------------------
  Seed: d-wave+py
F_onsite: (2.2574878377788713e-13-2.288391652341522e-18j)
F_swave: (-7.843378724281536e-14+5.652139151698438e-18j), F_dwave: (0.04584568244134301-1.330981770256939e-16j)
F_px: (-6.591949208711867e-17+7.34523745734006e-18j), F_py: (4.875283972985422e-07-1.424113788231375e-17j)
Free_energy = -10400.068348928671
------------------------------------------
[{'stable': {'F_dwave': np.complex128(-0.04584837040952032j)}, 'free': np.float64(-10400.079491887243)}, {'stable': {'F_dwave': np.complex128(0.04584837067359704+0j)}, 'free': np.float64(-10400.079492982088)}]
------------------------------------------
====================================
mu=0.99, T=0.0430
====================================
  Seed: normal state
F_onsite: 0j
F_swave: 0j, F_dwave: 0j
F_px: 0j, F_py: 0j
Free_energy = -10323.094380538161
------------------------------------------
[{'stable': {}, 'free': np.float64(-10323.094380538161)}]
------------------------------------------
  Seed: px
F_onsite: 3.038496864241801e-15j
F_swave: -1.0585048604619239e-15j, F_dwave: -1.708946783731179e-14j
F_px: (0.042028819600334756+0j), F_py: (1.1312522057275206e-18+0j)
Free_energy = -10354.650086550364
------------------------------------------
[{'stable': {'F_px': np.complex128(0.042028819600334756+0j)}, 'free': np.float64(-10354.650086550364)}]
------------------------------------------
  Seed: py
F_onsite: 3.613051859039924e-15j
F_swave: -1.2188421887371933e-15j, F_dwave: 1.9832815250519662e-14j
F_px: (6.637098711778481e-19+0j), F_py: (0.04202881960033459+0j)
Free_energy = -10354.6500865504
------------------------------------------
[{'stable': {'F_px': np.complex128(0.042028819600334756+0j)}, 'free': np.float64(-10354.650086550364)}, {'stable': {'F_py': np.complex128(0.04202881960033459+0j)}, 'free': np.float64(-10354.6500865504)}]
------------------------------------------
  Seed: px+py
F_onsite: -9.636594973212575e-17j
F_swave: 1.3530843112619095e-16j, F_dwave: -0.04550188036576458j
F_px: (1.8257695871698424e-17+0j), F_py: (2.491577754562002e-12+0j)
Free_energy = -10399.236744378342
------------------------------------------
[{'stable': {'F_dwave': np.complex128(-0.04550188036576458j)}, 'free': np.float64(-10399.236744378342)}]
------------------------------------------
  Seed: px+i*py
F_onsite: (-4.5911888835076e-15+9.775970462577575e-15j)
F_swave: (1.5480083108792872e-15-3.256075964408467e-15j), F_dwave: (-5.3842982217676114e-14-1.156488099729458e-13j)
F_px: (0.0320991102168182-4.457280597843221e-17j), F_py: (2.2243693999828766e-17+0.03209911021681815j)
Free_energy = -10359.908169900715
------------------------------------------
[{'stable': {'F_dwave': np.complex128(-0.04550188036576458j)}, 'free': np.float64(-10399.236744378342)}]
------------------------------------------
  Seed: d-wave
F_onsite: (-2.161649918961146e-17+0j)
F_swave: (1.0408340855860843e-16+0j), F_dwave: (0.04550188036784177+0j)
F_px: 7.274237060139289e-18j, F_py: -1.0870439514799304e-17j
Free_energy = -10399.236744386872
------------------------------------------
[{'stable': {'F_dwave': np.complex128(-0.04550188036576458j)}, 'free': np.float64(-10399.236744378342)}, {'stable': {'F_dwave': np.complex128(0.04550188036784177+0j)}, 'free': np.float64(-10399.236744386872)}]
------------------------------------------
  Seed: d-wave+px
F_onsite: (-6.65401725406334e-14-1.744308812603329e-19j)
F_swave: (2.3299071005844496e-14+2.199465392380217e-18j), F_dwave: (0.045499113349849296-2.4714073655506905e-17j)
F_px: (2.667572052313105e-07+1.0259143867809128e-17j), F_py: (5.204170427930421e-17-1.568762928490518e-17j)
Free_energy = -10399.225454506337
------------------------------------------
[{'stable': {'F_dwave': np.complex128(-0.04550188036576458j)}, 'free': np.float64(-10399.236744378342)}, {'stable': {'F_dwave': np.complex128(0.04550188036784177+0j)}, 'free': np.float64(-10399.236744386872)}]
------------------------------------------
  Seed: d-wave+py
F_onsite: (6.873371280688657e-14+1.4120231251337985e-18j)
F_swave: (-2.393224507457603e-14-7.148870017249562e-19j), F_dwave: (0.04549911304244089-1.3163519137652992e-16j)
F_px: (4.85722573273506e-17+2.811766873304578e-17j), F_py: (2.71149657532499e-07-1.2304475832927273e-17j)
Free_energy = -10399.225453252124
------------------------------------------
[{'stable': {'F_dwave': np.complex128(-0.04550188036576458j)}, 'free': np.float64(-10399.236744378342)}, {'stable': {'F_dwave': np.complex128(0.04550188036784177+0j)}, 'free': np.float64(-10399.236744386872)}]
------------------------------------------
====================================
mu=0.99, T=0.0460
====================================
  Seed: normal state
F_onsite: 0j
F_swave: 0j, F_dwave: 0j
F_px: 0j, F_py: 0j
Free_energy = -10323.796712315781
------------------------------------------
[{'stable': {}, 'free': np.float64(-10323.796712315781)}]
------------------------------------------
  Seed: px
F_onsite: 1.868267690064507e-15j
F_swave: -1.0130785099704553e-15j, F_dwave: -0.045089927673453385j
F_px: (2.813016084558786e-08+0j), F_py: (-1.1763626508613016e-17+0j)
Free_energy = -10398.241038039943
------------------------------------------
[{'stable': {'F_dwave': np.complex128(-0.045089927673453385j)}, 'free': np.float64(-10398.241038039943)}]
------------------------------------------
  Seed: py
F_onsite: 1.8104371611767635e-15j
F_swave: -6.730727086790012e-16j, F_dwave: 0.04508992767123107j
F_px: (6.7956600959294545e-18+0j), F_py: (2.889683482631725e-08+0j)
Free_energy = -10398.241038031078
------------------------------------------
[{'stable': {'F_dwave': np.complex128(-0.045089927673453385j)}, 'free': np.float64(-10398.241038039943)}, {'stable': {'F_dwave': np.complex128(0.04508992767123107j)}, 'free': np.float64(-10398.241038031078)}]
------------------------------------------
  Seed: px+py
F_onsite: 7.908929793196895e-17j
F_swave: -2.42861286636753e-17j, F_dwave: -0.045092823877297704j
F_px: (9.530643386725984e-18+0j), F_py: (8.163739327019124e-14+0j)
Free_energy = -10398.25264110257
------------------------------------------
[{'stable': {'F_dwave': np.complex128(-0.045089927673453385j)}, 'free': np.float64(-10398.241038039943)}, {'stable': {'F_dwave': np.complex128(0.04508992767123107j)}, 'free': np.float64(-10398.241038031078)}]
------------------------------------------
  Seed: px+i*py
F_onsite: (-1.2561071891312999e-14-3.143459740003535e-14j)
F_swave: (4.4278816724308e-15+1.1012024625500771e-14j), F_dwave: (-0.016786491092013557-0.04184871920897883j)
F_px: (7.890789296277623e-09+1.967173621914009e-08j), F_py: (7.188929313471648e-08+1.7921999458797577e-07j)
Free_energy = -10398.241038263584
------------------------------------------
[{'stable': {'F_dwave': np.complex128(-0.045089927673453385j)}, 'free': np.float64(-10398.241038039943)}, {'stable': {'F_dwave': np.complex128(0.04508992767123107j)}, 'free': np.float64(-10398.241038031078)}, {'stable': {'F_dwave': np.complex128(-0.016786491092013557-0.04184871920897883j)}, 'free': np.float64(-10398.241038263584)}]
------------------------------------------
  Seed: d-wave
F_onsite: (3.0952595595921863e-17+0j)
F_swave: (-3.469446951953614e-17+0j), F_dwave: (0.045092823877312276+0j)
F_px: 1.448966240590667e-17j, F_py: -8.654685697204534e-18j
Free_energy = -10398.252641102623
------------------------------------------
[{'stable': {'F_dwave': np.complex128(-0.045089927673453385j)}, 'free': np.float64(-10398.241038039943)}, {'stable': {'F_dwave': np.complex128(0.04508992767123107j)}, 'free': np.float64(-10398.241038031078)}, {'stable': {'F_dwave': np.complex128(-0.016786491092013557-0.04184871920897883j)}, 'free': np.float64(-10398.241038263584)}, {'stable': {'F_dwave': np.complex128(0.045092823877312276+0j)}, 'free': np.float64(-10398.252641102623)}]
------------------------------------------
  Seed: d-wave+px
F_onsite: (-3.553351724534875e-14+1.7282612243764646e-18j)
F_swave: (1.2470927068797266e-14-7.025904676506667e-19j), F_dwave: (0.045091188731787565-3.7419137006619847e-17j)
F_px: (1.9674656345086694e-07+9.741737067561558e-18j), F_py: (3.8163916471489756e-17-1.2627171604287576e-17j)
Free_energy = -10398.246090069972
------------------------------------------
[{'stable': {'F_dwave': np.complex128(-0.045089927673453385j)}, 'free': np.float64(-10398.241038039943)}, {'stable': {'F_dwave': np.complex128(0.04508992767123107j)}, 'free': np.float64(-10398.241038031078)}, {'stable': {'F_dwave': np.complex128(-0.016786491092013557-0.04184871920897883j)}, 'free': np.float64(-10398.241038263584)}, {'stable': {'F_dwave': np.complex128(0.045092823877312276+0j)}, 'free': np.float64(-10398.252641102623)}]
------------------------------------------
  Seed: d-wave+py
F_onsite: (3.5676878973384527e-14-2.7173320550661396e-18j)
F_swave: (-1.252296877307657e-14+3.0855703194679844e-19j), F_dwave: (0.045090885621340254-1.160756423994089e-16j)
F_px: (4.85722573273506e-17+1.4531971452256148e-17j), F_py: (1.9716366434288646e-07-1.1929824822553836e-17j)
Free_energy = -10398.244875733448
------------------------------------------
[{'stable': {'F_dwave': np.complex128(-0.045089927673453385j)}, 'free': np.float64(-10398.241038039943)}, {'stable': {'F_dwave': np.complex128(0.04508992767123107j)}, 'free': np.float64(-10398.241038031078)}, {'stable': {'F_dwave': np.complex128(-0.016786491092013557-0.04184871920897883j)}, 'free': np.float64(-10398.241038263584)}, {'stable': {'F_dwave': np.complex128(0.045092823877312276+0j)}, 'free': np.float64(-10398.252641102623)}]
------------------------------------------
====================================
mu=0.99, T=0.0490
====================================
  Seed: normal state
F_onsite: 0j
F_swave: 0j, F_dwave: 0j
F_px: 0j, F_py: 0j
Free_energy = -10324.547220168106
------------------------------------------
[{'stable': {}, 'free': np.float64(-10324.547220168106)}]
------------------------------------------
  Seed: px
F_onsite: -2.5035688914355517e-17j
F_swave: 1.2836953722228372e-16j, F_dwave: -0.044616696920085644j
F_px: (8.059917296220957e-10+0j), F_py: (-1.2966865812831197e-17+0j)
Free_energy = -10397.121997831564
------------------------------------------
[{'stable': {'F_dwave': np.complex128(-0.044616696920085644j)}, 'free': np.float64(-10397.121997831564)}]
------------------------------------------
  Seed: py
F_onsite: 3.5452634001388605e-17j
F_swave: -7.632783294297951e-17j, F_dwave: 0.0446166969200715j
F_px: (-1.6500527285605923e-17+0j), F_py: (8.279586439289638e-10+0j)
Free_energy = -10397.121997831515
------------------------------------------
[{'stable': {'F_dwave': np.complex128(-0.044616696920085644j)}, 'free': np.float64(-10397.121997831564)}, {'stable': {'F_dwave': np.complex128(0.0446166969200715j)}, 'free': np.float64(-10397.121997831515)}]
------------------------------------------
  Seed: px+py
F_onsite: -1.4377676213037403e-17j
F_swave: -4.5102810375396984e-17j, F_dwave: -0.04461671542279065j
F_px: (2.325599432474871e-17+0j), F_py: (2.325200202851209e-15+0j)
Free_energy = -10397.12207044284
------------------------------------------
[{'stable': {'F_dwave': np.complex128(-0.044616696920085644j)}, 'free': np.float64(-10397.121997831564)}, {'stable': {'F_dwave': np.complex128(0.0446166969200715j)}, 'free': np.float64(-10397.121997831515)}]
------------------------------------------
  Seed: px+i*py
F_onsite: (-5.705944370256075e-15-1.420688137499486e-14j)
F_swave: (1.981921571303502e-15+5.074066167232161e-15j), F_dwave: (-0.01661031239412842-0.04140950574751273j)
F_px: (5.372323204355656e-09+1.3393200548605932e-08j), F_py: (4.894472502466052e-08+1.2201919064383504e-07j)
Free_energy = -10397.121997832995
------------------------------------------
[{'stable': {'F_dwave': np.complex128(-0.044616696920085644j)}, 'free': np.float64(-10397.121997831564)}, {'stable': {'F_dwave': np.complex128(0.0446166969200715j)}, 'free': np.float64(-10397.121997831515)}, {'stable': {'F_dwave': np.complex128(-0.01661031239412842-0.04140950574751273j)}, 'free': np.float64(-10397.121997832995)}]
------------------------------------------
  Seed: d-wave
F_onsite: (4.750500904869998e-17+0j)
F_swave: (-2.7755575615628914e-17+0j), F_dwave: (0.04461671542279071+0j)
F_px: 1.1998440900719491e-17j, F_py: -1.137005577760072e-17j
Free_energy = -10397.122070442838
------------------------------------------
[{'stable': {'F_dwave': np.complex128(-0.044616696920085644j)}, 'free': np.float64(-10397.121997831564)}, {'stable': {'F_dwave': np.complex128(0.0446166969200715j)}, 'free': np.float64(-10397.121997831515)}, {'stable': {'F_dwave': np.complex128(-0.01661031239412842-0.04140950574751273j)}, 'free': np.float64(-10397.121997832995)}, {'stable': {'F_dwave': np.complex128(0.04461671542279071+0j)}, 'free': np.float64(-10397.122070442838)}]
------------------------------------------
  Seed: d-wave+px
F_onsite: (-1.6210229867218955e-14-2.212331715460933e-18j)
F_swave: (5.717648576819556e-15+3.343461678999658e-18j), F_dwave: (0.04461670497671137-3.923255596453311e-17j)
F_px: (1.3394943396138892e-07+8.66271982400743e-18j), F_py: -1.4346236804007166e-17j
Free_energy = -10397.122029449025
------------------------------------------
[{'stable': {'F_dwave': np.complex128(-0.044616696920085644j)}, 'free': np.float64(-10397.121997831564)}, {'stable': {'F_dwave': np.complex128(0.0446166969200715j)}, 'free': np.float64(-10397.121997831515)}, {'stable': {'F_dwave': np.complex128(-0.01661031239412842-0.04140950574751273j)}, 'free': np.float64(-10397.121997832995)}, {'stable': {'F_dwave': np.complex128(0.04461671542279071+0j)}, 'free': np.float64(-10397.122070442838)}]
------------------------------------------
  Seed: d-wave+py
F_onsite: (1.62805632625642e-14+5.629760896192628e-20j)
F_swave: (-5.670811042968182e-15-4.524057372950778e-18j), F_dwave: (0.044616703040228335-1.2654428327435878e-16j)
F_px: (-5.898059818321144e-17+1.1956986853575476e-17j), F_py: (1.3423399659526214e-07-1.2078940561113e-17j)
Free_energy = -10397.122021849613
------------------------------------------
[{'stable': {'F_dwave': np.complex128(-0.044616696920085644j)}, 'free': np.float64(-10397.121997831564)}, {'stable': {'F_dwave': np.complex128(0.0446166969200715j)}, 'free': np.float64(-10397.121997831515)}, {'stable': {'F_dwave': np.complex128(-0.01661031239412842-0.04140950574751273j)}, 'free': np.float64(-10397.121997832995)}, {'stable': {'F_dwave': np.complex128(0.04461671542279071+0j)}, 'free': np.float64(-10397.122070442838)}]
------------------------------------------
====================================
mu=0.99, T=0.0520
====================================
  Seed: normal state
F_onsite: 0j
F_swave: 0j, F_dwave: 0j
F_px: 0j, F_py: 0j
Free_energy = -10325.345850561154
------------------------------------------
[{'stable': {}, 'free': np.float64(-10325.345850561154)}]
------------------------------------------
  Seed: px
F_onsite: -9.519731976438585e-17j
F_swave: 6.245004513516506e-17j, F_dwave: -0.04406904925265284j
F_px: (2.036423756933036e-11+0j), F_py: (-1.31220050991284e-17+0j)
Free_energy = -10395.841264121398
------------------------------------------
[{'stable': {'F_dwave': np.complex128(-0.04406904925265284j)}, 'free': np.float64(-10395.841264121398)}]
------------------------------------------
  Seed: py
F_onsite: -7.664648966704653e-17j
F_swave: 4.85722573273506e-17j, F_dwave: 0.04406904925265259j
F_px: (-2.1339554992832504e-17+0j), F_py: (2.091920870488244e-11+0j)
Free_energy = -10395.841264121396
------------------------------------------
[{'stable': {'F_dwave': np.complex128(-0.04406904925265284j)}, 'free': np.float64(-10395.841264121398)}, {'stable': {'F_dwave': np.complex128(0.04406904925265259j)}, 'free': np.float64(-10395.841264121396)}]
------------------------------------------
  Seed: px+py
F_onsite: -2.0893126435211386e-17j
F_swave: 1.942890293094024e-16j, F_dwave: -0.04406904936494029j
F_px: (8.801710433640935e-19+0j), F_py: (4.25539368630567e-17+0j)
Free_energy = -10395.841264551786
------------------------------------------
[{'stable': {'F_dwave': np.complex128(-0.04406904925265284j)}, 'free': np.float64(-10395.841264121398)}, {'stable': {'F_dwave': np.complex128(0.04406904925265259j)}, 'free': np.float64(-10395.841264121396)}]
------------------------------------------
  Seed: px+i*py
F_onsite: (-1.9901008105862424e-15-4.9165016122553816e-15j)
F_swave: (6.904199434387692e-16+1.7486012637846216e-15j), F_dwave: (-0.01640642910668293-0.040901224749361656j)
F_px: (3.2003045786349604e-09+7.978358581434142e-09j), F_py: (2.915647921014619e-08+7.268709738966761e-08j)
Free_energy = -10395.841264121393
------------------------------------------
[{'stable': {'F_dwave': np.complex128(-0.04406904925265284j)}, 'free': np.float64(-10395.841264121398)}, {'stable': {'F_dwave': np.complex128(0.04406904925265259j)}, 'free': np.float64(-10395.841264121396)}, {'stable': {'F_dwave': np.complex128(-0.01640642910668293-0.040901224749361656j)}, 'free': np.float64(-10395.841264121393)}]
------------------------------------------
  Seed: d-wave
F_onsite: (2.6525888917007583e-17+0j)
F_swave: (-1.8735013540549517e-16+0j), F_dwave: (0.044069049364940306+0j)
F_px: 1.4801218329263542e-18j, F_py: -1.3499068127440728e-17j
Free_energy = -10395.841264551786
------------------------------------------
[{'stable': {'F_dwave': np.complex128(-0.04406904925265284j)}, 'free': np.float64(-10395.841264121398)}, {'stable': {'F_dwave': np.complex128(0.04406904925265259j)}, 'free': np.float64(-10395.841264121396)}, {'stable': {'F_dwave': np.complex128(-0.01640642910668293-0.040901224749361656j)}, 'free': np.float64(-10395.841264121393)}, {'stable': {'F_dwave': np.complex128(0.044069049364940306+0j)}, 'free': np.float64(-10395.841264551786)}]
------------------------------------------
  Seed: d-wave+px
F_onsite: (-5.505573940676183e-15+1.4598116093273873e-18j)
F_swave: (1.880440247958859e-15-4.6128633617395905e-18j), F_dwave: (0.044069049301517414-4.451593834529495e-17j)
F_px: (7.979395987706139e-08+1.2057298254317215e-17j), F_py: (-6.938893903907228e-18-1.4460465681123566e-17j)
Free_energy = -10395.841264308796
------------------------------------------
[{'stable': {'F_dwave': np.complex128(-0.04406904925265284j)}, 'free': np.float64(-10395.841264121398)}, {'stable': {'F_dwave': np.complex128(0.04406904925265259j)}, 'free': np.float64(-10395.841264121396)}, {'stable': {'F_dwave': np.complex128(-0.01640642910668293-0.040901224749361656j)}, 'free': np.float64(-10395.841264121393)}, {'stable': {'F_dwave': np.complex128(0.044069049364940306+0j)}, 'free': np.float64(-10395.841264551786)}]
------------------------------------------
  Seed: d-wave+py
F_onsite: (5.646576610825042e-15+4.75908750093901e-18j)
F_swave: (-2.0001361678012586e-15-4.300069929435286e-18j), F_dwave: (0.04406904928976528-1.4635743194847297e-16j)
F_px: (-1.0408340855860843e-17+1.6941101847494524e-17j), F_py: (7.996347707248108e-08-1.5664534586480606e-17j)
Free_energy = -10395.841264263705
------------------------------------------
[{'stable': {'F_dwave': np.complex128(-0.04406904925265284j)}, 'free': np.float64(-10395.841264121398)}, {'stable': {'F_dwave': np.complex128(0.04406904925265259j)}, 'free': np.float64(-10395.841264121396)}, {'stable': {'F_dwave': np.complex128(-0.01640642910668293-0.040901224749361656j)}, 'free': np.float64(-10395.841264121393)}, {'stable': {'F_dwave': np.complex128(0.044069049364940306+0j)}, 'free': np.float64(-10395.841264551786)}]
------------------------------------------
====================================
mu=0.99, T=0.0550
====================================
  Seed: normal state
F_onsite: 0j
F_swave: 0j, F_dwave: 0j
F_px: 0j, F_py: 0j
Free_energy = -10326.192564430585
------------------------------------------
[{'stable': {}, 'free': np.float64(-10326.192564430585)}]
------------------------------------------
  Seed: px
F_onsite: -3.399963616744286e-17j
F_swave: -3.469446951953614e-17j, F_dwave: -0.043444355129178644j
F_px: (3.824911420794897e-13+0j), F_py: (-1.517310567754865e-17+0j)
Free_energy = -10394.404568865959
------------------------------------------
[{'stable': {'F_dwave': np.complex128(-0.043444355129178644j)}, 'free': np.float64(-10394.404568865959)}]
------------------------------------------
  Seed: py
F_onsite: -4.690932237317973e-17j
F_swave: 3.122502256758253e-17j, F_dwave: 0.04344435512917852j
F_px: (-5.142083275392971e-18+0j), F_py: (3.9292547031395507e-13+0j)
Free_energy = -10394.404568865959
------------------------------------------
[{'stable': {'F_dwave': np.complex128(-0.043444355129178644j)}, 'free': np.float64(-10394.404568865959)}, {'stable': {'F_dwave': np.complex128(0.04344435512917852j)}, 'free': np.float64(-10394.404568865959)}]
------------------------------------------
  Seed: px+py
F_onsite: -1.420492781391183e-17j
F_swave: -5.898059818321144e-17j, F_dwave: -0.04344435512970555j
F_px: (3.7855523686795286e-18+0j), F_py: (-1.2611505811713167e-17+0j)
Free_energy = -10394.404568867958
------------------------------------------
[{'stable': {'F_dwave': np.complex128(-0.043444355129178644j)}, 'free': np.float64(-10394.404568865959)}, {'stable': {'F_dwave': np.complex128(0.04344435512917852j)}, 'free': np.float64(-10394.404568865959)}]
------------------------------------------
  Seed: px+i*py
F_onsite: (-4.75067666199118e-16-1.1804574008058758e-15j)
F_swave: (1.465841337200402e-16+4.874572967494828e-16j), F_dwave: (-0.016173862259345632-0.040321435641668735j)
F_px: (1.600266846119025e-09+3.989464491399586e-09j), F_py: (1.4579282945834104e-08+3.634614948247461e-08j)
Free_energy = -10394.40456886597
------------------------------------------
[{'stable': {'F_dwave': np.complex128(-0.043444355129178644j)}, 'free': np.float64(-10394.404568865959)}, {'stable': {'F_dwave': np.complex128(0.04344435512917852j)}, 'free': np.float64(-10394.404568865959)}, {'stable': {'F_dwave': np.complex128(-0.016173862259345632-0.040321435641668735j)}, 'free': np.float64(-10394.40456886597)}]
------------------------------------------
  Seed: d-wave
F_onsite: (9.004092578211221e-18+0j)
F_swave: (5.551115123125783e-17+0j), F_dwave: (0.04344435512970555+0j)
F_px: 2.86429485069962e-18j, F_py: -1.1196987259578087e-17j
Free_energy = -10394.404568867958
------------------------------------------
[{'stable': {'F_dwave': np.complex128(-0.043444355129178644j)}, 'free': np.float64(-10394.404568865959)}, {'stable': {'F_dwave': np.complex128(0.04344435512917852j)}, 'free': np.float64(-10394.404568865959)}, {'stable': {'F_dwave': np.complex128(-0.016173862259345632-0.040321435641668735j)}, 'free': np.float64(-10394.40456886597)}, {'stable': {'F_dwave': np.complex128(0.04344435512970555+0j)}, 'free': np.float64(-10394.404568867958)}]
------------------------------------------
  Seed: d-wave+px
F_onsite: (-1.3795822371074033e-15-1.549457939352033e-18j)
F_swave: (6.158268339717665e-16-2.488458481193525e-18j), F_dwave: (0.043444355129399904-5.549734403587067e-17j)
F_px: (3.989983523092211e-08+2.0553463662227664e-17j), F_py: (-5.204170427930421e-17-1.5103118032537534e-17j)
Free_energy = -10394.404568866812
------------------------------------------
[{'stable': {'F_dwave': np.complex128(-0.043444355129178644j)}, 'free': np.float64(-10394.404568865959)}, {'stable': {'F_dwave': np.complex128(0.04344435512917852j)}, 'free': np.float64(-10394.404568865959)}, {'stable': {'F_dwave': np.complex128(-0.016173862259345632-0.040321435641668735j)}, 'free': np.float64(-10394.40456886597)}, {'stable': {'F_dwave': np.complex128(0.04344435512970555+0j)}, 'free': np.float64(-10394.404568867958)}]
------------------------------------------
  Seed: d-wave+py
F_onsite: (1.3115082263295803e-15-3.0224928061014433e-19j)
F_swave: (-2.8449465006019636e-16-3.2029154993252877e-18j), F_dwave: (0.04344435512934481-1.5540691595940046e-16j)
F_px: (4.85722573273506e-17+2.476856773875947e-17j), F_py: (3.998459950638189e-08-1.5799792374215752e-17j)
Free_energy = -10394.40456886661
------------------------------------------
[{'stable': {'F_dwave': np.complex128(-0.043444355129178644j)}, 'free': np.float64(-10394.404568865959)}, {'stable': {'F_dwave': np.complex128(0.04344435512917852j)}, 'free': np.float64(-10394.404568865959)}, {'stable': {'F_dwave': np.complex128(-0.016173862259345632-0.040321435641668735j)}, 'free': np.float64(-10394.40456886597)}, {'stable': {'F_dwave': np.complex128(0.04344435512970555+0j)}, 'free': np.float64(-10394.404568867958)}]
------------------------------------------
====================================
mu=0.99, T=0.0580
====================================
  Seed: normal state
F_onsite: 0j
F_swave: 0j, F_dwave: 0j
F_px: 0j, F_py: 0j
Free_energy = -10327.087338085163
------------------------------------------
[{'stable': {}, 'free': np.float64(-10327.087338085163)}]
------------------------------------------
  Seed: px
F_onsite: -6.782621969176776e-17j
F_swave: -1.3530843112619095e-16j, F_dwave: -0.042739246490251674j
F_px: (6.460541321175849e-15+0j), F_py: (-1.3451637296067925e-17+0j)
Free_energy = -10392.816297625252
------------------------------------------
[{'stable': {'F_dwave': np.complex128(-0.042739246490251674j)}, 'free': np.float64(-10392.816297625252)}]
------------------------------------------
  Seed: py
F_onsite: 1.2690945894514356e-17j
F_swave: 1.9081958235744878e-16j, F_dwave: 0.0427392464902516j
F_px: (-2.915426585267033e-17+0j), F_py: (6.6642438175627705e-15+0j)
Free_energy = -10392.816297625248
------------------------------------------
[{'stable': {'F_dwave': np.complex128(-0.042739246490251674j)}, 'free': np.float64(-10392.816297625252)}, {'stable': {'F_dwave': np.complex128(0.0427392464902516j)}, 'free': np.float64(-10392.816297625248)}]
------------------------------------------
  Seed: px+py
F_onsite: 6.377388483982962e-17j
F_swave: 1.734723475976807e-17j, F_dwave: -0.04273924649025427j
F_px: (5.333541475733715e-18+0j), F_py: (-1.4235706377324314e-17+0j)
Free_energy = -10392.81629762526
------------------------------------------
[{'stable': {'F_dwave': np.complex128(-0.042739246490251674j)}, 'free': np.float64(-10392.816297625252)}, {'stable': {'F_dwave': np.complex128(0.0427392464902516j)}, 'free': np.float64(-10392.816297625248)}]
------------------------------------------
  Seed: px+i*py
F_onsite: (-6.932246704006496e-17-2.7027953260924916e-16j)
F_swave: (1.214306433183765e-17+1.2836953722228372e-16j), F_dwave: (-0.01591135795999834-0.039667012471613805j)
F_px: (6.821970106873909e-10+1.7007169665628208e-09j), F_py: (6.215179346874544e-09+1.549444088311258e-08j)
Free_energy = -10392.816297625246
------------------------------------------
[{'stable': {'F_dwave': np.complex128(-0.042739246490251674j)}, 'free': np.float64(-10392.816297625252)}, {'stable': {'F_dwave': np.complex128(0.0427392464902516j)}, 'free': np.float64(-10392.816297625248)}, {'stable': {'F_dwave': np.complex128(-0.01591135795999834-0.039667012471613805j)}, 'free': np.float64(-10392.816297625246)}]
------------------------------------------
  Seed: d-wave
F_onsite: (-7.158257570144861e-17+0j)
F_swave: (-2.0816681711721685e-17+0j), F_dwave: (0.04273924649025426+0j)
F_px: 3.178628446553446e-18j, F_py: -1.4778849711138883e-17j
Free_energy = -10392.81629762526
------------------------------------------
[{'stable': {'F_dwave': np.complex128(-0.042739246490251674j)}, 'free': np.float64(-10392.816297625252)}, {'stable': {'F_dwave': np.complex128(0.0427392464902516j)}, 'free': np.float64(-10392.816297625248)}, {'stable': {'F_dwave': np.complex128(-0.01591135795999834-0.039667012471613805j)}, 'free': np.float64(-10392.816297625246)}, {'stable': {'F_dwave': np.complex128(0.04273924649025426+0j)}, 'free': np.float64(-10392.81629762526)}]
------------------------------------------
  Seed: d-wave+px
F_onsite: (-1.571348491753305e-16-2.1192392774446896e-19j)
F_swave: (3.2959746043559335e-17-1.5996197746247426e-18j), F_dwave: (0.04273924649025122-6.126222576965779e-17j)
F_px: (1.7009384720156895e-08+1.2140613295882284e-17j), F_py: (-1.3530843112619095e-16-1.441483740185672e-17j)
Free_energy = -10392.816297625252
------------------------------------------
[{'stable': {'F_dwave': np.complex128(-0.042739246490251674j)}, 'free': np.float64(-10392.816297625252)}, {'stable': {'F_dwave': np.complex128(0.0427392464902516j)}, 'free': np.float64(-10392.816297625248)}, {'stable': {'F_dwave': np.complex128(-0.01591135795999834-0.039667012471613805j)}, 'free': np.float64(-10392.816297625246)}, {'stable': {'F_dwave': np.complex128(0.04273924649025426+0j)}, 'free': np.float64(-10392.81629762526)}]
------------------------------------------
  Seed: d-wave+py
F_onsite: (2.0916429707147401e-16-2.4586910651995545e-18j)
F_swave: (1.5612511283791264e-17+2.9187450252852455e-18j), F_dwave: (0.04273924649025086-1.5742484312285343e-16j)
F_px: (8.673617379884035e-17+1.6449082697082174e-17j), F_py: (1.704551938833121e-08-1.7028695544846152e-17j)
Free_energy = -10392.81629762525
------------------------------------------
[{'stable': {'F_dwave': np.complex128(-0.042739246490251674j)}, 'free': np.float64(-10392.816297625252)}, {'stable': {'F_dwave': np.complex128(0.0427392464902516j)}, 'free': np.float64(-10392.816297625248)}, {'stable': {'F_dwave': np.complex128(-0.01591135795999834-0.039667012471613805j)}, 'free': np.float64(-10392.816297625246)}, {'stable': {'F_dwave': np.complex128(0.04273924649025426+0j)}, 'free': np.float64(-10392.81629762526)}]
------------------------------------------
====================================
mu=0.99, T=0.0610
====================================
  Seed: normal state
F_onsite: 0j
F_swave: 0j, F_dwave: 0j
F_px: 0j, F_py: 0j
Free_energy = -10328.030162762156
------------------------------------------
[{'stable': {}, 'free': np.float64(-10328.030162762156)}]
------------------------------------------
  Seed: px
F_onsite: -1.0043805668631173e-17j
F_swave: -5.204170427930421e-17j, F_dwave: -0.04194675494876819j
F_px: (4.3444020838881626e-17+0j), F_py: (-1.445139124050568e-17+0j)
Free_energy = -10391.069946245043
------------------------------------------
[{'stable': {'F_dwave': np.complex128(-0.04194675494876819j)}, 'free': np.float64(-10391.069946245043)}]
------------------------------------------
  Seed: py
F_onsite: -2.6971911320741076e-18j
F_swave: 7.28583859910259e-17j, F_dwave: 0.04194675494876818j
F_px: (-2.7500563690994634e-17+0j), F_py: (9.817603534833442e-17+0j)
Free_energy = -10391.069946245043
------------------------------------------
[{'stable': {'F_dwave': np.complex128(-0.04194675494876819j)}, 'free': np.float64(-10391.069946245043)}, {'stable': {'F_dwave': np.complex128(0.04194675494876818j)}, 'free': np.float64(-10391.069946245043)}]
------------------------------------------
  Seed: px+py
F_onsite: -3.1963317660233057e-18j
F_swave: -5.551115123125783e-17j, F_dwave: -0.04194675494876819j
F_px: (9.85255737510585e-18+0j), F_py: (-1.4475437380912595e-17+0j)
Free_energy = -10391.069946245043
------------------------------------------
[{'stable': {'F_dwave': np.complex128(-0.04194675494876819j)}, 'free': np.float64(-10391.069946245043)}, {'stable': {'F_dwave': np.complex128(0.04194675494876818j)}, 'free': np.float64(-10391.069946245043)}]
------------------------------------------
  Seed: px+i*py
F_onsite: (-1.0374613165224083e-17-2.293408360177305e-17j)
F_swave: (1.9081958235744878e-17+9.194034422677078e-17j), F_dwave: (-0.01561632195369739-0.03893148776209909j)
F_px: (2.3542748046195827e-10+5.869206579078856e-10j), F_py: (2.1448705988386108e-09+5.3471619458622666e-09j)
Free_energy = -10391.069946245043
------------------------------------------
[{'stable': {'F_dwave': np.complex128(-0.04194675494876819j)}, 'free': np.float64(-10391.069946245043)}, {'stable': {'F_dwave': np.complex128(0.04194675494876818j)}, 'free': np.float64(-10391.069946245043)}, {'stable': {'F_dwave': np.complex128(-0.01561632195369739-0.03893148776209909j)}, 'free': np.float64(-10391.069946245043)}]
------------------------------------------
  Seed: d-wave
F_onsite: (1.0435531936956686e-17+0j)
F_swave: (5.204170427930421e-17+0j), F_dwave: (0.0419467549487682+0j)
F_px: 1.4630764942747496e-17j, F_py: -1.504353427226605e-17j
Free_energy = -10391.069946245041
------------------------------------------
[{'stable': {'F_dwave': np.complex128(-0.04194675494876819j)}, 'free': np.float64(-10391.069946245043)}, {'stable': {'F_dwave': np.complex128(0.04194675494876818j)}, 'free': np.float64(-10391.069946245043)}, {'stable': {'F_dwave': np.complex128(-0.01561632195369739-0.03893148776209909j)}, 'free': np.float64(-10391.069946245043)}, {'stable': {'F_dwave': np.complex128(0.0419467549487682+0j)}, 'free': np.float64(-10391.069946245041)}]
------------------------------------------
  Seed: d-wave+px
F_onsite: (-1.2303424802648885e-17+5.181133594838762e-19j)
F_swave: -2.812066473097716e-18j, F_dwave: (0.041946754948767845-7.060793008557815e-17j)
F_px: (5.869972004995949e-09+2.1561316218263198e-17j), F_py: (-6.938893903907228e-18-1.5120174722294244e-17j)
Free_energy = -10391.069946245041
------------------------------------------
[{'stable': {'F_dwave': np.complex128(-0.04194675494876819j)}, 'free': np.float64(-10391.069946245043)}, {'stable': {'F_dwave': np.complex128(0.04194675494876818j)}, 'free': np.float64(-10391.069946245043)}, {'stable': {'F_dwave': np.complex128(-0.01561632195369739-0.03893148776209909j)}, 'free': np.float64(-10391.069946245043)}, {'stable': {'F_dwave': np.complex128(0.0419467549487682+0j)}, 'free': np.float64(-10391.069946245041)}]
------------------------------------------
  Seed: d-wave+py
F_onsite: (7.172206663092949e-17-2.998166043441095e-18j)
F_swave: (-3.122502256758253e-17+6.180195438545525e-19j), F_dwave: (0.04194675494876817-1.1789349732015213e-16j)
F_px: (-1.734723475976807e-17+1.2098773281444196e-17j), F_py: (5.882442477567196e-09-1.5259596201096194e-17j)
Free_energy = -10391.069946245043
------------------------------------------
[{'stable': {'F_dwave': np.complex128(-0.04194675494876819j)}, 'free': np.float64(-10391.069946245043)}, {'stable': {'F_dwave': np.complex128(0.04194675494876818j)}, 'free': np.float64(-10391.069946245043)}, {'stable': {'F_dwave': np.complex128(-0.01561632195369739-0.03893148776209909j)}, 'free': np.float64(-10391.069946245043)}, {'stable': {'F_dwave': np.complex128(0.0419467549487682+0j)}, 'free': np.float64(-10391.069946245041)}]
------------------------------------------
====================================
mu=0.99, T=0.0640
====================================
  Seed: normal state
F_onsite: 0j
F_swave: 0j, F_dwave: 0j
F_px: 0j, F_py: 0j
Free_energy = -10329.021043534245
------------------------------------------
[{'stable': {}, 'free': np.float64(-10329.021043534245)}]
------------------------------------------
  Seed: px
F_onsite: 1.9218595238048837e-17j
F_swave: -1.1102230246251565e-16j, F_dwave: -0.04106235617451041j
F_px: (4.711847416589885e-18+0j), F_py: (-1.663563361266524e-17+0j)
Free_energy = -10389.170961509224
------------------------------------------
[{'stable': {'F_dwave': np.complex128(-0.04106235617451041j)}, 'free': np.float64(-10389.170961509224)}]
------------------------------------------
  Seed: py
F_onsite: -1.9218595238048837e-17j
F_swave: 1.1102230246251565e-16j, F_dwave: 0.04106235617451041j
F_px: (-4.711847416589885e-18+0j), F_py: (1.663563361266524e-17+0j)
Free_energy = -10389.170961509224
------------------------------------------
[{'stable': {'F_dwave': np.complex128(-0.04106235617451041j)}, 'free': np.float64(-10389.170961509224)}, {'stable': {'F_dwave': np.complex128(0.04106235617451041j)}, 'free': np.float64(-10389.170961509224)}]
------------------------------------------
  Seed: px+py
F_onsite: 2.3918668565799643e-17j
F_swave: -1.1449174941446927e-16j, F_dwave: -0.0410623561745104j
F_px: (8.669511255323322e-18+0j), F_py: (-1.5033487336545982e-17+0j)
Free_energy = -10389.170961509224
------------------------------------------
[{'stable': {'F_dwave': np.complex128(-0.04106235617451041j)}, 'free': np.float64(-10389.170961509224)}, {'stable': {'F_dwave': np.complex128(0.04106235617451041j)}, 'free': np.float64(-10389.170961509224)}]
------------------------------------------
  Seed: px+i*py
F_onsite: (9.295437186229792e-18+6.3298647044850835e-18j)
F_swave: (2.0816681711721685e-17-1.214306433183765e-17j), F_dwave: (-0.015287069881370685-0.03811066240626685j)
F_px: (6.759200924660869e-11+1.6850700002013497e-10j), F_py: (6.157996230993223e-10+1.5351884728731502e-09j)
Free_energy = -10389.170961509226
------------------------------------------
[{'stable': {'F_dwave': np.complex128(-0.04106235617451041j)}, 'free': np.float64(-10389.170961509224)}, {'stable': {'F_dwave': np.complex128(0.04106235617451041j)}, 'free': np.float64(-10389.170961509224)}, {'stable': {'F_dwave': np.complex128(-0.015287069881370685-0.03811066240626685j)}, 'free': np.float64(-10389.170961509226)}]
------------------------------------------
  Seed: d-wave
F_onsite: (-1.5361564538277377e-17+0j)
F_swave: (1.1796119636642288e-16+0j), F_dwave: (0.04106235617451041+0j)
F_px: 9.026308167922558e-18j, F_py: -1.4916651383745317e-17j
Free_energy = -10389.170961509224
------------------------------------------
[{'stable': {'F_dwave': np.complex128(-0.04106235617451041j)}, 'free': np.float64(-10389.170961509224)}, {'stable': {'F_dwave': np.complex128(0.04106235617451041j)}, 'free': np.float64(-10389.170961509224)}, {'stable': {'F_dwave': np.complex128(-0.015287069881370685-0.03811066240626685j)}, 'free': np.float64(-10389.170961509226)}, {'stable': {'F_dwave': np.complex128(0.04106235617451041+0j)}, 'free': np.float64(-10389.170961509224)}]
------------------------------------------
  Seed: d-wave+px
F_onsite: (2.455757658390214e-17+1.8380847699014973e-18j)
F_swave: (4.163336342344337e-17-4.0471651809247106e-18j), F_dwave: (0.0410623561745104-7.713890235194669e-17j)
F_px: (1.6852891443486229e-09+2.5755668042411528e-17j), F_py: (2.7755575615628914e-17-1.5983653908777435e-17j)
Free_energy = -10389.170961509224
------------------------------------------
[{'stable': {'F_dwave': np.complex128(-0.04106235617451041j)}, 'free': np.float64(-10389.170961509224)}, {'stable': {'F_dwave': np.complex128(0.04106235617451041j)}, 'free': np.float64(-10389.170961509224)}, {'stable': {'F_dwave': np.complex128(-0.015287069881370685-0.03811066240626685j)}, 'free': np.float64(-10389.170961509226)}, {'stable': {'F_dwave': np.complex128(0.04106235617451041+0j)}, 'free': np.float64(-10389.170961509224)}]
------------------------------------------
  Seed: d-wave+py
F_onsite: (-1.8143102498257406e-17-2.934535920060506e-18j)
F_swave: (-3.2959746043559335e-17-2.8147547728574342e-18j), F_dwave: (0.04106235617451037-1.0952146016883515e-16j)
F_px: (6.245004513516506e-17+6.304720303895314e-18j), F_py: (1.6888690272665041e-09-1.7050870702507844e-17j)
Free_energy = -10389.170961509228
------------------------------------------
[{'stable': {'F_dwave': np.complex128(-0.04106235617451041j)}, 'free': np.float64(-10389.170961509224)}, {'stable': {'F_dwave': np.complex128(0.04106235617451041j)}, 'free': np.float64(-10389.170961509224)}, {'stable': {'F_dwave': np.complex128(-0.015287069881370685-0.03811066240626685j)}, 'free': np.float64(-10389.170961509226)}, {'stable': {'F_dwave': np.complex128(0.04106235617451041+0j)}, 'free': np.float64(-10389.170961509224)}]
------------------------------------------
====================================
mu=0.99, T=0.0670
====================================
  Seed: normal state
F_onsite: 0j
F_swave: 0j, F_dwave: 0j
F_px: 0j, F_py: 0j
Free_energy = -10330.059997987728
------------------------------------------
[{'stable': {}, 'free': np.float64(-10330.059997987728)}]
------------------------------------------
  Seed: px
F_onsite: -5.67149372505389e-17j
F_swave: -2.42861286636753e-17j, F_dwave: -0.04007746460245512j
F_px: (1.4512580271958064e-17+0j), F_py: (-1.454106506353194e-17+0j)
Free_energy = -10387.114278834659
------------------------------------------
[{'stable': {'F_dwave': np.complex128(-0.04007746460245512j)}, 'free': np.float64(-10387.114278834659)}]
------------------------------------------
  Seed: py
F_onsite: 5.67149372505389e-17j
F_swave: 2.42861286636753e-17j, F_dwave: 0.04007746460245512j
F_px: (-1.4512580271958064e-17+0j), F_py: (1.454106506353194e-17+0j)
Free_energy = -10387.114278834659
------------------------------------------
[{'stable': {'F_dwave': np.complex128(-0.04007746460245512j)}, 'free': np.float64(-10387.114278834659)}, {'stable': {'F_dwave': np.complex128(0.04007746460245512j)}, 'free': np.float64(-10387.114278834659)}]
------------------------------------------
  Seed: px+py
F_onsite: -5.67149372505389e-17j
F_swave: -2.42861286636753e-17j, F_dwave: -0.04007746460245512j
F_px: (1.4512580271958064e-17+0j), F_py: (-1.454106506353194e-17+0j)
Free_energy = -10387.114278834659
------------------------------------------
[{'stable': {'F_dwave': np.complex128(-0.04007746460245512j)}, 'free': np.float64(-10387.114278834659)}, {'stable': {'F_dwave': np.complex128(0.04007746460245512j)}, 'free': np.float64(-10387.114278834659)}]
------------------------------------------
  Seed: px+i*py
F_onsite: (-1.3628349225874709e-18+4.063992705807087e-18j)
F_swave: (9.974659986866641e-18+1.5612511283791264e-17j), F_dwave: (-0.014920405430270898-0.03719656799702581j)
F_px: (1.5174720854882473e-11+3.783052690553568e-11j), F_py: (1.3824950993029939e-10+3.4465601553290703e-10j)
Free_energy = -10387.114278834655
------------------------------------------
[{'stable': {'F_dwave': np.complex128(-0.04007746460245512j)}, 'free': np.float64(-10387.114278834659)}, {'stable': {'F_dwave': np.complex128(0.04007746460245512j)}, 'free': np.float64(-10387.114278834659)}, {'stable': {'F_dwave': np.complex128(-0.014920405430270898-0.03719656799702581j)}, 'free': np.float64(-10387.114278834655)}]
------------------------------------------
  Seed: d-wave
F_onsite: (5.850138267585742e-17+0j)
F_swave: (2.42861286636753e-17+0j), F_dwave: (0.04007746460245512+0j)
F_px: 1.4511419737558652e-17j, F_py: -1.4724862941279997e-17j
Free_energy = -10387.114278834659
------------------------------------------
[{'stable': {'F_dwave': np.complex128(-0.04007746460245512j)}, 'free': np.float64(-10387.114278834659)}, {'stable': {'F_dwave': np.complex128(0.04007746460245512j)}, 'free': np.float64(-10387.114278834659)}, {'stable': {'F_dwave': np.complex128(-0.014920405430270898-0.03719656799702581j)}, 'free': np.float64(-10387.114278834655)}, {'stable': {'F_dwave': np.complex128(0.04007746460245512+0j)}, 'free': np.float64(-10387.114278834659)}]
------------------------------------------
  Seed: d-wave+px
F_onsite: (7.184231690175982e-17-2.1908128785317438e-18j)
F_swave: (-7.979727989493313e-17+1.374689414426385e-19j), F_dwave: (0.040077464602454885-7.07769386977568e-17j)
F_px: (3.7835403560171343e-10+1.6834576664186373e-17j), F_py: (4.163336342344337e-17-1.7589741250759084e-17j)
Free_energy = -10387.114278834655
------------------------------------------
[{'stable': {'F_dwave': np.complex128(-0.04007746460245512j)}, 'free': np.float64(-10387.114278834659)}, {'stable': {'F_dwave': np.complex128(0.04007746460245512j)}, 'free': np.float64(-10387.114278834659)}, {'stable': {'F_dwave': np.complex128(-0.014920405430270898-0.03719656799702581j)}, 'free': np.float64(-10387.114278834655)}, {'stable': {'F_dwave': np.complex128(0.04007746460245512+0j)}, 'free': np.float64(-10387.114278834659)}]
------------------------------------------
  Seed: d-wave+py
F_onsite: (1.487385219997468e-16+1.1779760974247566e-19j)
F_swave: (-1.1275702593849246e-16+1.2972735794420987e-19j), F_dwave: (0.040077464602455065-1.0257883505997985e-16j)
F_px: (6.938893903907228e-18+1.9433063158057752e-17j), F_py: (3.791581805467903e-10-1.676737510700519e-17j)
Free_energy = -10387.114278834659
------------------------------------------
[{'stable': {'F_dwave': np.complex128(-0.04007746460245512j)}, 'free': np.float64(-10387.114278834659)}, {'stable': {'F_dwave': np.complex128(0.04007746460245512j)}, 'free': np.float64(-10387.114278834659)}, {'stable': {'F_dwave': np.complex128(-0.014920405430270898-0.03719656799702581j)}, 'free': np.float64(-10387.114278834655)}, {'stable': {'F_dwave': np.complex128(0.04007746460245512+0j)}, 'free': np.float64(-10387.114278834659)}]
------------------------------------------
====================================
mu=0.99, T=0.0700
====================================
  Seed: normal state
F_onsite: 0j
F_swave: 0j, F_dwave: 0j
F_px: 0j, F_py: 0j
Free_energy = -10331.147054906867
------------------------------------------
[{'stable': {}, 'free': np.float64(-10331.147054906867)}]
------------------------------------------
  Seed: px
F_onsite: -2.5651437698679954e-17j
F_swave: -4.163336342344337e-17j, F_dwave: -0.03898383413518437j
F_px: (1.1396508409126568e-17+0j), F_py: (-1.6017460638672032e-17+0j)
Free_energy = -10384.901015009202
------------------------------------------
[{'stable': {'F_dwave': np.complex128(-0.03898383413518437j)}, 'free': np.float64(-10384.901015009202)}]
------------------------------------------
  Seed: py
F_onsite: 2.5651437698679954e-17j
F_swave: 4.163336342344337e-17j, F_dwave: 0.03898383413518437j
F_px: (-1.1396508409126568e-17+0j), F_py: (1.6017460638672032e-17+0j)
Free_energy = -10384.901015009202
------------------------------------------
[{'stable': {'F_dwave': np.complex128(-0.03898383413518437j)}, 'free': np.float64(-10384.901015009202)}, {'stable': {'F_dwave': np.complex128(0.03898383413518437j)}, 'free': np.float64(-10384.901015009202)}]
------------------------------------------
  Seed: px+py
F_onsite: -2.5651437698679954e-17j
F_swave: -4.163336342344337e-17j, F_dwave: -0.03898383413518437j
F_px: (1.1396508409126568e-17+0j), F_py: (-1.6017460638672032e-17+0j)
Free_energy = -10384.901015009202
------------------------------------------
[{'stable': {'F_dwave': np.complex128(-0.03898383413518437j)}, 'free': np.float64(-10384.901015009202)}, {'stable': {'F_dwave': np.complex128(0.03898383413518437j)}, 'free': np.float64(-10384.901015009202)}]
------------------------------------------
  Seed: px+i*py
F_onsite: (-5.501267116017871e-18+4.928342653140868e-18j)
F_swave: (8.673617379884035e-19+2.42861286636753e-17j), F_dwave: (-0.014513258667759084-0.036181551192870025j)
F_px: (2.4652146643489026e-12+6.145858127970527e-12j), F_py: (2.2459428414278726e-11+5.59913088116204e-11j)
Free_energy = -10384.901015009202
------------------------------------------
[{'stable': {'F_dwave': np.complex128(-0.03898383413518437j)}, 'free': np.float64(-10384.901015009202)}, {'stable': {'F_dwave': np.complex128(0.03898383413518437j)}, 'free': np.float64(-10384.901015009202)}, {'stable': {'F_dwave': np.complex128(-0.014513258667759084-0.036181551192870025j)}, 'free': np.float64(-10384.901015009202)}]
------------------------------------------
  Seed: d-wave
F_onsite: (4.102527565934744e-17+0j)
F_swave: (4.163336342344337e-17+0j), F_dwave: (0.03898383413518438+0j)
F_px: 1.2338673319110982e-17j, F_py: -1.5957504945081042e-17j
Free_energy = -10384.901015009202
------------------------------------------
[{'stable': {'F_dwave': np.complex128(-0.03898383413518437j)}, 'free': np.float64(-10384.901015009202)}, {'stable': {'F_dwave': np.complex128(0.03898383413518437j)}, 'free': np.float64(-10384.901015009202)}, {'stable': {'F_dwave': np.complex128(-0.014513258667759084-0.036181551192870025j)}, 'free': np.float64(-10384.901015009202)}, {'stable': {'F_dwave': np.complex128(0.03898383413518438+0j)}, 'free': np.float64(-10384.901015009202)}]
------------------------------------------
  Seed: d-wave+px
F_onsite: (1.0503616562563208e-17-2.462192631932297e-18j)
F_swave: (4.85722573273506e-17+7.476379438112162e-19j), F_dwave: (0.0389838341351842-6.467092219928125e-17j)
F_px: (6.14660093656294e-11+1.0259092148875012e-18j), F_py: (1.3877787807814457e-17-1.9286352175830213e-17j)
Free_energy = -10384.901015009204
------------------------------------------
[{'stable': {'F_dwave': np.complex128(-0.03898383413518437j)}, 'free': np.float64(-10384.901015009202)}, {'stable': {'F_dwave': np.complex128(0.03898383413518437j)}, 'free': np.float64(-10384.901015009202)}, {'stable': {'F_dwave': np.complex128(-0.014513258667759084-0.036181551192870025j)}, 'free': np.float64(-10384.901015009202)}, {'stable': {'F_dwave': np.complex128(0.03898383413518438+0j)}, 'free': np.float64(-10384.901015009202)}]
------------------------------------------
  Seed: d-wave+py
F_onsite: (-4.7519576326683575e-17+2.8650790167918547e-19j)
F_swave: (1.9081958235744878e-17-1.338266047519674e-18j), F_dwave: (0.038983834135184005-1.0632442064640023e-16j)
F_px: (7.28583859910259e-17+2.2422683256851087e-17j), F_py: (6.159673812677902e-11-1.7432879812650705e-17j)
Free_energy = -10384.901015009202
------------------------------------------
[{'stable': {'F_dwave': np.complex128(-0.03898383413518437j)}, 'free': np.float64(-10384.901015009202)}, {'stable': {'F_dwave': np.complex128(0.03898383413518437j)}, 'free': np.float64(-10384.901015009202)}, {'stable': {'F_dwave': np.complex128(-0.014513258667759084-0.036181551192870025j)}, 'free': np.float64(-10384.901015009202)}, {'stable': {'F_dwave': np.complex128(0.03898383413518438+0j)}, 'free': np.float64(-10384.901015009202)}]
------------------------------------------
====================================
mu=0.99, T=0.0730
====================================
  Seed: normal state
F_onsite: 0j
F_swave: 0j, F_dwave: 0j
F_px: 0j, F_py: 0j
Free_energy = -10332.282253084759
------------------------------------------
[{'stable': {}, 'free': np.float64(-10332.282253084759)}]
------------------------------------------
  Seed: px
F_onsite: -6.7649993633249e-17j
F_swave: -1.3877787807814457e-17j, F_dwave: -0.037773306628363715j
F_px: (3.3893109349803957e-18+0j), F_py: (-1.653736124717149e-17+0j)
Free_energy = -10382.537900539928
------------------------------------------
[{'stable': {'F_dwave': np.complex128(-0.037773306628363715j)}, 'free': np.float64(-10382.537900539928)}]
------------------------------------------
  Seed: py
F_onsite: 6.7649993633249e-17j
F_swave: 1.3877787807814457e-17j, F_dwave: 0.037773306628363715j
F_px: (-3.3893109349803957e-18+0j), F_py: (1.653736124717149e-17+0j)
Free_energy = -10382.537900539928
------------------------------------------
[{'stable': {'F_dwave': np.complex128(-0.037773306628363715j)}, 'free': np.float64(-10382.537900539928)}, {'stable': {'F_dwave': np.complex128(0.037773306628363715j)}, 'free': np.float64(-10382.537900539928)}]
------------------------------------------
  Seed: px+py
F_onsite: -6.7649993633249e-17j
F_swave: -1.3877787807814457e-17j, F_dwave: -0.037773306628363715j
F_px: (3.3893109349803957e-18+0j), F_py: (-1.653736124717149e-17+0j)
Free_energy = -10382.537900539928
------------------------------------------
[{'stable': {'F_dwave': np.complex128(-0.037773306628363715j)}, 'free': np.float64(-10382.537900539928)}, {'stable': {'F_dwave': np.complex128(0.037773306628363715j)}, 'free': np.float64(-10382.537900539928)}]
------------------------------------------
  Seed: px+i*py
F_onsite: (4.159869975478605e-18+2.5057999390711053e-17j)
F_swave: (-5.204170427930421e-18-5.204170427930421e-18j), F_dwave: (-0.014062592405174526-0.03505804028302669j)
F_px: (2.998937903564425e-13+7.473292817916644e-13j), F_py: (2.731015066870235e-12+6.8085918847327065e-12j)
Free_energy = -10382.53790053993
------------------------------------------
[{'stable': {'F_dwave': np.complex128(-0.037773306628363715j)}, 'free': np.float64(-10382.537900539928)}, {'stable': {'F_dwave': np.complex128(0.037773306628363715j)}, 'free': np.float64(-10382.537900539928)}, {'stable': {'F_dwave': np.complex128(-0.014062592405174526-0.03505804028302669j)}, 'free': np.float64(-10382.53790053993)}]
------------------------------------------
  Seed: d-wave
F_onsite: (7.21798001037119e-17+0j)
F_swave: (2.0816681711721685e-17+0j), F_dwave: (0.03777330662836372+0j)
F_px: 4.231168626732258e-18j, F_py: -1.6771630377175083e-17j
Free_energy = -10382.537900539928
------------------------------------------
[{'stable': {'F_dwave': np.complex128(-0.037773306628363715j)}, 'free': np.float64(-10382.537900539928)}, {'stable': {'F_dwave': np.complex128(0.037773306628363715j)}, 'free': np.float64(-10382.537900539928)}, {'stable': {'F_dwave': np.complex128(-0.014062592405174526-0.03505804028302669j)}, 'free': np.float64(-10382.53790053993)}, {'stable': {'F_dwave': np.complex128(0.03777330662836372+0j)}, 'free': np.float64(-10382.537900539928)}]
------------------------------------------
  Seed: d-wave+px
F_onsite: (-5.901863011706757e-17-2.6176268776594862e-19j)
F_swave: (2.7755575615628914e-17+2.4010076701287226e-18j), F_dwave: (0.03777330662836388-5.122914677241505e-17j)
F_px: (7.473740376573446e-12+1.2354499506887945e-17j), F_py: (1.3877787807814457e-17-2.029176204171635e-17j)
Free_energy = -10382.537900539932
------------------------------------------
[{'stable': {'F_dwave': np.complex128(-0.037773306628363715j)}, 'free': np.float64(-10382.537900539928)}, {'stable': {'F_dwave': np.complex128(0.037773306628363715j)}, 'free': np.float64(-10382.537900539928)}, {'stable': {'F_dwave': np.complex128(-0.014062592405174526-0.03505804028302669j)}, 'free': np.float64(-10382.53790053993)}, {'stable': {'F_dwave': np.complex128(0.03777330662836372+0j)}, 'free': np.float64(-10382.537900539928)}]
------------------------------------------
  Seed: d-wave+py
F_onsite: (4.7734107071974335e-17-1.4817358231638532e-18j)
F_swave: (-8.326672684688674e-17+1.8725057422912525e-18j), F_dwave: (0.037773306628363826-1.011525397306687e-16j)
F_px: (8.673617379884035e-17+2.077612775633111e-17j), F_py: (7.490293107981216e-12-1.9259099149012354e-17j)
Free_energy = -10382.537900539928
------------------------------------------
[{'stable': {'F_dwave': np.complex128(-0.037773306628363715j)}, 'free': np.float64(-10382.537900539928)}, {'stable': {'F_dwave': np.complex128(0.037773306628363715j)}, 'free': np.float64(-10382.537900539928)}, {'stable': {'F_dwave': np.complex128(-0.014062592405174526-0.03505804028302669j)}, 'free': np.float64(-10382.53790053993)}, {'stable': {'F_dwave': np.complex128(0.03777330662836372+0j)}, 'free': np.float64(-10382.537900539928)}]
------------------------------------------
====================================
mu=0.99, T=0.0760
====================================
  Seed: normal state
F_onsite: 0j
F_swave: 0j, F_dwave: 0j
F_px: 0j, F_py: 0j
Free_energy = -10333.465640306895
------------------------------------------
[{'stable': {}, 'free': np.float64(-10333.465640306895)}]
------------------------------------------
  Seed: px
F_onsite: -2.4980655975754423e-18j
F_swave: -2.42861286636753e-17j, F_dwave: -0.03643128789837551j
F_px: (1.330019736457073e-17+0j), F_py: (-1.7372601080432622e-17+0j)
Free_energy = -10380.019003342231
------------------------------------------
[{'stable': {'F_dwave': np.complex128(-0.03643128789837551j)}, 'free': np.float64(-10380.019003342231)}]
------------------------------------------
  Seed: py
F_onsite: 2.4980655975754423e-18j
F_swave: 2.42861286636753e-17j, F_dwave: 0.03643128789837551j
F_px: (-1.330019736457073e-17+0j), F_py: (1.7372601080432622e-17+0j)
Free_energy = -10380.019003342231
------------------------------------------
[{'stable': {'F_dwave': np.complex128(-0.03643128789837551j)}, 'free': np.float64(-10380.019003342231)}, {'stable': {'F_dwave': np.complex128(0.03643128789837551j)}, 'free': np.float64(-10380.019003342231)}]
------------------------------------------
  Seed: px+py
F_onsite: -2.4980655975754423e-18j
F_swave: -2.42861286636753e-17j, F_dwave: -0.03643128789837551j
F_px: (1.330019736457073e-17+0j), F_py: (-1.7372601080432622e-17+0j)
Free_energy = -10380.019003342231
------------------------------------------
[{'stable': {'F_dwave': np.complex128(-0.03643128789837551j)}, 'free': np.float64(-10380.019003342231)}, {'stable': {'F_dwave': np.complex128(0.03643128789837551j)}, 'free': np.float64(-10380.019003342231)}]
------------------------------------------
  Seed: px+i*py
F_onsite: (-1.7210294017556002e-17-5.0441976903022615e-17j)
F_swave: (1.734723475976807e-18-2.6020852139652106e-17j), F_dwave: (-0.013562973386230458-0.03381249016057129j)
F_px: (2.3343306454481905e-14+5.824854487634923e-14j), F_py: (2.1269444538951632e-13+5.304402750372361e-13j)
Free_energy = -10380.019003342233
------------------------------------------
[{'stable': {'F_dwave': np.complex128(-0.03643128789837551j)}, 'free': np.float64(-10380.019003342231)}, {'stable': {'F_dwave': np.complex128(0.03643128789837551j)}, 'free': np.float64(-10380.019003342231)}, {'stable': {'F_dwave': np.complex128(-0.013562973386230458-0.03381249016057129j)}, 'free': np.float64(-10380.019003342233)}]
------------------------------------------
  Seed: d-wave
F_onsite: (3.063274801410476e-18+0j)
F_swave: (2.7755575615628914e-17+0j), F_dwave: (0.03643128789837551+0j)
F_px: 1.588009056347206e-17j, F_py: -1.632194356332798e-17j
Free_energy = -10380.019003342231
------------------------------------------
[{'stable': {'F_dwave': np.complex128(-0.03643128789837551j)}, 'free': np.float64(-10380.019003342231)}, {'stable': {'F_dwave': np.complex128(0.03643128789837551j)}, 'free': np.float64(-10380.019003342231)}, {'stable': {'F_dwave': np.complex128(-0.013562973386230458-0.03381249016057129j)}, 'free': np.float64(-10380.019003342233)}, {'stable': {'F_dwave': np.complex128(0.03643128789837551+0j)}, 'free': np.float64(-10380.019003342231)}]
------------------------------------------
  Seed: d-wave+px
F_onsite: (2.1040651675084998e-17+1.0068268920336198e-18j)
F_swave: (2.949029909160572e-17-2.5147117246843067e-18j), F_dwave: (0.036431287898375644-5.987474258186824e-17j)
F_px: (5.822183013481919e-13+1.4580926262405313e-17j), F_py: (3.8163916471489756e-17-2.0064467872158977e-17j)
Free_energy = -10380.01900334223
------------------------------------------
[{'stable': {'F_dwave': np.complex128(-0.03643128789837551j)}, 'free': np.float64(-10380.019003342231)}, {'stable': {'F_dwave': np.complex128(0.03643128789837551j)}, 'free': np.float64(-10380.019003342231)}, {'stable': {'F_dwave': np.complex128(-0.013562973386230458-0.03381249016057129j)}, 'free': np.float64(-10380.019003342233)}, {'stable': {'F_dwave': np.complex128(0.03643128789837551+0j)}, 'free': np.float64(-10380.019003342231)}]
------------------------------------------
  Seed: d-wave+py
F_onsite: (3.256964633158743e-17+7.018432664003131e-19j)
F_swave: (-6.245004513516506e-17-2.17984022557832e-18j), F_dwave: (0.036431287898375624-9.062327499541997e-17j)
F_px: (3.8163916471489756e-17+1.704390614398255e-17j), F_py: (5.836858774088682e-13-2.0766843083435854e-17j)
Free_energy = -10380.019003342231
------------------------------------------
[{'stable': {'F_dwave': np.complex128(-0.03643128789837551j)}, 'free': np.float64(-10380.019003342231)}, {'stable': {'F_dwave': np.complex128(0.03643128789837551j)}, 'free': np.float64(-10380.019003342231)}, {'stable': {'F_dwave': np.complex128(-0.013562973386230458-0.03381249016057129j)}, 'free': np.float64(-10380.019003342233)}, {'stable': {'F_dwave': np.complex128(0.03643128789837551+0j)}, 'free': np.float64(-10380.019003342231)}]
------------------------------------------
====================================
mu=0.99, T=0.0790
====================================
  Seed: normal state
F_onsite: 0j
F_swave: 0j, F_dwave: 0j
F_px: 0j, F_py: 0j
Free_energy = -10334.69727251735
------------------------------------------
[{'stable': {}, 'free': np.float64(-10334.69727251735)}]
------------------------------------------
  Seed: px
F_onsite: -1.8680385209407535e-19j
F_swave: 0j, F_dwave: -0.03494524614971112j
F_px: (3.2153249082223196e-17+0j), F_py: (-2.023267317410516e-17+0j)
Free_energy = -10377.353985082287
------------------------------------------
[{'stable': {'F_dwave': np.complex128(-0.03494524614971112j)}, 'free': np.float64(-10377.353985082287)}]
------------------------------------------
  Seed: py
F_onsite: 1.8680385209407535e-19j
F_swave: 0j, F_dwave: 0.03494524614971112j
F_px: (-3.2153249082223196e-17+0j), F_py: (2.023267317410516e-17+0j)
Free_energy = -10377.353985082287
------------------------------------------
[{'stable': {'F_dwave': np.complex128(-0.03494524614971112j)}, 'free': np.float64(-10377.353985082287)}, {'stable': {'F_dwave': np.complex128(0.03494524614971112j)}, 'free': np.float64(-10377.353985082287)}]
------------------------------------------
  Seed: px+py
F_onsite: -1.8680385209407535e-19j
F_swave: 0j, F_dwave: -0.03494524614971112j
F_px: (3.2153249082223196e-17+0j), F_py: (-2.023267317410516e-17+0j)
Free_energy = -10377.353985082287
------------------------------------------
[{'stable': {'F_dwave': np.complex128(-0.03494524614971112j)}, 'free': np.float64(-10377.353985082287)}, {'stable': {'F_dwave': np.complex128(0.03494524614971112j)}, 'free': np.float64(-10377.353985082287)}]
------------------------------------------
  Seed: px+i*py
F_onsite: (1.6406876101520123e-17+1.140718042838389e-17j)
F_swave: (-7.806255641895632e-18-5.204170427930421e-17j), F_dwave: (-0.01300973615936707-0.03243326985562143j)
F_px: (1.2333883914195098e-15+3.0704605524789486e-15j), F_py: (1.1013759348976748e-14+2.7408630920433552e-14j)
Free_energy = -10377.353985082287
------------------------------------------
[{'stable': {'F_dwave': np.complex128(-0.03494524614971112j)}, 'free': np.float64(-10377.353985082287)}, {'stable': {'F_dwave': np.complex128(0.03494524614971112j)}, 'free': np.float64(-10377.353985082287)}, {'stable': {'F_dwave': np.complex128(-0.01300973615936707-0.03243326985562143j)}, 'free': np.float64(-10377.353985082287)}]
------------------------------------------
  Seed: d-wave
F_onsite: (2.83855299003697e-19+0j)
F_swave: 0j, F_dwave: (0.03494524614971112+0j)
F_px: 2.8059181919708845e-17j, F_py: -2.007250371055468e-17j
Free_energy = -10377.353985082287
------------------------------------------
[{'stable': {'F_dwave': np.complex128(-0.03494524614971112j)}, 'free': np.float64(-10377.353985082287)}, {'stable': {'F_dwave': np.complex128(0.03494524614971112j)}, 'free': np.float64(-10377.353985082287)}, {'stable': {'F_dwave': np.complex128(-0.01300973615936707-0.03243326985562143j)}, 'free': np.float64(-10377.353985082287)}, {'stable': {'F_dwave': np.complex128(0.03494524614971112+0j)}, 'free': np.float64(-10377.353985082287)}]
------------------------------------------
  Seed: d-wave+px
F_onsite: (-1.2091854738858558e-17-1.004643303464579e-18j)
F_swave: (-1.3877787807814457e-17-8.384977016597837e-19j), F_dwave: (0.034945246149711354-6.260109027957119e-17j)
F_px: (3.008357452038979e-14+1.6161868313037e-17j), F_py: (6.938893903907228e-18-2.0218095648705316e-17j)
Free_energy = -10377.353985082287
------------------------------------------
[{'stable': {'F_dwave': np.complex128(-0.03494524614971112j)}, 'free': np.float64(-10377.353985082287)}, {'stable': {'F_dwave': np.complex128(0.03494524614971112j)}, 'free': np.float64(-10377.353985082287)}, {'stable': {'F_dwave': np.complex128(-0.01300973615936707-0.03243326985562143j)}, 'free': np.float64(-10377.353985082287)}, {'stable': {'F_dwave': np.complex128(0.03494524614971112+0j)}, 'free': np.float64(-10377.353985082287)}]
------------------------------------------
  Seed: d-wave+py
F_onsite: (2.2080622443983882e-17-1.9630995344283622e-19j)
F_swave: (1.0408340855860843e-17+1.388450286217088e-18j), F_dwave: (0.034945246149711146-9.157785207225652e-17j)
F_px: (-4.5102810375396984e-17+2.0809590708812594e-17j), F_py: (3.013561622466909e-14-1.9098666660840964e-17j)
Free_energy = -10377.353985082287
------------------------------------------
[{'stable': {'F_dwave': np.complex128(-0.03494524614971112j)}, 'free': np.float64(-10377.353985082287)}, {'stable': {'F_dwave': np.complex128(0.03494524614971112j)}, 'free': np.float64(-10377.353985082287)}, {'stable': {'F_dwave': np.complex128(-0.01300973615936707-0.03243326985562143j)}, 'free': np.float64(-10377.353985082287)}, {'stable': {'F_dwave': np.complex128(0.03494524614971112+0j)}, 'free': np.float64(-10377.353985082287)}]
------------------------------------------
====================================
mu=0.99, T=0.0820
====================================
  Seed: normal state
F_onsite: 0j
F_swave: 0j, F_dwave: 0j
F_px: 0j, F_py: 0j
Free_energy = -10335.977213148368
------------------------------------------
[{'stable': {}, 'free': np.float64(-10335.977213148368)}]
------------------------------------------
  Seed: px
F_onsite: 2.5436313379262934e-17j
F_swave: -7.632783294297951e-17j, F_dwave: -0.03329318252992755j
F_px: (2.26758284546678e-17+0j), F_py: (-2.067540009027824e-17+0j)
Free_energy = -10374.538105609203
------------------------------------------
[{'stable': {'F_dwave': np.complex128(-0.03329318252992755j)}, 'free': np.float64(-10374.538105609203)}]
------------------------------------------
  Seed: py
F_onsite: -2.5436313379262934e-17j
F_swave: 7.632783294297951e-17j, F_dwave: 0.03329318252992755j
F_px: (-2.26758284546678e-17+0j), F_py: (2.067540009027824e-17+0j)
Free_energy = -10374.538105609203
------------------------------------------
[{'stable': {'F_dwave': np.complex128(-0.03329318252992755j)}, 'free': np.float64(-10374.538105609203)}, {'stable': {'F_dwave': np.complex128(0.03329318252992755j)}, 'free': np.float64(-10374.538105609203)}]
------------------------------------------
  Seed: px+py
F_onsite: 2.5436313379262934e-17j
F_swave: -7.632783294297951e-17j, F_dwave: -0.03329318252992755j
F_px: (2.26758284546678e-17+0j), F_py: (-2.067540009027824e-17+0j)
Free_energy = -10374.538105609203
------------------------------------------
[{'stable': {'F_dwave': np.complex128(-0.03329318252992755j)}, 'free': np.float64(-10374.538105609203)}, {'stable': {'F_dwave': np.complex128(0.03329318252992755j)}, 'free': np.float64(-10374.538105609203)}]
------------------------------------------
  Seed: px+i*py
F_onsite: (-7.545374457224983e-18-5.1242581633128984e-18j)
F_swave: (-1.6046192152785466e-17+8.673617379884035e-19j), F_dwave: (-0.012394690790397915-0.030899961863754648j)
F_px: (7.546047120499111e-17+3.469446951953614e-18j), F_py: (2.229119666630197e-16+4.666406150377611e-16j)
Free_energy = -10374.5381056092
------------------------------------------
[{'stable': {'F_dwave': np.complex128(-0.03329318252992755j)}, 'free': np.float64(-10374.538105609203)}, {'stable': {'F_dwave': np.complex128(0.03329318252992755j)}, 'free': np.float64(-10374.538105609203)}, {'stable': {'F_dwave': np.complex128(-0.012394690790397915-0.030899961863754648j)}, 'free': np.float64(-10374.5381056092)}]
------------------------------------------
  Seed: d-wave
F_onsite: (-2.8703577537173887e-17+0j)
F_swave: (7.979727989493313e-17+0j), F_dwave: (0.033293182529927544+0j)
F_px: 2.041156876595292e-17j, F_py: -2.0423871009613116e-17j
Free_energy = -10374.538105609203
------------------------------------------
[{'stable': {'F_dwave': np.complex128(-0.03329318252992755j)}, 'free': np.float64(-10374.538105609203)}, {'stable': {'F_dwave': np.complex128(0.03329318252992755j)}, 'free': np.float64(-10374.538105609203)}, {'stable': {'F_dwave': np.complex128(-0.012394690790397915-0.030899961863754648j)}, 'free': np.float64(-10374.5381056092)}, {'stable': {'F_dwave': np.complex128(0.033293182529927544+0j)}, 'free': np.float64(-10374.538105609203)}]
------------------------------------------
  Seed: d-wave+px
F_onsite: (-1.531029257518889e-17+5.601361576204015e-19j)
F_swave: (6.245004513516506e-17+5.658801507093907e-19j), F_dwave: (0.033293182529927585-5.3237690709191944e-17j)
F_px: (6.349087922075114e-16+1.7728697164257872e-17j), F_py: -2.3613419067432874e-17j
Free_energy = -10374.538105609203
------------------------------------------
[{'stable': {'F_dwave': np.complex128(-0.03329318252992755j)}, 'free': np.float64(-10374.538105609203)}, {'stable': {'F_dwave': np.complex128(0.03329318252992755j)}, 'free': np.float64(-10374.538105609203)}, {'stable': {'F_dwave': np.complex128(-0.012394690790397915-0.030899961863754648j)}, 'free': np.float64(-10374.5381056092)}, {'stable': {'F_dwave': np.complex128(0.033293182529927544+0j)}, 'free': np.float64(-10374.538105609203)}]
------------------------------------------
  Seed: d-wave+py
F_onsite: (-4.0704188132640104e-17+9.642105940223926e-19j)
F_swave: (6.418476861114186e-17-2.0648113469821648e-19j), F_dwave: (0.03329318252992755-9.71724790462722e-17j)
F_px: (-2.7755575615628914e-17+2.1633679937729338e-17j), F_py: (4.822531263215524e-16-2.3079057496591474e-17j)
Free_energy = -10374.538105609203
------------------------------------------
[{'stable': {'F_dwave': np.complex128(-0.03329318252992755j)}, 'free': np.float64(-10374.538105609203)}, {'stable': {'F_dwave': np.complex128(0.03329318252992755j)}, 'free': np.float64(-10374.538105609203)}, {'stable': {'F_dwave': np.complex128(-0.012394690790397915-0.030899961863754648j)}, 'free': np.float64(-10374.5381056092)}, {'stable': {'F_dwave': np.complex128(0.033293182529927544+0j)}, 'free': np.float64(-10374.538105609203)}]
------------------------------------------
====================================
mu=0.99, T=0.0850
====================================
  Seed: normal state
F_onsite: 0j
F_swave: 0j, F_dwave: 0j
F_px: 0j, F_py: 0j
Free_energy = -10337.3055325884
------------------------------------------
[{'stable': {}, 'free': np.float64(-10337.3055325884)}]
------------------------------------------
  Seed: px
F_onsite: 3.2318466001871475e-17j
F_swave: 0j, F_dwave: -0.03145030167726112j
F_px: (1.0690661734828254e-17+0j), F_py: (-2.3893313825663667e-17+0j)
Free_energy = -10371.576870239489
------------------------------------------
[{'stable': {'F_dwave': np.complex128(-0.03145030167726112j)}, 'free': np.float64(-10371.576870239489)}]
------------------------------------------
  Seed: py
F_onsite: -3.2318466001871475e-17j
F_swave: 0j, F_dwave: 0.03145030167726112j
F_px: (-1.0690661734828254e-17+0j), F_py: (2.3893313825663667e-17+0j)
Free_energy = -10371.576870239489
------------------------------------------
[{'stable': {'F_dwave': np.complex128(-0.03145030167726112j)}, 'free': np.float64(-10371.576870239489)}, {'stable': {'F_dwave': np.complex128(0.03145030167726112j)}, 'free': np.float64(-10371.576870239489)}]
------------------------------------------
  Seed: px+py
F_onsite: 3.2318466001871475e-17j
F_swave: 0j, F_dwave: -0.03145030167726112j
F_px: (1.0690661734828254e-17+0j), F_py: (-2.3893313825663667e-17+0j)
Free_energy = -10371.576870239489
------------------------------------------
[{'stable': {'F_dwave': np.complex128(-0.03145030167726112j)}, 'free': np.float64(-10371.576870239489)}, {'stable': {'F_dwave': np.complex128(0.03145030167726112j)}, 'free': np.float64(-10371.576870239489)}]
------------------------------------------
  Seed: px+i*py
F_onsite: (-3.3114031771412726e-17-7.537859686796061e-17j)
F_swave: (6.938893903907228e-18+5.0306980803327406e-17j), F_dwave: (-0.011708606235044636-0.029189553193281807j)
F_px: (7.28583859910259e-17+7.632783294297951e-17j), F_py: (-3.122502256758253e-17-3.469446951953614e-18j)
Free_energy = -10371.57687023949
------------------------------------------
[{'stable': {'F_dwave': np.complex128(-0.03145030167726112j)}, 'free': np.float64(-10371.576870239489)}, {'stable': {'F_dwave': np.complex128(0.03145030167726112j)}, 'free': np.float64(-10371.576870239489)}, {'stable': {'F_dwave': np.complex128(-0.011708606235044636-0.029189553193281807j)}, 'free': np.float64(-10371.57687023949)}]
------------------------------------------
  Seed: d-wave
F_onsite: (-3.27486032291215e-17+0j)
F_swave: (-6.938893903907228e-18+0j), F_dwave: (0.03145030167726113+0j)
F_px: 9.241558761282332e-18j, F_py: -2.257913889927617e-17j
Free_energy = -10371.576870239489
------------------------------------------
[{'stable': {'F_dwave': np.complex128(-0.03145030167726112j)}, 'free': np.float64(-10371.576870239489)}, {'stable': {'F_dwave': np.complex128(0.03145030167726112j)}, 'free': np.float64(-10371.576870239489)}, {'stable': {'F_dwave': np.complex128(-0.011708606235044636-0.029189553193281807j)}, 'free': np.float64(-10371.57687023949)}, {'stable': {'F_dwave': np.complex128(0.03145030167726113+0j)}, 'free': np.float64(-10371.576870239489)}]
------------------------------------------
  Seed: d-wave+px
F_onsite: (-3.229495091141782e-17-1.3295115326917594e-18j)
F_swave: (-1.734723475976807e-18-7.469417149911229e-19j), F_dwave: (0.031450301677261136-3.05255744614369e-17j)
F_px: (1.0408340855860843e-17+1.5119032080749532e-17j), F_py: (3.469446951953614e-18-2.211206723049504e-17j)
Free_energy = -10371.576870239489
------------------------------------------
[{'stable': {'F_dwave': np.complex128(-0.03145030167726112j)}, 'free': np.float64(-10371.576870239489)}, {'stable': {'F_dwave': np.complex128(0.03145030167726112j)}, 'free': np.float64(-10371.576870239489)}, {'stable': {'F_dwave': np.complex128(-0.011708606235044636-0.029189553193281807j)}, 'free': np.float64(-10371.57687023949)}, {'stable': {'F_dwave': np.complex128(0.03145030167726113+0j)}, 'free': np.float64(-10371.576870239489)}]
------------------------------------------
  Seed: d-wave+py
F_onsite: (-3.264473581396444e-17-1.5847900257208155e-18j)
F_swave: (-5.204170427930421e-18-7.952483389811837e-20j), F_dwave: (0.031450301677261094-6.269389973750449e-17j)
F_px: (1.0408340855860843e-17+1.7636251872589252e-17j), F_py: (3.469446951953614e-18-2.360980635610755e-17j)
Free_energy = -10371.576870239489
------------------------------------------
[{'stable': {'F_dwave': np.complex128(-0.03145030167726112j)}, 'free': np.float64(-10371.576870239489)}, {'stable': {'F_dwave': np.complex128(0.03145030167726112j)}, 'free': np.float64(-10371.576870239489)}, {'stable': {'F_dwave': np.complex128(-0.011708606235044636-0.029189553193281807j)}, 'free': np.float64(-10371.57687023949)}, {'stable': {'F_dwave': np.complex128(0.03145030167726113+0j)}, 'free': np.float64(-10371.576870239489)}]
------------------------------------------
====================================
mu=0.99, T=0.0880
====================================
  Seed: normal state
F_onsite: 0j
F_swave: 0j, F_dwave: 0j
F_px: 0j, F_py: 0j
Free_energy = -10338.682307757826
------------------------------------------
[{'stable': {}, 'free': np.float64(-10338.682307757826)}]
------------------------------------------
  Seed: px
F_onsite: 6.893019459751773e-17j
F_swave: 3.469446951953614e-18j, F_dwave: -0.02938043586899647j
F_px: (2.7195622730996348e-17+0j), F_py: (-2.448811376155156e-17+0j)
Free_energy = -10368.471724135434
------------------------------------------
[{'stable': {'F_dwave': np.complex128(-0.02938043586899647j)}, 'free': np.float64(-10368.471724135434)}]
------------------------------------------
  Seed: py
F_onsite: -6.893019459751773e-17j
F_swave: -3.469446951953614e-18j, F_dwave: 0.02938043586899647j
F_px: (-2.7195622730996348e-17+0j), F_py: (2.448811376155156e-17+0j)
Free_energy = -10368.471724135434
------------------------------------------
[{'stable': {'F_dwave': np.complex128(-0.02938043586899647j)}, 'free': np.float64(-10368.471724135434)}, {'stable': {'F_dwave': np.complex128(0.02938043586899647j)}, 'free': np.float64(-10368.471724135434)}]
------------------------------------------
  Seed: px+py
F_onsite: 6.893019459751773e-17j
F_swave: 3.469446951953614e-18j, F_dwave: -0.02938043586899647j
F_px: (2.7195622730996348e-17+0j), F_py: (-2.448811376155156e-17+0j)
Free_energy = -10368.471724135434
------------------------------------------
[{'stable': {'F_dwave': np.complex128(-0.02938043586899647j)}, 'free': np.float64(-10368.471724135434)}, {'stable': {'F_dwave': np.complex128(0.02938043586899647j)}, 'free': np.float64(-10368.471724135434)}]
------------------------------------------
  Seed: px+i*py
F_onsite: (-2.0372565132119514e-17-5.0334883259750044e-17j)
F_swave: (1.3010426069826053e-17+3.642919299551295e-17j), F_dwave: (-0.010938017642380003-0.027268475973313847j)
F_px: (8.673617379884035e-17-9.020562075079397e-17j), F_py: (-1.0408340855860843e-17+3.469446951953614e-18j)
Free_energy = -10368.471724135432
------------------------------------------
[{'stable': {'F_dwave': np.complex128(-0.02938043586899647j)}, 'free': np.float64(-10368.471724135434)}, {'stable': {'F_dwave': np.complex128(0.02938043586899647j)}, 'free': np.float64(-10368.471724135434)}, {'stable': {'F_dwave': np.complex128(-0.010938017642380003-0.027268475973313847j)}, 'free': np.float64(-10368.471724135432)}]
------------------------------------------
  Seed: d-wave
F_onsite: (-6.869797852979449e-17+0j)
F_swave: (3.469446951953614e-18+0j), F_dwave: (0.029380435868996458+0j)
F_px: 3.834268426393288e-17j, F_py: -2.5543784820348886e-17j
Free_energy = -10368.471724135432
------------------------------------------
[{'stable': {'F_dwave': np.complex128(-0.02938043586899647j)}, 'free': np.float64(-10368.471724135434)}, {'stable': {'F_dwave': np.complex128(0.02938043586899647j)}, 'free': np.float64(-10368.471724135434)}, {'stable': {'F_dwave': np.complex128(-0.010938017642380003-0.027268475973313847j)}, 'free': np.float64(-10368.471724135432)}, {'stable': {'F_dwave': np.complex128(0.029380435868996458+0j)}, 'free': np.float64(-10368.471724135432)}]
------------------------------------------
  Seed: d-wave+px
F_onsite: (-6.565656114889011e-17-1.5435330364469136e-18j)
F_swave: (6.938893903907228e-18+9.661377530776217e-19j), F_dwave: (0.029380435868996455-2.005977267714445e-17j)
F_px: (-1.734723475976807e-18+3.43896731093499e-17j), F_py: -2.4871344884986153e-17j
Free_energy = -10368.471724135434
------------------------------------------
[{'stable': {'F_dwave': np.complex128(-0.02938043586899647j)}, 'free': np.float64(-10368.471724135434)}, {'stable': {'F_dwave': np.complex128(0.02938043586899647j)}, 'free': np.float64(-10368.471724135434)}, {'stable': {'F_dwave': np.complex128(-0.010938017642380003-0.027268475973313847j)}, 'free': np.float64(-10368.471724135432)}, {'stable': {'F_dwave': np.complex128(0.029380435868996458+0j)}, 'free': np.float64(-10368.471724135432)}]
------------------------------------------
  Seed: d-wave+py
F_onsite: (-6.11865201320454e-17-2.1462889903309187e-18j)
F_swave: (-1.734723475976807e-18+1.4990549631719273e-19j), F_dwave: (0.02938043586899647-4.9848208134234444e-17j)
F_px: (1.5612511283791264e-17+2.668927052967176e-17j), F_py: (-1.0408340855860843e-17-2.5953553138605098e-17j)
Free_energy = -10368.471724135432
------------------------------------------
[{'stable': {'F_dwave': np.complex128(-0.02938043586899647j)}, 'free': np.float64(-10368.471724135434)}, {'stable': {'F_dwave': np.complex128(0.02938043586899647j)}, 'free': np.float64(-10368.471724135434)}, {'stable': {'F_dwave': np.complex128(-0.010938017642380003-0.027268475973313847j)}, 'free': np.float64(-10368.471724135432)}, {'stable': {'F_dwave': np.complex128(0.029380435868996458+0j)}, 'free': np.float64(-10368.471724135432)}]
------------------------------------------
====================================
mu=0.99, T=0.0910
====================================
  Seed: normal state
F_onsite: 0j
F_swave: 0j, F_dwave: 0j
F_px: 0j, F_py: 0j
Free_energy = -10340.107621762494
------------------------------------------
[{'stable': {}, 'free': np.float64(-10340.107621762494)}]
------------------------------------------
  Seed: px
F_onsite: 5.1757680235455555e-17j
F_swave: 3.2959746043559335e-17j, F_dwave: -0.02703186024491305j
F_px: (2.951251219977522e-17+0j), F_py: (-2.836982256771793e-17+0j)
Free_energy = -10365.225389757357
------------------------------------------
[{'stable': {'F_dwave': np.complex128(-0.02703186024491305j)}, 'free': np.float64(-10365.225389757357)}]
------------------------------------------
  Seed: py
F_onsite: -5.1757680235455555e-17j
F_swave: -3.2959746043559335e-17j, F_dwave: 0.02703186024491305j
F_px: (-2.951251219977522e-17+0j), F_py: (2.836982256771793e-17+0j)
Free_energy = -10365.225389757357
------------------------------------------
[{'stable': {'F_dwave': np.complex128(-0.02703186024491305j)}, 'free': np.float64(-10365.225389757357)}, {'stable': {'F_dwave': np.complex128(0.02703186024491305j)}, 'free': np.float64(-10365.225389757357)}]
------------------------------------------
  Seed: px+py
F_onsite: 5.1757680235455555e-17j
F_swave: 3.2959746043559335e-17j, F_dwave: -0.02703186024491305j
F_px: (2.951251219977522e-17+0j), F_py: (-2.836982256771793e-17+0j)
Free_energy = -10365.225389757357
------------------------------------------
[{'stable': {'F_dwave': np.complex128(-0.02703186024491305j)}, 'free': np.float64(-10365.225389757357)}, {'stable': {'F_dwave': np.complex128(0.02703186024491305j)}, 'free': np.float64(-10365.225389757357)}]
------------------------------------------
  Seed: px+i*py
F_onsite: (1.2532982383344121e-17+1.847907922681418e-17j)
F_swave: (-5.637851296924623e-18+1.734723475976807e-17j), F_dwave: (-0.010063668407902094-0.025088723492364327j)
F_px: (1.6479873021779667e-17+3.642919299551295e-17j), F_py: (-4.423544863740858e-17-3.469446951953614e-18j)
Free_energy = -10365.225389757357
------------------------------------------
[{'stable': {'F_dwave': np.complex128(-0.02703186024491305j)}, 'free': np.float64(-10365.225389757357)}, {'stable': {'F_dwave': np.complex128(0.02703186024491305j)}, 'free': np.float64(-10365.225389757357)}, {'stable': {'F_dwave': np.complex128(-0.010063668407902094-0.025088723492364327j)}, 'free': np.float64(-10365.225389757357)}]
------------------------------------------
  Seed: d-wave
F_onsite: (-4.950104880634964e-17+0j)
F_swave: (-3.469446951953614e-17+0j), F_dwave: (0.02703186024491305+0j)
F_px: 3.0833752902955145e-17j, F_py: -2.766212654028696e-17j
Free_energy = -10365.225389757357
------------------------------------------
[{'stable': {'F_dwave': np.complex128(-0.02703186024491305j)}, 'free': np.float64(-10365.225389757357)}, {'stable': {'F_dwave': np.complex128(0.02703186024491305j)}, 'free': np.float64(-10365.225389757357)}, {'stable': {'F_dwave': np.complex128(-0.010063668407902094-0.025088723492364327j)}, 'free': np.float64(-10365.225389757357)}, {'stable': {'F_dwave': np.complex128(0.02703186024491305+0j)}, 'free': np.float64(-10365.225389757357)}]
------------------------------------------
  Seed: d-wave+px
F_onsite: (-4.875820752905252e-17+3.6926767889005455e-19j)
F_swave: (-3.8163916471489756e-17+1.2448482988639685e-18j), F_dwave: (0.02703186024491306-3.727188551929803e-17j)
F_px: (-1.3877787807814457e-17+3.127587763164229e-17j), F_py: (-6.938893903907228e-18-2.6799056215316482e-17j)
Free_energy = -10365.225389757357
------------------------------------------
[{'stable': {'F_dwave': np.complex128(-0.02703186024491305j)}, 'free': np.float64(-10365.225389757357)}, {'stable': {'F_dwave': np.complex128(0.02703186024491305j)}, 'free': np.float64(-10365.225389757357)}, {'stable': {'F_dwave': np.complex128(-0.010063668407902094-0.025088723492364327j)}, 'free': np.float64(-10365.225389757357)}, {'stable': {'F_dwave': np.complex128(0.02703186024491305+0j)}, 'free': np.float64(-10365.225389757357)}]
------------------------------------------
  Seed: d-wave+py
F_onsite: (-4.100030886576674e-17+1.1367038529400064e-19j)
F_swave: (-3.2959746043559335e-17+4.022741239450281e-18j), F_dwave: (0.027031860244913098-7.965853792476537e-17j)
F_px: (-5.204170427930421e-18+3.044060264320512e-17j), F_py: (-6.938893903907228e-18-2.8176799144598067e-17j)
Free_energy = -10365.225389757357
------------------------------------------
[{'stable': {'F_dwave': np.complex128(-0.02703186024491305j)}, 'free': np.float64(-10365.225389757357)}, {'stable': {'F_dwave': np.complex128(0.02703186024491305j)}, 'free': np.float64(-10365.225389757357)}, {'stable': {'F_dwave': np.complex128(-0.010063668407902094-0.025088723492364327j)}, 'free': np.float64(-10365.225389757357)}, {'stable': {'F_dwave': np.complex128(0.02703186024491305+0j)}, 'free': np.float64(-10365.225389757357)}]
------------------------------------------
====================================
mu=0.99, T=0.0940
====================================
  Seed: normal state
F_onsite: 0j
F_swave: 0j, F_dwave: 0j
F_px: 0j, F_py: 0j
Free_energy = -10341.581563598962
------------------------------------------
[{'stable': {}, 'free': np.float64(-10341.581563598962)}]
------------------------------------------
  Seed: px
F_onsite: 1.8691449577281044e-17j
F_swave: -1.0408340855860843e-17j, F_dwave: -0.024324591158849766j
F_px: (2.2102185730897482e-17+0j), F_py: (-3.022394377485248e-17+0j)
Free_energy = -10361.840840478839
------------------------------------------
[{'stable': {'F_dwave': np.complex128(-0.024324591158849766j)}, 'free': np.float64(-10361.840840478839)}]
------------------------------------------
  Seed: py
F_onsite: -1.8691449577281044e-17j
F_swave: 1.0408340855860843e-17j, F_dwave: 0.024324591158849766j
F_px: (-2.2102185730897482e-17+0j), F_py: (3.022394377485248e-17+0j)
Free_energy = -10361.840840478839
------------------------------------------
[{'stable': {'F_dwave': np.complex128(-0.024324591158849766j)}, 'free': np.float64(-10361.840840478839)}, {'stable': {'F_dwave': np.complex128(0.024324591158849766j)}, 'free': np.float64(-10361.840840478839)}]
------------------------------------------
  Seed: px+py
F_onsite: 1.8691449577281044e-17j
F_swave: -1.0408340855860843e-17j, F_dwave: -0.024324591158849766j
F_px: (2.2102185730897482e-17+0j), F_py: (-3.022394377485248e-17+0j)
Free_energy = -10361.840840478839
------------------------------------------
[{'stable': {'F_dwave': np.complex128(-0.024324591158849766j)}, 'free': np.float64(-10361.840840478839)}, {'stable': {'F_dwave': np.complex128(0.024324591158849766j)}, 'free': np.float64(-10361.840840478839)}]
------------------------------------------
  Seed: px+i*py
F_onsite: (1.0037543911394147e-17+1.167134638955581e-17j)
F_swave: (-6.938893903907228e-18+3.469446951953614e-18j), F_dwave: (-0.009055781487569772-0.02257606158510773j)
F_px: (2.6020852139652106e-17+1.8214596497756474e-16j), F_py: (-3.9898639947466563e-17+1.0408340855860843e-17j)
Free_energy = -10361.840840478837
------------------------------------------
[{'stable': {'F_dwave': np.complex128(-0.024324591158849766j)}, 'free': np.float64(-10361.840840478839)}, {'stable': {'F_dwave': np.complex128(0.024324591158849766j)}, 'free': np.float64(-10361.840840478839)}, {'stable': {'F_dwave': np.complex128(-0.009055781487569772-0.02257606158510773j)}, 'free': np.float64(-10361.840840478837)}]
------------------------------------------
  Seed: d-wave
F_onsite: (-2.2724636660301797e-17+0j)
F_swave: (1.3877787807814457e-17+0j), F_dwave: (0.024324591158849766+0j)
F_px: 2.096059914418703e-17j, F_py: -3.064862409160149e-17j
Free_energy = -10361.840840478839
------------------------------------------
[{'stable': {'F_dwave': np.complex128(-0.024324591158849766j)}, 'free': np.float64(-10361.840840478839)}, {'stable': {'F_dwave': np.complex128(0.024324591158849766j)}, 'free': np.float64(-10361.840840478839)}, {'stable': {'F_dwave': np.complex128(-0.009055781487569772-0.02257606158510773j)}, 'free': np.float64(-10361.840840478837)}, {'stable': {'F_dwave': np.complex128(0.024324591158849766+0j)}, 'free': np.float64(-10361.840840478839)}]
------------------------------------------
  Seed: d-wave+px
F_onsite: (-1.7510477199294186e-17-8.086066170165382e-19j)
F_swave: (2.168404344971009e-17+2.8515413800152774e-18j), F_dwave: (0.024324591158849766-3.3490067664289026e-17j)
F_px: 2.6044801086337048e-17j, F_py: (-5.204170427930421e-18-2.924686604118596e-17j)
Free_energy = -10361.840840478839
------------------------------------------
[{'stable': {'F_dwave': np.complex128(-0.024324591158849766j)}, 'free': np.float64(-10361.840840478839)}, {'stable': {'F_dwave': np.complex128(0.024324591158849766j)}, 'free': np.float64(-10361.840840478839)}, {'stable': {'F_dwave': np.complex128(-0.009055781487569772-0.02257606158510773j)}, 'free': np.float64(-10361.840840478837)}, {'stable': {'F_dwave': np.complex128(0.024324591158849766+0j)}, 'free': np.float64(-10361.840840478839)}]
------------------------------------------
  Seed: d-wave+py
F_onsite: (-1.5228017882741915e-17-6.296083811614224e-19j)
F_swave: (1.9081958235744878e-17+2.356444625285698e-18j), F_dwave: (0.024324591158849763-7.855850020663315e-17j)
F_px: (-2.2551405187698492e-17+2.793748173131606e-17j), F_py: -3.101984455254181e-17j
Free_energy = -10361.840840478835
------------------------------------------
[{'stable': {'F_dwave': np.complex128(-0.024324591158849766j)}, 'free': np.float64(-10361.840840478839)}, {'stable': {'F_dwave': np.complex128(0.024324591158849766j)}, 'free': np.float64(-10361.840840478839)}, {'stable': {'F_dwave': np.complex128(-0.009055781487569772-0.02257606158510773j)}, 'free': np.float64(-10361.840840478837)}, {'stable': {'F_dwave': np.complex128(0.024324591158849766+0j)}, 'free': np.float64(-10361.840840478839)}]
------------------------------------------
====================================
mu=0.99, T=0.0970
====================================
  Seed: normal state
F_onsite: 0j
F_swave: 0j, F_dwave: 0j
F_px: 0j, F_py: 0j
Free_energy = -10343.104227888594
------------------------------------------
[{'stable': {}, 'free': np.float64(-10343.104227888594)}]
------------------------------------------
  Seed: px
F_onsite: 7.90060055384098e-19j
F_swave: -1.734723475976807e-17j, F_dwave: -0.021120901941397617j
F_px: (2.1323437163594893e-17+0j), F_py: (-3.3692797224716584e-17+0j)
Free_energy = -10358.319523064769
------------------------------------------
[{'stable': {'F_dwave': np.complex128(-0.021120901941397617j)}, 'free': np.float64(-10358.319523064769)}]
------------------------------------------
  Seed: py
F_onsite: -7.90060055384098e-19j
F_swave: 1.734723475976807e-17j, F_dwave: 0.021120901941397617j
F_px: (-2.1323437163594893e-17+0j), F_py: (3.3692797224716584e-17+0j)
Free_energy = -10358.319523064769
------------------------------------------
[{'stable': {'F_dwave': np.complex128(-0.021120901941397617j)}, 'free': np.float64(-10358.319523064769)}, {'stable': {'F_dwave': np.complex128(0.021120901941397617j)}, 'free': np.float64(-10358.319523064769)}]
------------------------------------------
  Seed: px+py
F_onsite: 7.90060055384098e-19j
F_swave: -1.734723475976807e-17j, F_dwave: -0.021120901941397617j
F_px: (2.1323437163594893e-17+0j), F_py: (-3.3692797224716584e-17+0j)
Free_energy = -10358.319523064769
------------------------------------------
[{'stable': {'F_dwave': np.complex128(-0.021120901941397617j)}, 'free': np.float64(-10358.319523064769)}, {'stable': {'F_dwave': np.complex128(0.021120901941397617j)}, 'free': np.float64(-10358.319523064769)}]
------------------------------------------
  Seed: px+i*py
F_onsite: (-8.828975960991907e-18+6.169742989175001e-17j)
F_swave: (9.540979117872439e-18+5.4643789493269423e-17j), F_dwave: (-0.007863082736011537-0.019602663816552263j)
F_px: (2.168404344971009e-17-1.0755285551056204e-16j), F_py: (-3.2959746043559335e-17+8.673617379884035e-18j)
Free_energy = -10358.319523064769
------------------------------------------
[{'stable': {'F_dwave': np.complex128(-0.021120901941397617j)}, 'free': np.float64(-10358.319523064769)}, {'stable': {'F_dwave': np.complex128(0.021120901941397617j)}, 'free': np.float64(-10358.319523064769)}, {'stable': {'F_dwave': np.complex128(-0.007863082736011537-0.019602663816552263j)}, 'free': np.float64(-10358.319523064769)}]
------------------------------------------
  Seed: d-wave
F_onsite: (5.857169964536933e-18+0j)
F_swave: (1.9081958235744878e-17+0j), F_dwave: (0.02112090194139763+0j)
F_px: 2.493141391388914e-17j, F_py: -3.316899502798473e-17j
Free_energy = -10358.319523064769
------------------------------------------
[{'stable': {'F_dwave': np.complex128(-0.021120901941397617j)}, 'free': np.float64(-10358.319523064769)}, {'stable': {'F_dwave': np.complex128(0.021120901941397617j)}, 'free': np.float64(-10358.319523064769)}, {'stable': {'F_dwave': np.complex128(-0.007863082736011537-0.019602663816552263j)}, 'free': np.float64(-10358.319523064769)}, {'stable': {'F_dwave': np.complex128(0.02112090194139763+0j)}, 'free': np.float64(-10358.319523064769)}]
------------------------------------------
  Seed: d-wave+px
F_onsite: (6.096403832577069e-18+2.4034217495728734e-19j)
F_swave: (1.474514954580286e-17+1.1592357258501896e-19j), F_dwave: (0.021120901941397634-1.2085486770939671e-17j)
F_px: (-1.3877787807814457e-17+2.2646214147967483e-17j), F_py: (-3.2959746043559335e-17-3.323941622225382e-17j)
Free_energy = -10358.319523064767
------------------------------------------
[{'stable': {'F_dwave': np.complex128(-0.021120901941397617j)}, 'free': np.float64(-10358.319523064769)}, {'stable': {'F_dwave': np.complex128(0.021120901941397617j)}, 'free': np.float64(-10358.319523064769)}, {'stable': {'F_dwave': np.complex128(-0.007863082736011537-0.019602663816552263j)}, 'free': np.float64(-10358.319523064769)}, {'stable': {'F_dwave': np.complex128(0.02112090194139763+0j)}, 'free': np.float64(-10358.319523064769)}]
------------------------------------------
  Seed: d-wave+py
F_onsite: (8.902104517405883e-18-1.2093610462715155e-18j)
F_swave: (1.8214596497756474e-17+1.1328982434477129e-18j), F_dwave: (0.021120901941397624-5.102783794638834e-17j)
F_px: (-2.949029909160572e-17+2.544108755556586e-17j), F_py: (8.673617379884035e-18-3.405004143523206e-17j)
Free_energy = -10358.319523064769
------------------------------------------
[{'stable': {'F_dwave': np.complex128(-0.021120901941397617j)}, 'free': np.float64(-10358.319523064769)}, {'stable': {'F_dwave': np.complex128(0.021120901941397617j)}, 'free': np.float64(-10358.319523064769)}, {'stable': {'F_dwave': np.complex128(-0.007863082736011537-0.019602663816552263j)}, 'free': np.float64(-10358.319523064769)}, {'stable': {'F_dwave': np.complex128(0.02112090194139763+0j)}, 'free': np.float64(-10358.319523064769)}]
------------------------------------------
====================================
mu=0.99, T=0.1000
====================================
  Seed: normal state
F_onsite: 0j
F_swave: 0j, F_dwave: 0j
F_px: 0j, F_py: 0j
Free_energy = -10344.675714624122
------------------------------------------
[{'stable': {}, 'free': np.float64(-10344.675714624122)}]
------------------------------------------
  Seed: px
F_onsite: -1.8906728294781645e-17j
F_swave: -1.0408340855860843e-17j, F_dwave: -0.01714961614106274j
F_px: (3.1603807388429495e-17+0j), F_py: (-3.8535128660623953e-17+0j)
Free_energy = -10354.669042709791
------------------------------------------
[{'stable': {'F_dwave': np.complex128(-0.01714961614106274j)}, 'free': np.float64(-10354.669042709791)}]
------------------------------------------
  Seed: py
F_onsite: 1.8906728294781645e-17j
F_swave: 1.0408340855860843e-17j, F_dwave: 0.01714961614106274j
F_px: (-3.1603807388429495e-17+0j), F_py: (3.8535128660623953e-17+0j)
Free_energy = -10354.669042709791
------------------------------------------
[{'stable': {'F_dwave': np.complex128(-0.01714961614106274j)}, 'free': np.float64(-10354.669042709791)}, {'stable': {'F_dwave': np.complex128(0.01714961614106274j)}, 'free': np.float64(-10354.669042709791)}]
------------------------------------------
  Seed: px+py
F_onsite: -1.8906728294781645e-17j
F_swave: -1.0408340855860843e-17j, F_dwave: -0.01714961614106274j
F_px: (3.1603807388429495e-17+0j), F_py: (-3.8535128660623953e-17+0j)
Free_energy = -10354.669042709791
------------------------------------------
[{'stable': {'F_dwave': np.complex128(-0.01714961614106274j)}, 'free': np.float64(-10354.669042709791)}, {'stable': {'F_dwave': np.complex128(0.01714961614106274j)}, 'free': np.float64(-10354.669042709791)}]
------------------------------------------
  Seed: px+i*py
F_onsite: (1.6804887173702778e-17+2.4264532632242765e-17j)
F_swave: (-2.3852447794681098e-18-3.469446951953614e-18j), F_dwave: (-0.006384616101252013-0.015916846767668653j)
F_px: (6.895525817007808e-17+4.336808689942018e-17j), F_py: (-3.946495907847236e-17+2.0816681711721685e-17j)
Free_energy = -10354.669042709791
------------------------------------------
[{'stable': {'F_dwave': np.complex128(-0.01714961614106274j)}, 'free': np.float64(-10354.669042709791)}, {'stable': {'F_dwave': np.complex128(0.01714961614106274j)}, 'free': np.float64(-10354.669042709791)}, {'stable': {'F_dwave': np.complex128(-0.006384616101252013-0.015916846767668653j)}, 'free': np.float64(-10354.669042709791)}]
------------------------------------------
  Seed: d-wave
F_onsite: (1.790724926935627e-17+0j)
F_swave: (1.0408340855860843e-17+0j), F_dwave: (0.017149616141062737+0j)
F_px: 3.330469835017227e-17j, F_py: -3.815128666430699e-17j
Free_energy = -10354.669042709791
------------------------------------------
[{'stable': {'F_dwave': np.complex128(-0.01714961614106274j)}, 'free': np.float64(-10354.669042709791)}, {'stable': {'F_dwave': np.complex128(0.01714961614106274j)}, 'free': np.float64(-10354.669042709791)}, {'stable': {'F_dwave': np.complex128(-0.006384616101252013-0.015916846767668653j)}, 'free': np.float64(-10354.669042709791)}, {'stable': {'F_dwave': np.complex128(0.017149616141062737+0j)}, 'free': np.float64(-10354.669042709791)}]
------------------------------------------
  Seed: d-wave+px
F_onsite: (2.0551924358700612e-17+0j)
F_swave: (8.673617379884035e-18+0j), F_dwave: (0.017149616141062734+0j)
F_px: 3.367354976583824e-17j, F_py: -3.9131317019170017e-17j
Free_energy = -10354.669042709791
------------------------------------------
[{'stable': {'F_dwave': np.complex128(-0.01714961614106274j)}, 'free': np.float64(-10354.669042709791)}, {'stable': {'F_dwave': np.complex128(0.01714961614106274j)}, 'free': np.float64(-10354.669042709791)}, {'stable': {'F_dwave': np.complex128(-0.006384616101252013-0.015916846767668653j)}, 'free': np.float64(-10354.669042709791)}, {'stable': {'F_dwave': np.complex128(0.017149616141062737+0j)}, 'free': np.float64(-10354.669042709791)}]
------------------------------------------
  Seed: d-wave+py
F_onsite: (2.1385259195011038e-17+4.284680445588091e-19j)
F_swave: (1.0408340855860843e-17+7.189969172608791e-19j), F_dwave: (0.017149616141062727-2.3902143616811153e-17j)
F_px: (-1.214306433183765e-17+2.9862884090364026e-17j), F_py: (3.469446951953614e-18-3.774707741335744e-17j)
Free_energy = -10354.669042709791
------------------------------------------
[{'stable': {'F_dwave': np.complex128(-0.01714961614106274j)}, 'free': np.float64(-10354.669042709791)}, {'stable': {'F_dwave': np.complex128(0.01714961614106274j)}, 'free': np.float64(-10354.669042709791)}, {'stable': {'F_dwave': np.complex128(-0.006384616101252013-0.015916846767668653j)}, 'free': np.float64(-10354.669042709791)}, {'stable': {'F_dwave': np.complex128(0.017149616141062737+0j)}, 'free': np.float64(-10354.669042709791)}]
------------------------------------------
