/home/emilssp/D1/venv/bin/python
Python 3.10.12
Running job 10 out of 30
====================================
mu=0.85, T=0.0010
====================================
  Seed: normal state
F_onsite: 0j
F_swave: 0j, F_dwave: 0j
F_px: 0j, F_py: 0j
Free_energy = -10029.05892740354
------------------------------------------
[{'stable': {}, 'free': np.float64(-10029.05892740354)}]
------------------------------------------
  Seed: px
F_onsite: 3.4010490414628294e-18j
F_swave: -6.554182127176166e-19j, F_dwave: 4.155993625482826e-18j
F_px: (0.05162193306610686+0j), F_py: (-1.661640414496522e-20+0j)
Free_energy = -10080.218203969771
------------------------------------------
[{'stable': {'F_px': np.complex128(0.05162193306610686+0j)}, 'free': np.float64(-10080.218203969771)}]
------------------------------------------
  Seed: py
F_onsite: -5.23783998758378e-19j
F_swave: 1.3989807915088838e-18j, F_dwave: 1.809474133571999e-19j
F_px: (3.257106379988802e-20+0j), F_py: (0.05162193306610688+0j)
Free_energy = -10080.21820396977
------------------------------------------
[{'stable': {'F_px': np.complex128(0.05162193306610686+0j)}, 'free': np.float64(-10080.218203969771)}, {'stable': {'F_py': np.complex128(0.05162193306610688+0j)}, 'free': np.float64(-10080.21820396977)}]
------------------------------------------
  Seed: px+py
F_onsite: -7.795826548732563e-18j
F_swave: 3.261712121639497e-18j, F_dwave: 9.9737123687569e-17j
F_px: (0.03018098002987913+0j), F_py: (0.030180980029812322+0j)
Free_energy = -10064.126770960424
------------------------------------------
[{'stable': {'F_px': np.complex128(0.05162193306610686+0j)}, 'free': np.float64(-10080.218203969771)}, {'stable': {'F_py': np.complex128(0.05162193306610688+0j)}, 'free': np.float64(-10080.21820396977)}]
------------------------------------------
  Seed: px+i*py
F_onsite: (2.195689393784438e-17+2.5731802146401576e-18j)
F_swave: (-2.6136260378715505e-18-1.734723475976807e-18j), F_dwave: (1.4139150411601612e-16+5.0306980803327406e-17j)
F_px: (0.038880025377512235-1.9870784137655047e-17j), F_py: (1.6671884803010377e-17+0.03888002537751227j)
Free_energy = -10087.195388870749
------------------------------------------
[{'stable': {'F_px': np.complex128(0.038880025377512235-1.9870784137655047e-17j), 'F_py': np.complex128(1.6671884803010377e-17+0.03888002537751227j)}, 'free': np.float64(-10087.195388870749)}]
------------------------------------------
  Seed: d-wave
F_onsite: (-7.203251563256315e-17+0j)
F_swave: (6.938893903907228e-18+0j), F_dwave: (0.060122863703059755+0j)
F_px: 1.4373561816670564e-18j, F_py: -1.785451154222234e-18j
Free_energy = -10170.719082465585
------------------------------------------
[{'stable': {'F_dwave': np.complex128(0.060122863703059755+0j)}, 'free': np.float64(-10170.719082465585)}]
------------------------------------------
  Seed: d-wave+px
F_onsite: (-7.512701531764396e-14-6.63393005669381e-19j)
F_swave: (2.325917236589703e-14+2.997682242059319e-18j), F_dwave: (0.06012133505084549-5.386974241377343e-18j)
F_px: (3.1112509084677e-07+9.162615043574958e-18j), F_py: (-6.938893903907228e-18-2.9933565216447087e-19j)
Free_energy = -10170.709778309594
------------------------------------------
[{'stable': {'F_dwave': np.complex128(0.060122863703059755+0j)}, 'free': np.float64(-10170.719082465585)}]
------------------------------------------
  Seed: d-wave+py
F_onsite: (8.680638749420775e-14-2.545113783393571e-18j)
F_swave: (-2.7004440350530956e-14-3.1935787130547893e-18j), F_dwave: (0.06012133505079714-2.6252258873184506e-16j)
F_px: (-7.28583859910259e-17+4.987266377266543e-18j), F_py: (3.3465161092607887e-07-3.1284081668734313e-18j)
Free_energy = -10170.709778309645
------------------------------------------
[{'stable': {'F_dwave': np.complex128(0.060122863703059755+0j)}, 'free': np.float64(-10170.719082465585)}]
------------------------------------------
====================================
mu=0.85, T=0.0040
====================================
  Seed: normal state
F_onsite: 0j
F_swave: 0j, F_dwave: 0j
F_px: 0j, F_py: 0j
Free_energy = -10029.087589979497
------------------------------------------
[{'stable': {}, 'free': np.float64(-10029.087589979497)}]
------------------------------------------
  Seed: px
F_onsite: -1.2226232379346181e-17j
F_swave: 8.337927634975316e-18j, F_dwave: 1.024216357952139e-17j
F_px: (0.05161509914242186+0j), F_py: (-1.9278602228405884e-19+0j)
Free_energy = -10080.208616338876
------------------------------------------
[{'stable': {'F_px': np.complex128(0.05161509914242186+0j)}, 'free': np.float64(-10080.208616338876)}]
------------------------------------------
  Seed: py
F_onsite: -4.801618019747815e-20j
F_swave: 3.1753147610195584e-19j, F_dwave: -1.149741346779306e-18j
F_px: (5.91281936742705e-19+0j), F_py: (0.05161509914242161+0j)
Free_energy = -10080.20861633885
------------------------------------------
[{'stable': {'F_px': np.complex128(0.05161509914242186+0j)}, 'free': np.float64(-10080.208616338876)}, {'stable': {'F_py': np.complex128(0.05161509914242161+0j)}, 'free': np.float64(-10080.20861633885)}]
------------------------------------------
  Seed: px+py
F_onsite: -1.560573502021323e-17j
F_swave: 8.904486797570036e-18j, F_dwave: 1.2315652588796634e-16j
F_px: (0.030179132935311104+0j), F_py: (0.030179132935210438+0j)
Free_energy = -10064.12329697488
------------------------------------------
[{'stable': {'F_px': np.complex128(0.05161509914242186+0j)}, 'free': np.float64(-10080.208616338876)}, {'stable': {'F_py': np.complex128(0.05161509914242161+0j)}, 'free': np.float64(-10080.20861633885)}]
------------------------------------------
  Seed: px+i*py
F_onsite: (2.266866631133401e-17-1.5086715581783157e-18j)
F_swave: (1.1932589879334757e-17+0j), F_dwave: (1.754175455261604e-16+5.551115123125783e-17j)
F_px: (0.03887938055747953-2.0397665100626823e-17j), F_py: (1.6728133084663982e-17+0.03887938055747928j)
Free_energy = -10087.193040962478
------------------------------------------
[{'stable': {'F_px': np.complex128(0.03887938055747953-2.0397665100626823e-17j), 'F_py': np.complex128(1.6728133084663982e-17+0.03887938055747928j)}, 'free': np.float64(-10087.193040962478)}]
------------------------------------------
  Seed: d-wave
F_onsite: (1.1742258929108755e-18+0j)
F_swave: (-5.551115123125783e-17+0j), F_dwave: (0.06012235417567698+0j)
F_px: 1.2187069513244858e-17j, F_py: -5.471717033977023e-19j
Free_energy = -10170.715981191528
------------------------------------------
[{'stable': {'F_dwave': np.complex128(0.06012235417567698+0j)}, 'free': np.float64(-10170.715981191528)}]
------------------------------------------
  Seed: d-wave+px
F_onsite: (-6.962743700885035e-14-2.991776449154987e-19j)
F_swave: (2.1597307275911248e-14-1.5153616970276746e-18j), F_dwave: (0.06012133504526561-1.0701070768861468e-17j)
F_px: (2.999895216578008e-07-5.0134414093534806e-18j), F_py: (-4.85722573273506e-17-2.1670488150610395e-18j)
Free_energy = -10170.70977829337
------------------------------------------
[{'stable': {'F_dwave': np.complex128(0.06012235417567698+0j)}, 'free': np.float64(-10170.715981191528)}]
------------------------------------------
  Seed: d-wave+py
F_onsite: (8.191916996497455e-14+3.1594667091128398e-18j)
F_swave: (-2.5536864289854577e-14+5.407045638384862e-19j), F_dwave: (0.06012133504564069-2.577423694609537e-16j)
F_px: (-7.979727989493313e-17+4.70585201918414e-18j), F_py: (3.2503472329262206e-07-2.3905647839037057e-18j)
Free_energy = -10170.709778296012
------------------------------------------
[{'stable': {'F_dwave': np.complex128(0.06012235417567698+0j)}, 'free': np.float64(-10170.715981191528)}]
------------------------------------------
====================================
mu=0.85, T=0.0070
====================================
  Seed: normal state
F_onsite: 0j
F_swave: 0j, F_dwave: 0j
F_px: 0j, F_py: 0j
Free_energy = -10029.171370849186
------------------------------------------
[{'stable': {}, 'free': np.float64(-10029.171370849186)}]
------------------------------------------
  Seed: px
F_onsite: -3.1429157507870814e-18j
F_swave: 3.771202439412959e-18j, F_dwave: 4.4470288522034836e-18j
F_px: (0.051590935946774816+0j), F_py: (8.266512169609937e-20+0j)
Free_energy = -10080.177794099798
------------------------------------------
[{'stable': {'F_px': np.complex128(0.051590935946774816+0j)}, 'free': np.float64(-10080.177794099798)}]
------------------------------------------
  Seed: py
F_onsite: -9.86528685755243e-19j
F_swave: 1.986768717344165e-18j, F_dwave: -1.227721317485905e-18j
F_px: (6.754359835413999e-19+0j), F_py: (0.05159093594677475+0j)
Free_energy = -10080.177794099794
------------------------------------------
[{'stable': {'F_px': np.complex128(0.051590935946774816+0j)}, 'free': np.float64(-10080.177794099798)}, {'stable': {'F_py': np.complex128(0.05159093594677475+0j)}, 'free': np.float64(-10080.177794099794)}]
------------------------------------------
  Seed: px+py
F_onsite: -3.3772950612482667e-17j
F_swave: 3.53583315919467e-19j, F_dwave: 2.6462765110102436e-16j
F_px: (0.0301622409970791+0j), F_py: (0.030162240996619977+0j)
Free_energy = -10064.09489923141
------------------------------------------
[{'stable': {'F_px': np.complex128(0.051590935946774816+0j)}, 'free': np.float64(-10080.177794099798)}, {'stable': {'F_py': np.complex128(0.05159093594677475+0j)}, 'free': np.float64(-10080.177794099794)}]
------------------------------------------
  Seed: px+i*py
F_onsite: (1.8198502871758643e-17-1.3010426069826053e-18j)
F_swave: (-3.2015092549133976e-17+6.938893903907228e-18j), F_dwave: (1.6385407672337132e-16+6.591949208711867e-17j)
F_px: (0.03887891435210365-2.620608765730478e-17j), F_py: (1.792252894963135e-17+0.038878914352103416j)
Free_energy = -10087.191349238394
------------------------------------------
[{'stable': {'F_px': np.complex128(0.03887891435210365-2.620608765730478e-17j), 'F_py': np.complex128(1.792252894963135e-17+0.038878914352103416j)}, 'free': np.float64(-10087.191349238394)}]
------------------------------------------
  Seed: d-wave
F_onsite: (1.6560516514058687e-16+0j)
F_swave: (3.122502256758253e-17+0j), F_dwave: (0.06012200915889268+0j)
F_px: 6.81830172394496e-18j, F_py: -6.705622353722374e-19j
Free_energy = -10170.713926174407
------------------------------------------
[{'stable': {'F_dwave': np.complex128(0.06012200915889268+0j)}, 'free': np.float64(-10170.713926174407)}]
------------------------------------------
  Seed: d-wave+px
F_onsite: (-6.680075471346246e-14+1.513784965774094e-19j)
F_swave: (2.0702189962307216e-14+1.1267350446998928e-18j), F_dwave: (0.060121323802026116-8.507925451768998e-18j)
F_px: (2.9349464342534604e-07-1.1872004863405152e-17j), F_py: (-6.245004513516506e-17-1.650641153976715e-18j)
Free_energy = -10170.709754801257
------------------------------------------
[{'stable': {'F_dwave': np.complex128(0.06012200915889268+0j)}, 'free': np.float64(-10170.713926174407)}]
------------------------------------------
  Seed: d-wave+py
F_onsite: (7.823914234557952e-14+1.0220496985705195e-18j)
F_swave: (-2.4346843985334488e-14-2.068099714650077e-18j), F_dwave: (0.06012132380210434-2.667561328145014e-16j)
F_px: (-5.204170427930421e-17-6.441409965302648e-18j), F_py: (3.17997607125059e-07-3.512566902683065e-18j)
Free_energy = -10170.70975480209
------------------------------------------
[{'stable': {'F_dwave': np.complex128(0.06012200915889268+0j)}, 'free': np.float64(-10170.713926174407)}]
------------------------------------------
====================================
mu=0.85, T=0.0100
====================================
  Seed: normal state
F_onsite: 0j
F_swave: 0j, F_dwave: 0j
F_px: 0j, F_py: 0j
Free_energy = -10029.314467016036
------------------------------------------
[{'stable': {}, 'free': np.float64(-10029.314467016036)}]
------------------------------------------
  Seed: px
F_onsite: 2.713152409173931e-19j
F_swave: 1.0048934188429002e-17j, F_dwave: 2.727615496748298e-17j
F_px: (0.051561038504771214+0j), F_py: (-8.509438571904511e-19+0j)
Free_energy = -10080.146460028722
------------------------------------------
[{'stable': {'F_px': np.complex128(0.051561038504771214+0j)}, 'free': np.float64(-10080.146460028722)}]
------------------------------------------
  Seed: py
F_onsite: 3.613124915631625e-19j
F_swave: 1.630114906990901e-18j, F_dwave: -1.5711931775975237e-18j
F_px: (-2.244902008019913e-19+0j), F_py: (0.05156103850477139+0j)
Free_energy = -10080.146460028764
------------------------------------------
[{'stable': {'F_px': np.complex128(0.051561038504771214+0j)}, 'free': np.float64(-10080.146460028722)}, {'stable': {'F_py': np.complex128(0.05156103850477139+0j)}, 'free': np.float64(-10080.146460028764)}]
------------------------------------------
  Seed: px+py
F_onsite: 3.4914592206703853e-17j
F_swave: 8.711892681188089e-18j, F_dwave: 6.950444786329817e-16j
F_px: (0.03012310378288493+0j), F_py: (0.0301231037795309+0j)
Free_energy = -10064.035153713654
------------------------------------------
[{'stable': {'F_px': np.complex128(0.051561038504771214+0j)}, 'free': np.float64(-10080.146460028722)}, {'stable': {'F_py': np.complex128(0.05156103850477139+0j)}, 'free': np.float64(-10080.146460028764)}]
------------------------------------------
  Seed: px+i*py
F_onsite: (3.6646721644279694e-17-3.132391366417447e-17j)
F_swave: (-6.233130170387184e-18+9.8879238130678e-17j), F_dwave: (1.9358326557588235e-16-1.5612511283791264e-17j)
F_px: (0.03887846630953519-2.781881191909737e-17j), F_py: (1.9435276853868328e-17+0.038878466309534995j)
Free_energy = -10087.190156275592
------------------------------------------
[{'stable': {'F_px': np.complex128(0.03887846630953519-2.781881191909737e-17j), 'F_py': np.complex128(1.9435276853868328e-17+0.038878466309534995j)}, 'free': np.float64(-10087.190156275592)}]
------------------------------------------
  Seed: d-wave
F_onsite: (4.053423891270741e-17+0j)
F_swave: (3.8163916471489756e-17+0j), F_dwave: (0.060121638851962506+0j)
F_px: -1.7950166708257973e-18j, F_py: -7.153573742644341e-19j
Free_energy = -10170.712875574814
------------------------------------------
[{'stable': {'F_dwave': np.complex128(0.060121638851962506+0j)}, 'free': np.float64(-10170.712875574814)}]
------------------------------------------
  Seed: d-wave+px
F_onsite: (-6.377080082702344e-14+1.1774575324677554e-18j)
F_swave: (1.9812276819131114e-14+5.579464469852026e-19j), F_dwave: (0.06012102428038326-1.0005558905058253e-17j)
F_px: (2.870350802042232e-07-5.4402966446482685e-18j), F_py: (-3.122502256758253e-17-1.2264648963745094e-18j)
Free_energy = -10170.709135108664
------------------------------------------
[{'stable': {'F_dwave': np.complex128(0.060121638851962506+0j)}, 'free': np.float64(-10170.712875574814)}]
------------------------------------------
  Seed: d-wave+py
F_onsite: (7.492091421280447e-14-5.904954289401445e-18j)
F_swave: (-2.3387541903119313e-14-8.086035770988101e-19j), F_dwave: (0.06012102428037509-2.5681071717780613e-16j)
F_px: (-9.020562075079397e-17-6.480527774698291e-18j), F_py: (3.1099875526935383e-07-3.66354145118211e-18j)
Free_energy = -10170.70913510892
------------------------------------------
[{'stable': {'F_dwave': np.complex128(0.060121638851962506+0j)}, 'free': np.float64(-10170.712875574814)}]
------------------------------------------
====================================
mu=0.85, T=0.0130
====================================
  Seed: normal state
F_onsite: 0j
F_swave: 0j, F_dwave: 0j
F_px: 0j, F_py: 0j
Free_energy = -10029.512259433668
------------------------------------------
[{'stable': {}, 'free': np.float64(-10029.512259433668)}]
------------------------------------------
  Seed: px
F_onsite: -1.5879379601735572e-17j
F_swave: 4.682265783523764e-18j, F_dwave: 8.345135355960858e-17j
F_px: (0.051520923910899276+0j), F_py: (1.8375585697293995e-18+0j)
Free_energy = -10080.104531906878
------------------------------------------
[{'stable': {'F_px': np.complex128(0.051520923910899276+0j)}, 'free': np.float64(-10080.104531906878)}]
------------------------------------------
  Seed: py
F_onsite: -1.4035335936003757e-18j
F_swave: 7.335834718814275e-19j, F_dwave: -1.221950905532735e-18j
F_px: (-3.8894694146733404e-19+0j), F_py: (0.05152092391089924+0j)
Free_energy = -10080.1045319069
------------------------------------------
[{'stable': {'F_px': np.complex128(0.051520923910899276+0j)}, 'free': np.float64(-10080.104531906878)}, {'stable': {'F_py': np.complex128(0.05152092391089924+0j)}, 'free': np.float64(-10080.1045319069)}]
------------------------------------------
  Seed: px+py
F_onsite: 3.3242549168823864e-17j
F_swave: 8.421095682483847e-18j, F_dwave: 2.3941447134635883e-15j
F_px: (0.03005448055577746+0j), F_py: (0.030054480518930664+0j)
Free_energy = -10063.93487710041
------------------------------------------
[{'stable': {'F_px': np.complex128(0.051520923910899276+0j)}, 'free': np.float64(-10080.104531906878)}, {'stable': {'F_py': np.complex128(0.05152092391089924+0j)}, 'free': np.float64(-10080.1045319069)}]
------------------------------------------
  Seed: px+i*py
F_onsite: (3.3603067566998976e-17+1.866611799820222e-17j)
F_swave: (2.15250924232019e-17+1.0408340855860843e-17j), F_dwave: (3.150112619162987e-16-2.7755575615628914e-17j)
F_px: (0.038875155612691614-2.6863332284814915e-17j), F_py: (2.2690477409725808e-17+0.03887515561269132j)
Free_energy = -10087.182718105156
------------------------------------------
[{'stable': {'F_px': np.complex128(0.038875155612691614-2.6863332284814915e-17j), 'F_py': np.complex128(2.2690477409725808e-17+0.03887515561269132j)}, 'free': np.float64(-10087.182718105156)}]
------------------------------------------
  Seed: d-wave
F_onsite: (4.9210490035661814e-17+0j)
F_swave: (3.469446951953614e-17+0j), F_dwave: (0.06011988338173348+0j)
F_px: 1.1631077582975503e-17j, F_py: -1.3754028353286723e-19j
Free_energy = -10170.709242690285
------------------------------------------
[{'stable': {'F_dwave': np.complex128(0.06011988338173348+0j)}, 'free': np.float64(-10170.709242690285)}]
------------------------------------------
  Seed: d-wave+px
F_onsite: (-6.169928347224676e-14-1.2637946534980261e-18j)
F_swave: (1.916175551563981e-14+4.54926369192404e-18j), F_dwave: (0.06011961017591623-3.4350653965880007e-18j)
F_px: (2.825043452676923e-07+4.488542295802631e-18j), F_py: (-2.0816681711721685e-17-2.09545431578209e-18j)
Free_energy = -10170.707580049679
------------------------------------------
[{'stable': {'F_dwave': np.complex128(0.06011988338173348+0j)}, 'free': np.float64(-10170.709242690285)}]
------------------------------------------
  Seed: d-wave+py
F_onsite: (7.253872963828305e-14+1.1939112885897063e-18j)
F_swave: (-2.259650799807389e-14+8.885511196769887e-19j), F_dwave: (0.06011961017588885-2.5602827090637027e-16j)
F_px: (-1.3530843112619095e-16-1.055770944895259e-18j), F_py: (3.060897633966331e-07-2.868197699663766e-18j)
Free_energy = -10170.707580049797
------------------------------------------
[{'stable': {'F_dwave': np.complex128(0.06011988338173348+0j)}, 'free': np.float64(-10170.709242690285)}]
------------------------------------------
====================================
mu=0.85, T=0.0160
====================================
  Seed: normal state
F_onsite: 0j
F_swave: 0j, F_dwave: 0j
F_px: 0j, F_py: 0j
Free_energy = -10029.761560081362
------------------------------------------
[{'stable': {}, 'free': np.float64(-10029.761560081362)}]
------------------------------------------
  Seed: px
F_onsite: -1.3252201036707953e-17j
F_swave: 1.5815455083997474e-17j, F_dwave: 2.2978863011508335e-16j
F_px: (0.0514612220034246+0j), F_py: (9.076950646564892e-19+0j)
Free_energy = -10080.037072049941
------------------------------------------
[{'stable': {'F_px': np.complex128(0.0514612220034246+0j)}, 'free': np.float64(-10080.037072049941)}]
------------------------------------------
  Seed: py
F_onsite: -1.2033161806931404e-19j
F_swave: 6.362805620655897e-19j, F_dwave: -3.666487991308646e-18j
F_px: (-4.06635371686168e-19+0j), F_py: (0.05146122200342407+0j)
Free_energy = -10080.037072049932
------------------------------------------
[{'stable': {'F_px': np.complex128(0.0514612220034246+0j)}, 'free': np.float64(-10080.037072049941)}, {'stable': {'F_py': np.complex128(0.05146122200342407+0j)}, 'free': np.float64(-10080.037072049932)}]
------------------------------------------
  Seed: px+py
F_onsite: -3.660638170016671e-17j
F_swave: 1.1379834706802322e-17j, F_dwave: 9.949363718473806e-15j
F_px: (0.029951185619076216+0j), F_py: (0.029951185157311995+0j)
Free_energy = -10063.78980629277
------------------------------------------
[{'stable': {'F_px': np.complex128(0.0514612220034246+0j)}, 'free': np.float64(-10080.037072049941)}, {'stable': {'F_py': np.complex128(0.05146122200342407+0j)}, 'free': np.float64(-10080.037072049932)}]
------------------------------------------
  Seed: px+i*py
F_onsite: (9.020895594302378e-17+3.495821440348745e-17j)
F_swave: (-2.0319976297495843e-17+5.204170427930421e-18j), F_dwave: (6.240037459374247e-16-3.9898639947466563e-17j)
F_px: (0.038857784109898104-2.744074405704633e-17j), F_py: (2.5221888312154488e-17+0.038857784109898125j)
Free_energy = -10087.13927119397
------------------------------------------
[{'stable': {'F_px': np.complex128(0.038857784109898104-2.744074405704633e-17j), 'F_py': np.complex128(2.5221888312154488e-17+0.038857784109898125j)}, 'free': np.float64(-10087.13927119397)}]
------------------------------------------
  Seed: d-wave
F_onsite: (2.295520763122279e-16+0j)
F_swave: (-3.122502256758253e-17+0j), F_dwave: (0.06011317565658465+0j)
F_px: 6.53381694049511e-19j, F_py: 4.698749838770721e-19j
Free_energy = -10170.689109467221
------------------------------------------
[{'stable': {'F_dwave': np.complex128(0.06011317565658465+0j)}, 'free': np.float64(-10170.689109467221)}]
------------------------------------------
  Seed: d-wave+px
F_onsite: (-5.525142279142166e-14-3.7907477552054485e-19j)
F_swave: (1.7198048540834066e-14-2.974697080139501e-18j), F_dwave: (0.060112233261878895-5.819277441061338e-18j)
F_px: (2.673734292718555e-07+6.519428389204466e-18j), F_py: (-6.938893903907228e-18-2.322394927471309e-18j)
Free_energy = -10170.683376397747
------------------------------------------
[{'stable': {'F_dwave': np.complex128(0.06011317565658465+0j)}, 'free': np.float64(-10170.689109467221)}]
------------------------------------------
  Seed: d-wave+py
F_onsite: (6.614384289319176e-14+1.2234725866644701e-18j)
F_swave: (-2.057555514856091e-14+5.7202979114706054e-18j), F_dwave: (0.06011258868176614-2.676198133919688e-16j)
F_px: (-4.85722573273506e-17+4.752512015966653e-18j), F_py: (2.9236259309686763e-07-1.4226108731943316e-18j)
Free_energy = -10170.685538580483
------------------------------------------
[{'stable': {'F_dwave': np.complex128(0.06011317565658465+0j)}, 'free': np.float64(-10170.689109467221)}]
------------------------------------------
====================================
mu=0.85, T=0.0190
====================================
  Seed: normal state
F_onsite: 0j
F_swave: 0j, F_dwave: 0j
F_px: 0j, F_py: 0j
Free_energy = -10030.060539284814
------------------------------------------
[{'stable': {}, 'free': np.float64(-10030.060539284814)}]
------------------------------------------
  Seed: px
F_onsite: -1.5758126835336119e-16j
F_swave: 5.0879125089418084e-17j, F_dwave: 6.844502405149781e-16j
F_px: (0.05136560869901427+0j), F_py: (2.4232884702006486e-18+0j)
Free_energy = -10079.917671729567
------------------------------------------
[{'stable': {'F_px': np.complex128(0.05136560869901427+0j)}, 'free': np.float64(-10079.917671729567)}]
------------------------------------------
  Seed: py
F_onsite: -1.260120327718382e-18j
F_swave: 1.217239284763633e-18j, F_dwave: -2.3211349732728e-18j
F_px: (-3.501951841304498e-19+0j), F_py: (0.051365608699014145+0j)
Free_energy = -10079.917671729605
------------------------------------------
[{'stable': {'F_px': np.complex128(0.05136560869901427+0j)}, 'free': np.float64(-10079.917671729567)}, {'stable': {'F_py': np.complex128(0.051365608699014145+0j)}, 'free': np.float64(-10079.917671729605)}]
------------------------------------------
  Seed: px+py
F_onsite: -5.030237506167671e-17j
F_swave: -1.078797043490838e-17j, F_dwave: 5.067294911736427e-14j
F_px: (0.029808339750031557+0j), F_py: (0.02980833343339276+0j)
Free_energy = -10063.594612753372
------------------------------------------
[{'stable': {'F_px': np.complex128(0.05136560869901427+0j)}, 'free': np.float64(-10079.917671729567)}, {'stable': {'F_py': np.complex128(0.051365608699014145+0j)}, 'free': np.float64(-10079.917671729605)}]
------------------------------------------
  Seed: px+i*py
F_onsite: (2.2383735015789503e-16+7.104938831348673e-17j)
F_swave: (-6.97885400668293e-17-1.214306433183765e-17j), F_dwave: (1.5338951537912545e-15-2.896988204881268e-16j)
F_px: (0.038812919138469355-3.5289324876525076e-17j), F_py: (2.7346114594970264e-17+0.038812919138469376j)
Free_energy = -10087.029005727463
------------------------------------------
[{'stable': {'F_px': np.complex128(0.038812919138469355-3.5289324876525076e-17j), 'F_py': np.complex128(2.7346114594970264e-17+0.038812919138469376j)}, 'free': np.float64(-10087.029005727463)}]
------------------------------------------
  Seed: d-wave
F_onsite: (3.9711624337135674e-17+0j)
F_swave: (-7.979727989493313e-17+0j), F_dwave: (0.060098862987341635+0j)
F_px: -2.4728655402140143e-18j, F_py: -1.136810859443877e-19j
Free_energy = -10170.644575208873
------------------------------------------
[{'stable': {'F_dwave': np.complex128(0.060098862987341635+0j)}, 'free': np.float64(-10170.644575208873)}]
------------------------------------------
  Seed: d-wave+px
F_onsite: (-4.926381404408544e-14+1.7760443496675302e-18j)
F_swave: (1.524995407731211e-14-7.220382488827833e-18j), F_dwave: (0.060099429059767326-1.452658464652374e-17j)
F_px: (2.5281814145308723e-07-1.4472681475019148e-18j), F_py: (2.42861286636753e-17-3.2431438453938484e-18j)
Free_energy = -10170.64801660094
------------------------------------------
[{'stable': {'F_dwave': np.complex128(0.060098862987341635+0j)}, 'free': np.float64(-10170.644575208873)}]
------------------------------------------
  Seed: d-wave+py
F_onsite: (5.142518035803933e-14-2.446081117343953e-18j)
F_swave: (-1.610864219792063e-14+6.913043523247053e-18j), F_dwave: (0.06009765455359649-2.427362477406128e-16j)
F_px: (-2.42861286636753e-17+7.457196950410506e-18j), F_py: (2.5852871033543723e-07-3.838527963755892e-18j)
Free_energy = -10170.637228836025
------------------------------------------
[{'stable': {'F_dwave': np.complex128(0.060098862987341635+0j)}, 'free': np.float64(-10170.644575208873)}]
------------------------------------------
====================================
mu=0.85, T=0.0220
====================================
  Seed: normal state
F_onsite: 0j
F_swave: 0j, F_dwave: 0j
F_px: 0j, F_py: 0j
Free_energy = -10030.408304065473
------------------------------------------
[{'stable': {}, 'free': np.float64(-10030.408304065473)}]
------------------------------------------
  Seed: px
F_onsite: -4.646682988200795e-16j
F_swave: 1.4223157551123517e-16j, F_dwave: 2.0791299575363822e-15j
F_px: (0.05121628974178506+0j), F_py: (-6.15601046751764e-19+0j)
Free_energy = -10079.72042847748
------------------------------------------
[{'stable': {'F_px': np.complex128(0.05121628974178506+0j)}, 'free': np.float64(-10079.72042847748)}]
------------------------------------------
  Seed: py
F_onsite: -1.1745170604864942e-18j
F_swave: 4.1499320459540377e-19j, F_dwave: -1.5375236179441653e-18j
F_px: (9.044128119858788e-19+0j), F_py: (0.051216289741784896+0j)
Free_energy = -10079.720428477409
------------------------------------------
[{'stable': {'F_px': np.complex128(0.05121628974178506+0j)}, 'free': np.float64(-10079.72042847748)}, {'stable': {'F_py': np.complex128(0.051216289741784896+0j)}, 'free': np.float64(-10079.720428477409)}]
------------------------------------------
  Seed: px+py
F_onsite: 1.8929333486561494e-17j
F_swave: -8.028495911431479e-18j, F_dwave: 3.211334513640841e-13j
F_px: (0.029621872788122647+0j), F_py: (0.02962178192784037+0j)
Free_energy = -10063.345889503415
------------------------------------------
[{'stable': {'F_px': np.complex128(0.05121628974178506+0j)}, 'free': np.float64(-10079.72042847748)}, {'stable': {'F_py': np.complex128(0.051216289741784896+0j)}, 'free': np.float64(-10079.720428477409)}]
------------------------------------------
  Seed: px+i*py
F_onsite: (7.393321256757648e-16+1.1659922032679717e-16j)
F_swave: (-1.756420886665216e-16-3.8163916471489756e-17j), F_dwave: (5.442262561732108e-15-1.0443035325380379e-15j)
F_px: (0.038721647422788524-2.4329406753324074e-17j), F_py: (2.4150523982775806e-17+0.03872164742278803j)
Free_energy = -10086.8053398911
------------------------------------------
[{'stable': {'F_px': np.complex128(0.038721647422788524-2.4329406753324074e-17j), 'F_py': np.complex128(2.4150523982775806e-17+0.03872164742278803j)}, 'free': np.float64(-10086.8053398911)}]
------------------------------------------
  Seed: d-wave
F_onsite: (-5.543807478722244e-17+0j)
F_swave: (-1.3877787807814457e-17+0j), F_dwave: (0.0600756082762682+0j)
F_px: 1.961694391435845e-18j, F_py: -1.9828131396549363e-18j
Free_energy = -10170.57488281647
------------------------------------------
[{'stable': {'F_dwave': np.complex128(0.0600756082762682+0j)}, 'free': np.float64(-10170.57488281647)}]
------------------------------------------
  Seed: d-wave+px
F_onsite: (-3.927865372532854e-14+2.5144642775242053e-18j)
F_swave: (1.2250617187348212e-14-4.049387106841436e-18j), F_dwave: (0.0600751448079673-2.3420334432947684e-17j)
F_px: (2.261011405983726e-07-1.4235039599977427e-17j), F_py: (2.0816681711721685e-17-7.265533933042584e-20j)
Free_energy = -10170.572068382296
------------------------------------------
[{'stable': {'F_dwave': np.complex128(0.0600756082762682+0j)}, 'free': np.float64(-10170.57488281647)}]
------------------------------------------
  Seed: d-wave+py
F_onsite: (4.214529704640308e-14+2.9796753357935937e-18j)
F_swave: (-1.3104101137528801e-14-1.1120855300428915e-18j), F_dwave: (0.06007553681956343-2.455615155896267e-16j)
F_px: (1.3877787807814457e-17+2.805684323374012e-18j), F_py: (2.344563511391673e-07-3.769570229906942e-18j)
Free_energy = -10170.57444889066
------------------------------------------
[{'stable': {'F_dwave': np.complex128(0.0600756082762682+0j)}, 'free': np.float64(-10170.57488281647)}]
------------------------------------------
====================================
mu=0.85, T=0.0250
====================================
  Seed: normal state
F_onsite: 0j
F_swave: 0j, F_dwave: 0j
F_px: 0j, F_py: 0j
Free_energy = -10030.8045986069
------------------------------------------
[{'stable': {}, 'free': np.float64(-10030.8045986069)}]
------------------------------------------
  Seed: px
F_onsite: -1.6981351466663287e-15j
F_swave: 4.90395918741304e-16j, F_dwave: 7.272780209792125e-15j
F_px: (0.05099144704629721+0j), F_py: (3.961202517393939e-19+0j)
Free_energy = -10079.412334162062
------------------------------------------
[{'stable': {'F_px': np.complex128(0.05099144704629721+0j)}, 'free': np.float64(-10079.412334162062)}]
------------------------------------------
  Seed: py
F_onsite: -3.3516034931668597e-19j
F_swave: 8.046283603323819e-19j, F_dwave: 9.529120656610879e-21j
F_px: (1.3455912460522612e-19+0j), F_py: (0.050991447046297156+0j)
Free_energy = -10079.412334162045
------------------------------------------
[{'stable': {'F_px': np.complex128(0.05099144704629721+0j)}, 'free': np.float64(-10079.412334162062)}, {'stable': {'F_py': np.complex128(0.050991447046297156+0j)}, 'free': np.float64(-10079.412334162045)}]
------------------------------------------
  Seed: px+py
F_onsite: -1.0077500374575154e-16j
F_swave: 9.943743284291859e-18j, F_dwave: 2.9168976289679107e-12j
F_px: (0.029386808513518024+0j), F_py: (0.029385217372583674+0j)
Free_energy = -10063.037044994911
------------------------------------------
[{'stable': {'F_px': np.complex128(0.05099144704629721+0j)}, 'free': np.float64(-10079.412334162062)}, {'stable': {'F_py': np.complex128(0.050991447046297156+0j)}, 'free': np.float64(-10079.412334162045)}]
------------------------------------------
  Seed: px+i*py
F_onsite: (2.8630130251526282e-15+6.242426886378892e-16j)
F_swave: (-7.887238344400247e-16-1.3877787807814457e-16j), F_dwave: (2.1699080613864457e-14-4.440892098500626e-15j)
F_px: (0.038569535905776275-8.645480004167432e-18j), F_py: (1.3518645838178633e-17+0.0385695359057765j)
Free_energy = -10086.43944921659
------------------------------------------
[{'stable': {'F_px': np.complex128(0.038569535905776275-8.645480004167432e-18j), 'F_py': np.complex128(1.3518645838178633e-17+0.0385695359057765j)}, 'free': np.float64(-10086.43944921659)}]
------------------------------------------
  Seed: d-wave
F_onsite: (1.6701088249100439e-16+0j)
F_swave: (1.0408340855860843e-17+0j), F_dwave: (0.06004095465098143+0j)
F_px: -2.511399749049797e-18j, F_py: 7.155674781400225e-19j
Free_energy = -10170.471755420302
------------------------------------------
[{'stable': {'F_dwave': np.complex128(0.06004095465098143+0j)}, 'free': np.float64(-10170.471755420302)}]
------------------------------------------
  Seed: d-wave+px
F_onsite: (-2.858030730607444e-14+3.7803913347867335e-19j)
F_swave: (8.921682836948719e-15-1.4782393023303285e-18j), F_dwave: (0.06004046573061805-2.0301616817005075e-17j)
F_px: (1.9336785989435001e-07-4.868490442581629e-18j), F_py: (1.0408340855860843e-17-3.2195708251352536e-18j)
Free_energy = -10170.468791278063
------------------------------------------
[{'stable': {'F_dwave': np.complex128(0.06004095465098143+0j)}, 'free': np.float64(-10170.471755420302)}]
------------------------------------------
  Seed: d-wave+py
F_onsite: (3.083155086181641e-14+1.3578409621279718e-18j)
F_swave: (-9.698838954186328e-15-1.266739633068365e-18j), F_dwave: (0.06004047616028621-2.466999193921352e-16j)
F_px: (-1.0408340855860843e-17+8.906252043911257e-18j), F_py: (2.005125666650065e-07+3.0488599540158467e-19j)
Free_energy = -10170.468854508877
------------------------------------------
[{'stable': {'F_dwave': np.complex128(0.06004095465098143+0j)}, 'free': np.float64(-10170.471755420302)}]
------------------------------------------
====================================
mu=0.85, T=0.0280
====================================
  Seed: normal state
F_onsite: 0j
F_swave: 0j, F_dwave: 0j
F_px: 0j, F_py: 0j
Free_energy = -10031.249533858125
------------------------------------------
[{'stable': {}, 'free': np.float64(-10031.249533858125)}]
------------------------------------------
  Seed: px
F_onsite: -1.0457771526276995e-15j
F_swave: 4.198030811863873e-16j, F_dwave: 0.0599915121522159j
F_px: (2.499305958301471e-08+0j), F_py: (4.179343091989347e-19+0j)
Free_energy = -10170.321195698423
------------------------------------------
[{'stable': {'F_dwave': np.complex128(0.0599915121522159j)}, 'free': np.float64(-10170.321195698423)}]
------------------------------------------
  Seed: py
F_onsite: -7.066372362469001e-19j
F_swave: 1.2533440641403475e-18j, F_dwave: 3.4982460721602604e-19j
F_px: (-3.797354581659435e-19+0j), F_py: (0.05067279724250224+0j)
Free_energy = -10078.970147841403
------------------------------------------
[{'stable': {'F_dwave': np.complex128(0.0599915121522159j)}, 'free': np.float64(-10170.321195698423)}]
------------------------------------------
  Seed: px+py
F_onsite: -1.3058691663484767e-15j
F_swave: 6.245004513516506e-16j, F_dwave: 0.059991512144134j
F_px: (2.733098058207561e-08+0j), F_py: (7.662212698334429e-19+0j)
Free_energy = -10170.32119564959
------------------------------------------
[{'stable': {'F_dwave': np.complex128(0.0599915121522159j)}, 'free': np.float64(-10170.321195698423)}]
------------------------------------------
  Seed: px+i*py
F_onsite: (-2.171411066521555e-14+3.749763273376233e-15j)
F_swave: (6.862566070964249e-15-1.171372027153339e-15j), F_dwave: (0.05911312831443403-0.01022837222240606j)
F_px: (1.6795911283659648e-07-2.9062043834827966e-08j), F_py: (-4.2630397614762394e-09+7.37635772775358e-10j)
Free_energy = -10170.321196058501
------------------------------------------
[{'stable': {'F_dwave': np.complex128(0.0599915121522159j)}, 'free': np.float64(-10170.321195698423)}, {'stable': {'F_dwave': np.complex128(0.05911312831443403-0.01022837222240606j)}, 'free': np.float64(-10170.321196058501)}]
------------------------------------------
  Seed: d-wave
F_onsite: (3.616452828672048e-17+0j)
F_swave: (-1.3877787807814457e-17+0j), F_dwave: (0.05999350380137572+0j)
F_px: 7.663884623585455e-18j, F_py: -1.7516509000320923e-18j
Free_energy = -10170.333243116727
------------------------------------------
[{'stable': {'F_dwave': np.complex128(0.0599915121522159j)}, 'free': np.float64(-10170.321195698423)}, {'stable': {'F_dwave': np.complex128(0.05911312831443403-0.01022837222240606j)}, 'free': np.float64(-10170.321196058501)}, {'stable': {'F_dwave': np.complex128(0.05999350380137572+0j)}, 'free': np.float64(-10170.333243116727)}]
------------------------------------------
  Seed: d-wave+px
F_onsite: (-2.0213243210408104e-14-1.312580932585391e-18j)
F_swave: (6.347353198599137e-15+1.604094084715377e-18j), F_dwave: (0.059993484120218495-7.196841492535458e-18j)
F_px: (1.6304624183421934e-07-4.399027796123011e-18j), F_py: (1.0408340855860843e-17-3.0074031218015612e-18j)
Free_energy = -10170.333124063034
------------------------------------------
[{'stable': {'F_dwave': np.complex128(0.0599915121522159j)}, 'free': np.float64(-10170.321195698423)}, {'stable': {'F_dwave': np.complex128(0.05911312831443403-0.01022837222240606j)}, 'free': np.float64(-10170.321196058501)}, {'stable': {'F_dwave': np.complex128(0.05999350380137572+0j)}, 'free': np.float64(-10170.333243116727)}]
------------------------------------------
  Seed: d-wave+py
F_onsite: (2.178678485261086e-14+3.284204519991903e-18j)
F_swave: (-6.87297441182011e-15-4.359825213639279e-19j), F_dwave: (0.05999348454005249-2.5984814506661616e-16j)
F_px: (-6.591949208711867e-17+1.8924408137952914e-18j), F_py: (1.6907058213860848e-07-1.2382181882652856e-18j)
Free_energy = -10170.333126602733
------------------------------------------
[{'stable': {'F_dwave': np.complex128(0.0599915121522159j)}, 'free': np.float64(-10170.321195698423)}, {'stable': {'F_dwave': np.complex128(0.05911312831443403-0.01022837222240606j)}, 'free': np.float64(-10170.321196058501)}, {'stable': {'F_dwave': np.complex128(0.05999350380137572+0j)}, 'free': np.float64(-10170.333243116727)}]
------------------------------------------
====================================
mu=0.85, T=0.0310
====================================
  Seed: normal state
F_onsite: 0j
F_swave: 0j, F_dwave: 0j
F_px: 0j, F_py: 0j
Free_energy = -10031.743384395435
------------------------------------------
[{'stable': {}, 'free': np.float64(-10031.743384395435)}]
------------------------------------------
  Seed: px
F_onsite: 1.9012722119045057e-17j
F_swave: 1.9081958235744878e-16j, F_dwave: 0.05992956023523015j
F_px: (1.9978210637939414e-09+0j), F_py: (3.1396226220706603e-18+0j)
Free_energy = -10170.143890396215
------------------------------------------
[{'stable': {'F_dwave': np.complex128(0.05992956023523015j)}, 'free': np.float64(-10170.143890396215)}]
------------------------------------------
  Seed: py
F_onsite: -1.7012656745602622e-18j
F_swave: 1.2096689277975477e-18j, F_dwave: -2.0230323153984896e-18j
F_px: (4.2683843096716313e-19+0j), F_py: (0.05024063018902982+0j)
Free_energy = -10078.36841555146
------------------------------------------
[{'stable': {'F_dwave': np.complex128(0.05992956023523015j)}, 'free': np.float64(-10170.143890396215)}]
------------------------------------------
  Seed: px+py
F_onsite: 1.0387897788306317e-17j
F_swave: -9.71445146547012e-17j, F_dwave: 0.059929560235008554j
F_px: (2.184702944749185e-09+0j), F_py: (5.546573780290175e-19+0j)
Free_energy = -10170.143890394855
------------------------------------------
[{'stable': {'F_dwave': np.complex128(0.05992956023523015j)}, 'free': np.float64(-10170.143890396215)}]
------------------------------------------
  Seed: px+i*py
F_onsite: (-1.3542653052060182e-14+2.3558591168981766e-15j)
F_swave: (4.310787837802366e-15-7.632783294297951e-16j), F_dwave: (0.05905208342820402-0.01021780959720863j)
F_px: (1.3334546355298071e-07-2.307282785142528e-08j), F_py: (-3.3844958537143643e-09+5.8562091634351e-10j)
Free_energy = -10170.143890406123
------------------------------------------
[{'stable': {'F_dwave': np.complex128(0.05992956023523015j)}, 'free': np.float64(-10170.143890396215)}, {'stable': {'F_dwave': np.complex128(0.05905208342820402-0.01021780959720863j)}, 'free': np.float64(-10170.143890406123)}]
------------------------------------------
  Seed: d-wave
F_onsite: (-9.929952529119375e-17+0j)
F_swave: (-2.0816681711721685e-17+0j), F_dwave: (0.05992961480782559+0j)
F_px: -3.0540542191223473e-18j, F_py: -1.5608798897202126e-18j
Free_energy = -10170.144219530952
------------------------------------------
[{'stable': {'F_dwave': np.complex128(0.05992956023523015j)}, 'free': np.float64(-10170.143890396215)}, {'stable': {'F_dwave': np.complex128(0.05905208342820402-0.01021780959720863j)}, 'free': np.float64(-10170.143890406123)}, {'stable': {'F_dwave': np.complex128(0.05992961480782559+0j)}, 'free': np.float64(-10170.144219530952)}]
------------------------------------------
  Seed: d-wave+px
F_onsite: (-1.26248018867143e-14-5.726900467725849e-19j)
F_swave: (4.047109869453891e-15+2.547102334067981e-18j), F_dwave: (0.05992961426851012+1.8493496157710366e-18j)
F_px: (1.2944222785651882e-07+3.6900994301283104e-18j), F_py: (3.469446951953614e-18-1.837688868851232e-18j)
Free_energy = -10170.144216278642
------------------------------------------
[{'stable': {'F_dwave': np.complex128(0.05992956023523015j)}, 'free': np.float64(-10170.143890396215)}, {'stable': {'F_dwave': np.complex128(0.05905208342820402-0.01021780959720863j)}, 'free': np.float64(-10170.143890406123)}, {'stable': {'F_dwave': np.complex128(0.05992961480782559+0j)}, 'free': np.float64(-10170.144219530952)}]
------------------------------------------
  Seed: d-wave+py
F_onsite: (1.3512523242708258e-14-1.7559886995858573e-18j)
F_swave: (-4.3211961786582265e-15+7.21769281726109e-18j), F_dwave: (0.05992961428000971-2.358212053828734e-16j)
F_px: (3.469446951953614e-18-1.9281972177569503e-18j), F_py: (1.342249439963139e-07-2.5035501374437217e-18j)
Free_energy = -10170.144216348017
------------------------------------------
[{'stable': {'F_dwave': np.complex128(0.05992956023523015j)}, 'free': np.float64(-10170.143890396215)}, {'stable': {'F_dwave': np.complex128(0.05905208342820402-0.01021780959720863j)}, 'free': np.float64(-10170.143890406123)}, {'stable': {'F_dwave': np.complex128(0.05992961480782559+0j)}, 'free': np.float64(-10170.144219530952)}]
------------------------------------------
====================================
mu=0.85, T=0.0340
====================================
  Seed: normal state
F_onsite: 0j
F_swave: 0j, F_dwave: 0j
F_px: 0j, F_py: 0j
Free_energy = -10032.286464210803
------------------------------------------
[{'stable': {}, 'free': np.float64(-10032.286464210803)}]
------------------------------------------
  Seed: px
F_onsite: -3.9456794585854966e-17j
F_swave: 9.367506770274758e-17j, F_dwave: 0.0598474072970851j
F_px: (1.2208519747143673e-10+0j), F_py: (6.994138933772184e-19+0j)
Free_energy = -10169.90085194984
------------------------------------------
[{'stable': {'F_dwave': np.complex128(0.0598474072970851j)}, 'free': np.float64(-10169.90085194984)}]
------------------------------------------
  Seed: py
F_onsite: 1.19706931270714e-18j
F_swave: 2.1445815433294817e-19j, F_dwave: -4.576624893133392e-19j
F_px: (3.4210204901723097e-19+0j), F_py: (0.049679462919169685+0j)
Free_energy = -10077.592960231563
------------------------------------------
[{'stable': {'F_dwave': np.complex128(0.0598474072970851j)}, 'free': np.float64(-10169.90085194984)}]
------------------------------------------
  Seed: px+py
F_onsite: -9.602206281985031e-17j
F_swave: -9.367506770274758e-17j, F_dwave: 0.05984740729708109j
F_px: (1.3350542556692705e-10+0j), F_py: (1.1735142460488133e-19+0j)
Free_energy = -10169.900851949807
------------------------------------------
[{'stable': {'F_dwave': np.complex128(0.0598474072970851j)}, 'free': np.float64(-10169.90085194984)}]
------------------------------------------
  Seed: px+i*py
F_onsite: (-7.441792970644166e-15+1.2737685941474477e-15j)
F_swave: (2.2985086056692694e-15-3.903127820947816e-16j), F_dwave: (0.05897113335563591-0.010203802768315144j)
F_px: (9.853639105703027e-08-1.7049797846994952e-08j), F_py: (-2.5009924652097393e-09+4.3274787572822326e-10j)
Free_energy = -10169.900851950053
------------------------------------------
[{'stable': {'F_dwave': np.complex128(0.0598474072970851j)}, 'free': np.float64(-10169.90085194984)}, {'stable': {'F_dwave': np.complex128(0.05897113335563591-0.010203802768315144j)}, 'free': np.float64(-10169.900851950053)}]
------------------------------------------
  Seed: d-wave
F_onsite: (-1.4743230486781737e-16+0j)
F_swave: (3.469446951953614e-18+0j), F_dwave: (0.05984740832420257+0j)
F_px: 2.426322568687493e-18j, F_py: 4.96688870613591e-20j
Free_energy = -10169.900858120822
------------------------------------------
[{'stable': {'F_dwave': np.complex128(0.0598474072970851j)}, 'free': np.float64(-10169.90085194984)}, {'stable': {'F_dwave': np.complex128(0.05897113335563591-0.010203802768315144j)}, 'free': np.float64(-10169.900851950053)}, {'stable': {'F_dwave': np.complex128(0.05984740832420257+0j)}, 'free': np.float64(-10169.900858120822)}]
------------------------------------------
  Seed: d-wave+px
F_onsite: (-6.769259090396184e-15-1.2785468974843683e-18j)
F_swave: (2.2343238370581275e-15+6.692697089681123e-19j), F_dwave: (0.05984740831402305-2.2212913782055055e-18j)
F_px: (9.565201613756513e-08+4.122549979386365e-18j), F_py: -2.6003496957904045e-18j
Free_energy = -10169.90085805996
------------------------------------------
[{'stable': {'F_dwave': np.complex128(0.0598474072970851j)}, 'free': np.float64(-10169.90085194984)}, {'stable': {'F_dwave': np.complex128(0.05897113335563591-0.010203802768315144j)}, 'free': np.float64(-10169.900851950053)}, {'stable': {'F_dwave': np.complex128(0.05984740832420257+0j)}, 'free': np.float64(-10169.900858120822)}]
------------------------------------------
  Seed: d-wave+py
F_onsite: (7.40951115538503e-15+3.0188549257461074e-18j)
F_swave: (-2.258609965721803e-15-5.181859770104907e-18j), F_dwave: (0.05984740831423717-2.6051533695458255e-16j)
F_px: (7.632783294297951e-17+1.4001894780789246e-18j), F_py: (9.918622942417521e-08-1.189536416763825e-18j)
Free_energy = -10169.900858061259
------------------------------------------
[{'stable': {'F_dwave': np.complex128(0.0598474072970851j)}, 'free': np.float64(-10169.90085194984)}, {'stable': {'F_dwave': np.complex128(0.05897113335563591-0.010203802768315144j)}, 'free': np.float64(-10169.900851950053)}, {'stable': {'F_dwave': np.complex128(0.05984740832420257+0j)}, 'free': np.float64(-10169.900858120822)}]
------------------------------------------
====================================
mu=0.85, T=0.0370
====================================
  Seed: normal state
F_onsite: 0j
F_swave: 0j, F_dwave: 0j
F_px: 0j, F_py: 0j
Free_energy = -10032.879064402208
------------------------------------------
[{'stable': {}, 'free': np.float64(-10032.879064402208)}]
------------------------------------------
  Seed: px
F_onsite: 2.1421133747126233e-17j
F_swave: -6.591949208711867e-17j, F_dwave: 0.05974478490127942j
F_px: (7.550763717544453e-12+0j), F_py: (9.116546388752717e-19+0j)
Free_energy = -10169.598571898188
------------------------------------------
[{'stable': {'F_dwave': np.complex128(0.05974478490127942j)}, 'free': np.float64(-10169.598571898188)}]
------------------------------------------
  Seed: py
F_onsite: 8.187102830804847e-19j
F_swave: 2.6655068058908764e-19j, F_dwave: -8.148986348178403e-19j
F_px: (5.685708658444491e-20+0j), F_py: (0.04897176955223312+0j)
Free_energy = -10076.62731449698
------------------------------------------
[{'stable': {'F_dwave': np.complex128(0.05974478490127942j)}, 'free': np.float64(-10169.598571898188)}]
------------------------------------------
  Seed: px+py
F_onsite: 5.330901264969039e-17j
F_swave: -1.0408340855860843e-16j, F_dwave: 0.05974478490127949j
F_px: (8.25716250495254e-12+0j), F_py: (2.3719916374467158e-18+0j)
Free_energy = -10169.59857189819
------------------------------------------
[{'stable': {'F_dwave': np.complex128(0.05974478490127942j)}, 'free': np.float64(-10169.598571898188)}]
------------------------------------------
  Seed: px+i*py
F_onsite: (-3.731670123756842e-15+6.307882511476676e-16j)
F_swave: (1.2628786905111156e-15-2.1423834928313568e-16j), F_dwave: (0.05887001353670929-0.010186305958781661j)
F_px: (6.93897552611622e-08-1.2006541753005473e-08j), F_py: (-1.7612094976859893e-09+3.047429027874804e-10j)
Free_energy = -10169.598571898212
------------------------------------------
[{'stable': {'F_dwave': np.complex128(0.05974478490127942j)}, 'free': np.float64(-10169.598571898188)}, {'stable': {'F_dwave': np.complex128(0.05887001353670929-0.010186305958781661j)}, 'free': np.float64(-10169.598571898212)}]
------------------------------------------
  Seed: d-wave
F_onsite: (2.632790158303179e-17+0j)
F_swave: (-5.204170427930421e-17+0j), F_dwave: (0.05974478492119714+0j)
F_px: 2.0297779732938595e-18j, F_py: -2.7914715239316765e-18j
Free_energy = -10169.598572017288
------------------------------------------
[{'stable': {'F_dwave': np.complex128(0.05974478490127942j)}, 'free': np.float64(-10169.598571898188)}, {'stable': {'F_dwave': np.complex128(0.05887001353670929-0.010186305958781661j)}, 'free': np.float64(-10169.598571898212)}, {'stable': {'F_dwave': np.complex128(0.05974478492119714+0j)}, 'free': np.float64(-10169.598572017288)}]
------------------------------------------
  Seed: d-wave+px
F_onsite: (-3.3988056939476443e-15+1.191843505786205e-18j)
F_swave: (1.1119577481011333e-15+2.077397708906442e-18j), F_dwave: (0.059744784920984464+5.65520120347777e-18j)
F_px: (6.735856511452809e-08-3.764708600357845e-18j), F_py: (1.0408340855860843e-17-2.292243151181282e-18j)
Free_energy = -10169.598572016122
------------------------------------------
[{'stable': {'F_dwave': np.complex128(0.05974478490127942j)}, 'free': np.float64(-10169.598571898188)}, {'stable': {'F_dwave': np.complex128(0.05887001353670929-0.010186305958781661j)}, 'free': np.float64(-10169.598571898212)}, {'stable': {'F_dwave': np.complex128(0.05974478492119714+0j)}, 'free': np.float64(-10169.598572017288)}]
------------------------------------------
  Seed: d-wave+py
F_onsite: (3.608298715397532e-15-7.775166379872718e-19j)
F_swave: (-1.2091022627558345e-15+8.679357048526712e-19j), F_dwave: (0.059744784920987566-2.5195679404638475e-16j)
F_px: (8.326672684688674e-17+1.4689917812324097e-17j), F_py: (6.984737374940431e-08-3.613341280159793e-18j)
Free_energy = -10169.598572016146
------------------------------------------
[{'stable': {'F_dwave': np.complex128(0.05974478490127942j)}, 'free': np.float64(-10169.598571898188)}, {'stable': {'F_dwave': np.complex128(0.05887001353670929-0.010186305958781661j)}, 'free': np.float64(-10169.598571898212)}, {'stable': {'F_dwave': np.complex128(0.05974478492119714+0j)}, 'free': np.float64(-10169.598572017288)}]
------------------------------------------
====================================
mu=0.85, T=0.0400
====================================
  Seed: normal state
F_onsite: 0j
F_swave: 0j, F_dwave: 0j
F_px: 0j, F_py: 0j
Free_energy = -10033.521429836961
------------------------------------------
[{'stable': {}, 'free': np.float64(-10033.521429836961)}]
------------------------------------------
  Seed: px
F_onsite: 6.359006812391426e-17j
F_swave: -2.0816681711721685e-17j, F_dwave: 0.05961741108691919j
F_px: (3.583607940519085e-13+0j), F_py: (1.1875649684544341e-18+0j)
Free_energy = -10169.219903842755
------------------------------------------
[{'stable': {'F_dwave': np.complex128(0.05961741108691919j)}, 'free': np.float64(-10169.219903842755)}]
------------------------------------------
  Seed: py
F_onsite: 1.5766988917546767e-18j
F_swave: 2.8433837248142795e-19j, F_dwave: -6.328394907173691e-19j
F_px: (-1.093459977901198e-18+0j), F_py: (0.048102248887971294+0j)
Free_energy = -10075.463418774456
------------------------------------------
[{'stable': {'F_dwave': np.complex128(0.05961741108691919j)}, 'free': np.float64(-10169.219903842755)}]
------------------------------------------
  Seed: px+py
F_onsite: -3.453386508450158e-18j
F_swave: -1.8041124150158794e-16j, F_dwave: 0.059617411086919335j
F_px: (3.919715284357702e-13+0j), F_py: (-2.6268542074061347e-19+0j)
Free_energy = -10169.219903842757
------------------------------------------
[{'stable': {'F_dwave': np.complex128(0.05961741108691919j)}, 'free': np.float64(-10169.219903842755)}]
------------------------------------------
  Seed: px+i*py
F_onsite: (-1.4509867196084616e-15+2.7544883975082604e-16j)
F_swave: (4.753142324176451e-16-8.630249292984615e-17j), F_dwave: (0.05874450470464196-0.01016458910690481j)
F_px: (4.468433395868332e-08-7.731751118685015e-09j), F_py: (-1.1341511063633902e-09+1.9624268616375007e-10j)
Free_energy = -10169.219903842763
------------------------------------------
[{'stable': {'F_dwave': np.complex128(0.05961741108691919j)}, 'free': np.float64(-10169.219903842755)}, {'stable': {'F_dwave': np.complex128(0.05874450470464196-0.01016458910690481j)}, 'free': np.float64(-10169.219903842763)}]
------------------------------------------
  Seed: d-wave
F_onsite: (-2.5083226371711e-18+0j)
F_swave: 0j, F_dwave: (0.05961741108719064+0j)
F_px: -1.486951697808082e-17j, F_py: -1.4825690467685924e-18j
Free_energy = -10169.219903844387
------------------------------------------
[{'stable': {'F_dwave': np.complex128(0.05961741108691919j)}, 'free': np.float64(-10169.219903842755)}, {'stable': {'F_dwave': np.complex128(0.05874450470464196-0.01016458910690481j)}, 'free': np.float64(-10169.219903842763)}, {'stable': {'F_dwave': np.complex128(0.05961741108719064+0j)}, 'free': np.float64(-10169.219903844387)}]
------------------------------------------
  Seed: d-wave+px
F_onsite: (-1.3992919515144176e-15+1.2280964026457387e-18j)
F_swave: (4.3021142204224816e-16-4.7469708779158876e-18j), F_dwave: (0.05961741108718149-5.881504584182477e-18j)
F_px: (4.337632560080795e-08+4.650255421683763e-18j), F_py: (2.0816681711721685e-17-2.3007000163254075e-18j)
Free_energy = -10169.21990384438
------------------------------------------
[{'stable': {'F_dwave': np.complex128(0.05961741108691919j)}, 'free': np.float64(-10169.219903842755)}, {'stable': {'F_dwave': np.complex128(0.05874450470464196-0.01016458910690481j)}, 'free': np.float64(-10169.219903842763)}, {'stable': {'F_dwave': np.complex128(0.05961741108719064+0j)}, 'free': np.float64(-10169.219903844387)}]
------------------------------------------
  Seed: d-wave+py
F_onsite: (1.6425592666608472e-15-2.01999368700727e-18j)
F_swave: (-5.360295540768334e-16+4.141877824705563e-18j), F_dwave: (0.059617411087180924-2.564472924805488e-16j)
F_px: (8.673617379884035e-17+6.0073278564842325e-18j), F_py: (4.497902231573314e-08-4.10113976140113e-18j)
Free_energy = -10169.21990384438
------------------------------------------
[{'stable': {'F_dwave': np.complex128(0.05961741108691919j)}, 'free': np.float64(-10169.219903842755)}, {'stable': {'F_dwave': np.complex128(0.05874450470464196-0.01016458910690481j)}, 'free': np.float64(-10169.219903842763)}, {'stable': {'F_dwave': np.complex128(0.05961741108719064+0j)}, 'free': np.float64(-10169.219903844387)}]
------------------------------------------
====================================
mu=0.85, T=0.0430
====================================
  Seed: normal state
F_onsite: 0j
F_swave: 0j, F_dwave: 0j
F_px: 0j, F_py: 0j
Free_energy = -10034.213756675015
------------------------------------------
[{'stable': {}, 'free': np.float64(-10034.213756675015)}]
------------------------------------------
  Seed: px
F_onsite: -1.9554136027840024e-17j
F_swave: 6.591949208711867e-17j, F_dwave: 0.05946307853983788j
F_px: (1.3031270993637019e-14+0j), F_py: (5.20842790580043e-21+0j)
Free_energy = -10168.760528266312
------------------------------------------
[{'stable': {'F_dwave': np.complex128(0.05946307853983788j)}, 'free': np.float64(-10168.760528266312)}]
------------------------------------------
  Seed: py
F_onsite: 9.052664623780335e-21j
F_swave: 1.2924134588324521e-18j, F_dwave: 2.329340604949326e-21j
F_px: (3.5490680489955184e-19+0j), F_py: (0.0470539815880088+0j)
Free_energy = -10074.094337597127
------------------------------------------
[{'stable': {'F_dwave': np.complex128(0.05946307853983788j)}, 'free': np.float64(-10168.760528266312)}]
------------------------------------------
  Seed: px+py
F_onsite: -3.1751913917083235e-17j
F_swave: 1.1449174941446927e-16j, F_dwave: 0.059463078539837885j
F_px: (1.427393141553943e-14+0j), F_py: (-6.424326847106855e-20+0j)
Free_energy = -10168.760528266313
------------------------------------------
[{'stable': {'F_dwave': np.complex128(0.05946307853983788j)}, 'free': np.float64(-10168.760528266312)}]
------------------------------------------
  Seed: px+i*py
F_onsite: (-4.799056635889159e-16+8.309636647997087e-17j)
F_swave: (7.632783294297951e-17-4.640385298237959e-17j), F_dwave: (0.05859243186429954-0.010138275872259767j)
F_px: (2.602875945334482e-08-4.50376840075567e-09j), F_py: (-6.606463778813243e-10+1.1431195313243991e-10j)
Free_energy = -10168.760528266312
------------------------------------------
[{'stable': {'F_dwave': np.complex128(0.05946307853983788j)}, 'free': np.float64(-10168.760528266312)}, {'stable': {'F_dwave': np.complex128(0.05859243186429954-0.010138275872259767j)}, 'free': np.float64(-10168.760528266312)}]
------------------------------------------
  Seed: d-wave
F_onsite: (3.955960839288313e-17+0j)
F_swave: (2.0816681711721685e-17+0j), F_dwave: (0.05946307853984052+0j)
F_px: 1.6891001638553223e-17j, F_py: 6.534611033883161e-19j
Free_energy = -10168.760528266323
------------------------------------------
[{'stable': {'F_dwave': np.complex128(0.05946307853983788j)}, 'free': np.float64(-10168.760528266312)}, {'stable': {'F_dwave': np.complex128(0.05859243186429954-0.010138275872259767j)}, 'free': np.float64(-10168.760528266312)}, {'stable': {'F_dwave': np.complex128(0.05946307853984052+0j)}, 'free': np.float64(-10168.760528266323)}]
------------------------------------------
  Seed: d-wave+px
F_onsite: (-4.597551523184448e-16-6.887342259663748e-19j)
F_swave: (1.43982048506075e-16+2.796344849877239e-18j), F_dwave: (0.05946307853983811-4.821138655023454e-18j)
F_px: (2.5266840640580934e-08+3.812266703340754e-18j), F_py: (1.734723475976807e-17-4.884578867398631e-19j)
Free_energy = -10168.760528266323
------------------------------------------
[{'stable': {'F_dwave': np.complex128(0.05946307853983788j)}, 'free': np.float64(-10168.760528266312)}, {'stable': {'F_dwave': np.complex128(0.05859243186429954-0.010138275872259767j)}, 'free': np.float64(-10168.760528266312)}, {'stable': {'F_dwave': np.complex128(0.05946307853984052+0j)}, 'free': np.float64(-10168.760528266323)}]
------------------------------------------
  Seed: d-wave+py
F_onsite: (3.1793139798034166e-16-1.1034999350673986e-18j)
F_swave: (-2.8622937353617317e-16+2.0902171744698034e-18j), F_dwave: (0.05946307853983809-2.4964539043942833e-16j)
F_px: (5.551115123125783e-17+3.5320401855415716e-18j), F_py: (2.6200416034655172e-08-2.8211484794912186e-19j)
Free_energy = -10168.760528266323
------------------------------------------
[{'stable': {'F_dwave': np.complex128(0.05946307853983788j)}, 'free': np.float64(-10168.760528266312)}, {'stable': {'F_dwave': np.complex128(0.05859243186429954-0.010138275872259767j)}, 'free': np.float64(-10168.760528266312)}, {'stable': {'F_dwave': np.complex128(0.05946307853984052+0j)}, 'free': np.float64(-10168.760528266323)}]
------------------------------------------
====================================
mu=0.85, T=0.0460
====================================
  Seed: normal state
F_onsite: 0j
F_swave: 0j, F_dwave: 0j
F_px: 0j, F_py: 0j
Free_energy = -10034.956199212189
------------------------------------------
[{'stable': {}, 'free': np.float64(-10034.956199212189)}]
------------------------------------------
  Seed: px
F_onsite: 7.044012016150467e-17j
F_swave: 5.898059818321144e-17j, F_dwave: 0.059279494129863004j
F_px: (4.3251402568825793e-16+0j), F_py: (-1.5917601963480422e-19+0j)
Free_energy = -10168.215787661575
------------------------------------------
[{'stable': {'F_dwave': np.complex128(0.059279494129863004j)}, 'free': np.float64(-10168.215787661575)}]
------------------------------------------
  Seed: py
F_onsite: 9.87481597820904e-19j
F_swave: 7.745057511456509e-19j, F_dwave: -5.425775422755828e-19j
F_px: (9.696872884836633e-20+0j), F_py: (0.045808124575773296+0j)
Free_energy = -10072.51541327226
------------------------------------------
[{'stable': {'F_dwave': np.complex128(0.059279494129863004j)}, 'free': np.float64(-10168.215787661575)}]
------------------------------------------
  Seed: px+py
F_onsite: 9.125680187322636e-17j
F_swave: 5.204170427930421e-17j, F_dwave: 0.059279494129863j
F_px: (4.616248540194937e-16+0j), F_py: (-2.6759623688335466e-19+0j)
Free_energy = -10168.215787661575
------------------------------------------
[{'stable': {'F_dwave': np.complex128(0.059279494129863004j)}, 'free': np.float64(-10168.215787661575)}]
------------------------------------------
  Seed: px+i*py
F_onsite: (-2.163215121265253e-16+2.17099072713484e-17j)
F_swave: (8.326672684688674e-17+9.107298248878237e-18j), F_dwave: (0.058411535461072105-0.010106975283056246j)
F_px: (1.4264773209871073e-08-2.468240380311404e-09j), F_py: (-3.620598126863328e-10+6.264738814515391e-11j)
Free_energy = -10168.215787661577
------------------------------------------
[{'stable': {'F_dwave': np.complex128(0.059279494129863004j)}, 'free': np.float64(-10168.215787661575)}, {'stable': {'F_dwave': np.complex128(0.058411535461072105-0.010106975283056246j)}, 'free': np.float64(-10168.215787661577)}]
------------------------------------------
  Seed: d-wave
F_onsite: (9.031296232452375e-17+0j)
F_swave: (4.85722573273506e-17+0j), F_dwave: (0.05927949412986305+0j)
F_px: 2.8980785612775107e-18j, F_py: 4.0784967282539583e-19j
Free_energy = -10168.215787661573
------------------------------------------
[{'stable': {'F_dwave': np.complex128(0.059279494129863004j)}, 'free': np.float64(-10168.215787661575)}, {'stable': {'F_dwave': np.complex128(0.058411535461072105-0.010106975283056246j)}, 'free': np.float64(-10168.215787661577)}, {'stable': {'F_dwave': np.complex128(0.05927949412986305+0j)}, 'free': np.float64(-10168.215787661573)}]
------------------------------------------
  Seed: d-wave+px
F_onsite: (2.086929126183857e-18-1.0573490440715145e-18j)
F_swave: (-5.724587470723463e-17-1.872118688677091e-18j), F_dwave: (0.05927949412986263-9.569936229576083e-18j)
F_px: (1.3847211793871494e-08+9.397542732553595e-18j), F_py: (1.0408340855860843e-17-4.635097874431751e-19j)
Free_energy = -10168.215787661577
------------------------------------------
[{'stable': {'F_dwave': np.complex128(0.059279494129863004j)}, 'free': np.float64(-10168.215787661575)}, {'stable': {'F_dwave': np.complex128(0.058411535461072105-0.010106975283056246j)}, 'free': np.float64(-10168.215787661577)}, {'stable': {'F_dwave': np.complex128(0.05927949412986305+0j)}, 'free': np.float64(-10168.215787661573)}]
------------------------------------------
  Seed: d-wave+py
F_onsite: (2.3911647672549343e-16+7.868810932081842e-18j)
F_swave: (-1.700029006457271e-16-5.960562417599632e-18j), F_dwave: (0.059279494129862366-2.67576859350325e-16j)
F_px: (2.7755575615628914e-17-1.6144607410397886e-18j), F_py: (1.4358847180706569e-08-4.5387013707311265e-18j)
Free_energy = -10168.215787661573
------------------------------------------
[{'stable': {'F_dwave': np.complex128(0.059279494129863004j)}, 'free': np.float64(-10168.215787661575)}, {'stable': {'F_dwave': np.complex128(0.058411535461072105-0.010106975283056246j)}, 'free': np.float64(-10168.215787661577)}, {'stable': {'F_dwave': np.complex128(0.05927949412986305+0j)}, 'free': np.float64(-10168.215787661573)}]
------------------------------------------
====================================
mu=0.85, T=0.0490
====================================
  Seed: normal state
F_onsite: 0j
F_swave: 0j, F_dwave: 0j
F_px: 0j, F_py: 0j
Free_energy = -10035.748879644403
------------------------------------------
[{'stable': {}, 'free': np.float64(-10035.748879644403)}]
------------------------------------------
  Seed: px
F_onsite: -8.325231405189362e-17j
F_swave: 1.0408340855860843e-17j, F_dwave: 0.05906253901169656j
F_px: (-3.565661292083332e-18+0j), F_py: (1.0312559958372102e-18+0j)
Free_energy = -10167.57052387281
------------------------------------------
[{'stable': {'F_dwave': np.complex128(0.05906253901169656j)}, 'free': np.float64(-10167.57052387281)}]
------------------------------------------
  Seed: py
F_onsite: 3.4146015686188982e-19j
F_swave: 3.459600193941783e-19j, F_dwave: 4.792618294683238e-19j
F_px: (1.6854963033625513e-19+0j), F_py: (0.04434169525159985+0j)
Free_energy = -10070.722199294534
------------------------------------------
[{'stable': {'F_dwave': np.complex128(0.05906253901169656j)}, 'free': np.float64(-10167.57052387281)}]
------------------------------------------
  Seed: px+py
F_onsite: -8.954807833826332e-17j
F_swave: 1.734723475976807e-17j, F_dwave: 0.05906253901169656j
F_px: (-3.893415066195218e-18+0j), F_py: (-2.3415167035661065e-19+0j)
Free_energy = -10167.57052387281
------------------------------------------
[{'stable': {'F_dwave': np.complex128(0.05906253901169656j)}, 'free': np.float64(-10167.57052387281)}]
------------------------------------------
  Seed: px+i*py
F_onsite: (-5.82578992684292e-17+9.319654208395421e-18j)
F_swave: (3.9898639947466563e-17-1.6479873021779667e-17j), F_dwave: (0.058197756956983426-0.01006998508857115j)
F_px: (6.959532866668283e-09-1.2042111977722536e-09j), F_py: (-1.7664250964721795e-10+3.056457344163821e-11j)
Free_energy = -10167.57052387281
------------------------------------------
[{'stable': {'F_dwave': np.complex128(0.05906253901169656j)}, 'free': np.float64(-10167.57052387281)}, {'stable': {'F_dwave': np.complex128(0.058197756956983426-0.01006998508857115j)}, 'free': np.float64(-10167.57052387281)}]
------------------------------------------
  Seed: d-wave
F_onsite: (-9.385420855364697e-17+0j)
F_swave: (1.734723475976807e-17+0j), F_dwave: (0.05906253901169656+0j)
F_px: 7.366566132931845e-18j, F_py: -6.006522387217057e-19j
Free_energy = -10167.57052387281
------------------------------------------
[{'stable': {'F_dwave': np.complex128(0.05906253901169656j)}, 'free': np.float64(-10167.57052387281)}, {'stable': {'F_dwave': np.complex128(0.058197756956983426-0.01006998508857115j)}, 'free': np.float64(-10167.57052387281)}, {'stable': {'F_dwave': np.complex128(0.05906253901169656+0j)}, 'free': np.float64(-10167.57052387281)}]
------------------------------------------
  Seed: d-wave+px
F_onsite: (-1.3102642193750484e-16-1.9968291844773827e-18j)
F_swave: (6.418476861114186e-17+3.7637524725038595e-18j), F_dwave: (0.059062539011696405-2.6204986679909473e-18j)
F_px: (6.755811819691981e-09+5.730096410739855e-18j), F_py: (-3.469446951953614e-18-1.1295337381500921e-18j)
Free_energy = -10167.57052387281
------------------------------------------
[{'stable': {'F_dwave': np.complex128(0.05906253901169656j)}, 'free': np.float64(-10167.57052387281)}, {'stable': {'F_dwave': np.complex128(0.058197756956983426-0.01006998508857115j)}, 'free': np.float64(-10167.57052387281)}, {'stable': {'F_dwave': np.complex128(0.05906253901169656+0j)}, 'free': np.float64(-10167.57052387281)}]
------------------------------------------
  Seed: d-wave+py
F_onsite: (-6.60126545934655e-17-3.551100374407218e-18j)
F_swave: (-4.85722573273506e-17+1.4706312285296585e-18j), F_dwave: (0.05906253901169637-2.5637405969937765e-16j)
F_px: (-4.5102810375396984e-17+1.2174783854526915e-17j), F_py: (7.005429632223059e-09-8.72065872801992e-19j)
Free_energy = -10167.570523872808
------------------------------------------
[{'stable': {'F_dwave': np.complex128(0.05906253901169656j)}, 'free': np.float64(-10167.57052387281)}, {'stable': {'F_dwave': np.complex128(0.058197756956983426-0.01006998508857115j)}, 'free': np.float64(-10167.57052387281)}, {'stable': {'F_dwave': np.complex128(0.05906253901169656+0j)}, 'free': np.float64(-10167.57052387281)}]
------------------------------------------
====================================
mu=0.85, T=0.0520
====================================
  Seed: normal state
F_onsite: 0j
F_swave: 0j, F_dwave: 0j
F_px: 0j, F_py: 0j
Free_energy = -10036.591897640736
------------------------------------------
[{'stable': {}, 'free': np.float64(-10036.591897640736)}]
------------------------------------------
  Seed: px
F_onsite: -3.2744639379626145e-17j
F_swave: -5.898059818321144e-17j, F_dwave: 0.05881085868250687j
F_px: (8.56465453215365e-18+0j), F_py: (7.32094546778832e-19+0j)
Free_energy = -10166.825954697868
------------------------------------------
[{'stable': {'F_dwave': np.complex128(0.05881085868250687j)}, 'free': np.float64(-10166.825954697868)}]
------------------------------------------
  Seed: py
F_onsite: 7.464477847678522e-20j
F_swave: 4.326220778101339e-19j, F_dwave: 6.220398206398768e-20j
F_px: (-3.293767024737152e-19+0j), F_py: (0.042627315758623066+0j)
Free_energy = -10068.71322564295
------------------------------------------
[{'stable': {'F_dwave': np.complex128(0.05881085868250687j)}, 'free': np.float64(-10166.825954697868)}]
------------------------------------------
  Seed: px+py
F_onsite: -3.2744639379626145e-17j
F_swave: -5.898059818321144e-17j, F_dwave: 0.05881085868250687j
F_px: (8.56465453215365e-18+0j), F_py: (7.32094546778832e-19+0j)
Free_energy = -10166.825954697868
------------------------------------------
[{'stable': {'F_dwave': np.complex128(0.05881085868250687j)}, 'free': np.float64(-10166.825954697868)}]
------------------------------------------
  Seed: px+i*py
F_onsite: (7.762999992825669e-17+9.891899608190441e-19j)
F_swave: (-3.8163916471489756e-17+1.734723475976807e-17j), F_dwave: (0.057949761681566875-0.010027074350149944j)
F_px: (3.1776270330297063e-09-5.498263398392988e-10j), F_py: (-8.065258877421044e-11+1.3955371580554043e-11j)
Free_energy = -10166.825954697868
------------------------------------------
[{'stable': {'F_dwave': np.complex128(0.05881085868250687j)}, 'free': np.float64(-10166.825954697868)}, {'stable': {'F_dwave': np.complex128(0.057949761681566875-0.010027074350149944j)}, 'free': np.float64(-10166.825954697868)}]
------------------------------------------
  Seed: d-wave
F_onsite: (-3.669248789321103e-17+0j)
F_swave: (-6.245004513516506e-17+0j), F_dwave: (0.05881085868250688+0j)
F_px: -1.3772977406759088e-17j, F_py: -1.747452131242773e-18j
Free_energy = -10166.825954697868
------------------------------------------
[{'stable': {'F_dwave': np.complex128(0.05881085868250687j)}, 'free': np.float64(-10166.825954697868)}, {'stable': {'F_dwave': np.complex128(0.057949761681566875-0.010027074350149944j)}, 'free': np.float64(-10166.825954697868)}, {'stable': {'F_dwave': np.complex128(0.05881085868250688+0j)}, 'free': np.float64(-10166.825954697868)}]
------------------------------------------
  Seed: d-wave+px
F_onsite: (1.224385048356113e-17-2.515028289456098e-19j)
F_swave: (-1.0755285551056204e-16+2.9955887061105943e-18j), F_dwave: (0.05881085868250726-2.6217288923569668e-18j)
F_px: (3.0846109520810128e-09+8.874164962547767e-18j), F_py: (1.3877787807814457e-17-2.8975784059051346e-18j)
Free_energy = -10166.825954697866
------------------------------------------
[{'stable': {'F_dwave': np.complex128(0.05881085868250687j)}, 'free': np.float64(-10166.825954697868)}, {'stable': {'F_dwave': np.complex128(0.057949761681566875-0.010027074350149944j)}, 'free': np.float64(-10166.825954697868)}, {'stable': {'F_dwave': np.complex128(0.05881085868250688+0j)}, 'free': np.float64(-10166.825954697868)}]
------------------------------------------
  Seed: d-wave+py
F_onsite: (-2.863116808504404e-17+8.579164638112412e-19j)
F_swave: (1.5612511283791264e-16+7.531020881355793e-18j), F_dwave: (0.058810858682507-2.4071288827528204e-16j)
F_px: (-1.1449174941446927e-16-8.209629420069159e-18j), F_py: (3.1985831275282983e-09-2.3144534015175583e-18j)
Free_energy = -10166.825954697868
------------------------------------------
[{'stable': {'F_dwave': np.complex128(0.05881085868250687j)}, 'free': np.float64(-10166.825954697868)}, {'stable': {'F_dwave': np.complex128(0.057949761681566875-0.010027074350149944j)}, 'free': np.float64(-10166.825954697868)}, {'stable': {'F_dwave': np.complex128(0.05881085868250688+0j)}, 'free': np.float64(-10166.825954697868)}]
------------------------------------------
====================================
mu=0.85, T=0.0550
====================================
  Seed: normal state
F_onsite: 0j
F_swave: 0j, F_dwave: 0j
F_px: 0j, F_py: 0j
Free_energy = -10037.48533847642
------------------------------------------
[{'stable': {}, 'free': np.float64(-10037.48533847642)}]
------------------------------------------
  Seed: px
F_onsite: 4.332331988466881e-17j
F_swave: 3.8163916471489756e-17j, F_dwave: 0.05852049727796031j
F_px: (-6.425392587343497e-18+0j), F_py: (1.744188076545639e-18+0j)
Free_energy = -10165.968457211047
------------------------------------------
[{'stable': {'F_dwave': np.complex128(0.05852049727796031j)}, 'free': np.float64(-10165.968457211047)}]
------------------------------------------
  Seed: py
F_onsite: 1.6680725709397343e-18j
F_swave: 1.9317645153318387e-19j, F_dwave: 2.1869331906921967e-19j
F_px: (-1.40594234354413e-19+0j), F_py: (0.040630545716709286+0j)
Free_energy = -10066.489448038086
------------------------------------------
[{'stable': {'F_dwave': np.complex128(0.05852049727796031j)}, 'free': np.float64(-10165.968457211047)}]
------------------------------------------
  Seed: px+py
F_onsite: 4.332331988466881e-17j
F_swave: 3.8163916471489756e-17j, F_dwave: 0.05852049727796031j
F_px: (-6.425392587343497e-18+0j), F_py: (1.744188076545639e-18+0j)
Free_energy = -10165.968457211047
------------------------------------------
[{'stable': {'F_dwave': np.complex128(0.05852049727796031j)}, 'free': np.float64(-10165.968457211047)}]
------------------------------------------
  Seed: px+i*py
F_onsite: (3.1155780952593195e-17+1.500063286938405e-17j)
F_swave: (4.336808689942018e-17-1.0408340855860843e-17j), F_dwave: (0.05766365169147408-0.009977568604833132j)
F_px: (1.2723735016983984e-09-2.201593733708318e-10j), F_py: (-3.2294830004664377e-11+5.587979731713766e-12j)
Free_energy = -10165.968457211047
------------------------------------------
[{'stable': {'F_dwave': np.complex128(0.05852049727796031j)}, 'free': np.float64(-10165.968457211047)}, {'stable': {'F_dwave': np.complex128(0.05766365169147408-0.009977568604833132j)}, 'free': np.float64(-10165.968457211047)}]
------------------------------------------
  Seed: d-wave
F_onsite: (4.3324967628449013e-17+0j)
F_swave: (4.163336342344337e-17+0j), F_dwave: (0.058520497277960305+0j)
F_px: 1.3364494940765089e-17j, F_py: -2.1761831514514575e-18j
Free_energy = -10165.968457211047
------------------------------------------
[{'stable': {'F_dwave': np.complex128(0.05852049727796031j)}, 'free': np.float64(-10165.968457211047)}, {'stable': {'F_dwave': np.complex128(0.05766365169147408-0.009977568604833132j)}, 'free': np.float64(-10165.968457211047)}, {'stable': {'F_dwave': np.complex128(0.058520497277960305+0j)}, 'free': np.float64(-10165.968457211047)}]
------------------------------------------
  Seed: d-wave+px
F_onsite: (2.3940187923724054e-17+1.0290114974655866e-18j)
F_swave: (9.8879238130678e-17-2.121773754872004e-18j), F_dwave: (0.05852049727796056-1.396326368923201e-17j)
F_px: (1.235128433557664e-09+6.443319183457528e-18j), F_py: (-1.0408340855860843e-17-1.5986101411218124e-18j)
Free_energy = -10165.968457211047
------------------------------------------
[{'stable': {'F_dwave': np.complex128(0.05852049727796031j)}, 'free': np.float64(-10165.968457211047)}, {'stable': {'F_dwave': np.complex128(0.05766365169147408-0.009977568604833132j)}, 'free': np.float64(-10165.968457211047)}, {'stable': {'F_dwave': np.complex128(0.058520497277960305+0j)}, 'free': np.float64(-10165.968457211047)}]
------------------------------------------
  Seed: d-wave+py
F_onsite: (1.6388921447572158e-17+1.4057628631100428e-20j)
F_swave: (5.724587470723463e-17-2.193266099457084e-18j), F_dwave: (0.05852049727796064-2.3230125615939126e-16j)
F_px: (-9.020562075079397e-17+3.4274755594883553e-18j), F_py: (1.2807650530410886e-09-7.620875367937105e-19j)
Free_energy = -10165.968457211047
------------------------------------------
[{'stable': {'F_dwave': np.complex128(0.05852049727796031j)}, 'free': np.float64(-10165.968457211047)}, {'stable': {'F_dwave': np.complex128(0.05766365169147408-0.009977568604833132j)}, 'free': np.float64(-10165.968457211047)}, {'stable': {'F_dwave': np.complex128(0.058520497277960305+0j)}, 'free': np.float64(-10165.968457211047)}]
------------------------------------------
====================================
mu=0.85, T=0.0580
====================================
  Seed: normal state
F_onsite: 0j
F_swave: 0j, F_dwave: 0j
F_px: 0j, F_py: 0j
Free_energy = -10038.42927943165
------------------------------------------
[{'stable': {}, 'free': np.float64(-10038.42927943165)}]
------------------------------------------
  Seed: px
F_onsite: -6.611004803047129e-17j
F_swave: -6.938893903907228e-18j, F_dwave: 0.05819042606383881j
F_px: (-4.134238775372682e-18+0j), F_py: (1.3038484036203852e-18+0j)
Free_energy = -10165.001477631035
------------------------------------------
[{'stable': {'F_dwave': np.complex128(0.05819042606383881j)}, 'free': np.float64(-10165.001477631035)}]
------------------------------------------
  Seed: py
F_onsite: 2.2748128589698303e-18j
F_swave: 4.259516933505063e-19j, F_dwave: -6.45862622281404e-21j
F_px: (3.5499283168325736e-19+0j), F_py: (0.03830218227327389+0j)
Free_energy = -10064.048676904225
------------------------------------------
[{'stable': {'F_dwave': np.complex128(0.05819042606383881j)}, 'free': np.float64(-10165.001477631035)}]
------------------------------------------
  Seed: px+py
F_onsite: -6.611004803047129e-17j
F_swave: -6.938893903907228e-18j, F_dwave: 0.05819042606383881j
F_px: (-4.134238775372682e-18+0j), F_py: (1.3038484036203852e-18+0j)
Free_energy = -10165.001477631035
------------------------------------------
[{'stable': {'F_dwave': np.complex128(0.05819042606383881j)}, 'free': np.float64(-10165.001477631035)}]
------------------------------------------
  Seed: px+i*py
F_onsite: (5.551755343401053e-18+8.40844839168967e-18j)
F_swave: (-6.938893903907228e-17-1.474514954580286e-17j), F_dwave: (0.05733841331501105-0.009921292456533597j)
F_px: (4.746589822579583e-10-8.213043526522634e-11j), F_py: (-1.204755739614427e-11+2.0846015885700453e-12j)
Free_energy = -10165.001477631036
------------------------------------------
[{'stable': {'F_dwave': np.complex128(0.05819042606383881j)}, 'free': np.float64(-10165.001477631035)}, {'stable': {'F_dwave': np.complex128(0.05733841331501105-0.009921292456533597j)}, 'free': np.float64(-10165.001477631036)}]
------------------------------------------
  Seed: d-wave
F_onsite: (-5.914785410306966e-17+0j)
F_swave: (-1.3877787807814457e-17+0j), F_dwave: (0.058190426063838806+0j)
F_px: -2.0008919991228952e-19j, F_py: -1.9299199025658455e-18j
Free_energy = -10165.001477631035
------------------------------------------
[{'stable': {'F_dwave': np.complex128(0.05819042606383881j)}, 'free': np.float64(-10165.001477631035)}, {'stable': {'F_dwave': np.complex128(0.05733841331501105-0.009921292456533597j)}, 'free': np.float64(-10165.001477631036)}, {'stable': {'F_dwave': np.complex128(0.058190426063838806+0j)}, 'free': np.float64(-10165.001477631035)}]
------------------------------------------
  Seed: d-wave+px
F_onsite: (9.67921026011604e-18+2.616582705331279e-19j)
F_swave: (8.326672684688674e-17+2.155202303868171e-18j), F_dwave: (0.058190426063839104-9.578800710610507e-18j)
F_px: (4.607644023268964e-10+1.1225151208809699e-17j), F_py: (6.938893903907228e-18-1.21218262594369e-18j)
Free_energy = -10165.001477631035
------------------------------------------
[{'stable': {'F_dwave': np.complex128(0.05819042606383881j)}, 'free': np.float64(-10165.001477631035)}, {'stable': {'F_dwave': np.complex128(0.05733841331501105-0.009921292456533597j)}, 'free': np.float64(-10165.001477631036)}, {'stable': {'F_dwave': np.complex128(0.058190426063838806+0j)}, 'free': np.float64(-10165.001477631035)}]
------------------------------------------
  Seed: d-wave+py
F_onsite: (-7.587255304100955e-17-3.753755114268303e-18j)
F_swave: (-1.0408340855860843e-16-3.824084104029716e-18j), F_dwave: (0.058190426063839076-2.424152483097927e-16j)
F_px: 3.0567976254449364e-18j, F_py: (4.77788676678248e-10-1.6130641712032885e-18j)
Free_energy = -10165.001477631036
------------------------------------------
[{'stable': {'F_dwave': np.complex128(0.05819042606383881j)}, 'free': np.float64(-10165.001477631035)}, {'stable': {'F_dwave': np.complex128(0.05733841331501105-0.009921292456533597j)}, 'free': np.float64(-10165.001477631036)}, {'stable': {'F_dwave': np.complex128(0.058190426063838806+0j)}, 'free': np.float64(-10165.001477631035)}]
------------------------------------------
====================================
mu=0.85, T=0.0610
====================================
  Seed: normal state
F_onsite: 0j
F_swave: 0j, F_dwave: 0j
F_px: 0j, F_py: 0j
Free_energy = -10039.42379458798
------------------------------------------
[{'stable': {}, 'free': np.float64(-10039.42379458798)}]
------------------------------------------
  Seed: px
F_onsite: 7.021855072825002e-17j
F_swave: 6.245004513516506e-17j, F_dwave: 0.05781678501805078j
F_px: (4.469642399017685e-18+0j), F_py: (1.2776235527082309e-18+0j)
Free_energy = -10163.912806304228
------------------------------------------
[{'stable': {'F_dwave': np.complex128(0.05781678501805078j)}, 'free': np.float64(-10163.912806304228)}]
------------------------------------------
  Seed: py
F_onsite: 2.5801682364550056e-18j
F_swave: 1.802062595283524e-19j, F_dwave: 1.63212661024063e-19j
F_px: (-3.504929691509689e-20+0j), F_py: (0.0355746593197821+0j)
Free_energy = -10061.392562949084
------------------------------------------
[{'stable': {'F_dwave': np.complex128(0.05781678501805078j)}, 'free': np.float64(-10163.912806304228)}]
------------------------------------------
  Seed: px+py
F_onsite: 7.021855072825002e-17j
F_swave: 6.245004513516506e-17j, F_dwave: 0.05781678501805078j
F_px: (4.469642399017685e-18+0j), F_py: (1.2776235527082309e-18+0j)
Free_energy = -10163.912806304228
------------------------------------------
[{'stable': {'F_dwave': np.complex128(0.05781678501805078j)}, 'free': np.float64(-10163.912806304228)}]
------------------------------------------
  Seed: px+i*py
F_onsite: (-9.720789681068618e-17-1.035302013511009e-17j)
F_swave: (-2.42861286636753e-17-4.336808689942018e-19j), F_dwave: (0.05697024304776885-0.009857587783105585j)
F_px: (1.5309010309438875e-10-2.6489261305273626e-11j), F_py: (-3.885593236052642e-12+6.723588699686367e-13j)
Free_energy = -10163.912806304224
------------------------------------------
[{'stable': {'F_dwave': np.complex128(0.05781678501805078j)}, 'free': np.float64(-10163.912806304228)}, {'stable': {'F_dwave': np.complex128(0.05697024304776885-0.009857587783105585j)}, 'free': np.float64(-10163.912806304224)}]
------------------------------------------
  Seed: d-wave
F_onsite: (7.43746345236152e-17+0j)
F_swave: (5.898059818321144e-17+0j), F_dwave: (0.05781678501805077+0j)
F_px: -2.2969391131750113e-18j, F_py: -1.187351594870867e-18j
Free_energy = -10163.912806304228
------------------------------------------
[{'stable': {'F_dwave': np.complex128(0.05781678501805078j)}, 'free': np.float64(-10163.912806304228)}, {'stable': {'F_dwave': np.complex128(0.05697024304776885-0.009857587783105585j)}, 'free': np.float64(-10163.912806304224)}, {'stable': {'F_dwave': np.complex128(0.05781678501805077+0j)}, 'free': np.float64(-10163.912806304228)}]
------------------------------------------
  Seed: d-wave+px
F_onsite: (9.288464148348836e-17-3.994310141267145e-20j)
F_swave: 2.3987748209425997e-18j, F_dwave: (0.05781678501805067-5.5431318789569415e-18j)
F_px: (1.4860863581378503e-10-9.104529884038692e-19j), F_py: (1.3877787807814457e-17-1.0547914558010035e-18j)
Free_energy = -10163.912806304224
------------------------------------------
[{'stable': {'F_dwave': np.complex128(0.05781678501805078j)}, 'free': np.float64(-10163.912806304228)}, {'stable': {'F_dwave': np.complex128(0.05697024304776885-0.009857587783105585j)}, 'free': np.float64(-10163.912806304224)}, {'stable': {'F_dwave': np.complex128(0.05781678501805077+0j)}, 'free': np.float64(-10163.912806304228)}]
------------------------------------------
  Seed: d-wave+py
F_onsite: (9.260724618073688e-17+3.1380733649629475e-18j)
F_swave: (9.020562075079397e-17-2.249890866938815e-18j), F_dwave: (0.05781678501805082-2.346252399426937e-16j)
F_px: (-9.367506770274758e-17+1.892928302344296e-18j), F_py: (1.5409948317390842e-10-1.4276898322569399e-18j)
Free_energy = -10163.912806304224
------------------------------------------
[{'stable': {'F_dwave': np.complex128(0.05781678501805078j)}, 'free': np.float64(-10163.912806304228)}, {'stable': {'F_dwave': np.complex128(0.05697024304776885-0.009857587783105585j)}, 'free': np.float64(-10163.912806304224)}, {'stable': {'F_dwave': np.complex128(0.05781678501805077+0j)}, 'free': np.float64(-10163.912806304228)}]
------------------------------------------
====================================
mu=0.85, T=0.0640
====================================
  Seed: normal state
F_onsite: 0j
F_swave: 0j, F_dwave: 0j
F_px: 0j, F_py: 0j
Free_energy = -10040.468958305259
------------------------------------------
[{'stable': {}, 'free': np.float64(-10040.468958305259)}]
------------------------------------------
  Seed: px
F_onsite: 5.730169947241461e-17j
F_swave: -3.469446951953614e-17j, F_dwave: 0.05739803925434797j
F_px: (1.0058408715165185e-18+0j), F_py: (2.3533205709072382e-18+0j)
Free_energy = -10162.703819216971
------------------------------------------
[{'stable': {'F_dwave': np.complex128(0.05739803925434797j)}, 'free': np.float64(-10162.703819216971)}]
------------------------------------------
  Seed: py
F_onsite: 1.7881924307722348e-18j
F_swave: -3.865381915235796e-19j, F_dwave: 1.4550437847052778e-19j
F_px: (4.1493364759129995e-19+0j), F_py: (0.032343696252081264+0j)
Free_energy = -10058.52161134288
------------------------------------------
[{'stable': {'F_dwave': np.complex128(0.05739803925434797j)}, 'free': np.float64(-10162.703819216971)}]
------------------------------------------
  Seed: px+py
F_onsite: 5.730169947241461e-17j
F_swave: -3.469446951953614e-17j, F_dwave: 0.05739803925434797j
F_px: (1.0058408715165185e-18+0j), F_py: (2.3533205709072382e-18+0j)
Free_energy = -10162.703819216971
------------------------------------------
[{'stable': {'F_dwave': np.complex128(0.05739803925434797j)}, 'free': np.float64(-10162.703819216971)}]
------------------------------------------
  Seed: px+i*py
F_onsite: (8.236409585407107e-17+1.3987594195601045e-17j)
F_swave: (-3.469446951953614e-17-6.5052130349130266e-18j), F_dwave: (0.056557628477001826-0.009786192891064884j)
F_px: (4.2290421164992154e-11-7.317550211605184e-12j), F_py: (-1.0730444310880216e-12+1.8565964737815577e-13j)
Free_energy = -10162.703819216971
------------------------------------------
[{'stable': {'F_dwave': np.complex128(0.05739803925434797j)}, 'free': np.float64(-10162.703819216971)}, {'stable': {'F_dwave': np.complex128(0.056557628477001826-0.009786192891064884j)}, 'free': np.float64(-10162.703819216971)}]
------------------------------------------
  Seed: d-wave
F_onsite: (4.947157470676315e-17+0j)
F_swave: (-3.8163916471489756e-17+0j), F_dwave: (0.05739803925434801+0j)
F_px: -7.180051794052163e-19j, F_py: -2.3255885136907854e-18j
Free_energy = -10162.703819216971
------------------------------------------
[{'stable': {'F_dwave': np.complex128(0.05739803925434797j)}, 'free': np.float64(-10162.703819216971)}, {'stable': {'F_dwave': np.complex128(0.056557628477001826-0.009786192891064884j)}, 'free': np.float64(-10162.703819216971)}, {'stable': {'F_dwave': np.complex128(0.05739803925434801+0j)}, 'free': np.float64(-10162.703819216971)}]
------------------------------------------
  Seed: d-wave+px
F_onsite: (1.0377114911031467e-16-1.94663689259473e-18j)
F_swave: (-6.938893903907228e-17-2.4484228679524925e-18j), F_dwave: (0.05739803925434827-7.363603378772833e-18j)
F_px: (4.1052647392625374e-11+1.7869026349572104e-17j), F_py: (-1.3877787807814457e-17-4.219292584806715e-19j)
Free_energy = -10162.703819216971
------------------------------------------
[{'stable': {'F_dwave': np.complex128(0.05739803925434797j)}, 'free': np.float64(-10162.703819216971)}, {'stable': {'F_dwave': np.complex128(0.056557628477001826-0.009786192891064884j)}, 'free': np.float64(-10162.703819216971)}, {'stable': {'F_dwave': np.complex128(0.05739803925434801+0j)}, 'free': np.float64(-10162.703819216971)}]
------------------------------------------
  Seed: d-wave+py
F_onsite: (9.208281520908889e-18-3.775025474738704e-19j)
F_swave: (8.153200337090993e-17+2.0096040157194187e-18j), F_dwave: (0.05739803925434808-2.1416341271669781e-16j)
F_px: (-6.938893903907228e-17+3.936110075690027e-18j), F_py: (4.2569437558315215e-11-1.2233227024007704e-18j)
Free_energy = -10162.703819216971
------------------------------------------
[{'stable': {'F_dwave': np.complex128(0.05739803925434797j)}, 'free': np.float64(-10162.703819216971)}, {'stable': {'F_dwave': np.complex128(0.056557628477001826-0.009786192891064884j)}, 'free': np.float64(-10162.703819216971)}, {'stable': {'F_dwave': np.complex128(0.05739803925434801+0j)}, 'free': np.float64(-10162.703819216971)}]
------------------------------------------
====================================
mu=0.85, T=0.0670
====================================
  Seed: normal state
F_onsite: 0j
F_swave: 0j, F_dwave: 0j
F_px: 0j, F_py: 0j
Free_energy = -10041.564847677151
------------------------------------------
[{'stable': {}, 'free': np.float64(-10041.564847677151)}]
------------------------------------------
  Seed: px
F_onsite: -8.850064930708947e-17j
F_swave: 4.163336342344337e-17j, F_dwave: 0.05693259107156736j
F_px: (-9.12551111160543e-18+0j), F_py: (4.03468924301315e-19+0j)
Free_energy = -10161.37587472576
------------------------------------------
[{'stable': {'F_dwave': np.complex128(0.05693259107156736j)}, 'free': np.float64(-10161.37587472576)}]
------------------------------------------
  Seed: py
F_onsite: 3.4037489589822025e-18j
F_swave: -7.596562047890989e-19j, F_dwave: -7.714617264914557e-19j
F_px: (-4.627513044417654e-19+0j), F_py: (0.02843596856874749+0j)
Free_energy = -10055.437910449335
------------------------------------------
[{'stable': {'F_dwave': np.complex128(0.05693259107156736j)}, 'free': np.float64(-10161.37587472576)}]
------------------------------------------
  Seed: px+py
F_onsite: -8.850064930708947e-17j
F_swave: 4.163336342344337e-17j, F_dwave: 0.05693259107156736j
F_px: (-9.12551111160543e-18+0j), F_py: (4.03468924301315e-19+0j)
Free_energy = -10161.37587472576
------------------------------------------
[{'stable': {'F_dwave': np.complex128(0.05693259107156736j)}, 'free': np.float64(-10161.37587472576)}]
------------------------------------------
  Seed: px+i*py
F_onsite: (-1.4692630105603138e-16-1.4920908151637886e-17j)
F_swave: (-1.5612511283791264e-17+7.37257477290143e-18j), F_dwave: (0.05609899529477162-0.00970683537717304j)
F_px: (1.0794629079491358e-11-1.8678834520780008e-12j), F_py: (-2.739232451975937e-13+4.740739051323217e-14j)
Free_energy = -10161.37587472576
------------------------------------------
[{'stable': {'F_dwave': np.complex128(0.05693259107156736j)}, 'free': np.float64(-10161.37587472576)}, {'stable': {'F_dwave': np.complex128(0.05609899529477162-0.00970683537717304j)}, 'free': np.float64(-10161.37587472576)}]
------------------------------------------
  Seed: d-wave
F_onsite: (-9.306511133649588e-17+0j)
F_swave: (4.5102810375396984e-17+0j), F_dwave: (0.056932591071567354+0j)
F_px: 7.968866115433756e-18j, F_py: -5.568877668727501e-19j
Free_energy = -10161.375874725758
------------------------------------------
[{'stable': {'F_dwave': np.complex128(0.05693259107156736j)}, 'free': np.float64(-10161.37587472576)}, {'stable': {'F_dwave': np.complex128(0.05609899529477162-0.00970683537717304j)}, 'free': np.float64(-10161.37587472576)}, {'stable': {'F_dwave': np.complex128(0.056932591071567354+0j)}, 'free': np.float64(-10161.375874725758)}]
------------------------------------------
  Seed: d-wave+px
F_onsite: (-8.522349043331043e-17-6.837891630854367e-19j)
F_swave: (5.377642775528102e-17-1.2524454180693468e-18j), F_dwave: (0.056932591071567604-1.3975715445787925e-17j)
F_px: (1.047866307612999e-11-3.6002939013413827e-19j), F_py: (3.469446951953614e-18-1.8549428667741657e-18j)
Free_energy = -10161.37587472576
------------------------------------------
[{'stable': {'F_dwave': np.complex128(0.05693259107156736j)}, 'free': np.float64(-10161.37587472576)}, {'stable': {'F_dwave': np.complex128(0.05609899529477162-0.00970683537717304j)}, 'free': np.float64(-10161.37587472576)}, {'stable': {'F_dwave': np.complex128(0.056932591071567354+0j)}, 'free': np.float64(-10161.375874725758)}]
------------------------------------------
  Seed: d-wave+py
F_onsite: (-2.5397205475607877e-17+3.4000119820531963e-18j)
F_swave: (1.0408340855860843e-17-1.2270647368258054e-17j), F_dwave: (0.056932591071567576-2.2815914924203197e-16j)
F_px: (6.245004513516506e-17+1.1901524967281405e-17j), F_py: (1.0865697230855176e-11-1.0550582621123466e-18j)
Free_energy = -10161.37587472576
------------------------------------------
[{'stable': {'F_dwave': np.complex128(0.05693259107156736j)}, 'free': np.float64(-10161.37587472576)}, {'stable': {'F_dwave': np.complex128(0.05609899529477162-0.00970683537717304j)}, 'free': np.float64(-10161.37587472576)}, {'stable': {'F_dwave': np.complex128(0.056932591071567354+0j)}, 'free': np.float64(-10161.375874725758)}]
------------------------------------------
====================================
mu=0.85, T=0.0700
====================================
  Seed: normal state
F_onsite: 0j
F_swave: 0j, F_dwave: 0j
F_px: 0j, F_py: 0j
Free_energy = -10042.711544223966
------------------------------------------
[{'stable': {}, 'free': np.float64(-10042.711544223966)}]
------------------------------------------
  Seed: px
F_onsite: -3.996274313621697e-17j
F_swave: 5.551115123125783e-17j, F_dwave: 0.05641667033140554j
F_px: (-1.0422542719797765e-17+0j), F_py: (-5.502835568621268e-19+0j)
Free_energy = -10159.919407130968
------------------------------------------
[{'stable': {'F_dwave': np.complex128(0.05641667033140554j)}, 'free': np.float64(-10159.919407130968)}]
------------------------------------------
  Seed: py
F_onsite: 4.193766000974448e-18j
F_swave: -1.161785096498078e-18j, F_dwave: -2.4868357935794224e-19j
F_px: (4.1127420056136536e-21+0j), F_py: (0.02351391052299314+0j)
Free_energy = -10052.143427628624
------------------------------------------
[{'stable': {'F_dwave': np.complex128(0.05641667033140554j)}, 'free': np.float64(-10159.919407130968)}]
------------------------------------------
  Seed: px+py
F_onsite: -3.996274313621697e-17j
F_swave: 5.551115123125783e-17j, F_dwave: 0.05641667033140554j
F_px: (-1.0422542719797765e-17+0j), F_py: (-5.502835568621268e-19+0j)
Free_energy = -10159.919407130968
------------------------------------------
[{'stable': {'F_dwave': np.complex128(0.05641667033140554j)}, 'free': np.float64(-10159.919407130968)}]
------------------------------------------
  Seed: px+i*py
F_onsite: (3.578113876783714e-18-8.132911965292913e-18j)
F_swave: (-9.194034422677078e-17+2.47198095326695e-17j), F_dwave: (0.055590628564396734-0.00961887244419972j)
F_px: (2.3288836137336233e-12-4.0297192666072235e-13j), F_py: (-5.894243426673995e-14+1.023053169957322e-14j)
Free_energy = -10159.919407130968
------------------------------------------
[{'stable': {'F_dwave': np.complex128(0.05641667033140554j)}, 'free': np.float64(-10159.919407130968)}, {'stable': {'F_dwave': np.complex128(0.055590628564396734-0.00961887244419972j)}, 'free': np.float64(-10159.919407130968)}]
------------------------------------------
  Seed: d-wave
F_onsite: (-1.424442072507756e-17+0j)
F_swave: (4.85722573273506e-17+0j), F_dwave: (0.056416670331405544+0j)
F_px: 1.0404961823058563e-17j, F_py: 1.5410871120230437e-19j
Free_energy = -10159.919407130968
------------------------------------------
[{'stable': {'F_dwave': np.complex128(0.05641667033140554j)}, 'free': np.float64(-10159.919407130968)}, {'stable': {'F_dwave': np.complex128(0.055590628564396734-0.00961887244419972j)}, 'free': np.float64(-10159.919407130968)}, {'stable': {'F_dwave': np.complex128(0.056416670331405544+0j)}, 'free': np.float64(-10159.919407130968)}]
------------------------------------------
  Seed: d-wave+px
F_onsite: (-2.0705727984536857e-17+1.401176284355801e-18j)
F_swave: (-5.377642775528102e-17-9.044791113904689e-19j), F_dwave: (0.05641667033140562-3.1459703840326325e-17j)
F_px: (2.2604487726063383e-12+1.7726138902618786e-18j), F_py: (-2.42861286636753e-17-3.0588789980792094e-18j)
Free_energy = -10159.919407130968
------------------------------------------
[{'stable': {'F_dwave': np.complex128(0.05641667033140554j)}, 'free': np.float64(-10159.919407130968)}, {'stable': {'F_dwave': np.complex128(0.055590628564396734-0.00961887244419972j)}, 'free': np.float64(-10159.919407130968)}, {'stable': {'F_dwave': np.complex128(0.056416670331405544+0j)}, 'free': np.float64(-10159.919407130968)}]
------------------------------------------
  Seed: d-wave+py
F_onsite: (-4.850184336399256e-19-1.1669165143118766e-18j)
F_swave: (-3.2959746043559335e-17+1.5548645851986515e-18j), F_dwave: (0.05641667033140587-2.395992488127473e-16j)
F_px: 3.0136924168441992e-18j, F_py: (2.3436565188550418e-12-3.8403224164574316e-18j)
Free_energy = -10159.919407130968
------------------------------------------
[{'stable': {'F_dwave': np.complex128(0.05641667033140554j)}, 'free': np.float64(-10159.919407130968)}, {'stable': {'F_dwave': np.complex128(0.055590628564396734-0.00961887244419972j)}, 'free': np.float64(-10159.919407130968)}, {'stable': {'F_dwave': np.complex128(0.056416670331405544+0j)}, 'free': np.float64(-10159.919407130968)}]
------------------------------------------
====================================
mu=0.85, T=0.0730
====================================
  Seed: normal state
F_onsite: 0j
F_swave: 0j, F_dwave: 0j
F_px: 0j, F_py: 0j
Free_energy = -10043.909135025904
------------------------------------------
[{'stable': {}, 'free': np.float64(-10043.909135025904)}]
------------------------------------------
  Seed: px
F_onsite: -1.542231268246327e-17j
F_swave: -3.469446951953614e-17j, F_dwave: 0.05584867601488701j
F_px: (4.130061513279289e-18+0j), F_py: (1.0502067036708001e-18+0j)
Free_energy = -10158.337373431075
------------------------------------------
[{'stable': {'F_dwave': np.complex128(0.05584867601488701j)}, 'free': np.float64(-10158.337373431075)}]
------------------------------------------
  Seed: py
F_onsite: 1.075074522272819e-15j
F_swave: -5.030698080332741e-16j, F_dwave: 0.0558463428397246j
F_px: (-3.083041798073033e-18+0j), F_py: (2.6031024443725364e-08+0j)
Free_energy = -10158.325443294732
------------------------------------------
[{'stable': {'F_dwave': np.complex128(0.05584867601488701j)}, 'free': np.float64(-10158.337373431075)}]
------------------------------------------
  Seed: px+py
F_onsite: -1.542231268246327e-17j
F_swave: -3.469446951953614e-17j, F_dwave: 0.05584867601488701j
F_px: (4.130061513279289e-18+0j), F_py: (1.0502067036708001e-18+0j)
Free_energy = -10158.337373431075
------------------------------------------
[{'stable': {'F_dwave': np.complex128(0.05584867601488701j)}, 'free': np.float64(-10158.337373431075)}]
------------------------------------------
  Seed: px+i*py
F_onsite: (-1.6755813663818005e-17-3.9223340092141834e-19j)
F_swave: (-8.500145032286355e-17-5.204170427930421e-18j), F_dwave: (0.05503095070870617-0.009522031123229658j)
F_px: (4.2059411509143274e-13-7.277251717896505e-14j), F_py: (-1.0640793801641735e-14+1.833602714107485e-15j)
Free_energy = -10158.337373431075
------------------------------------------
[{'stable': {'F_dwave': np.complex128(0.05584867601488701j)}, 'free': np.float64(-10158.337373431075)}, {'stable': {'F_dwave': np.complex128(0.05503095070870617-0.009522031123229658j)}, 'free': np.float64(-10158.337373431075)}]
------------------------------------------
  Seed: d-wave
F_onsite: (-2.927833571400023e-17+0j)
F_swave: (-3.469446951953614e-17+0j), F_dwave: (0.05584867601488701+0j)
F_px: -1.5825627751170651e-18j, F_py: -8.20119798844275e-19j
Free_energy = -10158.337373431075
------------------------------------------
[{'stable': {'F_dwave': np.complex128(0.05584867601488701j)}, 'free': np.float64(-10158.337373431075)}, {'stable': {'F_dwave': np.complex128(0.05503095070870617-0.009522031123229658j)}, 'free': np.float64(-10158.337373431075)}, {'stable': {'F_dwave': np.complex128(0.05584867601488701+0j)}, 'free': np.float64(-10158.337373431075)}]
------------------------------------------
  Seed: d-wave+px
F_onsite: (-2.4229730367513323e-17+1.3987378729193177e-19j)
F_swave: (-7.806255641895632e-17-1.1932082634368205e-20j), F_dwave: (0.055848676014886973-3.736499152148093e-17j)
F_px: (4.082567617302857e-13+7.081018726266939e-18j), F_py: (-1.0408340855860843e-17-3.084569435227967e-18j)
Free_energy = -10158.337373431075
------------------------------------------
[{'stable': {'F_dwave': np.complex128(0.05584867601488701j)}, 'free': np.float64(-10158.337373431075)}, {'stable': {'F_dwave': np.complex128(0.05503095070870617-0.009522031123229658j)}, 'free': np.float64(-10158.337373431075)}, {'stable': {'F_dwave': np.complex128(0.05584867601488701+0j)}, 'free': np.float64(-10158.337373431075)}]
------------------------------------------
  Seed: d-wave+py
F_onsite: (-4.544343082250456e-17-7.110175105556213e-19j)
F_swave: (-1.734723475976807e-18-2.6179137231516734e-18j), F_dwave: (0.05584867601488697-2.3236598511027506e-16j)
F_px: (6.245004513516506e-17+2.9505005949156428e-18j), F_py: (4.2323436422186944e-13-4.315706195836981e-18j)
Free_energy = -10158.337373431075
------------------------------------------
[{'stable': {'F_dwave': np.complex128(0.05584867601488701j)}, 'free': np.float64(-10158.337373431075)}, {'stable': {'F_dwave': np.complex128(0.05503095070870617-0.009522031123229658j)}, 'free': np.float64(-10158.337373431075)}, {'stable': {'F_dwave': np.complex128(0.05584867601488701+0j)}, 'free': np.float64(-10158.337373431075)}]
------------------------------------------
====================================
mu=0.85, T=0.0760
====================================
  Seed: normal state
F_onsite: 0j
F_swave: 0j, F_dwave: 0j
F_px: 0j, F_py: 0j
Free_energy = -10045.157713445438
------------------------------------------
[{'stable': {}, 'free': np.float64(-10045.157713445438)}]
------------------------------------------
  Seed: px
F_onsite: -1.5065343881732747e-16j
F_swave: -7.979727989493313e-17j, F_dwave: 0.05522614968402305j
F_px: (1.0034617346386934e-17+0j), F_py: (9.234925599950269e-19+0j)
Free_energy = -10156.629086411856
------------------------------------------
[{'stable': {'F_dwave': np.complex128(0.05522614968402305j)}, 'free': np.float64(-10156.629086411856)}]
------------------------------------------
  Seed: py
F_onsite: 1.9661219800018816e-17j
F_swave: 5.898059818321144e-17j, F_dwave: 0.05522614113643035j
F_px: (-1.9843475853591733e-17+0j), F_py: (2.041189499802843e-10+0j)
Free_energy = -10156.629043668894
------------------------------------------
[{'stable': {'F_dwave': np.complex128(0.05522614968402305j)}, 'free': np.float64(-10156.629086411856)}]
------------------------------------------
  Seed: px+py
F_onsite: -1.5065343881732747e-16j
F_swave: -7.979727989493313e-17j, F_dwave: 0.05522614968402305j
F_px: (1.0034617346386934e-17+0j), F_py: (9.234925599950269e-19+0j)
Free_energy = -10156.629086411856
------------------------------------------
[{'stable': {'F_dwave': np.complex128(0.05522614968402305j)}, 'free': np.float64(-10156.629086411856)}]
------------------------------------------
  Seed: px+i*py
F_onsite: (-3.618607718621672e-17-4.303041519233294e-18j)
F_swave: (-1.0581813203458523e-16+1.2576745200831851e-17j), F_dwave: (0.05441753928567608-0.009415892257987194j)
F_px: (6.305372890480498e-14-1.0972993347291293e-14j), F_py: (-1.8839096949108125e-15+3.1138286393783687e-16j)
Free_energy = -10156.629086411856
------------------------------------------
[{'stable': {'F_dwave': np.complex128(0.05522614968402305j)}, 'free': np.float64(-10156.629086411856)}, {'stable': {'F_dwave': np.complex128(0.05441753928567608-0.009415892257987194j)}, 'free': np.float64(-10156.629086411856)}]
------------------------------------------
  Seed: d-wave
F_onsite: (-1.471941430258511e-16+0j)
F_swave: (-8.326672684688674e-17+0j), F_dwave: (0.05522614968402305+0j)
F_px: -8.083086523137529e-18j, F_py: -1.3710088519147906e-18j
Free_energy = -10156.629086411856
------------------------------------------
[{'stable': {'F_dwave': np.complex128(0.05522614968402305j)}, 'free': np.float64(-10156.629086411856)}, {'stable': {'F_dwave': np.complex128(0.05441753928567608-0.009415892257987194j)}, 'free': np.float64(-10156.629086411856)}, {'stable': {'F_dwave': np.complex128(0.05522614968402305+0j)}, 'free': np.float64(-10156.629086411856)}]
------------------------------------------
  Seed: d-wave+px
F_onsite: (-1.6105252751375693e-16-1.6443446794241008e-18j)
F_swave: (-1.734723475976807e-18+2.7798666782341085e-18j), F_dwave: (0.05522614968402316-3.460863009223937e-17j)
F_px: (6.132941376968404e-14+2.2977653010507905e-18j), F_py: (-3.469446951953614e-18-3.6841832045285414e-18j)
Free_energy = -10156.629086411856
------------------------------------------
[{'stable': {'F_dwave': np.complex128(0.05522614968402305j)}, 'free': np.float64(-10156.629086411856)}, {'stable': {'F_dwave': np.complex128(0.05441753928567608-0.009415892257987194j)}, 'free': np.float64(-10156.629086411856)}, {'stable': {'F_dwave': np.complex128(0.05522614968402305+0j)}, 'free': np.float64(-10156.629086411856)}]
------------------------------------------
  Seed: d-wave+py
F_onsite: (-1.218728829265836e-16+2.782657682216918e-18j)
F_swave: (-5.0306980803327406e-17+1.4976507912332725e-18j), F_dwave: (0.05522614968402321-2.267790926885771e-16j)
F_px: (-1.2836953722228372e-16+1.2377607259524335e-18j), F_py: (6.366088212139687e-14-2.964263019077131e-18j)
Free_energy = -10156.629086411856
------------------------------------------
[{'stable': {'F_dwave': np.complex128(0.05522614968402305j)}, 'free': np.float64(-10156.629086411856)}, {'stable': {'F_dwave': np.complex128(0.05441753928567608-0.009415892257987194j)}, 'free': np.float64(-10156.629086411856)}, {'stable': {'F_dwave': np.complex128(0.05522614968402305+0j)}, 'free': np.float64(-10156.629086411856)}]
------------------------------------------
====================================
mu=0.85, T=0.0790
====================================
  Seed: normal state
F_onsite: 0j
F_swave: 0j, F_dwave: 0j
F_px: 0j, F_py: 0j
Free_energy = -10046.457379547683
------------------------------------------
[{'stable': {}, 'free': np.float64(-10046.457379547683)}]
------------------------------------------
  Seed: px
F_onsite: 4.0230279816096223e-17j
F_swave: -1.2836953722228372e-16j, F_dwave: 0.054546489416537045j
F_px: (3.560153923564954e-18+0j), F_py: (1.752175332540451e-18+0j)
Free_energy = -10154.794269132262
------------------------------------------
[{'stable': {'F_dwave': np.complex128(0.054546489416537045j)}, 'free': np.float64(-10154.794269132262)}]
------------------------------------------
  Seed: py
F_onsite: -6.659542077573683e-17j
F_swave: 7.632783294297951e-17j, F_dwave: 0.054546489387263j
F_px: (8.47524571032192e-18+0j), F_py: (1.301216666866142e-12+0j)
Free_energy = -10154.794268989355
------------------------------------------
[{'stable': {'F_dwave': np.complex128(0.054546489416537045j)}, 'free': np.float64(-10154.794269132262)}]
------------------------------------------
  Seed: px+py
F_onsite: 4.0230279816096223e-17j
F_swave: -1.2836953722228372e-16j, F_dwave: 0.054546489416537045j
F_px: (3.560153923564954e-18+0j), F_py: (1.752175332540451e-18+0j)
Free_energy = -10154.794269132262
------------------------------------------
[{'stable': {'F_dwave': np.complex128(0.054546489416537045j)}, 'free': np.float64(-10154.794269132262)}]
------------------------------------------
  Seed: px+i*py
F_onsite: (6.006749016085617e-18+1.4003365835201036e-17j)
F_swave: (8.500145032286355e-17+1.734723475976807e-18j), F_dwave: (0.05374783046986256-0.009300012228557373j)
F_px: (7.539108226595204e-15-1.300175245244617e-15j), F_py: (-2.255140518769849e-16+3.469446951953614e-17j)
Free_energy = -10154.794269132262
------------------------------------------
[{'stable': {'F_dwave': np.complex128(0.054546489416537045j)}, 'free': np.float64(-10154.794269132262)}, {'stable': {'F_dwave': np.complex128(0.05374783046986256-0.009300012228557373j)}, 'free': np.float64(-10154.794269132262)}]
------------------------------------------
  Seed: d-wave
F_onsite: (4.007201038641278e-17+0j)
F_swave: (-1.5265566588595902e-16+0j), F_dwave: (0.05454648941653707+0j)
F_px: 4.269079141386176e-18j, F_py: -1.5967381692743863e-18j
Free_energy = -10154.794269132262
------------------------------------------
[{'stable': {'F_dwave': np.complex128(0.054546489416537045j)}, 'free': np.float64(-10154.794269132262)}, {'stable': {'F_dwave': np.complex128(0.05374783046986256-0.009300012228557373j)}, 'free': np.float64(-10154.794269132262)}, {'stable': {'F_dwave': np.complex128(0.05454648941653707+0j)}, 'free': np.float64(-10154.794269132262)}]
------------------------------------------
  Seed: d-wave+px
F_onsite: (6.165569736982618e-17-1.7857123139147626e-18j)
F_swave: (-1.8908485888147197e-16+1.3958050526865398e-18j), F_dwave: (0.05454648941653727-4.7802511587039884e-17j)
F_px: (7.237266341775239e-15-8.999924745616695e-18j), F_py: (-3.469446951953614e-18-2.7350622725707516e-18j)
Free_energy = -10154.794269132262
------------------------------------------
[{'stable': {'F_dwave': np.complex128(0.054546489416537045j)}, 'free': np.float64(-10154.794269132262)}, {'stable': {'F_dwave': np.complex128(0.05374783046986256-0.009300012228557373j)}, 'free': np.float64(-10154.794269132262)}, {'stable': {'F_dwave': np.complex128(0.05454648941653707+0j)}, 'free': np.float64(-10154.794269132262)}]
------------------------------------------
  Seed: d-wave+py
F_onsite: (3.957984497942412e-17-1.7477607829090448e-18j)
F_swave: (7.806255641895632e-17+9.274274681963646e-18j), F_dwave: (0.05454648941653714-2.119378735592517e-16j)
F_px: (1.3877787807814457e-17+2.716358147787936e-18j), F_py: (7.691763892481163e-15-5.037840121677085e-19j)
Free_energy = -10154.794269132262
------------------------------------------
[{'stable': {'F_dwave': np.complex128(0.054546489416537045j)}, 'free': np.float64(-10154.794269132262)}, {'stable': {'F_dwave': np.complex128(0.05374783046986256-0.009300012228557373j)}, 'free': np.float64(-10154.794269132262)}, {'stable': {'F_dwave': np.complex128(0.05454648941653707+0j)}, 'free': np.float64(-10154.794269132262)}]
------------------------------------------
====================================
mu=0.85, T=0.0820
====================================
  Seed: normal state
F_onsite: 0j
F_swave: 0j, F_dwave: 0j
F_px: 0j, F_py: 0j
Free_energy = -10047.808240290413
------------------------------------------
[{'stable': {}, 'free': np.float64(-10047.808240290413)}]
------------------------------------------
  Seed: px
F_onsite: 4.51514155081906e-17j
F_swave: 1.0755285551056204e-16j, F_dwave: 0.053806902873312815j
F_px: (4.9156159158668106e-18+0j), F_py: (2.4442541900064176e-18+0j)
Free_energy = -10152.833017073817
------------------------------------------
[{'stable': {'F_dwave': np.complex128(0.053806902873312815j)}, 'free': np.float64(-10152.833017073817)}]
------------------------------------------
  Seed: py
F_onsite: 1.882126559662417e-17j
F_swave: 1.3877787807814457e-17j, F_dwave: 0.0538069028732163j
F_px: (-6.232080600331318e-18+0j), F_py: (6.790106866498268e-15+0j)
Free_energy = -10152.833017073419
------------------------------------------
[{'stable': {'F_dwave': np.complex128(0.053806902873312815j)}, 'free': np.float64(-10152.833017073817)}]
------------------------------------------
  Seed: px+py
F_onsite: 4.51514155081906e-17j
F_swave: 1.0755285551056204e-16j, F_dwave: 0.053806902873312815j
F_px: (4.9156159158668106e-18+0j), F_py: (2.4442541900064176e-18+0j)
Free_energy = -10152.833017073817
------------------------------------------
[{'stable': {'F_dwave': np.complex128(0.053806902873312815j)}, 'free': np.float64(-10152.833017073817)}]
------------------------------------------
  Seed: px+i*py
F_onsite: (-5.885271606051074e-17-2.497514695287482e-18j)
F_swave: (1.457167719820518e-16+6.938893903907228e-18j), F_dwave: (0.053019072807027987-0.00917391494952736j)
F_px: (8.534839501805891e-16-1.0061396160665481e-16j), F_py: (-6.938893903907228e-18-6.938893903907228e-18j)
Free_energy = -10152.833017073819
------------------------------------------
[{'stable': {'F_dwave': np.complex128(0.053806902873312815j)}, 'free': np.float64(-10152.833017073817)}, {'stable': {'F_dwave': np.complex128(0.053019072807027987-0.00917391494952736j)}, 'free': np.float64(-10152.833017073819)}]
------------------------------------------
  Seed: d-wave
F_onsite: (4.1691160187203675e-17+0j)
F_swave: (1.0408340855860843e-16+0j), F_dwave: (0.053806902873312815+0j)
F_px: -3.675170906198615e-18j, F_py: -2.2276470204420567e-18j
Free_energy = -10152.833017073817
------------------------------------------
[{'stable': {'F_dwave': np.complex128(0.053806902873312815j)}, 'free': np.float64(-10152.833017073817)}, {'stable': {'F_dwave': np.complex128(0.053019072807027987-0.00917391494952736j)}, 'free': np.float64(-10152.833017073819)}, {'stable': {'F_dwave': np.complex128(0.053806902873312815+0j)}, 'free': np.float64(-10152.833017073817)}]
------------------------------------------
  Seed: d-wave+px
F_onsite: (5.703337531659221e-17-1.155165337746913e-18j)
F_swave: (7.979727989493313e-17+4.212663976043987e-18j), F_dwave: (0.053806902873312794-3.740110850177168e-17j)
F_px: (4.614364446098307e-16+1.83294662422411e-18j), F_py: -4.1693013071775794e-18j
Free_energy = -10152.833017073817
------------------------------------------
[{'stable': {'F_dwave': np.complex128(0.053806902873312815j)}, 'free': np.float64(-10152.833017073817)}, {'stable': {'F_dwave': np.complex128(0.053019072807027987-0.00917391494952736j)}, 'free': np.float64(-10152.833017073819)}, {'stable': {'F_dwave': np.complex128(0.053806902873312815+0j)}, 'free': np.float64(-10152.833017073817)}]
------------------------------------------
  Seed: d-wave+py
F_onsite: (4.8787913239210524e-17+3.8440935044405376e-19j)
F_swave: (7.806255641895632e-17-7.303733907192623e-19j), F_dwave: (0.05380690287331282-2.1386775355035298e-16j)
F_px: (-5.204170427930421e-17+1.5854198569528233e-19j), F_py: (4.2674197509029455e-16-3.065944940427797e-18j)
Free_energy = -10152.833017073817
------------------------------------------
[{'stable': {'F_dwave': np.complex128(0.053806902873312815j)}, 'free': np.float64(-10152.833017073817)}, {'stable': {'F_dwave': np.complex128(0.053019072807027987-0.00917391494952736j)}, 'free': np.float64(-10152.833017073819)}, {'stable': {'F_dwave': np.complex128(0.053806902873312815+0j)}, 'free': np.float64(-10152.833017073817)}]
------------------------------------------
====================================
mu=0.85, T=0.0850
====================================
  Seed: normal state
F_onsite: 0j
F_swave: 0j, F_dwave: 0j
F_px: 0j, F_py: 0j
Free_energy = -10049.210409536325
------------------------------------------
[{'stable': {}, 'free': np.float64(-10049.210409536325)}]
------------------------------------------
  Seed: px
F_onsite: 4.103979185076512e-17j
F_swave: -2.42861286636753e-17j, F_dwave: 0.05300435018826786j
F_px: (8.722345762588922e-18+0j), F_py: (1.962687835351521e-18+0j)
Free_energy = -10150.74574753533
------------------------------------------
[{'stable': {'F_dwave': np.complex128(0.05300435018826786j)}, 'free': np.float64(-10150.74574753533)}]
------------------------------------------
  Seed: py
F_onsite: 9.165902340916394e-18j
F_swave: 3.469446951953614e-18j, F_dwave: 0.05300435018826749j
F_px: (2.7342595768644464e-18+0j), F_py: (2.897024733177118e-17+0j)
Free_energy = -10150.74574753533
------------------------------------------
[{'stable': {'F_dwave': np.complex128(0.05300435018826786j)}, 'free': np.float64(-10150.74574753533)}]
------------------------------------------
  Seed: px+py
F_onsite: 4.103979185076512e-17j
F_swave: -2.42861286636753e-17j, F_dwave: 0.05300435018826786j
F_px: (8.722345762588922e-18+0j), F_py: (1.962687835351521e-18+0j)
Free_energy = -10150.74574753533
------------------------------------------
[{'stable': {'F_dwave': np.complex128(0.05300435018826786j)}, 'free': np.float64(-10150.74574753533)}]
------------------------------------------
  Seed: px+i*py
F_onsite: (-1.8190436206425026e-17+1.1449660331030373e-17j)
F_swave: (-1.734723475976807e-18+7.806255641895632e-18j), F_dwave: (0.05222827094021079-0.009037082132881992j)
F_px: (-3.469446951953614e-16+5.984795992119984e-17j), F_py: (-3.122502256758253e-17-6.938893903907228e-18j)
Free_energy = -10150.74574753533
------------------------------------------
[{'stable': {'F_dwave': np.complex128(0.05300435018826786j)}, 'free': np.float64(-10150.74574753533)}, {'stable': {'F_dwave': np.complex128(0.05222827094021079-0.009037082132881992j)}, 'free': np.float64(-10150.74574753533)}]
------------------------------------------
  Seed: d-wave
F_onsite: (4.104656811434315e-17+0j)
F_swave: (-2.42861286636753e-17+0j), F_dwave: (0.053004350188267865+0j)
F_px: -7.001174813768183e-18j, F_py: -2.2845603553081552e-18j
Free_energy = -10150.74574753533
------------------------------------------
[{'stable': {'F_dwave': np.complex128(0.05300435018826786j)}, 'free': np.float64(-10150.74574753533)}, {'stable': {'F_dwave': np.complex128(0.05222827094021079-0.009037082132881992j)}, 'free': np.float64(-10150.74574753533)}, {'stable': {'F_dwave': np.complex128(0.053004350188267865+0j)}, 'free': np.float64(-10150.74574753533)}]
------------------------------------------
  Seed: d-wave+px
F_onsite: (3.2859584397546514e-17-1.5645935469389775e-18j)
F_swave: (-2.6020852139652106e-17+1.962177464913576e-18j), F_dwave: (0.05300435018826787-4.11110956467478e-17j)
F_px: (3.469446951953614e-17-7.360038023537576e-19j), F_py: (-3.8163916471489756e-17-2.082268373424637e-18j)
Free_energy = -10150.74574753533
------------------------------------------
[{'stable': {'F_dwave': np.complex128(0.05300435018826786j)}, 'free': np.float64(-10150.74574753533)}, {'stable': {'F_dwave': np.complex128(0.05222827094021079-0.009037082132881992j)}, 'free': np.float64(-10150.74574753533)}, {'stable': {'F_dwave': np.complex128(0.053004350188267865+0j)}, 'free': np.float64(-10150.74574753533)}]
------------------------------------------
  Seed: d-wave+py
F_onsite: (4.93397419694569e-17+6.186410292427139e-19j)
F_swave: (-3.642919299551295e-17-8.534459337868168e-18j), F_dwave: (0.05300435018826785-2.515875633684079e-16j)
F_px: (-3.8163916471489756e-17-1.443881395929181e-18j), F_py: (1.0408340855860843e-17-2.424755061426705e-18j)
Free_energy = -10150.74574753533
------------------------------------------
[{'stable': {'F_dwave': np.complex128(0.05300435018826786j)}, 'free': np.float64(-10150.74574753533)}, {'stable': {'F_dwave': np.complex128(0.05222827094021079-0.009037082132881992j)}, 'free': np.float64(-10150.74574753533)}, {'stable': {'F_dwave': np.complex128(0.053004350188267865+0j)}, 'free': np.float64(-10150.74574753533)}]
------------------------------------------
====================================
mu=0.85, T=0.0880
====================================
  Seed: normal state
F_onsite: 0j
F_swave: 0j, F_dwave: 0j
F_px: 0j, F_py: 0j
Free_energy = -10050.664007921037
------------------------------------------
[{'stable': {}, 'free': np.float64(-10050.664007921037)}]
------------------------------------------
  Seed: px
F_onsite: -9.764180151555105e-17j
F_swave: 2.255140518769849e-16j, F_dwave: 0.052135478514322084j
F_px: (1.0085432499807408e-17+0j), F_py: (1.4088612579559445e-18+0j)
Free_energy = -10148.533157991262
------------------------------------------
[{'stable': {'F_dwave': np.complex128(0.052135478514322084j)}, 'free': np.float64(-10148.533157991262)}]
------------------------------------------
  Seed: py
F_onsite: -9.764180151555105e-17j
F_swave: 2.255140518769849e-16j, F_dwave: 0.052135478514322084j
F_px: (1.0085432499807408e-17+0j), F_py: (1.4088612579559445e-18+0j)
Free_energy = -10148.533157991262
------------------------------------------
[{'stable': {'F_dwave': np.complex128(0.052135478514322084j)}, 'free': np.float64(-10148.533157991262)}]
------------------------------------------
  Seed: px+py
F_onsite: -9.764180151555105e-17j
F_swave: 2.255140518769849e-16j, F_dwave: 0.052135478514322084j
F_px: (1.0085432499807408e-17+0j), F_py: (1.4088612579559445e-18+0j)
Free_energy = -10148.533157991262
------------------------------------------
[{'stable': {'F_dwave': np.complex128(0.052135478514322084j)}, 'free': np.float64(-10148.533157991262)}]
------------------------------------------
  Seed: px+i*py
F_onsite: (2.0748469089688112e-18+8.134414734507669e-18j)
F_swave: -2.5153490401663703e-17j, F_dwave: (0.05137212111405609-0.008888942128288106j)
F_px: (6.938893903907228e-17+1.734723475976807e-17j), F_py: (-6.938893903907228e-18-1.214306433183765e-17j)
Free_energy = -10148.533157991264
------------------------------------------
[{'stable': {'F_dwave': np.complex128(0.052135478514322084j)}, 'free': np.float64(-10148.533157991262)}, {'stable': {'F_dwave': np.complex128(0.05137212111405609-0.008888942128288106j)}, 'free': np.float64(-10148.533157991264)}]
------------------------------------------
  Seed: d-wave
F_onsite: (-9.754692059056876e-17+0j)
F_swave: (2.255140518769849e-16+0j), F_dwave: (0.052135478514322084+0j)
F_px: -8.336308636546665e-18j, F_py: -1.0903752154271025e-18j
Free_energy = -10148.533157991262
------------------------------------------
[{'stable': {'F_dwave': np.complex128(0.052135478514322084j)}, 'free': np.float64(-10148.533157991262)}, {'stable': {'F_dwave': np.complex128(0.05137212111405609-0.008888942128288106j)}, 'free': np.float64(-10148.533157991264)}, {'stable': {'F_dwave': np.complex128(0.052135478514322084+0j)}, 'free': np.float64(-10148.533157991262)}]
------------------------------------------
  Seed: d-wave+px
F_onsite: (-9.480574189074546e-17+7.135166467876295e-19j)
F_swave: (2.3418766925686896e-16+4.974733905190414e-19j), F_dwave: (0.052135478514322084-2.5138917960812356e-17j)
F_px: (3.469446951953614e-18-3.356024367903224e-19j), F_py: (3.469446951953614e-18-2.5588372758450212e-18j)
Free_energy = -10148.533157991262
------------------------------------------
[{'stable': {'F_dwave': np.complex128(0.052135478514322084j)}, 'free': np.float64(-10148.533157991262)}, {'stable': {'F_dwave': np.complex128(0.05137212111405609-0.008888942128288106j)}, 'free': np.float64(-10148.533157991264)}, {'stable': {'F_dwave': np.complex128(0.052135478514322084+0j)}, 'free': np.float64(-10148.533157991262)}]
------------------------------------------
  Seed: d-wave+py
F_onsite: (-8.618324440557347e-17-1.019408303954408e-18j)
F_swave: (2.237793284010081e-16+5.951087005192376e-18j), F_dwave: (0.052135478514322056-2.272695262126034e-16j)
F_px: (-1.734723475976807e-17-9.211944475989259e-18j), F_py: (-1.0408340855860843e-17-2.42011873550059e-18j)
Free_energy = -10148.533157991262
------------------------------------------
[{'stable': {'F_dwave': np.complex128(0.052135478514322084j)}, 'free': np.float64(-10148.533157991262)}, {'stable': {'F_dwave': np.complex128(0.05137212111405609-0.008888942128288106j)}, 'free': np.float64(-10148.533157991264)}, {'stable': {'F_dwave': np.complex128(0.052135478514322084+0j)}, 'free': np.float64(-10148.533157991262)}]
------------------------------------------
====================================
mu=0.85, T=0.0910
====================================
  Seed: normal state
F_onsite: 0j
F_swave: 0j, F_dwave: 0j
F_px: 0j, F_py: 0j
Free_energy = -10052.169162603457
------------------------------------------
[{'stable': {}, 'free': np.float64(-10052.169162603457)}]
------------------------------------------
  Seed: px
F_onsite: -1.547502063109515e-17j
F_swave: 9.020562075079397e-17j, F_dwave: 0.05119654532064111j
F_px: (2.3045855707574515e-18+0j), F_py: (-9.445906286988044e-20+0j)
Free_energy = -10146.196193926691
------------------------------------------
[{'stable': {'F_dwave': np.complex128(0.05119654532064111j)}, 'free': np.float64(-10146.196193926691)}]
------------------------------------------
  Seed: py
F_onsite: -1.547502063109515e-17j
F_swave: 9.020562075079397e-17j, F_dwave: 0.05119654532064111j
F_px: (2.3045855707574515e-18+0j), F_py: (-9.445906286988044e-20+0j)
Free_energy = -10146.196193926691
------------------------------------------
[{'stable': {'F_dwave': np.complex128(0.05119654532064111j)}, 'free': np.float64(-10146.196193926691)}]
------------------------------------------
  Seed: px+py
F_onsite: -1.547502063109515e-17j
F_swave: 9.020562075079397e-17j, F_dwave: 0.05119654532064111j
F_px: (2.3045855707574515e-18+0j), F_py: (-9.445906286988044e-20+0j)
Free_energy = -10146.196193926691
------------------------------------------
[{'stable': {'F_dwave': np.complex128(0.05119654532064111j)}, 'free': np.float64(-10146.196193926691)}]
------------------------------------------
  Seed: px+i*py
F_onsite: (-8.703617566340109e-17+6.390643556990757e-18j)
F_swave: (-1.5612511283791264e-17+1.9949319973733282e-17j), F_dwave: (0.05044693559512937-0.008728856845505853j)
F_px: (-2.220446049250313e-16-1.3877787807814457e-17j), F_py: (3.469446951953614e-18-1.5612511283791264e-17j)
Free_energy = -10146.196193926693
------------------------------------------
[{'stable': {'F_dwave': np.complex128(0.05119654532064111j)}, 'free': np.float64(-10146.196193926691)}, {'stable': {'F_dwave': np.complex128(0.05044693559512937-0.008728856845505853j)}, 'free': np.float64(-10146.196193926693)}]
------------------------------------------
  Seed: d-wave
F_onsite: (-1.5189504353421446e-17+0j)
F_swave: (8.673617379884035e-17+0j), F_dwave: (0.05119654532064111+0j)
F_px: 7.7424022616902135e-19j, F_py: -1.493016337905137e-18j
Free_energy = -10146.196193926693
------------------------------------------
[{'stable': {'F_dwave': np.complex128(0.05119654532064111j)}, 'free': np.float64(-10146.196193926691)}, {'stable': {'F_dwave': np.complex128(0.05044693559512937-0.008728856845505853j)}, 'free': np.float64(-10146.196193926693)}, {'stable': {'F_dwave': np.complex128(0.05119654532064111+0j)}, 'free': np.float64(-10146.196193926693)}]
------------------------------------------
  Seed: d-wave+px
F_onsite: (-2.018860016388772e-17-8.204422252743419e-19j)
F_swave: (9.194034422677078e-17+3.2932552067331348e-18j), F_dwave: (0.05119654532064109-1.98997584133564e-17j)
F_px: (-1.3877787807814457e-17-2.0412398014517005e-18j), F_py: (-3.469446951953614e-18-4.522002021383452e-18j)
Free_energy = -10146.196193926693
------------------------------------------
[{'stable': {'F_dwave': np.complex128(0.05119654532064111j)}, 'free': np.float64(-10146.196193926691)}, {'stable': {'F_dwave': np.complex128(0.05044693559512937-0.008728856845505853j)}, 'free': np.float64(-10146.196193926693)}, {'stable': {'F_dwave': np.complex128(0.05119654532064111+0j)}, 'free': np.float64(-10146.196193926693)}]
------------------------------------------
  Seed: d-wave+py
F_onsite: (-1.179179050418843e-17-1.849367073707627e-18j)
F_swave: (8.326672684688674e-17+9.794106931866476e-18j), F_dwave: (0.051196545320641135-2.210439597817374e-16j)
F_px: (-7.632783294297951e-17-2.433288256625802e-19j), F_py: (-1.3877787807814457e-17-4.206214242012758e-18j)
Free_energy = -10146.196193926693
------------------------------------------
[{'stable': {'F_dwave': np.complex128(0.05119654532064111j)}, 'free': np.float64(-10146.196193926691)}, {'stable': {'F_dwave': np.complex128(0.05044693559512937-0.008728856845505853j)}, 'free': np.float64(-10146.196193926693)}, {'stable': {'F_dwave': np.complex128(0.05119654532064111+0j)}, 'free': np.float64(-10146.196193926693)}]
------------------------------------------
====================================
mu=0.85, T=0.0940
====================================
  Seed: normal state
F_onsite: 0j
F_swave: 0j, F_dwave: 0j
F_px: 0j, F_py: 0j
Free_energy = -10053.726006916735
------------------------------------------
[{'stable': {}, 'free': np.float64(-10053.726006916735)}]
------------------------------------------
  Seed: px
F_onsite: 1.0273263585319913e-16j
F_swave: -1.734723475976807e-17j, F_dwave: 0.050183326579498234j
F_px: (-5.5645597859299746e-18+0j), F_py: (1.1589230515786445e-18+0j)
Free_energy = -10143.736027128203
------------------------------------------
[{'stable': {'F_dwave': np.complex128(0.050183326579498234j)}, 'free': np.float64(-10143.736027128203)}]
------------------------------------------
  Seed: py
F_onsite: 1.0273263585319913e-16j
F_swave: -1.734723475976807e-17j, F_dwave: 0.050183326579498234j
F_px: (-5.5645597859299746e-18+0j), F_py: (1.1589230515786445e-18+0j)
Free_energy = -10143.736027128203
------------------------------------------
[{'stable': {'F_dwave': np.complex128(0.050183326579498234j)}, 'free': np.float64(-10143.736027128203)}]
------------------------------------------
  Seed: px+py
F_onsite: 1.0273263585319913e-16j
F_swave: -1.734723475976807e-17j, F_dwave: 0.050183326579498234j
F_px: (-5.5645597859299746e-18+0j), F_py: (1.1589230515786445e-18+0j)
Free_energy = -10143.736027128203
------------------------------------------
[{'stable': {'F_dwave': np.complex128(0.050183326579498234j)}, 'free': np.float64(-10143.736027128203)}]
------------------------------------------
  Seed: px+i*py
F_onsite: (7.61935054289458e-17+6.940998251385563e-18j)
F_swave: (1.1102230246251565e-16-2.0816681711721685e-17j), F_dwave: (0.04944855220308381-0.008556106100524609j)
F_px: (-1.5959455978986625e-16+3.2959746043559335e-17j), F_py: (-6.938893903907228e-18-6.938893903907228e-18j)
Free_energy = -10143.736027128203
------------------------------------------
[{'stable': {'F_dwave': np.complex128(0.050183326579498234j)}, 'free': np.float64(-10143.736027128203)}, {'stable': {'F_dwave': np.complex128(0.04944855220308381-0.008556106100524609j)}, 'free': np.float64(-10143.736027128203)}]
------------------------------------------
  Seed: d-wave
F_onsite: (1.1184866251190103e-16+0j)
F_swave: (-1.734723475976807e-17+0j), F_dwave: (0.05018332657949823+0j)
F_px: 2.5297259355209094e-18j, F_py: -7.204246826969339e-19j
Free_energy = -10143.736027128203
------------------------------------------
[{'stable': {'F_dwave': np.complex128(0.050183326579498234j)}, 'free': np.float64(-10143.736027128203)}, {'stable': {'F_dwave': np.complex128(0.04944855220308381-0.008556106100524609j)}, 'free': np.float64(-10143.736027128203)}, {'stable': {'F_dwave': np.complex128(0.05018332657949823+0j)}, 'free': np.float64(-10143.736027128203)}]
------------------------------------------
  Seed: d-wave+px
F_onsite: (9.859132633795035e-17+8.250594834524306e-19j)
F_swave: (-2.0816681711721685e-17-4.645235802631909e-18j), F_dwave: (0.050183326579498234-2.6554801774548455e-17j)
F_px: (-3.469446951953614e-18-1.0151643550728487e-17j), F_py: (6.938893903907228e-18-1.7817288414657454e-18j)
Free_energy = -10143.736027128203
------------------------------------------
[{'stable': {'F_dwave': np.complex128(0.050183326579498234j)}, 'free': np.float64(-10143.736027128203)}, {'stable': {'F_dwave': np.complex128(0.04944855220308381-0.008556106100524609j)}, 'free': np.float64(-10143.736027128203)}, {'stable': {'F_dwave': np.complex128(0.05018332657949823+0j)}, 'free': np.float64(-10143.736027128203)}]
------------------------------------------
  Seed: d-wave+py
F_onsite: (1.1603749189897976e-16-2.4379662267320318e-18j)
F_swave: (-2.42861286636753e-17-3.743053276372626e-18j), F_dwave: (0.0501833265794982-1.8302557209054623e-16j)
F_px: (-4.163336342344337e-17+1.3163268367510539e-18j), F_py: (-6.938893903907228e-18-3.893726086105538e-18j)
Free_energy = -10143.736027128203
------------------------------------------
[{'stable': {'F_dwave': np.complex128(0.050183326579498234j)}, 'free': np.float64(-10143.736027128203)}, {'stable': {'F_dwave': np.complex128(0.04944855220308381-0.008556106100524609j)}, 'free': np.float64(-10143.736027128203)}, {'stable': {'F_dwave': np.complex128(0.05018332657949823+0j)}, 'free': np.float64(-10143.736027128203)}]
------------------------------------------
====================================
mu=0.85, T=0.0970
====================================
  Seed: normal state
F_onsite: 0j
F_swave: 0j, F_dwave: 0j
F_px: 0j, F_py: 0j
Free_energy = -10055.334679936017
------------------------------------------
[{'stable': {}, 'free': np.float64(-10055.334679936017)}]
------------------------------------------
  Seed: px
F_onsite: 2.99205256543619e-17j
F_swave: -5.204170427930421e-17j, F_dwave: 0.04909009751948151j
F_px: (7.464073356358983e-18+0j), F_py: (1.5224068922497587e-18+0j)
Free_energy = -10141.150347611818
------------------------------------------
[{'stable': {'F_dwave': np.complex128(0.04909009751948151j)}, 'free': np.float64(-10141.150347611818)}]
------------------------------------------
  Seed: py
F_onsite: 2.99205256543619e-17j
F_swave: -5.204170427930421e-17j, F_dwave: 0.04909009751948151j
F_px: (7.464073356358983e-18+0j), F_py: (1.5224068922497587e-18+0j)
Free_energy = -10141.150347611818
------------------------------------------
[{'stable': {'F_dwave': np.complex128(0.04909009751948151j)}, 'free': np.float64(-10141.150347611818)}]
------------------------------------------
  Seed: px+py
F_onsite: 2.99205256543619e-17j
F_swave: -5.204170427930421e-17j, F_dwave: 0.04909009751948151j
F_px: (7.464073356358983e-18+0j), F_py: (1.5224068922497587e-18+0j)
Free_energy = -10141.150347611818
------------------------------------------
[{'stable': {'F_dwave': np.complex128(0.04909009751948151j)}, 'free': np.float64(-10141.150347611818)}]
------------------------------------------
  Seed: px+i*py
F_onsite: (-6.116948352014926e-17-4.5248830914569745e-18j)
F_swave: (1.214306433183765e-17+5.204170427930421e-18j), F_dwave: (0.04837132998748413-0.008369713837053165j)
F_px: (-4.163336342344337e-16-1.6479873021779667e-17j), F_py: (-3.469446951953614e-18-6.938893903907228e-18j)
Free_energy = -10141.150347611818
------------------------------------------
[{'stable': {'F_dwave': np.complex128(0.04909009751948151j)}, 'free': np.float64(-10141.150347611818)}, {'stable': {'F_dwave': np.complex128(0.04837132998748413-0.008369713837053165j)}, 'free': np.float64(-10141.150347611818)}]
------------------------------------------
  Seed: d-wave
F_onsite: (2.9750410998306695e-17+0j)
F_swave: (-5.898059818321144e-17+0j), F_dwave: (0.04909009751948153+0j)
F_px: -3.616494849447166e-18j, F_py: -1.4884734619809959e-18j
Free_energy = -10141.150347611818
------------------------------------------
[{'stable': {'F_dwave': np.complex128(0.04909009751948151j)}, 'free': np.float64(-10141.150347611818)}, {'stable': {'F_dwave': np.complex128(0.04837132998748413-0.008369713837053165j)}, 'free': np.float64(-10141.150347611818)}, {'stable': {'F_dwave': np.complex128(0.04909009751948153+0j)}, 'free': np.float64(-10141.150347611818)}]
------------------------------------------
  Seed: d-wave+px
F_onsite: (2.785875481651633e-17+3.1288129551947975e-19j)
F_swave: (-5.377642775528102e-17-2.4769488139103058e-18j), F_dwave: (0.049090097519481526-2.5724629146322246e-17j)
F_px: (3.469446951953614e-18-1.7595010508403736e-18j), F_py: (3.469446951953614e-18-4.4480710997753e-18j)
Free_energy = -10141.150347611818
------------------------------------------
[{'stable': {'F_dwave': np.complex128(0.04909009751948151j)}, 'free': np.float64(-10141.150347611818)}, {'stable': {'F_dwave': np.complex128(0.04837132998748413-0.008369713837053165j)}, 'free': np.float64(-10141.150347611818)}, {'stable': {'F_dwave': np.complex128(0.04909009751948153+0j)}, 'free': np.float64(-10141.150347611818)}]
------------------------------------------
  Seed: d-wave+py
F_onsite: (1.8264326596183163e-17-3.0512249210815536e-18j)
F_swave: (-5.551115123125783e-17-8.17220220604547e-19j), F_dwave: (0.04909009751948147-1.9632695180640503e-16j)
F_px: (-6.245004513516506e-17+2.289261015934141e-18j), F_py: -2.7490929931990535e-18j
Free_energy = -10141.150347611816
------------------------------------------
[{'stable': {'F_dwave': np.complex128(0.04909009751948151j)}, 'free': np.float64(-10141.150347611818)}, {'stable': {'F_dwave': np.complex128(0.04837132998748413-0.008369713837053165j)}, 'free': np.float64(-10141.150347611818)}, {'stable': {'F_dwave': np.complex128(0.04909009751948153+0j)}, 'free': np.float64(-10141.150347611818)}]
------------------------------------------
====================================
mu=0.85, T=0.1000
====================================
  Seed: normal state
F_onsite: 0j
F_swave: 0j, F_dwave: 0j
F_px: 0j, F_py: 0j
Free_energy = -10056.995325976262
------------------------------------------
[{'stable': {}, 'free': np.float64(-10056.995325976262)}]
------------------------------------------
  Seed: px
F_onsite: -1.3975710772217464e-16j
F_swave: 1.2836953722228372e-16j, F_dwave: 0.047912084025194715j
F_px: (-2.5302171153686434e-17+0j), F_py: (2.705514223397616e-18+0j)
Free_energy = -10138.444224529496
------------------------------------------
[{'stable': {'F_dwave': np.complex128(0.047912084025194715j)}, 'free': np.float64(-10138.444224529496)}]
------------------------------------------
  Seed: py
F_onsite: -1.3975710772217464e-16j
F_swave: 1.2836953722228372e-16j, F_dwave: 0.047912084025194715j
F_px: (-2.5302171153686434e-17+0j), F_py: (2.705514223397616e-18+0j)
Free_energy = -10138.444224529496
------------------------------------------
[{'stable': {'F_dwave': np.complex128(0.047912084025194715j)}, 'free': np.float64(-10138.444224529496)}]
------------------------------------------
  Seed: px+py
F_onsite: -1.3975710772217464e-16j
F_swave: 1.2836953722228372e-16j, F_dwave: 0.047912084025194715j
F_px: (-2.5302171153686434e-17+0j), F_py: (2.705514223397616e-18+0j)
Free_energy = -10138.444224529496
------------------------------------------
[{'stable': {'F_dwave': np.complex128(0.047912084025194715j)}, 'free': np.float64(-10138.444224529496)}]
------------------------------------------
  Seed: px+i*py
F_onsite: (-2.981225102090116e-18+2.334026583119439e-18j)
F_swave: (4.163336342344337e-17-2.3418766925686896e-17j), F_dwave: (0.04721056473458861-0.00816886608278949j)
F_px: (1.3530843112619095e-16+6.071532165918825e-18j), F_py: (6.938893903907228e-18+1.734723475976807e-18j)
Free_energy = -10138.444224529498
------------------------------------------
[{'stable': {'F_dwave': np.complex128(0.047912084025194715j)}, 'free': np.float64(-10138.444224529496)}, {'stable': {'F_dwave': np.complex128(0.04721056473458861-0.00816886608278949j)}, 'free': np.float64(-10138.444224529498)}]
------------------------------------------
  Seed: d-wave
F_onsite: (-1.3286114780078137e-16+0j)
F_swave: (1.3183898417423734e-16+0j), F_dwave: (0.047912084025194715+0j)
F_px: 1.7806955274445442e-17j, F_py: -4.657208828408307e-19j
Free_energy = -10138.444224529496
------------------------------------------
[{'stable': {'F_dwave': np.complex128(0.047912084025194715j)}, 'free': np.float64(-10138.444224529496)}, {'stable': {'F_dwave': np.complex128(0.04721056473458861-0.00816886608278949j)}, 'free': np.float64(-10138.444224529498)}, {'stable': {'F_dwave': np.complex128(0.047912084025194715+0j)}, 'free': np.float64(-10138.444224529496)}]
------------------------------------------
  Seed: d-wave+px
F_onsite: (-1.299680935345445e-16+9.345667831432609e-19j)
F_swave: (1.3704315460216776e-16-7.507108668497973e-20j), F_dwave: (0.047912084025194715-2.0936006961178252e-17j)
F_px: (-1.0408340855860843e-17+1.9919402712133617e-17j), F_py: (3.469446951953614e-18-3.6971201437527095e-18j)
Free_energy = -10138.444224529496
------------------------------------------
[{'stable': {'F_dwave': np.complex128(0.047912084025194715j)}, 'free': np.float64(-10138.444224529496)}, {'stable': {'F_dwave': np.complex128(0.04721056473458861-0.00816886608278949j)}, 'free': np.float64(-10138.444224529498)}, {'stable': {'F_dwave': np.complex128(0.047912084025194715+0j)}, 'free': np.float64(-10138.444224529496)}]
------------------------------------------
  Seed: d-wave+py
F_onsite: (-1.3516999417887408e-16+6.82666588662247e-19j)
F_swave: (1.0755285551056204e-16+7.70937748932434e-18j), F_dwave: (0.0479120840251947-1.978059729721288e-16j)
F_px: (-5.898059818321144e-17+2.2454390963916435e-17j), F_py: -2.302255816562196e-18j
Free_energy = -10138.444224529496
------------------------------------------
[{'stable': {'F_dwave': np.complex128(0.047912084025194715j)}, 'free': np.float64(-10138.444224529496)}, {'stable': {'F_dwave': np.complex128(0.04721056473458861-0.00816886608278949j)}, 'free': np.float64(-10138.444224529498)}, {'stable': {'F_dwave': np.complex128(0.047912084025194715+0j)}, 'free': np.float64(-10138.444224529496)}]
------------------------------------------
