/home/emilssp/D1/venv/bin/python
Python 3.10.12
Running job 13 out of 30
====================================
mu=2.20, T=0.0010
====================================
  Seed: normal state
F_onsite: 0j
F_swave: 0j, F_dwave: 0j
F_px: 0j, F_py: 0j
Free_energy = -13935.197282760339
------------------------------------------
[{'stable': {}, 'free': np.float64(-13935.197282760339)}]
------------------------------------------
  Seed: px
F_onsite: -1.5812993394494516e-17j
F_swave: 8.918171673624113e-18j, F_dwave: 2.7350693866841358e-18j
F_px: (0.011407580913396354+0j), F_py: (2.3757090413665985e-18+0j)
Free_energy = -13937.541380913577
------------------------------------------
[{'stable': {'F_px': np.complex128(0.011407580913396354+0j)}, 'free': np.float64(-13937.541380913577)}]
------------------------------------------
  Seed: py
F_onsite: -1.3392199701021327e-17j
F_swave: 9.115027424521933e-18j, F_dwave: -3.394087489427583e-18j
F_px: (2.8729306162946736e-18+0j), F_py: (0.01140758091339636+0j)
Free_energy = -13937.54138091356
------------------------------------------
[{'stable': {'F_px': np.complex128(0.011407580913396354+0j)}, 'free': np.float64(-13937.541380913577)}, {'stable': {'F_py': np.complex128(0.01140758091339636+0j)}, 'free': np.float64(-13937.54138091356)}]
------------------------------------------
  Seed: px+py
F_onsite: 2.775647558813537e-18j
F_swave: -1.7719929256559963e-18j, F_dwave: 9.510591810889691e-20j
F_px: (0.007346193904589301+0j), F_py: (0.007346193904589202+0j)
Free_energy = -13937.139123138848
------------------------------------------
[{'stable': {'F_px': np.complex128(0.011407580913396354+0j)}, 'free': np.float64(-13937.541380913577)}, {'stable': {'F_py': np.complex128(0.01140758091339636+0j)}, 'free': np.float64(-13937.54138091356)}]
------------------------------------------
  Seed: px+i*py
F_onsite: (-3.717309968143904e-18-5.598556909105904e-18j)
F_swave: (3.660350311163502e-18+1.3010426069826053e-17j), F_dwave: (3.278543592743726e-18-1.214306433183765e-17j)
F_px: (0.008973115897284122+1.6368316135648316e-18j), F_py: (-3.822170000036026e-19+0.008973115897284074j)
Free_energy = -13938.099464414248
------------------------------------------
[{'stable': {'F_px': np.complex128(0.008973115897284122+1.6368316135648316e-18j), 'F_py': np.complex128(-3.822170000036026e-19+0.008973115897284074j)}, 'free': np.float64(-13938.099464414248)}]
------------------------------------------
  Seed: s-wave
F_onsite: (-0.012485435098124867+0j)
F_swave: (0.008435911390171452+0j), F_dwave: (-1.214306433183765e-17+0j)
F_px: -5.535969115237692e-18j, F_py: -2.4659511374736836e-18j
Free_energy = -13937.761212976027
------------------------------------------
[{'stable': {'F_px': np.complex128(0.008973115897284122+1.6368316135648316e-18j), 'F_py': np.complex128(-3.822170000036026e-19+0.008973115897284074j)}, 'free': np.float64(-13938.099464414248)}]
------------------------------------------
  Seed: s-wave+px
F_onsite: (-0.010197378182004523-7.248616795026684e-18j)
F_swave: (0.006890289450876392+3.727563699017111e-18j), F_dwave: (0.00014881935263110456+1.6345982259109384e-18j)
F_px: (0.007128294100762021-2.172619657372579e-18j), F_py: (3.469446951953614e-18-4.682504011540179e-18j)
Free_energy = -13937.823649756472
------------------------------------------
[{'stable': {'F_px': np.complex128(0.008973115897284122+1.6368316135648316e-18j), 'F_py': np.complex128(-3.822170000036026e-19+0.008973115897284074j)}, 'free': np.float64(-13938.099464414248)}]
------------------------------------------
  Seed: s-wave+py
F_onsite: (-0.010197378182004634-2.8052010677388317e-18j)
F_swave: (0.0068902894508764525+1.6244272130989864e-18j), F_dwave: (-0.00014881935263109998-1.798207933629027e-18j)
F_px: (1.3444106938820255e-17-3.466462484303523e-18j), F_py: (0.007128294100761968-2.848585036506013e-18j)
Free_energy = -13937.82364975645
------------------------------------------
[{'stable': {'F_px': np.complex128(0.008973115897284122+1.6368316135648316e-18j), 'F_py': np.complex128(-3.822170000036026e-19+0.008973115897284074j)}, 'free': np.float64(-13938.099464414248)}]
------------------------------------------
====================================
mu=2.20, T=0.0025
====================================
  Seed: normal state
F_onsite: 0j
F_swave: 0j, F_dwave: 0j
F_px: 0j, F_py: 0j
Free_energy = -13935.19832160069
------------------------------------------
[{'stable': {}, 'free': np.float64(-13935.19832160069)}]
------------------------------------------
  Seed: px
F_onsite: -9.770895623492778e-18j
F_swave: 8.259722671142102e-18j, F_dwave: 3.4597193079499906e-18j
F_px: (0.011406585650288029+0j), F_py: (2.6440944085543287e-18+0j)
Free_energy = -13937.541024577109
------------------------------------------
[{'stable': {'F_px': np.complex128(0.011406585650288029+0j)}, 'free': np.float64(-13937.541024577109)}]
------------------------------------------
  Seed: py
F_onsite: -1.3006746770461417e-17j
F_swave: 9.172175678681996e-18j, F_dwave: -3.6238187065907104e-18j
F_px: (2.6792562020327328e-18+0j), F_py: (0.011406585650288034+0j)
Free_energy = -13937.54102457712
------------------------------------------
[{'stable': {'F_px': np.complex128(0.011406585650288029+0j)}, 'free': np.float64(-13937.541024577109)}, {'stable': {'F_py': np.complex128(0.011406585650288034+0j)}, 'free': np.float64(-13937.54102457712)}]
------------------------------------------
  Seed: px+py
F_onsite: 4.8058531844840865e-18j
F_swave: -2.689567835548819e-18j, F_dwave: 6.526388858594384e-19j
F_px: (0.007341682228605949+0j), F_py: (0.0073416822286058924+0j)
Free_energy = -13937.137034761727
------------------------------------------
[{'stable': {'F_px': np.complex128(0.011406585650288029+0j)}, 'free': np.float64(-13937.541024577109)}, {'stable': {'F_py': np.complex128(0.011406585650288034+0j)}, 'free': np.float64(-13937.54102457712)}]
------------------------------------------
  Seed: px+i*py
F_onsite: (-4.2886204561771286e-18-1.7158094949624146e-17j)
F_swave: (1.6523263607991749e-18+1.0408340855860843e-17j), F_dwave: (9.497588531660357e-19-4.336808689942018e-18j)
F_px: (0.008972309650632875+5.325057911371371e-19j), F_py: (-4.703084265180498e-19+0.008972309650632851j)
Free_energy = -13938.09889059858
------------------------------------------
[{'stable': {'F_px': np.complex128(0.008972309650632875+5.325057911371371e-19j), 'F_py': np.complex128(-4.703084265180498e-19+0.008972309650632851j)}, 'free': np.float64(-13938.09889059858)}]
------------------------------------------
  Seed: s-wave
F_onsite: (-0.012484075986008166+0j)
F_swave: (0.00843495548450963+0j), F_dwave: (8.673617379884035e-19+0j)
F_px: -3.670431988469299e-18j, F_py: -2.6500219848238837e-18j
Free_energy = -13937.7605754934
------------------------------------------
[{'stable': {'F_px': np.complex128(0.008972309650632875+5.325057911371371e-19j), 'F_py': np.complex128(-4.703084265180498e-19+0.008972309650632851j)}, 'free': np.float64(-13938.09889059858)}]
------------------------------------------
  Seed: s-wave+px
F_onsite: (-0.010197430312595018-7.405132601811517e-18j)
F_swave: (0.006890327334243775+6.174989299492057e-18j), F_dwave: (0.0001488063964777274+2.5875599224087795e-18j)
F_px: (0.007128164574453233-6.555882810515575e-18j), F_py: (7.806255641895632e-18-4.0066974510843555e-18j)
Free_energy = -13937.823643066105
------------------------------------------
[{'stable': {'F_px': np.complex128(0.008972309650632875+5.325057911371371e-19j), 'F_py': np.complex128(-4.703084265180498e-19+0.008972309650632851j)}, 'free': np.float64(-13938.09889059858)}]
------------------------------------------
  Seed: s-wave+py
F_onsite: (-0.010197430312595124-1.999765379128598e-18j)
F_swave: (0.0068903273342438435+1.4656780186602595e-18j), F_dwave: (-0.0001488063964777212-1.2869474493447017e-18j)
F_px: (7.37257477290143e-18-3.852193347549251e-18j), F_py: (0.007128164574453176-3.3616289221910023e-18j)
Free_energy = -13937.82364306612
------------------------------------------
[{'stable': {'F_px': np.complex128(0.008972309650632875+5.325057911371371e-19j), 'F_py': np.complex128(-4.703084265180498e-19+0.008972309650632851j)}, 'free': np.float64(-13938.09889059858)}]
------------------------------------------
====================================
mu=2.20, T=0.0040
====================================
  Seed: normal state
F_onsite: 0j
F_swave: 0j, F_dwave: 0j
F_px: 0j, F_py: 0j
Free_energy = -13935.20602734476
------------------------------------------
[{'stable': {}, 'free': np.float64(-13935.20602734476)}]
------------------------------------------
  Seed: px
F_onsite: -6.1044870415229375e-18j
F_swave: 6.204397224629542e-18j, F_dwave: 4.064606711407968e-18j
F_px: (0.01138131605208904+0j), F_py: (2.521306064065732e-18+0j)
Free_energy = -13937.531810334516
------------------------------------------
[{'stable': {'F_px': np.complex128(0.01138131605208904+0j)}, 'free': np.float64(-13937.531810334516)}]
------------------------------------------
  Seed: py
F_onsite: -1.396161759981303e-17j
F_swave: 9.541402634346066e-18j, F_dwave: -3.846350143702176e-18j
F_px: (2.591108527236632e-18+0j), F_py: (0.011381316052089011+0j)
Free_energy = -13937.531810334533
------------------------------------------
[{'stable': {'F_px': np.complex128(0.01138131605208904+0j)}, 'free': np.float64(-13937.531810334516)}, {'stable': {'F_py': np.complex128(0.011381316052089011+0j)}, 'free': np.float64(-13937.531810334533)}]
------------------------------------------
  Seed: px+py
F_onsite: 1.4363296505268781e-18j
F_swave: -1.8768397226583177e-18j, F_dwave: 3.6321831569448466e-19j
F_px: (0.007309508223201459+0j), F_py: (0.00730950822320137+0j)
Free_energy = -13937.123014082592
------------------------------------------
[{'stable': {'F_px': np.complex128(0.01138131605208904+0j)}, 'free': np.float64(-13937.531810334516)}, {'stable': {'F_py': np.complex128(0.011381316052089011+0j)}, 'free': np.float64(-13937.531810334533)}]
------------------------------------------
  Seed: px+i*py
F_onsite: (-2.4396798812189994e-18-2.9419704189407995e-17j)
F_swave: (1.8096362609720595e-18+2.2985086056692694e-17j), F_dwave: (1.6598106909815547e-18-6.5052130349130266e-18j)
F_px: (0.008968841528556289-2.5516205791545755e-18j), F_py: (-9.713747369332715e-20+0.00896884152855628j)
Free_energy = -13938.096950159086
------------------------------------------
[{'stable': {'F_px': np.complex128(0.008968841528556289-2.5516205791545755e-18j), 'F_py': np.complex128(-9.713747369332715e-20+0.00896884152855628j)}, 'free': np.float64(-13938.096950159086)}]
------------------------------------------
  Seed: s-wave
F_onsite: (-0.01247659631977797+0j)
F_swave: (0.008429964985490472+0j), F_dwave: (-3.469446951953614e-18+0j)
F_px: -2.709473109809295e-18j, F_py: -2.848412982938602e-18j
Free_energy = -13937.757969628858
------------------------------------------
[{'stable': {'F_px': np.complex128(0.008968841528556289-2.5516205791545755e-18j), 'F_py': np.complex128(-9.713747369332715e-20+0.00896884152855628j)}, 'free': np.float64(-13938.096950159086)}]
------------------------------------------
  Seed: s-wave+px
F_onsite: (-0.010183873951321473+4.555184371656017e-18j)
F_swave: (0.006881184805008689-3.665697206643045e-18j), F_dwave: (0.0001481501982330297+1.8264247186844357e-18j)
F_px: (0.0071296918780036685-7.151969012255988e-18j), F_py: (6.5052130349130266e-18-1.2242405414682818e-18j)
Free_energy = -13937.819849651978
------------------------------------------
[{'stable': {'F_px': np.complex128(0.008968841528556289-2.5516205791545755e-18j), 'F_py': np.complex128(-9.713747369332715e-20+0.00896884152855628j)}, 'free': np.float64(-13938.096950159086)}]
------------------------------------------
  Seed: s-wave+py
F_onsite: (-0.010183873951321505-2.72546085668872e-18j)
F_swave: (0.006881184805008711+1.682574701439014e-18j), F_dwave: (-0.00014815019823304104-9.411495573505838e-19j)
F_px: (8.673617379884035e-18-1.2447612381044973e-18j), F_py: (0.007129691878003649-2.108384119724161e-18j)
Free_energy = -13937.819849651973
------------------------------------------
[{'stable': {'F_px': np.complex128(0.008968841528556289-2.5516205791545755e-18j), 'F_py': np.complex128(-9.713747369332715e-20+0.00896884152855628j)}, 'free': np.float64(-13938.096950159086)}]
------------------------------------------
====================================
mu=2.20, T=0.0055
====================================
  Seed: normal state
F_onsite: 0j
F_swave: 0j, F_dwave: 0j
F_px: 0j, F_py: 0j
Free_energy = -13935.223511894543
------------------------------------------
[{'stable': {}, 'free': np.float64(-13935.223511894543)}]
------------------------------------------
  Seed: px
F_onsite: -1.048145038712073e-17j
F_swave: 8.721951197436734e-18j, F_dwave: 2.206044371564622e-18j
F_px: (0.011284771904639135+0j), F_py: (3.6030879060789064e-18+0j)
Free_energy = -13937.497629447009
------------------------------------------
[{'stable': {'F_px': np.complex128(0.011284771904639135+0j)}, 'free': np.float64(-13937.497629447009)}]
------------------------------------------
  Seed: py
F_onsite: -1.5174992296754816e-17j
F_swave: 1.0008700123434423e-17j, F_dwave: -4.005539398226781e-18j
F_px: (2.6575890330675188e-18+0j), F_py: (0.011284771904639139+0j)
Free_energy = -13937.497629446985
------------------------------------------
[{'stable': {'F_px': np.complex128(0.011284771904639135+0j)}, 'free': np.float64(-13937.497629447009)}, {'stable': {'F_py': np.complex128(0.011284771904639139+0j)}, 'free': np.float64(-13937.497629446985)}]
------------------------------------------
  Seed: px+py
F_onsite: 2.9778766749705013e-18j
F_swave: -1.064852763596664e-18j, F_dwave: 8.867376166568457e-20j
F_px: (0.007227642907707938+0j), F_py: (0.007227642907707849+0j)
Free_energy = -13937.088334229324
------------------------------------------
[{'stable': {'F_px': np.complex128(0.011284771904639135+0j)}, 'free': np.float64(-13937.497629447009)}, {'stable': {'F_py': np.complex128(0.011284771904639139+0j)}, 'free': np.float64(-13937.497629446985)}]
------------------------------------------
  Seed: px+i*py
F_onsite: (-1.5910455122987964e-18-1.2420838198977857e-17j)
F_swave: (1.146452476663795e-18-6.938893903907228e-18j), F_dwave: (5.88270999313012e-19+1.214306433183765e-17j)
F_px: (0.008931853598384344+4.0557724224659015e-18j), F_py: (2.0461007283213684e-18+0.008931853598384346j)
Free_energy = -13938.075285903014
------------------------------------------
[{'stable': {'F_px': np.complex128(0.008931853598384344+4.0557724224659015e-18j), 'F_py': np.complex128(2.0461007283213684e-18+0.008931853598384346j)}, 'free': np.float64(-13938.075285903014)}]
------------------------------------------
  Seed: s-wave
F_onsite: (-0.012406169555918426+0j)
F_swave: (0.008382406909688847+0j), F_dwave: (-8.673617379884035e-19+0j)
F_px: -1.8548698055889093e-18j, F_py: -2.866121265492137e-18j
Free_energy = -13937.731915406957
------------------------------------------
[{'stable': {'F_px': np.complex128(0.008931853598384344+4.0557724224659015e-18j), 'F_py': np.complex128(2.0461007283213684e-18+0.008931853598384346j)}, 'free': np.float64(-13938.075285903014)}]
------------------------------------------
  Seed: s-wave+px
F_onsite: (-0.010063291875707247+8.67196301865893e-18j)
F_swave: (0.006799752032313291-2.4028968137399914e-18j), F_dwave: (0.00014591937634275774+2.9643076042021815e-18j)
F_px: (0.0071725461934118665-1.530139872924272e-17j), F_py: -2.5231324788582493e-18j
Free_energy = -13937.793571857346
------------------------------------------
[{'stable': {'F_px': np.complex128(0.008931853598384344+4.0557724224659015e-18j), 'F_py': np.complex128(2.0461007283213684e-18+0.008931853598384346j)}, 'free': np.float64(-13938.075285903014)}]
------------------------------------------
  Seed: s-wave+py
F_onsite: (-0.01006329187570724-4.475139758140486e-18j)
F_swave: (0.0067997520323133005+3.090869546645245e-18j), F_dwave: (-0.00014591937634278175-1.0082537573633356e-18j)
F_px: (-1.734723475976807e-18-3.696531191156572e-18j), F_py: (0.00717254619341196-1.0747656960574995e-18j)
Free_energy = -13937.793571857364
------------------------------------------
[{'stable': {'F_px': np.complex128(0.008931853598384344+4.0557724224659015e-18j), 'F_py': np.complex128(2.0461007283213684e-18+0.008931853598384346j)}, 'free': np.float64(-13938.075285903014)}]
------------------------------------------
====================================
mu=2.20, T=0.0069
====================================
  Seed: normal state
F_onsite: 0j
F_swave: 0j, F_dwave: 0j
F_px: 0j, F_py: 0j
Free_energy = -13935.249990333192
------------------------------------------
[{'stable': {}, 'free': np.float64(-13935.249990333192)}]
------------------------------------------
  Seed: px
F_onsite: -1.696596405438523e-17j
F_swave: 1.1730360763177793e-17j, F_dwave: 1.5563039265715692e-18j
F_px: (0.0110760549690764+0j), F_py: (3.395692219815936e-18+0j)
Free_energy = -13937.42558933679
------------------------------------------
[{'stable': {'F_px': np.complex128(0.0110760549690764+0j)}, 'free': np.float64(-13937.42558933679)}]
------------------------------------------
  Seed: py
F_onsite: -1.6644885627816646e-17j
F_swave: 1.1258073720634516e-17j, F_dwave: -3.923800718816741e-18j
F_px: (3.25770525875229e-18+0j), F_py: (0.011076054969076316+0j)
Free_energy = -13937.425589336783
------------------------------------------
[{'stable': {'F_px': np.complex128(0.0110760549690764+0j)}, 'free': np.float64(-13937.42558933679)}, {'stable': {'F_py': np.complex128(0.011076054969076316+0j)}, 'free': np.float64(-13937.425589336783)}]
------------------------------------------
  Seed: px+py
F_onsite: 3.821283262419369e-18j
F_swave: -3.241727438040216e-18j, F_dwave: 6.614797922464052e-19j
F_px: (0.007080892064177772+0j), F_py: (0.007080892064177585+0j)
Free_energy = -13937.027975954521
------------------------------------------
[{'stable': {'F_px': np.complex128(0.0110760549690764+0j)}, 'free': np.float64(-13937.42558933679)}, {'stable': {'F_py': np.complex128(0.011076054969076316+0j)}, 'free': np.float64(-13937.425589336783)}]
------------------------------------------
  Seed: px+i*py
F_onsite: (2.0689706178972345e-18+2.0625080212074802e-17j)
F_swave: (-1.644153816347151e-18-1.7780915628762273e-17j), F_dwave: (2.5115155543355545e-18+1.691355389077387e-17j)
F_px: (0.008819310965285748-1.0025845923171422e-17j), F_py: (1.0555023139523646e-18+0.008819310965285765j)
Free_energy = -13938.01081582194
------------------------------------------
[{'stable': {'F_px': np.complex128(0.008819310965285748-1.0025845923171422e-17j), 'F_py': np.complex128(1.0555023139523646e-18+0.008819310965285765j)}, 'free': np.float64(-13938.01081582194)}]
------------------------------------------
  Seed: s-wave
F_onsite: (-0.012203296557810097+0j)
F_swave: (0.00824542058569574+0j), F_dwave: (8.673617379884035e-19+0j)
F_px: 3.923615430359529e-18j, F_py: -2.5803535249122175e-18j
Free_energy = -13937.658632620676
------------------------------------------
[{'stable': {'F_px': np.complex128(0.008819310965285748-1.0025845923171422e-17j), 'F_py': np.complex128(1.0555023139523646e-18+0.008819310965285765j)}, 'free': np.float64(-13938.01081582194)}]
------------------------------------------
  Seed: s-wave+px
F_onsite: (-0.009747952804905294-4.8925814173490464e-18j)
F_swave: (0.0065867780404965035+2.528416508611238e-18j), F_dwave: (0.00014034088641892814-1.541451071492567e-18j)
F_px: (0.007251869687165717+7.024510406028917e-18j), F_py: (2.3852447794681098e-17-1.3300733377607664e-18j)
Free_energy = -13937.720287702547
------------------------------------------
[{'stable': {'F_px': np.complex128(0.008819310965285748-1.0025845923171422e-17j), 'F_py': np.complex128(1.0555023139523646e-18+0.008819310965285765j)}, 'free': np.float64(-13938.01081582194)}]
------------------------------------------
  Seed: s-wave+py
F_onsite: (-0.009747952804905377-5.432736974791074e-18j)
F_swave: (0.006586778040496516+2.4886026513678357e-18j), F_dwave: (-0.00014034088641891313-3.1639129034561275e-18j)
F_px: (1.3010426069826053e-17+9.000651506863e-19j), F_py: (0.007251869687165641+1.9333527021079405e-19j)
Free_energy = -13937.720287702585
------------------------------------------
[{'stable': {'F_px': np.complex128(0.008819310965285748-1.0025845923171422e-17j), 'F_py': np.complex128(1.0555023139523646e-18+0.008819310965285765j)}, 'free': np.float64(-13938.01081582194)}]
------------------------------------------
====================================
mu=2.20, T=0.0084
====================================
  Seed: normal state
F_onsite: 0j
F_swave: 0j, F_dwave: 0j
F_px: 0j, F_py: 0j
Free_energy = -13935.284215350173
------------------------------------------
[{'stable': {}, 'free': np.float64(-13935.284215350173)}]
------------------------------------------
  Seed: px
F_onsite: -2.367557672738256e-17j
F_swave: 1.7122347512272054e-17j, F_dwave: 5.865226703703199e-18j
F_px: (0.010729121995240069+0j), F_py: (5.720043271310342e-18+0j)
Free_energy = -13937.310342534398
------------------------------------------
[{'stable': {'F_px': np.complex128(0.010729121995240069+0j)}, 'free': np.float64(-13937.310342534398)}]
------------------------------------------
  Seed: py
F_onsite: -1.884661542530619e-17j
F_swave: 1.2550698937703782e-17j, F_dwave: -3.912789290502435e-18j
F_px: (3.959381065685097e-18+0j), F_py: (0.010729121995240138+0j)
Free_energy = -13937.310342534394
------------------------------------------
[{'stable': {'F_px': np.complex128(0.010729121995240069+0j)}, 'free': np.float64(-13937.310342534398)}, {'stable': {'F_py': np.complex128(0.010729121995240138+0j)}, 'free': np.float64(-13937.310342534394)}]
------------------------------------------
  Seed: px+py
F_onsite: 1.4509886144702978e-17j
F_swave: -8.751332652794618e-18j, F_dwave: 8.738468339908193e-19j
F_px: (0.006849813044377589+0j), F_py: (0.006849813044377207+0j)
Free_energy = -13936.935794264095
------------------------------------------
[{'stable': {'F_px': np.complex128(0.010729121995240069+0j)}, 'free': np.float64(-13937.310342534398)}, {'stable': {'F_py': np.complex128(0.010729121995240138+0j)}, 'free': np.float64(-13937.310342534394)}]
------------------------------------------
  Seed: px+i*py
F_onsite: (3.572665857510431e-18+6.380805070785051e-17j)
F_swave: (-2.6271818737500695e-18-2.862293735361732e-17j), F_dwave: (2.509665978485886e-20-1.734723475976807e-18j)
F_px: (0.008594274916597797-1.7020809437719945e-17j), F_py: (1.1853200392864367e-17+0.008594274916597831j)
Free_energy = -13937.88578710688
------------------------------------------
[{'stable': {'F_px': np.complex128(0.008594274916597797-1.7020809437719945e-17j), 'F_py': np.complex128(1.1853200392864367e-17+0.008594274916597831j)}, 'free': np.float64(-13937.88578710688)}]
------------------------------------------
  Seed: s-wave
F_onsite: (-0.01180930572058837+0j)
F_swave: (0.007979334040158494+0j), F_dwave: (1.5612511283791264e-17+0j)
F_px: -1.0112779296828295e-18j, F_py: -4.3788426999495124e-18j
Free_energy = -13937.521322173203
------------------------------------------
[{'stable': {'F_px': np.complex128(0.008594274916597797-1.7020809437719945e-17j), 'F_py': np.complex128(1.1853200392864367e-17+0.008594274916597831j)}, 'free': np.float64(-13937.88578710688)}]
------------------------------------------
  Seed: s-wave+px
F_onsite: (-0.009165431262525146-8.553365171153527e-18j)
F_swave: (0.0061933194554871455+5.715632744284209e-18j), F_dwave: (0.0001304943064768158+1.4110377761174567e-18j)
F_px: (0.007353033743777303+3.642982827022339e-18j), F_py: (1.5612511283791264e-17+7.857024679171687e-19j)
Free_energy = -13937.58398178238
------------------------------------------
[{'stable': {'F_px': np.complex128(0.008594274916597797-1.7020809437719945e-17j), 'F_py': np.complex128(1.1853200392864367e-17+0.008594274916597831j)}, 'free': np.float64(-13937.88578710688)}]
------------------------------------------
  Seed: s-wave+py
F_onsite: (-0.009165431262525125-1.0318661242570294e-17j)
F_swave: (0.0061933194554871195+8.42066554856532e-18j), F_dwave: (-0.00013049430647681543-2.5100630251799114e-19j)
F_px: (2.168404344971009e-18-4.049320413687988e-18j), F_py: (0.007353033743777286+1.830610252583954e-18j)
Free_energy = -13937.583981782334
------------------------------------------
[{'stable': {'F_px': np.complex128(0.008594274916597797-1.7020809437719945e-17j), 'F_py': np.complex128(1.1853200392864367e-17+0.008594274916597831j)}, 'free': np.float64(-13937.88578710688)}]
------------------------------------------
====================================
mu=2.20, T=0.0099
====================================
  Seed: normal state
F_onsite: 0j
F_swave: 0j, F_dwave: 0j
F_px: 0j, F_py: 0j
Free_energy = -13935.3254845423
------------------------------------------
[{'stable': {}, 'free': np.float64(-13935.3254845423)}]
------------------------------------------
  Seed: px
F_onsite: -1.76003917318787e-17j
F_swave: 1.2306356402200518e-17j, F_dwave: 3.703413333853013e-18j
F_px: (0.010214916937902482+0j), F_py: (5.5868010182403004e-18+0j)
Free_energy = -13937.14807821204
------------------------------------------
[{'stable': {'F_px': np.complex128(0.010214916937902482+0j)}, 'free': np.float64(-13937.14807821204)}]
------------------------------------------
  Seed: py
F_onsite: -2.130327567013968e-17j
F_swave: 1.4451917327375262e-17j, F_dwave: -4.07166090767182e-18j
F_px: (5.8140655828167945e-18+0j), F_py: (0.010214916937902436+0j)
Free_energy = -13937.148078211985
------------------------------------------
[{'stable': {'F_px': np.complex128(0.010214916937902482+0j)}, 'free': np.float64(-13937.14807821204)}, {'stable': {'F_py': np.complex128(0.010214916937902436+0j)}, 'free': np.float64(-13937.148078211985)}]
------------------------------------------
  Seed: px+py
F_onsite: 4.017159631471926e-18j
F_swave: -2.8798590811054178e-18j, F_dwave: 3.0810823456375175e-19j
F_px: (0.006516346872723295+0j), F_py: (0.006516346872722508+0j)
Free_energy = -13936.80894203733
------------------------------------------
[{'stable': {'F_px': np.complex128(0.010214916937902482+0j)}, 'free': np.float64(-13937.14807821204)}, {'stable': {'F_py': np.complex128(0.010214916937902436+0j)}, 'free': np.float64(-13937.148078211985)}]
------------------------------------------
  Seed: px+i*py
F_onsite: (5.27606234932863e-18+3.1744412582927024e-17j)
F_swave: (-3.937167957515598e-18-2.211772431870429e-17j), F_dwave: (2.202444481538791e-18+9.974659986866641e-18j)
F_px: (0.0082274835309462-3.781889612927144e-18j), F_py: (1.1524227354529578e-17+0.00822748353094616j)
Free_energy = -13937.691204246898
------------------------------------------
[{'stable': {'F_px': np.complex128(0.0082274835309462-3.781889612927144e-18j), 'F_py': np.complex128(1.1524227354529578e-17+0.00822748353094616j)}, 'free': np.float64(-13937.691204246898)}]
------------------------------------------
  Seed: s-wave
F_onsite: (-0.011174825305881967+0j)
F_swave: (0.007550794151705508+0j), F_dwave: (-1.734723475976807e-17+0j)
F_px: 6.98431604570374e-19j, F_py: -5.7444450993806564e-18j
Free_energy = -13937.312181182302
------------------------------------------
[{'stable': {'F_px': np.complex128(0.0082274835309462-3.781889612927144e-18j), 'F_py': np.complex128(1.1524227354529578e-17+0.00822748353094616j)}, 'free': np.float64(-13937.691204246898)}]
------------------------------------------
  Seed: s-wave+px
F_onsite: (-0.008197643839731298-1.6026405992533197e-17j)
F_swave: (0.005539510656454331+1.1259198686267588e-17j), F_dwave: (0.00011615335755020247+1.7891354166705453e-18j)
F_px: (0.007494921977875615+9.218183464352196e-18j), F_py: (7.806255641895632e-18-4.02939197837036e-18j)
Free_energy = -13937.376170257588
------------------------------------------
[{'stable': {'F_px': np.complex128(0.0082274835309462-3.781889612927144e-18j), 'F_py': np.complex128(1.1524227354529578e-17+0.00822748353094616j)}, 'free': np.float64(-13937.691204246898)}]
------------------------------------------
  Seed: s-wave+py
F_onsite: (-0.008197643839731249+4.1366971561531893e-19j)
F_swave: (0.005539510656454307-1.099232044215593e-18j), F_dwave: (-0.0001161533575502177-1.861700663087372e-18j)
F_px: (1.474514954580286e-17-7.701273187272852e-18j), F_py: (0.007494921977875686-1.1728223328474956e-17j)
Free_energy = -13937.376170257572
------------------------------------------
[{'stable': {'F_px': np.complex128(0.0082274835309462-3.781889612927144e-18j), 'F_py': np.complex128(1.1524227354529578e-17+0.00822748353094616j)}, 'free': np.float64(-13937.691204246898)}]
------------------------------------------
====================================
mu=2.20, T=0.0114
====================================
  Seed: normal state
F_onsite: 0j
F_swave: 0j, F_dwave: 0j
F_px: 0j, F_py: 0j
Free_energy = -13935.373636269103
------------------------------------------
[{'stable': {}, 'free': np.float64(-13935.373636269103)}]
------------------------------------------
  Seed: px
F_onsite: -2.282000727620671e-17j
F_swave: 1.7020055049001297e-17j, F_dwave: 4.662267865034682e-18j
F_px: (0.009498195793231213+0j), F_py: (5.506865592565626e-18+0j)
Free_energy = -13936.937689532982
------------------------------------------
[{'stable': {'F_px': np.complex128(0.009498195793231213+0j)}, 'free': np.float64(-13936.937689532982)}]
------------------------------------------
  Seed: py
F_onsite: -2.5589394732144447e-17j
F_swave: 1.7285070482373486e-17j, F_dwave: -3.705041225298517e-18j
F_px: (5.395800051718131e-18+0j), F_py: (0.009498195793231403+0j)
Free_energy = -13936.937689532995
------------------------------------------
[{'stable': {'F_px': np.complex128(0.009498195793231213+0j)}, 'free': np.float64(-13936.937689532982)}, {'stable': {'F_py': np.complex128(0.009498195793231403+0j)}, 'free': np.float64(-13936.937689532995)}]
------------------------------------------
  Seed: px+py
F_onsite: 1.2703800142919996e-17j
F_swave: -5.6424438036855175e-18j, F_dwave: -3.9089247026805876e-19j
F_px: (0.00605398655898885+0j), F_py: (0.006053986558987514+0j)
Free_energy = -13936.644525172716
------------------------------------------
[{'stable': {'F_px': np.complex128(0.009498195793231213+0j)}, 'free': np.float64(-13936.937689532982)}, {'stable': {'F_py': np.complex128(0.009498195793231403+0j)}, 'free': np.float64(-13936.937689532995)}]
------------------------------------------
  Seed: px+i*py
F_onsite: (1.1692958964600595e-17+2.3525122500126514e-17j)
F_swave: (-9.228678731964269e-18-3.361026734705064e-17j), F_dwave: (-1.6133429928907758e-18+1.7997756063259374e-17j)
F_px: (0.007684612176404874+2.6234860307731826e-18j), F_py: (7.507802259441599e-18+0.007684612176404879j)
Free_energy = -13937.421734689813
------------------------------------------
[{'stable': {'F_px': np.complex128(0.007684612176404874+2.6234860307731826e-18j), 'F_py': np.complex128(7.507802259441599e-18+0.007684612176404879j)}, 'free': np.float64(-13937.421734689813)}]
------------------------------------------
  Seed: s-wave
F_onsite: (-0.010236031056989057+0j)
F_swave: (0.0069166425945045235+0j), F_dwave: (1.7780915628762273e-17+0j)
F_px: -1.8570853261415713e-17j, F_py: -8.67430559415368e-18j
Free_energy = -13937.027218684838
------------------------------------------
[{'stable': {'F_px': np.complex128(0.007684612176404874+2.6234860307731826e-18j), 'F_py': np.complex128(7.507802259441599e-18+0.007684612176404879j)}, 'free': np.float64(-13937.421734689813)}]
------------------------------------------
  Seed: s-wave+px
F_onsite: (-0.006698398169837215-1.7962246853923697e-17j)
F_swave: (0.004526568764967686+1.4178439836336656e-17j), F_dwave: (9.424231588770577e-05+1.2972690090281384e-18j)
F_px: (0.007638149476321581-3.856071170260899e-18j), F_py: (1.734723475976807e-18-1.0942133740031112e-17j)
Free_energy = -13937.093352366994
------------------------------------------
[{'stable': {'F_px': np.complex128(0.007684612176404874+2.6234860307731826e-18j), 'F_py': np.complex128(7.507802259441599e-18+0.007684612176404879j)}, 'free': np.float64(-13937.421734689813)}]
------------------------------------------
  Seed: s-wave+py
F_onsite: (-0.006698398169837252+2.94962018524569e-18j)
F_swave: (0.004526568764967724-2.449654025045164e-18j), F_dwave: (-9.424231588771727e-05-2.568241946383216e-18j)
F_px: (-4.7704895589362195e-18-2.321948918995552e-18j), F_py: (0.007638149476321571-2.3032940109490112e-17j)
Free_energy = -13937.093352367001
------------------------------------------
[{'stable': {'F_px': np.complex128(0.007684612176404874+2.6234860307731826e-18j), 'F_py': np.complex128(7.507802259441599e-18+0.007684612176404879j)}, 'free': np.float64(-13937.421734689813)}]
------------------------------------------
====================================
mu=2.20, T=0.0129
====================================
  Seed: normal state
F_onsite: 0j
F_swave: 0j, F_dwave: 0j
F_px: 0j, F_py: 0j
Free_energy = -13935.428872150804
------------------------------------------
[{'stable': {}, 'free': np.float64(-13935.428872150804)}]
------------------------------------------
  Seed: px
F_onsite: -3.862738907742567e-17j
F_swave: 2.3313159122521026e-17j, F_dwave: 2.356187578910347e-18j
F_px: (0.008516013503248142+0j), F_py: (8.006401917270188e-18+0j)
Free_energy = -13936.677066405942
------------------------------------------
[{'stable': {'F_px': np.complex128(0.008516013503248142+0j)}, 'free': np.float64(-13936.677066405942)}]
------------------------------------------
  Seed: py
F_onsite: -2.9509542621376154e-17j
F_swave: 1.9804199407066978e-17j, F_dwave: -3.320819139490086e-18j
F_px: (7.840639885598236e-18+0j), F_py: (0.00851601350324825+0j)
Free_energy = -13936.677066405882
------------------------------------------
[{'stable': {'F_px': np.complex128(0.008516013503248142+0j)}, 'free': np.float64(-13936.677066405942)}, {'stable': {'F_py': np.complex128(0.00851601350324825+0j)}, 'free': np.float64(-13936.677066405882)}]
------------------------------------------
  Seed: px+py
F_onsite: 4.519397229634523e-18j
F_swave: -2.9050186066168306e-18j, F_dwave: -7.41220003296517e-19j
F_px: (0.005424974831722065+0j), F_py: (0.0054249748317199645+0j)
Free_energy = -13936.442020092985
------------------------------------------
[{'stable': {'F_px': np.complex128(0.008516013503248142+0j)}, 'free': np.float64(-13936.677066405942)}, {'stable': {'F_py': np.complex128(0.00851601350324825+0j)}, 'free': np.float64(-13936.677066405882)}]
------------------------------------------
  Seed: px+i*py
F_onsite: (1.0747127564982961e-17+2.9158579813637255e-18j)
F_swave: (-8.369840263007611e-18-4.119968255444917e-18j), F_dwave: (1.2990375211777768e-19+6.288372600415926e-18j)
F_px: (0.006917100590713838-6.058833289154911e-18j), F_py: (9.222726340276337e-18+0.00691710059071377j)
Free_energy = -13937.076099867549
------------------------------------------
[{'stable': {'F_px': np.complex128(0.006917100590713838-6.058833289154911e-18j), 'F_py': np.complex128(9.222726340276337e-18+0.00691710059071377j)}, 'free': np.float64(-13937.076099867549)}]
------------------------------------------
  Seed: s-wave
F_onsite: (-0.008884776515065619+0j)
F_swave: (0.006003789554071146+0j), F_dwave: (-1.9081958235744878e-17+0j)
F_px: -1.1169267610070823e-17j, F_py: -1.477789266317016e-17j
Free_energy = -13936.66515204272
------------------------------------------
[{'stable': {'F_px': np.complex128(0.006917100590713838-6.058833289154911e-18j), 'F_py': np.complex128(9.222726340276337e-18+0.00691710059071377j)}, 'free': np.float64(-13937.076099867549)}]
------------------------------------------
  Seed: s-wave+px
F_onsite: (-0.004171290959030756-2.997387549514912e-17j)
F_swave: (0.002818996485956443+1.9447789614994418e-17j), F_dwave: (5.7771849058107214e-05+3.135868999148742e-18j)
F_px: (0.007752612240139962-1.0281259443993096e-18j), F_py: (-5.421010862427522e-18-3.1625167880182605e-17j)
Free_energy = -13936.735760414329
------------------------------------------
[{'stable': {'F_px': np.complex128(0.006917100590713838-6.058833289154911e-18j), 'F_py': np.complex128(9.222726340276337e-18+0.00691710059071377j)}, 'free': np.float64(-13937.076099867549)}]
------------------------------------------
  Seed: s-wave+py
F_onsite: (-0.004171290959030796-9.592555483426345e-18j)
F_swave: (0.002818996485956468+5.5549347123223076e-18j), F_dwave: (-5.777184905811665e-05-2.839586965802661e-18j)
F_px: (4.9873299934333204e-18-1.4511767153415924e-17j), F_py: (0.0077526122401399096-3.824951808436042e-17j)
Free_energy = -13936.735760414322
------------------------------------------
[{'stable': {'F_px': np.complex128(0.006917100590713838-6.058833289154911e-18j), 'F_py': np.complex128(9.222726340276337e-18+0.00691710059071377j)}, 'free': np.float64(-13937.076099867549)}]
------------------------------------------
====================================
mu=2.20, T=0.0144
====================================
  Seed: normal state
F_onsite: 0j
F_swave: 0j, F_dwave: 0j
F_px: 0j, F_py: 0j
Free_energy = -13935.491589890278
------------------------------------------
[{'stable': {}, 'free': np.float64(-13935.491589890278)}]
------------------------------------------
  Seed: px
F_onsite: -4.7414601516470385e-17j
F_swave: 3.145560743513781e-17j, F_dwave: 3.1659907811548607e-18j
F_px: (0.007152716551323882+0j), F_py: (9.28026006060185e-18+0j)
Free_energy = -13936.36597990695
------------------------------------------
[{'stable': {'F_px': np.complex128(0.007152716551323882+0j)}, 'free': np.float64(-13936.36597990695)}]
------------------------------------------
  Seed: py
F_onsite: -3.9745499037580946e-17j
F_swave: 2.666327369058529e-17j, F_dwave: -3.3198926972040268e-18j
F_px: (8.256509901642946e-18+0j), F_py: (0.0071527165513239266+0j)
Free_energy = -13936.365979906957
------------------------------------------
[{'stable': {'F_px': np.complex128(0.007152716551323882+0j)}, 'free': np.float64(-13936.36597990695)}, {'stable': {'F_py': np.complex128(0.0071527165513239266+0j)}, 'free': np.float64(-13936.365979906957)}]
------------------------------------------
  Seed: px+py
F_onsite: 7.395325548469089e-18j
F_swave: -4.2954364244245655e-18j, F_dwave: 8.170029822961752e-19j
F_px: (0.004555621496790313+0j), F_py: (0.004555621496786967+0j)
Free_energy = -13936.20106469577
------------------------------------------
[{'stable': {'F_px': np.complex128(0.007152716551323882+0j)}, 'free': np.float64(-13936.36597990695)}, {'stable': {'F_py': np.complex128(0.0071527165513239266+0j)}, 'free': np.float64(-13936.365979906957)}]
------------------------------------------
  Seed: px+i*py
F_onsite: (1.2560413346817604e-17-1.0422449248388547e-17j)
F_swave: (-7.273319716839967e-18+4.336808689942018e-19j), F_dwave: (3.803872764886353e-18+1.3877787807814457e-17j)
F_px: (0.005829296840270908-6.700831323614467e-18j), F_py: (1.2099098027919231e-17+0.0058292968402706355j)
Free_energy = -13936.653210230374
------------------------------------------
[{'stable': {'F_px': np.complex128(0.005829296840270908-6.700831323614467e-18j), 'F_py': np.complex128(1.2099098027919231e-17+0.0058292968402706355j)}, 'free': np.float64(-13936.653210230374)}]
------------------------------------------
  Seed: s-wave
F_onsite: (-0.006870597046732286+0j)
F_swave: (0.004642935263903913+0j), F_dwave: (9.540979117872439e-18+0j)
F_px: -2.4729854814028345e-17j, F_py: -3.46953827269324e-17j
Free_energy = -13936.2254810484
------------------------------------------
[{'stable': {'F_px': np.complex128(0.005829296840270908-6.700831323614467e-18j), 'F_py': np.complex128(1.2099098027919231e-17+0.0058292968402706355j)}, 'free': np.float64(-13936.653210230374)}]
------------------------------------------
  Seed: s-wave+px
F_onsite: (-2.854220913157379e-14+1.2646479835192522e-17j)
F_swave: (1.94400699420016e-14-8.673617379884035e-18j), F_dwave: (-4.2142911312987466e-16-2.6020852139652106e-18j)
F_px: (0.00580987401267728-2.2675435957467143e-17j), F_py: (-1.2732652202685846e-17-0.00580970119087412j)
Free_energy = -13936.645162564626
------------------------------------------
[{'stable': {'F_px': np.complex128(0.005829296840270908-6.700831323614467e-18j), 'F_py': np.complex128(1.2099098027919231e-17+0.0058292968402706355j)}, 'free': np.float64(-13936.653210230374)}, {'stable': {'F_px': np.complex128(0.00580987401267728-2.2675435957467143e-17j), 'F_py': np.complex128(-1.2732652202685846e-17-0.00580970119087412j)}, 'free': np.float64(-13936.645162564626)}]
------------------------------------------
  Seed: s-wave+py
F_onsite: (-2.866990587317305e-14-1.0263061470516929e-17j)
F_swave: (1.9526481126463935e-14+6.610076375527599e-18j), F_dwave: (4.163336342344337e-16-1.8395868165913795e-18j)
F_px: (-2.5166328244770526e-17-0.0058096665079719004j), F_py: (0.005809908689496315-4.117610459826896e-17j)
Free_energy = -13936.645162563696
------------------------------------------
[{'stable': {'F_px': np.complex128(0.005829296840270908-6.700831323614467e-18j), 'F_py': np.complex128(1.2099098027919231e-17+0.0058292968402706355j)}, 'free': np.float64(-13936.653210230374)}, {'stable': {'F_px': np.complex128(0.00580987401267728-2.2675435957467143e-17j), 'F_py': np.complex128(-1.2732652202685846e-17-0.00580970119087412j)}, 'free': np.float64(-13936.645162564626)}, {'stable': {'F_px': np.complex128(-2.5166328244770526e-17-0.0058096665079719004j), 'F_py': np.complex128(0.005809908689496315-4.117610459826896e-17j)}, 'free': np.float64(-13936.645162563696)}]
------------------------------------------
====================================
mu=2.20, T=0.0158
====================================
  Seed: normal state
F_onsite: 0j
F_swave: 0j, F_dwave: 0j
F_px: 0j, F_py: 0j
Free_energy = -13935.562258288035
------------------------------------------
[{'stable': {}, 'free': np.float64(-13935.562258288035)}]
------------------------------------------
  Seed: px
F_onsite: -5.79613793196481e-17j
F_swave: 3.6504459813810374e-17j, F_dwave: 6.662046479053081e-19j
F_px: (0.0051028713527251955+0j), F_py: (1.2123661156208993e-17+0j)
Free_energy = -13936.004301342347
------------------------------------------
[{'stable': {'F_px': np.complex128(0.0051028713527251955+0j)}, 'free': np.float64(-13936.004301342347)}]
------------------------------------------
  Seed: py
F_onsite: -4.794346771291229e-17j
F_swave: 3.223371969375419e-17j, F_dwave: -2.3766950406567617e-18j
F_px: (1.2867691919226966e-17+0j), F_py: (0.005102871352725171+0j)
Free_energy = -13936.004301342382
------------------------------------------
[{'stable': {'F_px': np.complex128(0.0051028713527251955+0j)}, 'free': np.float64(-13936.004301342347)}, {'stable': {'F_py': np.complex128(0.005102871352725171+0j)}, 'free': np.float64(-13936.004301342382)}]
------------------------------------------
  Seed: px+py
F_onsite: -1.229641699996008e-17j
F_swave: 7.148746316589481e-18j, F_dwave: 5.448539433213287e-19j
F_px: (0.0032570260480441473+0j), F_py: (0.0032570260480396258+0j)
Free_energy = -13935.922486985028
------------------------------------------
[{'stable': {'F_px': np.complex128(0.0051028713527251955+0j)}, 'free': np.float64(-13936.004301342347)}, {'stable': {'F_py': np.complex128(0.005102871352725171+0j)}, 'free': np.float64(-13936.004301342382)}, {'stable': {'F_px': np.complex128(0.0032570260480441473+0j), 'F_py': np.complex128(0.0032570260480396258+0j)}, 'free': np.float64(-13935.922486985028)}]
------------------------------------------
  Seed: px+i*py
F_onsite: (3.447063444577929e-17-5.2397888251069547e-17j)
F_swave: (-2.2700358909323366e-17+4.380176776841438e-17j), F_dwave: (2.3173580665958828e-18-9.540979117872439e-18j)
F_px: (0.00417505014415041-8.65527713134251e-18j), F_py: (1.392713740315937e-17+0.00417505014415028j)
Free_energy = -13936.154123462617
------------------------------------------
[{'stable': {'F_px': np.complex128(0.00417505014415041-8.65527713134251e-18j), 'F_py': np.complex128(1.392713740315937e-17+0.00417505014415028j)}, 'free': np.float64(-13936.154123462617)}]
------------------------------------------
  Seed: s-wave
F_onsite: (-0.0031326932412268646+0j)
F_swave: (0.002117150826022463+0j), F_dwave: (2.6020852139652106e-18+0j)
F_px: -3.0870393695368794e-16j, F_py: -3.746123779078229e-16j
Free_energy = -13935.71380724875
------------------------------------------
[{'stable': {'F_px': np.complex128(0.00417505014415041-8.65527713134251e-18j), 'F_py': np.complex128(1.392713740315937e-17+0.00417505014415028j)}, 'free': np.float64(-13936.154123462617)}]
------------------------------------------
  Seed: s-wave+px
F_onsite: (-9.076016263344952e-16-2.784693605992417e-18j)
F_swave: (6.171503825088555e-16+3.903127820947816e-18j), F_dwave: (-4.3593146200483605e-18-4.336808689942018e-18j)
F_px: (0.004174767515571616-2.3988257616372504e-17j), F_py: (-6.849651041980107e-18-0.0041747337077662795j)
Free_energy = -13936.154037039256
------------------------------------------
[{'stable': {'F_px': np.complex128(0.00417505014415041-8.65527713134251e-18j), 'F_py': np.complex128(1.392713740315937e-17+0.00417505014415028j)}, 'free': np.float64(-13936.154123462617)}, {'stable': {'F_px': np.complex128(0.004174767515571616-2.3988257616372504e-17j), 'F_py': np.complex128(-6.849651041980107e-18-0.0041747337077662795j)}, 'free': np.float64(-13936.154037039256)}]
------------------------------------------
  Seed: s-wave+py
F_onsite: (-8.76820640937176e-16-3.4641331436985735e-17j)
F_swave: (6.015153652949579e-16+2.4045233816965156e-17j), F_dwave: (9.974659986866641e-18-1.927509498260866e-18j)
F_px: (-1.40430419505903e-17-0.004174726923445664j), F_py: (0.004174774299561776-2.7817700188354096e-17j)
Free_energy = -13936.154037039187
------------------------------------------
[{'stable': {'F_px': np.complex128(0.00417505014415041-8.65527713134251e-18j), 'F_py': np.complex128(1.392713740315937e-17+0.00417505014415028j)}, 'free': np.float64(-13936.154123462617)}, {'stable': {'F_px': np.complex128(0.004174767515571616-2.3988257616372504e-17j), 'F_py': np.complex128(-6.849651041980107e-18-0.0041747337077662795j)}, 'free': np.float64(-13936.154037039256)}, {'stable': {'F_px': np.complex128(-1.40430419505903e-17-0.004174726923445664j), 'F_py': np.complex128(0.004174774299561776-2.7817700188354096e-17j)}, 'free': np.float64(-13936.154037039187)}]
------------------------------------------
====================================
mu=2.20, T=0.0173
====================================
  Seed: normal state
F_onsite: 0j
F_swave: 0j, F_dwave: 0j
F_px: 0j, F_py: 0j
Free_energy = -13935.641335285789
------------------------------------------
[{'stable': {}, 'free': np.float64(-13935.641335285789)}]
------------------------------------------
  Seed: px
==================================================
WARNING: Failed to converge after 5000 iterations
==================================================
F_onsite: -3.3800360818892654e-21j
F_swave: 9.782994018830767e-22j, F_dwave: 3.1645312985121933e-22j
F_px: (9.140187995161643e-07+0j), F_py: (5.798402222407842e-20+0j)
Free_energy = -13935.641335299957
------------------------------------------
[{'stable': {}, 'free': np.float64(-13935.641335285789)}]
------------------------------------------
  Seed: py
==================================================
WARNING: Failed to converge after 5000 iterations
==================================================
F_onsite: -2.972856102242611e-20j
F_swave: 1.610165385030002e-20j, F_dwave: 9.242211768677154e-21j
F_px: (-5.80758907689117e-20+0j), F_py: (9.140187995157405e-07+0j)
Free_energy = -13935.641335299952
------------------------------------------
[{'stable': {}, 'free': np.float64(-13935.641335285789)}]
------------------------------------------
  Seed: px+py
==================================================
WARNING: Failed to converge after 5000 iterations
==================================================
F_onsite: 1.1023839254668468e-20j
F_swave: -2.745981139734629e-21j, F_dwave: -1.8162672897291055e-21j
F_px: (5.805872650943407e-07+0j), F_py: (5.805872650943283e-07+0j)
Free_energy = -13935.641335297201
------------------------------------------
[{'stable': {}, 'free': np.float64(-13935.641335285789)}]
------------------------------------------
  Seed: px+i*py
==================================================
WARNING: Failed to converge after 5000 iterations
==================================================
F_onsite: (-5.343542506160961e-19+7.113700955244643e-19j)
F_swave: (3.522813538301477e-19-4.913585187462993e-19j), F_dwave: (1.0354626713099627e-20-1.0614381620280451e-20j)
F_px: (7.475449290193299e-07+1.7008532151649794e-18j), F_py: (-1.1233551931988336e-18+7.475449290171921e-07j)
Free_energy = -13935.641335304688
------------------------------------------
[{'stable': {}, 'free': np.float64(-13935.641335285789)}]
------------------------------------------
  Seed: s-wave
F_onsite: (-8.492547648692037e-14+0j)
F_swave: (5.753343244820055e-14+0j), F_dwave: (-6.73564916268152e-21+0j)
F_px: -1.0181173097551247e-17j, F_py: -1.290748966729983e-17j
Free_energy = -13935.641335285789
------------------------------------------
[{'stable': {}, 'free': np.float64(-13935.641335285789)}]
------------------------------------------
  Seed: s-wave+px
==================================================
WARNING: Failed to converge after 5000 iterations
==================================================
F_onsite: (-4.501861885990148e-19-5.518275880262722e-19j)
F_swave: (3.2543407129198407e-19+3.866176008623847e-19j), F_dwave: (1.4437898793803945e-20-1.4346620544119712e-20j)
F_px: (7.475397323517399e-07-7.449120294488001e-19j), F_py: (5.734938554938655e-19-7.47536739008809e-07j)
Free_energy = -13935.641335304688
------------------------------------------
[{'stable': {}, 'free': np.float64(-13935.641335285789)}]
------------------------------------------
  Seed: s-wave+py
==================================================
WARNING: Failed to converge after 5000 iterations
==================================================
F_onsite: (1.3411282205222126e-18+3.5061777648823636e-19j)
F_swave: (-9.107721765351864e-19-2.3113421928349056e-19j), F_dwave: (-1.9746455582865877e-20+5.982273991456849e-21j)
F_px: (9.639709712344975e-19-7.475361383294603e-07j), F_py: (7.475403330141333e-07+4.497943780228903e-20j)
Free_energy = -13935.641335304688
------------------------------------------
[{'stable': {}, 'free': np.float64(-13935.641335285789)}]
------------------------------------------
====================================
mu=2.20, T=0.0188
====================================
  Seed: normal state
F_onsite: 0j
F_swave: 0j, F_dwave: 0j
F_px: 0j, F_py: 0j
Free_energy = -13935.729221414751
------------------------------------------
[{'stable': {}, 'free': np.float64(-13935.729221414751)}]
------------------------------------------
  Seed: px
F_onsite: 2.423773676177122e-19j
F_swave: -1.5660940530844172e-19j, F_dwave: 1.4561178924174346e-20j
F_px: (6.476235607551052e-14+0j), F_py: (-1.552539640669087e-19+0j)
Free_energy = -13935.729221414751
------------------------------------------
[{'stable': {}, 'free': np.float64(-13935.729221414751)}]
------------------------------------------
  Seed: py
F_onsite: -1.5673816620051313e-19j
F_swave: 8.552766735624285e-20j, F_dwave: 3.530793812783505e-23j
F_px: (3.6830366548491795e-19+0j), F_py: (6.47623457959623e-14+0j)
Free_energy = -13935.729221414751
------------------------------------------
[{'stable': {}, 'free': np.float64(-13935.729221414751)}]
------------------------------------------
  Seed: px+py
F_onsite: 5.77786788810006e-20j
F_swave: -4.7571468393850155e-20j, F_dwave: -5.711933044566324e-20j
F_px: (6.471900450075737e-14+0j), F_py: (6.471962139506629e-14+0j)
Free_energy = -13935.729221414751
------------------------------------------
[{'stable': {}, 'free': np.float64(-13935.729221414751)}]
------------------------------------------
  Seed: px+i*py
F_onsite: (2.764764628138472e-20+2.4026957190456794e-19j)
F_swave: (-1.4695273969778903e-20-1.4543494463443434e-19j), F_dwave: (-3.593484058421943e-20-4.9054530727003414e-21j)
F_px: (6.553728883883431e-14+1.245368452175738e-19j), F_py: (-7.084499887349726e-20+6.553797627291725e-14j)
Free_energy = -13935.729221414751
------------------------------------------
[{'stable': {}, 'free': np.float64(-13935.729221414751)}]
------------------------------------------
  Seed: s-wave
F_onsite: (-3.97606673661766e-14+0j)
F_swave: (2.7017977902218453e-14+0j), F_dwave: (-3.342590558500207e-20+0j)
F_px: -6.955519772467537e-18j, F_py: -7.730545875584303e-18j
Free_energy = -13935.729221414751
------------------------------------------
[{'stable': {}, 'free': np.float64(-13935.729221414751)}]
------------------------------------------
  Seed: s-wave+px
F_onsite: (2.4215307777084542e-19+1.467460271188969e-19j)
F_swave: (-1.418053980979701e-19-8.117533426756032e-20j), F_dwave: (-8.036318201179722e-20-8.889840110493441e-21j)
F_px: (6.55366694469688e-14-1.3616758427160576e-19j), F_py: (4.7176385264702496e-20-6.5537878655399e-14j)
Free_energy = -13935.729221414751
------------------------------------------
[{'stable': {}, 'free': np.float64(-13935.729221414751)}]
------------------------------------------
  Seed: s-wave+py
F_onsite: (-5.934738632054352e-19+6.794722474440597e-20j)
F_swave: (4.1647888171468327e-19-2.0596699398534648e-20j), F_dwave: (-3.2739002589931324e-20-2.381885636454971e-21j)
F_px: (3.281617063668112e-19-6.461529728882686e-14j), F_py: (6.461595003208548e-14-6.927262994270733e-19j)
Free_energy = -13935.729221414751
------------------------------------------
[{'stable': {}, 'free': np.float64(-13935.729221414751)}]
------------------------------------------
====================================
mu=2.20, T=0.0203
====================================
  Seed: normal state
F_onsite: 0j
F_swave: 0j, F_dwave: 0j
F_px: 0j, F_py: 0j
Free_energy = -13935.826238951875
------------------------------------------
[{'stable': {}, 'free': np.float64(-13935.826238951875)}]
------------------------------------------
  Seed: px
F_onsite: 5.511609226280169e-19j
F_swave: -3.9894495726016287e-19j, F_dwave: -1.4104960898012618e-21j
F_px: (3.546741936537161e-14+0j), F_py: (-2.2086438623503865e-19+0j)
Free_energy = -13935.826238951875
------------------------------------------
[{'stable': {}, 'free': np.float64(-13935.826238951875)}]
------------------------------------------
  Seed: py
F_onsite: -3.9668888560707026e-19j
F_swave: 2.6599030600825607e-19j, F_dwave: 1.9494634900728114e-20j
F_px: (3.041076865092762e-20+0j), F_py: (3.546743147105992e-14+0j)
Free_energy = -13935.826238951875
------------------------------------------
[{'stable': {}, 'free': np.float64(-13935.826238951875)}]
------------------------------------------
  Seed: px+py
F_onsite: 6.776267437271572e-19j
F_swave: -4.683135086596519e-19j, F_dwave: 1.762548319783258e-20j
F_px: (3.544640844036731e-14+0j), F_py: (3.5446752392986554e-14+0j)
Free_energy = -13935.826238951875
------------------------------------------
[{'stable': {}, 'free': np.float64(-13935.826238951875)}]
------------------------------------------
  Seed: px+i*py
F_onsite: (-9.514033886085868e-20-4.564116770173104e-19j)
F_swave: (9.453244050355577e-20+3.0371217788457163e-19j), F_dwave: (-3.79979160227955e-21+6.808918459428808e-21j)
F_px: (3.5901538613449464e-14+4.742540524422828e-20j), F_py: (1.0594672801409682e-19+3.590183021718005e-14j)
Free_energy = -13935.826238951875
------------------------------------------
[{'stable': {}, 'free': np.float64(-13935.826238951875)}]
------------------------------------------
  Seed: s-wave
F_onsite: (-2.576986099380044e-14+0j)
F_swave: (1.7562180608843757e-14+0j), F_dwave: (-2.39666435881702e-20+0j)
F_px: -5.040022500507942e-18j, F_py: -5.872339081562774e-18j
Free_energy = -13935.826238951875
------------------------------------------
[{'stable': {}, 'free': np.float64(-13935.826238951875)}]
------------------------------------------
  Seed: s-wave+px
F_onsite: (1.4158169404173168e-19+2.5328114177290135e-19j)
F_swave: (-1.0411981026656385e-19-1.5982011524273672e-19j), F_dwave: (3.02766636683239e-20+1.5368002808102304e-20j)
F_px: (3.590138625079728e-14-7.262331601701297e-20j), F_py: (1.7882811948338207e-19-3.590191086994395e-14j)
Free_energy = -13935.826238951875
------------------------------------------
[{'stable': {}, 'free': np.float64(-13935.826238951875)}]
------------------------------------------
  Seed: s-wave+py
F_onsite: (-5.520080337667217e-19+1.214190860326626e-19j)
F_swave: (3.782468260573323e-19-7.559053677367831e-20j), F_dwave: (-1.9562156601776026e-20-1.1281215275485168e-20j)
F_px: (4.7226369221214804e-20-3.633539784125989e-14j), F_py: (3.6335504298222896e-14-3.8608955416481517e-19j)
Free_energy = -13935.826238951875
------------------------------------------
[{'stable': {}, 'free': np.float64(-13935.826238951875)}]
------------------------------------------
====================================
mu=2.20, T=0.0218
====================================
  Seed: normal state
F_onsite: 0j
F_swave: 0j, F_dwave: 0j
F_px: 0j, F_py: 0j
Free_energy = -13935.932627881546
------------------------------------------
[{'stable': {}, 'free': np.float64(-13935.932627881546)}]
------------------------------------------
  Seed: px
F_onsite: 5.150935860914679e-20j
F_swave: -5.731204624236191e-20j, F_dwave: -1.6419600493948028e-20j
F_px: (2.526901612446748e-14+0j), F_py: (-5.3541119185639124e-20+0j)
Free_energy = -13935.932627881546
------------------------------------------
[{'stable': {}, 'free': np.float64(-13935.932627881546)}]
------------------------------------------
  Seed: py
F_onsite: 1.4315342026099085e-19j
F_swave: -7.417296387385893e-20j, F_dwave: -2.0767745999997018e-20j
F_px: (-3.9028929020179114e-20+0j), F_py: (2.526835446476479e-14+0j)
Free_energy = -13935.932627881546
------------------------------------------
[{'stable': {}, 'free': np.float64(-13935.932627881546)}]
------------------------------------------
  Seed: px+py
F_onsite: 1.271361180016089e-19j
F_swave: -1.1290761759643816e-19j, F_dwave: 3.681754719957837e-20j
F_px: (2.5255369462031792e-14+0j), F_py: (2.5255337891979892e-14+0j)
Free_energy = -13935.932627881546
------------------------------------------
[{'stable': {}, 'free': np.float64(-13935.932627881546)}]
------------------------------------------
  Seed: px+i*py
F_onsite: (1.4572115215594527e-19-6.585181703393324e-19j)
F_swave: (-8.81713042542117e-20+4.554315554357464e-19j), F_dwave: (-9.09374402313007e-21+3.627809902959086e-21j)
F_px: (2.463709788957628e-14+1.869889441072934e-19j), F_py: (2.4552144069147685e-19+2.4637262205713685e-14j)
Free_energy = -13935.932627881546
------------------------------------------
[{'stable': {}, 'free': np.float64(-13935.932627881546)}]
------------------------------------------
  Seed: s-wave
F_onsite: (-1.9310948610750623e-14+0j)
F_swave: (1.3197946346099243e-14+0j), F_dwave: (-3.1835559597206193e-20+0j)
F_px: -4.0002665983231206e-18j, F_py: -4.680169568203173e-18j
Free_energy = -13935.932627881546
------------------------------------------
[{'stable': {}, 'free': np.float64(-13935.932627881546)}]
------------------------------------------
  Seed: s-wave+px
F_onsite: (9.253087558945766e-19+3.363398897472182e-19j)
F_swave: (-6.298903203422442e-19-2.4075474125682005e-19j), F_dwave: (-9.046174179506267e-20+1.6980028779321887e-20j)
F_px: (2.4637086904506914e-14+9.517427219747165e-20j), F_py: (1.680420207255608e-19-2.4637186783150494e-14j)
Free_energy = -13935.932627881546
------------------------------------------
[{'stable': {}, 'free': np.float64(-13935.932627881546)}]
------------------------------------------
  Seed: s-wave+py
F_onsite: (-5.132473176368537e-19+2.954612265391268e-20j)
F_swave: (3.3530197018048525e-19-1.4952216607341924e-20j), F_dwave: (-2.5892924413943774e-20-1.7436191312480788e-20j)
F_px: (1.8139565887582055e-19-2.493491337130827e-14j), F_py: (2.4935004555645014e-14-5.5235753626641515e-19j)
Free_energy = -13935.932627881546
------------------------------------------
[{'stable': {}, 'free': np.float64(-13935.932627881546)}]
------------------------------------------
====================================
mu=2.20, T=0.0233
====================================
  Seed: normal state
F_onsite: 0j
F_swave: 0j, F_dwave: 0j
F_px: 0j, F_py: 0j
Free_energy = -13936.04855167222
------------------------------------------
[{'stable': {}, 'free': np.float64(-13936.04855167222)}]
------------------------------------------
  Seed: px
F_onsite: -1.3724016341608384e-19j
F_swave: 1.1658096582703872e-19j, F_dwave: -8.845970368113616e-21j
F_px: (1.8864751429745017e-14+0j), F_py: (-5.3278565735755254e-20+0j)
Free_energy = -13936.04855167222
------------------------------------------
[{'stable': {}, 'free': np.float64(-13936.04855167222)}]
------------------------------------------
  Seed: py
F_onsite: -1.8991853307934003e-20j
F_swave: 1.7139094062130382e-21j, F_dwave: 1.0887623924352092e-20j
F_px: (-3.9273706943371535e-21+0j), F_py: (1.8864138304300473e-14+0j)
Free_energy = -13936.04855167222
------------------------------------------
[{'stable': {}, 'free': np.float64(-13936.04855167222)}]
------------------------------------------
  Seed: px+py
F_onsite: 5.287357174132225e-19j
F_swave: -3.7990081987216717e-19j, F_dwave: -1.967334156521818e-20j
F_px: (1.8855470515547908e-14+0j), F_py: (1.8855100630209393e-14+0j)
Free_energy = -13936.04855167222
------------------------------------------
[{'stable': {}, 'free': np.float64(-13936.04855167222)}]
------------------------------------------
  Seed: px+i*py
F_onsite: (-1.3198934062821894e-19-4.731196622946298e-19j)
F_swave: (8.214458201175297e-20+3.1918770128784066e-19j), F_dwave: (1.9470520841358487e-20+1.8765671957806924e-20j)
F_px: (1.9313680531884494e-14+3.951479359723661e-19j), F_py: (2.6523948746494486e-19+1.9313881526502893e-14j)
Free_energy = -13936.04855167222
------------------------------------------
[{'stable': {}, 'free': np.float64(-13936.04855167222)}]
------------------------------------------
  Seed: s-wave
F_onsite: (-1.613947547762561e-14+0j)
F_swave: (1.1060762598677254e-14+0j), F_dwave: (-4.632922486561069e-20+0j)
F_px: -3.634487346642035e-18j, F_py: -4.124090571177928e-18j
Free_energy = -13936.04855167222
------------------------------------------
[{'stable': {}, 'free': np.float64(-13936.04855167222)}]
------------------------------------------
  Seed: s-wave+px
F_onsite: (1.019305715097046e-18+9.644093156077628e-20j)
F_swave: (-6.738334756199069e-19-4.7465857253699794e-20j), F_dwave: (-2.428547697055353e-20+4.2535562447800785e-20j)
F_px: (1.93135901122995e-14+8.120490315943316e-20j), F_py: (1.1612647855826628e-19-1.9313829508692033e-14j)
Free_energy = -13936.04855167222
------------------------------------------
[{'stable': {}, 'free': np.float64(-13936.04855167222)}]
------------------------------------------
  Seed: s-wave+py
F_onsite: (-6.349217231844036e-19-9.754315090508159e-20j)
F_swave: (4.1344515758966994e-19+4.87363847978831e-20j), F_dwave: (-3.524492080069703e-20+2.6178992225487623e-20j)
F_px: (5.1283384788125514e-20-1.954708991862856e-14j), F_py: (1.954737413738785e-14-3.007975138448427e-19j)
Free_energy = -13936.048551672222
------------------------------------------
[{'stable': {}, 'free': np.float64(-13936.04855167222)}]
------------------------------------------
====================================
mu=2.20, T=0.0248
====================================
  Seed: normal state
F_onsite: 0j
F_swave: 0j, F_dwave: 0j
F_px: 0j, F_py: 0j
Free_energy = -13936.174107929395
------------------------------------------
[{'stable': {}, 'free': np.float64(-13936.174107929395)}]
------------------------------------------
  Seed: px
F_onsite: -1.262129853678105e-19j
F_swave: 8.525346976334498e-20j, F_dwave: 2.649595440418092e-21j
F_px: (1.5787152469468173e-14+0j), F_py: (-5.173382744117577e-20+0j)
Free_energy = -13936.174107929395
------------------------------------------
[{'stable': {}, 'free': np.float64(-13936.174107929395)}]
------------------------------------------
  Seed: py
F_onsite: 2.7261379006572868e-19j
F_swave: -1.6112902502545413e-19j, F_dwave: 1.0074228703181174e-20j
F_px: (2.022150666334014e-19+0j), F_py: (1.5786729599868276e-14+0j)
Free_energy = -13936.174107929395
------------------------------------------
[{'stable': {}, 'free': np.float64(-13936.174107929395)}]
------------------------------------------
  Seed: px+py
F_onsite: 3.619331969238098e-19j
F_swave: -2.266926513028727e-19j, F_dwave: -3.021852111470488e-20j
F_px: (1.57802397049367e-14+0j), F_py: (1.5779893488767476e-14+0j)
Free_energy = -13936.174107929395
------------------------------------------
[{'stable': {}, 'free': np.float64(-13936.174107929395)}]
------------------------------------------
  Seed: px+i*py
F_onsite: (2.470607323470802e-19-2.761969649327836e-19j)
F_swave: (-1.6123208217481055e-19+1.8374336269163156e-19j), F_dwave: (3.060641121927485e-20-6.909099319972822e-21j)
F_px: (1.523361303920513e-14+3.010305646529237e-19j), F_py: (5.3076611818091295e-20+1.5233831686407207e-14j)
Free_energy = -13936.174107929393
------------------------------------------
[{'stable': {}, 'free': np.float64(-13936.174107929395)}]
------------------------------------------
  Seed: s-wave
F_onsite: (-1.3056467925342124e-14+0j)
F_swave: (8.971987078831451e-15+0j), F_dwave: (3.064855360933454e-20+0j)
F_px: -3.1424779509694567e-18j, F_py: -3.3196934410603694e-18j
Free_energy = -13936.174107929395
------------------------------------------
[{'stable': {}, 'free': np.float64(-13936.174107929395)}]
------------------------------------------
  Seed: s-wave+px
F_onsite: (7.922022430642093e-19-2.6089468496773173e-19j)
F_swave: (-5.499256256463075e-19+1.8029305927820475e-19j), F_dwave: (-1.3101701217656905e-20+4.7470483774603065e-21j)
F_px: (1.5233365664240754e-14+1.4372710981902983e-19j), F_py: (2.5307980045386326e-19-1.5233656614835324e-14j)
Free_energy = -13936.174107929393
------------------------------------------
[{'stable': {}, 'free': np.float64(-13936.174107929395)}]
------------------------------------------
  Seed: s-wave+py
F_onsite: (-2.262185004302367e-19-2.0468405514417333e-19j)
F_swave: (1.5854685201412357e-19+1.4561531032095905e-19j), F_dwave: (-1.0832347984158837e-20-3.696686926850879e-20j)
F_px: (-1.9046199466315884e-19-1.5417642537182022e-14j), F_py: (1.541780905596068e-14-7.464513835806935e-20j)
Free_energy = -13936.174107929395
------------------------------------------
[{'stable': {}, 'free': np.float64(-13936.174107929395)}]
------------------------------------------
====================================
mu=2.20, T=0.0262
====================================
  Seed: normal state
F_onsite: 0j
F_swave: 0j, F_dwave: 0j
F_px: 0j, F_py: 0j
Free_energy = -13936.309340722664
------------------------------------------
[{'stable': {}, 'free': np.float64(-13936.309340722664)}]
------------------------------------------
  Seed: px
F_onsite: 4.9899858875364725e-20j
F_swave: -5.184745517773209e-20j, F_dwave: 2.1505515845532503e-20j
F_px: (1.281009052860031e-14+0j), F_py: (-5.860565006121902e-20+0j)
Free_energy = -13936.309340722664
------------------------------------------
[{'stable': {}, 'free': np.float64(-13936.309340722664)}]
------------------------------------------
  Seed: py
F_onsite: 1.0144459355840624e-19j
F_swave: -8.238280993531582e-20j, F_dwave: 1.2366277429479707e-20j
F_px: (1.167281433010812e-19+0j), F_py: (1.2809689858139368e-14+0j)
Free_energy = -13936.309340722664
------------------------------------------
[{'stable': {}, 'free': np.float64(-13936.309340722664)}]
------------------------------------------
  Seed: px+py
F_onsite: 4.4618066954715e-19j
F_swave: -3.1022708250729854e-19j, F_dwave: -8.404093299066195e-21j
F_px: (1.2805040066223757e-14+0j), F_py: (1.28047113120956e-14+0j)
Free_energy = -13936.309340722664
------------------------------------------
[{'stable': {}, 'free': np.float64(-13936.309340722664)}]
------------------------------------------
  Seed: px+i*py
F_onsite: (4.044319587637126e-19-4.862554907028398e-19j)
F_swave: (-2.7369837987615024e-19+3.422476984406342e-19j), F_dwave: (-4.8557507644789496e-20-3.200526869051729e-20j)
F_px: (1.3253698704054802e-14+2.704588853019672e-19j), F_py: (-7.37400791888706e-20+1.3254109323456402e-14j)
Free_energy = -13936.309340722664
------------------------------------------
[{'stable': {}, 'free': np.float64(-13936.309340722664)}]
------------------------------------------
  Seed: s-wave
F_onsite: (-1.1090461675322418e-14+0j)
F_swave: (7.641314182480161e-15+0j), F_dwave: (3.2175119343340106e-20+0j)
F_px: -2.800146683520556e-18j, F_py: -2.9476057869925054e-18j
Free_energy = -13936.309340722664
------------------------------------------
[{'stable': {}, 'free': np.float64(-13936.309340722664)}]
------------------------------------------
  Seed: s-wave+px
F_onsite: (6.784831245432746e-19-2.474362888572348e-19j)
F_swave: (-4.512743956364032e-19+1.9043882354848904e-19j), F_dwave: (-9.156416607850905e-21+3.334137700513889e-20j)
F_px: (1.3253507148421409e-14+1.0892312879572515e-20j), F_py: (3.2009247931287155e-19-1.3253659899129613e-14j)
Free_energy = -13936.309340722664
------------------------------------------
[{'stable': {}, 'free': np.float64(-13936.309340722664)}]
------------------------------------------
  Seed: s-wave+py
F_onsite: (-4.034860583049243e-19-8.098368131531643e-20j)
F_swave: (2.881622804089178e-19+7.160779419683237e-20j), F_dwave: (-1.2977908076198646e-20-3.4014734372287535e-20j)
F_px: (-1.765144373876901e-19-1.3413776521184766e-14j), F_py: (1.3413913741936674e-14-9.951382819133254e-20j)
Free_energy = -13936.309340722664
------------------------------------------
[{'stable': {}, 'free': np.float64(-13936.309340722664)}]
------------------------------------------
====================================
mu=2.20, T=0.0277
====================================
  Seed: normal state
F_onsite: 0j
F_swave: 0j, F_dwave: 0j
F_px: 0j, F_py: 0j
Free_energy = -13936.454252685306
------------------------------------------
[{'stable': {}, 'free': np.float64(-13936.454252685306)}]
------------------------------------------
  Seed: px
F_onsite: 2.0041793460181617e-19j
F_swave: -1.705390806618626e-19j, F_dwave: 9.174901527973992e-21j
F_px: (1.1829524830757998e-14+0j), F_py: (-5.18272214190078e-20+0j)
Free_energy = -13936.454252685306
------------------------------------------
[{'stable': {}, 'free': np.float64(-13936.454252685306)}]
------------------------------------------
  Seed: py
F_onsite: 2.002413716652422e-19j
F_swave: -1.505964779117761e-19j, F_dwave: 1.060135304704488e-20j
F_px: (2.971586917490673e-20+0j), F_py: (1.1829335144536316e-14+0j)
Free_energy = -13936.454252685306
------------------------------------------
[{'stable': {}, 'free': np.float64(-13936.454252685306)}]
------------------------------------------
  Seed: px+py
F_onsite: 3.4383078720330344e-19j
F_swave: -2.510085598252861e-19j, F_dwave: 6.780850796448899e-22j
F_px: (1.1825203138143585e-14+0j), F_py: (1.1824967804359005e-14+0j)
Free_energy = -13936.454252685306
------------------------------------------
[{'stable': {}, 'free': np.float64(-13936.454252685306)}]
------------------------------------------
  Seed: px+i*py
F_onsite: (5.288130031613782e-19-5.007218633612268e-19j)
F_swave: (-3.6124723907889465e-19+3.5645814388416317e-19j), F_dwave: (-2.6137293000045308e-20-9.620175590028035e-21j)
F_px: (1.130359221655099e-14+1.2623927290476676e-19j), F_py: (-1.5905132227920398e-19+1.1303931417211756e-14j)
Free_energy = -13936.454252685306
------------------------------------------
[{'stable': {}, 'free': np.float64(-13936.454252685306)}]
------------------------------------------
  Seed: s-wave
F_onsite: (-9.231752946081326e-15+0j)
F_swave: (6.377249791240275e-15+0j), F_dwave: (1.923571432389165e-20+0j)
F_px: -2.4510283376836965e-18j, F_py: -2.5926149641032415e-18j
Free_energy = -13936.454252685306
------------------------------------------
[{'stable': {}, 'free': np.float64(-13936.454252685306)}]
------------------------------------------
  Seed: s-wave+px
F_onsite: (7.620665747002573e-19-1.8238196917158265e-19j)
F_swave: (-5.361147912116143e-19+1.1514239247567202e-19j), F_dwave: (-1.4629756481814724e-20+2.590951686654563e-20j)
F_px: (1.1303444161828084e-14+1.5433059550284006e-20j), F_py: (2.604181810149799e-19-1.130349713996068e-14j)
Free_energy = -13936.454252685307
------------------------------------------
[{'stable': {}, 'free': np.float64(-13936.454252685306)}]
------------------------------------------
  Seed: s-wave+py
F_onsite: (-5.422021350381487e-19+1.65551540480954e-20j)
F_swave: (3.889309818306673e-19-7.692947043198731e-21j), F_dwave: (5.795416304522173e-21-7.098178250809121e-21j)
F_px: (-3.278301852545524e-19-1.1440181822861992e-14j), F_py: (1.1440387015581416e-14-8.131857510083196e-20j)
Free_energy = -13936.454252685307
------------------------------------------
[{'stable': {}, 'free': np.float64(-13936.454252685306)}]
------------------------------------------
====================================
mu=2.20, T=0.0292
====================================
  Seed: normal state
F_onsite: 0j
F_swave: 0j, F_dwave: 0j
F_px: 0j, F_py: 0j
Free_energy = -13936.608815884423
------------------------------------------
[{'stable': {}, 'free': np.float64(-13936.608815884423)}]
------------------------------------------
  Seed: px
F_onsite: 3.6722416510652623e-19j
F_swave: -2.6822057102089784e-19j, F_dwave: 4.0583009682762506e-21j
F_px: (9.89477822541631e-15+0j), F_py: (2.2734168406613517e-21+0j)
Free_energy = -13936.608815884423
------------------------------------------
[{'stable': {}, 'free': np.float64(-13936.608815884423)}]
------------------------------------------
  Seed: py
F_onsite: 3.5910120769591604e-19j
F_swave: -2.517492889346332e-19j, F_dwave: -1.0518602241043271e-20j
F_px: (-4.7910171677011544e-20+0j), F_py: (9.894655123891447e-15+0j)
Free_energy = -13936.608815884423
------------------------------------------
[{'stable': {}, 'free': np.float64(-13936.608815884423)}]
------------------------------------------
  Seed: px+py
F_onsite: -1.0484592039568195e-19j
F_swave: 8.627300531928565e-20j, F_dwave: -1.0970139078275615e-20j
F_px: (9.891230178991816e-15+0j), F_py: (9.891338560751664e-15+0j)
Free_energy = -13936.608815884423
------------------------------------------
[{'stable': {}, 'free': np.float64(-13936.608815884423)}]
------------------------------------------
  Seed: px+i*py
F_onsite: (3.611374910025836e-19-4.847815526617352e-19j)
F_swave: (-2.4410958168107555e-19+3.287396213621261e-19j), F_dwave: (1.399274044147799e-20-1.7761506673405355e-20j)
F_px: (1.0338468610549154e-14+6.19274170714551e-20j), F_py: (-2.5565479832030397e-19+1.0338753673237403e-14j)
Free_energy = -13936.608815884423
------------------------------------------
[{'stable': {}, 'free': np.float64(-13936.608815884423)}]
------------------------------------------
  Seed: s-wave
F_onsite: (-7.534535577051645e-15+0j)
F_swave: (5.2181112732892885e-15+0j), F_dwave: (1.3016821976835871e-20+0j)
F_px: -1.85600845570041e-18j, F_py: -2.180605292778029e-18j
Free_energy = -13936.608815884423
------------------------------------------
[{'stable': {}, 'free': np.float64(-13936.608815884423)}]
------------------------------------------
  Seed: s-wave+px
F_onsite: (9.694770135819006e-19-1.3659267043805977e-19j)
F_swave: (-6.906907229181051e-19+9.06019173191903e-20j), F_dwave: (-3.2769091465988834e-20+4.209146157103029e-21j)
F_px: (1.0338388807155135e-14-6.422154973285556e-20j), F_py: (3.1587596100133694e-19-1.0338274687242562e-14j)
Free_energy = -13936.608815884423
------------------------------------------
[{'stable': {}, 'free': np.float64(-13936.608815884423)}]
------------------------------------------
  Seed: s-wave+py
F_onsite: (-6.241073114588923e-19+5.171756871246695e-20j)
F_swave: (4.409078261579901e-19-3.871877596858801e-20j), F_dwave: (5.117403044129083e-21-2.0498851486867613e-20j)
F_px: (-3.0321895990933737e-19-1.0463470672025279e-14j), F_py: (1.0463668847470256e-14-1.4950844129829699e-19j)
Free_energy = -13936.608815884423
------------------------------------------
[{'stable': {}, 'free': np.float64(-13936.608815884423)}]
------------------------------------------
====================================
mu=2.20, T=0.0307
====================================
  Seed: normal state
F_onsite: 0j
F_swave: 0j, F_dwave: 0j
F_px: 0j, F_py: 0j
Free_energy = -13936.772981037459
------------------------------------------
[{'stable': {}, 'free': np.float64(-13936.772981037459)}]
------------------------------------------
  Seed: px
F_onsite: 3.5108729520820197e-19j
F_swave: -3.0245908814162947e-19j, F_dwave: 2.683434262183835e-20j
F_px: (8.964911260215881e-15+0j), F_py: (-1.5645138572835396e-20+0j)
Free_energy = -13936.772981037459
------------------------------------------
[{'stable': {}, 'free': np.float64(-13936.772981037459)}]
------------------------------------------
  Seed: py
F_onsite: 3.900736741551422e-19j
F_swave: -3.0346510178766776e-19j, F_dwave: -1.819600527608109e-20j
F_px: (-5.0956024824549175e-20+0j), F_py: (8.96465570720452e-15+0j)
Free_energy = -13936.772981037459
------------------------------------------
[{'stable': {}, 'free': np.float64(-13936.772981037459)}]
------------------------------------------
  Seed: px+py
F_onsite: 2.1499865290633875e-20j
F_swave: -4.5403177116767064e-21j, F_dwave: 3.380748991461821e-21j
F_px: (8.961772726542467e-15+0j), F_py: (8.961939142719907e-15+0j)
Free_energy = -13936.772981037459
------------------------------------------
[{'stable': {}, 'free': np.float64(-13936.772981037459)}]
------------------------------------------
  Seed: px+i*py
F_onsite: (5.445817263319313e-20-4.01991490607575e-19j)
F_swave: (-2.79938993192243e-20+2.8638275849168457e-19j), F_dwave: (5.687201880373302e-20-1.0972091076591488e-20j)
F_px: (9.367417931498842e-15+1.4006722282216258e-20j), F_py: (-2.635763219932854e-19+9.367587150486023e-15j)
Free_energy = -13936.772981037459
------------------------------------------
[{'stable': {}, 'free': np.float64(-13936.772981037459)}]
------------------------------------------
  Seed: s-wave
F_onsite: (-6.032017798520459e-15+0j)
F_swave: (4.187703703963167e-15+0j), F_dwave: (-2.5525279558637357e-20+0j)
F_px: -1.5509508315794649e-18j, F_py: -1.6651841989900856e-18j
Free_energy = -13936.772981037459
------------------------------------------
[{'stable': {}, 'free': np.float64(-13936.772981037459)}]
------------------------------------------
  Seed: s-wave+px
F_onsite: (1.1270979785570679e-18-6.260253603192509e-20j)
F_swave: (-7.816696383689758e-19+5.043728346161689e-20j), F_dwave: (-6.096908466218512e-20+2.3469723590746156e-20j)
F_px: (9.36735676316129e-15-8.716398315686453e-20j), F_py: (3.5388910480893884e-19-9.367204269584455e-15j)
Free_energy = -13936.772981037459
------------------------------------------
[{'stable': {}, 'free': np.float64(-13936.772981037459)}]
------------------------------------------
  Seed: s-wave+py
F_onsite: (-7.151094579150862e-19+1.73117030007252e-19j)
F_swave: (4.838071150039932e-19-1.3897198068228519e-19j), F_dwave: (-1.4787794230622374e-20+1.0176484400137236e-21j)
F_px: (-3.2539237327286e-19-9.480622522327126e-15j), F_py: (9.480835158319897e-15-3.631008012083968e-21j)
Free_energy = -13936.772981037459
------------------------------------------
[{'stable': {}, 'free': np.float64(-13936.772981037459)}]
------------------------------------------
====================================
mu=2.20, T=0.0322
====================================
  Seed: normal state
F_onsite: 0j
F_swave: 0j, F_dwave: 0j
F_px: 0j, F_py: 0j
Free_energy = -13936.946684997123
------------------------------------------
[{'stable': {}, 'free': np.float64(-13936.946684997123)}]
------------------------------------------
  Seed: px
F_onsite: 2.9102921796563317e-19j
F_swave: -2.0046666556185704e-19j, F_dwave: 1.531132968221524e-20j
F_px: (8.04846195158247e-15+0j), F_py: (-2.9700727336790263e-20+0j)
Free_energy = -13936.946684997123
------------------------------------------
[{'stable': {}, 'free': np.float64(-13936.946684997123)}]
------------------------------------------
  Seed: py
F_onsite: 2.5000851865107903e-19j
F_swave: -1.9673220169576542e-19j, F_dwave: 3.5330722395095414e-21j
F_px: (-1.215239010897609e-19+0j), F_py: (8.048247818681469e-15+0j)
Free_energy = -13936.946684997123
------------------------------------------
[{'stable': {}, 'free': np.float64(-13936.946684997123)}]
------------------------------------------
  Seed: px+py
F_onsite: 2.790279779145301e-20j
F_swave: -3.591054400542509e-20j, F_dwave: -2.4842349876720348e-20j
F_px: (8.046022308455015e-15+0j), F_py: (8.046115243846405e-15+0j)
Free_energy = -13936.946684997123
------------------------------------------
[{'stable': {}, 'free': np.float64(-13936.946684997123)}]
------------------------------------------
  Seed: px+i*py
F_onsite: (2.1797340731030407e-19-5.496026755040902e-19j)
F_swave: (-1.7164783105629864e-19+3.74909075964966e-19j), F_dwave: (4.035085731050924e-20-1.1619304005652767e-20j)
F_px: (8.41052414678882e-15-1.1480658991710105e-19j), F_py: (-2.6585256632761688e-19+8.410758957556404e-15j)
Free_energy = -13936.946684997123
------------------------------------------
[{'stable': {}, 'free': np.float64(-13936.946684997123)}]
------------------------------------------
  Seed: s-wave
F_onsite: (-4.739033194100119e-15+0j)
F_swave: (3.2984044472085637e-15+0j), F_dwave: (2.8844823336506734e-20+0j)
F_px: -1.5251937718592911e-18j, F_py: -1.5116937620364741e-18j
Free_energy = -13936.946684997123
------------------------------------------
[{'stable': {}, 'free': np.float64(-13936.946684997123)}]
------------------------------------------
  Seed: s-wave+px
F_onsite: (1.169856640283016e-18+4.602440174897279e-21j)
F_swave: (-8.302346740082574e-19+2.0136586461525154e-20j), F_dwave: (-4.559369295903646e-20+7.206121547061431e-20j)
F_px: (8.410439751228932e-15-6.317124331733542e-20j), F_py: (3.2418344266130613e-19-8.410416787684919e-15j)
Free_energy = -13936.946684997123
------------------------------------------
[{'stable': {}, 'free': np.float64(-13936.946684997123)}]
------------------------------------------
  Seed: s-wave+py
F_onsite: (-4.188953985783676e-19+2.6637584722638856e-19j)
F_swave: (2.7397126566774133e-19-1.886398285729921e-19j), F_dwave: (1.2333291686356777e-20-1.111255827194029e-20j)
F_px: (-2.697974108013568e-19-8.51218780068051e-15j), F_py: (8.512221284234207e-15-8.369426770537598e-20j)
Free_energy = -13936.946684997123
------------------------------------------
[{'stable': {}, 'free': np.float64(-13936.946684997123)}]
------------------------------------------
====================================
mu=2.20, T=0.0337
====================================
  Seed: normal state
F_onsite: 0j
F_swave: 0j, F_dwave: 0j
F_px: 0j, F_py: 0j
Free_energy = -13937.129856616406
------------------------------------------
[{'stable': {}, 'free': np.float64(-13937.129856616406)}]
------------------------------------------
  Seed: px
F_onsite: 2.3009192246921776e-19j
F_swave: -1.5379724306737567e-19j, F_dwave: 1.2753674995158517e-20j
F_px: (7.161804972579518e-15+0j), F_py: (-1.368475256776135e-21+0j)
Free_energy = -13937.129856616406
------------------------------------------
[{'stable': {}, 'free': np.float64(-13937.129856616406)}]
------------------------------------------
  Seed: py
F_onsite: 2.0131532949354366e-19j
F_swave: -1.1839757739098822e-19j, F_dwave: 6.299272909019886e-22j
F_px: (-1.680435982696034e-19+0j), F_py: (7.16161722383035e-15+0j)
Free_energy = -13937.129856616406
------------------------------------------
[{'stable': {}, 'free': np.float64(-13937.129856616406)}]
------------------------------------------
  Seed: px+py
F_onsite: 7.434405073106678e-20j
F_swave: -3.719957006368681e-20j, F_dwave: -1.8833475862952328e-20j
F_px: (7.1598469604383e-15+0j), F_py: (7.159873892991993e-15+0j)
Free_energy = -13937.129856616406
------------------------------------------
[{'stable': {}, 'free': np.float64(-13937.129856616406)}]
------------------------------------------
  Seed: px+i*py
F_onsite: (1.8697965375632884e-19-5.061724285993956e-19j)
F_swave: (-1.6359116931969831e-19+3.62069358965211e-19j), F_dwave: (3.704160334929789e-20-1.1746223604374239e-20j)
F_px: (7.484514962866252e-15-1.1484566432473678e-19j), F_py: (-1.7016600552260205e-19+7.484660758352073e-15j)
Free_energy = -13937.129856616406
------------------------------------------
[{'stable': {}, 'free': np.float64(-13937.129856616406)}]
------------------------------------------
  Seed: s-wave
F_onsite: (-3.656773124692468e-15+0j)
F_swave: (2.5512737382944672e-15+0j), F_dwave: (-3.0852442094421417e-20+0j)
F_px: -1.1466537489993262e-18j, F_py: -1.1589769437125438e-18j
Free_energy = -13937.129856616406
------------------------------------------
[{'stable': {}, 'free': np.float64(-13937.129856616406)}]
------------------------------------------
  Seed: s-wave+px
F_onsite: (9.83294511234465e-19-5.1441259922443793e-20j)
F_swave: (-6.880001614356042e-19+4.251298474224466e-20j), F_dwave: (-4.614505174967446e-20+2.947817853142831e-20j)
F_px: (7.484534384574978e-15-3.874306122848565e-20j), F_py: (2.4394121192548136e-19-7.48432237767625e-15j)
Free_energy = -13937.129856616408
------------------------------------------
[{'stable': {}, 'free': np.float64(-13937.129856616406)}]
------------------------------------------
  Seed: s-wave+py
F_onsite: (-4.1102128619552456e-19+3.765187401094967e-19j)
F_swave: (2.834283719522661e-19-2.578743395866518e-19j), F_dwave: (4.436776887091283e-21-6.749307367489281e-21j)
F_px: (-2.4263978505259956e-19-7.575071635200237e-15j), F_py: (7.575083300279739e-15-4.902958291400916e-20j)
Free_energy = -13937.129856616406
------------------------------------------
[{'stable': {}, 'free': np.float64(-13937.129856616406)}]
------------------------------------------
====================================
mu=2.20, T=0.0352
====================================
  Seed: normal state
F_onsite: 0j
F_swave: 0j, F_dwave: 0j
F_px: 0j, F_py: 0j
Free_energy = -13937.322421197361
------------------------------------------
[{'stable': {}, 'free': np.float64(-13937.322421197361)}]
------------------------------------------
  Seed: px
F_onsite: 3.427520165294286e-19j
F_swave: -2.6211170091459993e-19j, F_dwave: 3.5089585274268735e-20j
F_px: (6.317802903466723e-15+0j), F_py: (-1.8186268431672288e-20+0j)
Free_energy = -13937.322421197361
------------------------------------------
[{'stable': {}, 'free': np.float64(-13937.322421197361)}]
------------------------------------------
  Seed: py
F_onsite: 7.028430392553352e-20j
F_swave: -3.870501978172821e-20j, F_dwave: 1.2558071549941723e-20j
F_px: (-4.2052276148241603e-20+0j), F_py: (6.317780752481722e-15+0j)
Free_energy = -13937.322421197361
------------------------------------------
[{'stable': {}, 'free': np.float64(-13937.322421197361)}]
------------------------------------------
  Seed: px+py
F_onsite: 2.427715925431221e-20j
F_swave: 2.0873801793764343e-21j, F_dwave: 9.281150158021851e-21j
F_px: (6.316417704033715e-15+0j), F_py: (6.316470437790655e-15+0j)
Free_energy = -13937.322421197361
------------------------------------------
[{'stable': {}, 'free': np.float64(-13937.322421197361)}]
------------------------------------------
  Seed: px+i*py
F_onsite: (1.1372984621382869e-19-5.22975304398407e-19j)
F_swave: (-1.0184430636959793e-19+3.5131644892217876e-19j), F_dwave: (3.868781920461269e-20-2.0750853637046395e-20j)
F_px: (6.603219465020227e-15-1.300656277245856e-19j), F_py: (-9.437578486904562e-20+6.603456615997253e-15j)
Free_energy = -13937.32242119736
------------------------------------------
[{'stable': {}, 'free': np.float64(-13937.322421197361)}]
------------------------------------------
  Seed: s-wave
F_onsite: (-2.771011132869846e-15+0j)
F_swave: (1.9379046063453823e-15+0j), F_dwave: (2.5758532628092588e-20+0j)
F_px: -7.965183860927063e-19j, F_py: -8.966874480341722e-19j
Free_energy = -13937.322421197361
------------------------------------------
[{'stable': {}, 'free': np.float64(-13937.322421197361)}]
------------------------------------------
  Seed: s-wave+px
F_onsite: (8.207962906220751e-19+2.072250929161508e-20j)
F_swave: (-5.322624095425817e-19-8.055066170963511e-21j), F_dwave: (-5.435636589255503e-20+7.353030609792495e-21j)
F_px: (6.603235284418053e-15+9.45563997897411e-21j), F_py: (2.253979676342465e-19-6.6029432569302805e-15j)
Free_energy = -13937.32242119736
------------------------------------------
[{'stable': {}, 'free': np.float64(-13937.322421197361)}]
------------------------------------------
  Seed: s-wave+py
F_onsite: (-2.7157479257595744e-19+3.3819179537770174e-19j)
F_swave: (1.7947665978368815e-19-2.4718749260013006e-19j), F_dwave: (1.7114731882226786e-20-1.0233049391589377e-22j)
F_px: (-2.4249456724631343e-19-6.683126156785146e-15j), F_py: (6.68308713256321e-15-1.0953081795526838e-19j)
Free_energy = -13937.32242119736
------------------------------------------
[{'stable': {}, 'free': np.float64(-13937.322421197361)}]
------------------------------------------
====================================
mu=2.20, T=0.0366
====================================
  Seed: normal state
F_onsite: 0j
F_swave: 0j, F_dwave: 0j
F_px: 0j, F_py: 0j
Free_energy = -13937.52430375359
------------------------------------------
[{'stable': {}, 'free': np.float64(-13937.52430375359)}]
------------------------------------------
  Seed: px
F_onsite: 2.856476719742283e-19j
F_swave: -2.443122273930459e-19j, F_dwave: 6.889259617776569e-21j
F_px: (5.526617289377964e-15+0j), F_py: (-6.915445240554842e-20+0j)
Free_energy = -13937.52430375359
------------------------------------------
[{'stable': {}, 'free': np.float64(-13937.52430375359)}]
------------------------------------------
  Seed: py
F_onsite: 7.773608245946318e-22j
F_swave: -3.080874044217255e-20j, F_dwave: 4.797003910277183e-21j
F_px: (-1.1286831801744152e-19+0j), F_py: (5.526483410858987e-15+0j)
Free_energy = -13937.52430375359
------------------------------------------
[{'stable': {}, 'free': np.float64(-13937.52430375359)}]
------------------------------------------
  Seed: px+py
F_onsite: 2.4525492233597334e-20j
F_swave: -3.5545238322895824e-20j, F_dwave: 5.561800986204085e-21j
F_px: (5.525395260709354e-15+0j), F_py: (5.525510128292647e-15+0j)
Free_energy = -13937.52430375359
------------------------------------------
[{'stable': {}, 'free': np.float64(-13937.52430375359)}]
------------------------------------------
  Seed: px+i*py
F_onsite: (1.788077051618803e-19-4.008011404694807e-19j)
F_swave: (-1.1339683239650172e-19+2.810954822999695e-19j), F_dwave: (-9.588718270954339e-21-2.054797146059833e-20j)
F_px: (5.776818712325591e-15-1.7667220272065393e-19j), F_py: (-1.1023901192626916e-19+5.777062485988524e-15j)
Free_energy = -13937.52430375359
------------------------------------------
[{'stable': {}, 'free': np.float64(-13937.52430375359)}]
------------------------------------------
  Seed: s-wave
F_onsite: (-2.064402649963575e-15+0j)
F_swave: (1.4467213751136783e-15+0j), F_dwave: (-5.317383677557851e-21+0j)
F_px: -4.644874888215888e-19j, F_py: -7.11161821130092e-19j
Free_energy = -13937.52430375359
------------------------------------------
[{'stable': {}, 'free': np.float64(-13937.52430375359)}]
------------------------------------------
  Seed: s-wave+px
F_onsite: (6.391922407738458e-19-1.0523095675584503e-19j)
F_swave: (-4.430590053899564e-19+8.27967274814159e-20j), F_dwave: (-5.741196417593019e-20-2.4267011438097812e-20j)
F_px: (5.776811645930208e-15+5.357175906500774e-20j), F_py: (1.9199824668127744e-19-5.776618078299072e-15j)
Free_energy = -13937.52430375359
------------------------------------------
[{'stable': {}, 'free': np.float64(-13937.52430375359)}]
------------------------------------------
  Seed: s-wave+py
F_onsite: (-4.948146551224736e-19+4.35383399148138e-19j)
F_swave: (3.713720817879485e-19-3.206948228837162e-19j), F_dwave: (-4.5995749585494944e-21-1.2530446815953579e-20j)
F_px: (-2.8133442533987154e-19-5.846746917800682e-15j), F_py: (5.846716980798207e-15-2.6922310275678137e-20j)
Free_energy = -13937.524303753591
------------------------------------------
[{'stable': {}, 'free': np.float64(-13937.52430375359)}]
------------------------------------------
====================================
mu=2.20, T=0.0381
====================================
  Seed: normal state
F_onsite: 0j
F_swave: 0j, F_dwave: 0j
F_px: 0j, F_py: 0j
Free_energy = -13937.735431313675
------------------------------------------
[{'stable': {}, 'free': np.float64(-13937.735431313675)}]
------------------------------------------
  Seed: px
F_onsite: 3.082417021088112e-19j
F_swave: -2.1594702460325898e-19j, F_dwave: 1.3006536754692521e-20j
F_px: (4.7947385569985094e-15+0j), F_py: (-4.22867155719857e-20+0j)
Free_energy = -13937.735431313675
------------------------------------------
[{'stable': {}, 'free': np.float64(-13937.735431313675)}]
------------------------------------------
  Seed: py
F_onsite: 7.584020168017243e-20j
F_swave: -5.97145482418308e-20j, F_dwave: 6.514199723437019e-20j
F_px: (-6.463993347004876e-20+0j), F_py: (4.7946447720165266e-15+0j)
Free_energy = -13937.735431313675
------------------------------------------
[{'stable': {}, 'free': np.float64(-13937.735431313675)}]
------------------------------------------
  Seed: px+py
F_onsite: 6.261552747425708e-20j
F_swave: -6.664660502558961e-20j, F_dwave: 2.782661639416073e-20j
F_px: (4.794025315230097e-15+0j), F_py: (4.7939554939820195e-15+0j)
Free_energy = -13937.735431313675
------------------------------------------
[{'stable': {}, 'free': np.float64(-13937.735431313675)}]
------------------------------------------
  Seed: px+i*py
F_onsite: (1.6043020497195528e-19-3.5391915657439727e-19j)
F_swave: (-1.3114108001073759e-19+2.6249848499546336e-19j), F_dwave: (1.1666578424082166e-21+2.062827266424362e-20j)
F_px: (5.012503870818353e-15-1.881173913683111e-19j), F_py: (-1.4240219269519908e-19+5.012490928837176e-15j)
Free_energy = -13937.735431313675
------------------------------------------
[{'stable': {}, 'free': np.float64(-13937.735431313675)}]
------------------------------------------
  Seed: s-wave
F_onsite: (-1.5119192494564374e-15+0j)
F_swave: (1.0612673685125084e-15+0j), F_dwave: (2.696619504329152e-21+0j)
F_px: -3.768510105586497e-19j, F_py: -5.71951807366302e-19j
Free_energy = -13937.735431313675
------------------------------------------
[{'stable': {}, 'free': np.float64(-13937.735431313675)}]
------------------------------------------
  Seed: s-wave+px
F_onsite: (4.674912076192194e-19-4.776081163437627e-20j)
F_swave: (-3.3979661399317933e-19+2.6753984694515945e-20j), F_dwave: (-2.719695996224756e-20+4.349576863693591e-21j)
F_px: (5.01258457152869e-15+1.168155379925662e-19j), F_py: (1.6216123481479402e-19-5.012404360172136e-15j)
Free_energy = -13937.735431313675
------------------------------------------
[{'stable': {}, 'free': np.float64(-13937.735431313675)}]
------------------------------------------
  Seed: s-wave+py
F_onsite: (-6.573844989412975e-19+2.856916438935007e-19j)
F_swave: (4.8161640429711545e-19-1.9007055240595351e-19j), F_dwave: (-1.4647658533555677e-20-8.027860266898243e-21j)
F_px: (-2.355640812710619e-19-5.07319914090379e-15j), F_py: (5.0732033352922965e-15-1.8176639707411353e-20j)
Free_energy = -13937.735431313675
------------------------------------------
[{'stable': {}, 'free': np.float64(-13937.735431313675)}]
------------------------------------------
====================================
mu=2.20, T=0.0396
====================================
  Seed: normal state
F_onsite: 0j
F_swave: 0j, F_dwave: 0j
F_px: 0j, F_py: 0j
Free_energy = -13937.955734469837
------------------------------------------
[{'stable': {}, 'free': np.float64(-13937.955734469837)}]
------------------------------------------
  Seed: px
F_onsite: 2.50819809538218e-19j
F_swave: -1.6626208176347143e-19j, F_dwave: -1.9470752695145378e-20j
F_px: (4.126418825175123e-15+0j), F_py: (-6.327834966597539e-20+0j)
Free_energy = -13937.955734469837
------------------------------------------
[{'stable': {}, 'free': np.float64(-13937.955734469837)}]
------------------------------------------
  Seed: py
F_onsite: -2.0618724940108583e-20j
F_swave: 5.610994557251656e-20j, F_dwave: 6.892969600800449e-20j
F_px: (-5.0734081612937565e-20+0j), F_py: (4.12626799088109e-15+0j)
Free_energy = -13937.955734469837
------------------------------------------
[{'stable': {}, 'free': np.float64(-13937.955734469837)}]
------------------------------------------
  Seed: px+py
F_onsite: 1.826009752363226e-20j
F_swave: -3.319080984845963e-21j, F_dwave: 1.952306988261538e-20j
F_px: (4.12610199842914e-15+0j), F_py: (4.1259914872228826e-15+0j)
Free_energy = -13937.955734469837
------------------------------------------
[{'stable': {}, 'free': np.float64(-13937.955734469837)}]
------------------------------------------
  Seed: px+i*py
F_onsite: (3.5748713142424007e-19-3.4867421808682104e-19j)
F_swave: (-2.6940908234295756e-19+2.5039829804096e-19j), F_dwave: (-1.6774836388027458e-20+7.476626912450177e-21j)
F_px: (4.3145992620457456e-15-1.2712671361737466e-19j), F_py: (-5.983480774860082e-20+4.314644671857431e-15j)
Free_energy = -13937.955734469837
------------------------------------------
[{'stable': {}, 'free': np.float64(-13937.955734469837)}]
------------------------------------------
  Seed: s-wave
F_onsite: (-1.0889456258840978e-15+0j)
F_swave: (7.648894756076226e-16+0j), F_dwave: (-2.2194425623026234e-20+0j)
F_px: -3.288413057567542e-19j, F_py: -4.430788122217604e-19j
Free_energy = -13937.955734469837
------------------------------------------
[{'stable': {}, 'free': np.float64(-13937.955734469837)}]
------------------------------------------
  Seed: s-wave+px
F_onsite: (3.4772881767869993e-19+3.7715099015905566e-20j)
F_swave: (-2.2821220484379763e-19-1.3724685182665968e-20j), F_dwave: (-2.770669579656163e-20-3.335535702869334e-20j)
F_px: (4.314798383267751e-15+1.2707471174622137e-19j), F_py: (1.2207924484172646e-19-4.314552910297969e-15j)
Free_energy = -13937.955734469837
------------------------------------------
[{'stable': {}, 'free': np.float64(-13937.955734469837)}]
------------------------------------------
  Seed: s-wave+py
F_onsite: (-4.1995859634954284e-19+2.357782344044271e-19j)
F_swave: (2.9933148474542887e-19-1.5657384368281565e-19j), F_dwave: (1.7186494824620867e-20+5.26135343237437e-21j)
F_px: (-1.7920645663946908e-19-4.366838445052518e-15j), F_py: (4.366809945098736e-15-6.486207336860827e-20j)
Free_energy = -13937.955734469837
------------------------------------------
[{'stable': {}, 'free': np.float64(-13937.955734469837)}]
------------------------------------------
====================================
mu=2.20, T=0.0411
====================================
  Seed: normal state
F_onsite: 0j
F_swave: 0j, F_dwave: 0j
F_px: 0j, F_py: 0j
Free_energy = -13938.185148346978
------------------------------------------
[{'stable': {}, 'free': np.float64(-13938.185148346978)}]
------------------------------------------
  Seed: px
F_onsite: 1.1569765078086902e-19j
F_swave: -8.1334685482102e-20j, F_dwave: 3.003577173976639e-20j
F_px: (3.5235785528955986e-15+0j), F_py: (-2.5290924708812056e-20+0j)
Free_energy = -13938.185148346976
------------------------------------------
[{'stable': {}, 'free': np.float64(-13938.185148346978)}]
------------------------------------------
  Seed: py
F_onsite: 1.1828540352284704e-19j
F_swave: -1.0391683645329295e-19j, F_dwave: -2.801937250754222e-21j
F_px: (4.33268076661279e-20+0j), F_py: (3.5233837765054994e-15+0j)
Free_energy = -13938.185148346976
------------------------------------------
[{'stable': {}, 'free': np.float64(-13938.185148346978)}]
------------------------------------------
  Seed: px+py
F_onsite: 9.495765548524409e-20j
F_swave: -9.215031556844642e-20j, F_dwave: -7.388062059337919e-22j
F_px: (3.5236740127037068e-15+0j), F_py: (3.5234839370194822e-15+0j)
Free_energy = -13938.185148346978
------------------------------------------
[{'stable': {}, 'free': np.float64(-13938.185148346978)}]
------------------------------------------
  Seed: px+i*py
F_onsite: (6.093977748890543e-19-2.434636531530273e-19j)
F_swave: (-4.510713523439165e-19+1.6660850524365708e-19j), F_dwave: (-2.975633281456569e-20+5.56500021374573e-20j)
F_px: (3.684985142781582e-15-1.5609593194064831e-19j), F_py: (-5.358667008960601e-20+3.68506241978624e-15j)
Free_energy = -13938.185148346976
------------------------------------------
[{'stable': {}, 'free': np.float64(-13938.185148346978)}]
------------------------------------------
  Seed: s-wave
F_onsite: (-9.152309910307157e-16+0j)
F_swave: (6.437061499279313e-16+0j), F_dwave: (3.452690835027408e-20+0j)
F_px: -3.04439220943376e-19j, F_py: -3.8108560355596297e-19j
Free_energy = -13938.185148346976
------------------------------------------
[{'stable': {}, 'free': np.float64(-13938.185148346978)}]
------------------------------------------
  Seed: s-wave+px
F_onsite: (3.1288397481259377e-19+1.0667928355999341e-19j)
F_swave: (-2.233068098068718e-19-5.909557840091162e-20j), F_dwave: (-2.1343267843202777e-20+2.082729572209929e-20j)
F_px: (3.6853040578519675e-15+1.186404016622654e-19j), F_py: (2.0668034154340261e-19-3.684946982765194e-15j)
Free_energy = -13938.185148346978
------------------------------------------
[{'stable': {}, 'free': np.float64(-13938.185148346978)}]
------------------------------------------
  Seed: s-wave+py
F_onsite: (-5.079489015803555e-19+2.740745257208405e-19j)
F_swave: (3.5997400492126407e-19-2.0699926813865092e-19j), F_dwave: (-3.2530950479631754e-20+6.513390172164552e-21j)
F_px: (-2.0611471785049003e-19-3.729568107621882e-15j), F_py: (3.729462319520539e-15-6.648542828026379e-20j)
Free_energy = -13938.185148346976
------------------------------------------
[{'stable': {}, 'free': np.float64(-13938.185148346978)}]
------------------------------------------
====================================
mu=2.20, T=0.0426
====================================
  Seed: normal state
F_onsite: 0j
F_swave: 0j, F_dwave: 0j
F_px: 0j, F_py: 0j
Free_energy = -13938.423613136401
------------------------------------------
[{'stable': {}, 'free': np.float64(-13938.423613136401)}]
------------------------------------------
  Seed: px
F_onsite: 9.277033653104855e-20j
F_swave: -6.026383814489368e-20j, F_dwave: -7.105773514129626e-21j
F_px: (2.985782307680312e-15+0j), F_py: (-2.194656845302786e-19+0j)
Free_energy = -13938.423613136401
------------------------------------------
[{'stable': {}, 'free': np.float64(-13938.423613136401)}]
------------------------------------------
  Seed: py
F_onsite: 1.5371778038034136e-19j
F_swave: -1.1653731373994473e-19j, F_dwave: -7.747578301366284e-21j
F_px: (-5.49534269384738e-20+0j), F_py: (2.9856812743987426e-15+0j)
Free_energy = -13938.423613136401
------------------------------------------
[{'stable': {}, 'free': np.float64(-13938.423613136401)}]
------------------------------------------
  Seed: px+py
F_onsite: 3.0191875322104633e-19j
F_swave: -2.3657832048681603e-19j, F_dwave: 5.25611082893934e-21j
F_px: (2.986025847578979e-15+0j), F_py: (2.9859831526252714e-15+0j)
Free_energy = -13938.423613136401
------------------------------------------
[{'stable': {}, 'free': np.float64(-13938.423613136401)}]
------------------------------------------
  Seed: px+i*py
F_onsite: (5.95186598610914e-19-3.2969191189253535e-19j)
F_swave: (-3.995599865313897e-19+2.69219553053149e-19j), F_dwave: (-4.5740708465614403e-20+5.5188394489305165e-22j)
F_px: (3.123373828002719e-15-1.5168489075357074e-19j), F_py: (-4.5581021127766697e-20+3.1235731493061264e-15j)
Free_energy = -13938.423613136401
------------------------------------------
[{'stable': {}, 'free': np.float64(-13938.423613136401)}]
------------------------------------------
  Seed: s-wave
F_onsite: (-7.632766047220317e-16+0j)
F_swave: (5.366831393352152e-16+0j), F_dwave: (3.0769792926804853e-20+0j)
F_px: -2.9898626987419185e-19j, F_py: -2.2740916567435613e-19j
Free_energy = -13938.423613136401
------------------------------------------
[{'stable': {}, 'free': np.float64(-13938.423613136401)}]
------------------------------------------
  Seed: s-wave+px
F_onsite: (3.738455603192412e-19+1.1472576647091934e-19j)
F_swave: (-2.519960648623593e-19-8.265423908193699e-20j), F_dwave: (-3.412487450291125e-20+2.434070559274751e-20j)
F_px: (3.123618426975999e-15+1.3511654370270396e-19j), F_py: (1.702463878017856e-19-3.1232897210090087e-15j)
Free_energy = -13938.423613136401
------------------------------------------
[{'stable': {}, 'free': np.float64(-13938.423613136401)}]
------------------------------------------
  Seed: s-wave+py
F_onsite: (-5.132499305246265e-19+1.4117239436061426e-19j)
F_swave: (3.464827718488024e-19-8.077166877469705e-20j), F_dwave: (-2.1458524951968258e-20-1.1510483162073624e-20j)
F_px: (-1.49804183808892e-20-3.1611393967646953e-15j), F_py: (3.161072216118489e-15-1.2712248461821174e-19j)
Free_energy = -13938.423613136401
------------------------------------------
[{'stable': {}, 'free': np.float64(-13938.423613136401)}]
------------------------------------------
====================================
mu=2.20, T=0.0441
====================================
  Seed: normal state
F_onsite: 0j
F_swave: 0j, F_dwave: 0j
F_px: 0j, F_py: 0j
Free_energy = -13938.67107431199
------------------------------------------
[{'stable': {}, 'free': np.float64(-13938.67107431199)}]
------------------------------------------
  Seed: px
F_onsite: 6.749613830675655e-20j
F_swave: -4.467546742501007e-20j, F_dwave: -1.3327404209621069e-20j
F_px: (2.5114027865267236e-15+0j), F_py: (-1.670439023765442e-19+0j)
Free_energy = -13938.67107431199
------------------------------------------
[{'stable': {}, 'free': np.float64(-13938.67107431199)}]
------------------------------------------
  Seed: py
F_onsite: -1.9088967356643588e-21j
F_swave: 1.857506579711941e-20j, F_dwave: 9.17467639020333e-21j
F_px: (-3.348384162442536e-20+0j), F_py: (2.511170085262725e-15+0j)
Free_energy = -13938.67107431199
------------------------------------------
[{'stable': {}, 'free': np.float64(-13938.67107431199)}]
------------------------------------------
  Seed: px+py
F_onsite: 5.500472385060244e-19j
F_swave: -4.02981618603025e-19j, F_dwave: 2.8642937928239544e-20j
F_px: (2.5115765593427936e-15+0j), F_py: (2.5116285881975735e-15+0j)
Free_energy = -13938.67107431199
------------------------------------------
[{'stable': {}, 'free': np.float64(-13938.67107431199)}]
------------------------------------------
  Seed: px+i*py
F_onsite: (2.957096558317745e-19-3.2371053341479323e-19j)
F_swave: (-2.0411950704585663e-19+2.2206051815052134e-19j), F_dwave: (1.2587329166528718e-20-2.310276087884727e-21j)
F_px: (2.627700678479953e-15-1.5941677218392157e-19j), F_py: (-6.676896684028618e-20+2.62784629713432e-15j)
Free_energy = -13938.67107431199
------------------------------------------
[{'stable': {}, 'free': np.float64(-13938.67107431199)}]
------------------------------------------
  Seed: s-wave
F_onsite: (-6.321817580481426e-16+0j)
F_swave: (4.43762382685222e-16+0j), F_dwave: (2.5730653831610823e-20+0j)
F_px: -2.158212999472422e-19j, F_py: -2.546726552124718e-19j
Free_energy = -13938.67107431199
------------------------------------------
[{'stable': {}, 'free': np.float64(-13938.67107431199)}]
------------------------------------------
  Seed: s-wave+px
F_onsite: (5.339278379318192e-19-8.988742310734063e-21j)
F_swave: (-4.20448991648588e-19+2.1454633852658944e-20j), F_dwave: (-2.141264605201675e-20-1.1643571843331747e-20j)
F_px: (2.627923468492284e-15+2.17478440199213e-19j), F_py: (3.7944687067445236e-20-2.6275195136257903e-15j)
Free_energy = -13938.67107431199
------------------------------------------
[{'stable': {}, 'free': np.float64(-13938.67107431199)}]
------------------------------------------
  Seed: s-wave+py
F_onsite: (-4.794327421504551e-19+1.2595521743218814e-19j)
F_swave: (3.448242546258811e-19-9.849001214547849e-20j), F_dwave: (1.4893806025375443e-20-1.0102654964422259e-20j)
F_px: (2.339145471586218e-20-2.6595775683250252e-15j), F_py: (2.65944426389762e-15-6.947442605622487e-20j)
Free_energy = -13938.67107431199
------------------------------------------
[{'stable': {}, 'free': np.float64(-13938.67107431199)}]
------------------------------------------
====================================
mu=2.20, T=0.0455
====================================
  Seed: normal state
F_onsite: 0j
F_swave: 0j, F_dwave: 0j
F_px: 0j, F_py: 0j
Free_energy = -13938.927482619618
------------------------------------------
[{'stable': {}, 'free': np.float64(-13938.927482619618)}]
------------------------------------------
  Seed: px
F_onsite: -3.165069556261693e-20j
F_swave: 2.705579931220085e-20j, F_dwave: -3.2694959282061765e-20j
F_px: (2.0968368962209245e-15+0j), F_py: (-1.4703140565920933e-19+0j)
Free_energy = -13938.927482619618
------------------------------------------
[{'stable': {}, 'free': np.float64(-13938.927482619618)}]
------------------------------------------
  Seed: py
F_onsite: -6.501795301192717e-20j
F_swave: 5.44936558549325e-20j, F_dwave: 2.1104235160793924e-20j
F_px: (-3.4782962399865113e-20+0j), F_py: (2.0965912147145386e-15+0j)
Free_energy = -13938.927482619618
------------------------------------------
[{'stable': {}, 'free': np.float64(-13938.927482619618)}]
------------------------------------------
  Seed: px+py
F_onsite: 5.128528171890844e-19j
F_swave: -3.6791809374650055e-19j, F_dwave: 4.4857030912951216e-20j
F_px: (2.0970823137150573e-15+0j), F_py: (2.097162877212151e-15+0j)
Free_energy = -13938.927482619618
------------------------------------------
[{'stable': {}, 'free': np.float64(-13938.927482619618)}]
------------------------------------------
  Seed: px+i*py
F_onsite: (1.8452881689583722e-19-1.0360480276475405e-19j)
F_swave: (-1.0420636448022655e-19+6.604046466248478e-20j), F_dwave: (-1.0252525681918368e-20+7.593839806502567e-21j)
F_px: (2.1946937149533005e-15-1.986166518434567e-19j), F_py: (-8.940101217530353e-20+2.194681166989461e-15j)
Free_energy = -13938.927482619618
------------------------------------------
[{'stable': {}, 'free': np.float64(-13938.927482619618)}]
------------------------------------------
  Seed: s-wave
F_onsite: (-5.201468324589754e-16+0j)
F_swave: (3.6253820239831775e-16+0j), F_dwave: (-5.6259907741166876e-21+0j)
F_px: -2.2285195540152237e-20j, F_py: -1.7661474813485193e-19j
Free_energy = -13938.927482619618
------------------------------------------
[{'stable': {}, 'free': np.float64(-13938.927482619618)}]
------------------------------------------
  Seed: s-wave+px
F_onsite: (4.1926737165380187e-19+2.182035578422506e-20j)
F_swave: (-3.1827043633926e-19-8.939920588890698e-21j), F_dwave: (3.986134346643823e-21+8.761649334209548e-21j)
F_px: (2.1948258849021806e-15+2.141062901747348e-19j), F_py: (4.7607509724317016e-20-2.1943937367873697e-15j)
Free_energy = -13938.927482619618
------------------------------------------
[{'stable': {}, 'free': np.float64(-13938.927482619618)}]
------------------------------------------
  Seed: s-wave+py
F_onsite: (-3.1719201678266133e-19+1.9364308202437815e-19j)
F_swave: (2.138954211126337e-19-1.6245186457986894e-19j), F_dwave: (2.6179506054172236e-20-2.3820938289657608e-20j)
F_px: (-5.632417795052504e-20-2.221393655028603e-15j), F_py: (2.2211579639115214e-15-3.662893529476427e-20j)
Free_energy = -13938.92748261962
------------------------------------------
[{'stable': {}, 'free': np.float64(-13938.927482619618)}]
------------------------------------------
====================================
mu=2.20, T=0.0470
====================================
  Seed: normal state
F_onsite: 0j
F_swave: 0j, F_dwave: 0j
F_px: 0j, F_py: 0j
Free_energy = -13939.192793912056
------------------------------------------
[{'stable': {}, 'free': np.float64(-13939.192793912056)}]
------------------------------------------
  Seed: px
F_onsite: -4.253809841845941e-20j
F_swave: 3.4232943855084216e-20j, F_dwave: 1.380759118667142e-21j
F_px: (1.737866682694059e-15+0j), F_py: (-9.619743629869728e-20+0j)
Free_energy = -13939.192793912056
------------------------------------------
[{'stable': {}, 'free': np.float64(-13939.192793912056)}]
------------------------------------------
  Seed: py
F_onsite: -9.590805379430047e-20j
F_swave: 6.43050770416273e-20j, F_dwave: 3.26511840923724e-20j
F_px: (-1.148031670118e-19+0j), F_py: (1.737723555086576e-15+0j)
Free_energy = -13939.192793912056
------------------------------------------
[{'stable': {}, 'free': np.float64(-13939.192793912056)}]
------------------------------------------
  Seed: px+py
F_onsite: 3.615100911686235e-19j
F_swave: -2.411109040148519e-19j, F_dwave: 2.825271574502738e-20j
F_px: (1.7386107266625726e-15+0j), F_py: (1.7386265799232445e-15+0j)
Free_energy = -13939.192793912056
------------------------------------------
[{'stable': {}, 'free': np.float64(-13939.192793912056)}]
------------------------------------------
  Seed: px+i*py
F_onsite: (1.468148358175277e-19-5.898045105678911e-20j)
F_swave: (-9.614972999001668e-20+4.4817417818361264e-20j), F_dwave: (5.718375913254969e-22+6.3561476507598704e-21j)
F_px: (1.8200011147549334e-15-2.1558712383176988e-19j), F_py: (-1.85657119573616e-20+1.8200349151580018e-15j)
Free_energy = -13939.192793912056
------------------------------------------
[{'stable': {}, 'free': np.float64(-13939.192793912056)}]
------------------------------------------
  Seed: s-wave
F_onsite: (-4.24167873131132e-16+0j)
F_swave: (2.918299724706904e-16+0j), F_dwave: (-2.390010954776915e-21+0j)
F_px: -1.297988122467856e-19j, F_py: -1.340736818602437e-19j
Free_energy = -13939.192793912056
------------------------------------------
[{'stable': {}, 'free': np.float64(-13939.192793912056)}]
------------------------------------------
  Seed: s-wave+px
F_onsite: (4.536393809758487e-19-5.693624466551202e-20j)
F_swave: (-3.3012683522893734e-19+3.454283600188515e-20j), F_dwave: (-1.712846074891029e-20+2.8319632541223605e-20j)
F_px: (1.8201300642340703e-15+1.1934871721797065e-19j), F_py: (9.345877076069088e-20-1.8196642604311307e-15j)
Free_energy = -13939.192793912054
------------------------------------------
[{'stable': {}, 'free': np.float64(-13939.192793912056)}]
------------------------------------------
  Seed: s-wave+py
F_onsite: (-1.7398928968015145e-19+1.0338052830804498e-19j)
F_swave: (1.103235055257505e-19-8.169809564200613e-20j), F_dwave: (3.759289827411449e-20-9.028849918184859e-21j)
F_px: (-7.449009506583033e-20-1.842082013738108e-15j), F_py: (1.8418766560315264e-15-3.1471070695444546e-20j)
Free_energy = -13939.192793912056
------------------------------------------
[{'stable': {}, 'free': np.float64(-13939.192793912056)}]
------------------------------------------
====================================
mu=2.20, T=0.0485
====================================
  Seed: normal state
F_onsite: 0j
F_swave: 0j, F_dwave: 0j
F_px: 0j, F_py: 0j
Free_energy = -13939.466968882167
------------------------------------------
[{'stable': {}, 'free': np.float64(-13939.466968882167)}]
------------------------------------------
  Seed: px
F_onsite: -6.840439243314283e-20j
F_swave: 4.6269999988610025e-20j, F_dwave: -4.044072792134728e-20j
F_px: (1.430336698513193e-15+0j), F_py: (-9.216871633593962e-20+0j)
Free_energy = -13939.466968882167
------------------------------------------
[{'stable': {}, 'free': np.float64(-13939.466968882167)}]
------------------------------------------
  Seed: py
F_onsite: 1.1475227561642705e-19j
F_swave: -9.186670758829339e-20j, F_dwave: -1.1356882637531493e-20j
F_px: (-1.3598309477235163e-19+0j), F_py: (1.4301469115106745e-15+0j)
Free_energy = -13939.466968882167
------------------------------------------
[{'stable': {}, 'free': np.float64(-13939.466968882167)}]
------------------------------------------
  Seed: px+py
F_onsite: 1.5667830924057515e-19j
F_swave: -1.2944453359751879e-19j, F_dwave: 2.2875904909185223e-20j
F_px: (1.4312711051059845e-15+0j), F_py: (1.4310963366911164e-15+0j)
Free_energy = -13939.466968882167
------------------------------------------
[{'stable': {}, 'free': np.float64(-13939.466968882167)}]
------------------------------------------
  Seed: px+i*py
F_onsite: (5.416631456135757e-20-1.870644900227072e-19j)
F_swave: (-1.1087807328489424e-20+1.3082587549717303e-19j), F_dwave: (-1.1545171333540549e-20-1.0156954670756188e-20j)
F_px: (1.4987326230329865e-15-1.1370011167977215e-19j), F_py: (6.633074803136768e-20+1.4988697855678872e-15j)
Free_energy = -13939.466968882167
------------------------------------------
[{'stable': {}, 'free': np.float64(-13939.466968882167)}]
------------------------------------------
  Seed: s-wave
F_onsite: (-3.450959194152228e-16+0j)
F_swave: (2.2872039271211895e-16+0j), F_dwave: (1.2993919255705717e-20+0j)
F_px: -1.0453844629277505e-19j, F_py: -5.1739536443778737e-20j
Free_energy = -13939.466968882167
------------------------------------------
[{'stable': {}, 'free': np.float64(-13939.466968882167)}]
------------------------------------------
  Seed: s-wave+px
F_onsite: (2.9456002486426108e-19-1.0524659835581657e-19j)
F_swave: (-2.3079703352359166e-19+7.491658304743187e-20j), F_dwave: (7.713293853603823e-22-3.269567487684531e-21j)
F_px: (1.4988957080769087e-15+6.626059055478151e-20j), F_py: (1.360166955115954e-19-1.4984443160806988e-15j)
Free_energy = -13939.466968882167
------------------------------------------
[{'stable': {}, 'free': np.float64(-13939.466968882167)}]
------------------------------------------
  Seed: s-wave+py
F_onsite: (-7.761118688653585e-20+1.0225321763908617e-19j)
F_swave: (4.6952719133753425e-20-7.40705162587898e-20j), F_dwave: (2.7927983719647206e-20-1.0259028495205127e-20j)
F_px: (-3.376148014688643e-20-1.5170439801623128e-15j), F_py: (1.5167680029386831e-15-1.5918358856230568e-20j)
Free_energy = -13939.466968882167
------------------------------------------
[{'stable': {}, 'free': np.float64(-13939.466968882167)}]
------------------------------------------
====================================
mu=2.20, T=0.0500
====================================
  Seed: normal state
F_onsite: 0j
F_swave: 0j, F_dwave: 0j
F_px: 0j, F_py: 0j
Free_energy = -13939.749972735364
------------------------------------------
[{'stable': {}, 'free': np.float64(-13939.749972735364)}]
------------------------------------------
  Seed: px
F_onsite: -8.416395552415665e-20j
F_swave: 6.161079254864261e-20j, F_dwave: -3.785838056622694e-20j
F_px: (1.1687278860739757e-15+0j), F_py: (-1.157774112320733e-19+0j)
Free_energy = -13939.749972735364
------------------------------------------
[{'stable': {}, 'free': np.float64(-13939.749972735364)}]
------------------------------------------
  Seed: py
F_onsite: 1.1372615844209545e-19j
F_swave: -6.779349360570386e-20j, F_dwave: -2.4159229524491895e-20j
F_px: (-1.1280880995387492e-19+0j), F_py: (1.1686179791252892e-15+0j)
Free_energy = -13939.749972735364
------------------------------------------
[{'stable': {}, 'free': np.float64(-13939.749972735364)}]
------------------------------------------
  Seed: px+py
F_onsite: 1.6311273731226088e-19j
F_swave: -9.104307571479913e-20j, F_dwave: 3.133720995530652e-21j
F_px: (1.1699660263229746e-15+0j), F_py: (1.1697336422572112e-15+0j)
Free_energy = -13939.749972735362
------------------------------------------
[{'stable': {}, 'free': np.float64(-13939.749972735364)}]
------------------------------------------
  Seed: px+i*py
F_onsite: (1.0849816021916005e-21-1.3234880005963518e-19j)
F_swave: (-3.737624187424496e-21+7.502933784544109e-20j), F_dwave: (1.5932942855255103e-20-2.8520085289858955e-21j)
F_px: (1.2258697039532281e-15-6.190465416717424e-20j), F_py: (6.502225818082953e-20+1.2258891355826811e-15j)
Free_energy = -13939.749972735364
------------------------------------------
[{'stable': {}, 'free': np.float64(-13939.749972735364)}]
------------------------------------------
  Seed: s-wave
F_onsite: (-2.819751127532041e-16+0j)
F_swave: (1.6551826536979617e-16+0j), F_dwave: (1.630615397569455e-20+0j)
F_px: -9.539243281724842e-20j, F_py: 2.498756560583948e-20j
Free_energy = -13939.749972735364
------------------------------------------
[{'stable': {}, 'free': np.float64(-13939.749972735364)}]
------------------------------------------
  Seed: s-wave+px
F_onsite: (2.2052519516782457e-19-4.059073243209875e-20j)
F_swave: (-1.6921828592303815e-19+2.6542121615228445e-20j), F_dwave: (-2.790356185979016e-20+6.420315602765222e-22j)
F_px: (1.2260184850872966e-15+7.599407413653e-20j), F_py: (3.837178565085095e-20-1.2256881819423834e-15j)
Free_energy = -13939.749972735362
------------------------------------------
[{'stable': {}, 'free': np.float64(-13939.749972735364)}]
------------------------------------------
  Seed: s-wave+py
F_onsite: (-1.6723053001324096e-19+1.4110604359418912e-19j)
F_swave: (1.2775137857286415e-19-9.479141623116356e-20j), F_dwave: (-2.719153576203813e-20+2.552965021569571e-20j)
F_px: (3.321171093256592e-20-1.2409567740863746e-15j), F_py: (1.240602656057373e-15-9.455172122867209e-20j)
Free_energy = -13939.749972735364
------------------------------------------
[{'stable': {}, 'free': np.float64(-13939.749972735364)}]
------------------------------------------
