/home/emilssp/D1/venv/bin/python
Python 3.10.12
Running job 5 out of 50
====================================
mu=-3.18, T=0.0010
====================================
  Seed: normal state
  Seed uu: [0.+0.j 0.+0.j 0.+0.j 0.+0.j], Seed dd: [0.+0.j 0.+0.j 0.+0.j 0.+0.j]
F_onsite: 0j
F_swave: 0j, F_dwave: 0j
F_px: 0j, F_py: 0j
Free_energy = -18342.38207126015
------------------------------------------
[{'stable': {}, 'free': np.float64(-18342.38207126015)}]
------------------------------------------
  Seed: uu:px
  Seed uu: [ 0.1+0.j -0.1+0.j  0. +0.j  0. +0.j], Seed dd: [0.+0.j 0.+0.j 0.+0.j 0.+0.j]
F_onsite: (-5.044362949329864e-37+1.5032038663139975e-50j)
F_swave: (-3.3723768942663012e-37+1.0048968880717728e-50j), F_dwave: (-5.232631102331322e-39+3.810777809311138e-52j)
F_px: (8.62384238490685e-51+1.1071235387659842e-37j), F_py: (9.479962331108256e-51+1.3898124697785726e-37j)
Free_energy = -18342.38207126015
------------------------------------------
[{'stable': {}, 'free': np.float64(-18342.38207126015)}]
------------------------------------------
  Seed: uu:px+py
  Seed uu: [ 0.1+0.j -0.1+0.j  0.1+0.j -0.1+0.j], Seed dd: [0.+0.j 0.+0.j 0.+0.j 0.+0.j]
F_onsite: (9.549755801528194e-51-4.7795338038018965e-64j)
F_swave: (6.30995841931874e-51-3.160243640385683e-64j), F_dwave: (2.2438701595246226e-51-1.1186965750473263e-64j)
F_px: (2.124633283113755e-64+4.246157381984791e-51j), F_py: (4.3204833243207084e-64+8.640877393667024e-51j)
Free_energy = -18342.38207126015
------------------------------------------
[{'stable': {}, 'free': np.float64(-18342.38207126015)}]
------------------------------------------
  Seed: uu:px+ipy
  Seed uu: [ 0.1+0.j  -0.1+0.j   0. +0.1j -0. -0.1j], Seed dd: [0.+0.j 0.+0.j 0.+0.j 0.+0.j]
F_onsite: (-7.862053010418931e-22+6.473682183274479e-21j)
F_swave: (-5.270289595641054e-22+4.339588479541941e-21j), F_dwave: (2.288485840788099e-22-2.5350584561580148e-21j)
F_px: (-3.4006329572057736e-21+5.937929860222021e-22j), F_py: (5.153024572702033e-22+3.2301083931678994e-21j)
Free_energy = -18342.382071260145
------------------------------------------
[{'stable': {}, 'free': np.float64(-18342.38207126015)}]
------------------------------------------
  Seed: dd:px
  Seed uu: [0.+0.j 0.+0.j 0.+0.j 0.+0.j], Seed dd: [ 0.1+0.j -0.1+0.j  0. +0.j  0. +0.j]
F_onsite: (5.155442615979549e-30+5.053858763518221e-29j)
F_swave: (4.7625205974420056e-30+4.668452450303899e-29j), F_dwave: (-4.581469572521156e-28-2.6805891227197016e-29j)
F_px: (7.178627946637611e-29-5.569512865034735e-27j), F_py: (-1.2281015302967122e-28-5.51339075329605e-27j)
Free_energy = -18342.695225583837
------------------------------------------
[{'stable': {'Fdd_px': np.complex128(0.004134918571336615-1.1858052091916398e-11j), 'Fdd_py': np.complex128(-1.2393718132307884e-11-0.004128472477342498j)}, 'free': np.float64(-18342.695225583837)}]
------------------------------------------
  Seed: dd:px+py
  Seed uu: [0.+0.j 0.+0.j 0.+0.j 0.+0.j], Seed dd: [ 0.1+0.j -0.1+0.j  0.1+0.j -0.1+0.j]
F_onsite: (2.414437710872423e-50+1.5759319328720367e-39j)
F_swave: (2.2621599264433885e-50+1.0564155295149435e-39j), F_dwave: (9.95108931369775e-52+5.070897098636655e-40j)
F_px: (-1.975166719318709e-40-5.019916727231265e-51j), F_py: (-1.477092578642024e-39+1.0735430910751173e-50j)
Free_energy = -18342.623715828006
------------------------------------------
[{'stable': {'Fdd_px': np.complex128(0.004134918571336615-1.1858052091916398e-11j), 'Fdd_py': np.complex128(-1.2393718132307884e-11-0.004128472477342498j)}, 'free': np.float64(-18342.695225583837)}, {'stable': {'Fdd_px': np.complex128(0.0036216316381870225-5.694077410137813e-17j), 'Fdd_py': np.complex128(0.0036216316381870372-1.7424627763112002e-16j)}, 'free': np.float64(-18342.623715828006)}]
------------------------------------------
  Seed: dd:px+ipy
  Seed uu: [0.+0.j 0.+0.j 0.+0.j 0.+0.j], Seed dd: [ 0.1+0.j  -0.1+0.j   0. +0.1j -0. -0.1j]
F_onsite: (5.9249643039338975e-27-2.2612510046937974e-28j)
F_swave: (5.473123826354584e-27-2.088805758668798e-28j), F_dwave: (-3.8578215307588553e-28-2.1470775146463252e-29j)
F_px: (2.4526963396565212e-29+3.930285608659619e-30j), F_py: (3.164819749463317e-28-1.7911410466747946e-27j)
Free_energy = -18342.695515564395
------------------------------------------
[{'stable': {'Fdd_px': np.complex128(0.004134918571336615-1.1858052091916398e-11j), 'Fdd_py': np.complex128(-1.2393718132307884e-11-0.004128472477342498j)}, 'free': np.float64(-18342.695225583837)}, {'stable': {'Fdd_px': np.complex128(0.0036216316381870225-5.694077410137813e-17j), 'Fdd_py': np.complex128(0.0036216316381870372-1.7424627763112002e-16j)}, 'free': np.float64(-18342.623715828006)}, {'stable': {'Fdd_px': np.complex128(0.004133401167801372+8.59155279131265e-19j), 'Fdd_py': np.complex128(-7.087711140731031e-18+0.004133401167801417j)}, 'free': np.float64(-18342.695515564395)}]
------------------------------------------
  Seed: uu+dd:px
  Seed uu: [ 0.1+0.j -0.1+0.j  0. +0.j  0. +0.j], Seed dd: [ 0.1+0.j -0.1+0.j  0. +0.j  0. +0.j]
F_onsite: (9.081915381720145e-27+2.0006996653704517e-29j)
F_swave: (8.389323488782123e-27+1.8481108553698408e-29j), F_dwave: (1.753915416476775e-28+2.4414582029458245e-29j)
F_px: (-6.36437052040107e-29-1.1531458778630708e-27j), F_py: (-2.9662833086838528e-28+8.114000351453848e-28j)
Free_energy = -18342.69522663361
------------------------------------------
[{'stable': {'Fdd_px': np.complex128(0.004134918571336615-1.1858052091916398e-11j), 'Fdd_py': np.complex128(-1.2393718132307884e-11-0.004128472477342498j)}, 'free': np.float64(-18342.695225583837)}, {'stable': {'Fdd_px': np.complex128(0.0036216316381870225-5.694077410137813e-17j), 'Fdd_py': np.complex128(0.0036216316381870372-1.7424627763112002e-16j)}, 'free': np.float64(-18342.623715828006)}, {'stable': {'Fdd_px': np.complex128(0.004133401167801372+8.59155279131265e-19j), 'Fdd_py': np.complex128(-7.087711140731031e-18+0.004133401167801417j)}, 'free': np.float64(-18342.695515564395)}]
------------------------------------------
  Seed: uu+dd:px+py
  Seed uu: [ 0.1+0.j -0.1+0.j  0.1+0.j -0.1+0.j], Seed dd: [ 0.1+0.j -0.1+0.j  0.1+0.j -0.1+0.j]
F_onsite: (2.9847087938703425e-37-1.4497232319143601e-24j)
F_swave: (2.0020138162442084e-37-9.692032829390367e-25j), F_dwave: (1.2269222286707626e-37-4.5114915883021446e-26j)
F_px: (1.03571938634347e-24-1.139678507320671e-37j), F_py: (-1.1155029297848287e-24+4.355757582773523e-37j)
Free_energy = -18342.623715828006
------------------------------------------
[{'stable': {'Fdd_px': np.complex128(0.004134918571336615-1.1858052091916398e-11j), 'Fdd_py': np.complex128(-1.2393718132307884e-11-0.004128472477342498j)}, 'free': np.float64(-18342.695225583837)}, {'stable': {'Fdd_px': np.complex128(0.0036216316381870225-5.694077410137813e-17j), 'Fdd_py': np.complex128(0.0036216316381870372-1.7424627763112002e-16j)}, 'free': np.float64(-18342.623715828006)}, {'stable': {'Fdd_px': np.complex128(0.004133401167801372+8.59155279131265e-19j), 'Fdd_py': np.complex128(-7.087711140731031e-18+0.004133401167801417j)}, 'free': np.float64(-18342.695515564395)}]
------------------------------------------
  Seed: uu+dd:px+ipy
  Seed uu: [ 0.1+0.j  -0.1+0.j   0. +0.1j -0. -0.1j], Seed dd: [ 0.1+0.j  -0.1+0.j   0. +0.1j -0. -0.1j]
F_onsite: (-1.9946001351385999e-25+1.417829797755528e-25j)
F_swave: (-1.3370799776004467e-25+9.503907360802917e-26j), F_dwave: (-3.206052523885181e-28-7.492517424049542e-26j)
F_px: (-1.9370739514360425e-25-1.1947428266451479e-26j), F_py: (-4.376152840345941e-26+8.075363835209862e-26j)
Free_energy = -18342.695515564395
------------------------------------------
[{'stable': {'Fdd_px': np.complex128(0.004134918571336615-1.1858052091916398e-11j), 'Fdd_py': np.complex128(-1.2393718132307884e-11-0.004128472477342498j)}, 'free': np.float64(-18342.695225583837)}, {'stable': {'Fdd_px': np.complex128(0.0036216316381870225-5.694077410137813e-17j), 'Fdd_py': np.complex128(0.0036216316381870372-1.7424627763112002e-16j)}, 'free': np.float64(-18342.623715828006)}, {'stable': {'Fdd_px': np.complex128(0.004133401167801372+8.59155279131265e-19j), 'Fdd_py': np.complex128(-7.087711140731031e-18+0.004133401167801417j)}, 'free': np.float64(-18342.695515564395)}]
------------------------------------------
====================================
mu=-3.18, T=0.0051
====================================
  Seed: normal state
  Seed uu: [0.+0.j 0.+0.j 0.+0.j 0.+0.j], Seed dd: [0.+0.j 0.+0.j 0.+0.j 0.+0.j]
F_onsite: 0j
F_swave: 0j, F_dwave: 0j
F_px: 0j, F_py: 0j
Free_energy = -18342.41894328741
------------------------------------------
[{'stable': {}, 'free': np.float64(-18342.41894328741)}]
------------------------------------------
  Seed: uu:px
  Seed uu: [ 1.49873127e-17+8.12330167e-31j -1.49873127e-17-7.24074427e-31j
  1.83434295e-31+4.63261383e-31j -1.83660742e-31-3.79877644e-31j], Seed dd: [0.+0.j 0.+0.j 0.+0.j 0.+0.j]
F_onsite: (-1.3974841963083494e-45+8.392627489802833e-44j)
F_swave: (-8.860348798908625e-46+5.052078826934602e-44j), F_dwave: (5.1022882909404794e-46+2.1263762205202478e-44j)
F_px: (2.007786658715712e-43+1.3460160296533965e-45j), F_py: (-1.6557000980446964e-43-7.698943899050565e-51j)
Free_energy = -18342.41894328741
------------------------------------------
[{'stable': {}, 'free': np.float64(-18342.41894328741)}]
------------------------------------------
  Seed: uu:px+py
  Seed uu: [ 2.06686192e-17+2.20571265e-30j -2.06686192e-17-2.00161147e-30j
  2.06686192e-17+2.20675761e-30j -2.06686192e-17-2.02498293e-30j], Seed dd: [0.+0.j 0.+0.j 0.+0.j 0.+0.j]
F_onsite: (-9.911287274366072e-33-1.07688048890369e-31j)
F_swave: (-6.175769013287358e-33-7.443210167818183e-32j), F_dwave: (-2.1347906292448385e-46-1.9158377441940858e-47j)
F_px: (-7.426168764519202e-32+7.850389783591269e-33j), F_py: (7.426168764537693e-32-7.850389783585932e-33j)
Free_energy = -18342.41894328741
------------------------------------------
[{'stable': {}, 'free': np.float64(-18342.41894328741)}]
------------------------------------------
  Seed: uu:px+ipy
  Seed uu: [ 1.83734968e-17+1.34014951e-30j -1.83734968e-17-1.25509243e-30j
 -5.24435238e-31+1.83734968e-17j  4.34316034e-31-1.83734968e-17j], Seed dd: [0.+0.j 0.+0.j 0.+0.j 0.+0.j]
F_onsite: (-1.2680114014567284e-20+1.5243570791663974e-21j)
F_swave: (-8.559673093911702e-21+1.0395173540730312e-21j), F_dwave: (-5.637961365872437e-21-6.615871962840263e-22j)
F_px: (-1.2434929115880319e-20+4.804050182034241e-21j), F_py: (-2.9860931093772304e-21+1.1337196787821706e-20j)
Free_energy = -18342.4189432874
------------------------------------------
[{'stable': {}, 'free': np.float64(-18342.41894328741)}]
------------------------------------------
  Seed: dd:px
  Seed uu: [0.+0.j 0.+0.j 0.+0.j 0.+0.j], Seed dd: [ 4.13491857e-03-1.18580519e-11j -4.13491857e-03+1.18580523e-11j
 -1.23937176e-11-4.12847248e-03j  1.23937187e-11+4.12847248e-03j]
F_onsite: (-3.27829905057197e-23+2.0220215676732234e-23j)
F_swave: (-3.030868118021987e-23+1.4270325510588005e-23j), F_dwave: (-6.887180612807823e-24-8.98208007293348e-25j)
F_px: (3.1222277699953654e-23-8.855532816364977e-22j), F_py: (-2.257518582364793e-23+8.501851320334251e-22j)
Free_energy = -18342.595700794882
------------------------------------------
[{'stable': {'Fdd_px': np.complex128(0.0031986343180627117-9.370532767990785e-12j), 'Fdd_py': np.complex128(-9.403688422033957e-12-0.0031983981058540125j)}, 'free': np.float64(-18342.595700794882)}]
------------------------------------------
  Seed: dd:px+py
  Seed uu: [0.+0.j 0.+0.j 0.+0.j 0.+0.j], Seed dd: [ 0.00362163-5.96022013e-17j -0.00362163+5.42793470e-17j
  0.00362163-1.77586989e-16j -0.00362163+1.70905566e-16j]
F_onsite: (4.713257740747842e-23+9.959431545814502e-35j)
F_swave: (4.3553683026878537e-23+6.643921621496416e-35j), F_dwave: (2.874479094571967e-24+3.2432623823156176e-36j)
F_px: (4.712850726034256e-35-5.444458835651648e-25j), F_py: (-7.813510949915745e-35+7.056755073558132e-25j)
Free_energy = -18342.543149678822
------------------------------------------
[{'stable': {'Fdd_px': np.complex128(0.0031986343180627117-9.370532767990785e-12j), 'Fdd_py': np.complex128(-9.403688422033957e-12-0.0031983981058540125j)}, 'free': np.float64(-18342.595700794882)}, {'stable': {'Fdd_px': np.complex128(0.002681371764152921+2.6337700364568093e-17j), 'Fdd_py': np.complex128(0.002681371764152882-5.125717922027095e-16j)}, 'free': np.float64(-18342.543149678822)}]
------------------------------------------
  Seed: dd:px+ipy
  Seed uu: [0.+0.j 0.+0.j 0.+0.j 0.+0.j], Seed dd: [ 4.13340117e-03+1.18018821e-18j -4.13340117e-03-5.38122347e-19j
 -7.37188160e-18+4.13340117e-03j  6.80354069e-18-4.13340117e-03j]
F_onsite: (-3.0642757697843355e-23+3.862228346254911e-24j)
F_swave: (-2.8285831519612585e-23+3.565824207464887e-24j), F_dwave: (4.398753375935964e-24-1.3879908263035962e-24j)
F_px: (-3.56735879593098e-24+6.171287027958961e-24j), F_py: (1.8220760804874563e-24-4.2706499165728426e-24j)
Free_energy = -18342.595701305112
------------------------------------------
[{'stable': {'Fdd_px': np.complex128(0.0031986343180627117-9.370532767990785e-12j), 'Fdd_py': np.complex128(-9.403688422033957e-12-0.0031983981058540125j)}, 'free': np.float64(-18342.595700794882)}, {'stable': {'Fdd_px': np.complex128(0.002681371764152921+2.6337700364568093e-17j), 'Fdd_py': np.complex128(0.002681371764152882-5.125717922027095e-16j)}, 'free': np.float64(-18342.543149678822)}, {'stable': {'Fdd_px': np.complex128(0.003198520543781218+4.7452094304914964e-17j), 'Fdd_py': np.complex128(-5.94522979275198e-17+0.0031985205437811606j)}, 'free': np.float64(-18342.595701305112)}]
------------------------------------------
  Seed: uu+dd:px
  Seed uu: [0.+0.j 0.+0.j 0.+0.j 0.+0.j], Seed dd: [ 4.13468589e-03-1.25719746e-11j -4.13468589e-03+1.25719759e-11j
 -1.31127743e-11-4.12871790e-03j  1.31127752e-11+4.12871790e-03j]
F_onsite: (5.2540226234150355e-23+5.608135374464588e-24j)
F_swave: (4.850815420322488e-23+3.1789457907696003e-24j), F_dwave: (2.9957302344703716e-24-3.5026663368656307e-25j)
F_px: (4.3954843582039435e-26-1.6386279994147127e-23j), F_py: (-1.0018887589744692e-24+1.967827397458169e-23j)
Free_energy = -18342.595700796996
------------------------------------------
[{'stable': {'Fdd_px': np.complex128(0.0031986343180627117-9.370532767990785e-12j), 'Fdd_py': np.complex128(-9.403688422033957e-12-0.0031983981058540125j)}, 'free': np.float64(-18342.595700794882)}, {'stable': {'Fdd_px': np.complex128(0.002681371764152921+2.6337700364568093e-17j), 'Fdd_py': np.complex128(0.002681371764152882-5.125717922027095e-16j)}, 'free': np.float64(-18342.543149678822)}, {'stable': {'Fdd_px': np.complex128(0.003198520543781218+4.7452094304914964e-17j), 'Fdd_py': np.complex128(-5.94522979275198e-17+0.0031985205437811606j)}, 'free': np.float64(-18342.595701305112)}]
------------------------------------------
  Seed: uu+dd:px+py
  Seed uu: [ 2.06686192e-17+2.24961031e-30j -2.06686192e-17-2.03530321e-30j
  2.06686192e-17+2.21612847e-30j -2.06686192e-17-2.02720678e-30j], Seed dd: [ 0.00362163-6.66601992e-17j -0.00362163+6.12015980e-17j
  0.00362163-1.68051909e-16j -0.00362163+1.63732534e-16j]
F_onsite: (1.1561006922721435e-23+2.4052910880946128e-34j)
F_swave: (1.0712777502719327e-23+1.6116844885689368e-34j), F_dwave: (1.2905905529064185e-25+5.431160426333216e-35j)
F_px: (2.3578212625587296e-35-8.352898288375373e-25j), F_py: (-1.7347137477069129e-34+1.6891261793699107e-24j)
Free_energy = -18342.543149678822
------------------------------------------
[{'stable': {'Fdd_px': np.complex128(0.0031986343180627117-9.370532767990785e-12j), 'Fdd_py': np.complex128(-9.403688422033957e-12-0.0031983981058540125j)}, 'free': np.float64(-18342.595700794882)}, {'stable': {'Fdd_px': np.complex128(0.002681371764152921+2.6337700364568093e-17j), 'Fdd_py': np.complex128(0.002681371764152882-5.125717922027095e-16j)}, 'free': np.float64(-18342.543149678822)}, {'stable': {'Fdd_px': np.complex128(0.003198520543781218+4.7452094304914964e-17j), 'Fdd_py': np.complex128(-5.94522979275198e-17+0.0031985205437811606j)}, 'free': np.float64(-18342.595701305112)}]
------------------------------------------
  Seed: uu+dd:px+ipy
  Seed uu: [ 1.09234729e-19+9.72143232e-33j -1.09234729e-19-8.31159142e-33j
 -3.54641944e-33+1.09234729e-19j  2.15087254e-33-1.09234729e-19j], Seed dd: [ 4.13340117e-03-2.83566448e-18j -4.13340117e-03+2.39802141e-18j
 -6.95156135e-18+4.13340117e-03j  6.09536159e-18-4.13340117e-03j]
F_onsite: (1.6157355035420238e-23-3.349372377530184e-24j)
F_swave: (1.4947354964330778e-23-2.4529901640883248e-24j), F_dwave: (-1.0986164298080403e-24-6.101967467438155e-25j)
F_px: (-9.443236027840973e-25-2.7857221969982173e-23j), F_py: (-1.5947210007154238e-24+1.4698399334139703e-23j)
Free_energy = -18342.595701305116
------------------------------------------
[{'stable': {'Fdd_px': np.complex128(0.0031986343180627117-9.370532767990785e-12j), 'Fdd_py': np.complex128(-9.403688422033957e-12-0.0031983981058540125j)}, 'free': np.float64(-18342.595700794882)}, {'stable': {'Fdd_px': np.complex128(0.002681371764152921+2.6337700364568093e-17j), 'Fdd_py': np.complex128(0.002681371764152882-5.125717922027095e-16j)}, 'free': np.float64(-18342.543149678822)}, {'stable': {'Fdd_px': np.complex128(0.003198520543781218+4.7452094304914964e-17j), 'Fdd_py': np.complex128(-5.94522979275198e-17+0.0031985205437811606j)}, 'free': np.float64(-18342.595701305112)}]
------------------------------------------
====================================
mu=-3.18, T=0.0093
====================================
  Seed: normal state
  Seed uu: [0.+0.j 0.+0.j 0.+0.j 0.+0.j], Seed dd: [0.+0.j 0.+0.j 0.+0.j 0.+0.j]
F_onsite: 0j
F_swave: 0j, F_dwave: 0j
F_px: 0j, F_py: 0j
Free_energy = -18342.524396308087
------------------------------------------
[{'stable': {}, 'free': np.float64(-18342.524396308087)}]
------------------------------------------
  Seed: uu:px
  Seed uu: [ 1.53153647e-18+8.93360660e-32j -1.53153647e-18-7.59839548e-32j
  1.62003810e-32+4.35470816e-32j -1.61778115e-32-2.80674197e-32j], Seed dd: [0.+0.j 0.+0.j 0.+0.j 0.+0.j]
F_onsite: (3.9878167430638657e-47+7.031957608097085e-34j)
F_swave: (2.404419133198939e-47+4.215329711089194e-34j), F_dwave: (-1.7971669910659924e-47-2.354490949048631e-34j)
F_px: (9.282396385173343e-34+1.3557331715471653e-46j), F_py: (-2.312128427103836e-34-3.2286997697913723e-47j)
Free_energy = -18342.524396308083
------------------------------------------
[{'stable': {}, 'free': np.float64(-18342.524396308087)}]
------------------------------------------
  Seed: uu:px+py
  Seed uu: [ 2.7889509e-18+3.19671269e-31j -2.7889509e-18-2.76042937e-31j
  2.7889509e-18+3.18985156e-31j -2.7889509e-18-2.75043861e-31j], Seed dd: [0.+0.j 0.+0.j 0.+0.j 0.+0.j]
F_onsite: (-1.3409856930439254e-27+1.0011505480547332e-26j)
F_swave: (-8.393564388067955e-28+6.379305483794335e-27j), F_dwave: (-1.8815367301162961e-35+3.952822527464606e-36j)
F_px: (7.717411434554609e-27+1.0564562002174871e-27j), F_py: (-7.717409417587364e-27-1.0564564981090187e-27j)
Free_energy = -18342.524396308083
------------------------------------------
[{'stable': {}, 'free': np.float64(-18342.524396308087)}]
------------------------------------------
  Seed: uu:px+ipy
  Seed uu: [ 2.19786772e-18+1.72999667e-31j -2.19786772e-18-1.53761432e-31j
 -6.89994495e-32+2.19786772e-18j  5.09039835e-32-2.19786772e-18j], Seed dd: [0.+0.j 0.+0.j 0.+0.j 0.+0.j]
F_onsite: (-2.212485649363363e-21+2.3727609965996145e-20j)
F_swave: (-1.588242841159642e-21+1.5901248562994063e-20j), F_dwave: (-2.745919427626128e-21-5.22585002748657e-21j)
F_px: (6.1013472724297826e-21+1.8753940014156687e-21j), F_py: (-3.018031929120105e-21-1.4161646289061093e-20j)
Free_energy = -18342.52439630808
------------------------------------------
[{'stable': {}, 'free': np.float64(-18342.524396308087)}]
------------------------------------------
  Seed: dd:px
  Seed uu: [0.+0.j 0.+0.j 0.+0.j 0.+0.j], Seed dd: [ 3.19863432e-03-9.37053179e-12j -3.19863432e-03+9.37053375e-12j
 -9.40368725e-12-3.19839811e-03j  9.40368960e-12+3.19839811e-03j]
F_onsite: (-2.846674731590634e-35+5.467608101910543e-34j)
F_swave: (-1.9733788031074213e-36+3.6394239081432326e-34j), F_dwave: (-1.9266067338811007e-35-3.368780224799627e-35j)
F_px: (4.265942925590315e-34+4.7325815520931165e-35j), F_py: (-4.417432960578403e-34+8.761918428929982e-35j)
Free_energy = -18342.524396308087
------------------------------------------
[{'stable': {}, 'free': np.float64(-18342.524396308087)}]
------------------------------------------
  Seed: dd:px+py
  Seed uu: [0.+0.j 0.+0.j 0.+0.j 0.+0.j], Seed dd: [ 0.00268137+2.36557641e-17j -0.00268137-2.90196366e-17j
  0.00268137-5.15869144e-16j -0.00268137+5.09274440e-16j]
F_onsite: (4.331184808286948e-35+1.208427207965283e-43j)
F_swave: (4.004542734690109e-35+8.095294076086104e-44j), F_dwave: (1.5048569268508884e-36-3.902719846232426e-44j)
F_px: (1.1382124874663156e-43-1.2523172436800554e-36j), F_py: (-1.4788054335998386e-44-1.6614220661208966e-35j)
Free_energy = -18342.524396308087
------------------------------------------
[{'stable': {}, 'free': np.float64(-18342.524396308087)}]
------------------------------------------
  Seed: dd:px+ipy
  Seed uu: [0.+0.j 0.+0.j 0.+0.j 0.+0.j], Seed dd: [ 3.19852054e-03+4.81127800e-17j -3.19852054e-03-4.67914086e-17j
 -6.05478623e-17+3.19852054e-03j  5.83567336e-17-3.19852054e-03j]
F_onsite: (-1.6846465768660833e-34+1.63451723159826e-35j)
F_swave: (-9.572338695125468e-35+1.0315127920808832e-35j), F_dwave: (-2.7960278220417033e-35+1.0979865909584268e-36j)
F_px: (-2.73434503368304e-35-1.180927870956222e-34j), F_py: (1.9613143122089002e-35-1.4636537178068674e-34j)
Free_energy = -18342.524396308087
------------------------------------------
[{'stable': {}, 'free': np.float64(-18342.524396308087)}]
------------------------------------------
  Seed: uu+dd:px
  Seed uu: [0.+0.j 0.+0.j 0.+0.j 0.+0.j], Seed dd: [ 3.19862558e-03-9.92502287e-12j -3.19862558e-03+9.92502446e-12j
 -9.95848159e-12-3.19840689e-03j  9.95848367e-12+3.19840689e-03j]
F_onsite: (-7.743430181958795e-34+2.0616015104143987e-35j)
F_swave: (-5.086846478108707e-34+1.5222571612403293e-35j), F_dwave: (2.75234233573109e-34-1.1646256459713208e-35j)
F_px: (-4.7492993776644463e-35-9.578886761816626e-34j), F_py: (3.874935517876175e-35-3.700904860491385e-35j)
Free_energy = -18342.524396308087
------------------------------------------
[{'stable': {}, 'free': np.float64(-18342.524396308087)}]
------------------------------------------
  Seed: uu+dd:px+py
  Seed uu: [0.+0.j 0.+0.j 0.+0.j 0.+0.j], Seed dd: [ 0.00268137-1.69118334e-17j -0.00268137+1.19280305e-17j
  0.00268137-4.89722534e-16j -0.00268137+4.84843555e-16j]
F_onsite: (1.0247679730915934e-34+6.309016898957106e-43j)
F_swave: (9.482239548377343e-35+4.226993118231126e-43j), F_dwave: (-3.0823534394357566e-36+1.014843160979939e-43j)
F_px: (1.6815172104344219e-43-2.1991466087152555e-35j), F_py: (1.6694872033848853e-43-3.2747789714181334e-36j)
Free_energy = -18342.524396308087
------------------------------------------
[{'stable': {}, 'free': np.float64(-18342.524396308087)}]
------------------------------------------
  Seed: uu+dd:px+ipy
  Seed uu: [0.+0.j 0.+0.j 0.+0.j 0.+0.j], Seed dd: [ 3.19852054e-03+4.64735628e-17j -3.19852054e-03-4.46307632e-17j
 -6.01218758e-17+3.19852054e-03j  5.80032413e-17-3.19852054e-03j]
F_onsite: (-4.936022079538317e-35-3.2978646457389104e-35j)
F_swave: (-4.5554866827139476e-35-2.0197670004428624e-35j), F_dwave: (3.58101562912383e-36-1.230973417286177e-36j)
F_px: (1.275369152172008e-35+1.8588126260678905e-35j), F_py: (-2.2843956751575197e-35-1.524676699606973e-35j)
Free_energy = -18342.524396308087
------------------------------------------
[{'stable': {}, 'free': np.float64(-18342.524396308087)}]
------------------------------------------
====================================
mu=-3.18, T=0.0134
====================================
  Seed: normal state
  Seed uu: [0.+0.j 0.+0.j 0.+0.j 0.+0.j], Seed dd: [0.+0.j 0.+0.j 0.+0.j 0.+0.j]
F_onsite: 0j
F_swave: 0j, F_dwave: 0j
F_px: 0j, F_py: 0j
Free_energy = -18342.697632159012
------------------------------------------
[{'stable': {}, 'free': np.float64(-18342.697632159012)}]
------------------------------------------
  Seed: uu:px
  Seed uu: [0.+0.j 0.+0.j 0.+0.j 0.+0.j], Seed dd: [0.+0.j 0.+0.j 0.+0.j 0.+0.j]
F_onsite: 0j
F_swave: 0j, F_dwave: 0j
F_px: 0j, F_py: 0j
Free_energy = -18342.697632159012
------------------------------------------
[{'stable': {}, 'free': np.float64(-18342.697632159012)}]
------------------------------------------
  Seed: uu:px+py
  Seed uu: [ 1.04390805e-19+1.45949379e-32j -1.04390805e-19-9.27455639e-33j
  1.04390805e-19+1.46129935e-32j -1.04390805e-19-9.27455639e-33j], Seed dd: [0.+0.j 0.+0.j 0.+0.j 0.+0.j]
F_onsite: (1.902920953553088e-26-8.80682225435885e-25j)
F_swave: (1.2129674668646556e-26-5.613691693030415e-25j), F_dwave: (4.8065964005123336e-35+1.1332381736065553e-30j)
F_px: (2.0872434992262704e-22+3.7921014433668305e-22j), F_py: (-2.087243145336635e-22-3.792101443367771e-22j)
Free_energy = -18342.697632159012
------------------------------------------
[{'stable': {}, 'free': np.float64(-18342.697632159012)}]
------------------------------------------
  Seed: uu:px+ipy
  Seed uu: [ 3.21102877e-20+3.78264678e-33j -3.21102877e-20-1.33009537e-33j
 -2.19977311e-33+3.21102877e-20j -2.56539887e-34-3.21102877e-20j], Seed dd: [0.+0.j 0.+0.j 0.+0.j 0.+0.j]
F_onsite: (2.487613289515133e-20+4.017592054461275e-20j)
F_swave: (1.7764892545030355e-20+2.775339355339368e-20j), F_dwave: (1.2918847646216164e-21-6.819270746140367e-21j)
F_px: (1.412075996735479e-20+1.0026747948303892e-21j), F_py: (-5.018772783434179e-21+1.7031760220581268e-20j)
Free_energy = -18342.69763215901
------------------------------------------
[{'stable': {}, 'free': np.float64(-18342.697632159012)}]
------------------------------------------
  Seed: dd:px
  Seed uu: [0.+0.j 0.+0.j 0.+0.j 0.+0.j], Seed dd: [ 1.65586442e-15-4.86637568e-24j -1.65586442e-15+4.86631578e-24j
 -4.88099461e-24-1.65575931e-15j  4.88093487e-24+1.65575931e-15j]
F_onsite: (2.2682475095366214e-34-8.268592347804671e-35j)
F_swave: (1.6388298505361676e-34-5.604654581213894e-35j), F_dwave: (4.7464443984422273e-35-2.0367830518242598e-35j)
F_px: (8.840671636786415e-36-3.7480128910411105e-36j), F_py: (2.5823023549626975e-35+6.169466639676306e-36j)
Free_energy = -18342.697632159012
------------------------------------------
[{'stable': {}, 'free': np.float64(-18342.697632159012)}]
------------------------------------------
  Seed: dd:px+py
  Seed uu: [0.+0.j 0.+0.j 0.+0.j 0.+0.j], Seed dd: [ 1.71634113e-15-5.00156154e-26j -1.71634113e-15+4.98057966e-26j
  1.71634113e-15-5.00157684e-26j -1.71634113e-15+4.98051559e-26j]
F_onsite: (7.661492621833435e-35+5.1839948815450154e-45j)
F_swave: (7.101943132161982e-35+3.302616414231327e-45j), F_dwave: (-6.177876469659562e-37-1.1093042652766649e-46j)
F_px: (-3.1685251451083566e-45-2.3578171335325358e-36j), F_py: (-1.806024533315238e-45-1.8648403486238797e-35j)
Free_energy = -18342.697632159012
------------------------------------------
[{'stable': {}, 'free': np.float64(-18342.697632159012)}]
------------------------------------------
  Seed: dd:px+ipy
  Seed uu: [0.+0.j 0.+0.j 0.+0.j 0.+0.j], Seed dd: [ 1.65581350e-15-1.41852790e-26j -1.65581350e-15+1.41256946e-26j
  1.41091790e-26+1.65581350e-15j -1.40495713e-26-1.65581350e-15j]
F_onsite: (1.4682885911227659e-33-1.1990823356412646e-34j)
F_swave: (9.788699301372112e-34-8.210562507524757e-35j), F_dwave: (-4.381972827488949e-35+2.4006668065266764e-36j)
F_px: (3.8628787105682607e-35+1.1476254752806085e-33j), F_py: (-3.230184872239043e-35-1.0482571554535773e-33j)
Free_energy = -18342.697632159012
------------------------------------------
[{'stable': {}, 'free': np.float64(-18342.697632159012)}]
------------------------------------------
  Seed: uu+dd:px
  Seed uu: [0.+0.j 0.+0.j 0.+0.j 0.+0.j], Seed dd: [ 1.65586053e-15-5.15347568e-24j -1.65586053e-15+5.15341638e-24j
 -5.16819819e-24-1.65576321e-15j  5.16813859e-24+1.65576321e-15j]
F_onsite: (1.58635097751664e-36-5.151554429853445e-36j)
F_swave: (2.5448981468201898e-36-5.24039014736985e-36j), F_dwave: (-1.4801450801330937e-37-4.403764712662146e-36j)
F_px: (2.3235317757604044e-37-1.6583681322600983e-34j), F_py: (4.613225255161468e-35-4.044335700775709e-35j)
Free_energy = -18342.697632159012
------------------------------------------
[{'stable': {}, 'free': np.float64(-18342.697632159012)}]
------------------------------------------
  Seed: uu+dd:px+py
  Seed uu: [0.+0.j 0.+0.j 0.+0.j 0.+0.j], Seed dd: [ 1.71634113e-15-5.00443879e-26j -1.71634113e-15+4.98339328e-26j
  1.71634113e-15-5.00414532e-26j -1.71634113e-15+4.98300957e-26j]
F_onsite: (2.72794492354787e-35+2.886528323128029e-45j)
F_swave: (2.529678195487569e-35+1.839948515874186e-45j), F_dwave: (1.5363039070197658e-36-9.423207842967392e-47j)
F_px: (-3.924714427946481e-46+1.6233768889563357e-36j), F_py: (-5.225990018525518e-46-1.2029600952145184e-36j)
Free_energy = -18342.697632159012
------------------------------------------
[{'stable': {}, 'free': np.float64(-18342.697632159012)}]
------------------------------------------
  Seed: uu+dd:px+ipy
  Seed uu: [0.+0.j 0.+0.j 0.+0.j 0.+0.j], Seed dd: [ 1.65581350e-15-1.41716306e-26j -1.65581350e-15+1.41129426e-26j
  1.41014140e-26+1.65581350e-15j -1.40417607e-26-1.65581350e-15j]
F_onsite: (3.434886354396115e-35-6.328098297955175e-36j)
F_swave: (3.1826013258367767e-35-4.133118063005399e-36j), F_dwave: (-3.083497237988666e-37+1.988644859234028e-36j)
F_px: (-5.5453496804547735e-36+1.772254932672192e-35j), F_py: (2.2652574653051145e-35+1.8554735675619427e-35j)
Free_energy = -18342.697632159015
------------------------------------------
[{'stable': {}, 'free': np.float64(-18342.697632159012)}]
------------------------------------------
====================================
mu=-3.18, T=0.0175
====================================
  Seed: normal state
  Seed uu: [0.+0.j 0.+0.j 0.+0.j 0.+0.j], Seed dd: [0.+0.j 0.+0.j 0.+0.j 0.+0.j]
F_onsite: 0j
F_swave: 0j, F_dwave: 0j
F_px: 0j, F_py: 0j
Free_energy = -18342.929257445026
------------------------------------------
[{'stable': {}, 'free': np.float64(-18342.929257445026)}]
------------------------------------------
  Seed: uu:px
  Seed uu: [0.+0.j 0.+0.j 0.+0.j 0.+0.j], Seed dd: [0.+0.j 0.+0.j 0.+0.j 0.+0.j]
F_onsite: 0j
F_swave: 0j, F_dwave: 0j
F_px: 0j, F_py: 0j
Free_energy = -18342.929257445026
------------------------------------------
[{'stable': {}, 'free': np.float64(-18342.929257445026)}]
------------------------------------------
  Seed: uu:px+py
  Seed uu: [0.+0.j 0.+0.j 0.+0.j 0.+0.j], Seed dd: [0.+0.j 0.+0.j 0.+0.j 0.+0.j]
F_onsite: 0j
F_swave: 0j, F_dwave: 0j
F_px: 0j, F_py: 0j
Free_energy = -18342.929257445026
------------------------------------------
[{'stable': {}, 'free': np.float64(-18342.929257445026)}]
------------------------------------------
  Seed: uu:px+ipy
  Seed uu: [0.+0.j 0.+0.j 0.+0.j 0.+0.j], Seed dd: [0.+0.j 0.+0.j 0.+0.j 0.+0.j]
F_onsite: 0j
F_swave: 0j, F_dwave: 0j
F_px: 0j, F_py: 0j
Free_energy = -18342.929257445026
------------------------------------------
[{'stable': {}, 'free': np.float64(-18342.929257445026)}]
------------------------------------------
  Seed: dd:px
  Seed uu: [0.+0.j 0.+0.j 0.+0.j 0.+0.j], Seed dd: [ 6.78998422e-16-1.99558339e-24j -6.78998422e-16+1.99555713e-24j
 -2.00157699e-24-6.78955320e-16j  2.00155074e-24+6.78955320e-16j]
F_onsite: (3.0043259967274833e-36+4.326998475215513e-35j)
F_swave: (6.904024090306429e-37+2.86317177334748e-35j), F_dwave: (-3.20178311110805e-36+9.09400205344587e-36j)
F_px: (-1.4013619286205436e-35+5.964667994587042e-36j), F_py: (2.1045625265291221e-35-1.069883768335475e-35j)
Free_energy = -18342.929257445026
------------------------------------------
[{'stable': {}, 'free': np.float64(-18342.929257445026)}]
------------------------------------------
  Seed: dd:px+py
  Seed uu: [0.+0.j 0.+0.j 0.+0.j 0.+0.j], Seed dd: [ 7.01224573e-16-2.07563474e-26j -7.01224573e-16+2.06642521e-26j
  7.01224573e-16-2.07589189e-26j -7.01224573e-16+2.06664743e-26j]
F_onsite: (6.101807287851317e-35+4.33817819257299e-44j)
F_swave: (5.64385726241423e-35+2.889113954810171e-44j), F_dwave: (-1.7977130563387806e-36-1.35714629565895e-44j)
F_px: (3.981830875248209e-44-2.8170772802779606e-36j), F_py: (-4.6226374401045955e-45-7.248203933146127e-36j)
Free_energy = -18342.929257445026
------------------------------------------
[{'stable': {}, 'free': np.float64(-18342.929257445026)}]
------------------------------------------
  Seed: dd:px+ipy
  Seed uu: [0.+0.j 0.+0.j 0.+0.j 0.+0.j], Seed dd: [ 6.78977541e-16-5.90529127e-27j -6.78977541e-16+5.87940676e-27j
  5.87752375e-27+6.78977541e-16j -5.85097548e-27-6.78977541e-16j]
F_onsite: (-1.8015151399792153e-35-4.3490336582184334e-35j)
F_swave: (-1.662394362756053e-35-2.976873600137692e-35j), F_dwave: (8.649084336599946e-37-1.1486796066311739e-36j)
F_px: (1.7905583567607295e-35-6.851134952780367e-36j), F_py: (3.067098425478111e-35+1.2850009175397868e-35j)
Free_energy = -18342.929257445026
------------------------------------------
[{'stable': {}, 'free': np.float64(-18342.929257445026)}]
------------------------------------------
  Seed: uu+dd:px
  Seed uu: [0.+0.j 0.+0.j 0.+0.j 0.+0.j], Seed dd: [ 6.78996827e-16-2.11330912e-24j -6.78996827e-16+2.11328305e-24j
 -2.11934664e-24-6.78956922e-16j  2.11932035e-24+6.78956922e-16j]
F_onsite: (-6.303117336903015e-35-1.2546928447108479e-36j)
F_swave: (-5.492244877189673e-35+1.1064361635535017e-36j), F_dwave: (-3.6195411015852145e-36-2.513425730185848e-36j)
F_px: (-2.8056766870775886e-36+9.01723805158509e-36j), F_py: (-1.1164026483605021e-35+2.0978679256955387e-35j)
Free_energy = -18342.929257445026
------------------------------------------
[{'stable': {}, 'free': np.float64(-18342.929257445026)}]
------------------------------------------
  Seed: uu+dd:px+py
  Seed uu: [0.+0.j 0.+0.j 0.+0.j 0.+0.j], Seed dd: [ 7.01224573e-16-2.07667976e-26j -7.01224573e-16+2.06744691e-26j
  7.01224573e-16-2.07679838e-26j -7.01224573e-16+2.06760276e-26j]
F_onsite: (1.4161013504422548e-36+5.715599006013421e-44j)
F_swave: (1.3331930132430917e-36+3.8296650420815813e-44j), F_dwave: (-1.8290736960888115e-38+1.7980011348307943e-44j)
F_px: (7.332669677884167e-45+9.371256911859301e-38j), F_py: (5.27302654299023e-44-3.49658528812064e-37j)
Free_energy = -18342.929257445026
------------------------------------------
[{'stable': {}, 'free': np.float64(-18342.929257445026)}]
------------------------------------------
  Seed: uu+dd:px+ipy
  Seed uu: [0.+0.j 0.+0.j 0.+0.j 0.+0.j], Seed dd: [ 6.78977541e-16-5.90044132e-27j -6.78977541e-16+5.87419271e-27j
  5.87422176e-27+6.78977541e-16j -5.84789477e-27-6.78977541e-16j]
F_onsite: (-2.9725010040111e-34-3.992569712651664e-34j)
F_swave: (-2.155567123117856e-34-2.6694017461051796e-34j), F_dwave: (3.6016742417142443e-35-1.36062813059573e-34j)
F_px: (6.796912473291119e-35-1.2567292654804617e-34j), F_py: (3.88246882859555e-34-6.794528998394498e-36j)
Free_energy = -18342.929257445026
------------------------------------------
[{'stable': {}, 'free': np.float64(-18342.929257445026)}]
------------------------------------------
====================================
mu=-3.18, T=0.0216
====================================
  Seed: normal state
  Seed uu: [0.+0.j 0.+0.j 0.+0.j 0.+0.j], Seed dd: [0.+0.j 0.+0.j 0.+0.j 0.+0.j]
F_onsite: 0j
F_swave: 0j, F_dwave: 0j
F_px: 0j, F_py: 0j
Free_energy = -18343.21440782123
------------------------------------------
[{'stable': {}, 'free': np.float64(-18343.21440782123)}]
------------------------------------------
  Seed: uu:px
  Seed uu: [0.+0.j 0.+0.j 0.+0.j 0.+0.j], Seed dd: [0.+0.j 0.+0.j 0.+0.j 0.+0.j]
F_onsite: 0j
F_swave: 0j, F_dwave: 0j
F_px: 0j, F_py: 0j
Free_energy = -18343.21440782123
------------------------------------------
[{'stable': {}, 'free': np.float64(-18343.21440782123)}]
------------------------------------------
  Seed: uu:px+py
  Seed uu: [0.+0.j 0.+0.j 0.+0.j 0.+0.j], Seed dd: [0.+0.j 0.+0.j 0.+0.j 0.+0.j]
F_onsite: 0j
F_swave: 0j, F_dwave: 0j
F_px: 0j, F_py: 0j
Free_energy = -18343.21440782123
------------------------------------------
[{'stable': {}, 'free': np.float64(-18343.21440782123)}]
------------------------------------------
  Seed: uu:px+ipy
  Seed uu: [0.+0.j 0.+0.j 0.+0.j 0.+0.j], Seed dd: [0.+0.j 0.+0.j 0.+0.j 0.+0.j]
F_onsite: 0j
F_swave: 0j, F_dwave: 0j
F_px: 0j, F_py: 0j
Free_energy = -18343.21440782123
------------------------------------------
[{'stable': {}, 'free': np.float64(-18343.21440782123)}]
------------------------------------------
  Seed: dd:px
  Seed uu: [0.+0.j 0.+0.j 0.+0.j 0.+0.j], Seed dd: [ 4.70517871e-16-1.38287570e-24j -4.70517871e-16+1.38285629e-24j
 -1.38702947e-24-4.70488003e-16j  1.38701020e-24+4.70488003e-16j]
F_onsite: (7.292216592446683e-35-7.918858919367805e-35j)
F_swave: (6.051593854051041e-35-5.120636194345016e-35j), F_dwave: (1.4362296557206772e-36+8.618098519549326e-36j)
F_px: (-1.0985746383902578e-35+9.326215814944125e-36j), F_py: (-4.626908144980795e-35-1.1170008398438789e-35j)
Free_energy = -18343.21440782123
------------------------------------------
[{'stable': {}, 'free': np.float64(-18343.21440782123)}]
------------------------------------------
  Seed: dd:px+py
  Seed uu: [0.+0.j 0.+0.j 0.+0.j 0.+0.j], Seed dd: [ 4.84622364e-16-1.44135368e-26j -4.84622364e-16+1.43458842e-26j
  4.84622364e-16-1.44144477e-26j -4.84622364e-16+1.43469483e-26j]
F_onsite: (3.3475234777623786e-35+7.460957587114358e-44j)
F_swave: (3.1038253506833327e-35+4.994832621617307e-44j), F_dwave: (1.9071935100453537e-36-2.7051185269078617e-46j)
F_px: (4.01063980422888e-44-3.5177688379214576e-36j), F_py: (3.885979118108999e-44-1.4770418603937598e-35j)
Free_energy = -18343.21440782123
------------------------------------------
[{'stable': {}, 'free': np.float64(-18343.21440782123)}]
------------------------------------------
  Seed: dd:px+ipy
  Seed uu: [0.+0.j 0.+0.j 0.+0.j 0.+0.j], Seed dd: [ 4.70503402e-16-4.11164962e-27j -4.70503402e-16+4.09244223e-27j
  4.09208634e-27+4.70503402e-16j -4.07286027e-27-4.70503402e-16j]
F_onsite: (-5.153602842781672e-35-6.040433407412599e-35j)
F_swave: (-4.562412100433652e-35-4.003046362255424e-35j), F_dwave: (4.9614309922216325e-36+3.860286632427944e-36j)
F_px: (3.5046418424622957e-35+6.911331300088513e-36j), F_py: (-3.528266044338999e-35+1.0927621375261286e-35j)
Free_energy = -18343.21440782123
------------------------------------------
[{'stable': {}, 'free': np.float64(-18343.21440782123)}]
------------------------------------------
  Seed: uu+dd:px
  Seed uu: [0.+0.j 0.+0.j 0.+0.j 0.+0.j], Seed dd: [ 4.70516766e-16-1.46445515e-24j -4.70516766e-16+1.46443580e-24j
 -1.46863897e-24-4.70489113e-16j  1.46861971e-24+4.70489113e-16j]
F_onsite: (-1.112009415049972e-33-3.355089505871504e-35j)
F_swave: (-7.4566259859312525e-34-1.9699766808517913e-35j), F_dwave: (-9.591493346787272e-35+1.213937848220762e-35j)
F_px: (-1.891897434613464e-35+6.274790520658449e-34j), F_py: (-5.911090848832293e-35+4.898504329847164e-34j)
Free_energy = -18343.21440782123
------------------------------------------
[{'stable': {}, 'free': np.float64(-18343.21440782123)}]
------------------------------------------
  Seed: uu+dd:px+py
  Seed uu: [0.+0.j 0.+0.j 0.+0.j 0.+0.j], Seed dd: [ 4.84622364e-16-1.44195919e-26j -4.84622364e-16+1.43522072e-26j
  4.84622364e-16-1.44211785e-26j -4.84622364e-16+1.43538288e-26j]
F_onsite: (-5.499872377372828e-35-2.2060489817396985e-44j)
F_swave: (-5.094217372446483e-35-1.4622418095480142e-44j), F_dwave: (1.768793120022676e-36+5.475930269433902e-46j)
F_px: (-1.4359161128499312e-44+1.1536251598613456e-35j), F_py: (-1.5244706877776478e-44+1.1030072390459372e-35j)
Free_energy = -18343.21440782123
------------------------------------------
[{'stable': {}, 'free': np.float64(-18343.21440782123)}]
------------------------------------------
  Seed: uu+dd:px+ipy
  Seed uu: [0.+0.j 0.+0.j 0.+0.j 0.+0.j], Seed dd: [ 4.70503402e-16-4.10802073e-27j -4.70503402e-16+4.08866451e-27j
  4.08983197e-27+4.70503402e-16j -4.07058810e-27-4.70503402e-16j]
F_onsite: (-2.4026718192028346e-34+2.6335926564771243e-34j)
F_swave: (-1.6006117461979619e-34+1.7675575625324368e-34j), F_dwave: (-2.1145972436593567e-35-1.6177331488340022e-35j)
F_px: (2.1269136266650132e-34-1.617917598604564e-34j), F_py: (1.7236154324049268e-34+2.0632933661829903e-34j)
Free_energy = -18343.21440782123
------------------------------------------
[{'stable': {}, 'free': np.float64(-18343.21440782123)}]
------------------------------------------
====================================
mu=-3.18, T=0.0258
====================================
  Seed: normal state
  Seed uu: [0.+0.j 0.+0.j 0.+0.j 0.+0.j], Seed dd: [0.+0.j 0.+0.j 0.+0.j 0.+0.j]
F_onsite: 0j
F_swave: 0j, F_dwave: 0j
F_px: 0j, F_py: 0j
Free_energy = -18343.551902270723
------------------------------------------
[{'stable': {}, 'free': np.float64(-18343.551902270723)}]
------------------------------------------
  Seed: uu:px
  Seed uu: [0.+0.j 0.+0.j 0.+0.j 0.+0.j], Seed dd: [0.+0.j 0.+0.j 0.+0.j 0.+0.j]
F_onsite: 0j
F_swave: 0j, F_dwave: 0j
F_px: 0j, F_py: 0j
Free_energy = -18343.551902270723
------------------------------------------
[{'stable': {}, 'free': np.float64(-18343.551902270723)}]
------------------------------------------
  Seed: uu:px+py
  Seed uu: [0.+0.j 0.+0.j 0.+0.j 0.+0.j], Seed dd: [0.+0.j 0.+0.j 0.+0.j 0.+0.j]
F_onsite: 0j
F_swave: 0j, F_dwave: 0j
F_px: 0j, F_py: 0j
Free_energy = -18343.551902270723
------------------------------------------
[{'stable': {}, 'free': np.float64(-18343.551902270723)}]
------------------------------------------
  Seed: uu:px+ipy
  Seed uu: [0.+0.j 0.+0.j 0.+0.j 0.+0.j], Seed dd: [0.+0.j 0.+0.j 0.+0.j 0.+0.j]
F_onsite: 0j
F_swave: 0j, F_dwave: 0j
F_px: 0j, F_py: 0j
Free_energy = -18343.551902270723
------------------------------------------
[{'stable': {}, 'free': np.float64(-18343.551902270723)}]
------------------------------------------
  Seed: dd:px
  Seed uu: [0.+0.j 0.+0.j 0.+0.j 0.+0.j], Seed dd: [ 3.73613282e-16-1.09807630e-24j -3.73613282e-16+1.09806021e-24j
 -1.10137454e-24-3.73589566e-16j  1.10135852e-24+3.73589566e-16j]
F_onsite: (1.3012464192514312e-34+2.293065066824372e-35j)
F_swave: (8.539770630721499e-35+1.344470882344633e-35j), F_dwave: (4.1745759926672775e-35-1.0257832886658035e-36j)
F_px: (-3.9437974680986995e-36+1.8552550491423045e-35j), F_py: (4.358209009517098e-37+1.3838918826896013e-34j)
Free_energy = -18343.551902270723
------------------------------------------
[{'stable': {}, 'free': np.float64(-18343.551902270723)}]
------------------------------------------
  Seed: dd:px+py
  Seed uu: [0.+0.j 0.+0.j 0.+0.j 0.+0.j], Seed dd: [ 3.02872195e-16-9.05219634e-27j -3.02872195e-16+9.00779280e-27j
  3.02872195e-16-9.05278769e-27j -3.02872195e-16+9.00821060e-27j]
F_onsite: (4.37420697238907e-35+4.497009834306049e-44j)
F_swave: (4.051740841664055e-35+3.005706138497077e-44j), F_dwave: (1.671745759635242e-36-7.320468736673314e-45j)
F_px: (-3.0695815337525116e-44+3.8752784272223974e-36j), F_py: (-9.613515038142143e-45+2.10929189532097e-37j)
Free_energy = -18343.551902270723
------------------------------------------
[{'stable': {}, 'free': np.float64(-18343.551902270723)}]
------------------------------------------
  Seed: dd:px+ipy
  Seed uu: [0.+0.j 0.+0.j 0.+0.j 0.+0.j], Seed dd: [ 3.73601793e-16-3.27263619e-27j -3.73601793e-16+3.25673153e-27j
  3.25730507e-27+3.73601793e-16j -3.24127330e-27-3.73601793e-16j]
F_onsite: (-5.4257619613107195e-36-1.2851820349773322e-35j)
F_swave: (-1.4638033812336382e-36-8.014547094680541e-36j), F_dwave: (-3.440564149638569e-37-1.5512207029300098e-35j)
F_px: (-1.738765541482814e-35+5.883781605582939e-37j), F_py: (5.3150402904101255e-36+6.6260828623111e-36j)
Free_energy = -18343.551902270723
------------------------------------------
[{'stable': {}, 'free': np.float64(-18343.551902270723)}]
------------------------------------------
  Seed: uu+dd:px
  Seed uu: [0.+0.j 0.+0.j 0.+0.j 0.+0.j], Seed dd: [ 3.73612404e-16-1.16285374e-24j -3.73612404e-16+1.16283749e-24j
 -1.16617637e-24-3.73590447e-16j  1.16616022e-24+3.73590447e-16j]
F_onsite: (-1.4413845248868139e-34+3.389035861026011e-35j)
F_swave: (-9.810849127339576e-35+2.2519234555956167e-35j), F_dwave: (-4.335873717518218e-35+3.58842370917443e-36j)
F_px: (-2.3307812341538656e-35-3.820440645743794e-35j), F_py: (-3.974057307139554e-36+1.328092719211037e-34j)
Free_energy = -18343.551902270723
------------------------------------------
[{'stable': {}, 'free': np.float64(-18343.551902270723)}]
------------------------------------------
  Seed: uu+dd:px+py
  Seed uu: [0.+0.j 0.+0.j 0.+0.j 0.+0.j], Seed dd: [ 3.02872195e-16-9.05601900e-27j -3.02872195e-16+9.01166204e-27j
  3.02872195e-16-9.05689929e-27j -3.02872195e-16+9.01256686e-27j]
F_onsite: (5.313765215892543e-35+4.902081772143071e-44j)
F_swave: (4.92884760321645e-35+3.280233078890189e-44j), F_dwave: (1.0052139751260643e-36-7.249680500683599e-46j)
F_px: (2.4911022382766493e-44+2.0514803427659335e-36j), F_py: (-2.321090882385337e-44+8.371586494141347e-36j)
Free_energy = -18343.551902270723
------------------------------------------
[{'stable': {}, 'free': np.float64(-18343.551902270723)}]
------------------------------------------
  Seed: uu+dd:px+ipy
  Seed uu: [0.+0.j 0.+0.j 0.+0.j 0.+0.j], Seed dd: [ 3.73601793e-16-3.26959409e-27j -3.73601793e-16+3.25372752e-27j
  3.25552489e-27+3.73601793e-16j -3.23948171e-27-3.73601793e-16j]
F_onsite: (-3.8335791105739675e-35-4.268191711419505e-35j)
F_swave: (-3.210760392715886e-35-3.0997927950190306e-35j), F_dwave: (3.057900569239128e-38-2.4112347677050897e-36j)
F_px: (-2.6056286310541464e-35+1.0441050493936194e-35j), F_py: (-1.5665193635070185e-35-1.7724901707934407e-35j)
Free_energy = -18343.551902270723
------------------------------------------
[{'stable': {}, 'free': np.float64(-18343.551902270723)}]
------------------------------------------
====================================
mu=-3.18, T=0.0299
====================================
  Seed: normal state
  Seed uu: [0.+0.j 0.+0.j 0.+0.j 0.+0.j], Seed dd: [0.+0.j 0.+0.j 0.+0.j 0.+0.j]
F_onsite: 0j
F_swave: 0j, F_dwave: 0j
F_px: 0j, F_py: 0j
Free_energy = -18343.942076951724
------------------------------------------
[{'stable': {}, 'free': np.float64(-18343.942076951724)}]
------------------------------------------
  Seed: uu:px
  Seed uu: [0.+0.j 0.+0.j 0.+0.j 0.+0.j], Seed dd: [0.+0.j 0.+0.j 0.+0.j 0.+0.j]
F_onsite: 0j
F_swave: 0j, F_dwave: 0j
F_px: 0j, F_py: 0j
Free_energy = -18343.942076951724
------------------------------------------
[{'stable': {}, 'free': np.float64(-18343.942076951724)}]
------------------------------------------
  Seed: uu:px+py
  Seed uu: [0.+0.j 0.+0.j 0.+0.j 0.+0.j], Seed dd: [0.+0.j 0.+0.j 0.+0.j 0.+0.j]
F_onsite: 0j
F_swave: 0j, F_dwave: 0j
F_px: 0j, F_py: 0j
Free_energy = -18343.942076951724
------------------------------------------
[{'stable': {}, 'free': np.float64(-18343.942076951724)}]
------------------------------------------
  Seed: uu:px+ipy
  Seed uu: [0.+0.j 0.+0.j 0.+0.j 0.+0.j], Seed dd: [0.+0.j 0.+0.j 0.+0.j 0.+0.j]
F_onsite: 0j
F_swave: 0j, F_dwave: 0j
F_px: 0j, F_py: 0j
Free_energy = -18343.942076951724
------------------------------------------
[{'stable': {}, 'free': np.float64(-18343.942076951724)}]
------------------------------------------
  Seed: dd:px
  Seed uu: [0.+0.j 0.+0.j 0.+0.j 0.+0.j], Seed dd: [ 2.83350176e-16-8.32792627e-25j -2.83350176e-16+8.32780008e-25j
 -8.35294313e-25-2.83332189e-16j  8.35281593e-25+2.83332189e-16j]
F_onsite: (-1.4817247524449507e-35+2.3321417346949886e-36j)
F_swave: (-1.1989718358105132e-35+1.2574161053289181e-36j), F_dwave: (-1.7344121802725247e-36+7.729370213058047e-36j)
F_px: (2.35899634054349e-36+2.5035364806840615e-37j), F_py: (-7.133213080381411e-36+1.0612208054938223e-35j)
Free_energy = -18343.942076951724
------------------------------------------
[{'stable': {}, 'free': np.float64(-18343.942076951724)}]
------------------------------------------
  Seed: dd:px+py
  Seed uu: [0.+0.j 0.+0.j 0.+0.j 0.+0.j], Seed dd: [ 2.27535262e-16-6.81806683e-27j -2.27535262e-16+6.78285089e-27j
  2.27535262e-16-6.81907582e-27j -2.27535262e-16+6.78394581e-27j]
F_onsite: (9.776591443839649e-36-1.2054594638116632e-44j)
F_swave: (9.112893776744844e-36-8.05687097857632e-45j), F_dwave: (5.207231736307962e-37+3.0543569982300022e-46j)
F_px: (-9.306309466937679e-45-5.391368427758574e-38j), F_py: (-1.1186888767267406e-44+3.644157027038844e-36j)
Free_energy = -18343.942076951724
------------------------------------------
[{'stable': {}, 'free': np.float64(-18343.942076951724)}]
------------------------------------------
  Seed: dd:px+ipy
  Seed uu: [0.+0.j 0.+0.j 0.+0.j 0.+0.j], Seed dd: [ 2.83341462e-16-2.48853051e-27j -2.83341462e-16+2.47567105e-27j
  2.47671385e-27+2.83341462e-16j -2.46401643e-27-2.83341462e-16j]
F_onsite: (-1.8504521818428822e-34+2.1046458078240185e-35j)
F_swave: (-1.2462067024744314e-34+1.3001258764931843e-35j), F_dwave: (-2.081986497803005e-35+6.133826487894834e-36j)
F_px: (1.3709757475175777e-35-1.062801721464191e-34j), F_py: (6.55295475526545e-37+1.507184065254184e-34j)
Free_energy = -18343.942076951727
------------------------------------------
[{'stable': {}, 'free': np.float64(-18343.942076951724)}]
------------------------------------------
  Seed: uu+dd:px
  Seed uu: [0.+0.j 0.+0.j 0.+0.j 0.+0.j], Seed dd: [ 2.83349511e-16-8.81920427e-25j -2.83349511e-16+8.81907866e-25j
 -8.84440342e-25-2.83332858e-16j  8.84427618e-25+2.83332858e-16j]
F_onsite: (2.161041730173961e-34+2.719800496948443e-35j)
F_swave: (1.4105350589643373e-34+1.639851625417864e-35j), F_dwave: (4.0275406620050443e-35-1.6958164726961501e-35j)
F_px: (-5.824642504199066e-35-9.140567728179549e-35j), F_py: (1.979815975678847e-35-2.0255450473469825e-34j)
Free_energy = -18343.942076951724
------------------------------------------
[{'stable': {}, 'free': np.float64(-18343.942076951724)}]
------------------------------------------
  Seed: uu+dd:px+py
  Seed uu: [0.+0.j 0.+0.j 0.+0.j 0.+0.j], Seed dd: [ 2.27535262e-16-6.82098039e-27j -2.27535262e-16+6.78599449e-27j
  2.27535262e-16-6.82206938e-27j -2.27535262e-16+6.78696638e-27j]
F_onsite: (3.428606150815179e-35+1.8153701994410789e-44j)
F_swave: (3.176698548541862e-35+1.2082103911074508e-44j), F_dwave: (2.3426754273578624e-36-5.1051959208830505e-45j)
F_px: (-1.579408831840651e-44-1.599764917253526e-36j), F_py: (3.0569666188738185e-45-2.957329314612071e-36j)
Free_energy = -18343.942076951724
------------------------------------------
[{'stable': {}, 'free': np.float64(-18343.942076951724)}]
------------------------------------------
  Seed: uu+dd:px+ipy
  Seed uu: [0.+0.j 0.+0.j 0.+0.j 0.+0.j], Seed dd: [ 2.83341462e-16-2.48614349e-27j -2.83341462e-16+2.47341726e-27j
  2.47536392e-27+2.83341462e-16j -2.46264907e-27-2.83341462e-16j]
F_onsite: (-2.45326372235284e-35-7.252861811768489e-36j)
F_swave: (-1.7637019035970523e-35-5.3248080457668546e-36j), F_dwave: (-6.110514257131101e-36-1.8447659189638443e-36j)
F_px: (1.3988251802481346e-35+2.1095345610378735e-35j), F_py: (1.1071437655114067e-35+1.476088275261179e-35j)
Free_energy = -18343.942076951724
------------------------------------------
[{'stable': {}, 'free': np.float64(-18343.942076951724)}]
------------------------------------------
====================================
mu=-3.18, T=0.0340
====================================
  Seed: normal state
  Seed uu: [0.+0.j 0.+0.j 0.+0.j 0.+0.j], Seed dd: [0.+0.j 0.+0.j 0.+0.j 0.+0.j]
F_onsite: 0j
F_swave: 0j, F_dwave: 0j
F_px: 0j, F_py: 0j
Free_energy = -18344.38568125571
------------------------------------------
[{'stable': {}, 'free': np.float64(-18344.38568125571)}]
------------------------------------------
  Seed: uu:px
  Seed uu: [0.+0.j 0.+0.j 0.+0.j 0.+0.j], Seed dd: [0.+0.j 0.+0.j 0.+0.j 0.+0.j]
F_onsite: 0j
F_swave: 0j, F_dwave: 0j
F_px: 0j, F_py: 0j
Free_energy = -18344.38568125571
------------------------------------------
[{'stable': {}, 'free': np.float64(-18344.38568125571)}]
------------------------------------------
  Seed: uu:px+py
  Seed uu: [0.+0.j 0.+0.j 0.+0.j 0.+0.j], Seed dd: [0.+0.j 0.+0.j 0.+0.j 0.+0.j]
F_onsite: 0j
F_swave: 0j, F_dwave: 0j
F_px: 0j, F_py: 0j
Free_energy = -18344.38568125571
------------------------------------------
[{'stable': {}, 'free': np.float64(-18344.38568125571)}]
------------------------------------------
  Seed: uu:px+ipy
  Seed uu: [0.+0.j 0.+0.j 0.+0.j 0.+0.j], Seed dd: [0.+0.j 0.+0.j 0.+0.j 0.+0.j]
F_onsite: 0j
F_swave: 0j, F_dwave: 0j
F_px: 0j, F_py: 0j
Free_energy = -18344.38568125571
------------------------------------------
[{'stable': {}, 'free': np.float64(-18344.38568125571)}]
------------------------------------------
  Seed: dd:px
  Seed uu: [0.+0.j 0.+0.j 0.+0.j 0.+0.j], Seed dd: [ 2.00729099e-16-5.89966165e-25j -2.00729099e-16+5.89956525e-25j
 -5.91738634e-25-2.00716357e-16j  5.91728978e-25+2.00716357e-16j]
F_onsite: (-1.1144111569142855e-35-4.366550057553289e-36j)
F_swave: (-6.921320277614511e-36-2.374548323030501e-36j), F_dwave: (-1.0079876541923694e-36+2.5966823140619964e-36j)
F_px: (3.3760084210058e-35-3.65106239054709e-36j), F_py: (8.739267021817993e-37-2.0520557238736778e-35j)
Free_energy = -18344.38568125571
------------------------------------------
[{'stable': {}, 'free': np.float64(-18344.38568125571)}]
------------------------------------------
  Seed: dd:px+py
  Seed uu: [0.+0.j 0.+0.j 0.+0.j 0.+0.j], Seed dd: [ 1.61879992e-16-4.86395794e-27j -1.61879992e-16+4.83761988e-27j
  1.61879992e-16-4.86444347e-27j -1.61879992e-16+4.83802513e-27j]
F_onsite: (-5.121756911449101e-36-2.5551706232381472e-45j)
F_swave: (-4.798750805034126e-36-1.7179850836710532e-45j), F_dwave: (-5.724156789481499e-41+3.9864709117183853e-45j)
F_px: (2.0388176956355843e-44-1.658381183879286e-36j), F_py: (7.107759367342414e-45-1.6608538923518823e-36j)
Free_energy = -18344.38568125571
------------------------------------------
[{'stable': {}, 'free': np.float64(-18344.38568125571)}]
------------------------------------------
  Seed: dd:px+ipy
  Seed uu: [0.+0.j 0.+0.j 0.+0.j 0.+0.j], Seed dd: [ 2.00722926e-16-1.76781230e-27j -2.00722926e-16+1.75813072e-27j
  1.75935659e-27+2.00722926e-16j -1.74970262e-27-2.00722926e-16j]
F_onsite: (-5.292222229302722e-35-1.1665457565310132e-36j)
F_swave: (-2.86241807600006e-35-1.0811253576242055e-38j), F_dwave: (-2.631827338413519e-35-3.38492162337632e-36j)
F_px: (-1.698088138161542e-35+1.4562193025227972e-35j), F_py: (-2.10623167852463e-35+8.25934880428349e-35j)
Free_energy = -18344.38568125571
------------------------------------------
[{'stable': {}, 'free': np.float64(-18344.38568125571)}]
------------------------------------------
  Seed: uu+dd:px
  Seed uu: [0.+0.j 0.+0.j 0.+0.j 0.+0.j], Seed dd: [ 2.00728627e-16-6.24769272e-25j -2.00728627e-16+6.24759573e-25j
 -6.26554347e-25-2.00716830e-16j  6.26544676e-25+2.00716830e-16j]
F_onsite: (5.64691632569456e-35+1.1198032153460894e-35j)
F_swave: (3.475691909012373e-35+7.204104655797653e-36j), F_dwave: (-1.5367853997888072e-35+3.7230333913701107e-36j)
F_px: (1.81993447944622e-36-7.498107344178888e-35j), F_py: (1.0676886418415179e-35-2.645753817981745e-35j)
Free_energy = -18344.38568125571
------------------------------------------
[{'stable': {}, 'free': np.float64(-18344.38568125571)}]
------------------------------------------
  Seed: uu+dd:px+py
  Seed uu: [0.+0.j 0.+0.j 0.+0.j 0.+0.j], Seed dd: [ 1.61879992e-16-4.86599410e-27j -1.61879992e-16+4.83964768e-27j
  1.61879992e-16-4.86677922e-27j -1.61879992e-16+4.84032514e-27j]
F_onsite: (2.8693443200569793e-35+7.341360037154016e-45j)
F_swave: (2.6657145648323227e-35+4.8853053130385414e-45j), F_dwave: (1.2471114552210218e-37+1.723396179350532e-46j)
F_px: (4.6828468107288424e-45-2.094126698640892e-36j), F_py: (4.360866864398166e-45-1.4497697063526247e-36j)
Free_energy = -18344.38568125571
------------------------------------------
[{'stable': {}, 'free': np.float64(-18344.38568125571)}]
------------------------------------------
  Seed: uu+dd:px+ipy
  Seed uu: [0.+0.j 0.+0.j 0.+0.j 0.+0.j], Seed dd: [ 2.00722926e-16-1.76615006e-27j -2.00722926e-16+1.75646195e-27j
  1.75840342e-27+2.00722926e-16j -1.74875333e-27-2.00722926e-16j]
F_onsite: (-1.8725198891617722e-35+6.772268722258757e-37j)
F_swave: (-1.5165723813612818e-35+4.646422885203294e-37j), F_dwave: (9.590741611171625e-37+3.430524137561901e-36j)
F_px: (9.533887226740227e-36+1.1545825076791799e-35j), F_py: (3.3268623014544247e-37+1.83392931297303e-36j)
Free_energy = -18344.38568125571
------------------------------------------
[{'stable': {}, 'free': np.float64(-18344.38568125571)}]
------------------------------------------
====================================
mu=-3.18, T=0.0381
====================================
  Seed: normal state
  Seed uu: [0.+0.j 0.+0.j 0.+0.j 0.+0.j], Seed dd: [0.+0.j 0.+0.j 0.+0.j 0.+0.j]
F_onsite: 0j
F_swave: 0j, F_dwave: 0j
F_px: 0j, F_py: 0j
Free_energy = -18344.883437056982
------------------------------------------
[{'stable': {}, 'free': np.float64(-18344.883437056982)}]
------------------------------------------
  Seed: uu:px
  Seed uu: [0.+0.j 0.+0.j 0.+0.j 0.+0.j], Seed dd: [0.+0.j 0.+0.j 0.+0.j 0.+0.j]
F_onsite: 0j
F_swave: 0j, F_dwave: 0j
F_px: 0j, F_py: 0j
Free_energy = -18344.883437056982
------------------------------------------
[{'stable': {}, 'free': np.float64(-18344.883437056982)}]
------------------------------------------
  Seed: uu:px+py
  Seed uu: [0.+0.j 0.+0.j 0.+0.j 0.+0.j], Seed dd: [0.+0.j 0.+0.j 0.+0.j 0.+0.j]
F_onsite: 0j
F_swave: 0j, F_dwave: 0j
F_px: 0j, F_py: 0j
Free_energy = -18344.883437056982
------------------------------------------
[{'stable': {}, 'free': np.float64(-18344.883437056982)}]
------------------------------------------
  Seed: uu:px+ipy
  Seed uu: [0.+0.j 0.+0.j 0.+0.j 0.+0.j], Seed dd: [0.+0.j 0.+0.j 0.+0.j 0.+0.j]
F_onsite: 0j
F_swave: 0j, F_dwave: 0j
F_px: 0j, F_py: 0j
Free_energy = -18344.883437056982
------------------------------------------
[{'stable': {}, 'free': np.float64(-18344.883437056982)}]
------------------------------------------
  Seed: dd:px
  Seed uu: [0.+0.j 0.+0.j 0.+0.j 0.+0.j], Seed dd: [ 1.30578002e-16-3.83787146e-25j -1.30578002e-16+3.83780341e-25j
 -3.84940390e-25-1.30569713e-16j  3.84933550e-25+1.30569713e-16j]
F_onsite: (-2.544440043132324e-36-2.034401349242141e-35j)
F_swave: (-1.824599333680684e-36-1.360117308236931e-35j), F_dwave: (-8.688482513072166e-37+2.58841238248221e-36j)
F_px: (1.0560475707748984e-35-2.0266800719048328e-36j), F_py: (1.6846224914263954e-35+3.148927718988596e-36j)
Free_energy = -18344.883437056982
------------------------------------------
[{'stable': {}, 'free': np.float64(-18344.883437056982)}]
------------------------------------------
  Seed: dd:px+py
  Seed uu: [0.+0.j 0.+0.j 0.+0.j 0.+0.j], Seed dd: [ 1.06620997e-16-3.21309113e-27j -1.06620997e-16+3.19431736e-27j
  1.06620997e-16-3.21337562e-27j -1.06620997e-16+3.19461207e-27j]
F_onsite: (1.0424836445791951e-38-1.0557509290164001e-44j)
F_swave: (7.8679784689081e-39-7.076505749547749e-45j), F_dwave: (-1.7197121469830447e-40+3.6748521502462164e-45j)
F_px: (-9.981587633434192e-45+4.587734170954618e-39j), F_py: (-2.0540196522995736e-45+7.174643615514353e-40j)
Free_energy = -18344.883437056982
------------------------------------------
[{'stable': {}, 'free': np.float64(-18344.883437056982)}]
------------------------------------------
  Seed: dd:px+ipy
  Seed uu: [0.+0.j 0.+0.j 0.+0.j 0.+0.j], Seed dd: [ 1.30573987e-16-1.15341926e-27j -1.30573987e-16+1.14665146e-27j
  1.14790716e-27+1.30573987e-16j -1.14108059e-27-1.30573987e-16j]
F_onsite: (-5.935385628171484e-36+7.75446887276979e-35j)
F_swave: (-4.061477669070621e-36+5.181613760974463e-35j), F_dwave: (2.759633132051449e-37+1.227493508119556e-36j)
F_px: (5.295935978617155e-35-3.298114353076304e-36j), F_py: (-4.7441359454116615e-35+3.022745896108155e-36j)
Free_energy = -18344.883437056982
------------------------------------------
[{'stable': {}, 'free': np.float64(-18344.883437056982)}]
------------------------------------------
  Seed: uu+dd:px
  Seed uu: [0.+0.j 0.+0.j 0.+0.j 0.+0.j], Seed dd: [ 1.30577696e-16-4.06427332e-25j -1.30577696e-16+4.06420498e-25j
 -4.07588638e-25-1.30570021e-16j  4.07581822e-25+1.30570021e-16j]
F_onsite: (-8.584293785707434e-35-5.932747505892836e-35j)
F_swave: (-5.847227914918122e-35-3.973932703011688e-35j), F_dwave: (2.5369728191992474e-35+2.242623050777578e-36j)
F_px: (-2.063244971988071e-35-3.328672999042244e-36j), F_py: (-2.879290264819693e-35-6.425047292778398e-36j)
Free_energy = -18344.883437056982
------------------------------------------
[{'stable': {}, 'free': np.float64(-18344.883437056982)}]
------------------------------------------
  Seed: uu+dd:px+py
  Seed uu: [0.+0.j 0.+0.j 0.+0.j 0.+0.j], Seed dd: [ 1.06620997e-16-3.21444089e-27j -1.06620997e-16+3.19567102e-27j
  1.06620997e-16-3.21480086e-27j -1.06620997e-16+3.19601436e-27j]
F_onsite: (2.9187609256349474e-38-1.295847825117902e-44j)
F_swave: (2.1764917538421772e-38-8.669687500032146e-45j), F_dwave: (5.352521204822669e-39+3.765415078949965e-45j)
F_px: (8.182983144547648e-45+1.5154918308867728e-39j), F_py: (8.777856144624964e-46+3.11828072414943e-39j)
Free_energy = -18344.883437056982
------------------------------------------
[{'stable': {}, 'free': np.float64(-18344.883437056982)}]
------------------------------------------
  Seed: uu+dd:px+ipy
  Seed uu: [0.+0.j 0.+0.j 0.+0.j 0.+0.j], Seed dd: [ 1.30573987e-16-1.15236180e-27j -1.30573987e-16+1.14555946e-27j
  1.14728428e-27+1.30573987e-16j -1.14045464e-27-1.30573987e-16j]
F_onsite: (-1.1668706951631645e-35+6.676003691884048e-36j)
F_swave: (-8.277473826525165e-36+4.749200583628292e-36j), F_dwave: (-7.732327659879027e-37+2.2870604887383557e-36j)
F_px: (1.212090656966941e-35+4.410020386692942e-36j), F_py: (1.4848476511796612e-35+7.490148654508193e-36j)
Free_energy = -18344.883437056982
------------------------------------------
[{'stable': {}, 'free': np.float64(-18344.883437056982)}]
------------------------------------------
====================================
mu=-3.18, T=0.0423
====================================
  Seed: normal state
  Seed uu: [0.+0.j 0.+0.j 0.+0.j 0.+0.j], Seed dd: [0.+0.j 0.+0.j 0.+0.j 0.+0.j]
F_onsite: 0j
F_swave: 0j, F_dwave: 0j
F_px: 0j, F_py: 0j
Free_energy = -18345.435890583594
------------------------------------------
[{'stable': {}, 'free': np.float64(-18345.435890583594)}]
------------------------------------------
  Seed: uu:px
  Seed uu: [0.+0.j 0.+0.j 0.+0.j 0.+0.j], Seed dd: [0.+0.j 0.+0.j 0.+0.j 0.+0.j]
F_onsite: 0j
F_swave: 0j, F_dwave: 0j
F_px: 0j, F_py: 0j
Free_energy = -18345.435890583594
------------------------------------------
[{'stable': {}, 'free': np.float64(-18345.435890583594)}]
------------------------------------------
  Seed: uu:px+py
  Seed uu: [0.+0.j 0.+0.j 0.+0.j 0.+0.j], Seed dd: [0.+0.j 0.+0.j 0.+0.j 0.+0.j]
F_onsite: 0j
F_swave: 0j, F_dwave: 0j
F_px: 0j, F_py: 0j
Free_energy = -18345.435890583594
------------------------------------------
[{'stable': {}, 'free': np.float64(-18345.435890583594)}]
------------------------------------------
  Seed: uu:px+ipy
  Seed uu: [0.+0.j 0.+0.j 0.+0.j 0.+0.j], Seed dd: [0.+0.j 0.+0.j 0.+0.j 0.+0.j]
F_onsite: 0j
F_swave: 0j, F_dwave: 0j
F_px: 0j, F_py: 0j
Free_energy = -18345.435890583594
------------------------------------------
[{'stable': {}, 'free': np.float64(-18345.435890583594)}]
------------------------------------------
  Seed: dd:px
  Seed uu: [0.+0.j 0.+0.j 0.+0.j 0.+0.j], Seed dd: [ 7.50219548e-17-2.20502297e-25j -7.50219548e-17+2.20497818e-25j
 -2.21164902e-25-7.50171925e-17j  2.21160455e-25+7.50171925e-17j]
F_onsite: (-3.822036050397989e-36-1.0942490938173842e-35j)
F_swave: (-2.6931514910453355e-36-7.431399300042917e-36j), F_dwave: (-4.249779197020123e-37+3.387553719882275e-37j)
F_px: (4.9162556722269294e-36-1.1025265754104748e-37j), F_py: (1.45554314680398e-36-2.219542595113387e-36j)
Free_energy = -18345.435890583594
------------------------------------------
[{'stable': {}, 'free': np.float64(-18345.435890583594)}]
------------------------------------------
  Seed: dd:px+py
  Seed uu: [0.+0.j 0.+0.j 0.+0.j 0.+0.j], Seed dd: [ 6.21531531e-17-1.87930436e-27j -6.21531531e-17+1.86693504e-27j
  6.21531531e-17-1.87924358e-27j -6.21531531e-17+1.86690503e-27j]
F_onsite: (3.412082053621842e-38-1.107479055158586e-44j)
F_swave: (2.5497607466153765e-38-7.413242194382475e-45j), F_dwave: (-4.369335565269215e-39+1.604179077161268e-46j)
F_px: (4.983015890333529e-45-1.5108902028789102e-38j), F_py: (-5.042520499363892e-45-3.133086461056911e-39j)
Free_energy = -18345.435890583594
------------------------------------------
[{'stable': {}, 'free': np.float64(-18345.435890583594)}]
------------------------------------------
  Seed: dd:px+ipy
  Seed uu: [0.+0.j 0.+0.j 0.+0.j 0.+0.j], Seed dd: [ 7.50196477e-17-6.64956849e-28j -7.50196477e-17+6.60488722e-28j
  6.61735951e-28+7.50196477e-17j -6.57292234e-28-7.50196477e-17j]
F_onsite: (-4.494045265267449e-35-3.376761951302136e-35j)
F_swave: (-2.96698793510291e-35-2.2566504750962289e-35j), F_dwave: (-9.932372307932517e-36+3.3857903541694655e-37j)
F_px: (-2.566184001530281e-35-1.9134481350537426e-35j), F_py: (2.756395990744876e-35+3.6785553763457323e-35j)
Free_energy = -18345.435890583594
------------------------------------------
[{'stable': {}, 'free': np.float64(-18345.435890583594)}]
------------------------------------------
  Seed: uu+dd:px
  Seed uu: [0.+0.j 0.+0.j 0.+0.j 0.+0.j], Seed dd: [ 7.50217786e-17-2.33509960e-25j -7.50217786e-17+2.33505568e-25j
 -2.34177173e-25-7.50173695e-17j  2.34172718e-25+7.50173695e-17j]
F_onsite: (1.086024927438419e-36+1.142782207959256e-35j)
F_swave: (7.0459114001987015e-37+7.847959967771999e-36j), F_dwave: (-1.0211402178211522e-37+7.321849617956393e-36j)
F_px: (4.58761047473677e-36-1.0125131700810908e-37j), F_py: (-6.12970884072929e-36-1.6094224327891015e-38j)
Free_energy = -18345.435890583594
------------------------------------------
[{'stable': {}, 'free': np.float64(-18345.435890583594)}]
------------------------------------------
  Seed: uu+dd:px+py
  Seed uu: [0.+0.j 0.+0.j 0.+0.j 0.+0.j], Seed dd: [ 6.21531531e-17-1.88007458e-27j -6.21531531e-17+1.86777728e-27j
  6.21531531e-17-1.88008017e-27j -6.21531531e-17+1.86775463e-27j]
F_onsite: (-1.561629937694195e-38+1.3235362766748475e-45j)
F_swave: (-1.1646146296590441e-38+8.784072507737262e-46j), F_dwave: (3.0695169359784065e-39+3.1638828846186587e-47j)
F_px: (1.5551255102859445e-46-9.078277176171353e-39j), F_py: (5.7308979281190465e-46-2.6983464828041215e-39j)
Free_energy = -18345.435890583594
------------------------------------------
[{'stable': {}, 'free': np.float64(-18345.435890583594)}]
------------------------------------------
  Seed: uu+dd:px+ipy
  Seed uu: [0.+0.j 0.+0.j 0.+0.j 0.+0.j], Seed dd: [ 7.50196477e-17-6.64330943e-28j -7.50196477e-17+6.59868126e-28j
  6.61382122e-28+7.50196477e-17j -6.56935538e-28-7.50196477e-17j]
F_onsite: (5.1939707907494014e-36-2.8443771523197244e-35j)
F_swave: (3.4403414331446446e-36-1.9059285686038183e-35j), F_dwave: (7.251497430301331e-38-5.7452591690686734e-36j)
F_px: (3.41888328096166e-35-1.0229231498935242e-36j), F_py: (2.5855982247047944e-35+3.8421807694229897e-38j)
Free_energy = -18345.435890583594
------------------------------------------
[{'stable': {}, 'free': np.float64(-18345.435890583594)}]
------------------------------------------
====================================
mu=-3.18, T=0.0464
====================================
  Seed: normal state
  Seed uu: [0.+0.j 0.+0.j 0.+0.j 0.+0.j], Seed dd: [0.+0.j 0.+0.j 0.+0.j 0.+0.j]
F_onsite: 0j
F_swave: 0j, F_dwave: 0j
F_px: 0j, F_py: 0j
Free_energy = -18346.04338284849
------------------------------------------
[{'stable': {}, 'free': np.float64(-18346.04338284849)}]
------------------------------------------
  Seed: uu:px
  Seed uu: [0.+0.j 0.+0.j 0.+0.j 0.+0.j], Seed dd: [0.+0.j 0.+0.j 0.+0.j 0.+0.j]
F_onsite: 0j
F_swave: 0j, F_dwave: 0j
F_px: 0j, F_py: 0j
Free_energy = -18346.04338284849
------------------------------------------
[{'stable': {}, 'free': np.float64(-18346.04338284849)}]
------------------------------------------
  Seed: uu:px+py
  Seed uu: [0.+0.j 0.+0.j 0.+0.j 0.+0.j], Seed dd: [0.+0.j 0.+0.j 0.+0.j 0.+0.j]
F_onsite: 0j
F_swave: 0j, F_dwave: 0j
F_px: 0j, F_py: 0j
Free_energy = -18346.04338284849
------------------------------------------
[{'stable': {}, 'free': np.float64(-18346.04338284849)}]
------------------------------------------
  Seed: uu:px+ipy
  Seed uu: [0.+0.j 0.+0.j 0.+0.j 0.+0.j], Seed dd: [0.+0.j 0.+0.j 0.+0.j 0.+0.j]
F_onsite: 0j
F_swave: 0j, F_dwave: 0j
F_px: 0j, F_py: 0j
Free_energy = -18346.04338284849
------------------------------------------
[{'stable': {}, 'free': np.float64(-18346.04338284849)}]
------------------------------------------
  Seed: dd:px
  Seed uu: [0.+0.j 0.+0.j 0.+0.j 0.+0.j], Seed dd: [ 3.60198099e-17-1.05869641e-25j -3.60198099e-17+1.05867065e-25j
 -1.06187766e-25-3.60175234e-17j  1.06185208e-25+3.60175234e-17j]
F_onsite: (-1.3421438733003338e-35+6.5969312346720055e-37j)
F_swave: (-9.096289390731428e-36+4.433236431616958e-37j), F_dwave: (-2.1160436312599417e-36+5.40019833314896e-37j)
F_px: (-2.834088908553001e-37+4.052988174004688e-36j), F_py: (3.430163189114663e-37+9.770691818438221e-36j)
Free_energy = -18346.04338284849
------------------------------------------
[{'stable': {}, 'free': np.float64(-18346.04338284849)}]
------------------------------------------
  Seed: dd:px+py
  Seed uu: [0.+0.j 0.+0.j 0.+0.j 0.+0.j], Seed dd: [ 3.01069799e-17-9.13895135e-28j -3.01069799e-17+9.06711771e-28j
  3.01069799e-17-9.13951478e-28j -3.01069799e-17+9.06702955e-28j]
F_onsite: (-1.31120300931407e-38-1.5156102035958195e-46j)
F_swave: (-9.866847427038527e-39-1.0051232745698582e-46j), F_dwave: (2.3209112663193302e-39+4.774189487268827e-47j)
F_px: (-1.4236220607645628e-46-6.4904370485679605e-40j), F_py: (-3.159078686300509e-47-8.78919208034129e-42j)
Free_energy = -18346.043382848486
------------------------------------------
[{'stable': {}, 'free': np.float64(-18346.04338284849)}]
------------------------------------------
  Seed: dd:px+ipy
  Seed uu: [0.+0.j 0.+0.j 0.+0.j 0.+0.j], Seed dd: [ 3.60187022e-17-3.20532343e-28j -3.60187022e-17+3.17977812e-28j
  3.18997210e-28+3.60187022e-17j -3.16434883e-28-3.60187022e-17j]
F_onsite: (-3.2918881408910684e-36-5.2932290829164186e-36j)
F_swave: (-2.0823879780397595e-36-3.592060923486897e-36j), F_dwave: (6.146713504933945e-37-9.821623245012487e-37j)
F_px: (3.22717640968414e-36-6.956249428272044e-36j), F_py: (3.155810611888267e-36-4.863020452768824e-36j)
Free_energy = -18346.04338284849
------------------------------------------
[{'stable': {}, 'free': np.float64(-18346.04338284849)}]
------------------------------------------
  Seed: uu+dd:px
  Seed uu: [0.+0.j 0.+0.j 0.+0.j 0.+0.j], Seed dd: [ 3.60197253e-17-1.12114922e-25j -3.60197253e-17+1.12112351e-25j
 -1.12435267e-25-3.60176083e-17j  1.12432707e-25+3.60176083e-17j]
F_onsite: (1.1076653369534957e-35+1.66805193438941e-35j)
F_swave: (7.358585650748476e-36+1.1092313361147926e-35j), F_dwave: (-2.4200295199066714e-36-1.8206317921871052e-36j)
F_px: (1.5147900960191247e-35-1.4673976340722042e-35j), F_py: (1.1145773812478876e-35-5.629360952603386e-36j)
Free_energy = -18346.043382848486
------------------------------------------
[{'stable': {}, 'free': np.float64(-18346.04338284849)}]
------------------------------------------
  Seed: uu+dd:px+py
  Seed uu: [0.+0.j 0.+0.j 0.+0.j 0.+0.j], Seed dd: [ 3.01069799e-17-9.14245835e-28j -3.01069799e-17+9.07067137e-28j
  3.01069799e-17-9.14366345e-28j -3.01069799e-17+9.07133885e-28j]
F_onsite: (-2.099566035243483e-38+2.3193947252171804e-45j)
F_swave: (-1.564484061239032e-38+1.554796652395947e-45j), F_dwave: (-4.9301383680161576e-39+8.50558070148453e-46j)
F_px: (-1.0105954495142848e-46-1.6767820026575194e-39j), F_py: (2.363580187615686e-45-5.3926418563067724e-39j)
Free_energy = -18346.043382848486
------------------------------------------
[{'stable': {}, 'free': np.float64(-18346.04338284849)}]
------------------------------------------
  Seed: uu+dd:px+ipy
  Seed uu: [0.+0.j 0.+0.j 0.+0.j 0.+0.j], Seed dd: [ 3.60187022e-17-3.20249838e-28j -3.60187022e-17+3.17716034e-28j
  3.18825668e-28+3.60187022e-17j -3.16266723e-28-3.60187022e-17j]
F_onsite: (-6.933773436885835e-36+6.047442102213276e-36j)
F_swave: (-4.7922204370490774e-36+4.050475331365588e-36j), F_dwave: (1.2532891129355637e-37+4.136267403737755e-37j)
F_px: (2.765788253882139e-36+1.426964600743112e-36j), F_py: (4.294507033679834e-36-3.69159097262846e-36j)
Free_energy = -18346.043382848486
------------------------------------------
[{'stable': {}, 'free': np.float64(-18346.04338284849)}]
------------------------------------------
====================================
mu=-3.18, T=0.0505
====================================
  Seed: normal state
  Seed uu: [0.+0.j 0.+0.j 0.+0.j 0.+0.j], Seed dd: [0.+0.j 0.+0.j 0.+0.j 0.+0.j]
F_onsite: 0j
F_swave: 0j, F_dwave: 0j
F_px: 0j, F_py: 0j
Free_energy = -18346.70606517174
------------------------------------------
[{'stable': {}, 'free': np.float64(-18346.70606517174)}]
------------------------------------------
  Seed: uu:px
  Seed uu: [0.+0.j 0.+0.j 0.+0.j 0.+0.j], Seed dd: [0.+0.j 0.+0.j 0.+0.j 0.+0.j]
F_onsite: 0j
F_swave: 0j, F_dwave: 0j
F_px: 0j, F_py: 0j
Free_energy = -18346.70606517174
------------------------------------------
[{'stable': {}, 'free': np.float64(-18346.70606517174)}]
------------------------------------------
  Seed: uu:px+py
  Seed uu: [0.+0.j 0.+0.j 0.+0.j 0.+0.j], Seed dd: [0.+0.j 0.+0.j 0.+0.j 0.+0.j]
F_onsite: 0j
F_swave: 0j, F_dwave: 0j
F_px: 0j, F_py: 0j
Free_energy = -18346.70606517174
------------------------------------------
[{'stable': {}, 'free': np.float64(-18346.70606517174)}]
------------------------------------------
  Seed: uu:px+ipy
  Seed uu: [0.+0.j 0.+0.j 0.+0.j 0.+0.j], Seed dd: [0.+0.j 0.+0.j 0.+0.j 0.+0.j]
F_onsite: 0j
F_swave: 0j, F_dwave: 0j
F_px: 0j, F_py: 0j
Free_energy = -18346.70606517174
------------------------------------------
[{'stable': {}, 'free': np.float64(-18346.70606517174)}]
------------------------------------------
  Seed: dd:px
  Seed uu: [0.+0.j 0.+0.j 0.+0.j 0.+0.j], Seed dd: [ 1.27910029e-17-3.75960157e-26j -1.27910029e-17+3.75947882e-26j
 -3.77089765e-26-1.27901909e-17j  3.77077479e-26+1.27901909e-17j]
F_onsite: (-1.1593384735250093e-36-1.0797551471994692e-36j)
F_swave: (-8.090032806304699e-37-7.203221900429415e-37j), F_dwave: (-2.701070536457555e-37-3.6353761497010224e-38j)
F_px: (3.392944642635905e-37+1.877179986353674e-37j), F_py: (1.2300491849740892e-37+1.28772511388451e-36j)
Free_energy = -18346.70606517174
------------------------------------------
[{'stable': {}, 'free': np.float64(-18346.70606517174)}]
------------------------------------------
  Seed: dd:px+py
  Seed uu: [0.+0.j 0.+0.j 0.+0.j 0.+0.j], Seed dd: [ 1.08424212e-17-3.30869637e-28j -1.08424212e-17+3.27374300e-28j
  1.08424212e-17-3.30881087e-28j -1.08424212e-17+3.27386036e-28j]
F_onsite: -2.427646490381815e-45j
F_swave: -1.623882361854203e-45j, F_dwave: 1.1595216285461502e-47j
F_px: (3.3739486738531136e-46+0j), F_py: (2.6543161949791605e-46+0j)
Free_energy = -18346.70606517174
------------------------------------------
[{'stable': {}, 'free': np.float64(-18346.70606517174)}]
------------------------------------------
  Seed: dd:px+ipy
  Seed uu: [0.+0.j 0.+0.j 0.+0.j 0.+0.j], Seed dd: [ 1.27906095e-17-1.14435810e-28j -1.27906095e-17+1.13200236e-28j
  1.13893618e-28+1.27906095e-17j -1.12664932e-28-1.27906095e-17j]
F_onsite: (-6.035110772930107e-36-8.479059118681481e-36j)
F_swave: (-4.072694528942256e-36-5.6934816160810806e-36j), F_dwave: (-1.0202850484941878e-36-3.256003202801066e-36j)
F_px: (2.9030005587614383e-37+2.6051151594371822e-36j), F_py: (6.042625044303035e-36+3.903509505449078e-36j)
Free_energy = -18346.70606517174
------------------------------------------
[{'stable': {}, 'free': np.float64(-18346.70606517174)}]
------------------------------------------
  Seed: uu+dd:px
  Seed uu: [0.+0.j 0.+0.j 0.+0.j 0.+0.j], Seed dd: [ 1.27909728e-17-3.98137729e-26j -1.27909728e-17+3.98125543e-26j
 -3.99275270e-26-1.27902211e-17j  3.99263005e-26+1.27902211e-17j]
F_onsite: (-1.0502377332132666e-35-1.093892271069662e-35j)
F_swave: (-6.97437612292244e-36-7.29601461623948e-36j), F_dwave: (3.6539201460042425e-36+2.8257239057336375e-37j)
F_px: (-5.546850607657796e-36+1.398793589730136e-35j), F_py: (-6.42598984394448e-36+3.9334097419810045e-36j)
Free_energy = -18346.70606517174
------------------------------------------
[{'stable': {}, 'free': np.float64(-18346.70606517174)}]
------------------------------------------
  Seed: uu+dd:px+py
  Seed uu: [0.+0.j 0.+0.j 0.+0.j 0.+0.j], Seed dd: [ 1.08424212e-17-3.31006980e-28j -1.08424212e-17+3.27519504e-28j
  1.08424212e-17-3.31014226e-28j -1.08424212e-17+3.27538326e-28j]
F_onsite: 6.206705097102251e-47j
F_swave: 4.117278801006262e-47j, F_dwave: -1.9537948981865854e-47j
F_px: (-5.817432901601462e-47+0j), F_py: (-1.290446551145736e-47+0j)
Free_energy = -18346.70606517174
------------------------------------------
[{'stable': {}, 'free': np.float64(-18346.70606517174)}]
------------------------------------------
  Seed: uu+dd:px+ipy
  Seed uu: [0.+0.j 0.+0.j 0.+0.j 0.+0.j], Seed dd: [ 1.27906095e-17-1.14334906e-28j -1.27906095e-17+1.13120219e-28j
  1.13832447e-28+1.27906095e-17j -1.12604305e-28-1.27906095e-17j]
F_onsite: (-1.4519018955285255e-34+2.1457794756301208e-36j)
F_swave: (-9.738116681171083e-35+1.4306321159877304e-36j), F_dwave: (-4.515058119329005e-35+3.3014514483026025e-37j)
F_px: (3.382034213834454e-36-1.415766539348865e-35j), F_py: (2.632929849196175e-36+1.3274894010113852e-34j)
Free_energy = -18346.70606517174
------------------------------------------
[{'stable': {}, 'free': np.float64(-18346.70606517174)}]
------------------------------------------
====================================
mu=-3.18, T=0.0546
====================================
  Seed: normal state
  Seed uu: [0.+0.j 0.+0.j 0.+0.j 0.+0.j], Seed dd: [0.+0.j 0.+0.j 0.+0.j 0.+0.j]
F_onsite: 0j
F_swave: 0j, F_dwave: 0j
F_px: 0j, F_py: 0j
Free_energy = -18347.42392942225
------------------------------------------
[{'stable': {}, 'free': np.float64(-18347.42392942225)}]
------------------------------------------
  Seed: uu:px
  Seed uu: [0.+0.j 0.+0.j 0.+0.j 0.+0.j], Seed dd: [0.+0.j 0.+0.j 0.+0.j 0.+0.j]
F_onsite: 0j
F_swave: 0j, F_dwave: 0j
F_px: 0j, F_py: 0j
Free_energy = -18347.42392942225
------------------------------------------
[{'stable': {}, 'free': np.float64(-18347.42392942225)}]
------------------------------------------
  Seed: uu:px+py
  Seed uu: [0.+0.j 0.+0.j 0.+0.j 0.+0.j], Seed dd: [0.+0.j 0.+0.j 0.+0.j 0.+0.j]
F_onsite: 0j
F_swave: 0j, F_dwave: 0j
F_px: 0j, F_py: 0j
Free_energy = -18347.42392942225
------------------------------------------
[{'stable': {}, 'free': np.float64(-18347.42392942225)}]
------------------------------------------
  Seed: uu:px+ipy
  Seed uu: [0.+0.j 0.+0.j 0.+0.j 0.+0.j], Seed dd: [0.+0.j 0.+0.j 0.+0.j 0.+0.j]
F_onsite: 0j
F_swave: 0j, F_dwave: 0j
F_px: 0j, F_py: 0j
Free_energy = -18347.42392942225
------------------------------------------
[{'stable': {}, 'free': np.float64(-18347.42392942225)}]
------------------------------------------
  Seed: dd:px
  Seed uu: [0.+0.j 0.+0.j 0.+0.j 0.+0.j], Seed dd: [ 2.48425993e-18-7.30209197e-27j -2.48425993e-18+7.30165660e-27j
 -7.32403032e-27-2.48410224e-18j  7.32359445e-27+2.48410224e-18j]
F_onsite: (-1.0387379906894836e-36+2.562875658484131e-37j)
F_swave: (-7.039341741257315e-37+1.7261449299823916e-37j), F_dwave: (1.8456517878099021e-37+3.135780034176351e-38j)
F_px: (-1.072612258938062e-37+8.995734878130968e-37j), F_py: (-2.5065182340584778e-37+5.3809433483912706e-37j)
Free_energy = -18347.42392942225
------------------------------------------
[{'stable': {}, 'free': np.float64(-18347.42392942225)}]
------------------------------------------
  Seed: dd:px+py
  Seed uu: [0.+0.j 0.+0.j 0.+0.j 0.+0.j], Seed dd: [ 2.08207476e-18-6.41677261e-29j -2.08207476e-18+6.29071478e-29j
  2.08207476e-18-6.41707700e-29j -2.08207476e-18+6.29109199e-29j]
F_onsite: -3.504779685168682e-47j
F_swave: -2.326663105445976e-47j, F_dwave: -8.806669020468258e-54j
F_px: (-2.5840203697436126e-47+0j), F_py: (-2.584021955655693e-47+0j)
Free_energy = -18347.42392942225
------------------------------------------
[{'stable': {}, 'free': np.float64(-18347.42392942225)}]
------------------------------------------
  Seed: dd:px+ipy
  Seed uu: [0.+0.j 0.+0.j 0.+0.j 0.+0.j], Seed dd: [ 2.48418354e-18-2.24441398e-29j -2.48418354e-18+2.20068191e-29j
  2.23389457e-29+2.48418354e-18j -2.19016781e-29-2.48418354e-18j]
F_onsite: 7.497868213873733e-37j
F_swave: 5.029288164615702e-37j, F_dwave: 5.855691548704893e-38j
F_px: (3.1021748681310835e-37+0j), F_py: (-2.4685221071522553e-37+0j)
Free_energy = -18347.42392942225
------------------------------------------
[{'stable': {}, 'free': np.float64(-18347.42392942225)}]
------------------------------------------
  Seed: uu+dd:px
  Seed uu: [0.+0.j 0.+0.j 0.+0.j 0.+0.j], Seed dd: [ 2.48425410e-18-7.73282213e-27j -2.48425410e-18+7.73238811e-27j
 -7.75491548e-27-2.48410810e-18j  7.75447906e-27+2.48410810e-18j]
F_onsite: 1.741075421194062e-37j
F_swave: 1.154959485022439e-37j, F_dwave: 5.48069260915133e-38j
F_px: (-6.7863166467184655e-53+0j), F_py: (1.3572633293436931e-52+0j)
Free_energy = -18347.42392942225
------------------------------------------
[{'stable': {}, 'free': np.float64(-18347.42392942225)}]
------------------------------------------
  Seed: uu+dd:px+py
  Seed uu: [0.+0.j 0.+0.j 0.+0.j 0.+0.j], Seed dd: [ 2.08207476e-18-6.41925691e-29j -2.08207476e-18+6.29348917e-29j
  2.08207476e-18-6.41950427e-29j -2.08207476e-18+6.29319848e-29j]
F_onsite: 3.7736237603819805e-46j
F_swave: 2.529623684941589e-46j, F_dwave: -1.6234473703660914e-47j
F_px: (-2.2097831085702433e-46+0j), F_py: (1.2639315362575062e-46+0j)
Free_energy = -18347.42392942225
------------------------------------------
[{'stable': {}, 'free': np.float64(-18347.42392942225)}]
------------------------------------------
  Seed: uu+dd:px+ipy
  Seed uu: [0.+0.j 0.+0.j 0.+0.j 0.+0.j], Seed dd: [ 2.48418354e-18-2.24340016e-29j -2.48418354e-18+2.19787291e-29j
  2.23034785e-29+2.48418354e-18j -2.19136979e-29-2.48418354e-18j]
F_onsite: -2.6115389167476127e-37j
F_swave: -1.7323899962554747e-37j, F_dwave: 2.7402684308248827e-38j
F_px: (1.8098982395415804e-38+0j), F_py: (8.15916130576068e-38+0j)
Free_energy = -18347.42392942225
------------------------------------------
[{'stable': {}, 'free': np.float64(-18347.42392942225)}]
------------------------------------------
====================================
mu=-3.18, T=0.0588
====================================
  Seed: normal state
  Seed uu: [0.+0.j 0.+0.j 0.+0.j 0.+0.j], Seed dd: [0.+0.j 0.+0.j 0.+0.j 0.+0.j]
F_onsite: 0j
F_swave: 0j, F_dwave: 0j
F_px: 0j, F_py: 0j
Free_energy = -18348.196840576205
------------------------------------------
[{'stable': {}, 'free': np.float64(-18348.196840576205)}]
------------------------------------------
  Seed: uu:px
  Seed uu: [0.+0.j 0.+0.j 0.+0.j 0.+0.j], Seed dd: [0.+0.j 0.+0.j 0.+0.j 0.+0.j]
F_onsite: 0j
F_swave: 0j, F_dwave: 0j
F_px: 0j, F_py: 0j
Free_energy = -18348.196840576205
------------------------------------------
[{'stable': {}, 'free': np.float64(-18348.196840576205)}]
------------------------------------------
  Seed: uu:px+py
  Seed uu: [0.+0.j 0.+0.j 0.+0.j 0.+0.j], Seed dd: [0.+0.j 0.+0.j 0.+0.j 0.+0.j]
F_onsite: 0j
F_swave: 0j, F_dwave: 0j
F_px: 0j, F_py: 0j
Free_energy = -18348.196840576205
------------------------------------------
[{'stable': {}, 'free': np.float64(-18348.196840576205)}]
------------------------------------------
  Seed: uu:px+ipy
  Seed uu: [0.+0.j 0.+0.j 0.+0.j 0.+0.j], Seed dd: [0.+0.j 0.+0.j 0.+0.j 0.+0.j]
F_onsite: 0j
F_swave: 0j, F_dwave: 0j
F_px: 0j, F_py: 0j
Free_energy = -18348.196840576205
------------------------------------------
[{'stable': {}, 'free': np.float64(-18348.196840576205)}]
------------------------------------------
  Seed: dd:px
  Seed uu: [0.+0.j 0.+0.j 0.+0.j 0.+0.j], Seed dd: [ 1.64480778e-19-4.83508113e-28j -1.64480778e-19+4.83422653e-28j
 -4.84960380e-28-1.64470337e-19j  4.84875473e-28+1.64470337e-19j]
F_onsite: 0j
F_swave: 0j, F_dwave: 0j
F_px: 0j, F_py: 0j
Free_energy = -18348.196840576205
------------------------------------------
[{'stable': {}, 'free': np.float64(-18348.196840576205)}]
------------------------------------------
  Seed: dd:px+py
  Seed uu: [0.+0.j 0.+0.j 0.+0.j 0.+0.j], Seed dd: [ 1.28193517e-19-4.07140988e-30j -1.28193517e-19+3.83053322e-30j
  1.28193517e-19-4.07112701e-30j -1.28193517e-19+3.83022628e-30j]
F_onsite: 0j
F_swave: 0j, F_dwave: 0j
F_px: 0j, F_py: 0j
Free_energy = -18348.196840576205
------------------------------------------
[{'stable': {}, 'free': np.float64(-18348.196840576205)}]
------------------------------------------
  Seed: dd:px+ipy
  Seed uu: [0.+0.j 0.+0.j 0.+0.j 0.+0.j], Seed dd: [ 1.64475719e-19-1.52846013e-30j -1.64475719e-19+1.44351007e-30j
  1.52144328e-30+1.64475719e-19j -1.43662450e-30-1.64475719e-19j]
F_onsite: 0j
F_swave: 0j, F_dwave: 0j
F_px: 0j, F_py: 0j
Free_energy = -18348.196840576205
------------------------------------------
[{'stable': {}, 'free': np.float64(-18348.196840576205)}]
------------------------------------------
  Seed: uu+dd:px
  Seed uu: [0.+0.j 0.+0.j 0.+0.j 0.+0.j], Seed dd: [ 1.64480391e-19-5.12026403e-28j -1.64480391e-19+5.11941488e-28j
 -5.13488929e-28-1.64470724e-19j  5.13404031e-28+1.64470724e-19j]
F_onsite: 0j
F_swave: 0j, F_dwave: 0j
F_px: 0j, F_py: 0j
Free_energy = -18348.196840576205
------------------------------------------
[{'stable': {}, 'free': np.float64(-18348.196840576205)}]
------------------------------------------
  Seed: uu+dd:px+py
  Seed uu: [0.+0.j 0.+0.j 0.+0.j 0.+0.j], Seed dd: [ 1.28193517e-19-4.07269935e-30j -1.28193517e-19+3.83219735e-30j
  1.28193517e-19-4.07301984e-30j -1.28193517e-19+3.83236286e-30j]
F_onsite: 0j
F_swave: 0j, F_dwave: 0j
F_px: 0j, F_py: 0j
Free_energy = -18348.196840576205
------------------------------------------
[{'stable': {}, 'free': np.float64(-18348.196840576205)}]
------------------------------------------
  Seed: uu+dd:px+ipy
  Seed uu: [0.+0.j 0.+0.j 0.+0.j 0.+0.j], Seed dd: [ 1.64475719e-19-1.52812159e-30j -1.64475719e-19+1.44284202e-30j
  1.51919686e-30+1.64475719e-19j -1.43418097e-30-1.64475719e-19j]
F_onsite: 0j
F_swave: 0j, F_dwave: 0j
F_px: 0j, F_py: 0j
Free_energy = -18348.196840576205
------------------------------------------
[{'stable': {}, 'free': np.float64(-18348.196840576205)}]
------------------------------------------
====================================
mu=-3.18, T=0.0629
====================================
  Seed: normal state
  Seed uu: [0.+0.j 0.+0.j 0.+0.j 0.+0.j], Seed dd: [0.+0.j 0.+0.j 0.+0.j 0.+0.j]
F_onsite: 0j
F_swave: 0j, F_dwave: 0j
F_px: 0j, F_py: 0j
Free_energy = -18349.024566733093
------------------------------------------
[{'stable': {}, 'free': np.float64(-18349.024566733093)}]
------------------------------------------
  Seed: uu:px
  Seed uu: [0.+0.j 0.+0.j 0.+0.j 0.+0.j], Seed dd: [0.+0.j 0.+0.j 0.+0.j 0.+0.j]
F_onsite: 0j
F_swave: 0j, F_dwave: 0j
F_px: 0j, F_py: 0j
Free_energy = -18349.024566733093
------------------------------------------
[{'stable': {}, 'free': np.float64(-18349.024566733093)}]
------------------------------------------
  Seed: uu:px+py
  Seed uu: [0.+0.j 0.+0.j 0.+0.j 0.+0.j], Seed dd: [0.+0.j 0.+0.j 0.+0.j 0.+0.j]
F_onsite: 0j
F_swave: 0j, F_dwave: 0j
F_px: 0j, F_py: 0j
Free_energy = -18349.024566733093
------------------------------------------
[{'stable': {}, 'free': np.float64(-18349.024566733093)}]
------------------------------------------
  Seed: uu:px+ipy
  Seed uu: [0.+0.j 0.+0.j 0.+0.j 0.+0.j], Seed dd: [0.+0.j 0.+0.j 0.+0.j 0.+0.j]
F_onsite: 0j
F_swave: 0j, F_dwave: 0j
F_px: 0j, F_py: 0j
Free_energy = -18349.024566733093
------------------------------------------
[{'stable': {}, 'free': np.float64(-18349.024566733093)}]
------------------------------------------
  Seed: dd:px
  Seed uu: [0.+0.j 0.+0.j 0.+0.j 0.+0.j], Seed dd: [0.+0.j 0.+0.j 0.+0.j 0.+0.j]
F_onsite: 0j
F_swave: 0j, F_dwave: 0j
F_px: 0j, F_py: 0j
Free_energy = -18349.024566733093
------------------------------------------
[{'stable': {}, 'free': np.float64(-18349.024566733093)}]
------------------------------------------
  Seed: dd:px+py
  Seed uu: [0.+0.j 0.+0.j 0.+0.j 0.+0.j], Seed dd: [0.+0.j 0.+0.j 0.+0.j 0.+0.j]
F_onsite: 0j
F_swave: 0j, F_dwave: 0j
F_px: 0j, F_py: 0j
Free_energy = -18349.024566733093
------------------------------------------
[{'stable': {}, 'free': np.float64(-18349.024566733093)}]
------------------------------------------
  Seed: dd:px+ipy
  Seed uu: [0.+0.j 0.+0.j 0.+0.j 0.+0.j], Seed dd: [0.+0.j 0.+0.j 0.+0.j 0.+0.j]
F_onsite: 0j
F_swave: 0j, F_dwave: 0j
F_px: 0j, F_py: 0j
Free_energy = -18349.024566733093
------------------------------------------
[{'stable': {}, 'free': np.float64(-18349.024566733093)}]
------------------------------------------
  Seed: uu+dd:px
  Seed uu: [0.+0.j 0.+0.j 0.+0.j 0.+0.j], Seed dd: [0.+0.j 0.+0.j 0.+0.j 0.+0.j]
F_onsite: 0j
F_swave: 0j, F_dwave: 0j
F_px: 0j, F_py: 0j
Free_energy = -18349.024566733093
------------------------------------------
[{'stable': {}, 'free': np.float64(-18349.024566733093)}]
------------------------------------------
  Seed: uu+dd:px+py
  Seed uu: [0.+0.j 0.+0.j 0.+0.j 0.+0.j], Seed dd: [0.+0.j 0.+0.j 0.+0.j 0.+0.j]
F_onsite: 0j
F_swave: 0j, F_dwave: 0j
F_px: 0j, F_py: 0j
Free_energy = -18349.024566733093
------------------------------------------
[{'stable': {}, 'free': np.float64(-18349.024566733093)}]
------------------------------------------
  Seed: uu+dd:px+ipy
  Seed uu: [0.+0.j 0.+0.j 0.+0.j 0.+0.j], Seed dd: [0.+0.j 0.+0.j 0.+0.j 0.+0.j]
F_onsite: 0j
F_swave: 0j, F_dwave: 0j
F_px: 0j, F_py: 0j
Free_energy = -18349.024566733093
------------------------------------------
[{'stable': {}, 'free': np.float64(-18349.024566733093)}]
------------------------------------------
====================================
mu=-3.18, T=0.0670
====================================
  Seed: normal state
  Seed uu: [0.+0.j 0.+0.j 0.+0.j 0.+0.j], Seed dd: [0.+0.j 0.+0.j 0.+0.j 0.+0.j]
F_onsite: 0j
F_swave: 0j, F_dwave: 0j
F_px: 0j, F_py: 0j
Free_energy = -18349.906804956623
------------------------------------------
[{'stable': {}, 'free': np.float64(-18349.906804956623)}]
------------------------------------------
  Seed: uu:px
  Seed uu: [0.+0.j 0.+0.j 0.+0.j 0.+0.j], Seed dd: [0.+0.j 0.+0.j 0.+0.j 0.+0.j]
F_onsite: 0j
F_swave: 0j, F_dwave: 0j
F_px: 0j, F_py: 0j
Free_energy = -18349.906804956623
------------------------------------------
[{'stable': {}, 'free': np.float64(-18349.906804956623)}]
------------------------------------------
  Seed: uu:px+py
  Seed uu: [0.+0.j 0.+0.j 0.+0.j 0.+0.j], Seed dd: [0.+0.j 0.+0.j 0.+0.j 0.+0.j]
F_onsite: 0j
F_swave: 0j, F_dwave: 0j
F_px: 0j, F_py: 0j
Free_energy = -18349.906804956623
------------------------------------------
[{'stable': {}, 'free': np.float64(-18349.906804956623)}]
------------------------------------------
  Seed: uu:px+ipy
  Seed uu: [0.+0.j 0.+0.j 0.+0.j 0.+0.j], Seed dd: [0.+0.j 0.+0.j 0.+0.j 0.+0.j]
F_onsite: 0j
F_swave: 0j, F_dwave: 0j
F_px: 0j, F_py: 0j
Free_energy = -18349.906804956623
------------------------------------------
[{'stable': {}, 'free': np.float64(-18349.906804956623)}]
------------------------------------------
  Seed: dd:px
  Seed uu: [0.+0.j 0.+0.j 0.+0.j 0.+0.j], Seed dd: [0.+0.j 0.+0.j 0.+0.j 0.+0.j]
F_onsite: 0j
F_swave: 0j, F_dwave: 0j
F_px: 0j, F_py: 0j
Free_energy = -18349.906804956623
------------------------------------------
[{'stable': {}, 'free': np.float64(-18349.906804956623)}]
------------------------------------------
  Seed: dd:px+py
  Seed uu: [0.+0.j 0.+0.j 0.+0.j 0.+0.j], Seed dd: [0.+0.j 0.+0.j 0.+0.j 0.+0.j]
F_onsite: 0j
F_swave: 0j, F_dwave: 0j
F_px: 0j, F_py: 0j
Free_energy = -18349.906804956623
------------------------------------------
[{'stable': {}, 'free': np.float64(-18349.906804956623)}]
------------------------------------------
  Seed: dd:px+ipy
  Seed uu: [0.+0.j 0.+0.j 0.+0.j 0.+0.j], Seed dd: [0.+0.j 0.+0.j 0.+0.j 0.+0.j]
F_onsite: 0j
F_swave: 0j, F_dwave: 0j
F_px: 0j, F_py: 0j
Free_energy = -18349.906804956623
------------------------------------------
[{'stable': {}, 'free': np.float64(-18349.906804956623)}]
------------------------------------------
  Seed: uu+dd:px
  Seed uu: [0.+0.j 0.+0.j 0.+0.j 0.+0.j], Seed dd: [0.+0.j 0.+0.j 0.+0.j 0.+0.j]
F_onsite: 0j
F_swave: 0j, F_dwave: 0j
F_px: 0j, F_py: 0j
Free_energy = -18349.906804956623
------------------------------------------
[{'stable': {}, 'free': np.float64(-18349.906804956623)}]
------------------------------------------
  Seed: uu+dd:px+py
  Seed uu: [0.+0.j 0.+0.j 0.+0.j 0.+0.j], Seed dd: [0.+0.j 0.+0.j 0.+0.j 0.+0.j]
F_onsite: 0j
F_swave: 0j, F_dwave: 0j
F_px: 0j, F_py: 0j
Free_energy = -18349.906804956623
------------------------------------------
[{'stable': {}, 'free': np.float64(-18349.906804956623)}]
------------------------------------------
  Seed: uu+dd:px+ipy
  Seed uu: [0.+0.j 0.+0.j 0.+0.j 0.+0.j], Seed dd: [0.+0.j 0.+0.j 0.+0.j 0.+0.j]
F_onsite: 0j
F_swave: 0j, F_dwave: 0j
F_px: 0j, F_py: 0j
Free_energy = -18349.906804956623
------------------------------------------
[{'stable': {}, 'free': np.float64(-18349.906804956623)}]
------------------------------------------
====================================
mu=-3.18, T=0.0711
====================================
  Seed: normal state
  Seed uu: [0.+0.j 0.+0.j 0.+0.j 0.+0.j], Seed dd: [0.+0.j 0.+0.j 0.+0.j 0.+0.j]
F_onsite: 0j
F_swave: 0j, F_dwave: 0j
F_px: 0j, F_py: 0j
Free_energy = -18350.84320269181
------------------------------------------
[{'stable': {}, 'free': np.float64(-18350.84320269181)}]
------------------------------------------
  Seed: uu:px
  Seed uu: [0.+0.j 0.+0.j 0.+0.j 0.+0.j], Seed dd: [0.+0.j 0.+0.j 0.+0.j 0.+0.j]
F_onsite: 0j
F_swave: 0j, F_dwave: 0j
F_px: 0j, F_py: 0j
Free_energy = -18350.84320269181
------------------------------------------
[{'stable': {}, 'free': np.float64(-18350.84320269181)}]
------------------------------------------
  Seed: uu:px+py
  Seed uu: [0.+0.j 0.+0.j 0.+0.j 0.+0.j], Seed dd: [0.+0.j 0.+0.j 0.+0.j 0.+0.j]
F_onsite: 0j
F_swave: 0j, F_dwave: 0j
F_px: 0j, F_py: 0j
Free_energy = -18350.84320269181
------------------------------------------
[{'stable': {}, 'free': np.float64(-18350.84320269181)}]
------------------------------------------
  Seed: uu:px+ipy
  Seed uu: [0.+0.j 0.+0.j 0.+0.j 0.+0.j], Seed dd: [0.+0.j 0.+0.j 0.+0.j 0.+0.j]
F_onsite: 0j
F_swave: 0j, F_dwave: 0j
F_px: 0j, F_py: 0j
Free_energy = -18350.84320269181
------------------------------------------
[{'stable': {}, 'free': np.float64(-18350.84320269181)}]
------------------------------------------
  Seed: dd:px
  Seed uu: [0.+0.j 0.+0.j 0.+0.j 0.+0.j], Seed dd: [0.+0.j 0.+0.j 0.+0.j 0.+0.j]
F_onsite: 0j
F_swave: 0j, F_dwave: 0j
F_px: 0j, F_py: 0j
Free_energy = -18350.84320269181
------------------------------------------
[{'stable': {}, 'free': np.float64(-18350.84320269181)}]
------------------------------------------
  Seed: dd:px+py
  Seed uu: [0.+0.j 0.+0.j 0.+0.j 0.+0.j], Seed dd: [0.+0.j 0.+0.j 0.+0.j 0.+0.j]
F_onsite: 0j
F_swave: 0j, F_dwave: 0j
F_px: 0j, F_py: 0j
Free_energy = -18350.84320269181
------------------------------------------
[{'stable': {}, 'free': np.float64(-18350.84320269181)}]
------------------------------------------
  Seed: dd:px+ipy
  Seed uu: [0.+0.j 0.+0.j 0.+0.j 0.+0.j], Seed dd: [0.+0.j 0.+0.j 0.+0.j 0.+0.j]
F_onsite: 0j
F_swave: 0j, F_dwave: 0j
F_px: 0j, F_py: 0j
Free_energy = -18350.84320269181
------------------------------------------
[{'stable': {}, 'free': np.float64(-18350.84320269181)}]
------------------------------------------
  Seed: uu+dd:px
  Seed uu: [0.+0.j 0.+0.j 0.+0.j 0.+0.j], Seed dd: [0.+0.j 0.+0.j 0.+0.j 0.+0.j]
F_onsite: 0j
F_swave: 0j, F_dwave: 0j
F_px: 0j, F_py: 0j
Free_energy = -18350.84320269181
------------------------------------------
[{'stable': {}, 'free': np.float64(-18350.84320269181)}]
------------------------------------------
  Seed: uu+dd:px+py
  Seed uu: [0.+0.j 0.+0.j 0.+0.j 0.+0.j], Seed dd: [0.+0.j 0.+0.j 0.+0.j 0.+0.j]
F_onsite: 0j
F_swave: 0j, F_dwave: 0j
F_px: 0j, F_py: 0j
Free_energy = -18350.84320269181
------------------------------------------
[{'stable': {}, 'free': np.float64(-18350.84320269181)}]
------------------------------------------
  Seed: uu+dd:px+ipy
  Seed uu: [0.+0.j 0.+0.j 0.+0.j 0.+0.j], Seed dd: [0.+0.j 0.+0.j 0.+0.j 0.+0.j]
F_onsite: 0j
F_swave: 0j, F_dwave: 0j
F_px: 0j, F_py: 0j
Free_energy = -18350.84320269181
------------------------------------------
[{'stable': {}, 'free': np.float64(-18350.84320269181)}]
------------------------------------------
====================================
mu=-3.18, T=0.0753
====================================
  Seed: normal state
  Seed uu: [0.+0.j 0.+0.j 0.+0.j 0.+0.j], Seed dd: [0.+0.j 0.+0.j 0.+0.j 0.+0.j]
F_onsite: 0j
F_swave: 0j, F_dwave: 0j
F_px: 0j, F_py: 0j
Free_energy = -18351.833375077313
------------------------------------------
[{'stable': {}, 'free': np.float64(-18351.833375077313)}]
------------------------------------------
  Seed: uu:px
  Seed uu: [0.+0.j 0.+0.j 0.+0.j 0.+0.j], Seed dd: [0.+0.j 0.+0.j 0.+0.j 0.+0.j]
F_onsite: 0j
F_swave: 0j, F_dwave: 0j
F_px: 0j, F_py: 0j
Free_energy = -18351.833375077313
------------------------------------------
[{'stable': {}, 'free': np.float64(-18351.833375077313)}]
------------------------------------------
  Seed: uu:px+py
  Seed uu: [0.+0.j 0.+0.j 0.+0.j 0.+0.j], Seed dd: [0.+0.j 0.+0.j 0.+0.j 0.+0.j]
F_onsite: 0j
F_swave: 0j, F_dwave: 0j
F_px: 0j, F_py: 0j
Free_energy = -18351.833375077313
------------------------------------------
[{'stable': {}, 'free': np.float64(-18351.833375077313)}]
------------------------------------------
  Seed: uu:px+ipy
  Seed uu: [0.+0.j 0.+0.j 0.+0.j 0.+0.j], Seed dd: [0.+0.j 0.+0.j 0.+0.j 0.+0.j]
F_onsite: 0j
F_swave: 0j, F_dwave: 0j
F_px: 0j, F_py: 0j
Free_energy = -18351.833375077313
------------------------------------------
[{'stable': {}, 'free': np.float64(-18351.833375077313)}]
------------------------------------------
  Seed: dd:px
  Seed uu: [0.+0.j 0.+0.j 0.+0.j 0.+0.j], Seed dd: [0.+0.j 0.+0.j 0.+0.j 0.+0.j]
F_onsite: 0j
F_swave: 0j, F_dwave: 0j
F_px: 0j, F_py: 0j
Free_energy = -18351.833375077313
------------------------------------------
[{'stable': {}, 'free': np.float64(-18351.833375077313)}]
------------------------------------------
  Seed: dd:px+py
  Seed uu: [0.+0.j 0.+0.j 0.+0.j 0.+0.j], Seed dd: [0.+0.j 0.+0.j 0.+0.j 0.+0.j]
F_onsite: 0j
F_swave: 0j, F_dwave: 0j
F_px: 0j, F_py: 0j
Free_energy = -18351.833375077313
------------------------------------------
[{'stable': {}, 'free': np.float64(-18351.833375077313)}]
------------------------------------------
  Seed: dd:px+ipy
  Seed uu: [0.+0.j 0.+0.j 0.+0.j 0.+0.j], Seed dd: [0.+0.j 0.+0.j 0.+0.j 0.+0.j]
F_onsite: 0j
F_swave: 0j, F_dwave: 0j
F_px: 0j, F_py: 0j
Free_energy = -18351.833375077313
------------------------------------------
[{'stable': {}, 'free': np.float64(-18351.833375077313)}]
------------------------------------------
  Seed: uu+dd:px
  Seed uu: [0.+0.j 0.+0.j 0.+0.j 0.+0.j], Seed dd: [0.+0.j 0.+0.j 0.+0.j 0.+0.j]
F_onsite: 0j
F_swave: 0j, F_dwave: 0j
F_px: 0j, F_py: 0j
Free_energy = -18351.833375077313
------------------------------------------
[{'stable': {}, 'free': np.float64(-18351.833375077313)}]
------------------------------------------
  Seed: uu+dd:px+py
  Seed uu: [0.+0.j 0.+0.j 0.+0.j 0.+0.j], Seed dd: [0.+0.j 0.+0.j 0.+0.j 0.+0.j]
F_onsite: 0j
F_swave: 0j, F_dwave: 0j
F_px: 0j, F_py: 0j
Free_energy = -18351.833375077313
------------------------------------------
[{'stable': {}, 'free': np.float64(-18351.833375077313)}]
------------------------------------------
  Seed: uu+dd:px+ipy
  Seed uu: [0.+0.j 0.+0.j 0.+0.j 0.+0.j], Seed dd: [0.+0.j 0.+0.j 0.+0.j 0.+0.j]
F_onsite: 0j
F_swave: 0j, F_dwave: 0j
F_px: 0j, F_py: 0j
Free_energy = -18351.833375077313
------------------------------------------
[{'stable': {}, 'free': np.float64(-18351.833375077313)}]
------------------------------------------
====================================
mu=-3.18, T=0.0794
====================================
  Seed: normal state
  Seed uu: [0.+0.j 0.+0.j 0.+0.j 0.+0.j], Seed dd: [0.+0.j 0.+0.j 0.+0.j 0.+0.j]
F_onsite: 0j
F_swave: 0j, F_dwave: 0j
F_px: 0j, F_py: 0j
Free_energy = -18352.876918677477
------------------------------------------
[{'stable': {}, 'free': np.float64(-18352.876918677477)}]
------------------------------------------
  Seed: uu:px
  Seed uu: [0.+0.j 0.+0.j 0.+0.j 0.+0.j], Seed dd: [0.+0.j 0.+0.j 0.+0.j 0.+0.j]
F_onsite: 0j
F_swave: 0j, F_dwave: 0j
F_px: 0j, F_py: 0j
Free_energy = -18352.876918677477
------------------------------------------
[{'stable': {}, 'free': np.float64(-18352.876918677477)}]
------------------------------------------
  Seed: uu:px+py
  Seed uu: [0.+0.j 0.+0.j 0.+0.j 0.+0.j], Seed dd: [0.+0.j 0.+0.j 0.+0.j 0.+0.j]
F_onsite: 0j
F_swave: 0j, F_dwave: 0j
F_px: 0j, F_py: 0j
Free_energy = -18352.876918677477
------------------------------------------
[{'stable': {}, 'free': np.float64(-18352.876918677477)}]
------------------------------------------
  Seed: uu:px+ipy
  Seed uu: [0.+0.j 0.+0.j 0.+0.j 0.+0.j], Seed dd: [0.+0.j 0.+0.j 0.+0.j 0.+0.j]
F_onsite: 0j
F_swave: 0j, F_dwave: 0j
F_px: 0j, F_py: 0j
Free_energy = -18352.876918677477
------------------------------------------
[{'stable': {}, 'free': np.float64(-18352.876918677477)}]
------------------------------------------
  Seed: dd:px
  Seed uu: [0.+0.j 0.+0.j 0.+0.j 0.+0.j], Seed dd: [0.+0.j 0.+0.j 0.+0.j 0.+0.j]
F_onsite: 0j
F_swave: 0j, F_dwave: 0j
F_px: 0j, F_py: 0j
Free_energy = -18352.876918677477
------------------------------------------
[{'stable': {}, 'free': np.float64(-18352.876918677477)}]
------------------------------------------
  Seed: dd:px+py
  Seed uu: [0.+0.j 0.+0.j 0.+0.j 0.+0.j], Seed dd: [0.+0.j 0.+0.j 0.+0.j 0.+0.j]
F_onsite: 0j
F_swave: 0j, F_dwave: 0j
F_px: 0j, F_py: 0j
Free_energy = -18352.876918677477
------------------------------------------
[{'stable': {}, 'free': np.float64(-18352.876918677477)}]
------------------------------------------
  Seed: dd:px+ipy
  Seed uu: [0.+0.j 0.+0.j 0.+0.j 0.+0.j], Seed dd: [0.+0.j 0.+0.j 0.+0.j 0.+0.j]
F_onsite: 0j
F_swave: 0j, F_dwave: 0j
F_px: 0j, F_py: 0j
Free_energy = -18352.876918677477
------------------------------------------
[{'stable': {}, 'free': np.float64(-18352.876918677477)}]
------------------------------------------
  Seed: uu+dd:px
  Seed uu: [0.+0.j 0.+0.j 0.+0.j 0.+0.j], Seed dd: [0.+0.j 0.+0.j 0.+0.j 0.+0.j]
F_onsite: 0j
F_swave: 0j, F_dwave: 0j
F_px: 0j, F_py: 0j
Free_energy = -18352.876918677477
------------------------------------------
[{'stable': {}, 'free': np.float64(-18352.876918677477)}]
------------------------------------------
  Seed: uu+dd:px+py
  Seed uu: [0.+0.j 0.+0.j 0.+0.j 0.+0.j], Seed dd: [0.+0.j 0.+0.j 0.+0.j 0.+0.j]
F_onsite: 0j
F_swave: 0j, F_dwave: 0j
F_px: 0j, F_py: 0j
Free_energy = -18352.876918677477
------------------------------------------
[{'stable': {}, 'free': np.float64(-18352.876918677477)}]
------------------------------------------
  Seed: uu+dd:px+ipy
  Seed uu: [0.+0.j 0.+0.j 0.+0.j 0.+0.j], Seed dd: [0.+0.j 0.+0.j 0.+0.j 0.+0.j]
F_onsite: 0j
F_swave: 0j, F_dwave: 0j
F_px: 0j, F_py: 0j
Free_energy = -18352.876918677477
------------------------------------------
[{'stable': {}, 'free': np.float64(-18352.876918677477)}]
------------------------------------------
====================================
mu=-3.18, T=0.0835
====================================
  Seed: normal state
  Seed uu: [0.+0.j 0.+0.j 0.+0.j 0.+0.j], Seed dd: [0.+0.j 0.+0.j 0.+0.j 0.+0.j]
F_onsite: 0j
F_swave: 0j, F_dwave: 0j
F_px: 0j, F_py: 0j
Free_energy = -18353.97342219415
------------------------------------------
[{'stable': {}, 'free': np.float64(-18353.97342219415)}]
------------------------------------------
  Seed: uu:px
  Seed uu: [0.+0.j 0.+0.j 0.+0.j 0.+0.j], Seed dd: [0.+0.j 0.+0.j 0.+0.j 0.+0.j]
F_onsite: 0j
F_swave: 0j, F_dwave: 0j
F_px: 0j, F_py: 0j
Free_energy = -18353.97342219415
------------------------------------------
[{'stable': {}, 'free': np.float64(-18353.97342219415)}]
------------------------------------------
  Seed: uu:px+py
  Seed uu: [0.+0.j 0.+0.j 0.+0.j 0.+0.j], Seed dd: [0.+0.j 0.+0.j 0.+0.j 0.+0.j]
F_onsite: 0j
F_swave: 0j, F_dwave: 0j
F_px: 0j, F_py: 0j
Free_energy = -18353.97342219415
------------------------------------------
[{'stable': {}, 'free': np.float64(-18353.97342219415)}]
------------------------------------------
  Seed: uu:px+ipy
  Seed uu: [0.+0.j 0.+0.j 0.+0.j 0.+0.j], Seed dd: [0.+0.j 0.+0.j 0.+0.j 0.+0.j]
F_onsite: 0j
F_swave: 0j, F_dwave: 0j
F_px: 0j, F_py: 0j
Free_energy = -18353.97342219415
------------------------------------------
[{'stable': {}, 'free': np.float64(-18353.97342219415)}]
------------------------------------------
  Seed: dd:px
  Seed uu: [0.+0.j 0.+0.j 0.+0.j 0.+0.j], Seed dd: [0.+0.j 0.+0.j 0.+0.j 0.+0.j]
F_onsite: 0j
F_swave: 0j, F_dwave: 0j
F_px: 0j, F_py: 0j
Free_energy = -18353.97342219415
------------------------------------------
[{'stable': {}, 'free': np.float64(-18353.97342219415)}]
------------------------------------------
  Seed: dd:px+py
  Seed uu: [0.+0.j 0.+0.j 0.+0.j 0.+0.j], Seed dd: [0.+0.j 0.+0.j 0.+0.j 0.+0.j]
F_onsite: 0j
F_swave: 0j, F_dwave: 0j
F_px: 0j, F_py: 0j
Free_energy = -18353.97342219415
------------------------------------------
[{'stable': {}, 'free': np.float64(-18353.97342219415)}]
------------------------------------------
  Seed: dd:px+ipy
  Seed uu: [0.+0.j 0.+0.j 0.+0.j 0.+0.j], Seed dd: [0.+0.j 0.+0.j 0.+0.j 0.+0.j]
F_onsite: 0j
F_swave: 0j, F_dwave: 0j
F_px: 0j, F_py: 0j
Free_energy = -18353.97342219415
------------------------------------------
[{'stable': {}, 'free': np.float64(-18353.97342219415)}]
------------------------------------------
  Seed: uu+dd:px
  Seed uu: [0.+0.j 0.+0.j 0.+0.j 0.+0.j], Seed dd: [0.+0.j 0.+0.j 0.+0.j 0.+0.j]
F_onsite: 0j
F_swave: 0j, F_dwave: 0j
F_px: 0j, F_py: 0j
Free_energy = -18353.97342219415
------------------------------------------
[{'stable': {}, 'free': np.float64(-18353.97342219415)}]
------------------------------------------
  Seed: uu+dd:px+py
  Seed uu: [0.+0.j 0.+0.j 0.+0.j 0.+0.j], Seed dd: [0.+0.j 0.+0.j 0.+0.j 0.+0.j]
F_onsite: 0j
F_swave: 0j, F_dwave: 0j
F_px: 0j, F_py: 0j
Free_energy = -18353.97342219415
------------------------------------------
[{'stable': {}, 'free': np.float64(-18353.97342219415)}]
------------------------------------------
  Seed: uu+dd:px+ipy
  Seed uu: [0.+0.j 0.+0.j 0.+0.j 0.+0.j], Seed dd: [0.+0.j 0.+0.j 0.+0.j 0.+0.j]
F_onsite: 0j
F_swave: 0j, F_dwave: 0j
F_px: 0j, F_py: 0j
Free_energy = -18353.97342219415
------------------------------------------
[{'stable': {}, 'free': np.float64(-18353.97342219415)}]
------------------------------------------
====================================
mu=-3.18, T=0.0876
====================================
  Seed: normal state
  Seed uu: [0.+0.j 0.+0.j 0.+0.j 0.+0.j], Seed dd: [0.+0.j 0.+0.j 0.+0.j 0.+0.j]
F_onsite: 0j
F_swave: 0j, F_dwave: 0j
F_px: 0j, F_py: 0j
Free_energy = -18355.122474680677
------------------------------------------
[{'stable': {}, 'free': np.float64(-18355.122474680677)}]
------------------------------------------
  Seed: uu:px
  Seed uu: [0.+0.j 0.+0.j 0.+0.j 0.+0.j], Seed dd: [0.+0.j 0.+0.j 0.+0.j 0.+0.j]
F_onsite: 0j
F_swave: 0j, F_dwave: 0j
F_px: 0j, F_py: 0j
Free_energy = -18355.122474680677
------------------------------------------
[{'stable': {}, 'free': np.float64(-18355.122474680677)}]
------------------------------------------
  Seed: uu:px+py
  Seed uu: [0.+0.j 0.+0.j 0.+0.j 0.+0.j], Seed dd: [0.+0.j 0.+0.j 0.+0.j 0.+0.j]
F_onsite: 0j
F_swave: 0j, F_dwave: 0j
F_px: 0j, F_py: 0j
Free_energy = -18355.122474680677
------------------------------------------
[{'stable': {}, 'free': np.float64(-18355.122474680677)}]
------------------------------------------
  Seed: uu:px+ipy
  Seed uu: [0.+0.j 0.+0.j 0.+0.j 0.+0.j], Seed dd: [0.+0.j 0.+0.j 0.+0.j 0.+0.j]
F_onsite: 0j
F_swave: 0j, F_dwave: 0j
F_px: 0j, F_py: 0j
Free_energy = -18355.122474680677
------------------------------------------
[{'stable': {}, 'free': np.float64(-18355.122474680677)}]
------------------------------------------
  Seed: dd:px
  Seed uu: [0.+0.j 0.+0.j 0.+0.j 0.+0.j], Seed dd: [0.+0.j 0.+0.j 0.+0.j 0.+0.j]
F_onsite: 0j
F_swave: 0j, F_dwave: 0j
F_px: 0j, F_py: 0j
Free_energy = -18355.122474680677
------------------------------------------
[{'stable': {}, 'free': np.float64(-18355.122474680677)}]
------------------------------------------
  Seed: dd:px+py
  Seed uu: [0.+0.j 0.+0.j 0.+0.j 0.+0.j], Seed dd: [0.+0.j 0.+0.j 0.+0.j 0.+0.j]
F_onsite: 0j
F_swave: 0j, F_dwave: 0j
F_px: 0j, F_py: 0j
Free_energy = -18355.122474680677
------------------------------------------
[{'stable': {}, 'free': np.float64(-18355.122474680677)}]
------------------------------------------
  Seed: dd:px+ipy
  Seed uu: [0.+0.j 0.+0.j 0.+0.j 0.+0.j], Seed dd: [0.+0.j 0.+0.j 0.+0.j 0.+0.j]
F_onsite: 0j
F_swave: 0j, F_dwave: 0j
F_px: 0j, F_py: 0j
Free_energy = -18355.122474680677
------------------------------------------
[{'stable': {}, 'free': np.float64(-18355.122474680677)}]
------------------------------------------
  Seed: uu+dd:px
  Seed uu: [0.+0.j 0.+0.j 0.+0.j 0.+0.j], Seed dd: [0.+0.j 0.+0.j 0.+0.j 0.+0.j]
F_onsite: 0j
F_swave: 0j, F_dwave: 0j
F_px: 0j, F_py: 0j
Free_energy = -18355.122474680677
------------------------------------------
[{'stable': {}, 'free': np.float64(-18355.122474680677)}]
------------------------------------------
  Seed: uu+dd:px+py
  Seed uu: [0.+0.j 0.+0.j 0.+0.j 0.+0.j], Seed dd: [0.+0.j 0.+0.j 0.+0.j 0.+0.j]
F_onsite: 0j
F_swave: 0j, F_dwave: 0j
F_px: 0j, F_py: 0j
Free_energy = -18355.122474680677
------------------------------------------
[{'stable': {}, 'free': np.float64(-18355.122474680677)}]
------------------------------------------
  Seed: uu+dd:px+ipy
  Seed uu: [0.+0.j 0.+0.j 0.+0.j 0.+0.j], Seed dd: [0.+0.j 0.+0.j 0.+0.j 0.+0.j]
F_onsite: 0j
F_swave: 0j, F_dwave: 0j
F_px: 0j, F_py: 0j
Free_energy = -18355.122474680677
------------------------------------------
[{'stable': {}, 'free': np.float64(-18355.122474680677)}]
------------------------------------------
====================================
mu=-3.18, T=0.0917
====================================
  Seed: normal state
  Seed uu: [0.+0.j 0.+0.j 0.+0.j 0.+0.j], Seed dd: [0.+0.j 0.+0.j 0.+0.j 0.+0.j]
F_onsite: 0j
F_swave: 0j, F_dwave: 0j
F_px: 0j, F_py: 0j
Free_energy = -18356.323671720027
------------------------------------------
[{'stable': {}, 'free': np.float64(-18356.323671720027)}]
------------------------------------------
  Seed: uu:px
  Seed uu: [0.+0.j 0.+0.j 0.+0.j 0.+0.j], Seed dd: [0.+0.j 0.+0.j 0.+0.j 0.+0.j]
F_onsite: 0j
F_swave: 0j, F_dwave: 0j
F_px: 0j, F_py: 0j
Free_energy = -18356.323671720027
------------------------------------------
[{'stable': {}, 'free': np.float64(-18356.323671720027)}]
------------------------------------------
  Seed: uu:px+py
  Seed uu: [0.+0.j 0.+0.j 0.+0.j 0.+0.j], Seed dd: [0.+0.j 0.+0.j 0.+0.j 0.+0.j]
F_onsite: 0j
F_swave: 0j, F_dwave: 0j
F_px: 0j, F_py: 0j
Free_energy = -18356.323671720027
------------------------------------------
[{'stable': {}, 'free': np.float64(-18356.323671720027)}]
------------------------------------------
  Seed: uu:px+ipy
  Seed uu: [0.+0.j 0.+0.j 0.+0.j 0.+0.j], Seed dd: [0.+0.j 0.+0.j 0.+0.j 0.+0.j]
F_onsite: 0j
F_swave: 0j, F_dwave: 0j
F_px: 0j, F_py: 0j
Free_energy = -18356.323671720027
------------------------------------------
[{'stable': {}, 'free': np.float64(-18356.323671720027)}]
------------------------------------------
  Seed: dd:px
  Seed uu: [0.+0.j 0.+0.j 0.+0.j 0.+0.j], Seed dd: [0.+0.j 0.+0.j 0.+0.j 0.+0.j]
F_onsite: 0j
F_swave: 0j, F_dwave: 0j
F_px: 0j, F_py: 0j
Free_energy = -18356.323671720027
------------------------------------------
[{'stable': {}, 'free': np.float64(-18356.323671720027)}]
------------------------------------------
  Seed: dd:px+py
  Seed uu: [0.+0.j 0.+0.j 0.+0.j 0.+0.j], Seed dd: [0.+0.j 0.+0.j 0.+0.j 0.+0.j]
F_onsite: 0j
F_swave: 0j, F_dwave: 0j
F_px: 0j, F_py: 0j
Free_energy = -18356.323671720027
------------------------------------------
[{'stable': {}, 'free': np.float64(-18356.323671720027)}]
------------------------------------------
  Seed: dd:px+ipy
  Seed uu: [0.+0.j 0.+0.j 0.+0.j 0.+0.j], Seed dd: [0.+0.j 0.+0.j 0.+0.j 0.+0.j]
F_onsite: 0j
F_swave: 0j, F_dwave: 0j
F_px: 0j, F_py: 0j
Free_energy = -18356.323671720027
------------------------------------------
[{'stable': {}, 'free': np.float64(-18356.323671720027)}]
------------------------------------------
  Seed: uu+dd:px
  Seed uu: [0.+0.j 0.+0.j 0.+0.j 0.+0.j], Seed dd: [0.+0.j 0.+0.j 0.+0.j 0.+0.j]
F_onsite: 0j
F_swave: 0j, F_dwave: 0j
F_px: 0j, F_py: 0j
Free_energy = -18356.323671720027
------------------------------------------
[{'stable': {}, 'free': np.float64(-18356.323671720027)}]
------------------------------------------
  Seed: uu+dd:px+py
  Seed uu: [0.+0.j 0.+0.j 0.+0.j 0.+0.j], Seed dd: [0.+0.j 0.+0.j 0.+0.j 0.+0.j]
F_onsite: 0j
F_swave: 0j, F_dwave: 0j
F_px: 0j, F_py: 0j
Free_energy = -18356.323671720027
------------------------------------------
[{'stable': {}, 'free': np.float64(-18356.323671720027)}]
------------------------------------------
  Seed: uu+dd:px+ipy
  Seed uu: [0.+0.j 0.+0.j 0.+0.j 0.+0.j], Seed dd: [0.+0.j 0.+0.j 0.+0.j 0.+0.j]
F_onsite: 0j
F_swave: 0j, F_dwave: 0j
F_px: 0j, F_py: 0j
Free_energy = -18356.323671720027
------------------------------------------
[{'stable': {}, 'free': np.float64(-18356.323671720027)}]
------------------------------------------
====================================
mu=-3.18, T=0.0959
====================================
  Seed: normal state
  Seed uu: [0.+0.j 0.+0.j 0.+0.j 0.+0.j], Seed dd: [0.+0.j 0.+0.j 0.+0.j 0.+0.j]
F_onsite: 0j
F_swave: 0j, F_dwave: 0j
F_px: 0j, F_py: 0j
Free_energy = -18357.5766199576
------------------------------------------
[{'stable': {}, 'free': np.float64(-18357.5766199576)}]
------------------------------------------
  Seed: uu:px
  Seed uu: [0.+0.j 0.+0.j 0.+0.j 0.+0.j], Seed dd: [0.+0.j 0.+0.j 0.+0.j 0.+0.j]
F_onsite: 0j
F_swave: 0j, F_dwave: 0j
F_px: 0j, F_py: 0j
Free_energy = -18357.5766199576
------------------------------------------
[{'stable': {}, 'free': np.float64(-18357.5766199576)}]
------------------------------------------
  Seed: uu:px+py
  Seed uu: [0.+0.j 0.+0.j 0.+0.j 0.+0.j], Seed dd: [0.+0.j 0.+0.j 0.+0.j 0.+0.j]
F_onsite: 0j
F_swave: 0j, F_dwave: 0j
F_px: 0j, F_py: 0j
Free_energy = -18357.5766199576
------------------------------------------
[{'stable': {}, 'free': np.float64(-18357.5766199576)}]
------------------------------------------
  Seed: uu:px+ipy
  Seed uu: [0.+0.j 0.+0.j 0.+0.j 0.+0.j], Seed dd: [0.+0.j 0.+0.j 0.+0.j 0.+0.j]
F_onsite: 0j
F_swave: 0j, F_dwave: 0j
F_px: 0j, F_py: 0j
Free_energy = -18357.5766199576
------------------------------------------
[{'stable': {}, 'free': np.float64(-18357.5766199576)}]
------------------------------------------
  Seed: dd:px
  Seed uu: [0.+0.j 0.+0.j 0.+0.j 0.+0.j], Seed dd: [0.+0.j 0.+0.j 0.+0.j 0.+0.j]
F_onsite: 0j
F_swave: 0j, F_dwave: 0j
F_px: 0j, F_py: 0j
Free_energy = -18357.5766199576
------------------------------------------
[{'stable': {}, 'free': np.float64(-18357.5766199576)}]
------------------------------------------
  Seed: dd:px+py
  Seed uu: [0.+0.j 0.+0.j 0.+0.j 0.+0.j], Seed dd: [0.+0.j 0.+0.j 0.+0.j 0.+0.j]
F_onsite: 0j
F_swave: 0j, F_dwave: 0j
F_px: 0j, F_py: 0j
Free_energy = -18357.5766199576
------------------------------------------
[{'stable': {}, 'free': np.float64(-18357.5766199576)}]
------------------------------------------
  Seed: dd:px+ipy
  Seed uu: [0.+0.j 0.+0.j 0.+0.j 0.+0.j], Seed dd: [0.+0.j 0.+0.j 0.+0.j 0.+0.j]
F_onsite: 0j
F_swave: 0j, F_dwave: 0j
F_px: 0j, F_py: 0j
Free_energy = -18357.5766199576
------------------------------------------
[{'stable': {}, 'free': np.float64(-18357.5766199576)}]
------------------------------------------
  Seed: uu+dd:px
  Seed uu: [0.+0.j 0.+0.j 0.+0.j 0.+0.j], Seed dd: [0.+0.j 0.+0.j 0.+0.j 0.+0.j]
F_onsite: 0j
F_swave: 0j, F_dwave: 0j
F_px: 0j, F_py: 0j
Free_energy = -18357.5766199576
------------------------------------------
[{'stable': {}, 'free': np.float64(-18357.5766199576)}]
------------------------------------------
  Seed: uu+dd:px+py
  Seed uu: [0.+0.j 0.+0.j 0.+0.j 0.+0.j], Seed dd: [0.+0.j 0.+0.j 0.+0.j 0.+0.j]
F_onsite: 0j
F_swave: 0j, F_dwave: 0j
F_px: 0j, F_py: 0j
Free_energy = -18357.5766199576
------------------------------------------
[{'stable': {}, 'free': np.float64(-18357.5766199576)}]
------------------------------------------
  Seed: uu+dd:px+ipy
  Seed uu: [0.+0.j 0.+0.j 0.+0.j 0.+0.j], Seed dd: [0.+0.j 0.+0.j 0.+0.j 0.+0.j]
F_onsite: 0j
F_swave: 0j, F_dwave: 0j
F_px: 0j, F_py: 0j
Free_energy = -18357.5766199576
------------------------------------------
[{'stable': {}, 'free': np.float64(-18357.5766199576)}]
------------------------------------------
====================================
mu=-3.18, T=0.1000
====================================
  Seed: normal state
  Seed uu: [0.+0.j 0.+0.j 0.+0.j 0.+0.j], Seed dd: [0.+0.j 0.+0.j 0.+0.j 0.+0.j]
F_onsite: 0j
F_swave: 0j, F_dwave: 0j
F_px: 0j, F_py: 0j
Free_energy = -18358.880940315437
------------------------------------------
[{'stable': {}, 'free': np.float64(-18358.880940315437)}]
------------------------------------------
  Seed: uu:px
  Seed uu: [0.+0.j 0.+0.j 0.+0.j 0.+0.j], Seed dd: [0.+0.j 0.+0.j 0.+0.j 0.+0.j]
F_onsite: 0j
F_swave: 0j, F_dwave: 0j
F_px: 0j, F_py: 0j
Free_energy = -18358.880940315437
------------------------------------------
[{'stable': {}, 'free': np.float64(-18358.880940315437)}]
------------------------------------------
  Seed: uu:px+py
  Seed uu: [0.+0.j 0.+0.j 0.+0.j 0.+0.j], Seed dd: [0.+0.j 0.+0.j 0.+0.j 0.+0.j]
F_onsite: 0j
F_swave: 0j, F_dwave: 0j
F_px: 0j, F_py: 0j
Free_energy = -18358.880940315437
------------------------------------------
[{'stable': {}, 'free': np.float64(-18358.880940315437)}]
------------------------------------------
  Seed: uu:px+ipy
  Seed uu: [0.+0.j 0.+0.j 0.+0.j 0.+0.j], Seed dd: [0.+0.j 0.+0.j 0.+0.j 0.+0.j]
F_onsite: 0j
F_swave: 0j, F_dwave: 0j
F_px: 0j, F_py: 0j
Free_energy = -18358.880940315437
------------------------------------------
[{'stable': {}, 'free': np.float64(-18358.880940315437)}]
------------------------------------------
  Seed: dd:px
  Seed uu: [0.+0.j 0.+0.j 0.+0.j 0.+0.j], Seed dd: [0.+0.j 0.+0.j 0.+0.j 0.+0.j]
F_onsite: 0j
F_swave: 0j, F_dwave: 0j
F_px: 0j, F_py: 0j
Free_energy = -18358.880940315437
------------------------------------------
[{'stable': {}, 'free': np.float64(-18358.880940315437)}]
------------------------------------------
  Seed: dd:px+py
  Seed uu: [0.+0.j 0.+0.j 0.+0.j 0.+0.j], Seed dd: [0.+0.j 0.+0.j 0.+0.j 0.+0.j]
F_onsite: 0j
F_swave: 0j, F_dwave: 0j
F_px: 0j, F_py: 0j
Free_energy = -18358.880940315437
------------------------------------------
[{'stable': {}, 'free': np.float64(-18358.880940315437)}]
------------------------------------------
  Seed: dd:px+ipy
  Seed uu: [0.+0.j 0.+0.j 0.+0.j 0.+0.j], Seed dd: [0.+0.j 0.+0.j 0.+0.j 0.+0.j]
F_onsite: 0j
F_swave: 0j, F_dwave: 0j
F_px: 0j, F_py: 0j
Free_energy = -18358.880940315437
------------------------------------------
[{'stable': {}, 'free': np.float64(-18358.880940315437)}]
------------------------------------------
  Seed: uu+dd:px
  Seed uu: [0.+0.j 0.+0.j 0.+0.j 0.+0.j], Seed dd: [0.+0.j 0.+0.j 0.+0.j 0.+0.j]
F_onsite: 0j
F_swave: 0j, F_dwave: 0j
F_px: 0j, F_py: 0j
Free_energy = -18358.880940315437
------------------------------------------
[{'stable': {}, 'free': np.float64(-18358.880940315437)}]
------------------------------------------
  Seed: uu+dd:px+py
  Seed uu: [0.+0.j 0.+0.j 0.+0.j 0.+0.j], Seed dd: [0.+0.j 0.+0.j 0.+0.j 0.+0.j]
F_onsite: 0j
F_swave: 0j, F_dwave: 0j
F_px: 0j, F_py: 0j
Free_energy = -18358.880940315437
------------------------------------------
[{'stable': {}, 'free': np.float64(-18358.880940315437)}]
------------------------------------------
  Seed: uu+dd:px+ipy
  Seed uu: [0.+0.j 0.+0.j 0.+0.j 0.+0.j], Seed dd: [0.+0.j 0.+0.j 0.+0.j 0.+0.j]
F_onsite: 0j
F_swave: 0j, F_dwave: 0j
F_px: 0j, F_py: 0j
Free_energy = -18358.880940315437
------------------------------------------
[{'stable': {}, 'free': np.float64(-18358.880940315437)}]
------------------------------------------
