/home/emilssp/D1/venv/bin/python
Python 3.10.12
Running job 3 out of 25
====================================
mu=0.56, T=0.0010
====================================
  Seed: normal state
  Seed uu: [0.+0.j 0.+0.j 0.+0.j 0.+0.j], Seed dd: [0.+0.j 0.+0.j 0.+0.j 0.+0.j]
F_onsite: 0j
F_swave: 0j, F_dwave: 0j
F_px: 0j, F_py: 0j
Free_energy = -9801.8759905047
------------------------------------------
[{'stable': {}, 'free': np.float64(-9801.8759905047)}]
------------------------------------------
  Seed: uu:px
  Seed uu: [ 0.1+0.j -0.1+0.j  0. +0.j  0. +0.j], Seed dd: [0.+0.j 0.+0.j 0.+0.j 0.+0.j]
F_onsite: (7.182577463488688e-42-1.5167677754379185e-41j)
F_swave: (-2.831839502520598e-44+5.980084223196554e-44j), F_dwave: (-7.154259068463482e-42+1.510787691214722e-41j)
F_px: (1.9117102933589427e-57+0j), F_py: (1.901014277306303e-42+9.002159138960165e-43j)
Free_energy = -9851.627068078118
------------------------------------------
[{'stable': {'Fuu_px': np.complex128(0.07113058951745521+1.5977706892021995e-16j)}, 'free': np.float64(-9851.627068078118)}]
------------------------------------------
  Seed: uu:px+py
  Seed uu: [ 0.1+0.j -0.1+0.j  0.1+0.j -0.1+0.j], Seed dd: [0.+0.j 0.+0.j 0.+0.j 0.+0.j]
F_onsite: (-4.1868512731065953e-22-3.7104453110462843e-22j)
F_swave: (1.1170489372722754e-22+9.899528950484405e-23j), F_dwave: (5.157502012882996e-23-5.726656777473289e-23j)
F_px: (-4.455154230528643e-22+1.2204506867892e-21j), F_py: (-3.6553227807656083e-22-1.2001337536794683e-21j)
Free_energy = -9853.113757665475
------------------------------------------
[{'stable': {'Fuu_px': np.complex128(0.0359592558618856-0.036170602025001046j), 'Fuu_py': np.complex128(0.03627543308054613+0.036063473990072384j)}, 'free': np.float64(-9853.113757665475)}]
------------------------------------------
  Seed: uu:px+ipy
  Seed uu: [ 0.1+0.j  -0.1+0.j   0. +0.1j -0. -0.1j], Seed dd: [0.+0.j 0.+0.j 0.+0.j 0.+0.j]
F_onsite: (-9.531452448329823e-22+3.167255284838305e-23j)
F_swave: (2.5429975556642544e-22-8.449971915369132e-24j), F_dwave: (-1.461741940253392e-22+1.4312994835270752e-22j)
F_px: (4.507058275526334e-22-3.5105226307534398e-22j), F_py: (-1.5951059572652408e-21-7.144269381073561e-22j)
Free_energy = -9853.118011136314
------------------------------------------
[{'stable': {'Fuu_px': np.complex128(0.0359592558618856-0.036170602025001046j), 'Fuu_py': np.complex128(0.03627543308054613+0.036063473990072384j)}, 'free': np.float64(-9853.113757665475)}, {'stable': {'Fuu_px': np.complex128(0.05107941511915437+7.903113859414161e-17j), 'Fuu_py': np.complex128(-9.894803308786281e-17+0.051079415119155494j)}, 'free': np.float64(-9853.118011136314)}]
------------------------------------------
  Seed: dd:px
  Seed uu: [0.+0.j 0.+0.j 0.+0.j 0.+0.j], Seed dd: [ 0.1+0.j -0.1+0.j  0. +0.j  0. +0.j]
F_onsite: (2.041537736095567e-23+9.837405510892636e-38j)
F_swave: (-2.927211696189285e-25+0j), F_dwave: (5.311641604881907e-24+4.1142302278780063e-38j)
F_px: (6.171345341817009e-38+4.98684976773114e-24j), F_py: (-1.087332274510616e-37-7.568747115524072e-23j)
Free_energy = -9821.588758333279
------------------------------------------
[{'stable': {'Fuu_px': np.complex128(0.0359592558618856-0.036170602025001046j), 'Fuu_py': np.complex128(0.03627543308054613+0.036063473990072384j)}, 'free': np.float64(-9853.113757665475)}, {'stable': {'Fuu_px': np.complex128(0.05107941511915437+7.903113859414161e-17j), 'Fuu_py': np.complex128(-9.894803308786281e-17+0.051079415119155494j)}, 'free': np.float64(-9853.118011136314)}]
------------------------------------------
  Seed: dd:px+py
  Seed uu: [0.+0.j 0.+0.j 0.+0.j 0.+0.j], Seed dd: [ 0.1+0.j -0.1+0.j  0.1+0.j -0.1+0.j]
F_onsite: (6.751104608714002e-23+5.454955747889418e-33j)
F_swave: (-9.885885983051756e-25-7.99203915444688e-35j), F_dwave: (4.953209286545648e-23-1.7372112323920287e-32j)
F_px: (-9.540844062467432e-33-4.604536694726984e-23j), F_py: (-1.601622807938875e-33-4.495974769560014e-23j)
Free_energy = -9815.816877153731
------------------------------------------
[{'stable': {'Fuu_px': np.complex128(0.0359592558618856-0.036170602025001046j), 'Fuu_py': np.complex128(0.03627543308054613+0.036063473990072384j)}, 'free': np.float64(-9853.113757665475)}, {'stable': {'Fuu_px': np.complex128(0.05107941511915437+7.903113859414161e-17j), 'Fuu_py': np.complex128(-9.894803308786281e-17+0.051079415119155494j)}, 'free': np.float64(-9853.118011136314)}]
------------------------------------------
  Seed: dd:px+ipy
  Seed uu: [0.+0.j 0.+0.j 0.+0.j 0.+0.j], Seed dd: [ 0.1+0.j  -0.1+0.j   0. +0.1j -0. -0.1j]
F_onsite: (5.599121896644615e-23-3.7059736420615284e-25j)
F_swave: (-8.250495568028373e-25+5.334645011569951e-27j), F_dwave: (1.6805788496108017e-23-1.341341640866494e-24j)
F_px: (-7.146259391299254e-25-1.820067373552376e-23j), F_py: (6.594194260013603e-25-1.6932179746679913e-23j)
Free_energy = -9824.6341210843
------------------------------------------
[{'stable': {'Fuu_px': np.complex128(0.0359592558618856-0.036170602025001046j), 'Fuu_py': np.complex128(0.03627543308054613+0.036063473990072384j)}, 'free': np.float64(-9853.113757665475)}, {'stable': {'Fuu_px': np.complex128(0.05107941511915437+7.903113859414161e-17j), 'Fuu_py': np.complex128(-9.894803308786281e-17+0.051079415119155494j)}, 'free': np.float64(-9853.118011136314)}]
------------------------------------------
  Seed: uu+dd:px
  Seed uu: [ 0.1+0.j -0.1+0.j  0. +0.j  0. +0.j], Seed dd: [ 0.1+0.j -0.1+0.j  0. +0.j  0. +0.j]
F_onsite: (4.7869666470314024e-33+7.795273964160156e-22j)
F_swave: (-6.827271189575846e-35-1.6641316200586647e-21j), F_dwave: (-4.7585892112247514e-33+3.6836389645034254e-21j)
F_px: (-2.07285280196227e-19-2.2419028258882667e-34j), F_py: (2.584823793465791e-22-2.1892406789714283e-33j)
Free_energy = -9871.33767526131
------------------------------------------
[{'stable': {'Fuu_px': np.complex128(0.07112934181799721+1.6556942432067968e-16j), 'Fdd_px': np.complex128(0.045258865367722154+3.4496740265911466e-17j)}, 'free': np.float64(-9871.33767526131)}]
------------------------------------------
  Seed: uu+dd:px+py
  Seed uu: [ 0.1+0.j -0.1+0.j  0.1+0.j -0.1+0.j], Seed dd: [ 0.1+0.j -0.1+0.j  0.1+0.j -0.1+0.j]
F_onsite: (-1.5667423700500577e-20-8.726101906127093e-21j)
F_swave: (3.1366646985636445e-21+2.8770374144714456e-21j), F_dwave: (-1.4869499258213651e-21-1.70091969764029e-21j)
F_px: (-7.864156947413567e-22-1.4005684672453417e-20j), F_py: (-1.1949237046555603e-20+2.3822326422515245e-20j)
Free_energy = -9875.867627140597
------------------------------------------
[{'stable': {'Fuu_px': np.complex128(0.03591631097156936-0.036213239636825184j), 'Fuu_py': np.complex128(0.03631819990372409+0.03602041062189382j), 'Fdd_px': np.complex128(0.024335764125328233+0.024335588402016592j), 'Fdd_py': np.complex128(0.024335774284889106-0.02433557890723758j)}, 'free': np.float64(-9875.867627140597)}]
------------------------------------------
  Seed: uu+dd:px+ipy
  Seed uu: [ 0.1+0.j  -0.1+0.j   0. +0.1j -0. -0.1j], Seed dd: [ 0.1+0.j  -0.1+0.j   0. +0.1j -0. -0.1j]
F_onsite: (1.2656146478612387e-20-1.770363437991324e-20j)
F_swave: (-6.796077583856684e-21+4.2312297700777e-21j), F_dwave: (-7.700990507902646e-21-6.711096880158003e-21j)
F_px: (1.3068146250506389e-21+2.9816595099547756e-20j), F_py: (2.964527230740414e-20-1.4122202448422118e-20j)
Free_energy = -9875.873335133268
------------------------------------------
[{'stable': {'Fuu_px': np.complex128(0.03591631097156936-0.036213239636825184j), 'Fuu_py': np.complex128(0.03631819990372409+0.03602041062189382j), 'Fdd_px': np.complex128(0.024335764125328233+0.024335588402016592j), 'Fdd_py': np.complex128(0.024335774284889106-0.02433557890723758j)}, 'free': np.float64(-9875.867627140597)}, {'stable': {'Fuu_px': np.complex128(0.0510782807003983+1.0869947342334835e-16j), 'Fuu_py': np.complex128(-9.220416852006089e-17+0.05107828070039964j), 'Fdd_px': np.complex128(0.03441853239254604-3.866440706419864e-19j), 'Fdd_py': np.complex128(6.06287654798907e-18+0.03441853239254629j)}, 'free': np.float64(-9875.873335133268)}]
------------------------------------------
====================================
mu=0.56, T=0.0093
====================================
  Seed: normal state
  Seed uu: [0.+0.j 0.+0.j 0.+0.j 0.+0.j], Seed dd: [0.+0.j 0.+0.j 0.+0.j 0.+0.j]
F_onsite: 0j
F_swave: 0j, F_dwave: 0j
F_px: 0j, F_py: 0j
Free_energy = -9802.337040433194
------------------------------------------
[{'stable': {}, 'free': np.float64(-9802.337040433194)}]
------------------------------------------
  Seed: uu:px
  Seed uu: [ 7.11305895e-02+1.53570250e-16j -7.11305895e-02-1.65983888e-16j
 -1.51003475e-19-1.58432536e-16j -7.60364271e-19+1.46307789e-16j], Seed dd: [0.+0.j 0.+0.j 0.+0.j 0.+0.j]
F_onsite: (4.307311670084843e-25+4.631140773538008e-23j)
F_swave: (-5.496519577992142e-26-4.262516354744841e-25j), F_dwave: (-3.7576597122679317e-25-4.588515510651482e-23j)
F_px: (2.1902801373099562e-30+6.600400779867144e-36j), F_py: (4.111506730708384e-24-6.313021290498203e-24j)
Free_energy = -9851.762204253455
------------------------------------------
[{'stable': {'Fuu_px': np.complex128(0.07113009162464698+1.5834695966789947e-16j)}, 'free': np.float64(-9851.762204253455)}]
------------------------------------------
  Seed: uu:px+py
  Seed uu: [ 0.03595926-0.0361706j  -0.03595926+0.0361706j   0.03627543+0.03606347j
 -0.03627543-0.03606347j], Seed dd: [0.+0.j 0.+0.j 0.+0.j 0.+0.j]
F_onsite: (5.567432595041155e-21-7.38272684670342e-21j)
F_swave: (-1.4794159061350923e-21+1.9948189223945166e-21j), F_dwave: (-1.1138512277969744e-22+6.131360177983009e-23j)
F_px: (-4.744927163782211e-20-8.30689088494526e-21j), F_py: (-3.678750327343259e-20+9.07357613966762e-21j)
Free_energy = -9853.242860317265
------------------------------------------
[{'stable': {'Fuu_px': np.complex128(0.03595994704164658-0.036171297324813646j), 'Fuu_py': np.complex128(0.03627474005224181+0.036062785068388864j)}, 'free': np.float64(-9853.242860317265)}]
------------------------------------------
  Seed: uu:px+ipy
  Seed uu: [ 5.10794151e-02+8.46702075e-17j -5.10794151e-02-7.33920697e-17j
 -1.04568758e-16+5.10794151e-02j  9.33273077e-17-5.10794151e-02j], Seed dd: [0.+0.j 0.+0.j 0.+0.j 0.+0.j]
F_onsite: (-1.31832609240768e-20+1.5728070464978147e-21j)
F_swave: (3.514970912053445e-21-4.4389010994694075e-22j), F_dwave: (1.1668766237338328e-21+3.0393462062769637e-21j)
F_px: (2.259552455260778e-20-2.3483557794389372e-20j), F_py: (-1.4045568224181696e-20+1.0927711460712204e-20j)
Free_energy = -9853.245826761015
------------------------------------------
[{'stable': {'Fuu_px': np.complex128(0.03595994704164658-0.036171297324813646j), 'Fuu_py': np.complex128(0.03627474005224181+0.036062785068388864j)}, 'free': np.float64(-9853.242860317265)}, {'stable': {'Fuu_px': np.complex128(0.051078895203980304+8.478254524555751e-17j), 'Fuu_py': np.complex128(-1.023046923089336e-16+0.05107889520398169j)}, 'free': np.float64(-9853.245826761015)}]
------------------------------------------
  Seed: dd:px
  Seed uu: [0.+0.j 0.+0.j 0.+0.j 0.+0.j], Seed dd: [ 4.52588654e-02+3.72902549e-17j -4.52588654e-02-4.03632375e-17j
 -7.18618120e-19+3.96644195e-16j  4.32311058e-19-3.87619588e-16j]
F_onsite: (1.2094499011671328e-25-8.309121811879069e-36j)
F_swave: (-4.483716279294033e-30+2.644862289350147e-37j), F_dwave: (-9.054593270818497e-27+6.506361231801361e-36j)
F_px: (4.490388420141138e-36-5.842625256609998e-21j), F_py: (1.0062231643038781e-35+1.1152494924181535e-27j)
Free_energy = -9821.923518997475
------------------------------------------
[{'stable': {'Fuu_px': np.complex128(0.03595994704164658-0.036171297324813646j), 'Fuu_py': np.complex128(0.03627474005224181+0.036062785068388864j)}, 'free': np.float64(-9853.242860317265)}, {'stable': {'Fuu_px': np.complex128(0.051078895203980304+8.478254524555751e-17j), 'Fuu_py': np.complex128(-1.023046923089336e-16+0.05107889520398169j)}, 'free': np.float64(-9853.245826761015)}]
------------------------------------------
  Seed: dd:px+py
  Seed uu: [0.+0.j 0.+0.j 0.+0.j 0.+0.j], Seed dd: [ 0.02697546+2.91829155e-11j -0.02697546-2.91829098e-11j
  0.02697546-2.91827436e-11j -0.02697546+2.91827519e-11j]
F_onsite: (2.119988964224601e-21+3.039915232025689e-31j)
F_swave: (-2.4500990130150346e-23+1.8592038304088543e-31j), F_dwave: (1.7476263098059715e-21-3.6482409336491877e-31j)
F_px: (1.8460283019776627e-31+5.863925913733073e-23j), F_py: (2.7815017526897296e-32+1.890962919298067e-23j)
Free_energy = -9816.185426507816
------------------------------------------
[{'stable': {'Fuu_px': np.complex128(0.03595994704164658-0.036171297324813646j), 'Fuu_py': np.complex128(0.03627474005224181+0.036062785068388864j)}, 'free': np.float64(-9853.242860317265)}, {'stable': {'Fuu_px': np.complex128(0.051078895203980304+8.478254524555751e-17j), 'Fuu_py': np.complex128(-1.023046923089336e-16+0.05107889520398169j)}, 'free': np.float64(-9853.245826761015)}]
------------------------------------------
  Seed: dd:px+ipy
  Seed uu: [0.+0.j 0.+0.j 0.+0.j 0.+0.j], Seed dd: [ 3.44185324e-02+7.99244407e-18j -3.44185324e-02-1.65769642e-18j
  8.97034361e-18+3.44185324e-02j -5.44753358e-18-3.44185324e-02j]
F_onsite: (7.40250912014996e-24-5.668406960730297e-23j)
F_swave: (1.3225906010239257e-24+7.152279916856786e-25j), F_dwave: (4.778074322811629e-21+5.199542948401162e-23j)
F_px: (-2.6702504646253204e-22+5.473459358194767e-22j), F_py: (-4.699913951528844e-22+7.178373743998811e-22j)
Free_energy = -9824.96772931827
------------------------------------------
[{'stable': {'Fuu_px': np.complex128(0.03595994704164658-0.036171297324813646j), 'Fuu_py': np.complex128(0.03627474005224181+0.036062785068388864j)}, 'free': np.float64(-9853.242860317265)}, {'stable': {'Fuu_px': np.complex128(0.051078895203980304+8.478254524555751e-17j), 'Fuu_py': np.complex128(-1.023046923089336e-16+0.05107889520398169j)}, 'free': np.float64(-9853.245826761015)}]
------------------------------------------
  Seed: uu+dd:px
  Seed uu: [ 7.11293418e-02+1.64283681e-16j -7.11293418e-02-1.66855167e-16j
  7.16589873e-19-1.77032639e-16j -2.10916498e-18+1.76636439e-16j], Seed dd: [ 4.52588654e-02+3.46205659e-17j -4.52588654e-02-3.43729146e-17j
  1.53524722e-20+3.67507638e-16j  8.34568990e-19-3.59091042e-16j]
F_onsite: (-2.300125500650695e-24-5.648029307744604e-20j)
F_swave: (-5.782142785150737e-25+1.4597293498616806e-20j), F_dwave: (2.8783397791870596e-24-2.7611943896677177e-20j)
F_px: (-2.358370877317181e-19-2.776047458901914e-34j), F_py: (3.1312073484564846e-22+1.1745502658978205e-24j)
Free_energy = -9871.347185758023
------------------------------------------
[{'stable': {'Fuu_px': np.complex128(0.07112922700120142+1.7173415658057608e-16j), 'Fdd_px': np.complex128(0.045258159940348604+3.923115151525057e-17j)}, 'free': np.float64(-9871.347185758023)}]
------------------------------------------
  Seed: uu+dd:px+py
  Seed uu: [ 0.03591631-0.03621324j -0.03591631+0.03621324j  0.0363182 +0.03602041j
 -0.0363182 -0.03602041j], Seed dd: [ 0.02433576+0.02433559j -0.02433576-0.02433559j  0.02433577-0.02433558j
 -0.02433577+0.02433558j]
F_onsite: (1.0793571532882143e-22-7.901235013199814e-21j)
F_swave: (-3.664541997994861e-22+1.0592158096746963e-21j), F_dwave: (7.1488871966928e-21-7.345483357967297e-21j)
F_px: (8.479986092915583e-21-2.584828268899739e-20j), F_py: (2.4350904726686308e-20+7.843969619263572e-21j)
Free_energy = -9875.870426955153
------------------------------------------
[{'stable': {'Fuu_px': np.complex128(0.035917001382533495-0.03621393575558983j), 'Fuu_py': np.complex128(0.036317506037880726+0.03601972244537837j), 'Fdd_px': np.complex128(0.02433574573389962+0.02433560748131438j), 'Fdd_py': np.complex128(0.024335755871759825-0.0243355979648341j)}, 'free': np.float64(-9875.870426955153)}]
------------------------------------------
  Seed: uu+dd:px+ipy
  Seed uu: [ 5.10782807e-02+1.08860727e-16j -5.10782807e-02-1.08538220e-16j
 -9.86847911e-17+5.10782807e-02j  8.57235459e-17-5.10782807e-02j], Seed dd: [ 3.44185324e-02+2.00317998e-18j -3.44185324e-02+2.77646812e-18j
  7.44023153e-18+3.44185324e-02j -4.68552157e-18-3.44185324e-02j]
F_onsite: (-1.0396035797479335e-20-1.7814311335447635e-20j)
F_swave: (2.773890742141566e-21+5.3651421899448595e-21j), F_dwave: (2.3313132897710014e-21+1.1517918611701041e-20j)
F_px: (-2.009468614989525e-21-1.3885071395457177e-20j), F_py: (-1.3624723363046062e-20-4.663770161095781e-20j)
Free_energy = -9875.874560715005
------------------------------------------
[{'stable': {'Fuu_px': np.complex128(0.035917001382533495-0.03621393575558983j), 'Fuu_py': np.complex128(0.036317506037880726+0.03601972244537837j), 'Fdd_px': np.complex128(0.02433574573389962+0.02433560748131438j), 'Fdd_py': np.complex128(0.024335755871759825-0.0243355979648341j)}, 'free': np.float64(-9875.870426955153)}, {'stable': {'Fuu_px': np.complex128(0.05107810492928947+1.0406522382002206e-16j), 'Fuu_py': np.complex128(-1.0158961121299376e-16+0.051078104929290706j), 'Fdd_px': np.complex128(0.03441781428041349-2.6112437577073978e-18j), 'Fdd_py': np.complex128(6.943208477982305e-18+0.03441781428041373j)}, 'free': np.float64(-9875.874560715005)}]
------------------------------------------
====================================
mu=0.56, T=0.0176
====================================
  Seed: normal state
  Seed uu: [0.+0.j 0.+0.j 0.+0.j 0.+0.j], Seed dd: [0.+0.j 0.+0.j 0.+0.j 0.+0.j]
F_onsite: 0j
F_swave: 0j, F_dwave: 0j
F_px: 0j, F_py: 0j
Free_energy = -9803.439766163749
------------------------------------------
[{'stable': {}, 'free': np.float64(-9803.439766163749)}]
------------------------------------------
  Seed: uu:px
  Seed uu: [ 7.11300916e-02+1.57065955e-16j -7.11300916e-02-1.59627965e-16j
 -2.04496253e-18-1.56274297e-16j -3.95531299e-19+1.47327405e-16j], Seed dd: [0.+0.j 0.+0.j 0.+0.j 0.+0.j]
F_onsite: (-2.7145915672685183e-22+1.5838102369736406e-22j)
F_swave: (8.843475305669206e-23-8.110912503249277e-24j), F_dwave: (1.8302440367015977e-22-1.5013578479334691e-22j)
F_px: (-1.6658871740758392e-25-1.610427260626534e-36j), F_py: (4.901134714284163e-23+2.7210898857706933e-22j)
Free_energy = -9852.169040105277
------------------------------------------
[{'stable': {'Fuu_px': np.complex128(0.07112974659861368+1.6040699673518114e-16j)}, 'free': np.float64(-9852.169040105277)}]
------------------------------------------
  Seed: uu:px+py
  Seed uu: [ 0.03595995-0.0361713j  -0.03595995+0.0361713j   0.03627474+0.03606279j
 -0.03627474-0.03606279j], Seed dd: [0.+0.j 0.+0.j 0.+0.j 0.+0.j]
F_onsite: (4.0426273209466625e-20+1.1792290055083309e-20j)
F_swave: (-1.0528436462791012e-20-3.2195023526303277e-21j), F_dwave: (3.5115737775926815e-21+5.877626468015842e-21j)
F_px: (-3.159230029886802e-20-7.458467158864979e-20j), F_py: (-3.278929776705547e-20+6.539337413291069e-20j)
Free_energy = -9853.627476122969
------------------------------------------
[{'stable': {'Fuu_px': np.complex128(0.035960629058539105-0.0361719833911572j), 'Fuu_py': np.complex128(0.036274056191688345+0.03606210524428688j)}, 'free': np.float64(-9853.627476122969)}]
------------------------------------------
  Seed: uu:px+ipy
  Seed uu: [ 5.10788952e-02+9.19319268e-17j -5.10788952e-02-7.76331637e-17j
 -1.07494728e-16+5.10788952e-02j  9.71146567e-17-5.10788952e-02j], Seed dd: [0.+0.j 0.+0.j 0.+0.j 0.+0.j]
F_onsite: (1.1244902927907319e-20+1.0862138404495052e-20j)
F_swave: (-3.2554728297566515e-21-2.7191053696839157e-21j), F_dwave: (1.008543783641222e-20-6.787303649284533e-22j)
F_px: (-3.8613021046369345e-21+8.560671626556467e-21j), F_py: (1.3295418006562919e-21-1.2830274214246672e-20j)
Free_energy = -9853.629543189743
------------------------------------------
[{'stable': {'Fuu_px': np.complex128(0.035960629058539105-0.0361719833911572j), 'Fuu_py': np.complex128(0.036274056191688345+0.03606210524428688j)}, 'free': np.float64(-9853.627476122969)}, {'stable': {'Fuu_px': np.complex128(0.051078533014318805+1.0048913012605321e-16j), 'Fuu_py': np.complex128(-1.053715074433658e-16+0.05107853301432021j)}, 'free': np.float64(-9853.629543189743)}]
------------------------------------------
  Seed: dd:px
  Seed uu: [0.+0.j 0.+0.j 0.+0.j 0.+0.j], Seed dd: [ 4.52581599e-02+3.83538107e-17j -4.52581599e-02-3.85188233e-17j
  5.12646839e-19+4.35156295e-16j  1.72473775e-19-4.29612517e-16j]
F_onsite: (2.0891256718047904e-21+1.6472870314594212e-36j)
F_swave: (-1.6813025355714725e-23-1.190188030207566e-37j), F_dwave: (5.319644671161626e-22+1.5296120240075016e-36j)
F_px: (6.112570624275895e-37-6.046531713472954e-22j), F_py: (-1.410593220986745e-37-4.469055035393474e-24j)
Free_energy = -9822.729224334713
------------------------------------------
[{'stable': {'Fuu_px': np.complex128(0.035960629058539105-0.0361719833911572j), 'Fuu_py': np.complex128(0.036274056191688345+0.03606210524428688j)}, 'free': np.float64(-9853.627476122969)}, {'stable': {'Fuu_px': np.complex128(0.051078533014318805+1.0048913012605321e-16j), 'Fuu_py': np.complex128(-1.053715074433658e-16+0.05107853301432021j)}, 'free': np.float64(-9853.629543189743)}]
------------------------------------------
  Seed: dd:px+py
  Seed uu: [0.+0.j 0.+0.j 0.+0.j 0.+0.j], Seed dd: [ 0.02697474+5.22779007e-11j -0.02697474-5.22778910e-11j
  0.02697474-5.22777296e-11j -0.02697474+5.22777398e-11j]
F_onsite: (1.729690516032748e-22-1.7533887576872565e-28j)
F_swave: (3.1955357770620068e-24+4.9378937357350564e-29j), F_dwave: (2.7295331212267476e-21-5.456862148932413e-30j)
F_px: (-7.872928916773539e-29-5.259391388212269e-22j), F_py: (7.0303687588838e-29-6.242717679105317e-22j)
Free_energy = -9817.076653440115
------------------------------------------
[{'stable': {'Fuu_px': np.complex128(0.035960629058539105-0.0361719833911572j), 'Fuu_py': np.complex128(0.036274056191688345+0.03606210524428688j)}, 'free': np.float64(-9853.627476122969)}, {'stable': {'Fuu_px': np.complex128(0.051078533014318805+1.0048913012605321e-16j), 'Fuu_py': np.complex128(-1.053715074433658e-16+0.05107853301432021j)}, 'free': np.float64(-9853.629543189743)}]
------------------------------------------
  Seed: dd:px+ipy
  Seed uu: [0.+0.j 0.+0.j 0.+0.j 0.+0.j], Seed dd: [ 3.44178143e-02+8.76334993e-18j -3.44178143e-02-4.70542684e-18j
  8.29568187e-18+3.44178143e-02j -5.39803509e-18-3.44178143e-02j]
F_onsite: (-6.561226346629374e-22+4.579437031779539e-22j)
F_swave: (7.164284283680569e-24-1.042016903678057e-23j), F_dwave: (3.763232874347446e-22-5.361736438872888e-22j)
F_px: (6.2283791486272875e-22-9.55893891869582e-22j), F_py: (-8.216543885193647e-22+3.839011973487562e-21j)
Free_energy = -9825.756359947967
------------------------------------------
[{'stable': {'Fuu_px': np.complex128(0.035960629058539105-0.0361719833911572j), 'Fuu_py': np.complex128(0.036274056191688345+0.03606210524428688j)}, 'free': np.float64(-9853.627476122969)}, {'stable': {'Fuu_px': np.complex128(0.051078533014318805+1.0048913012605321e-16j), 'Fuu_py': np.complex128(-1.053715074433658e-16+0.05107853301432021j)}, 'free': np.float64(-9853.629543189743)}]
------------------------------------------
  Seed: uu+dd:px
  Seed uu: [ 7.11292270e-02+1.85298145e-16j -7.11292270e-02-1.58170168e-16j
  7.78687976e-19-2.18981151e-16j -1.22847571e-18+1.99530522e-16j], Seed dd: [ 4.52581599e-02+4.09631486e-17j -4.52581599e-02-3.74991544e-17j
  5.44513145e-19+4.07711368e-16j -4.94323134e-21-3.97076923e-16j]
F_onsite: (-6.253359014037501e-22-1.946241042213685e-20j)
F_swave: (1.3395110865463713e-22+6.98191170005021e-21j), F_dwave: (4.913847927491397e-22+1.7027461523782207e-20j)
F_px: (-2.2433734301480547e-19-3.1296361596292583e-34j), F_py: (9.302687295571529e-22+1.611552075877515e-22j)
Free_energy = -9871.45746213828
------------------------------------------
[{'stable': {'Fuu_px': np.complex128(0.07112914743579643+1.8931684002990124e-16j), 'Fdd_px': np.complex128(0.0452576440826213+3.5470245820102674e-17j)}, 'free': np.float64(-9871.45746213828)}]
------------------------------------------
  Seed: uu+dd:px+py
  Seed uu: [ 0.035917  -0.03621394j -0.035917  +0.03621394j  0.03631751+0.03601972j
 -0.03631751-0.03601972j], Seed dd: [ 0.02433575+0.02433561j -0.02433575-0.02433561j  0.02433576-0.0243356j
 -0.02433576+0.0243356j ]
F_onsite: (1.1055139069999067e-20-9.23855478594266e-21j)
F_swave: (-3.606735972666126e-21+2.367763127182234e-21j), F_dwave: (3.611555962368692e-21-4.592912669047813e-21j)
F_px: (-2.274538328469712e-22+1.0278611228867995e-20j), F_py: (-9.053248039314748e-21+2.1779952681088333e-21j)
Free_energy = -9875.941783020427
------------------------------------------
[{'stable': {'Fuu_px': np.complex128(0.03591768263591898-0.036214622641065036j), 'Fuu_py': np.complex128(0.036316821346050784+0.03601904336765176j), 'Fdd_px': np.complex128(0.024335731036249794+0.02433562268741926j), 'Fdd_py': np.complex128(0.024335741153825356-0.02433561315065392j)}, 'free': np.float64(-9875.941783020427)}]
------------------------------------------
  Seed: uu+dd:px+ipy
  Seed uu: [ 5.10781049e-02+1.15482672e-16j -5.10781049e-02-9.26477756e-17j
 -1.07110016e-16+5.10781049e-02j  9.60692063e-17-5.10781049e-02j], Seed dd: [ 3.44178143e-02-2.42500239e-18j -3.44178143e-02+2.79748513e-18j
  7.82314336e-18+3.44178143e-02j -6.06327359e-18-3.44178143e-02j]
F_onsite: (-3.23013018026485e-20+2.614699445419703e-21j)
F_swave: (7.683700422955613e-21-1.487990816104607e-21j), F_dwave: (2.1027424639365183e-21+2.120653313250666e-21j)
F_px: (-6.360255914051285e-20-1.3655548982093125e-20j), F_py: (-2.7667941064216435e-20-7.141981930542712e-20j)
Free_energy = -9875.944777021292
------------------------------------------
[{'stable': {'Fuu_px': np.complex128(0.03591768263591898-0.036214622641065036j), 'Fuu_py': np.complex128(0.036316821346050784+0.03601904336765176j), 'Fdd_px': np.complex128(0.024335731036249794+0.02433562268741926j), 'Fdd_py': np.complex128(0.024335741153825356-0.02433561315065392j)}, 'free': np.float64(-9875.941783020427)}, {'stable': {'Fuu_px': np.complex128(0.051077982480484146+1.2600803583511834e-16j), 'Fuu_py': np.complex128(-1.0856008356396581e-16+0.05107798248048556j), 'Fdd_px': np.complex128(0.034417288094128085-1.6261179702710448e-18j), 'Fdd_py': np.complex128(7.586291773405531e-18+0.03441728809412824j)}, 'free': np.float64(-9875.944777021292)}]
------------------------------------------
====================================
mu=0.56, T=0.0259
====================================
  Seed: normal state
  Seed uu: [0.+0.j 0.+0.j 0.+0.j 0.+0.j], Seed dd: [0.+0.j 0.+0.j 0.+0.j 0.+0.j]
F_onsite: 0j
F_swave: 0j, F_dwave: 0j
F_px: 0j, F_py: 0j
Free_energy = -9805.018504703854
------------------------------------------
[{'stable': {}, 'free': np.float64(-9805.018504703854)}]
------------------------------------------
  Seed: uu:px
  Seed uu: [ 7.11297466e-02+1.65941589e-16j -7.11297466e-02-1.54872404e-16j
  3.09206730e-19-1.65532420e-16j -2.17601441e-19+1.59216095e-16j], Seed dd: [0.+0.j 0.+0.j 0.+0.j 0.+0.j]
F_onsite: (6.538038080112476e-22+2.354494164457921e-22j)
F_swave: (-2.0441298001708755e-22+5.49796437762692e-23j), F_dwave: (-4.493908279941456e-22-2.977483063814624e-22j)
F_px: (-2.5710958968809418e-24+7.68773305437776e-36j), F_py: (-1.3860694709845518e-22-6.637271558279293e-22j)
Free_energy = -9852.912934363663
------------------------------------------
[{'stable': {'Fuu_px': np.complex128(0.07112950750442942+1.747792929655145e-16j)}, 'free': np.float64(-9852.912934363663)}]
------------------------------------------
  Seed: uu:px+py
  Seed uu: [ 0.03596063-0.03617198j -0.03596063+0.03617198j  0.03627406+0.03606211j
 -0.03627406-0.03606211j], Seed dd: [0.+0.j 0.+0.j 0.+0.j 0.+0.j]
F_onsite: (-4.292968832115023e-20+1.6733304349430094e-20j)
F_swave: (1.1289357438074211e-20-2.709560503066615e-21j), F_dwave: (9.895516293646862e-21+3.8625791274261714e-21j)
F_px: (2.947103036238047e-20-1.763343259368983e-20j), F_py: (4.588409012990226e-20+2.3417509967395064e-20j)
Free_energy = -9854.3499033262
------------------------------------------
[{'stable': {'Fuu_px': np.complex128(0.0359613020329026-0.03617266034993695j), 'Fuu_py': np.complex128(0.036273381376515694+0.03606143440092748j)}, 'free': np.float64(-9854.3499033262)}]
------------------------------------------
  Seed: uu:px+ipy
  Seed uu: [ 5.10785330e-02+1.08376807e-16j -5.10785330e-02-9.26014534e-17j
 -1.11768274e-16+5.10785330e-02j  9.89747411e-17-5.10785330e-02j], Seed dd: [0.+0.j 0.+0.j 0.+0.j 0.+0.j]
F_onsite: (-8.033546773186297e-21+1.4012915339862753e-21j)
F_swave: (1.6792871635182239e-21-2.349832711822857e-22j), F_dwave: (8.773977170782364e-21+1.2268158998990103e-20j)
F_px: (2.0718853186389282e-20-7.716813208714068e-21j), F_py: (-1.3389561085556058e-20-1.8552153901113462e-20j)
Free_energy = -9854.351341698957
------------------------------------------
[{'stable': {'Fuu_px': np.complex128(0.0359613020329026-0.03617266034993695j), 'Fuu_py': np.complex128(0.036273381376515694+0.03606143440092748j)}, 'free': np.float64(-9854.3499033262)}, {'stable': {'Fuu_px': np.complex128(0.05107828070039827+1.2663889009236558e-16j), 'Fuu_py': np.complex128(-1.1173780707492912e-16+0.05107828070039964j)}, 'free': np.float64(-9854.351341698957)}]
------------------------------------------
  Seed: dd:px
  Seed uu: [0.+0.j 0.+0.j 0.+0.j 0.+0.j], Seed dd: [ 4.52576441e-02+3.26227328e-17j -4.52576441e-02-3.07041502e-17j
 -4.51617453e-19+4.85379419e-16j -5.99064052e-19-4.70551896e-16j]
F_onsite: (1.0169931088188592e-20-2.3378606618366842e-35j)
F_swave: (-1.2086659137088096e-22+3.566155986807115e-36j), F_dwave: (1.1609837439928733e-20+2.2012601087085861e-35j)
F_px: (-2.1817175151261656e-35-7.275126956867185e-21j), F_py: (9.780112998841432e-36-1.4832702585482945e-23j)
Free_energy = -9823.909615759663
------------------------------------------
[{'stable': {'Fuu_px': np.complex128(0.0359613020329026-0.03617266034993695j), 'Fuu_py': np.complex128(0.036273381376515694+0.03606143440092748j)}, 'free': np.float64(-9854.3499033262)}, {'stable': {'Fuu_px': np.complex128(0.05107828070039827+1.2663889009236558e-16j), 'Fuu_py': np.complex128(-1.1173780707492912e-16+0.05107828070039964j)}, 'free': np.float64(-9854.351341698957)}]
------------------------------------------
  Seed: dd:px+py
  Seed uu: [0.+0.j 0.+0.j 0.+0.j 0.+0.j], Seed dd: [ 0.02697422+9.36505652e-11j -0.02697422-9.36505577e-11j
  0.02697422-9.36504075e-11j -0.02697422+9.36504168e-11j]
F_onsite: (-7.79822917204037e-21-3.93487564832831e-29j)
F_swave: (1.1601714222496104e-22+5.4355132437107446e-30j), F_dwave: (1.0780193374150766e-20-1.0197597895533146e-28j)
F_px: (1.7978841911080967e-29+1.0476162750057366e-21j), F_py: (-5.9935248319048436e-30+1.2471690217261095e-21j)
Free_energy = -9818.37413371663
------------------------------------------
[{'stable': {'Fuu_px': np.complex128(0.0359613020329026-0.03617266034993695j), 'Fuu_py': np.complex128(0.036273381376515694+0.03606143440092748j)}, 'free': np.float64(-9854.3499033262)}, {'stable': {'Fuu_px': np.complex128(0.05107828070039827+1.2663889009236558e-16j), 'Fuu_py': np.complex128(-1.1173780707492912e-16+0.05107828070039964j)}, 'free': np.float64(-9854.351341698957)}]
------------------------------------------
  Seed: dd:px+ipy
  Seed uu: [0.+0.j 0.+0.j 0.+0.j 0.+0.j], Seed dd: [ 3.44172881e-02+1.05905059e-17j -3.44172881e-02-9.81870005e-18j
  7.71461726e-18+3.44172881e-02j -4.98801821e-18-3.44172881e-02j]
F_onsite: (7.077827317352624e-21-6.039044596720287e-22j)
F_swave: (-1.097406190230607e-22+3.682638159342071e-24j), F_dwave: (8.369315561324142e-21-3.2875766777193193e-22j)
F_px: (6.3509143422048725e-22+4.623711533077644e-21j), F_py: (-1.0149656575692219e-21+1.3288035675701235e-23j)
Free_energy = -9826.888839581025
------------------------------------------
[{'stable': {'Fuu_px': np.complex128(0.0359613020329026-0.03617266034993695j), 'Fuu_py': np.complex128(0.036273381376515694+0.03606143440092748j)}, 'free': np.float64(-9854.3499033262)}, {'stable': {'Fuu_px': np.complex128(0.05107828070039827+1.2663889009236558e-16j), 'Fuu_py': np.complex128(-1.1173780707492912e-16+0.05107828070039964j)}, 'free': np.float64(-9854.351341698957)}]
------------------------------------------
  Seed: uu+dd:px
  Seed uu: [ 7.11291474e-02+1.99047978e-16j -7.11291474e-02-1.79585702e-16j
  2.93905874e-18-1.95401607e-16j -1.75602503e-18+1.90805024e-16j], Seed dd: [ 4.52576441e-02+3.86216848e-17j -4.52576441e-02-3.23188068e-17j
 -1.94711699e-19+4.54752137e-16j -1.07581787e-18-4.42138811e-16j]
F_onsite: (-6.79271104677049e-21-4.9445226943223043e-20j)
F_swave: (2.7079107269749633e-22+1.4598992816923115e-20j), F_dwave: (6.521919974073093e-21-2.407435125180021e-20j)
F_px: (-2.717465655554145e-19-3.3553310749871375e-34j), F_py: (1.5549891941827687e-21+1.902082643989969e-21j)
Free_energy = -9871.803329687194
------------------------------------------
[{'stable': {'Fuu_px': np.complex128(0.07112909229876357+2.1733608112014266e-16j), 'Fdd_px': np.complex128(0.045257266849646566+4.063349396876887e-17j)}, 'free': np.float64(-9871.803329687194)}]
------------------------------------------
  Seed: uu+dd:px+py
  Seed uu: [ 0.03591768-0.03621462j -0.03591768+0.03621462j  0.03631682+0.03601904j
 -0.03631682-0.03601904j], Seed dd: [ 0.02433573+0.02433562j -0.02433573-0.02433562j  0.02433574-0.02433561j
 -0.02433574+0.02433561j]
F_onsite: (-1.101273503074589e-20-9.824080525222269e-21j)
F_swave: (2.0659743658691585e-21+3.782509823916169e-21j), F_dwave: (1.2205709439373173e-20+1.2986316914985914e-20j)
F_px: (1.799494387680404e-20+3.089231291779616e-20j), F_py: (3.597771765731446e-21-1.058246818639278e-20j)
Free_energy = -9876.218567735408
------------------------------------------
[{'stable': {'Fuu_px': np.complex128(0.035918354853377375-0.03621530041590931j), 'Fuu_py': np.complex128(0.03631614570713565+0.03601837326860903j), 'Fdd_px': np.complex128(0.02433571929215296+0.02433563480820648j), 'Fdd_py': np.complex128(0.02433572939076762-0.02433562525247992j)}, 'free': np.float64(-9876.218567735408)}]
------------------------------------------
  Seed: uu+dd:px+ipy
  Seed uu: [ 5.10779825e-02+1.37175556e-16j -5.10779825e-02-1.14840515e-16j
 -1.14237587e-16+5.10779825e-02j  1.02882581e-16-5.10779825e-02j], Seed dd: [ 3.44172881e-02-1.64308510e-18j -3.44172881e-02+1.60915084e-18j
  8.83698886e-18+3.44172881e-02j -6.33559469e-18-3.44172881e-02j]
F_onsite: (4.388578952230258e-21-1.5401711729329465e-20j)
F_swave: (6.425536528343224e-22+4.2379479047965924e-21j), F_dwave: (1.4896601290868653e-21-1.0472143304089068e-20j)
F_px: (-1.6764486924972627e-20-3.4386404053135024e-20j), F_py: (-2.6268408834230468e-20-2.996628099130599e-20j)
Free_energy = -9876.220732430047
------------------------------------------
[{'stable': {'Fuu_px': np.complex128(0.035918354853377375-0.03621530041590931j), 'Fuu_py': np.complex128(0.03631614570713565+0.03601837326860903j), 'Fdd_px': np.complex128(0.02433571929215296+0.02433563480820648j), 'Fdd_py': np.complex128(0.02433572939076762-0.02433562525247992j)}, 'free': np.float64(-9876.218567735408)}, {'stable': {'Fuu_px': np.complex128(0.051077897177906756+1.5343742435671554e-16j), 'Fuu_py': np.complex128(-1.168975082731287e-16+0.05107789717790796j), 'Fdd_px': np.complex128(0.03441690253622652-5.773217749807701e-18j), 'Fdd_py': np.complex128(7.924707905613225e-18+0.03441690253622669j)}, 'free': np.float64(-9876.220732430047)}]
------------------------------------------
====================================
mu=0.56, T=0.0342
====================================
  Seed: normal state
  Seed uu: [0.+0.j 0.+0.j 0.+0.j 0.+0.j], Seed dd: [0.+0.j 0.+0.j 0.+0.j 0.+0.j]
F_onsite: 0j
F_swave: 0j, F_dwave: 0j
F_px: 0j, F_py: 0j
Free_energy = -9807.067932395414
------------------------------------------
[{'stable': {}, 'free': np.float64(-9807.067932395414)}]
------------------------------------------
  Seed: uu:px
  Seed uu: [ 7.11295075e-02+1.81211423e-16j -7.11295075e-02-1.68347163e-16j
 -1.26555325e-18-1.69706280e-16j -3.83037563e-19+1.66813451e-16j], Seed dd: [0.+0.j 0.+0.j 0.+0.j 0.+0.j]
F_onsite: (-2.9989812997301114e-21+2.720909353561228e-22j)
F_swave: (8.603526715550292e-22-5.639206506625861e-23j), F_dwave: (2.1386286281750923e-21-1.3268627682627177e-22j)
F_px: (3.105454125965937e-23+1.1472824864025526e-35j), F_py: (1.756975091142717e-22+2.779707080259058e-21j)
Free_energy = -9854.057556279706
------------------------------------------
[{'stable': {'Fuu_px': np.complex128(0.07112934181799721+1.8640307316112605e-16j)}, 'free': np.float64(-9854.057556279706)}]
------------------------------------------
  Seed: uu:px+py
  Seed uu: [ 0.0359613 -0.03617266j -0.0359613 +0.03617266j  0.03627338+0.03606143j
 -0.03627338-0.03606143j], Seed dd: [0.+0.j 0.+0.j 0.+0.j 0.+0.j]
F_onsite: (-1.505602219367062e-20-2.6823450802394898e-20j)
F_swave: (2.9440575991665376e-21+6.794495356665542e-21j), F_dwave: (-3.017255125441349e-20+2.4944348491726496e-21j)
F_px: (-5.878352316274928e-20+3.2919819475622675e-20j), F_py: (-4.8832393968560235e-20-2.6115580550354444e-20j)
Free_energy = -9855.474670317371
------------------------------------------
[{'stable': {'Fuu_px': np.complex128(0.03596196608386168-0.03617332832442684j), 'Fuu_py': np.complex128(0.036272715486343775+0.0360607724220534j)}, 'free': np.float64(-9855.474670317371)}]
------------------------------------------
  Seed: uu:px+ipy
  Seed uu: [ 5.10782807e-02+1.31629714e-16j -5.10782807e-02-1.21648066e-16j
 -1.17483787e-16+5.10782807e-02j  1.05991827e-16-5.10782807e-02j], Seed dd: [0.+0.j 0.+0.j 0.+0.j 0.+0.j]
F_onsite: (5.713565000940907e-20+3.2784050900662582e-21j)
F_swave: (-1.5185799158631513e-20+9.742124419628417e-22j), F_dwave: (-3.448755252529579e-21+8.343927670530387e-21j)
F_px: (1.7189224165246247e-20-4.1630988384060635e-20j), F_py: (-3.7462387301025553e-20-8.806513620727226e-21j)
Free_energy = -9855.47566996326
------------------------------------------
[{'stable': {'Fuu_px': np.complex128(0.03596196608386168-0.03617332832442684j), 'Fuu_py': np.complex128(0.036272715486343775+0.0360607724220534j)}, 'free': np.float64(-9855.474670317371)}, {'stable': {'Fuu_px': np.complex128(0.051078104929289436+1.2429586461136218e-16j), 'Fuu_py': np.complex128(-1.2027746090024897e-16+0.0510781049292907j)}, 'free': np.float64(-9855.47566996326)}]
------------------------------------------
  Seed: dd:px
  Seed uu: [0.+0.j 0.+0.j 0.+0.j 0.+0.j], Seed dd: [ 4.52572668e-02+3.04409348e-17j -4.52572668e-02-4.05427556e-17j
  4.72356526e-19+5.46621436e-16j -9.28874197e-19-5.38918254e-16j]
F_onsite: (6.561359487456749e-21+3.5890733084006064e-36j)
F_swave: (-1.3990981994907507e-23-1.410593220986745e-37j), F_dwave: (5.8220640234213526e-21+3.1503248602037305e-36j)
F_px: (-1.88079096131566e-36-2.209151655593177e-21j), F_py: (2.633107345841924e-36+9.067024324396056e-22j)
Free_energy = -9825.504437743473
------------------------------------------
[{'stable': {'Fuu_px': np.complex128(0.03596196608386168-0.03617332832442684j), 'Fuu_py': np.complex128(0.036272715486343775+0.0360607724220534j)}, 'free': np.float64(-9855.474670317371)}, {'stable': {'Fuu_px': np.complex128(0.051078104929289436+1.2429586461136218e-16j), 'Fuu_py': np.complex128(-1.2027746090024897e-16+0.0510781049292907j)}, 'free': np.float64(-9855.47566996326)}]
------------------------------------------
  Seed: dd:px+py
  Seed uu: [0.+0.j 0.+0.j 0.+0.j 0.+0.j], Seed dd: [ 0.02697383+1.67766322e-10j -0.02697383-1.67766310e-10j
  0.02697383-1.67766155e-10j -0.02697383+1.67766166e-10j]
F_onsite: (9.999371079085882e-21+2.277764075793588e-28j)
F_swave: (-2.6376014043532124e-23-6.98682175251352e-29j), F_dwave: (2.0679543097080234e-20-7.463386313490839e-29j)
F_px: (-6.690417556807916e-28-7.32738727691477e-22j), F_py: (6.700924633129125e-28-7.099073076899992e-22j)
Free_energy = -9820.10455564451
------------------------------------------
[{'stable': {'Fuu_px': np.complex128(0.03596196608386168-0.03617332832442684j), 'Fuu_py': np.complex128(0.036272715486343775+0.0360607724220534j)}, 'free': np.float64(-9855.474670317371)}, {'stable': {'Fuu_px': np.complex128(0.051078104929289436+1.2429586461136218e-16j), 'Fuu_py': np.complex128(-1.2027746090024897e-16+0.0510781049292907j)}, 'free': np.float64(-9855.47566996326)}]
------------------------------------------
  Seed: dd:px+ipy
  Seed uu: [0.+0.j 0.+0.j 0.+0.j 0.+0.j], Seed dd: [ 3.44169025e-02+4.23659410e-18j -3.44169025e-02-9.57967794e-18j
  6.44062677e-18+3.44169025e-02j -4.88759186e-18-3.44169025e-02j]
F_onsite: (-4.555153720959454e-21-7.90736388193247e-22j)
F_swave: (7.825646870487952e-23-1.0015843613981385e-23j), F_dwave: (-8.60885099637895e-21+1.6920740270042766e-22j)
F_px: (2.653492136159585e-22+4.3801679230232205e-21j), F_py: (-2.0487395469233255e-21+1.4078139895385614e-21j)
Free_energy = -9828.414948712645
------------------------------------------
[{'stable': {'Fuu_px': np.complex128(0.03596196608386168-0.03617332832442684j), 'Fuu_py': np.complex128(0.036272715486343775+0.0360607724220534j)}, 'free': np.float64(-9855.474670317371)}, {'stable': {'Fuu_px': np.complex128(0.051078104929289436+1.2429586461136218e-16j), 'Fuu_py': np.complex128(-1.2027746090024897e-16+0.0510781049292907j)}, 'free': np.float64(-9855.47566996326)}]
------------------------------------------
  Seed: uu+dd:px
  Seed uu: [ 7.11290923e-02+2.24954004e-16j -7.11290923e-02-2.09718158e-16j
 -1.20433527e-18-1.99259525e-16j -1.40011899e-19+1.77676119e-16j], Seed dd: [ 4.52572668e-02+4.16434219e-17j -4.52572668e-02-3.96235660e-17j
  1.01276024e-18+5.09911346e-16j -5.54574970e-20-5.01003259e-16j]
F_onsite: (1.5353045047086917e-21-3.3494294556248654e-20j)
F_swave: (-4.393558609804642e-22+9.151143845947948e-21j), F_dwave: (-1.095948643728174e-21-2.568208729551432e-20j)
F_px: (-8.38543910586314e-20-1.0532429383367696e-34j), F_py: (-2.2133325437289114e-22+1.3807124305927885e-21j)
Free_energy = -9872.493568333508
------------------------------------------
[{'stable': {'Fuu_px': np.complex128(0.07112905409002585+2.640929350832905e-16j), 'Fdd_px': np.complex128(0.04525699098828631+4.1960847536675564e-17j)}, 'free': np.float64(-9872.493568333508)}]
------------------------------------------
  Seed: uu+dd:px+py
  Seed uu: [ 0.03591835-0.0362153j  -0.03591835+0.0362153j   0.03631615+0.03601837j
 -0.03631615-0.03601837j], Seed dd: [ 0.02433572+0.02433563j -0.02433572-0.02433563j  0.02433573-0.02433563j
 -0.02433573+0.02433563j]
F_onsite: (-7.787910889873108e-21+9.98294732386755e-21j)
F_swave: (3.930258035437981e-21-4.678023368060439e-21j), F_dwave: (-6.06034762743256e-21+6.521675743662877e-21j)
F_px: (-5.3609953055647204e-20-1.9592604314338704e-20j), F_py: (-3.6899323135960825e-20-4.845432043245518e-21j)
Free_energy = -9876.820472167148
------------------------------------------
[{'stable': {'Fuu_px': np.complex128(0.03591901815493985-0.03621596920114638j), 'Fuu_py': np.complex128(0.036315479001630235+0.03601771202972566j), 'Fdd_px': np.complex128(0.02433570990932305+0.024335644470900777j), 'Fdd_py': np.complex128(0.024335719990214257-0.024335634897450664j)}, 'free': np.float64(-9876.820472167148)}]
------------------------------------------
  Seed: uu+dd:px+ipy
  Seed uu: [ 5.10778972e-02+1.63279524e-16j -5.10778972e-02-1.43595325e-16j
 -1.22650318e-16+5.10778972e-02j  1.11144699e-16-5.10778972e-02j], Seed dd: [ 3.44169025e-02-5.25250425e-18j -3.44169025e-02+6.29393125e-18j
  9.58094849e-18+3.44169025e-02j -6.26846733e-18-3.44169025e-02j]
F_onsite: (-1.669589937732877e-20+3.493302385618972e-22j)
F_swave: (3.9500014012303124e-22+3.43667096451668e-22j), F_dwave: (5.0978015153040774e-21+3.546104680606844e-21j)
F_px: (-5.458326143941434e-20-1.7264838063651615e-20j), F_py: (-9.83151845860143e-21-7.369111251122549e-20j)
Free_energy = -9876.8220322155
------------------------------------------
[{'stable': {'Fuu_px': np.complex128(0.03591901815493985-0.03621596920114638j), 'Fuu_py': np.complex128(0.036315479001630235+0.03601771202972566j), 'Fdd_px': np.complex128(0.02433570990932305+0.024335644470900777j), 'Fdd_py': np.complex128(0.024335719990214257-0.024335634897450664j)}, 'free': np.float64(-9876.820472167148)}, {'stable': {'Fuu_px': np.complex128(0.05107783775277765+1.318475868526079e-16j), 'Fuu_py': np.complex128(-1.2814944100489562e-16+0.05107783775277891j), 'Fdd_px': np.complex128(0.03441662002106463-4.278733993495895e-18j), 'Fdd_py': np.complex128(9.807159221547103e-18+0.03441662002106497j)}, 'free': np.float64(-9876.8220322155)}]
------------------------------------------
====================================
mu=0.56, T=0.0425
====================================
  Seed: normal state
  Seed uu: [0.+0.j 0.+0.j 0.+0.j 0.+0.j], Seed dd: [0.+0.j 0.+0.j 0.+0.j 0.+0.j]
F_onsite: 0j
F_swave: 0j, F_dwave: 0j
F_px: 0j, F_py: 0j
Free_energy = -9809.600285294197
------------------------------------------
[{'stable': {}, 'free': np.float64(-9809.600285294197)}]
------------------------------------------
  Seed: uu:px
  Seed uu: [ 7.11293418e-02+1.88601044e-16j -7.11293418e-02-1.84205102e-16j
  4.99928110e-19-1.83901758e-16j -2.54617442e-18+1.79799684e-16j], Seed dd: [0.+0.j 0.+0.j 0.+0.j 0.+0.j]
F_onsite: (-1.092860069560224e-22+1.7582574789349157e-21j)
F_swave: (-2.095577877522089e-23+7.254557731161609e-23j), F_dwave: (1.302417857313272e-22-1.84038333326163e-21j)
F_px: (2.0954744049741918e-22+1.2074677971646537e-34j), F_py: (-1.6464001470928914e-22-1.6320379093289128e-23j)
Free_energy = -9855.642789018208
------------------------------------------
[{'stable': {'Fuu_px': np.complex128(0.07112922700120142+2.033973069401259e-16j)}, 'free': np.float64(-9855.642789018208)}]
------------------------------------------
  Seed: uu:px+py
  Seed uu: [ 0.03596197-0.03617333j -0.03596197+0.03617333j  0.03627272+0.03606077j
 -0.03627272-0.03606077j], Seed dd: [0.+0.j 0.+0.j 0.+0.j 0.+0.j]
F_onsite: (-3.41716140424029e-20+3.037273007062135e-21j)
F_swave: (9.476516074995019e-21+1.566195443397738e-21j), F_dwave: (-1.614862460952921e-20-1.7011682979530182e-21j)
F_px: (4.126901715327431e-20-2.7639667177073684e-20j), F_py: (3.283887853175712e-20+2.4346315498158907e-20j)
Free_energy = -9857.040054603742
------------------------------------------
[{'stable': {'Fuu_px': np.complex128(0.035962621329233765-0.03617398743558531j), 'Fuu_py': np.complex128(0.03627205840265092+0.03606011919226243j)}, 'free': np.float64(-9857.040054603742)}]
------------------------------------------
  Seed: uu:px+ipy
  Seed uu: [ 5.10781049e-02+1.33224307e-16j -5.10781049e-02-1.15367423e-16j
 -1.25820656e-16+5.10781049e-02j  1.14734266e-16-5.10781049e-02j], Seed dd: [0.+0.j 0.+0.j 0.+0.j 0.+0.j]
F_onsite: (-1.0653191252968493e-20-2.524039808719686e-20j)
F_swave: (1.830819284661469e-21+6.3373621170437385e-21j), F_dwave: (2.958918626950071e-20-1.8361725340598887e-21j)
F_px: (-1.6162381828116256e-20+1.7711843433225892e-20j), F_py: (-4.1106793103768647e-22+3.832819685195092e-21j)
Free_energy = -9857.040748671114
------------------------------------------
[{'stable': {'Fuu_px': np.complex128(0.035962621329233765-0.03617398743558531j), 'Fuu_py': np.complex128(0.03627205840265092+0.03606011919226243j)}, 'free': np.float64(-9857.040054603742)}, {'stable': {'Fuu_px': np.complex128(0.05107798248048413+1.4287418235062557e-16j), 'Fuu_py': np.complex128(-1.2623482890674568e-16+0.051077982480485555j)}, 'free': np.float64(-9857.040748671114)}]
------------------------------------------
  Seed: dd:px
  Seed uu: [0.+0.j 0.+0.j 0.+0.j 0.+0.j], Seed dd: [ 4.52569910e-02+3.34003091e-17j -4.52569910e-02-2.86678301e-17j
  4.25174144e-19+5.90066550e-16j -8.84269310e-19-5.76369233e-16j]
F_onsite: (7.2982015965897705e-22+3.67143984632951e-36j)
F_swave: (1.6535533741012962e-23+7.052966104933725e-38j), F_dwave: (1.85418988876145e-24+6.8178672347692675e-37j)
F_px: (1.0373737646006687e-36-2.0616673343955937e-22j), F_py: (2.8461656969284636e-36-5.984564829257159e-24j)
Free_energy = -9827.56240547222
------------------------------------------
[{'stable': {'Fuu_px': np.complex128(0.035962621329233765-0.03617398743558531j), 'Fuu_py': np.complex128(0.03627205840265092+0.03606011919226243j)}, 'free': np.float64(-9857.040054603742)}, {'stable': {'Fuu_px': np.complex128(0.05107798248048413+1.4287418235062557e-16j), 'Fuu_py': np.complex128(-1.2623482890674568e-16+0.051077982480485555j)}, 'free': np.float64(-9857.040748671114)}]
------------------------------------------
  Seed: dd:px+py
  Seed uu: [0.+0.j 0.+0.j 0.+0.j 0.+0.j], Seed dd: [ 0.02697355+3.00538834e-10j -0.02697355-3.00538825e-10j
  0.02697355-3.00538665e-10j -0.02697355+3.00538677e-10j]
F_onsite: (3.0684245882598025e-21-5.357679413411967e-28j)
F_swave: (-2.750821965429987e-23+1.525824985579209e-28j), F_dwave: (5.8150535185740895e-21-1.1464254720275828e-28j)
F_px: (-5.531050875631453e-28-4.9914943994486535e-21j), F_py: (5.895643659214698e-28-4.6959078060073136e-21j)
Free_energy = -9822.305510062928
------------------------------------------
[{'stable': {'Fuu_px': np.complex128(0.035962621329233765-0.03617398743558531j), 'Fuu_py': np.complex128(0.03627205840265092+0.03606011919226243j)}, 'free': np.float64(-9857.040054603742)}, {'stable': {'Fuu_px': np.complex128(0.05107798248048413+1.4287418235062557e-16j), 'Fuu_py': np.complex128(-1.2623482890674568e-16+0.051077982480485555j)}, 'free': np.float64(-9857.040748671114)}]
------------------------------------------
  Seed: dd:px+ipy
  Seed uu: [0.+0.j 0.+0.j 0.+0.j 0.+0.j], Seed dd: [ 3.44166200e-02+8.40786079e-19j -3.44166200e-02-5.47532685e-18j
  7.46664837e-18+3.44166200e-02j -4.87350994e-18-3.44166200e-02j]
F_onsite: (5.274612697311163e-22+8.975279068450192e-22j)
F_swave: (1.530138171072286e-23-1.5511915394737634e-22j), F_dwave: (7.790059472116184e-22+1.24541685203581e-22j)
F_px: (-2.0675233299426686e-22+2.964335459656918e-21j), F_py: (-7.649229584409012e-22-6.857111314363586e-22j)
Free_energy = -9830.396248149247
------------------------------------------
[{'stable': {'Fuu_px': np.complex128(0.035962621329233765-0.03617398743558531j), 'Fuu_py': np.complex128(0.03627205840265092+0.03606011919226243j)}, 'free': np.float64(-9857.040054603742)}, {'stable': {'Fuu_px': np.complex128(0.05107798248048413+1.4287418235062557e-16j), 'Fuu_py': np.complex128(-1.2623482890674568e-16+0.051077982480485555j)}, 'free': np.float64(-9857.040748671114)}]
------------------------------------------
  Seed: uu+dd:px
  Seed uu: [ 7.11290541e-02+2.63981894e-16j -7.11290541e-02-2.64203976e-16j
 -5.39811450e-19-2.07990052e-16j  1.00452814e-20+1.95190061e-16j], Seed dd: [ 4.52569910e-02+4.38995471e-17j -4.52569910e-02-4.00221479e-17j
  8.19931202e-19+5.53240840e-16j -1.45486511e-18-5.40412208e-16j]
F_onsite: (-4.991435563224385e-21+7.253877317020116e-20j)
F_swave: (1.4125849188442049e-21-2.0560705734351085e-20j), F_dwave: (3.578850644380122e-21+6.049079326962017e-20j)
F_px: (-1.6395801180130348e-19-1.3541694921472752e-34j), F_py: (-4.361710144423855e-21+4.2770401645165375e-21j)
Free_energy = -9873.604570001253
------------------------------------------
[{'stable': {'Fuu_px': np.complex128(0.07112902761221261+2.3232522909431396e-16j), 'Fdd_px': np.complex128(0.045256789257022985+3.699233755653905e-17j)}, 'free': np.float64(-9873.604570001253)}]
------------------------------------------
  Seed: uu+dd:px+py
  Seed uu: [ 0.03591902-0.03621597j -0.03591902+0.03621597j  0.03631548+0.03601771j
 -0.03631548-0.03601771j], Seed dd: [ 0.02433571+0.02433564j -0.02433571-0.02433564j  0.02433572-0.02433563j
 -0.02433572+0.02433563j]
F_onsite: (5.568098169758318e-21+1.4107267417436746e-20j)
F_swave: (-1.808830495779241e-21-1.0678227039418053e-21j), F_dwave: (2.263519768528149e-21-2.4098916307100437e-20j)
F_px: (-1.9894840108154942e-20-2.8119549806304113e-20j), F_py: (-3.755120828081126e-20+3.653371328621316e-20j)
Free_energy = -9877.835138469858
------------------------------------------
[{'stable': {'Fuu_px': np.complex128(0.035919672659038254-0.03621662911618782j), 'Fuu_py': np.complex128(0.036314821111601656+0.03601705953403629j), 'Fdd_px': np.complex128(0.024335702413951422+0.024335652174932262j), 'Fdd_py': np.complex128(0.024335712478276064-0.02433564258491538j)}, 'free': np.float64(-9877.835138469858)}]
------------------------------------------
  Seed: uu+dd:px+ipy
  Seed uu: [ 5.10778378e-02+1.35312507e-16j -5.10778378e-02-1.28382666e-16j
 -1.33382755e-16+5.10778378e-02j  1.22916127e-16-5.10778378e-02j], Seed dd: [ 3.44166200e-02-4.82406439e-18j -3.44166200e-02+3.73340359e-18j
  1.11164075e-17+3.44166200e-02j -8.49791098e-18-3.44166200e-02j]
F_onsite: (-1.219579234822186e-21+1.0879798679096819e-20j)
F_swave: (-3.284263074856146e-22-3.440040995890431e-21j), F_dwave: (-1.0329270447491368e-20+6.123318315625995e-21j)
F_px: (-6.824695921778634e-20-3.422039780787691e-20j), F_py: (-4.076594801119713e-20-8.400740548080931e-20j)
Free_energy = -9877.836259420803
------------------------------------------
[{'stable': {'Fuu_px': np.complex128(0.035919672659038254-0.03621662911618782j), 'Fuu_py': np.complex128(0.036314821111601656+0.03601705953403629j), 'Fdd_px': np.complex128(0.024335702413951422+0.024335652174932262j), 'Fdd_py': np.complex128(0.024335712478276064-0.02433564258491538j)}, 'free': np.float64(-9877.835138469858)}, {'stable': {'Fuu_px': np.complex128(0.05107779635487124+1.404317363774382e-16j), 'Fuu_py': np.complex128(-1.3382977629808096e-16+0.051077796354872564j), 'Fdd_px': np.complex128(0.03441641300910887-3.245989072556089e-18j), 'Fdd_py': np.complex128(1.019957370414226e-17+0.03441641300910919j)}, 'free': np.float64(-9877.836259420803)}]
------------------------------------------
====================================
mu=0.56, T=0.0508
====================================
  Seed: normal state
  Seed uu: [0.+0.j 0.+0.j 0.+0.j 0.+0.j], Seed dd: [0.+0.j 0.+0.j 0.+0.j 0.+0.j]
F_onsite: 0j
F_swave: 0j, F_dwave: 0j
F_px: 0j, F_py: 0j
Free_energy = -9812.619446631777
------------------------------------------
[{'stable': {}, 'free': np.float64(-9812.619446631777)}]
------------------------------------------
  Seed: uu:px
  Seed uu: [ 7.11292270e-02+2.13926006e-16j -7.11292270e-02-1.92868608e-16j
  4.51018575e-19-2.13467973e-16j -2.93245453e-19+1.95002072e-16j], Seed dd: [0.+0.j 0.+0.j 0.+0.j 0.+0.j]
F_onsite: (3.433543408205828e-21+1.2633112587376255e-21j)
F_swave: (-9.974911728120023e-22-1.7410351020001813e-22j), F_dwave: (-2.436052235393828e-21-6.522861862652221e-23j)
F_px: (-4.641444910390415e-22+5.242704804667402e-36j), F_py: (-7.987774811146634e-23+2.8049973827650106e-21j)
Free_energy = -9857.695156956539
------------------------------------------
[{'stable': {'Fuu_px': np.complex128(0.07112914743579642+2.1422567025870646e-16j)}, 'free': np.float64(-9857.695156956539)}]
------------------------------------------
  Seed: uu:px+py
  Seed uu: [ 0.03596262-0.03617399j -0.03596262+0.03617399j  0.03627206+0.03606012j
 -0.03627206-0.03606012j], Seed dd: [0.+0.j 0.+0.j 0.+0.j 0.+0.j]
F_onsite: (3.560858614510315e-20-1.9847253703387605e-20j)
F_swave: (-9.32704737161013e-21+7.99286802257855e-21j), F_dwave: (-1.6765998794205568e-20-1.5264701570994888e-20j)
F_px: (4.743474592318704e-20+1.4220964197227308e-21j), F_py: (8.936867749558028e-20+1.7927625280134376e-20j)
Free_energy = -9859.0717977431
------------------------------------------
[{'stable': {'Fuu_px': np.complex128(0.03596326788546786-0.036174637802283735j), 'Fuu_py': np.complex128(0.03627141000867207+0.0360594745971948j)}, 'free': np.float64(-9859.0717977431)}]
------------------------------------------
  Seed: uu:px+ipy
  Seed uu: [ 5.10779825e-02+1.53781955e-16j -5.10779825e-02-1.31966410e-16j
 -1.32585750e-16+5.10779825e-02j  1.19883908e-16-5.10779825e-02j], Seed dd: [0.+0.j 0.+0.j 0.+0.j 0.+0.j]
F_onsite: (7.45017119787195e-21+5.554006513220073e-20j)
F_swave: (2.159703961032734e-21-1.5349906196480033e-20j), F_dwave: (1.2306140686234276e-20-2.9652539902194975e-20j)
F_px: (-1.746664027232879e-20+5.344059109383675e-20j), F_py: (1.5465931859401213e-20-5.773996897961269e-20j)
Free_energy = -9859.072279467455
------------------------------------------
[{'stable': {'Fuu_px': np.complex128(0.03596326788546786-0.036174637802283735j), 'Fuu_py': np.complex128(0.03627141000867207+0.0360594745971948j)}, 'free': np.float64(-9859.0717977431)}, {'stable': {'Fuu_px': np.complex128(0.05107789717790675+1.7289782103142588e-16j), 'Fuu_py': np.complex128(-1.341502194499391e-16+0.05107789717790796j)}, 'free': np.float64(-9859.072279467455)}]
------------------------------------------
  Seed: dd:px
  Seed uu: [0.+0.j 0.+0.j 0.+0.j 0.+0.j], Seed dd: [ 4.52567893e-02+3.12098819e-17j -4.52567893e-02-2.85175876e-17j
  6.20047970e-19+6.44217049e-16j -1.24106209e-18-6.38802550e-16j]
F_onsite: (9.437758070975404e-21+2.296027807108132e-35j)
F_swave: (3.2650638535160024e-23+7.52316384526264e-37j), F_dwave: (-7.606221316439036e-21+1.8055593228630336e-35j)
F_px: (1.88079096131566e-35+7.012010345155819e-23j), F_py: (-6.770847460736376e-36-4.8588263867513346e-21j)
Free_energy = -9830.110769483797
------------------------------------------
[{'stable': {'Fuu_px': np.complex128(0.03596326788546786-0.036174637802283735j), 'Fuu_py': np.complex128(0.03627141000867207+0.0360594745971948j)}, 'free': np.float64(-9859.0717977431)}, {'stable': {'Fuu_px': np.complex128(0.05107789717790675+1.7289782103142588e-16j), 'Fuu_py': np.complex128(-1.341502194499391e-16+0.05107789717790796j)}, 'free': np.float64(-9859.072279467455)}]
------------------------------------------
  Seed: dd:px+py
  Seed uu: [0.+0.j 0.+0.j 0.+0.j 0.+0.j], Seed dd: [ 0.02697334+5.38390618e-10j -0.02697334-5.38390605e-10j
  0.02697334-5.38390437e-10j -0.02697334+5.38390445e-10j]
F_onsite: (1.2666865388283576e-20-1.0007277585921047e-27j)
F_swave: (1.2346702634971862e-22+2.6732490563090246e-28j), F_dwave: (2.7074088471146027e-21-6.6110033319848045e-28j)
F_px: (2.89221819897786e-29+5.0485773094738e-22j), F_py: (-2.12544240826925e-28+8.260486680318613e-23j)
Free_energy = -9824.996459935774
------------------------------------------
[{'stable': {'Fuu_px': np.complex128(0.03596326788546786-0.036174637802283735j), 'Fuu_py': np.complex128(0.03627141000867207+0.0360594745971948j)}, 'free': np.float64(-9859.0717977431)}, {'stable': {'Fuu_px': np.complex128(0.05107789717790675+1.7289782103142588e-16j), 'Fuu_py': np.complex128(-1.341502194499391e-16+0.05107789717790796j)}, 'free': np.float64(-9859.072279467455)}]
------------------------------------------
  Seed: dd:px+ipy
  Seed uu: [0.+0.j 0.+0.j 0.+0.j 0.+0.j], Seed dd: [ 3.44164130e-02+1.90566531e-18j -3.44164130e-02-2.99447323e-18j
  8.31161667e-18+3.44164130e-02j -5.75336542e-18-3.44164130e-02j]
F_onsite: (-1.4876375055895528e-20+2.2594660536550413e-22j)
F_swave: (1.9937733122981707e-22-1.09736300300525e-22j), F_dwave: (1.6270829631415134e-21-1.2215818569307036e-22j)
F_px: (1.5128578564468017e-22+2.6725943643069948e-21j), F_py: (-6.319497973254661e-22-6.6230061007288944e-21j)
Free_energy = -9832.867381033198
------------------------------------------
[{'stable': {'Fuu_px': np.complex128(0.03596326788546786-0.036174637802283735j), 'Fuu_py': np.complex128(0.03627141000867207+0.0360594745971948j)}, 'free': np.float64(-9859.0717977431)}, {'stable': {'Fuu_px': np.complex128(0.05107789717790675+1.7289782103142588e-16j), 'Fuu_py': np.complex128(-1.341502194499391e-16+0.05107789717790796j)}, 'free': np.float64(-9859.072279467455)}]
------------------------------------------
  Seed: uu+dd:px
  Seed uu: [ 7.11290276e-02+2.43348648e-16j -7.11290276e-02-2.21301810e-16j
  1.45051745e-18-2.16229036e-16j -3.56733220e-19+2.00262041e-16j], Seed dd: [ 4.52567893e-02+3.99227804e-17j -4.52567893e-02-3.40618947e-17j
  9.28341493e-19+6.04107974e-16j -7.56622106e-19-6.00630110e-16j]
F_onsite: (-2.8735877043156215e-21-7.063005345036589e-20j)
F_swave: (7.8084150830674395e-22+1.969548728860095e-20j), F_dwave: (2.0927461960090348e-21-1.830259049764996e-20j)
F_px: (-2.215153881187849e-19-2.8418751425479623e-34j), F_py: (6.494898380432265e-21-2.8371317918877583e-21j)
Free_energy = -9875.186247081496
------------------------------------------
[{'stable': {'Fuu_px': np.complex128(0.07112900926366793+2.5428344652113843e-16j), 'Fdd_px': np.complex128(0.045256641735171375+3.4208457896269385e-17j)}, 'free': np.float64(-9875.186247081496)}]
------------------------------------------
  Seed: uu+dd:px+py
  Seed uu: [ 0.03591967-0.03621663j -0.03591967+0.03621663j  0.03631482+0.03601706j
 -0.03631482-0.03601706j], Seed dd: [ 0.0243357 +0.02433565j -0.0243357 -0.02433565j  0.02433571-0.02433564j
 -0.02433571+0.02433564j]
F_onsite: (-2.416346091519421e-20-3.113552310081854e-20j)
F_swave: (8.08245024863756e-21+5.607854084680623e-21j), F_dwave: (1.4847297791185408e-20+5.9084992601142734e-21j)
F_px: (1.741649411711057e-21-5.0548783467191355e-20j), F_py: (-7.958986257303739e-21+4.847685956083289e-20j)
Free_energy = -9879.3190980636
------------------------------------------
[{'stable': {'Fuu_px': np.complex128(0.03592031848252666-0.03621728027885415j), 'Fuu_py': np.complex128(0.03631417192066928+0.03601641566611453j), 'Fdd_px': np.complex128(0.024335696427084635+0.024335658318046786j), 'Fdd_py': np.complex128(0.024335706475924063-0.024335648712544643j)}, 'free': np.float64(-9879.3190980636)}]
------------------------------------------
  Seed: uu+dd:px+ipy
  Seed uu: [ 5.10777964e-02+1.55629175e-16j -5.10777964e-02-1.25234298e-16j
 -1.38940614e-16+5.10777964e-02j  1.28718938e-16-5.10777964e-02j], Seed dd: [ 3.44164130e-02-4.48747468e-18j -3.44164130e-02+2.00450347e-18j
  1.10182046e-17+3.44164130e-02j -9.38094283e-18-3.44164130e-02j]
F_onsite: (-2.885409594984822e-20+3.715691164262263e-20j)
F_swave: (7.027113282308576e-21-6.420429542682208e-21j), F_dwave: (2.8626392284285456e-20+1.9574641619982686e-20j)
F_px: (-2.3145016237439617e-20+2.918399236727965e-20j), F_py: (2.0606378279608102e-20-2.3534681990081172e-20j)
Free_energy = -9879.319902016918
------------------------------------------
[{'stable': {'Fuu_px': np.complex128(0.03592031848252666-0.03621728027885415j), 'Fuu_py': np.complex128(0.03631417192066928+0.03601641566611453j), 'Fdd_px': np.complex128(0.024335696427084635+0.024335658318046786j), 'Fdd_py': np.complex128(0.024335706475924063-0.024335648712544643j)}, 'free': np.float64(-9879.3190980636)}, {'stable': {'Fuu_px': np.complex128(0.05107776751543252+1.1154825698320137e-16j), 'Fuu_py': np.complex128(-1.4062485988941217e-16+0.05107776751543362j), 'Fdd_px': np.complex128(0.03441626132146439-4.848998925234852e-19j), 'Fdd_py': np.complex128(1.0395370663856011e-17+0.03441626132146461j)}, 'free': np.float64(-9879.319902016918)}]
------------------------------------------
====================================
mu=0.56, T=0.0590
====================================
  Seed: normal state
  Seed uu: [0.+0.j 0.+0.j 0.+0.j 0.+0.j], Seed dd: [0.+0.j 0.+0.j 0.+0.j 0.+0.j]
F_onsite: 0j
F_swave: 0j, F_dwave: 0j
F_px: 0j, F_py: 0j
Free_energy = -9816.122236599262
------------------------------------------
[{'stable': {}, 'free': np.float64(-9816.122236599262)}]
------------------------------------------
  Seed: uu:px
  Seed uu: [ 7.11291474e-02+2.21574978e-16j -7.11291474e-02-2.06876362e-16j
  2.71765889e-18-2.02315990e-16j -4.17904880e-19+1.93995744e-16j], Seed dd: [0.+0.j 0.+0.j 0.+0.j 0.+0.j]
F_onsite: (-3.912422432797822e-21+3.2043768325594555e-21j)
F_swave: (-1.0924520028669198e-21+4.892969399209637e-23j), F_dwave: (5.004874435664843e-21-1.8823235428491042e-21j)
F_px: (-5.602492957686245e-22-2.633107345841924e-36j), F_py: (-4.924904561809326e-23-8.271940462843954e-21j)
Free_energy = -9860.231203607065
------------------------------------------
[{'stable': {'Fuu_px': np.complex128(0.07112909229876357+2.439958078602613e-16j)}, 'free': np.float64(-9860.231203607065)}]
------------------------------------------
  Seed: uu:px+py
  Seed uu: [ 0.03596327-0.03617464j -0.03596327+0.03617464j  0.03627141+0.03605947j
 -0.03627141-0.03605947j], Seed dd: [0.+0.j 0.+0.j 0.+0.j 0.+0.j]
F_onsite: (-1.2879709145306542e-20-3.5232699180556334e-20j)
F_swave: (6.4850359514409545e-21+1.6794491184753052e-20j), F_dwave: (-9.04680681722532e-21-3.731552954855936e-20j)
F_px: (4.036084604796139e-20-1.1023803594616732e-19j), F_py: (9.229507883448773e-21+8.753885219956389e-20j)
Free_energy = -9861.586317139197
------------------------------------------
[{'stable': {'Fuu_px': np.complex128(0.03596390586760632-0.036175279541474675j), 'Fuu_py': np.complex128(0.03627077018932083+0.03605883852365937j)}, 'free': np.float64(-9861.586317139197)}]
------------------------------------------
  Seed: uu:px+ipy
  Seed uu: [ 5.10778972e-02+1.81580570e-16j -5.10778972e-02-1.64215072e-16j
 -1.40517101e-16+5.10778972e-02j  1.27783337e-16-5.10778972e-02j], Seed dd: [0.+0.j 0.+0.j 0.+0.j 0.+0.j]
F_onsite: (-2.081911251287286e-21+3.342231288792136e-20j)
F_swave: (-8.595010823143594e-22-6.442900779572122e-21j), F_dwave: (-1.9787410476520206e-20-1.7653702272897938e-20j)
F_px: (-1.7098875534879547e-20-1.7089894738417927e-20j), F_py: (-1.1225190349676773e-20-3.564653968714758e-20j)
Free_energy = -9861.586651677462
------------------------------------------
[{'stable': {'Fuu_px': np.complex128(0.03596390586760632-0.036175279541474675j), 'Fuu_py': np.complex128(0.03627077018932083+0.03605883852365937j)}, 'free': np.float64(-9861.586317139197)}, {'stable': {'Fuu_px': np.complex128(0.05107783775277765+1.4958959190535567e-16j), 'Fuu_py': np.complex128(-1.460115659174759e-16+0.0510778377527789j)}, 'free': np.float64(-9861.586651677462)}]
------------------------------------------
  Seed: dd:px
  Seed uu: [0.+0.j 0.+0.j 0.+0.j 0.+0.j], Seed dd: [ 4.52566417e-02+1.69569643e-17j -4.52566417e-02-2.43071986e-17j
  1.58074877e-18+7.01319087e-16j -8.94291430e-19-6.95236649e-16j]
F_onsite: (1.5006154582394108e-20+3.387675529079934e-35j)
F_swave: (-5.655473753834179e-23-6.112570624275895e-36j), F_dwave: (-2.0148040430563778e-20-3.3007881371089833e-35j)
F_px: (4.513898307157584e-36-3.416014913528827e-21j), F_py: (-1.504632769052528e-35-8.596092929793703e-22j)
Free_energy = -9833.15898679718
------------------------------------------
[{'stable': {'Fuu_px': np.complex128(0.03596390586760632-0.036175279541474675j), 'Fuu_py': np.complex128(0.03627077018932083+0.03605883852365937j)}, 'free': np.float64(-9861.586317139197)}, {'stable': {'Fuu_px': np.complex128(0.05107783775277765+1.4958959190535567e-16j), 'Fuu_py': np.complex128(-1.460115659174759e-16+0.0510778377527789j)}, 'free': np.float64(-9861.586651677462)}]
------------------------------------------
  Seed: dd:px+py
  Seed uu: [0.+0.j 0.+0.j 0.+0.j 0.+0.j], Seed dd: [ 0.02697318+9.64484246e-10j -0.02697318-9.64484239e-10j
  0.02697318-9.64484086e-10j -0.02697318+9.64484095e-10j]
F_onsite: (-3.740045744737038e-21+2.6194068317623786e-27j)
F_swave: (-4.3882327487761845e-24-6.610322737418311e-28j), F_dwave: (-1.0769887070753639e-20-2.609240007920512e-28j)
F_px: (2.2806119391202797e-27+2.366134558249501e-21j), F_py: (-2.4536217167726093e-27+2.5018035113439096e-21j)
Free_energy = -9828.182419332232
------------------------------------------
[{'stable': {'Fuu_px': np.complex128(0.03596390586760632-0.036175279541474675j), 'Fuu_py': np.complex128(0.03627077018932083+0.03605883852365937j)}, 'free': np.float64(-9861.586317139197)}, {'stable': {'Fuu_px': np.complex128(0.05107783775277765+1.4958959190535567e-16j), 'Fuu_py': np.complex128(-1.460115659174759e-16+0.0510778377527789j)}, 'free': np.float64(-9861.586651677462)}]
------------------------------------------
  Seed: dd:px+ipy
  Seed uu: [0.+0.j 0.+0.j 0.+0.j 0.+0.j], Seed dd: [ 3.44162613e-02-1.53577661e-18j -3.44162613e-02+2.14934610e-20j
  8.05845970e-18+3.44162613e-02j -5.99032288e-18-3.44162613e-02j]
F_onsite: (1.6116544130710737e-21+1.399843176588744e-21j)
F_swave: (1.4534812982851708e-22+1.5361148228776803e-23j), F_dwave: (-9.014531093677383e-21+3.4086821034497406e-22j)
F_px: (1.8938794324833453e-21-9.679757844183178e-21j), F_py: (-1.415528462889641e-23-1.0874170247410908e-20j)
Free_energy = -9835.84113946356
------------------------------------------
[{'stable': {'Fuu_px': np.complex128(0.03596390586760632-0.036175279541474675j), 'Fuu_py': np.complex128(0.03627077018932083+0.03605883852365937j)}, 'free': np.float64(-9861.586317139197)}, {'stable': {'Fuu_px': np.complex128(0.05107783775277765+1.4958959190535567e-16j), 'Fuu_py': np.complex128(-1.460115659174759e-16+0.0510778377527789j)}, 'free': np.float64(-9861.586651677462)}]
------------------------------------------
  Seed: uu+dd:px
  Seed uu: [ 7.11290093e-02+2.57558632e-16j -7.11290093e-02-2.51008261e-16j
  1.37065813e-18-2.32418641e-16j -6.72530925e-19+2.31918574e-16j], Seed dd: [ 4.52566417e-02+3.12337576e-17j -4.52566417e-02-3.71831582e-17j
  1.17587033e-18+6.60699887e-16j -1.68655509e-19-6.54889717e-16j]
F_onsite: (4.394029465652094e-21-2.015483717824399e-20j)
F_swave: (-1.2880225256486775e-21+4.605004816260952e-21j), F_dwave: (-3.106006940003328e-21-4.2632739886356454e-20j)
F_px: (-3.344187614146858e-19-2.196763842816691e-34j), F_py: (2.563482555220876e-22-2.6947036352142135e-21j)
Free_energy = -9877.267794423567
------------------------------------------
[{'stable': {'Fuu_px': np.complex128(0.07112899654852674+2.715868208561065e-16j), 'Fdd_px': np.complex128(0.045256533855380754+2.545418709793898e-17j)}, 'free': np.float64(-9877.267794423567)}]
------------------------------------------
  Seed: uu+dd:px+py
  Seed uu: [ 0.03592032-0.03621728j -0.03592032+0.03621728j  0.03631417+0.03601642j
 -0.03631417-0.03601642j], Seed dd: [ 0.0243357 +0.02433566j -0.0243357 -0.02433566j  0.02433571-0.02433565j
 -0.02433571+0.02433565j]
F_onsite: (1.9304090036272356e-20+3.0830277341771564e-20j)
F_swave: (-3.399849768414869e-21-8.417386584216773e-23j), F_dwave: (-7.830586203557854e-22-2.8864158836804e-20j)
F_px: (-2.4734053241654394e-20-1.9509618410438807e-20j), F_py: (-2.1496599039966276e-20+7.16396884618301e-21j)
Free_energy = -9881.304763562246
------------------------------------------
[{'stable': {'Fuu_px': np.complex128(0.03592095574070282-0.036217922805395875j), 'Fuu_py': np.complex128(0.036313531313984085+0.03601578031205325j), 'Fdd_px': np.complex128(0.024335691645690785+0.024335663217062528j), 'Fdd_py': np.complex128(0.024335701680055978-0.024335653597086015j)}, 'free': np.float64(-9881.304763562246)}]
------------------------------------------
  Seed: uu+dd:px+ipy
  Seed uu: [ 5.10777675e-02+1.19740336e-16j -5.10777675e-02-1.03356178e-16j
 -1.46228698e-16+5.10777675e-02j  1.35021022e-16-5.10777675e-02j], Seed dd: [ 3.44162613e-02-1.05587951e-18j -3.44162613e-02-8.60797233e-20j
  1.17288123e-17+3.44162613e-02j -9.06192905e-18-3.44162613e-02j]
F_onsite: (-4.4581396699381564e-21-2.0503381714998287e-20j)
F_swave: (3.1317168759306726e-21+6.7578247373493545e-21j), F_dwave: (1.1167935829726227e-20-3.000861987694591e-21j)
F_px: (-3.098511598211052e-20+2.9830089445000287e-21j), F_py: (5.679621749344898e-21-4.465743040987626e-20j)
Free_energy = -9881.30533982193
------------------------------------------
[{'stable': {'Fuu_px': np.complex128(0.03592095574070282-0.036217922805395875j), 'Fuu_py': np.complex128(0.036313531313984085+0.03601578031205325j), 'Fdd_px': np.complex128(0.024335691645690785+0.024335663217062528j), 'Fdd_py': np.complex128(0.024335701680055978-0.024335653597086015j)}, 'free': np.float64(-9881.304763562246)}, {'stable': {'Fuu_px': np.complex128(0.051077747424718975+1.2519268721404727e-16j), 'Fuu_py': np.complex128(-1.4315627079184085e-16+0.051077747424719946j), 'Fdd_px': np.complex128(0.034416150172402904-4.5301704299324135e-18j), 'Fdd_py': np.complex128(1.0373321337447798e-17+0.034416150172403195j)}, 'free': np.float64(-9881.30533982193)}]
------------------------------------------
====================================
mu=0.56, T=0.0673
====================================
  Seed: normal state
  Seed uu: [0.+0.j 0.+0.j 0.+0.j 0.+0.j], Seed dd: [0.+0.j 0.+0.j 0.+0.j 0.+0.j]
F_onsite: 0j
F_swave: 0j, F_dwave: 0j
F_px: 0j, F_py: 0j
Free_energy = -9820.102182715425
------------------------------------------
[{'stable': {}, 'free': np.float64(-9820.102182715425)}]
------------------------------------------
  Seed: uu:px
  Seed uu: [ 7.11290923e-02+2.47574813e-16j -7.11290923e-02-2.40416802e-16j
 -3.72495973e-19-2.14319717e-16j  4.27122981e-19+1.98439808e-16j], Seed dd: [0.+0.j 0.+0.j 0.+0.j 0.+0.j]
F_onsite: (6.079907527284392e-21-5.807149029159881e-21j)
F_swave: (-2.7325409227646543e-21-3.4954428513087564e-23j), F_dwave: (-3.3473666045197226e-21+3.59342536717732e-21j)
F_px: (6.0684938486820975e-22-6.018531076210112e-36j), F_py: (-6.0454230439957285e-22-1.6966560710846432e-22j)
Free_energy = -9863.25953646893
------------------------------------------
[{'stable': {'Fuu_px': np.complex128(0.07112905409002585+2.9579886060667664e-16j)}, 'free': np.float64(-9863.25953646893)}]
------------------------------------------
  Seed: uu:px+py
  Seed uu: [ 0.03596391-0.03617528j -0.03596391+0.03617528j  0.03627077+0.03605884j
 -0.03627077-0.03605884j], Seed dd: [0.+0.j 0.+0.j 0.+0.j 0.+0.j]
F_onsite: (-6.014905314176299e-21+4.0796514559314944e-20j)
F_swave: (4.806183887882808e-21-8.587043899088497e-21j), F_dwave: (-8.629999497518116e-21-1.1651643357287581e-21j)
F_px: (-1.3431119390217535e-20-4.462741634383999e-20j), F_py: (5.983450830221646e-20+5.308466924098369e-20j)
Free_energy = -9864.592411451637
------------------------------------------
[{'stable': {'Fuu_px': np.complex128(0.03596453538926349-0.03617591276831579j), 'Fuu_py': np.complex128(0.036270138831126925+0.03605821085971765j)}, 'free': np.float64(-9864.592411451637)}]
------------------------------------------
  Seed: uu:px+ipy
  Seed uu: [ 5.10778378e-02+1.51579140e-16j -5.10778378e-02-1.47600044e-16j
 -1.52183657e-16+5.10778378e-02j  1.39839475e-16-5.10778378e-02j], Seed dd: [0.+0.j 0.+0.j 0.+0.j 0.+0.j]
F_onsite: (2.5393676056840076e-20+2.3005227007818787e-20j)
F_swave: (-6.0097631541890746e-21-7.615730809321969e-21j), F_dwave: (3.543432856006914e-20-7.542391132149712e-21j)
F_px: (1.0615392307431044e-19-9.636470512236104e-21j), F_py: (-6.160477947476039e-21+3.8107232361577877e-20j)
Free_energy = -9864.59264419799
------------------------------------------
[{'stable': {'Fuu_px': np.complex128(0.03596453538926349-0.03617591276831579j), 'Fuu_py': np.complex128(0.036270138831126925+0.03605821085971765j)}, 'free': np.float64(-9864.592411451637)}, {'stable': {'Fuu_px': np.complex128(0.051077796354871245+1.556331719840151e-16j), 'Fuu_py': np.complex128(-1.5210252690162236e-16+0.05107779635487257j)}, 'free': np.float64(-9864.59264419799)}]
------------------------------------------
  Seed: dd:px
  Seed uu: [0.+0.j 0.+0.j 0.+0.j 0.+0.j], Seed dd: [ 4.52565339e-02+1.49613547e-17j -4.52565339e-02-1.65021076e-17j
  1.20504995e-18+7.75746072e-16j -1.07143381e-18-7.70532637e-16j]
F_onsite: (3.220421444569068e-20-3.476274850905762e-35j)
F_swave: (5.517739883430429e-23+1.234269068363402e-35j), F_dwave: (5.162164798892239e-21+5.292075567401938e-35j)
F_px: (-3.76158192263132e-35+5.381295673627934e-22j), F_py: (-5.980915256983799e-35+6.677744349401663e-22j)
Free_energy = -9836.706435798615
------------------------------------------
[{'stable': {'Fuu_px': np.complex128(0.03596453538926349-0.03617591276831579j), 'Fuu_py': np.complex128(0.036270138831126925+0.03605821085971765j)}, 'free': np.float64(-9864.592411451637)}, {'stable': {'Fuu_px': np.complex128(0.051077796354871245+1.556331719840151e-16j), 'Fuu_py': np.complex128(-1.5210252690162236e-16+0.05107779635487257j)}, 'free': np.float64(-9864.59264419799)}]
------------------------------------------
  Seed: dd:px+py
  Seed uu: [0.+0.j 0.+0.j 0.+0.j 0.+0.j], Seed dd: [ 0.02697307+1.72779962e-09j -0.02697307-1.72779961e-09j
  0.02697307-1.72779943e-09j -0.02697307+1.72779945e-09j]
F_onsite: (2.7217510724360315e-21+6.748978653302215e-29j)
F_swave: (-8.344101885198135e-22-6.463435629360745e-29j), F_dwave: (1.0871441447610577e-20-6.195493691537138e-29j)
F_px: (2.991499868050796e-27-4.048895756451929e-21j), F_py: (-2.524743839011823e-27-2.3239134742980774e-21j)
Free_energy = -9831.860663559684
------------------------------------------
[{'stable': {'Fuu_px': np.complex128(0.03596453538926349-0.03617591276831579j), 'Fuu_py': np.complex128(0.036270138831126925+0.03605821085971765j)}, 'free': np.float64(-9864.592411451637)}, {'stable': {'Fuu_px': np.complex128(0.051077796354871245+1.556331719840151e-16j), 'Fuu_py': np.complex128(-1.5210252690162236e-16+0.05107779635487257j)}, 'free': np.float64(-9864.59264419799)}]
------------------------------------------
  Seed: dd:px+ipy
  Seed uu: [0.+0.j 0.+0.j 0.+0.j 0.+0.j], Seed dd: [ 3.44161502e-02-8.61988373e-18j -3.44161502e-02-4.42251784e-18j
  8.16852105e-18+3.44161502e-02j -5.80566970e-18-3.44161502e-02j]
F_onsite: (7.604786951278362e-21-1.2922119584878946e-22j)
F_swave: (2.2126049322946503e-22-5.819177503627555e-23j), F_dwave: (-1.511443833386506e-21+1.360024284893994e-21j)
F_px: (1.2251838783047759e-21-5.581271853221637e-21j), F_py: (1.0615888223960323e-21+3.473341599095925e-21j)
Free_energy = -9839.318157409316
------------------------------------------
[{'stable': {'Fuu_px': np.complex128(0.03596453538926349-0.03617591276831579j), 'Fuu_py': np.complex128(0.036270138831126925+0.03605821085971765j)}, 'free': np.float64(-9864.592411451637)}, {'stable': {'Fuu_px': np.complex128(0.051077796354871245+1.556331719840151e-16j), 'Fuu_py': np.complex128(-1.5210252690162236e-16+0.05107779635487257j)}, 'free': np.float64(-9864.59264419799)}]
------------------------------------------
  Seed: uu+dd:px
  Seed uu: [ 7.11289965e-02+2.69255892e-16j -7.11289965e-02-2.73917750e-16j
 -2.28211852e-18-2.47426635e-16j  1.53470459e-18+2.31553079e-16j], Seed dd: [ 4.52565339e-02+2.44921694e-17j -4.52565339e-02-2.64162048e-17j
  1.04355121e-18+7.36235109e-16j -1.46137999e-18-7.29176148e-16j]
F_onsite: (4.35753834456977e-21+2.5352741845198593e-20j)
F_swave: (-1.2511096715890534e-21-7.691478261277253e-21j), F_dwave: (-3.1064286729807683e-21+1.8198785982809106e-20j)
F_px: (-1.7666880543728378e-19+9.328723168125674e-35j), F_py: (4.504015820702934e-21+4.019328078598459e-21j)
Free_energy = -9879.863680561568
------------------------------------------
[{'stable': {'Fuu_px': np.complex128(0.0711289877372096+2.7085628140887926e-16j), 'Fdd_px': np.complex128(0.04525645496496056+2.4497781021370468e-17j)}, 'free': np.float64(-9879.863680561568)}]
------------------------------------------
  Seed: uu+dd:px+py
  Seed uu: [ 0.03592096-0.03621792j -0.03592096+0.03621792j  0.03631353+0.03601578j
 -0.03631353-0.03601578j], Seed dd: [ 0.02433569+0.02433566j -0.02433569-0.02433566j  0.0243357 -0.02433565j
 -0.0243357 +0.02433565j]
F_onsite: (-3.7051101858234897e-20-7.846739480824025e-22j)
F_swave: (8.918109422739305e-21+1.6595512553768662e-21j), F_dwave: (-9.86384736127266e-21+1.1016489693630925e-20j)
F_px: (-8.726187058085953e-20-5.987699438238103e-23j), F_py: (-5.30437063958297e-20+9.191717904441876e-21j)
Free_energy = -9883.808057975832
------------------------------------------
[{'stable': {'Fuu_px': np.complex128(0.035921584547328286-0.03621855681051581j), 'Fuu_py': np.complex128(0.03631289917820843+0.036015153359444385j), 'Fdd_px': np.complex128(0.02433568782749085+0.024335667124375755j), 'Fdd_py': np.complex128(0.024335697848326794-0.02433565749086985j)}, 'free': np.float64(-9883.808057975832)}]
------------------------------------------
  Seed: uu+dd:px+ipy
  Seed uu: [ 5.10777474e-02+1.30054709e-16j -5.10777474e-02-1.20330665e-16j
 -1.49508091e-16+5.10777474e-02j  1.36804450e-16-5.10777474e-02j], Seed dd: [ 3.44161502e-02-1.01072736e-17j -3.44161502e-02-1.04693272e-18j
  1.18013924e-17+3.44161502e-02j -8.94525026e-18-3.44161502e-02j]
F_onsite: (7.711440494325416e-22+6.81779897277263e-22j)
F_swave: (2.5005624127976013e-21-6.586366406031947e-21j), F_dwave: (8.40505464241894e-21+2.965713369895249e-20j)
F_px: (-1.0173847220245121e-19+1.465077983594088e-20j), F_py: (1.451027198489687e-20-1.2020296591219253e-19j)
Free_energy = -9883.808471264534
------------------------------------------
[{'stable': {'Fuu_px': np.complex128(0.035921584547328286-0.03621855681051581j), 'Fuu_py': np.complex128(0.03631289917820843+0.036015153359444385j), 'Fdd_px': np.complex128(0.02433568782749085+0.024335667124375755j), 'Fdd_py': np.complex128(0.024335697848326794-0.02433565749086985j)}, 'free': np.float64(-9883.808057975832)}, {'stable': {'Fuu_px': np.complex128(0.05107773342871674+1.3572673305323657e-16j), 'Fuu_py': np.complex128(-1.4785785951447385e-16+0.05107773342871781j), 'Fdd_px': np.complex128(0.03441606872786029-1.092291337131783e-17j), 'Fdd_py': np.complex128(1.1654617488847537e-17+0.03441606872786045j)}, 'free': np.float64(-9883.808471264534)}]
------------------------------------------
====================================
mu=0.56, T=0.0756
====================================
  Seed: normal state
  Seed uu: [0.+0.j 0.+0.j 0.+0.j 0.+0.j], Seed dd: [0.+0.j 0.+0.j 0.+0.j 0.+0.j]
F_onsite: 0j
F_swave: 0j, F_dwave: 0j
F_px: 0j, F_py: 0j
Free_energy = -9824.551893055681
------------------------------------------
[{'stable': {}, 'free': np.float64(-9824.551893055681)}]
------------------------------------------
  Seed: uu:px
  Seed uu: [ 7.11290541e-02+2.96165335e-16j -7.11290541e-02-2.95432387e-16j
 -9.43316771e-19-2.23821309e-16j -6.82655616e-20+2.15389255e-16j], Seed dd: [0.+0.j 0.+0.j 0.+0.j 0.+0.j]
F_onsite: (-1.5062604626733471e-21+3.1882937049006255e-21j)
F_swave: (4.517247145054206e-22+6.068563053264379e-23j), F_dwave: (1.0545357481679235e-21-4.4455245894168345e-23j)
F_px: (-5.027935299214486e-21-2.1455710638383803e-35j), F_py: (1.111987204799632e-22-1.0460045949658802e-20j)
Free_energy = -9866.782977801411
------------------------------------------
[{'stable': {'Fuu_px': np.complex128(0.07112902761221263+2.6026445204081945e-16j)}, 'free': np.float64(-9866.782977801411)}]
------------------------------------------
  Seed: uu:px+py
  Seed uu: [ 0.03596454-0.03617591j -0.03596454+0.03617591j  0.03627014+0.03605821j
 -0.03627014-0.03605821j], Seed dd: [0.+0.j 0.+0.j 0.+0.j 0.+0.j]
F_onsite: (1.314975565604397e-20+1.616036177247139e-20j)
F_swave: (-6.6758228481946445e-21-1.087743123554362e-20j), F_dwave: (-1.3107252566634284e-20+1.3785476659614405e-20j)
F_px: (4.427665702161179e-21+1.0059540202183242e-19j), F_py: (-4.487928107374643e-20-1.12056291747619e-19j)
Free_energy = -9868.093196531136
------------------------------------------
[{'stable': {'Fuu_px': np.complex128(0.0359651565626147-0.036176537596263575j), 'Fuu_py': np.complex128(0.03626951582218727+0.036057591494736814j)}, 'free': np.float64(-9868.093196531136)}]
------------------------------------------
  Seed: uu:px+ipy
  Seed uu: [ 5.10777964e-02+1.69307540e-16j -5.10777964e-02-1.41958804e-16j
 -1.57426367e-16+5.10777964e-02j  1.46778687e-16-5.10777964e-02j], Seed dd: [0.+0.j 0.+0.j 0.+0.j 0.+0.j]
F_onsite: (8.665272982722184e-20-3.454769040955902e-20j)
F_swave: (-2.6066683766317755e-20+1.644240734861102e-20j), F_dwave: (-4.631880515214561e-21-2.5586367136167756e-20j)
F_px: (3.466345426010303e-20+1.8263488021814706e-20j), F_py: (-1.4968246809841243e-20+7.819549087480587e-20j)
Free_energy = -9868.093359003107
------------------------------------------
[{'stable': {'Fuu_px': np.complex128(0.0359651565626147-0.036176537596263575j), 'Fuu_py': np.complex128(0.03626951582218727+0.036057591494736814j)}, 'free': np.float64(-9868.093196531136)}, {'stable': {'Fuu_px': np.complex128(0.051077767515432526+1.3343225314802268e-16j), 'Fuu_py': np.complex128(-1.5867423202289485e-16+0.05107776751543362j)}, 'free': np.float64(-9868.093359003107)}]
------------------------------------------
  Seed: dd:px
  Seed uu: [0.+0.j 0.+0.j 0.+0.j 0.+0.j], Seed dd: [ 4.52564550e-02+2.00757396e-17j -4.52564550e-02-1.34660769e-17j
  2.41556591e-19+8.26971660e-16j -1.41557403e-18-8.32231470e-16j]
F_onsite: (1.61442150175709e-20+1.2461498812993662e-35j)
F_swave: (7.137705963903695e-23+2.938735877055719e-38j), F_dwave: (-1.3109025989087664e-20-1.5075715049295837e-35j)
F_px: (-8.275480229788904e-36-2.7445915400733063e-21j), F_py: (-2.783570622747177e-35-2.0322364368461083e-22j)
Free_energy = -9840.747719577208
------------------------------------------
[{'stable': {'Fuu_px': np.complex128(0.0359651565626147-0.036176537596263575j), 'Fuu_py': np.complex128(0.03626951582218727+0.036057591494736814j)}, 'free': np.float64(-9868.093196531136)}, {'stable': {'Fuu_px': np.complex128(0.051077767515432526+1.3343225314802268e-16j), 'Fuu_py': np.complex128(-1.5867423202289485e-16+0.05107776751543362j)}, 'free': np.float64(-9868.093359003107)}]
------------------------------------------
  Seed: dd:px+py
  Seed uu: [0.+0.j 0.+0.j 0.+0.j 0.+0.j], Seed dd: [ 0.02697299+3.09522357e-09j -0.02697299-3.09522356e-09j
  0.02697299-3.09522336e-09j -0.02697299+3.09522337e-09j]
F_onsite: (6.21531610313545e-22-9.964503727959809e-28j)
F_swave: (2.880774715081918e-23+2.518869349816018e-28j), F_dwave: (-1.6067297817659204e-20-7.928028002658163e-28j)
F_px: (-1.2152879567106177e-26+3.6296025961835835e-21j), F_py: (1.2080512922478595e-26+3.5187024908755135e-21j)
Free_energy = -9836.025075641257
------------------------------------------
[{'stable': {'Fuu_px': np.complex128(0.0359651565626147-0.036176537596263575j), 'Fuu_py': np.complex128(0.03626951582218727+0.036057591494736814j)}, 'free': np.float64(-9868.093196531136)}, {'stable': {'Fuu_px': np.complex128(0.051077767515432526+1.3343225314802268e-16j), 'Fuu_py': np.complex128(-1.5867423202289485e-16+0.05107776751543362j)}, 'free': np.float64(-9868.093359003107)}]
------------------------------------------
  Seed: dd:px+ipy
  Seed uu: [0.+0.j 0.+0.j 0.+0.j 0.+0.j], Seed dd: [ 3.44160687e-02-1.18837664e-17j -3.44160687e-02+1.36541711e-17j
  9.53653219e-18+3.44160687e-02j -6.44179144e-18-3.44160687e-02j]
F_onsite: (4.064421562089413e-21+2.0228633293768406e-21j)
F_swave: (7.088883225803342e-22-9.131483350015654e-23j), F_dwave: (-6.21063299027587e-21+4.5109751584009495e-23j)
F_px: (-8.072935334069066e-22-2.7571287921797222e-21j), F_py: (2.6132851146204125e-21+2.0903197326775064e-21j)
Free_energy = -9843.293341876666
------------------------------------------
[{'stable': {'Fuu_px': np.complex128(0.0359651565626147-0.036176537596263575j), 'Fuu_py': np.complex128(0.03626951582218727+0.036057591494736814j)}, 'free': np.float64(-9868.093196531136)}, {'stable': {'Fuu_px': np.complex128(0.051077767515432526+1.3343225314802268e-16j), 'Fuu_py': np.complex128(-1.5867423202289485e-16+0.05107776751543362j)}, 'free': np.float64(-9868.093359003107)}]
------------------------------------------
  Seed: uu+dd:px
  Seed uu: [ 7.11289877e-02+2.83848470e-16j -7.11289877e-02-2.57864093e-16j
 -2.72747256e-18-2.44363288e-16j  9.78045121e-19+2.29077996e-16j], Seed dd: [ 4.52564550e-02+2.55094031e-17j -4.52564550e-02-2.34861590e-17j
  4.43789016e-19+7.89003567e-16j -8.19699591e-19-7.88060978e-16j]
F_onsite: (-4.816219096837529e-22+3.025131912548175e-20j)
F_swave: (2.595571158392777e-22-8.945309064493706e-21j), F_dwave: (2.220647938444281e-22+3.030655102672876e-20j)
F_px: (-2.9455130360899655e-19-1.023150282955719e-34j), F_py: (-1.4365654086523308e-22-1.0000171773378356e-21j)
Free_energy = -9882.978729873585
------------------------------------------
[{'stable': {'Fuu_px': np.complex128(0.07112898163115827+3.036913018509554e-16j), 'Fdd_px': np.complex128(0.045256397273868494+3.075004884240968e-17j)}, 'free': np.float64(-9882.978729873585)}]
------------------------------------------
  Seed: uu+dd:px+py
  Seed uu: [ 0.03592158-0.03621856j -0.03592158+0.03621856j  0.0363129 +0.03601515j
 -0.0363129 -0.03601515j], Seed dd: [ 0.02433569+0.02433567j -0.02433569-0.02433567j  0.0243357 -0.02433566j
 -0.0243357 +0.02433566j]
F_onsite: (-2.682587704350746e-20+4.614094422803091e-20j)
F_swave: (4.744762029763041e-21-6.548526542115183e-21j), F_dwave: (-3.7469983850088236e-20+5.59511493493302e-21j)
F_px: (-3.3081793102708836e-20-2.6671322958199844e-20j), F_py: (-6.182646358000634e-20+1.994937027897639e-20j)
Free_energy = -9886.83440954546
------------------------------------------
[{'stable': {'Fuu_px': np.complex128(0.03592220501464986-0.03621918240738866j), 'Fuu_py': np.complex128(0.0363122754014964+0.036014534697359324j), 'Fdd_px': np.complex128(0.024335684778809194+0.02433567024108932j), 'Fdd_py': np.complex128(0.024335694786999082-0.02433566059493738j)}, 'free': np.float64(-9886.83440954546)}]
------------------------------------------
  Seed: uu+dd:px+ipy
  Seed uu: [ 5.10777334e-02+1.45477485e-16j -5.10777334e-02-1.25975981e-16j
 -1.54113357e-16+5.10777334e-02j  1.41602362e-16-5.10777334e-02j], Seed dd: [ 3.44160687e-02-1.21079654e-17j -3.44160687e-02+9.73786134e-18j
  1.27388461e-17+3.44160687e-02j -1.05703888e-17-3.44160687e-02j]
F_onsite: (3.833294634604091e-21-2.0092880164987415e-20j)
F_swave: (-1.422630497867743e-21+6.894327394182193e-21j), F_dwave: (1.4978729343542759e-21+5.270563711764245e-21j)
F_px: (-7.240694189543689e-20+3.146229997171608e-20j), F_py: (2.14988763520227e-20-3.1543810218161476e-20j)
Free_energy = -9886.834706436348
------------------------------------------
[{'stable': {'Fuu_px': np.complex128(0.03592220501464986-0.03621918240738866j), 'Fuu_py': np.complex128(0.0363122754014964+0.036014534697359324j), 'Fdd_px': np.complex128(0.024335684778809194+0.02433567024108932j), 'Fdd_py': np.complex128(0.024335694786999082-0.02433566059493738j)}, 'free': np.float64(-9886.83440954546)}, {'stable': {'Fuu_px': np.complex128(0.05107772367853497+1.3292355692363727e-16j), 'Fuu_py': np.complex128(-1.5270932012921166e-16+0.05107772367853594j), 'Fdd_px': np.complex128(0.034416009049261884-9.819150031706672e-18j), 'Fdd_py': np.complex128(1.249762702960238e-17+0.03441600904926198j)}, 'free': np.float64(-9886.834706436348)}]
------------------------------------------
====================================
mu=0.56, T=0.0839
====================================
  Seed: normal state
  Seed uu: [0.+0.j 0.+0.j 0.+0.j 0.+0.j], Seed dd: [0.+0.j 0.+0.j 0.+0.j 0.+0.j]
F_onsite: 0j
F_swave: 0j, F_dwave: 0j
F_px: 0j, F_py: 0j
Free_energy = -9829.46417115805
------------------------------------------
[{'stable': {}, 'free': np.float64(-9829.46417115805)}]
------------------------------------------
  Seed: uu:px
  Seed uu: [ 7.11290276e-02+2.69310896e-16j -7.11290276e-02-2.51218008e-16j
  1.31799650e-18-2.31796601e-16j -9.64466124e-19+2.14724281e-16j], Seed dd: [0.+0.j 0.+0.j 0.+0.j 0.+0.j]
F_onsite: (-1.492375014429298e-20+2.3350664549413446e-21j)
F_swave: (4.260109820871515e-21+6.490497340421827e-22j), F_dwave: (1.0663640323421614e-20+4.30669617262128e-22j)
F_px: (5.21245927908796e-21+1.58174519846647e-34j), F_py: (8.1507116146938525e-22-5.5596231333676256e-21j)
Free_energy = -9870.800494241106
------------------------------------------
[{'stable': {'Fuu_px': np.complex128(0.07112900926366793+2.800247777881966e-16j)}, 'free': np.float64(-9870.800494241106)}]
------------------------------------------
  Seed: uu:px+py
  Seed uu: [ 0.03596516-0.03617654j -0.03596516+0.03617654j  0.03626952+0.03605759j
 -0.03626952-0.03605759j], Seed dd: [0.+0.j 0.+0.j 0.+0.j 0.+0.j]
F_onsite: (-3.144427959479585e-20+2.3775545762322384e-20j)
F_swave: (6.324503534285512e-21-6.03868375127989e-21j), F_dwave: (1.0493623253112993e-20-2.5718993363902657e-21j)
F_px: (3.985555163189002e-20+2.6487662915747245e-20j), F_py: (2.1480039893627825e-20+1.245402237317257e-20j)
Free_energy = -9872.087928459809
------------------------------------------
[{'stable': {'Fuu_px': np.complex128(0.035965769498395285-0.036177154137145145j), 'Fuu_py': np.complex128(0.036268901052124075+0.036056980319421686j)}, 'free': np.float64(-9872.087928459809)}]
------------------------------------------
  Seed: uu:px+ipy
  Seed uu: [ 5.10777675e-02+1.38329109e-16j -5.10777675e-02-1.28535397e-16j
 -1.64721015e-16+5.10777675e-02j  1.52627449e-16-5.10777675e-02j], Seed dd: [0.+0.j 0.+0.j 0.+0.j 0.+0.j]
F_onsite: (-1.826304931792219e-20+3.079268000052691e-20j)
F_swave: (6.853470472312674e-21-9.778063022516303e-21j), F_dwave: (1.1514422515752116e-20+2.803783072503617e-20j)
F_px: (3.867966687126095e-20+3.746743361540913e-20j), F_py: (5.339343891392051e-20-5.38937501026427e-20j)
Free_energy = -9872.088042470054
------------------------------------------
[{'stable': {'Fuu_px': np.complex128(0.035965769498395285-0.036177154137145145j), 'Fuu_py': np.complex128(0.036268901052124075+0.036056980319421686j)}, 'free': np.float64(-9872.087928459809)}, {'stable': {'Fuu_px': np.complex128(0.05107774742471898+1.3940743531619133e-16j), 'Fuu_py': np.complex128(-1.6138873439082847e-16+0.05107774742471994j)}, 'free': np.float64(-9872.088042470054)}]
------------------------------------------
  Seed: dd:px
  Seed uu: [0.+0.j 0.+0.j 0.+0.j 0.+0.j], Seed dd: [ 4.52563973e-02+3.16933259e-17j -4.52563973e-02-1.97272385e-17j
  4.11787053e-19+9.10080309e-16j -8.51496414e-19-9.07186210e-16j]
F_onsite: (2.3354195949434244e-21+7.359456742691621e-36j)
F_swave: (1.0745940496721428e-22-6.770847460736376e-36j), F_dwave: (1.8723879900212604e-21-5.266214691683848e-36j)
F_px: (4.908864409033873e-35-8.473494800017977e-22j), F_py: (-3.329000001528718e-35-1.3207766254672318e-20j)
Free_energy = -9845.275582173836
------------------------------------------
[{'stable': {'Fuu_px': np.complex128(0.035965769498395285-0.036177154137145145j), 'Fuu_py': np.complex128(0.036268901052124075+0.036056980319421686j)}, 'free': np.float64(-9872.087928459809)}, {'stable': {'Fuu_px': np.complex128(0.05107774742471898+1.3940743531619133e-16j), 'Fuu_py': np.complex128(-1.6138873439082847e-16+0.05107774742471994j)}, 'free': np.float64(-9872.088042470054)}]
------------------------------------------
  Seed: dd:px+py
  Seed uu: [0.+0.j 0.+0.j 0.+0.j 0.+0.j], Seed dd: [ 0.02697293+5.54486500e-09j -0.02697293-5.54486499e-09j
  0.02697293-5.54486478e-09j -0.02697293+5.54486479e-09j]
F_onsite: (1.0137997003146318e-20-2.4025421378402302e-26j)
F_swave: (4.389267859496786e-22+6.488157015461702e-27j), F_dwave: (-7.39179554063569e-21-6.29311881146502e-27j)
F_px: (-1.0773735297038733e-26-1.1046874708864178e-20j), F_py: (1.1026875794430458e-26-1.0264841909187869e-20j)
Free_energy = -9840.66841886774
------------------------------------------
[{'stable': {'Fuu_px': np.complex128(0.035965769498395285-0.036177154137145145j), 'Fuu_py': np.complex128(0.036268901052124075+0.036056980319421686j)}, 'free': np.float64(-9872.087928459809)}, {'stable': {'Fuu_px': np.complex128(0.05107774742471898+1.3940743531619133e-16j), 'Fuu_py': np.complex128(-1.6138873439082847e-16+0.05107774742471994j)}, 'free': np.float64(-9872.088042470054)}]
------------------------------------------
  Seed: dd:px+ipy
  Seed uu: [0.+0.j 0.+0.j 0.+0.j 0.+0.j], Seed dd: [ 3.44160090e-02-1.08717738e-17j -3.44160090e-02+7.39380354e-18j
  9.72976159e-18+3.44160090e-02j -8.70204592e-18-3.44160090e-02j]
F_onsite: (-1.3656965043280085e-20-3.34723910852269e-22j)
F_swave: (2.425876190546762e-21-2.7807441401092235e-22j), F_dwave: (-6.277495060882654e-22-2.5594356452059986e-21j)
F_px: (-6.032602817939229e-22+1.284850214534846e-21j), F_py: (3.1921812735561394e-22+2.68196457242309e-21j)
Free_energy = -9847.759329215049
------------------------------------------
[{'stable': {'Fuu_px': np.complex128(0.035965769498395285-0.036177154137145145j), 'Fuu_py': np.complex128(0.036268901052124075+0.036056980319421686j)}, 'free': np.float64(-9872.087928459809)}, {'stable': {'Fuu_px': np.complex128(0.05107774742471898+1.3940743531619133e-16j), 'Fuu_py': np.complex128(-1.6138873439082847e-16+0.05107774742471994j)}, 'free': np.float64(-9872.088042470054)}]
------------------------------------------
  Seed: uu+dd:px
  Seed uu: [ 7.11289816e-02+3.02021932e-16j -7.11289816e-02-3.05360671e-16j
 -2.31546382e-18-2.60958940e-16j  2.24427997e-18+2.53880550e-16j], Seed dd: [ 4.52563973e-02+3.64077525e-17j -4.52563973e-02-2.50923452e-17j
  7.09625013e-19+8.64970670e-16j -1.12109112e-18-8.67108687e-16j]
F_onsite: (2.0129553973050673e-20-4.426080338036956e-20j)
F_swave: (-3.4434809019444705e-21+1.305266489823613e-20j), F_dwave: (-1.6686073071105933e-20-3.207230676308642e-20j)
F_px: (-1.574148237844428e-19+1.0532429383367696e-35j), F_py: (-1.573134104765377e-22+8.204717736138597e-21j)
Free_energy = -9886.61185444156
------------------------------------------
[{'stable': {'Fuu_px': np.complex128(0.07112897739979729+2.7993340410901156e-16j), 'Fdd_px': np.complex128(0.045256355085426636+3.6307432009345143e-17j)}, 'free': np.float64(-9886.61185444156)}]
------------------------------------------
  Seed: uu+dd:px+py
  Seed uu: [ 0.03592221-0.03621918j -0.03592221+0.03621918j  0.03631228+0.03601453j
 -0.03631228-0.03601453j], Seed dd: [ 0.02433568+0.02433567j -0.02433568-0.02433567j  0.02433569-0.02433566j
 -0.02433569+0.02433566j]
F_onsite: (2.730305136046796e-20+1.1368346407177195e-20j)
F_swave: (1.8455134358390693e-22-2.2246122569165243e-21j), F_dwave: (1.5666449339528564e-20-7.68930300137162e-21j)
F_px: (-1.1331727760425404e-19+3.330263077086489e-20j), F_py: (-6.82492317492325e-20-4.7163627482284563e-20j)
Free_energy = -9890.382917107961
------------------------------------------
[{'stable': {'Fuu_px': np.complex128(0.035922817253419184-0.03621979970768145j), 'Fuu_py': np.complex128(0.03631165987347494+0.03601392421632997j), 'Fdd_px': np.complex128(0.024335682344845316+0.02433567272745868j), 'Fdd_py': np.complex128(0.024335692341214753-0.024335663069486337j)}, 'free': np.float64(-9890.382917107961)}]
------------------------------------------
  Seed: uu+dd:px+ipy
  Seed uu: [ 5.10777237e-02+1.38761361e-16j -5.10777237e-02-1.27085753e-16j
 -1.58562450e-16+5.10777237e-02j  1.46856190e-16-5.10777237e-02j], Seed dd: [ 3.44160090e-02-1.19400411e-17j -3.44160090e-02+7.69825894e-18j
  1.35940847e-17+3.44160090e-02j -1.14011693e-17-3.44160090e-02j]
F_onsite: (3.2007079316011583e-22-1.8267630583665162e-20j)
F_swave: (3.821385860807192e-21+1.6753483129660375e-21j), F_dwave: (1.1581293929148438e-20+1.2790987221634477e-20j)
F_px: (-5.1610369389537627e-20-2.882189321866671e-20j), F_py: (-1.4383638158300638e-20-5.3411119669120346e-20j)
Free_energy = -9890.38313095047
------------------------------------------
[{'stable': {'Fuu_px': np.complex128(0.035922817253419184-0.03621979970768145j), 'Fuu_py': np.complex128(0.03631165987347494+0.03601392421632997j), 'Fdd_px': np.complex128(0.024335682344845316+0.02433567272745868j), 'Fdd_py': np.complex128(0.024335692341214753-0.024335663069486337j)}, 'free': np.float64(-9890.382917107961)}, {'stable': {'Fuu_px': np.complex128(0.05107771688616307+1.553164610710808e-16j), 'Fuu_py': np.complex128(-1.562058191959182e-16+0.051077716886163804j), 'Fdd_px': np.complex128(0.034415965319656086-1.1331686177706835e-17j), 'Fdd_py': np.complex128(1.3293017436853769e-17+0.03441596531965602j)}, 'free': np.float64(-9890.38313095047)}]
------------------------------------------
====================================
mu=0.56, T=0.0922
====================================
  Seed: normal state
  Seed uu: [0.+0.j 0.+0.j 0.+0.j 0.+0.j], Seed dd: [0.+0.j 0.+0.j 0.+0.j 0.+0.j]
F_onsite: 0j
F_swave: 0j, F_dwave: 0j
F_px: 0j, F_py: 0j
Free_energy = -9834.832440472763
------------------------------------------
[{'stable': {}, 'free': np.float64(-9834.832440472763)}]
------------------------------------------
  Seed: uu:px
  Seed uu: [ 7.11290093e-02+2.80423863e-16j -7.11290093e-02-2.79625693e-16j
  1.28348653e-18-2.53549572e-16j -8.90542647e-19+2.50813761e-16j], Seed dd: [0.+0.j 0.+0.j 0.+0.j 0.+0.j]
F_onsite: (6.204466188958926e-21+9.748693976825716e-21j)
F_swave: (-1.832479166989338e-21-6.484609077496921e-22j), F_dwave: (-4.371987021969753e-21+2.0863515203615152e-21j)
F_px: (1.309277368489034e-21+1.3174940684016198e-34j), F_py: (-9.956654501950882e-22-4.4680068699122655e-21j)
Free_energy = -9875.308688533978
------------------------------------------
[{'stable': {'Fuu_px': np.complex128(0.07112899654852678+2.999693596713812e-16j)}, 'free': np.float64(-9875.308688533978)}]
------------------------------------------
  Seed: uu:px+py
  Seed uu: [ 0.03596577-0.03617715j -0.03596577+0.03617715j  0.0362689 +0.03605698j
 -0.0362689 -0.03605698j], Seed dd: [0.+0.j 0.+0.j 0.+0.j 0.+0.j]
F_onsite: (1.3326273607756266e-20+5.673414279274869e-20j)
F_swave: (-2.0800259966893855e-21-1.8285814621782402e-20j), F_dwave: (9.077831348164752e-21+7.187048710688865e-21j)
F_px: (-8.885989578698158e-20+5.897973538981072e-21j), F_py: (-4.867928771833243e-20-2.717783309390642e-20j)
Free_energy = -9876.57345295716
------------------------------------------
[{'stable': {'Fuu_px': np.complex128(0.03596637430590413-0.036177762501215696j), 'Fuu_py': np.complex128(0.03626829441205108+0.03605637722583248j)}, 'free': np.float64(-9876.57345295716)}]
------------------------------------------
  Seed: uu:px+ipy
  Seed uu: [ 5.10777474e-02+1.46920300e-16j -5.10777474e-02-1.31894571e-16j
 -1.67599762e-16+5.10777474e-02j  1.55177706e-16-5.10777474e-02j], Seed dd: [0.+0.j 0.+0.j 0.+0.j 0.+0.j]
F_onsite: (-4.5324850498223114e-20-2.0282249773862616e-20j)
F_swave: (1.3562482575661832e-20+4.7217791410484885e-21j), F_dwave: (5.710814957577675e-21+1.5288336017651237e-20j)
F_px: (-2.9217965676521505e-20-1.9304362099915814e-20j), F_py: (4.414230266969684e-21-2.9061606387257996e-20j)
Free_energy = -9876.573533562467
------------------------------------------
[{'stable': {'Fuu_px': np.complex128(0.03596637430590413-0.036177762501215696j), 'Fuu_py': np.complex128(0.03626829441205108+0.03605637722583248j)}, 'free': np.float64(-9876.57345295716)}, {'stable': {'Fuu_px': np.complex128(0.05107773342871673+1.4812088971437592e-16j), 'Fuu_py': np.complex128(-1.6600101407708535e-16+0.05107773342871782j)}, 'free': np.float64(-9876.573533562467)}]
------------------------------------------
  Seed: dd:px
  Seed uu: [0.+0.j 0.+0.j 0.+0.j 0.+0.j], Seed dd: [ 4.52563551e-02+3.35503398e-17j -4.52563551e-02-3.00286944e-17j
  1.41922025e-18+1.01200405e-15j -8.43797017e-19-1.00764733e-15j]
F_onsite: (6.2715533329842825e-21+9.816835940833148e-35j)
F_swave: (2.9099781183220054e-22-1.504632769052528e-35j), F_dwave: (2.48923373989098e-20-4.81482486096809e-35j)
F_px: (5.717604522399606e-35+1.5615467935160966e-21j), F_py: (-1.023150282955719e-34-1.3656412850013296e-20j)
Free_energy = -9850.282365551913
------------------------------------------
[{'stable': {'Fuu_px': np.complex128(0.03596637430590413-0.036177762501215696j), 'Fuu_py': np.complex128(0.03626829441205108+0.03605637722583248j)}, 'free': np.float64(-9876.57345295716)}, {'stable': {'Fuu_px': np.complex128(0.05107773342871673+1.4812088971437592e-16j), 'Fuu_py': np.complex128(-1.6600101407708535e-16+0.05107773342871782j)}, 'free': np.float64(-9876.573533562467)}]
------------------------------------------
  Seed: dd:px+py
  Seed uu: [0.+0.j 0.+0.j 0.+0.j 0.+0.j], Seed dd: [ 0.02697288+9.93322228e-09j -0.02697288-9.93322227e-09j
  0.02697288-9.93322203e-09j -0.02697288+9.93322204e-09j]
F_onsite: (1.0536136756798097e-20+2.721328240356291e-27j)
F_swave: (8.900854811214255e-22-8.597798068683809e-28j), F_dwave: (9.313110738091289e-21+1.2045658635895019e-26j)
F_px: (2.4125730124321773e-28-6.974492795206332e-21j), F_py: (-8.953900487908353e-29-6.746779703368536e-21j)
Free_energy = -9845.783414261323
------------------------------------------
[{'stable': {'Fuu_px': np.complex128(0.03596637430590413-0.036177762501215696j), 'Fuu_py': np.complex128(0.03626829441205108+0.03605637722583248j)}, 'free': np.float64(-9876.57345295716)}, {'stable': {'Fuu_px': np.complex128(0.05107773342871673+1.4812088971437592e-16j), 'Fuu_py': np.complex128(-1.6600101407708535e-16+0.05107773342871782j)}, 'free': np.float64(-9876.573533562467)}]
------------------------------------------
  Seed: dd:px+ipy
  Seed uu: [0.+0.j 0.+0.j 0.+0.j 0.+0.j], Seed dd: [ 3.44159653e-02-8.32945731e-18j -3.44159653e-02+5.31068482e-18j
  1.08327573e-17+3.44159653e-02j -8.26767684e-18-3.44159653e-02j]
F_onsite: (-1.3339545585112976e-20-1.59209460742737e-22j)
F_swave: (1.0962676192705768e-22+3.454347084738384e-23j), F_dwave: (-5.182724025542894e-21-1.221627206697604e-21j)
F_px: (-3.614924495949687e-24+1.918115558476896e-21j), F_py: (9.491118839511253e-23+1.899849836434866e-21j)
Free_energy = -9852.708189012685
------------------------------------------
[{'stable': {'Fuu_px': np.complex128(0.03596637430590413-0.036177762501215696j), 'Fuu_py': np.complex128(0.03626829441205108+0.03605637722583248j)}, 'free': np.float64(-9876.57345295716)}, {'stable': {'Fuu_px': np.complex128(0.05107773342871673+1.4812088971437592e-16j), 'Fuu_py': np.complex128(-1.6600101407708535e-16+0.05107773342871782j)}, 'free': np.float64(-9876.573533562467)}]
------------------------------------------
  Seed: uu+dd:px
  Seed uu: [ 7.11289774e-02+2.86502965e-16j -7.11289774e-02-2.73363843e-16j
 -9.77939242e-19-2.95552877e-16j  4.33191178e-19+2.74797129e-16j], Seed dd: [ 4.52563551e-02+3.59889476e-17j -4.52563551e-02-3.66259164e-17j
  8.48670765e-19+9.67508455e-16j -8.46976699e-19-9.58512753e-16j]
F_onsite: (1.2335762224081736e-20+1.9544501566368065e-20j)
F_swave: (-3.5747191629829134e-21-5.280565768671412e-21j), F_dwave: (-8.761043061098628e-21+2.6096762274176843e-20j)
F_px: (-1.8277868203249627e-19+3.912045199536573e-35j), F_py: (-2.705667207234417e-22+8.63214389799625e-21j)
Free_energy = -9890.758578947296
------------------------------------------
[{'stable': {'Fuu_px': np.complex128(0.07112897446755578+3.0213675816472734e-16j), 'Fdd_px': np.complex128(0.045256324233777956+3.789553937610815e-17j)}, 'free': np.float64(-9890.758578947296)}]
------------------------------------------
  Seed: uu+dd:px+py
  Seed uu: [ 0.03592282-0.0362198j  -0.03592282+0.0362198j   0.03631166+0.03601392j
 -0.03631166-0.03601392j], Seed dd: [ 0.02433568+0.02433567j -0.02433568-0.02433567j  0.02433569-0.02433566j
 -0.02433569+0.02433566j]
F_onsite: (1.0380425628122438e-21-3.642177073377085e-20j)
F_swave: (-4.510377546645635e-21+8.739381290129609e-21j), F_dwave: (1.6747614553074943e-20+3.609765668173644e-20j)
F_px: (-2.934052910043905e-20+3.894659298172345e-20j), F_py: (-2.9217908766959973e-20-4.388551827546573e-20j)
Free_energy = -9894.449079779852
------------------------------------------
[{'stable': {'Fuu_px': np.complex128(0.035923421372913114-0.03622040882157471j), 'Fuu_py': np.complex128(0.036311052485223705+0.036013321808328905j), 'Fdd_px': np.complex128(0.024335680401887563+0.024335674711204458j), 'Fdd_py': np.complex128(0.02433569038720837-0.024335665042183437j)}, 'free': np.float64(-9894.449079779852)}]
------------------------------------------
  Seed: uu+dd:px+ipy
  Seed uu: [ 5.10777169e-02+1.52032673e-16j -5.10777169e-02-1.58600249e-16j
 -1.61710872e-16+5.10777169e-02j  1.50700767e-16-5.10777169e-02j], Seed dd: [ 3.44159653e-02-1.11442007e-17j -3.44159653e-02+1.15191716e-17j
  1.42953221e-17+3.44159653e-02j -1.22907128e-17-3.44159653e-02j]
F_onsite: (1.5937233744960555e-20-3.8091932072446644e-21j)
F_swave: (-5.017145299335707e-21+7.468853101565116e-21j), F_dwave: (-2.4765567559234367e-20+2.422773520041734e-22j)
F_px: (-6.031117208109871e-20+3.9177400038060496e-21j), F_py: (1.1119352746695648e-20-6.530184431147118e-20j)
Free_energy = -9894.449234381043
------------------------------------------
[{'stable': {'Fuu_px': np.complex128(0.035923421372913114-0.03622040882157471j), 'Fuu_py': np.complex128(0.036311052485223705+0.036013321808328905j), 'Fdd_px': np.complex128(0.024335680401887563+0.024335674711204458j), 'Fdd_py': np.complex128(0.02433569038720837-0.024335665042183437j)}, 'free': np.float64(-9894.449079779852)}, {'stable': {'Fuu_px': np.complex128(0.05107771215432115+1.3240980497134793e-16j), 'Fuu_py': np.complex128(-1.59824449825707e-16+0.05107771215432175j), 'Fdd_px': np.complex128(0.03441593327668749-1.0826722192245264e-17j), 'Fdd_py': np.complex128(1.3778420255189687e-17+0.03441593327668771j)}, 'free': np.float64(-9894.449234381043)}]
------------------------------------------
====================================
mu=0.56, T=0.1005
====================================
  Seed: normal state
  Seed uu: [0.+0.j 0.+0.j 0.+0.j 0.+0.j], Seed dd: [0.+0.j 0.+0.j 0.+0.j 0.+0.j]
F_onsite: 0j
F_swave: 0j, F_dwave: 0j
F_px: 0j, F_py: 0j
Free_energy = -9840.650852753039
------------------------------------------
[{'stable': {}, 'free': np.float64(-9840.650852753039)}]
------------------------------------------
  Seed: uu:px
  Seed uu: [ 7.11289965e-02+3.02100071e-16j -7.11289965e-02-2.97838648e-16j
 -9.68125571e-19-2.60189357e-16j  1.19470688e-18+2.47533891e-16j], Seed dd: [0.+0.j 0.+0.j 0.+0.j 0.+0.j]
F_onsite: (1.0798151636654664e-20+8.453859936083387e-21j)
F_swave: (-2.9643996725029344e-21-7.322043799394427e-22j), F_dwave: (-7.833751964151748e-21+2.3179800975970354e-21j)
F_px: (-6.729142521495192e-21-1.4576129950196365e-35j), F_py: (-3.5951601547323127e-22-1.2021369708868446e-20j)
Free_energy = -9880.302852913508
------------------------------------------
[{'stable': {'Fuu_px': np.complex128(0.07112898773720963+3.055428099945349e-16j)}, 'free': np.float64(-9880.302852913508)}]
------------------------------------------
  Seed: uu:px+py
  Seed uu: [ 0.03596637-0.03617776j -0.03596637+0.03617776j  0.03626829+0.03605638j
 -0.03626829-0.03605638j], Seed dd: [0.+0.j 0.+0.j 0.+0.j 0.+0.j]
F_onsite: (1.1517057132989806e-19+2.3385807410378028e-20j)
F_swave: (-2.5620442937283032e-20-1.501143768871417e-20j), F_dwave: (-3.06505089179926e-20+2.769112923507101e-20j)
F_px: (5.497461457251967e-20-1.494354110065324e-20j), F_py: (8.139934736502608e-20+1.7797463716275103e-20j)
Free_energy = -9881.545248818184
------------------------------------------
[{'stable': {'Fuu_px': np.complex128(0.035966971093012376-0.03617836279720267j), 'Fuu_py': np.complex128(0.0362676957945422+0.03605578210739159j)}, 'free': np.float64(-9881.545248818184)}]
------------------------------------------
  Seed: uu:px+ipy
  Seed uu: [ 5.10777334e-02+1.53533457e-16j -5.10777334e-02-1.42708323e-16j
 -1.72201481e-16+5.10777334e-02j  1.59800548e-16-5.10777334e-02j], Seed dd: [0.+0.j 0.+0.j 0.+0.j 0.+0.j]
F_onsite: (-4.72528963499152e-21+9.911925030036089e-20j)
F_swave: (7.517445992439455e-21-1.3821110673138646e-20j), F_dwave: (-2.7765093077911446e-20+2.1994159883630362e-20j)
F_px: (-3.668622226537761e-20+3.632437417744326e-21j), F_py: (-3.085733200038104e-21-8.341307211505571e-21j)
Free_energy = -9881.54530639043
------------------------------------------
[{'stable': {'Fuu_px': np.complex128(0.035966971093012376-0.03617836279720267j), 'Fuu_py': np.complex128(0.0362676957945422+0.03605578210739159j)}, 'free': np.float64(-9881.545248818184)}, {'stable': {'Fuu_px': np.complex128(0.05107772367853494+1.4032199267120956e-16j), 'Fuu_py': np.complex128(-1.6893203924216085e-16+0.05107772367853596j)}, 'free': np.float64(-9881.54530639043)}]
------------------------------------------
  Seed: dd:px
  Seed uu: [0.+0.j 0.+0.j 0.+0.j 0.+0.j], Seed dd: [ 4.52563242e-02+3.42870996e-17j -4.52563242e-02-3.78719548e-17j
  8.41573555e-19+1.08850288e-15j -1.30664758e-19-1.08215045e-15j]
F_onsite: (3.8791590400136706e-20+2.3356488121804572e-35j)
F_swave: (7.399349687268611e-22+5.64237288394698e-37j), F_dwave: (-1.4141693985090243e-20-1.3353615825341186e-35j)
F_px: (-1.128474576789396e-35+7.154913622854278e-21j), F_py: (-1.4444474582904269e-34-1.4960902296874994e-21j)
Free_energy = -9855.760689395709
------------------------------------------
[{'stable': {'Fuu_px': np.complex128(0.035966971093012376-0.03617836279720267j), 'Fuu_py': np.complex128(0.0362676957945422+0.03605578210739159j)}, 'free': np.float64(-9881.545248818184)}, {'stable': {'Fuu_px': np.complex128(0.05107772367853494+1.4032199267120956e-16j), 'Fuu_py': np.complex128(-1.6893203924216085e-16+0.05107772367853596j)}, 'free': np.float64(-9881.54530639043)}]
------------------------------------------
  Seed: dd:px+py
  Seed uu: [0.+0.j 0.+0.j 0.+0.j 0.+0.j], Seed dd: [ 0.02697285+1.77946518e-08j -0.02697285-1.77946518e-08j
  0.02697285-1.77946516e-08j -0.02697285+1.77946516e-08j]
F_onsite: (1.3167355314388451e-20-7.749898380317732e-26j)
F_swave: (-5.47858837052824e-23+2.0735381335558216e-26j), F_dwave: (-8.387823204276966e-21-2.3975058367380832e-26j)
F_px: (1.3975304764801137e-26+1.1888978328527813e-20j), F_py: (-9.037116175774363e-27+1.219597321858576e-20j)
Free_energy = -9851.363211241844
------------------------------------------
[{'stable': {'Fuu_px': np.complex128(0.035966971093012376-0.03617836279720267j), 'Fuu_py': np.complex128(0.0362676957945422+0.03605578210739159j)}, 'free': np.float64(-9881.545248818184)}, {'stable': {'Fuu_px': np.complex128(0.05107772367853494+1.4032199267120956e-16j), 'Fuu_py': np.complex128(-1.6893203924216085e-16+0.05107772367853596j)}, 'free': np.float64(-9881.54530639043)}]
------------------------------------------
  Seed: dd:px+ipy
  Seed uu: [0.+0.j 0.+0.j 0.+0.j 0.+0.j], Seed dd: [ 3.44159333e-02-3.63170670e-18j -3.44159333e-02+8.38266156e-18j
  1.04878031e-17+3.44159333e-02j -8.55720329e-18-3.44159333e-02j]
F_onsite: (7.105878034011019e-23+5.326711293264678e-21j)
F_swave: (-3.882976151775095e-22-2.5157853695127e-22j), F_dwave: (-4.184504995820198e-21+1.1509823708070418e-21j)
F_px: (3.270967331500922e-22-9.932208954700879e-21j), F_py: (5.627820760787192e-23+3.1578864287392938e-21j)
Free_energy = -9858.132215764572
------------------------------------------
[{'stable': {'Fuu_px': np.complex128(0.035966971093012376-0.03617836279720267j), 'Fuu_py': np.complex128(0.0362676957945422+0.03605578210739159j)}, 'free': np.float64(-9881.545248818184)}, {'stable': {'Fuu_px': np.complex128(0.05107772367853494+1.4032199267120956e-16j), 'Fuu_py': np.complex128(-1.6893203924216085e-16+0.05107772367853596j)}, 'free': np.float64(-9881.54530639043)}]
------------------------------------------
  Seed: uu+dd:px
  Seed uu: [ 7.11289745e-02+3.11306737e-16j -7.11289745e-02-2.92966779e-16j
  2.23544568e-18-3.17443173e-16j -1.84248857e-18+2.97816784e-16j], Seed dd: [ 4.52563242e-02+3.41602564e-17j -4.52563242e-02-4.16308223e-17j
 -4.89902681e-19+1.03802400e-15j  7.26032967e-20-1.03582246e-15j]
F_onsite: (9.6908265618984e-21-7.249844180762644e-20j)
F_swave: (3.280337366545369e-22+1.99290143409385e-20j), F_dwave: (-1.0018860298552663e-20-6.245307669742358e-21j)
F_px: (-1.2423122995278147e-19+3.5208406795829155e-34j), F_py: (-1.0384551822072284e-20-1.0073741777634643e-20j)
Free_energy = -9895.412665914548
------------------------------------------
[{'stable': {'Fuu_px': np.complex128(0.07112897243557599+2.791496074652257e-16j), 'Fdd_px': np.complex128(0.04525630167251571+3.095548080189845e-17j)}, 'free': np.float64(-9895.412665914548)}]
------------------------------------------
  Seed: uu+dd:px+py
  Seed uu: [ 0.03592342-0.03622041j -0.03592342+0.03622041j  0.03631105+0.03601332j
 -0.03631105-0.03601332j], Seed dd: [ 0.02433568+0.02433567j -0.02433568-0.02433567j  0.02433569-0.02433567j
 -0.02433569+0.02433567j]
F_onsite: (-1.693648554105397e-20-4.2397820705874403e-20j)
F_swave: (-1.2744408724811571e-21+2.445405306998678e-21j), F_dwave: (1.759476207437141e-20+3.314004446012737e-20j)
F_px: (-2.94846191967006e-20+1.0499520277789485e-20j), F_py: (-5.823885645949523e-20-3.021690073116402e-20j)
Free_energy = -9899.026524356625
------------------------------------------
[{'stable': {'Fuu_px': np.complex128(0.03592401748095338-0.03622100985778169j), 'Fuu_py': np.complex128(0.03631045312925624+0.036012727366751304j), 'Fdd_px': np.complex128(0.024335678851081722+0.02433567629412965j), 'Fdd_py': np.complex128(0.024335688826075227-0.02433566661478131j)}, 'free': np.float64(-9899.026524356625)}]
------------------------------------------
  Seed: uu+dd:px+ipy
  Seed uu: [ 5.10777122e-02+1.38364738e-16j -5.10777122e-02-1.26454872e-16j
 -1.65993364e-16+5.10777122e-02j  1.53655535e-16-5.10777122e-02j], Seed dd: [ 3.44159333e-02-1.08520802e-17j -3.44159333e-02+1.08013641e-17j
  1.48098946e-17+3.44159333e-02j -1.27469459e-17-3.44159333e-02j]
F_onsite: (3.423174954712122e-20-1.0524022976502161e-20j)
F_swave: (-3.359633020366733e-21-2.0154118807729702e-21j), F_dwave: (5.719723765369931e-20-1.6576797285774587e-20j)
F_px: (-9.999516701560887e-20+1.2349319266577381e-21j), F_py: (1.4250180522632194e-20-1.076391932157599e-20j)
Free_energy = -9899.02663668145
------------------------------------------
[{'stable': {'Fuu_px': np.complex128(0.03592401748095338-0.03622100985778169j), 'Fuu_py': np.complex128(0.03631045312925624+0.036012727366751304j), 'Fdd_px': np.complex128(0.024335678851081722+0.02433567629412965j), 'Fdd_py': np.complex128(0.024335688826075227-0.02433566661478131j)}, 'free': np.float64(-9899.026524356625)}, {'stable': {'Fuu_px': np.complex128(0.05107770885792755+1.3520421960389907e-16j), 'Fuu_py': np.complex128(-1.6158749596585761e-16+0.051077708857928505j), 'Fdd_px': np.complex128(0.0344159097971197-7.447113672259809e-18j), 'Fdd_py': np.complex128(1.425453218088541e-17+0.03441590979711999j)}, 'free': np.float64(-9899.02663668145)}]
------------------------------------------
====================================
mu=0.56, T=0.1088
====================================
  Seed: normal state
  Seed uu: [0.+0.j 0.+0.j 0.+0.j 0.+0.j], Seed dd: [0.+0.j 0.+0.j 0.+0.j 0.+0.j]
F_onsite: 0j
F_swave: 0j, F_dwave: 0j
F_px: 0j, F_py: 0j
Free_energy = -9846.914268191616
------------------------------------------
[{'stable': {}, 'free': np.float64(-9846.914268191616)}]
------------------------------------------
  Seed: uu:px
  Seed uu: [ 7.11289877e-02+3.22657455e-16j -7.11289877e-02-2.88428165e-16j
 -1.37207426e-18-2.59205476e-16j  1.79342021e-18+2.32613882e-16j], Seed dd: [0.+0.j 0.+0.j 0.+0.j 0.+0.j]
F_onsite: (-2.62041577473333e-20+7.00649449345347e-21j)
F_swave: (2.6622005387395324e-21-9.485637082578552e-22j), F_dwave: (2.3541957208593745e-20+6.234530788317328e-21j)
F_px: (-9.125245232477745e-21-2.1817175151261656e-35j), F_py: (4.510522122782269e-23-7.525128701922106e-21j)
Free_energy = -9885.777669854126
------------------------------------------
[{'stable': {'Fuu_px': np.complex128(0.0711289816311583+3.4605279597168224e-16j)}, 'free': np.float64(-9885.777669854126)}]
------------------------------------------
  Seed: uu:px+py
  Seed uu: [ 0.03596697-0.03617836j -0.03596697+0.03617836j  0.0362677 +0.03605578j
 -0.0362677 -0.03605578j], Seed dd: [0.+0.j 0.+0.j 0.+0.j 0.+0.j]
F_onsite: (-8.830780621570397e-21+6.2722562811990884e-21j)
F_swave: (8.704600844970766e-21+1.6945130660087593e-21j), F_dwave: (-4.896289882554857e-20-6.400588044761628e-20j)
F_px: (9.429167772792188e-20+6.025104691333038e-20j), F_py: (7.163052954977637e-20-1.3728127047201325e-20j)
Free_energy = -9886.99813283181
------------------------------------------
[{'stable': {'Fuu_px': np.complex128(0.03596755996617485-0.03617895513234416j), 'Fuu_py': np.complex128(0.036267105093605416+0.03605519485888288j)}, 'free': np.float64(-9886.99813283181)}]
------------------------------------------
  Seed: uu:px+ipy
  Seed uu: [ 5.10777237e-02+1.43947532e-16j -5.10777237e-02-1.36696453e-16j
 -1.75119933e-16+5.10777237e-02j  1.62744146e-16-5.10777237e-02j], Seed dd: [0.+0.j 0.+0.j 0.+0.j 0.+0.j]
F_onsite: (7.91806858158133e-21-9.324657690606396e-20j)
F_swave: (2.683833789963443e-21+1.9966770564183037e-20j), F_dwave: (1.7758411593043107e-20-2.151480761998243e-20j)
F_px: (-7.852530555988287e-20-8.450566131761702e-21j), F_py: (2.4071127480568215e-20-1.2816973569682464e-19j)
Free_energy = -9886.998174505647
------------------------------------------
[{'stable': {'Fuu_px': np.complex128(0.03596755996617485-0.03617895513234416j), 'Fuu_py': np.complex128(0.036267105093605416+0.03605519485888288j)}, 'free': np.float64(-9886.99813283181)}, {'stable': {'Fuu_px': np.complex128(0.05107771688616305+1.606794501766214e-16j), 'Fuu_py': np.complex128(-1.6997825728091792e-16+0.05107771688616382j)}, 'free': np.float64(-9886.998174505647)}]
------------------------------------------
  Seed: dd:px
  Seed uu: [0.+0.j 0.+0.j 0.+0.j 0.+0.j], Seed dd: [ 4.52563017e-02+3.43359628e-17j -4.52563017e-02-2.52443876e-17j
  7.60956533e-19+1.16489185e-15j  8.97888011e-20-1.15681137e-15j]
F_onsite: (5.162144641600628e-21-7.758591600574828e-35j)
F_swave: (3.6597205795615445e-22+4.4386666687049576e-35j), F_dwave: (-4.613205076803671e-21+3.0844971765576824e-35j)
F_px: (4.137740114894452e-35-3.76236891732838e-22j), F_py: (1.1623288140930779e-34-1.7710421977997525e-20j)
Free_energy = -9861.703738554761
------------------------------------------
[{'stable': {'Fuu_px': np.complex128(0.03596755996617485-0.03617895513234416j), 'Fuu_py': np.complex128(0.036267105093605416+0.03605519485888288j)}, 'free': np.float64(-9886.99813283181)}, {'stable': {'Fuu_px': np.complex128(0.05107771688616305+1.606794501766214e-16j), 'Fuu_py': np.complex128(-1.6997825728091792e-16+0.05107771688616382j)}, 'free': np.float64(-9886.998174505647)}]
------------------------------------------
  Seed: dd:px+py
  Seed uu: [0.+0.j 0.+0.j 0.+0.j 0.+0.j], Seed dd: [ 0.02697282+3.18778451e-08j -0.02697282-3.18778451e-08j
  0.02697282-3.18778449e-08j -0.02697282+3.18778449e-08j]
F_onsite: (1.1243596827990356e-20-7.572550385465894e-27j)
F_swave: (-2.3455373374487275e-22+3.490627905888448e-27j), F_dwave: (-7.383310133002967e-21-1.0963077612407574e-26j)
F_px: (6.372339773131433e-26-2.8002790203821136e-21j), F_py: (-5.255494086757388e-26-2.4750092500391936e-21j)
Free_energy = -9857.401565328046
------------------------------------------
[{'stable': {'Fuu_px': np.complex128(0.03596755996617485-0.03617895513234416j), 'Fuu_py': np.complex128(0.036267105093605416+0.03605519485888288j)}, 'free': np.float64(-9886.99813283181)}, {'stable': {'Fuu_px': np.complex128(0.05107771688616305+1.606794501766214e-16j), 'Fuu_py': np.complex128(-1.6997825728091792e-16+0.05107771688616382j)}, 'free': np.float64(-9886.998174505647)}]
------------------------------------------
  Seed: dd:px+ipy
  Seed uu: [0.+0.j 0.+0.j 0.+0.j 0.+0.j], Seed dd: [ 3.44159098e-02+6.90649489e-19j -3.44159098e-02+1.80677422e-18j
  1.00684689e-17+3.44159098e-02j -8.20213767e-18-3.44159098e-02j]
F_onsite: (5.509966768640831e-21+2.687613607839769e-21j)
F_swave: (-2.7833458615739555e-22-4.918911200240253e-22j), F_dwave: (-3.9875266069033544e-22-2.5275831647821827e-21j)
F_px: (-9.262914301526375e-22-7.830182894132633e-21j), F_py: (-1.6600834456622569e-21+4.983531468406876e-21j)
Free_energy = -9864.02426650203
------------------------------------------
[{'stable': {'Fuu_px': np.complex128(0.03596755996617485-0.03617895513234416j), 'Fuu_py': np.complex128(0.036267105093605416+0.03605519485888288j)}, 'free': np.float64(-9886.99813283181)}, {'stable': {'Fuu_px': np.complex128(0.05107771688616305+1.606794501766214e-16j), 'Fuu_py': np.complex128(-1.6997825728091792e-16+0.05107771688616382j)}, 'free': np.float64(-9886.998174505647)}]
------------------------------------------
  Seed: uu+dd:px
  Seed uu: [ 7.11289724e-02+2.82003844e-16j -7.11289724e-02-2.76295371e-16j
  2.28283320e-18-3.17541217e-16j -1.99600667e-18+3.29401266e-16j], Seed dd: [ 4.52563017e-02+3.38024909e-17j -4.52563017e-02-2.81084707e-17j
  2.87031673e-20+1.10316518e-15j  2.27408494e-20-1.09594051e-15j]
F_onsite: (-7.229158476386261e-21-2.5836430695941392e-20j)
F_swave: (2.0803153207471277e-21+9.62033088697026e-21j), F_dwave: (5.148843155639063e-21-2.2392720077910176e-20j)
F_px: (-1.8590821688276108e-19+3.5885491541902793e-34j), F_py: (-7.371233788436995e-21+2.112423579960726e-20j)
Free_energy = -9900.567124096659
------------------------------------------
[{'stable': {'Fuu_px': np.complex128(0.07112897102745724+2.4285466919185257e-16j), 'Fdd_px': np.complex128(0.04525628517386181+3.448414065082106e-17j)}, 'free': np.float64(-9900.567124096659)}]
------------------------------------------
  Seed: uu+dd:px+py
  Seed uu: [ 0.03592402-0.03622101j -0.03592402+0.03622101j  0.03631045+0.03601273j
 -0.03631045-0.03601273j], Seed dd: [ 0.02433568+0.02433568j -0.02433568-0.02433568j  0.02433569-0.02433567j
 -0.02433569+0.02433567j]
F_onsite: (-3.7605582154454836e-21+4.559849907252697e-20j)
F_swave: (5.40910382901752e-21-2.5135051583354795e-21j), F_dwave: (-4.612506991270223e-20-2.9902123867756147e-21j)
F_px: (-3.962554924867626e-20-1.64556403297025e-20j), F_py: (-7.394186420812046e-20-3.802005417160262e-21j)
Free_energy = -9904.108068257505
------------------------------------------
[{'stable': {'Fuu_px': np.complex128(0.035924605683925886-0.036221602923567964j), 'Fuu_py': np.complex128(0.0363098616995019+0.03601214078639578j), 'Fdd_px': np.complex128(0.02433567761344527+0.02433567755738731j), 'Fdd_py': np.complex128(0.02433568757878586-0.024335667868386097j)}, 'free': np.float64(-9904.108068257505)}]
------------------------------------------
  Seed: uu+dd:px+ipy
  Seed uu: [ 5.10777089e-02+1.52758263e-16j -5.10777089e-02-1.17650176e-16j
 -1.67115577e-16+5.10777089e-02j  1.56059415e-16-5.10777089e-02j], Seed dd: [ 3.44159098e-02-4.87345700e-18j -3.44159098e-02+1.00207703e-17j
  1.54459105e-17+3.44159098e-02j -1.30631539e-17-3.44159098e-02j]
F_onsite: (7.265371017931613e-21+3.589989347872912e-20j)
F_swave: (-3.504988786218156e-21+6.893130239225105e-21j), F_dwave: (2.2357982481195064e-20-4.3017069705446463e-20j)
F_px: (-7.289457928400294e-20+2.611949812844013e-20j), F_py: (1.599491476894068e-20-1.2790477378540993e-19j)
Free_energy = -9904.108150384745
------------------------------------------
[{'stable': {'Fuu_px': np.complex128(0.035924605683925886-0.036221602923567964j), 'Fuu_py': np.complex128(0.0363098616995019+0.03601214078639578j), 'Fdd_px': np.complex128(0.02433567761344527+0.02433567755738731j), 'Fdd_py': np.complex128(0.02433568757878586-0.024335667868386097j)}, 'free': np.float64(-9904.108068257505)}, {'stable': {'Fuu_px': np.complex128(0.051077706561525965+1.5099111379570632e-16j), 'Fuu_py': np.complex128(-1.6418876061665517e-16+0.05107770656152695j), 'Fdd_px': np.complex128(0.03441589259240093-6.337050525103446e-18j), 'Fdd_py': np.complex128(1.414658841966969e-17+0.03441589259240145j)}, 'free': np.float64(-9904.108150384745)}]
------------------------------------------
====================================
mu=0.56, T=0.1171
====================================
  Seed: normal state
  Seed uu: [0.+0.j 0.+0.j 0.+0.j 0.+0.j], Seed dd: [0.+0.j 0.+0.j 0.+0.j 0.+0.j]
F_onsite: 0j
F_swave: 0j, F_dwave: 0j
F_px: 0j, F_py: 0j
Free_energy = -9853.618189803141
------------------------------------------
[{'stable': {}, 'free': np.float64(-9853.618189803141)}]
------------------------------------------
  Seed: uu:px
  Seed uu: [ 7.11289816e-02+3.53724453e-16j -7.11289816e-02-3.38381139e-16j
 -4.85157973e-19-2.67094264e-16j  5.63581312e-19+2.59604957e-16j], Seed dd: [0.+0.j 0.+0.j 0.+0.j 0.+0.j]
F_onsite: (-7.69405508787318e-21+1.4795143176297024e-21j)
F_swave: (2.066766466077316e-21+2.1528807122567455e-21j), F_dwave: (5.627288621795914e-21+2.6974602459218756e-21j)
F_px: (1.7710231811575204e-20+4.747116386360726e-34j), F_py: (-1.6761200313249134e-21-6.6785624447346825e-21j)
Free_energy = -9891.727655839486
------------------------------------------
[{'stable': {'Fuu_px': np.complex128(0.07112897739979732+3.2669266682210313e-16j)}, 'free': np.float64(-9891.727655839486)}]
------------------------------------------
  Seed: uu:px+py
  Seed uu: [ 0.03596756-0.03617896j -0.03596756+0.03617896j  0.03626711+0.03605519j
 -0.03626711-0.03605519j], Seed dd: [0.+0.j 0.+0.j 0.+0.j 0.+0.j]
F_onsite: (-6.19905588275215e-20-8.350249540195694e-21j)
F_swave: (4.5474852717888526e-21-5.118975416173665e-21j), F_dwave: (1.475672613647373e-20+4.6768067403555347e-20j)
F_px: (-1.6162025341714225e-21+5.646634049991903e-20j), F_py: (-7.685714765604082e-20-1.2194164903881132e-19j)
Free_energy = -9892.926712528235
------------------------------------------
[{'stable': {'Fuu_px': np.complex128(0.035968141030443046-0.03617953961242121j), 'Fuu_py': np.complex128(0.03626652220465845+0.03605461537644626j)}, 'free': np.float64(-9892.926712528235)}]
------------------------------------------
  Seed: uu:px+ipy
  Seed uu: [ 5.10777169e-02+1.60531431e-16j -5.10777169e-02-1.60827469e-16j
 -1.75978559e-16+5.10777169e-02j  1.63977955e-16-5.10777169e-02j], Seed dd: [0.+0.j 0.+0.j 0.+0.j 0.+0.j]
F_onsite: (-5.065230671208032e-20-4.205499166909624e-20j)
F_swave: (1.3340039161368881e-20+1.0720697569581155e-20j), F_dwave: (7.704121382302714e-21-6.3034169438111285e-21j)
F_px: (-1.2932760946374544e-19+2.5837658498323117e-20j), F_py: (2.2923468805718433e-20-5.145649673208258e-20j)
Free_energy = -9892.926743206774
------------------------------------------
[{'stable': {'Fuu_px': np.complex128(0.035968141030443046-0.03617953961242121j), 'Fuu_py': np.complex128(0.03626652220465845+0.03605461537644626j)}, 'free': np.float64(-9892.926712528235)}, {'stable': {'Fuu_px': np.complex128(0.05107771215432112+1.4133072950205062e-16j), 'Fuu_py': np.complex128(-1.7340762898655456e-16+0.05107771215432177j)}, 'free': np.float64(-9892.926743206774)}]
------------------------------------------
  Seed: dd:px
  Seed uu: [0.+0.j 0.+0.j 0.+0.j 0.+0.j], Seed dd: [ 4.52562852e-02+3.29960096e-17j -4.52562852e-02-3.72646322e-17j
  4.18943819e-19+1.27127316e-15j -7.12857634e-19-1.26255740e-15j]
F_onsite: (1.4090122184082278e-20-2.729020675817198e-34j)
F_swave: (4.831426181967183e-22+9.027796614315168e-35j), F_dwave: (1.4864401840096685e-21+2.6030146904608735e-34j)
F_px: (1.504632769052528e-35+6.810780752697802e-21j), F_py: (-8.012169495204712e-35-1.9603268123958563e-20j)
Free_energy = -9868.105356612845
------------------------------------------
[{'stable': {'Fuu_px': np.complex128(0.035968141030443046-0.03617953961242121j), 'Fuu_py': np.complex128(0.03626652220465845+0.03605461537644626j)}, 'free': np.float64(-9892.926712528235)}, {'stable': {'Fuu_px': np.complex128(0.05107771215432112+1.4133072950205062e-16j), 'Fuu_py': np.complex128(-1.7340762898655456e-16+0.05107771215432177j)}, 'free': np.float64(-9892.926743206774)}]
------------------------------------------
  Seed: dd:px+py
  Seed uu: [0.+0.j 0.+0.j 0.+0.j 0.+0.j], Seed dd: [ 0.02697281+5.71068897e-08j -0.02697281-5.71068896e-08j
  0.02697281-5.71068894e-08j -0.02697281+5.71068894e-08j]
F_onsite: (5.298290517822139e-22-1.9293299111129415e-25j)
F_swave: (-6.704498011916584e-22+5.0814738130164386e-26j), F_dwave: (-1.6816976696316882e-21-1.8330856734663732e-27j)
F_px: (-1.1336069635989828e-25+7.799620335096152e-22j), F_py: (1.3595132291594915e-25+5.569741379690492e-22j)
Free_energy = -9863.892877184877
------------------------------------------
[{'stable': {'Fuu_px': np.complex128(0.035968141030443046-0.03617953961242121j), 'Fuu_py': np.complex128(0.03626652220465845+0.03605461537644626j)}, 'free': np.float64(-9892.926712528235)}, {'stable': {'Fuu_px': np.complex128(0.05107771215432112+1.4133072950205062e-16j), 'Fuu_py': np.complex128(-1.7340762898655456e-16+0.05107771215432177j)}, 'free': np.float64(-9892.926743206774)}]
------------------------------------------
  Seed: dd:px+ipy
  Seed uu: [0.+0.j 0.+0.j 0.+0.j 0.+0.j], Seed dd: [ 3.44158926e-02+5.17023617e-18j -3.44158926e-02+4.52262654e-19j
  9.73209093e-18+3.44158926e-02j -7.11915310e-18-3.44158926e-02j]
F_onsite: (1.010994460848556e-20+1.0211271058140808e-20j)
F_swave: (-4.150258350157848e-21-2.576716019203301e-21j), F_dwave: (-7.302819657113566e-21+2.9446852370310568e-21j)
F_px: (1.2253898625236102e-21+4.074740908791587e-21j), F_py: (3.653297999011087e-21+1.1813775604288766e-21j)
Free_energy = -9870.377875958517
------------------------------------------
[{'stable': {'Fuu_px': np.complex128(0.035968141030443046-0.03617953961242121j), 'Fuu_py': np.complex128(0.03626652220465845+0.03605461537644626j)}, 'free': np.float64(-9892.926712528235)}, {'stable': {'Fuu_px': np.complex128(0.05107771215432112+1.4133072950205062e-16j), 'Fuu_py': np.complex128(-1.7340762898655456e-16+0.05107771215432177j)}, 'free': np.float64(-9892.926743206774)}]
------------------------------------------
  Seed: uu+dd:px
  Seed uu: [ 7.11289710e-02+2.54364682e-16j -7.11289710e-02-2.31344656e-16j
  6.62637845e-19-3.42035557e-16j  2.65108078e-19+3.22835226e-16j], Seed dd: [ 4.52562852e-02+2.68401977e-17j -4.52562852e-02-4.21280836e-17j
  2.32573410e-19+1.20651426e-15j -1.35128225e-19-1.19841641e-15j]
F_onsite: (-1.5191225178275002e-20+2.7642886106527965e-20j)
F_swave: (2.253030318166401e-21-6.267770623737609e-21j), F_dwave: (1.2938194860108365e-20-8.491326292138962e-21j)
F_px: (-2.644029309586183e-19+2.0162079105303875e-34j), F_py: (-1.2529221699682764e-20+1.1888631562702867e-20j)
Free_energy = -9906.21481165738
------------------------------------------
[{'stable': {'Fuu_px': np.complex128(0.07112897005166142+2.5149948745152996e-16j), 'Fdd_px': np.complex128(0.045256273108685324+2.2013406917294003e-17j)}, 'free': np.float64(-9906.21481165738)}]
------------------------------------------
  Seed: uu+dd:px+py
  Seed uu: [ 0.03592461-0.0362216j  -0.03592461+0.0362216j   0.03630986+0.03601214j
 -0.03630986-0.03601214j], Seed dd: [ 0.02433568+0.02433568j -0.02433568-0.02433568j  0.02433569-0.02433567j
 -0.02433569+0.02433567j]
F_onsite: (5.555193630577791e-20-1.2357996533927979e-20j)
F_swave: (-1.0049831224767746e-20+4.494676315576168e-21j), F_dwave: (2.6178020635060085e-20-3.2703597452810557e-20j)
F_px: (-5.216975921513549e-20+5.402768999957535e-20j), F_py: (-7.023092916804294e-20-9.069912256997539e-20j)
Free_energy = -9909.686353457813
------------------------------------------
[{'stable': {'Fuu_px': np.complex128(0.0359251860868003-0.0362221881247709j), 'Fuu_py': np.complex128(0.03630927809128573+0.03601156196344667j), 'Fdd_px': np.complex128(0.02433567662587983+0.024335678565676443j), 'Fdd_py': np.complex128(0.024335686582197872-0.024335668867652593j)}, 'free': np.float64(-9909.686353457813)}]
------------------------------------------
  Seed: uu+dd:px+ipy
  Seed uu: [ 5.10777066e-02+1.57972703e-16j -5.10777066e-02-1.44009524e-16j
 -1.71327184e-16+5.10777066e-02j  1.57050338e-16-5.10777066e-02j], Seed dd: [ 3.44158926e-02-9.49084536e-18j -3.44158926e-02+3.18325569e-18j
  1.52001651e-17+3.44158926e-02j -1.30930118e-17-3.44158926e-02j]
F_onsite: (-2.4042967708924633e-20-3.6677381332995513e-20j)
F_swave: (1.3727911009678983e-20+5.452068271429859e-21j), F_dwave: (-2.3474330348342964e-20+4.925423637141887e-21j)
F_px: (-4.558710202211011e-20-3.114829885611765e-20j), F_py: (-4.133685815033978e-20-1.4212319849890986e-20j)
Free_energy = -9909.686413985371
------------------------------------------
[{'stable': {'Fuu_px': np.complex128(0.0359251860868003-0.0362221881247709j), 'Fuu_py': np.complex128(0.03630927809128573+0.03601156196344667j), 'Fdd_px': np.complex128(0.02433567662587983+0.024335678565676443j), 'Fdd_py': np.complex128(0.024335686582197872-0.024335668867652593j)}, 'free': np.float64(-9909.686353457813)}, {'stable': {'Fuu_px': np.complex128(0.05107770496175915+1.5571078137780728e-16j), 'Fuu_py': np.complex128(-1.6956908742783488e-16+0.05107770496176009j), 'Fdd_px': np.complex128(0.03441587998559268-8.713904384437818e-18j), 'Fdd_py': np.complex128(1.3611448885462183e-17+0.03441587998559319j)}, 'free': np.float64(-9909.686413985371)}]
------------------------------------------
====================================
mu=0.56, T=0.1254
====================================
  Seed: normal state
  Seed uu: [0.+0.j 0.+0.j 0.+0.j 0.+0.j], Seed dd: [0.+0.j 0.+0.j 0.+0.j 0.+0.j]
F_onsite: 0j
F_swave: 0j, F_dwave: 0j
F_px: 0j, F_py: 0j
Free_energy = -9860.758685067649
------------------------------------------
[{'stable': {}, 'free': np.float64(-9860.758685067649)}]
------------------------------------------
  Seed: uu:px
  Seed uu: [ 7.11289774e-02+3.35654434e-16j -7.11289774e-02-3.17730899e-16j
  2.27295997e-19-3.09856881e-16j -1.22608681e-18+2.94165596e-16j], Seed dd: [0.+0.j 0.+0.j 0.+0.j 0.+0.j]
F_onsite: (-1.0701160429424753e-20+9.33537702822773e-21j)
F_swave: (3.214645367431906e-21+4.7960890567233e-22j), F_dwave: (7.486515061992792e-21+1.4652118280724053e-21j)
F_px: (6.0408041143143295e-21+1.4519706221356895e-34j), F_py: (6.097767194185472e-22-2.1281795372845683e-20j)
Free_energy = -9898.147427348084
------------------------------------------
[{'stable': {'Fuu_px': np.complex128(0.07112897446755578+3.6330995407146574e-16j)}, 'free': np.float64(-9898.147427348084)}]
------------------------------------------
  Seed: uu:px+py
  Seed uu: [ 0.03596814-0.03617954j -0.03596814+0.03617954j  0.03626652+0.03605462j
 -0.03626652-0.03605462j], Seed dd: [0.+0.j 0.+0.j 0.+0.j 0.+0.j]
F_onsite: (-1.0942888649974345e-19+1.2220041705306725e-19j)
F_swave: (1.7433654230191028e-20-2.7503462020050783e-20j), F_dwave: (2.926645188758416e-20+1.1406310855590135e-20j)
F_px: (-3.892226734563975e-21+5.702220041792886e-20j), F_py: (2.784066147804866e-20-1.227916756719323e-19j)
Free_energy = -9899.325661708508
------------------------------------------
[{'stable': {'Fuu_px': np.complex128(0.035968714389480294-0.03618011634178577j), 'Fuu_py': np.complex128(0.036265947024506355+0.03605404355756855j)}, 'free': np.float64(-9899.325661708508)}]
------------------------------------------
  Seed: uu:px+ipy
  Seed uu: [ 5.10777122e-02+1.45855685e-16j -5.10777122e-02-1.36805774e-16j
 -1.79464629e-16+5.10777122e-02j  1.67350629e-16-5.10777122e-02j], Seed dd: [0.+0.j 0.+0.j 0.+0.j 0.+0.j]
F_onsite: (6.755039857728549e-20-1.000932987849583e-19j)
F_swave: (-1.864810003303427e-20+2.60845829726109e-20j), F_dwave: (-6.002906557020179e-20-4.238288197072169e-20j)
F_px: (2.4716137172842174e-20-6.0222971455696134e-21j), F_py: (5.88724619649023e-20+4.1785307563131016e-20j)
Free_energy = -9899.325684760084
------------------------------------------
[{'stable': {'Fuu_px': np.complex128(0.035968714389480294-0.03618011634178577j), 'Fuu_py': np.complex128(0.036265947024506355+0.03605404355756855j)}, 'free': np.float64(-9899.325661708508)}, {'stable': {'Fuu_px': np.complex128(0.05107770885792751+1.434956133663346e-16j), 'Fuu_py': np.complex128(-1.7381097548812522e-16+0.051077708857928505j)}, 'free': np.float64(-9899.325684760084)}]
------------------------------------------
  Seed: dd:px
  Seed uu: [0.+0.j 0.+0.j 0.+0.j 0.+0.j], Seed dd: [ 4.52562731e-02+2.73404236e-17j -4.52562731e-02-3.91328163e-17j
  1.60157056e-18+1.38886833e-15j -4.76310449e-19-1.37360046e-15j]
F_onsite: (-2.6091268267088342e-20-2.2720240416098072e-34j)
F_swave: (6.743715116320546e-23+6.58276836460481e-35j), F_dwave: (-3.1032927324131745e-20+1.8619830517025034e-34j)
F_px: (7.52316384526264e-35+2.6179918107589493e-21j), F_py: (1.925929944387236e-34-6.080604603977516e-21j)
Free_energy = -9874.960044800573
------------------------------------------
[{'stable': {'Fuu_px': np.complex128(0.035968714389480294-0.03618011634178577j), 'Fuu_py': np.complex128(0.036265947024506355+0.03605404355756855j)}, 'free': np.float64(-9899.325661708508)}, {'stable': {'Fuu_px': np.complex128(0.05107770885792751+1.434956133663346e-16j), 'Fuu_py': np.complex128(-1.7381097548812522e-16+0.051077708857928505j)}, 'free': np.float64(-9899.325684760084)}]
------------------------------------------
  Seed: dd:px+py
  Seed uu: [0.+0.j 0.+0.j 0.+0.j 0.+0.j], Seed dd: [ 0.02697279+1.02302942e-07j -0.02697279-1.02302942e-07j
  0.02697279-1.02302941e-07j -0.02697279+1.02302941e-07j]
F_onsite: (-6.250495454272545e-21+1.9904807438803421e-25j)
F_swave: (8.760772055572574e-22-5.285277287279074e-26j), F_dwave: (-1.392751148020029e-20+6.625009091094583e-26j)
F_px: (4.15331409441162e-25+3.3367757848390635e-21j), F_py: (-4.0873366218650733e-25+2.5548936491528625e-21j)
Free_energy = -9870.832166774317
------------------------------------------
[{'stable': {'Fuu_px': np.complex128(0.035968714389480294-0.03618011634178577j), 'Fuu_py': np.complex128(0.036265947024506355+0.03605404355756855j)}, 'free': np.float64(-9899.325661708508)}, {'stable': {'Fuu_px': np.complex128(0.05107770885792751+1.434956133663346e-16j), 'Fuu_py': np.complex128(-1.7381097548812522e-16+0.051077708857928505j)}, 'free': np.float64(-9899.325684760084)}]
------------------------------------------
  Seed: dd:px+ipy
  Seed uu: [0.+0.j 0.+0.j 0.+0.j 0.+0.j], Seed dd: [ 3.44158800e-02-1.58501040e-18j -3.44158800e-02-6.36741136e-18j
  9.71192095e-18+3.44158800e-02j -6.64444408e-18-3.44158800e-02j]
F_onsite: (1.958452986620936e-21+2.5104763917365555e-21j)
F_swave: (-1.8143009294474568e-21-9.080749014770196e-22j), F_dwave: (-1.2554207083362092e-20-2.384715959996672e-21j)
F_px: (8.037071732119225e-22+1.9366621617910543e-20j), F_py: (-3.025743974200236e-21+2.5544585132369278e-21j)
Free_energy = -9877.187263631484
------------------------------------------
[{'stable': {'Fuu_px': np.complex128(0.035968714389480294-0.03618011634178577j), 'Fuu_py': np.complex128(0.036265947024506355+0.03605404355756855j)}, 'free': np.float64(-9899.325661708508)}, {'stable': {'Fuu_px': np.complex128(0.05107770885792751+1.434956133663346e-16j), 'Fuu_py': np.complex128(-1.7381097548812522e-16+0.051077708857928505j)}, 'free': np.float64(-9899.325684760084)}]
------------------------------------------
  Seed: uu+dd:px
  Seed uu: [ 7.11289701e-02+2.59974370e-16j -7.11289701e-02-2.43024605e-16j
  3.98767230e-20-3.39633001e-16j  1.99629784e-18+3.38752616e-16j], Seed dd: [ 4.52562731e-02+2.09566539e-17j -4.52562731e-02-2.30701599e-17j
  4.66304872e-19+1.31009580e-15j -1.17832540e-18-1.29138770e-15j]
F_onsite: (-3.625287712090434e-21-3.622185646942179e-20j)
F_swave: (9.140260404589985e-22+8.625220672811261e-21j), F_dwave: (2.711261671631578e-21-3.2978681193973744e-20j)
F_px: (-1.1307858033050846e-19+9.027796614315168e-35j), F_py: (-8.842540450629997e-22-9.026979933446614e-21j)
Free_energy = -9912.34877958588
------------------------------------------
[{'stable': {'Fuu_px': np.complex128(0.07112896937545596+2.5489248967999387e-16j), 'Fdd_px': np.complex128(0.04525626428563214+2.3976141074759827e-17j)}, 'free': np.float64(-9912.34877958588)}]
------------------------------------------
  Seed: uu+dd:px+py
  Seed uu: [ 0.03592519-0.03622219j -0.03592519+0.03622219j  0.03630928+0.03601156j
 -0.03630928-0.03601156j], Seed dd: [ 0.02433568+0.02433568j -0.02433568-0.02433568j  0.02433569-0.02433567j
 -0.02433569+0.02433567j]
F_onsite: (-2.311949783944073e-21+5.93616369717643e-20j)
F_swave: (-3.155427590382206e-21-5.231831330761529e-21j), F_dwave: (-3.8971601062604875e-20+3.9139600362268044e-21j)
F_px: (-2.3561330223107558e-20+6.387142405780521e-20j), F_py: (9.72934819259932e-21-5.902046474990584e-20j)
Free_energy = -9915.754207732756
------------------------------------------
[{'stable': {'Fuu_px': np.complex128(0.035925758793148854-0.0362227655658188j), 'Fuu_py': np.complex128(0.036308702201312465+0.036010990795454806j), 'Fdd_px': np.complex128(0.024335675837981276+0.024335679370582574j), 'Fdd_py': np.complex128(0.024335685785865934-0.024335669664125256j)}, 'free': np.float64(-9915.754207732756)}]
------------------------------------------
  Seed: uu+dd:px+ipy
  Seed uu: [ 5.10777050e-02+1.60356095e-16j -5.10777050e-02-1.51065467e-16j
 -1.76387835e-16+5.10777050e-02j  1.62750340e-16-5.10777050e-02j], Seed dd: [ 3.44158800e-02-9.38883082e-18j -3.44158800e-02+8.03897794e-18j
  1.43379914e-17+3.44158800e-02j -1.28849064e-17-3.44158800e-02j]
F_onsite: (-8.967749609440389e-21-3.694479797737476e-20j)
F_swave: (9.286554517104166e-21-2.773990652443587e-22j), F_dwave: (-1.377961965918889e-20+3.6902289948938626e-20j)
F_px: (-9.666603236585505e-20+2.2603953828867288e-20j), F_py: (-3.054341874694981e-20-1.1409218881987797e-19j)
Free_energy = -9915.754252782743
------------------------------------------
[{'stable': {'Fuu_px': np.complex128(0.035925758793148854-0.0362227655658188j), 'Fuu_py': np.complex128(0.036308702201312465+0.036010990795454806j), 'Fdd_px': np.complex128(0.024335675837981276+0.024335679370582574j), 'Fdd_py': np.complex128(0.024335685785865934-0.024335669664125256j)}, 'free': np.float64(-9915.754207732756)}, {'stable': {'Fuu_px': np.complex128(0.051077703847296686+1.5588092912108698e-16j), 'Fuu_py': np.complex128(-1.7354982464257488e-16+0.05107770384729745j), 'Fdd_px': np.complex128(0.03441587074791522-3.211578359073883e-19j), 'Fdd_py': np.complex128(1.409746050872894e-17+0.034415870747915814j)}, 'free': np.float64(-9915.754252782743)}]
------------------------------------------
====================================
mu=0.56, T=0.1337
====================================
  Seed: normal state
  Seed uu: [0.+0.j 0.+0.j 0.+0.j 0.+0.j], Seed dd: [0.+0.j 0.+0.j 0.+0.j 0.+0.j]
F_onsite: 0j
F_swave: 0j, F_dwave: 0j
F_px: 0j, F_py: 0j
Free_energy = -9868.332307083565
------------------------------------------
[{'stable': {}, 'free': np.float64(-9868.332307083565)}]
------------------------------------------
  Seed: uu:px
  Seed uu: [ 7.11289745e-02+3.75027543e-16j -7.11289745e-02-3.51592365e-16j
  3.28178945e-19-3.27814509e-16j -7.88422238e-19+3.01886142e-16j], Seed dd: [0.+0.j 0.+0.j 0.+0.j 0.+0.j]
F_onsite: (5.6085953585075196e-21-9.3184078610847e-21j)
F_swave: (-4.955313567742652e-21+3.28188025270602e-21j), F_dwave: (-6.532817907645221e-22+3.122839971152008e-21j)
F_px: (3.100924428573564e-20+9.001465540856749e-34j), F_py: (-4.1567025115196496e-22+1.190547847369944e-21j)
Free_energy = -9905.031847811286
------------------------------------------
[{'stable': {'Fuu_px': np.complex128(0.07112897243557598+3.4728366719294075e-16j)}, 'free': np.float64(-9905.031847811286)}]
------------------------------------------
  Seed: uu:px+py
  Seed uu: [ 0.03596871-0.03618012j -0.03596871+0.03618012j  0.03626595+0.03605404j
 -0.03626595-0.03605404j], Seed dd: [0.+0.j 0.+0.j 0.+0.j 0.+0.j]
F_onsite: (2.2053172966017197e-20+6.302230149719276e-20j)
F_swave: (-8.67240644960277e-21-1.781283793312977e-20j), F_dwave: (-5.887628589931173e-20+5.726217596888136e-21j)
F_px: (6.945101416917026e-20-3.3678628025727314e-20j), F_py: (2.8711238537523656e-20+1.1111593913640302e-20j)
Free_energy = -9906.189875832399
------------------------------------------
[{'stable': {'Fuu_px': np.complex128(0.035969280145576696-0.036180685423386344j), 'Fuu_py': np.complex128(0.03626537945132003+0.036053479301071806j)}, 'free': np.float64(-9906.189875832399)}]
------------------------------------------
  Seed: uu:px+ipy
  Seed uu: [ 5.10777089e-02+1.52526705e-16j -5.10777089e-02-1.34464522e-16j
 -1.79640971e-16+5.10777089e-02j  1.67980980e-16-5.10777089e-02j], Seed dd: [0.+0.j 0.+0.j 0.+0.j 0.+0.j]
F_onsite: (-7.434924583293746e-20-3.52176572073449e-20j)
F_swave: (2.5085513108347317e-20+7.835681352415525e-21j), F_dwave: (3.5972255045674296e-20-2.1280725281625927e-20j)
F_px: (7.846255202160118e-21+3.3449090718134655e-20j), F_py: (4.568704257080547e-20+6.639375622741168e-21j)
Free_energy = -9906.189893570787
------------------------------------------
[{'stable': {'Fuu_px': np.complex128(0.035969280145576696-0.036180685423386344j), 'Fuu_py': np.complex128(0.03626537945132003+0.036053479301071806j)}, 'free': np.float64(-9906.189875832399)}, {'stable': {'Fuu_px': np.complex128(0.05107770656152594+1.5057233541262787e-16j), 'Fuu_py': np.complex128(-1.7539463593191514e-16+0.05107770656152695j)}, 'free': np.float64(-9906.189893570787)}]
------------------------------------------
  Seed: dd:px
  Seed uu: [0.+0.j 0.+0.j 0.+0.j 0.+0.j], Seed dd: [ 4.52562643e-02+1.69847576e-17j -4.52562643e-02-1.26460431e-17j
  6.04973430e-19+1.48416150e-15j -1.34068441e-18-1.47275895e-15j]
F_onsite: (6.966103865079965e-20+1.3488588408813962e-34j)
F_swave: (1.439392356295351e-21+2.633107345841924e-36j), F_dwave: (-3.2191999389258958e-21-7.786474579846832e-35j)
F_px: (-7.504355935649483e-35-1.4335561052560793e-21j), F_py: (3.009265538105056e-35-1.0272948484120044e-20j)
Free_energy = -9882.262915812147
------------------------------------------
[{'stable': {'Fuu_px': np.complex128(0.035969280145576696-0.036180685423386344j), 'Fuu_py': np.complex128(0.03626537945132003+0.036053479301071806j)}, 'free': np.float64(-9906.189875832399)}, {'stable': {'Fuu_px': np.complex128(0.05107770656152594+1.5057233541262787e-16j), 'Fuu_py': np.complex128(-1.7539463593191514e-16+0.05107770656152695j)}, 'free': np.float64(-9906.189893570787)}]
------------------------------------------
  Seed: dd:px+py
  Seed uu: [0.+0.j 0.+0.j 0.+0.j 0.+0.j], Seed dd: [ 0.02697278+1.83268483e-07j -0.02697278-1.83268483e-07j
  0.02697278-1.83268483e-07j -0.02697278+1.83268483e-07j]
F_onsite: (-1.0401512067774438e-20+3.0141386066708113e-26j)
F_swave: (-5.799852849233591e-23+9.802478864286844e-27j), F_dwave: (-1.6624589172900572e-21+1.429339436917358e-25j)
F_px: (-8.59710587834068e-25+5.6849220606667e-21j), F_py: (7.944999396133576e-25+5.924258475314313e-21j)
Free_energy = -9878.215018009356
------------------------------------------
[{'stable': {'Fuu_px': np.complex128(0.035969280145576696-0.036180685423386344j), 'Fuu_py': np.complex128(0.03626537945132003+0.036053479301071806j)}, 'free': np.float64(-9906.189875832399)}, {'stable': {'Fuu_px': np.complex128(0.05107770656152594+1.5057233541262787e-16j), 'Fuu_py': np.complex128(-1.7539463593191514e-16+0.05107770656152695j)}, 'free': np.float64(-9906.189893570787)}]
------------------------------------------
  Seed: dd:px+ipy
  Seed uu: [0.+0.j 0.+0.j 0.+0.j 0.+0.j], Seed dd: [ 3.44158707e-02+5.99492862e-18j -3.44158707e-02-6.53125930e-18j
  1.02072235e-17+3.44158707e-02j -7.08712467e-18-3.44158707e-02j]
F_onsite: (-1.0358737536524377e-20+3.0218184232660212e-21j)
F_swave: (2.148266954877687e-21-1.21330470332706e-22j), F_dwave: (1.1635411430670343e-20-2.1077641137826145e-21j)
F_px: (-3.1620974753424746e-22-6.461162297799398e-21j), F_py: (1.2425460930005299e-21-2.0745366072692287e-20j)
Free_energy = -9884.447289406928
------------------------------------------
[{'stable': {'Fuu_px': np.complex128(0.035969280145576696-0.036180685423386344j), 'Fuu_py': np.complex128(0.03626537945132003+0.036053479301071806j)}, 'free': np.float64(-9906.189875832399)}, {'stable': {'Fuu_px': np.complex128(0.05107770656152594+1.5057233541262787e-16j), 'Fuu_py': np.complex128(-1.7539463593191514e-16+0.05107770656152695j)}, 'free': np.float64(-9906.189893570787)}]
------------------------------------------
  Seed: uu+dd:px
  Seed uu: [ 7.11289694e-02+2.67814983e-16j -7.11289694e-02-2.41969996e-16j
 -2.10831795e-19-3.67657139e-16j  1.48806483e-19+3.48947769e-16j], Seed dd: [ 4.52562643e-02+2.04929563e-17j -4.52562643e-02-2.74593258e-17j
 -8.06567272e-20+1.40345778e-15j -3.56878803e-20-1.39230056e-15j]
F_onsite: (-1.838272188831082e-20+4.302279887263753e-20j)
F_swave: (2.8172413263981493e-22-1.0919978249336258e-20j), F_dwave: (1.8100997755670946e-20-3.6684674131667274e-21j)
F_px: (-2.4778917697122326e-19+8.711823732814137e-34j), F_py: (-7.885759092930752e-22-1.5953988379472033e-20j)
Free_energy = -9918.962451428602
------------------------------------------
[{'stable': {'Fuu_px': np.complex128(0.07112896890686024+2.5905057441806523e-16j), 'Fdd_px': np.complex128(0.045256257833486496+1.931753927419998e-17j)}, 'free': np.float64(-9918.962451428602)}]
------------------------------------------
  Seed: uu+dd:px+py
  Seed uu: [ 0.03592576-0.03622277j -0.03592576+0.03622277j  0.0363087 +0.03601099j
 -0.0363087 -0.03601099j], Seed dd: [ 0.02433568+0.02433568j -0.02433568-0.02433568j  0.02433569-0.02433567j
 -0.02433569+0.02433567j]
F_onsite: (3.172929964617241e-20+4.912674678781629e-20j)
F_swave: (-2.068787192457919e-20-1.2663631290493504e-20j), F_dwave: (-1.9142728507206655e-20+2.4715160875526792e-20j)
F_px: (-1.2084867619903658e-19+1.550796347042264e-20j), F_py: (-9.361199091599723e-20+2.983570410913432e-20j)
Free_energy = -9922.304834733672
------------------------------------------
[{'stable': {'Fuu_px': np.complex128(0.03592632390516481-0.03622333534974992j), 'Fuu_py': np.complex128(0.036308133927646626+0.03601042718132064j), 'Fdd_px': np.complex128(0.02433567520949007+0.02433568001323933j), 'Fdd_py': np.complex128(0.024335685149491977-0.02433567029889922j)}, 'free': np.float64(-9922.304834733672)}]
------------------------------------------
  Seed: uu+dd:px+ipy
  Seed uu: [ 5.10777038e-02+1.55501485e-16j -5.10777038e-02-1.56260373e-16j
 -1.79220843e-16+5.10777038e-02j  1.67878807e-16-5.10777038e-02j], Seed dd: [ 3.44158707e-02+5.32995482e-19j -3.44158707e-02+1.17531115e-18j
  1.49993653e-17+3.44158707e-02j -1.31955557e-17-3.44158707e-02j]
F_onsite: (-3.217928007909429e-20-8.171336374536154e-20j)
F_swave: (3.524752350113515e-21+7.466939106816882e-21j), F_dwave: (1.384691504003168e-20+2.3987776930006122e-20j)
F_px: (-5.1279173299530155e-20+5.907846185074437e-20j), F_py: (6.581062586276674e-20-4.691403918435584e-20j)
Free_energy = -9922.304868667014
------------------------------------------
[{'stable': {'Fuu_px': np.complex128(0.03592632390516481-0.03622333534974992j), 'Fuu_py': np.complex128(0.036308133927646626+0.03601042718132064j), 'Fdd_px': np.complex128(0.02433567520949007+0.02433568001323933j), 'Fdd_py': np.complex128(0.024335685149491977-0.02433567029889922j)}, 'free': np.float64(-9922.304834733672)}, {'stable': {'Fuu_px': np.complex128(0.051077703070916754+1.4776873576655494e-16j), 'Fuu_py': np.complex128(-1.7655043885822324e-16+0.05107770307091733j), 'Fdd_px': np.complex128(0.03441586397897821-3.747591396008245e-19j), 'Fdd_py': np.complex128(1.3321763617501212e-17+0.034415863978978806j)}, 'free': np.float64(-9922.304868667014)}]
------------------------------------------
====================================
mu=0.56, T=0.1420
====================================
  Seed: normal state
  Seed uu: [0.+0.j 0.+0.j 0.+0.j 0.+0.j], Seed dd: [0.+0.j 0.+0.j 0.+0.j 0.+0.j]
F_onsite: 0j
F_swave: 0j, F_dwave: 0j
F_px: 0j, F_py: 0j
Free_energy = -9876.336019565239
------------------------------------------
[{'stable': {}, 'free': np.float64(-9876.336019565239)}]
------------------------------------------
  Seed: uu:px
  Seed uu: [ 7.11289724e-02+3.56037382e-16j -7.11289724e-02-3.38529952e-16j
  1.52274025e-18-3.32704960e-16j -4.36685189e-19+3.38129729e-16j], Seed dd: [0.+0.j 0.+0.j 0.+0.j 0.+0.j]
F_onsite: (3.14531298114865e-21+2.3572295962586197e-21j)
F_swave: (-1.3164812712432414e-21-8.328115635829612e-22j), F_dwave: (-1.8288317099054515e-21+1.358225057353749e-20j)
F_px: (3.582359019789619e-20+5.815405652388021e-34j), F_py: (-3.352677569365428e-22-2.585397385887204e-21j)
Free_energy = -9912.376097007062
------------------------------------------
[{'stable': {'Fuu_px': np.complex128(0.07112897102745722+3.163404948385571e-16j)}, 'free': np.float64(-9912.376097007062)}]
------------------------------------------
  Seed: uu:px+py
  Seed uu: [ 0.03596928-0.03618069j -0.03596928+0.03618069j  0.03626538+0.03605348j
 -0.03626538-0.03605348j], Seed dd: [0.+0.j 0.+0.j 0.+0.j 0.+0.j]
F_onsite: (-2.830008801094042e-20-9.829939470313677e-21j)
F_swave: (-2.8146697595207126e-21+1.746281408324666e-20j), F_dwave: (-3.6752519701942874e-20+3.3158335624739333e-21j)
F_px: (5.665057951753542e-20-8.182374658485263e-21j), F_py: (-1.6934403585108601e-21-3.822684224056337e-20j)
Free_energy = -9913.514548259094
------------------------------------------
[{'stable': {'Fuu_px': np.complex128(0.035969838399666665-0.03618124695879009j), 'Fuu_py': np.complex128(0.036264819384617335+0.03605292250710051j)}, 'free': np.float64(-9913.514548259094)}]
------------------------------------------
  Seed: uu:px+ipy
  Seed uu: [ 5.10777066e-02+1.58801208e-16j -5.10777066e-02-1.42343463e-16j
 -1.82108007e-16+5.10777066e-02j  1.68681265e-16-5.10777066e-02j], Seed dd: [0.+0.j 0.+0.j 0.+0.j 0.+0.j]
F_onsite: (-1.2020057557522668e-19+2.229826344446279e-20j)
F_swave: (3.318486467405894e-20-4.631269425852355e-21j), F_dwave: (2.3709890365659404e-20+2.9586107758214835e-20j)
F_px: (-3.178387225530576e-20+1.824369478734631e-20j), F_py: (-4.85432284415258e-20-2.539044874488322e-20j)
Free_energy = -9913.514562274324
------------------------------------------
[{'stable': {'Fuu_px': np.complex128(0.035969838399666665-0.03618124695879009j), 'Fuu_py': np.complex128(0.036264819384617335+0.03605292250710051j)}, 'free': np.float64(-9913.514548259094)}, {'stable': {'Fuu_px': np.complex128(0.051077704961759146+1.6318044730228773e-16j), 'Fuu_py': np.complex128(-1.7954573264817165e-16+0.051077704961760076j)}, 'free': np.float64(-9913.514562274324)}]
------------------------------------------
  Seed: dd:px
  Seed uu: [0.+0.j 0.+0.j 0.+0.j 0.+0.j], Seed dd: [ 4.52562578e-02+2.40232308e-17j -4.52562578e-02-1.87395981e-17j
  4.50773729e-19+1.61855254e-15j -8.76675792e-19-1.60250222e-15j]
F_onsite: (2.684973664176298e-20-6.731844733311314e-35j)
F_swave: (8.222367898889756e-22+1.786751413249877e-36j), F_dwave: (3.033484056928422e-20+1.5516525430854195e-35j)
F_px: (-1.2037062152420224e-35-9.070051080609193e-21j), F_py: (5.115751414778595e-35-1.3136719239651869e-21j)
Free_energy = -9890.009627726542
------------------------------------------
[{'stable': {'Fuu_px': np.complex128(0.035969838399666665-0.03618124695879009j), 'Fuu_py': np.complex128(0.036264819384617335+0.03605292250710051j)}, 'free': np.float64(-9913.514548259094)}, {'stable': {'Fuu_px': np.complex128(0.051077704961759146+1.6318044730228773e-16j), 'Fuu_py': np.complex128(-1.7954573264817165e-16+0.051077704961760076j)}, 'free': np.float64(-9913.514562274324)}]
------------------------------------------
  Seed: dd:px+py
  Seed uu: [0.+0.j 0.+0.j 0.+0.j 0.+0.j], Seed dd: [ 0.02697278+3.28312548e-07j -0.02697278-3.28312548e-07j
  0.02697278-3.28312548e-07j -0.02697278+3.28312548e-07j]
F_onsite: (-3.0967511822415355e-21-1.2107762177471646e-24j)
F_swave: (-2.8394558544460847e-22+3.215901312681342e-25j), F_dwave: (-7.794889735332271e-21-1.915977099800414e-25j)
F_px: (-1.0403570888178647e-25+7.385955795187367e-21j), F_py: (1.1442039447355276e-25+5.937476017135293e-21j)
Free_energy = -9886.037511407412
------------------------------------------
[{'stable': {'Fuu_px': np.complex128(0.035969838399666665-0.03618124695879009j), 'Fuu_py': np.complex128(0.036264819384617335+0.03605292250710051j)}, 'free': np.float64(-9913.514548259094)}, {'stable': {'Fuu_px': np.complex128(0.051077704961759146+1.6318044730228773e-16j), 'Fuu_py': np.complex128(-1.7954573264817165e-16+0.051077704961760076j)}, 'free': np.float64(-9913.514562274324)}]
------------------------------------------
  Seed: dd:px+ipy
  Seed uu: [0.+0.j 0.+0.j 0.+0.j 0.+0.j], Seed dd: [ 3.44158640e-02+5.01078222e-18j -3.44158640e-02-7.10083602e-18j
  1.01368139e-17+3.44158640e-02j -6.18318170e-18-3.44158640e-02j]
F_onsite: (-9.621002630558003e-21-6.817285709688456e-21j)
F_swave: (1.7010300277135395e-21+5.916924310962076e-22j), F_dwave: (7.293665114338217e-22+1.0262024949760443e-21j)
F_px: (4.972476865655236e-22-5.33018384337836e-22j), F_py: (2.6547734529249124e-21+6.472883440671311e-21j)
Free_energy = -9892.15338638592
------------------------------------------
[{'stable': {'Fuu_px': np.complex128(0.035969838399666665-0.03618124695879009j), 'Fuu_py': np.complex128(0.036264819384617335+0.03605292250710051j)}, 'free': np.float64(-9913.514548259094)}, {'stable': {'Fuu_px': np.complex128(0.051077704961759146+1.6318044730228773e-16j), 'Fuu_py': np.complex128(-1.7954573264817165e-16+0.051077704961760076j)}, 'free': np.float64(-9913.514562274324)}]
------------------------------------------
  Seed: uu+dd:px
  Seed uu: [ 7.11289689e-02+2.80613863e-16j -7.11289689e-02-2.37487286e-16j
  1.92465076e-18-3.70065995e-16j -1.86028288e-18+3.56027482e-16j], Seed dd: [ 4.52562578e-02+2.22115862e-17j -4.52562578e-02-1.64234924e-17j
 -1.31647449e-19+1.52521274e-15j -6.70545692e-19-1.50958942e-15j]
F_onsite: (9.222659731440014e-21-2.4221286773755646e-20j)
F_swave: (-2.404366971152764e-21+7.648493299391062e-21j), F_dwave: (-6.818292760287118e-21+5.30640915731478e-21j)
F_px: (-4.623871831047685e-20+5.868067799304859e-35j), F_py: (-6.940995020569016e-21-3.78850786112029e-21j)
Free_energy = -9926.04970168218
------------------------------------------
[{'stable': {'Fuu_px': np.complex128(0.07112896858213363+2.9466648343531604e-16j), 'Fdd_px': np.complex128(0.04525625311514439+2.260254480188897e-17j)}, 'free': np.float64(-9926.04970168218)}]
------------------------------------------
  Seed: uu+dd:px+py
  Seed uu: [ 0.03592632-0.03622334j -0.03592632+0.03622334j  0.03630813+0.03601043j
 -0.03630813-0.03601043j], Seed dd: [ 0.02433568+0.02433568j -0.02433568-0.02433568j  0.02433569-0.02433567j
 -0.02433569+0.02433567j]
F_onsite: (-8.02380225683672e-20+3.677368198550567e-21j)
F_swave: (1.0646427362843096e-20-3.3990838110520364e-21j), F_dwave: (-1.8150176951165172e-20+1.8012933289626993e-21j)
F_px: (3.314573240791308e-21-4.1948806355831526e-21j), F_py: (-2.5880077035290468e-20+2.2113981632566323e-20j)
Free_energy = -9929.331898213097
------------------------------------------
[{'stable': {'Fuu_px': np.complex128(0.03592688152368104-0.036223897578230746j), 'Fuu_py': np.complex128(0.03630757316969506+0.03600987102127609j), 'Fdd_px': np.complex128(0.024335674708252066+0.024335680526449188j), 'Fdd_py': np.complex128(0.024335684640885886-0.024335670804740965j)}, 'free': np.float64(-9929.331898213097)}]
------------------------------------------
  Seed: uu+dd:px+ipy
  Seed uu: [ 5.10777031e-02+1.47342387e-16j -5.10777031e-02-1.48195085e-16j
 -1.81296444e-16+5.10777031e-02j  1.71804434e-16-5.10777031e-02j], Seed dd: [ 3.44158640e-02-2.07893649e-19j -3.44158640e-02+5.41624630e-19j
  1.46263002e-17+3.44158640e-02j -1.20172270e-17-3.44158640e-02j]
F_onsite: (6.245078968821978e-20+4.285681177638529e-20j)
F_swave: (-1.5083978846630176e-20-2.2640809672070773e-20j), F_dwave: (2.0454469761177687e-20+6.305848105662902e-21j)
F_px: (-1.5543968322252053e-19+5.3573663438730525e-22j), F_py: (-2.0642963322631307e-20-7.215648287806534e-20j)
Free_energy = -9929.331924139327
------------------------------------------
[{'stable': {'Fuu_px': np.complex128(0.03592688152368104-0.036223897578230746j), 'Fuu_py': np.complex128(0.03630757316969506+0.03600987102127609j), 'Fdd_px': np.complex128(0.024335674708252066+0.024335680526449188j), 'Fdd_py': np.complex128(0.024335684640885886-0.024335670804740965j)}, 'free': np.float64(-9929.331898213097)}, {'stable': {'Fuu_px': np.complex128(0.051077702530058916+1.4700569142997682e-16j), 'Fuu_py': np.complex128(-1.7591998164767002e-16+0.05107770253005954j), 'Fdd_px': np.complex128(0.0344158590190181+4.2235709728059585e-18j), 'Fdd_py': np.complex128(1.3639771549635998e-17+0.03441585901901839j)}, 'free': np.float64(-9929.331924139327)}]
------------------------------------------
====================================
mu=0.56, T=0.1503
====================================
  Seed: normal state
  Seed uu: [0.+0.j 0.+0.j 0.+0.j 0.+0.j], Seed dd: [0.+0.j 0.+0.j 0.+0.j 0.+0.j]
F_onsite: 0j
F_swave: 0j, F_dwave: 0j
F_px: 0j, F_py: 0j
Free_energy = -9884.767127273715
------------------------------------------
[{'stable': {}, 'free': np.float64(-9884.767127273715)}]
------------------------------------------
  Seed: uu:px
  Seed uu: [ 7.11289710e-02+3.20797423e-16j -7.11289710e-02-3.11883566e-16j
 -1.52724011e-19-3.68721859e-16j -4.77713347e-20+3.41042940e-16j], Seed dd: [0.+0.j 0.+0.j 0.+0.j 0.+0.j]
F_onsite: (-6.030556287452833e-21+6.314767154608118e-21j)
F_swave: (1.6219730559283023e-21+2.0486417604013265e-21j), F_dwave: (4.408583231524796e-21-3.485377733710823e-21j)
F_px: (4.672693090772867e-20+3.3713177981583206e-34j), F_py: (2.305067901118072e-22-1.1056045575910432e-20j)
Free_energy = -9920.175691415023
------------------------------------------
[{'stable': {'Fuu_px': np.complex128(0.0711289700516614+3.141945898062475e-16j)}, 'free': np.float64(-9920.175691415023)}]
------------------------------------------
  Seed: uu:px+py
  Seed uu: [ 0.03596984-0.03618125j -0.03596984+0.03618125j  0.03626482+0.03605292j
 -0.03626482-0.03605292j], Seed dd: [0.+0.j 0.+0.j 0.+0.j 0.+0.j]
F_onsite: (3.6998467655733636e-20-5.194828514959481e-20j)
F_swave: (-9.515470782816681e-21+1.8677617394154003e-20j), F_dwave: (-3.498999880680352e-20+2.248702495747387e-20j)
F_px: (5.698552921939976e-20+2.6429381910235313e-20j), F_py: (4.1844491685614944e-20-2.100397772335112e-20j)
Free_energy = -9921.295195914607
------------------------------------------
[{'stable': {'Fuu_px': np.complex128(0.03597038925134423-0.03618180104820508j), 'Fuu_py': np.complex128(0.03626426672524269+0.03605237307710705j)}, 'free': np.float64(-9921.295195914607)}]
------------------------------------------
  Seed: uu:px+ipy
  Seed uu: [ 5.10777050e-02+1.71076674e-16j -5.10777050e-02-1.55284221e-16j
 -1.85456858e-16+5.10777050e-02j  1.73634607e-16-5.10777050e-02j], Seed dd: [0.+0.j 0.+0.j 0.+0.j 0.+0.j]
F_onsite: (5.1967397823134254e-20-9.521618262931094e-20j)
F_swave: (-6.968263197965595e-21+3.9847124369293477e-20j), F_dwave: (6.207667415270381e-20-4.4954294259750023e-20j)
F_px: (-1.6262508208571676e-20-6.483163944595593e-20j), F_py: (-8.131564021284454e-20+6.854030266709218e-20j)
Free_energy = -9921.295207300265
------------------------------------------
[{'stable': {'Fuu_px': np.complex128(0.03597038925134423-0.03618180104820508j), 'Fuu_py': np.complex128(0.03626426672524269+0.03605237307710705j)}, 'free': np.float64(-9921.295195914607)}, {'stable': {'Fuu_px': np.complex128(0.051077703847296686+1.660172929915404e-16j), 'Fuu_py': np.complex128(-1.8394103955103342e-16+0.05107770384729744j)}, 'free': np.float64(-9921.295207300265)}]
------------------------------------------
  Seed: dd:px
  Seed uu: [0.+0.j 0.+0.j 0.+0.j 0.+0.j], Seed dd: [ 4.52562531e-02+2.58689685e-17j -4.52562531e-02-2.29550693e-17j
  4.72531888e-19+1.76958026e-15j  2.41093370e-19-1.76225829e-15j]
F_onsite: (5.287272335138598e-20+1.5249841919384454e-34j)
F_swave: (1.342129438102517e-21-1.0532429383367696e-35j), F_dwave: (-2.9140728335862866e-20+6.093762714662738e-35j)
F_px: (-1.4444474582904269e-34-2.577066562804663e-21j), F_py: (-2.407412430484045e-35+1.1501006546316615e-20j)
Free_energy = -9898.196311220849
------------------------------------------
[{'stable': {'Fuu_px': np.complex128(0.03597038925134423-0.03618180104820508j), 'Fuu_py': np.complex128(0.03626426672524269+0.03605237307710705j)}, 'free': np.float64(-9921.295195914607)}, {'stable': {'Fuu_px': np.complex128(0.051077703847296686+1.660172929915404e-16j), 'Fuu_py': np.complex128(-1.8394103955103342e-16+0.05107770384729744j)}, 'free': np.float64(-9921.295207300265)}]
------------------------------------------
  Seed: dd:px+py
  Seed uu: [0.+0.j 0.+0.j 0.+0.j 0.+0.j], Seed dd: [ 0.02697277+5.88148782e-07j -0.02697277-5.88148782e-07j
  0.02697277-5.88148782e-07j -0.02697277+5.88148782e-07j]
F_onsite: (-7.901357123363677e-21+2.7196638860268847e-24j)
F_swave: (1.12362613685316e-21-6.540971675521992e-25j), F_dwave: (4.555436652367888e-21+2.6471611970241427e-25j)
F_px: (-2.2716655046991646e-24-4.6770139836719415e-21j), F_py: (2.123059631224948e-24-6.849248611405484e-21j)
Free_energy = -9894.296153798048
------------------------------------------
[{'stable': {'Fuu_px': np.complex128(0.03597038925134423-0.03618180104820508j), 'Fuu_py': np.complex128(0.03626426672524269+0.03605237307710705j)}, 'free': np.float64(-9921.295195914607)}, {'stable': {'Fuu_px': np.complex128(0.051077703847296686+1.660172929915404e-16j), 'Fuu_py': np.complex128(-1.8394103955103342e-16+0.05107770384729744j)}, 'free': np.float64(-9921.295207300265)}]
------------------------------------------
  Seed: dd:px+ipy
  Seed uu: [0.+0.j 0.+0.j 0.+0.j 0.+0.j], Seed dd: [ 3.44158590e-02+8.56498540e-18j -3.44158590e-02-9.13869141e-18j
  9.45151126e-18+3.44158590e-02j -6.98839239e-18-3.44158590e-02j]
F_onsite: (8.750760562553007e-21-3.930745701463474e-22j)
F_swave: (-1.4660166892766015e-21-9.538531867733443e-23j), F_dwave: (-5.3266155506386554e-21-1.6312142554112406e-21j)
F_px: (1.6432563595621058e-22-6.132534897399503e-21j), F_py: (-5.897442536889519e-22-2.1131053586657307e-22j)
Free_energy = -9900.30148578321
------------------------------------------
[{'stable': {'Fuu_px': np.complex128(0.03597038925134423-0.03618180104820508j), 'Fuu_py': np.complex128(0.03626426672524269+0.03605237307710705j)}, 'free': np.float64(-9921.295195914607)}, {'stable': {'Fuu_px': np.complex128(0.051077703847296686+1.660172929915404e-16j), 'Fuu_py': np.complex128(-1.8394103955103342e-16+0.05107770384729744j)}, 'free': np.float64(-9921.295207300265)}]
------------------------------------------
  Seed: uu+dd:px
  Seed uu: [ 7.11289686e-02+2.96767999e-16j -7.11289686e-02-2.92564968e-16j
  5.36244648e-19-3.91831671e-16j -1.39375301e-18+3.93939089e-16j], Seed dd: [ 4.52562531e-02+2.45198568e-17j -4.52562531e-02-2.06852328e-17j
  8.52962178e-19+1.67255438e-15j  5.59114537e-19-1.67095894e-15j]
F_onsite: (-7.722790762341278e-21+2.7806965254583685e-20j)
F_swave: (2.2239738928211474e-21-4.2352320875610855e-21j), F_dwave: (5.498816869520438e-21+2.6808540061817244e-20j)
F_px: (-1.9226916363522028e-19+6.18404068080589e-34j), F_py: (7.270015112777586e-23-7.937802648246853e-21j)
Free_energy = -9933.604872983982
------------------------------------------
[{'stable': {'Fuu_px': np.complex128(0.07112896835710528+2.6714402716863928e-16j), 'Fdd_px': np.complex128(0.04525624966470199+2.7060664491745565e-17j)}, 'free': np.float64(-9933.604872983982)}]
------------------------------------------
  Seed: uu+dd:px+py
  Seed uu: [ 0.03592688-0.0362239j  -0.03592688+0.0362239j   0.03630757+0.03600987j
 -0.03630757-0.03600987j], Seed dd: [ 0.02433567+0.02433568j -0.02433567-0.02433568j  0.02433568-0.02433567j
 -0.02433568+0.02433567j]
F_onsite: (2.7313107059414587e-20+2.1889261990262017e-21j)
F_swave: (-9.047745334193914e-22-1.5990559418695508e-20j), F_dwave: (-1.968228280742154e-20+3.551873842982263e-20j)
F_px: (2.752230538665219e-20-8.663567632775806e-21j), F_py: (-1.473206098284916e-20-1.6949532741257523e-20j)
Free_energy = -9936.829542272992
------------------------------------------
[{'stable': {'Fuu_px': np.complex128(0.03592743174818837-0.03622445235157461j), 'Fuu_py': np.complex128(0.03630701982818997+0.03600932221686749j), 'Fdd_px': np.complex128(0.024335674308588934+0.024335680936372638j), 'Fdd_py': np.complex128(0.024335684234335804-0.02433567120777739j)}, 'free': np.float64(-9936.829542272992)}]
------------------------------------------
  Seed: uu+dd:px+ipy
  Seed uu: [ 5.10777025e-02+1.48532680e-16j -5.10777025e-02-1.45478703e-16j
 -1.82545129e-16+5.10777025e-02j  1.69294834e-16-5.10777025e-02j], Seed dd: [ 3.44158590e-02+6.01763969e-18j -3.44158590e-02-2.42950225e-18j
  1.47394850e-17+3.44158590e-02j -1.25400581e-17-3.44158590e-02j]
F_onsite: (-5.0682984603063544e-20-5.854986847925376e-20j)
F_swave: (8.697627880887424e-21+1.661950976870622e-20j), F_dwave: (-3.379932647954325e-20-3.571653862869032e-20j)
F_px: (-7.416888719201543e-20-1.7264166726628493e-20j), F_py: (3.3244961776259596e-20-1.6694222354754604e-19j)
Free_energy = -9936.829562411036
------------------------------------------
[{'stable': {'Fuu_px': np.complex128(0.03592743174818837-0.03622445235157461j), 'Fuu_py': np.complex128(0.03630701982818997+0.03600932221686749j), 'Fdd_px': np.complex128(0.024335674308588934+0.024335680936372638j), 'Fdd_py': np.complex128(0.024335684234335804-0.02433567120777739j)}, 'free': np.float64(-9936.829542272992)}, {'stable': {'Fuu_px': np.complex128(0.0510777021532752+1.646447025702944e-16j), 'Fuu_py': np.complex128(-1.7867937676180811e-16+0.05107770215327601j), 'Fdd_px': np.complex128(0.03441585538459101+1.4939278909401705e-17j), 'Fdd_py': np.complex128(1.2672777561226808e-17+0.034415855384591444j)}, 'free': np.float64(-9936.829562411036)}]
------------------------------------------
====================================
mu=0.56, T=0.1585
====================================
  Seed: normal state
  Seed uu: [0.+0.j 0.+0.j 0.+0.j 0.+0.j], Seed dd: [0.+0.j 0.+0.j 0.+0.j 0.+0.j]
F_onsite: 0j
F_swave: 0j, F_dwave: 0j
F_px: 0j, F_py: 0j
Free_energy = -9893.623212566927
------------------------------------------
[{'stable': {}, 'free': np.float64(-9893.623212566927)}]
------------------------------------------
  Seed: uu:px
  Seed uu: [ 7.11289701e-02+3.21789617e-16j -7.11289701e-02-3.06599563e-16j
 -1.26995385e-18-3.69791133e-16j  9.79315671e-20+3.58506007e-16j], Seed dd: [0.+0.j 0.+0.j 0.+0.j 0.+0.j]
F_onsite: (2.2347024742707735e-20-1.8184918910779146e-20j)
F_swave: (-6.199263032965491e-21+1.1193526444451533e-20j), F_dwave: (-1.6147761709742147e-20-1.1066011209776311e-20j)
F_px: (4.2429412198318644e-20+5.629559995523017e-34j), F_py: (2.6826722798463306e-21+1.3606016367308717e-20j)
Free_energy = -9928.426474851205
------------------------------------------
[{'stable': {'Fuu_px': np.complex128(0.07112896937545593+3.1677060228730506e-16j)}, 'free': np.float64(-9928.426474851205)}]
------------------------------------------
  Seed: uu:px+py
  Seed uu: [ 0.03597039-0.0361818j  -0.03597039+0.0361818j   0.03626427+0.03605237j
 -0.03626427-0.03605237j], Seed dd: [0.+0.j 0.+0.j 0.+0.j 0.+0.j]
F_onsite: (6.954837684730305e-21+2.375592340340086e-20j)
F_swave: (-3.1730740523754797e-22-8.21023987400926e-21j), F_dwave: (5.130310567704392e-20+3.2970564498109723e-20j)
F_px: (-5.2502417639292747e-20+8.28385068864863e-21j), F_py: (-8.563494084493445e-20-1.2752982708094543e-19j)
Free_energy = -9929.527653934205
------------------------------------------
[{'stable': {'Fuu_px': np.complex128(0.0359709327988809-0.03618234779050042j), 'Fuu_py': np.complex128(0.03626372137534975+0.03605183091383672j)}, 'free': np.float64(-9929.527653934205)}]
------------------------------------------
  Seed: uu:px+ipy
  Seed uu: [ 5.10777038e-02+1.65166925e-16j -5.10777038e-02-1.66867661e-16j
 -1.89855765e-16+5.10777038e-02j  1.78026314e-16-5.10777038e-02j], Seed dd: [0.+0.j 0.+0.j 0.+0.j 0.+0.j]
F_onsite: (1.053395452454678e-19+3.633050862609269e-20j)
F_swave: (-1.3786336549260374e-20-7.439167859649434e-21j), F_dwave: (-3.195381019338862e-20+3.655212273150367e-20j)
F_px: (1.8226752984136793e-20+8.44208843618176e-20j), F_py: (9.375449727225465e-20-3.6765345985434507e-20j)
Free_energy = -9929.527663443509
------------------------------------------
[{'stable': {'Fuu_px': np.complex128(0.0359709327988809-0.03618234779050042j), 'Fuu_py': np.complex128(0.03626372137534975+0.03605183091383672j)}, 'free': np.float64(-9929.527653934205)}, {'stable': {'Fuu_px': np.complex128(0.051077703070916754+1.6350014930031703e-16j), 'Fuu_py': np.complex128(-1.865161520595845e-16+0.05107770307091733j)}, 'free': np.float64(-9929.527663443509)}]
------------------------------------------
  Seed: dd:px
  Seed uu: [0.+0.j 0.+0.j 0.+0.j 0.+0.j], Seed dd: [ 4.52562497e-02+2.07117555e-17j -4.52562497e-02-2.87754033e-17j
  1.05294798e-18+1.92772311e-15j -4.20161429e-19-1.92005831e-15j]
F_onsite: (1.5178428827095585e-20-3.8870161284020095e-35j)
F_swave: (1.0286350229362895e-21+2.7083389842945504e-35j), F_dwave: (-1.917349514740166e-20-3.912045199536573e-35j)
F_px: (3.009265538105056e-35+6.13129989679927e-21j), F_py: (3.174775142700834e-34-3.035112080107729e-20j)
Free_energy = -9906.819497149716
------------------------------------------
[{'stable': {'Fuu_px': np.complex128(0.0359709327988809-0.03618234779050042j), 'Fuu_py': np.complex128(0.03626372137534975+0.03605183091383672j)}, 'free': np.float64(-9929.527653934205)}, {'stable': {'Fuu_px': np.complex128(0.051077703070916754+1.6350014930031703e-16j), 'Fuu_py': np.complex128(-1.865161520595845e-16+0.05107770307091733j)}, 'free': np.float64(-9929.527663443509)}]
------------------------------------------
  Seed: dd:px+py
  Seed uu: [0.+0.j 0.+0.j 0.+0.j 0.+0.j], Seed dd: [ 0.02697277+1.0536271e-06j -0.02697277-1.0536271e-06j
  0.02697277-1.0536271e-06j -0.02697277+1.0536271e-06j]
F_onsite: (-1.0568374652372926e-20-2.7262413408463146e-24j)
F_swave: (1.7401600231197145e-21+6.769190611020237e-25j), F_dwave: (4.533080453240386e-21+2.4453088909838513e-25j)
F_px: (7.03154676998044e-24+7.6729284848573e-21j), F_py: (-7.030701231106136e-24+5.381955059141375e-21j)
Free_energy = -9902.987809981363
------------------------------------------
[{'stable': {'Fuu_px': np.complex128(0.0359709327988809-0.03618234779050042j), 'Fuu_py': np.complex128(0.03626372137534975+0.03605183091383672j)}, 'free': np.float64(-9929.527653934205)}, {'stable': {'Fuu_px': np.complex128(0.051077703070916754+1.6350014930031703e-16j), 'Fuu_py': np.complex128(-1.865161520595845e-16+0.05107770307091733j)}, 'free': np.float64(-9929.527663443509)}]
------------------------------------------
  Seed: dd:px+ipy
  Seed uu: [0.+0.j 0.+0.j 0.+0.j 0.+0.j], Seed dd: [ 3.44158554e-02+1.68195862e-17j -3.44158554e-02-1.55425252e-17j
  8.70119889e-18+3.44158554e-02j -6.35491763e-18-3.44158554e-02j]
F_onsite: (-3.1254688665247983e-20-4.731344610126565e-21j)
F_swave: (7.82803108668967e-21+8.694822155693865e-22j), F_dwave: (-6.373072882906871e-21-4.361958996834683e-22j)
F_px: (1.8598111795798742e-21-7.98058459145482e-21j), F_py: (-5.876226055317498e-22-5.474202052853852e-21j)
Free_energy = -9908.887941802637
------------------------------------------
[{'stable': {'Fuu_px': np.complex128(0.0359709327988809-0.03618234779050042j), 'Fuu_py': np.complex128(0.03626372137534975+0.03605183091383672j)}, 'free': np.float64(-9929.527653934205)}, {'stable': {'Fuu_px': np.complex128(0.051077703070916754+1.6350014930031703e-16j), 'Fuu_py': np.complex128(-1.865161520595845e-16+0.05107770307091733j)}, 'free': np.float64(-9929.527663443509)}]
------------------------------------------
  Seed: uu+dd:px
  Seed uu: [ 7.11289684e-02+2.72859594e-16j -7.11289684e-02-2.61428461e-16j
  4.19287926e-19-3.91326575e-16j -1.03328755e-18+3.82000530e-16j], Seed dd: [ 4.52562497e-02+2.71385121e-17j -4.52562497e-02-2.69828169e-17j
  2.98115893e-19+1.82014437e-15j -5.26973607e-19-1.81274987e-15j]
F_onsite: (-1.688596861599633e-20+1.1239295749261981e-20j)
F_swave: (4.8941378272508235e-21-5.805749356189925e-23j), F_dwave: (1.1991830788745675e-20+5.159801854243447e-22j)
F_px: (-1.9271144789166248e-19+6.293126556562198e-34j), F_py: (3.536536694014473e-22+9.849655280937196e-21j)
Free_energy = -9941.622757811227
------------------------------------------
[{'stable': {'Fuu_px': np.complex128(0.0711289682011648+2.738641748139181e-16j), 'Fdd_px': np.complex128(0.04525624714145331+1.9401501415096563e-17j)}, 'free': np.float64(-9941.622757811227)}]
------------------------------------------
  Seed: uu+dd:px+py
  Seed uu: [ 0.03592743-0.03622445j -0.03592743+0.03622445j  0.03630702+0.03600932j
 -0.03630702-0.03600932j], Seed dd: [ 0.02433567+0.02433568j -0.02433567-0.02433568j  0.02433568-0.02433567j
 -0.02433568+0.02433567j]
F_onsite: (1.0990596658442368e-20-6.691614189979967e-21j)
F_swave: (-4.1774960441486286e-21+1.0076704760657562e-20j), F_dwave: (-2.9675747517841307e-20-1.5786317063729303e-20j)
F_px: (-9.597287139683695e-20+2.423308844963683e-20j), F_py: (-4.7391077568171283e-20-9.133305522447819e-21j)
Free_energy = -9944.792374412613
------------------------------------------
[{'stable': {'Fuu_px': np.complex128(0.03592797467685341-0.036224999768759696j), 'Fuu_py': np.complex128(0.0363064738051712+0.03600878067093753j), 'Fdd_px': np.complex128(0.024335673989995567+0.024335681263875145j), 'Fdd_py': np.complex128(0.02433568390930531-0.02433567152884253j)}, 'free': np.float64(-9944.792374412613)}]
------------------------------------------
  Seed: uu+dd:px+ipy
  Seed uu: [ 5.10777022e-02+1.72908859e-16j -5.10777022e-02-1.56380546e-16j
 -1.84700616e-16+5.10777022e-02j  1.72658137e-16-5.10777022e-02j], Seed dd: [ 3.44158554e-02+1.33744914e-17j -3.44158554e-02-1.65040664e-17j
  1.35048286e-17+3.44158554e-02j -1.18407265e-17-3.44158554e-02j]
F_onsite: (-7.613415989195201e-21-5.2298717831153337e-20j)
F_swave: (6.67639936655646e-21+1.098715375229258e-20j), F_dwave: (-1.7853917710806132e-20+1.241804070806524e-20j)
F_px: (-5.03995364632599e-20-1.6146012668599802e-20j), F_py: (3.6385142767318544e-20-4.621514591873772e-20j)
Free_energy = -9944.792390347935
------------------------------------------
[{'stable': {'Fuu_px': np.complex128(0.03592797467685341-0.036224999768759696j), 'Fuu_py': np.complex128(0.0363064738051712+0.03600878067093753j), 'Fdd_px': np.complex128(0.024335673989995567+0.024335681263875145j), 'Fdd_py': np.complex128(0.02433568390930531-0.02433567152884253j)}, 'free': np.float64(-9944.792374412613)}, {'stable': {'Fuu_px': np.complex128(0.05107770189079215+1.9724334788052739e-16j), 'Fuu_py': np.complex128(-1.8413358072785616e-16+0.05107770189079315j), 'Fdd_px': np.complex128(0.03441585272145269+1.9306713134342886e-17j), 'Fdd_py': np.complex128(1.0835827796428247e-17+0.03441585272145315j)}, 'free': np.float64(-9944.792390347935)}]
------------------------------------------
====================================
mu=0.56, T=0.1668
====================================
  Seed: normal state
  Seed uu: [0.+0.j 0.+0.j 0.+0.j 0.+0.j], Seed dd: [0.+0.j 0.+0.j 0.+0.j 0.+0.j]
F_onsite: 0j
F_swave: 0j, F_dwave: 0j
F_px: 0j, F_py: 0j
Free_energy = -9902.902078412422
------------------------------------------
[{'stable': {}, 'free': np.float64(-9902.902078412422)}]
------------------------------------------
  Seed: uu:px
  Seed uu: [ 7.11289694e-02+3.22421556e-16j -7.11289694e-02-3.11119648e-16j
 -6.71604483e-20-4.00207186e-16j -1.10414053e-18+3.80839089e-16j], Seed dd: [0.+0.j 0.+0.j 0.+0.j 0.+0.j]
F_onsite: (1.7782119181707217e-20-1.2515066648796442e-20j)
F_swave: (-5.740952657999593e-21+9.406457211595206e-21j), F_dwave: (-1.2041166523707573e-20-1.7650563415241817e-21j)
F_px: (-6.230444264698041e-21-9.027796614315168e-36j), F_py: (-6.375356367398508e-22+3.59394764649803e-21j)
Free_energy = -9937.124592281558
------------------------------------------
[{'stable': {'Fuu_px': np.complex128(0.07112896890686024+3.1511655869955423e-16j)}, 'free': np.float64(-9937.124592281558)}]
------------------------------------------
  Seed: uu:px+py
  Seed uu: [ 0.03597093-0.03618235j -0.03597093+0.03618235j  0.03626372+0.03605183j
 -0.03626372-0.03605183j], Seed dd: [0.+0.j 0.+0.j 0.+0.j 0.+0.j]
F_onsite: (-1.4403713282011414e-19+4.23382953349422e-21j)
F_swave: (2.2185894191495992e-20+6.1008201668727564e-21j), F_dwave: (2.7313089761514978e-21-2.6203814299417648e-20j)
F_px: (8.35773802390033e-20+4.385886625921635e-21j), F_py: (4.046073217797025e-20-2.15478242330702e-20j)
Free_energy = -9938.208052443479
------------------------------------------
[{'stable': {'Fuu_px': np.complex128(0.035971469139242006-0.036182887283225676j), 'Fuu_py': np.complex128(0.03626318323838307+0.036051295921312315j)}, 'free': np.float64(-9938.208052443479)}]
------------------------------------------
  Seed: uu:px+ipy
  Seed uu: [ 5.10777031e-02+1.67485095e-16j -5.10777031e-02-1.59515203e-16j
 -1.91015406e-16+5.10777031e-02j  1.82016898e-16-5.10777031e-02j], Seed dd: [0.+0.j 0.+0.j 0.+0.j 0.+0.j]
F_onsite: (1.0611501667954867e-19-5.388354346836755e-20j)
F_swave: (-3.212424272325377e-20+1.9714646108605612e-20j), F_dwave: (-8.888421672886243e-20-6.339233390967913e-20j)
F_px: (6.595194662261717e-20-1.725422377523913e-20j), F_py: (1.6653123844984847e-22+1.1735832892477864e-19j)
Free_energy = -9938.20806059594
------------------------------------------
[{'stable': {'Fuu_px': np.complex128(0.035971469139242006-0.036182887283225676j), 'Fuu_py': np.complex128(0.03626318323838307+0.036051295921312315j)}, 'free': np.float64(-9938.208052443479)}, {'stable': {'Fuu_px': np.complex128(0.0510777025300589+1.6978124271134249e-16j), 'Fuu_py': np.complex128(-1.87091896235701e-16+0.051077702530059554j)}, 'free': np.float64(-9938.20806059594)}]
------------------------------------------
  Seed: dd:px
  Seed uu: [0.+0.j 0.+0.j 0.+0.j 0.+0.j], Seed dd: [ 4.52562471e-02+1.95799607e-17j -4.52562471e-02-1.83284695e-17j
  7.08380933e-19+2.10022359e-15j -9.61551140e-19-2.08580714e-15j]
F_onsite: (-1.098859532012798e-21+6.316592367530342e-35j)
F_swave: (5.47701428213149e-23-3.573502826499754e-36j), F_dwave: (-3.876683506720612e-20+9.987000004586155e-35j)
F_px: (-9.027796614315168e-36-2.465353420371999e-20j), F_py: (8.125016952883651e-35+6.326519535946963e-22j)
Free_energy = -9915.87604830204
------------------------------------------
[{'stable': {'Fuu_px': np.complex128(0.035971469139242006-0.036182887283225676j), 'Fuu_py': np.complex128(0.03626318323838307+0.036051295921312315j)}, 'free': np.float64(-9938.208052443479)}, {'stable': {'Fuu_px': np.complex128(0.0510777025300589+1.6978124271134249e-16j), 'Fuu_py': np.complex128(-1.87091896235701e-16+0.051077702530059554j)}, 'free': np.float64(-9938.20806059594)}]
------------------------------------------
  Seed: dd:px+py
  Seed uu: [0.+0.j 0.+0.j 0.+0.j 0.+0.j], Seed dd: [ 0.02697276+1.88749866e-06j -0.02697276-1.88749866e-06j
  0.02697276-1.88749866e-06j -0.02697276+1.88749866e-06j]
F_onsite: (-2.2547461243637728e-20-2.6104776480300527e-21j)
F_swave: (-1.2499015416669083e-21+5.542416912998807e-22j), F_dwave: (1.5951986147697265e-20+1.3809025467446743e-21j)
F_px: (9.730822756601032e-22+8.050336708879142e-21j), F_py: (-1.641345147164187e-21-9.15424231749256e-21j)
Free_energy = -9917.909252757181
------------------------------------------
[{'stable': {'Fuu_px': np.complex128(0.035971469139242006-0.036182887283225676j), 'Fuu_py': np.complex128(0.03626318323838307+0.036051295921312315j)}, 'free': np.float64(-9938.208052443479)}, {'stable': {'Fuu_px': np.complex128(0.0510777025300589+1.6978124271134249e-16j), 'Fuu_py': np.complex128(-1.87091896235701e-16+0.051077702530059554j)}, 'free': np.float64(-9938.20806059594)}]
------------------------------------------
  Seed: dd:px+ipy
  Seed uu: [0.+0.j 0.+0.j 0.+0.j 0.+0.j], Seed dd: [ 3.44158527e-02+2.40049667e-17j -3.44158527e-02-2.02723042e-17j
  7.07976607e-18+3.44158527e-02j -4.92131436e-18-3.44158527e-02j]
F_onsite: (-3.8783683730227556e-20-5.352561177181275e-22j)
F_swave: (2.1597105699680038e-21-2.0932735842355313e-22j), F_dwave: (-1.6479154077386002e-21+6.155169246531128e-22j)
F_px: (-3.23345985979592e-21-1.327860764602781e-20j), F_py: (1.0776229916430197e-21+6.679316876551176e-21j)
Free_energy = -9917.909460700519
------------------------------------------
[{'stable': {'Fuu_px': np.complex128(0.035971469139242006-0.036182887283225676j), 'Fuu_py': np.complex128(0.03626318323838307+0.036051295921312315j)}, 'free': np.float64(-9938.208052443479)}, {'stable': {'Fuu_px': np.complex128(0.0510777025300589+1.6978124271134249e-16j), 'Fuu_py': np.complex128(-1.87091896235701e-16+0.051077702530059554j)}, 'free': np.float64(-9938.20806059594)}]
------------------------------------------
  Seed: uu+dd:px
  Seed uu: [ 7.11289682e-02+2.77382538e-16j -7.11289682e-02-2.70345812e-16j
 -1.63773159e-18-4.15995615e-16j  2.09369339e-18+4.04168653e-16j], Seed dd: [ 4.52562471e-02+1.96854692e-17j -4.52562471e-02-1.91175336e-17j
  4.01443986e-19+1.98621873e-15j -3.17481845e-19-1.97057001e-15j]
F_onsite: (-2.336140645941616e-21-3.8458499848720454e-21j)
F_swave: (4.647257038327692e-22+3.8838583515977776e-21j), F_dwave: (1.8714149421090057e-21-1.14017067567257e-20j)
F_px: (-1.6666694468244547e-19+6.5526757092237595e-34j), F_py: (-2.748799590280192e-23+1.6385295402381532e-22j)
Free_energy = -9950.098561063598
------------------------------------------
[{'stable': {'Fuu_px': np.complex128(0.07112896809310207+3.133927672425529e-16j), 'Fdd_px': np.complex128(0.04525624529624514+1.1901024667159733e-17j)}, 'free': np.float64(-9950.098561063598)}]
------------------------------------------
  Seed: uu+dd:px+py
  Seed uu: [ 0.03592797-0.036225j   -0.03592797+0.036225j    0.03630647+0.03600878j
 -0.03630647-0.03600878j], Seed dd: [ 0.02433567+0.02433568j -0.02433567-0.02433568j  0.02433568-0.02433567j
 -0.02433568+0.02433567j]
F_onsite: (-1.7750252575656218e-20-1.383821505683214e-20j)
F_swave: (8.453379017209585e-21-8.596498405162007e-21j), F_dwave: (-3.021434071192661e-20+2.2086517970112612e-20j)
F_px: (-1.4368474223765048e-20+3.176567383769649e-20j), F_py: (-3.409600736588294e-20-8.2891141339813e-21j)
Free_energy = -9953.215428417408
------------------------------------------
[{'stable': {'Fuu_px': np.complex128(0.03592851040653626-0.03622553992744697j), 'Fuu_py': np.complex128(0.03630593500396927+0.0360082462876094j), 'Fdd_px': np.complex128(0.024335673736099246+0.024335681525599687j), 'Fdd_py': np.complex128(0.024335683649392106-0.02433567178455022j)}, 'free': np.float64(-9953.215428417408)}]
------------------------------------------
  Seed: uu+dd:px+ipy
  Seed uu: [ 5.10777019e-02+2.01376525e-16j -5.10777019e-02-1.93110171e-16j
 -1.89812248e-16+5.10777019e-02j  1.78454913e-16-5.10777019e-02j], Seed dd: [ 3.44158527e-02+1.85888792e-17j -3.44158527e-02-2.00245471e-17j
  1.21898100e-17+3.44158527e-02j -9.48184563e-18-3.44158527e-02j]
F_onsite: (-6.2344513928751464e-21+5.865700882560535e-20j)
F_swave: (8.107582767706416e-21-1.0712596264556566e-20j), F_dwave: (3.096977886077248e-20+4.90033200254319e-20j)
F_px: (-9.058227805061235e-20-1.1386283174118477e-20j), F_py: (-4.018528551427553e-20-6.986680022838987e-20j)
Free_energy = -9953.215441284616
------------------------------------------
[{'stable': {'Fuu_px': np.complex128(0.03592851040653626-0.03622553992744697j), 'Fuu_py': np.complex128(0.03630593500396927+0.0360082462876094j), 'Fdd_px': np.complex128(0.024335673736099246+0.024335681525599687j), 'Fdd_py': np.complex128(0.024335683649392106-0.02433567178455022j)}, 'free': np.float64(-9953.215428417408)}, {'stable': {'Fuu_px': np.complex128(0.051077701707935935+1.9217605268291734e-16j), 'Fuu_py': np.complex128(-1.9070785341775002e-16+0.051077701707936976j), 'Fdd_px': np.complex128(0.03441585077002937+1.624405375530815e-17j), 'Fdd_py': np.complex128(8.749400358883694e-18+0.034415850770029774j)}, 'free': np.float64(-9953.215441284616)}]
------------------------------------------
====================================
mu=0.56, T=0.1751
====================================
  Seed: normal state
  Seed uu: [0.+0.j 0.+0.j 0.+0.j 0.+0.j], Seed dd: [0.+0.j 0.+0.j 0.+0.j 0.+0.j]
F_onsite: 0j
F_swave: 0j, F_dwave: 0j
F_px: 0j, F_py: 0j
Free_energy = -9912.601697996555
------------------------------------------
[{'stable': {}, 'free': np.float64(-9912.601697996555)}]
------------------------------------------
  Seed: uu:px
  Seed uu: [ 7.11289689e-02+3.29658182e-16j -7.11289689e-02-3.00574935e-16j
  9.79183322e-19-4.02838811e-16j -2.33577276e-18+3.93745013e-16j], Seed dd: [0.+0.j 0.+0.j 0.+0.j 0.+0.j]
F_onsite: (-4.99129268965516e-22-1.0959421923827344e-20j)
F_swave: (4.647564663532651e-22+3.0756908286889605e-21j), F_dwave: (3.4372802612429173e-23+7.346101209261539e-21j)
F_px: (1.3476663458643985e-20+9.178259891220421e-35j), F_py: (2.612181306630509e-21+6.909596217527501e-21j)
Free_energy = -9946.266455287016
------------------------------------------
[{'stable': {'Fuu_px': np.complex128(0.07112896858213363+3.44248589324251e-16j)}, 'free': np.float64(-9946.266455287016)}]
------------------------------------------
  Seed: uu:px+py
  Seed uu: [ 0.03597147-0.03618289j -0.03597147+0.03618289j  0.03626318+0.0360513j
 -0.03626318-0.0360513j ], Seed dd: [0.+0.j 0.+0.j 0.+0.j 0.+0.j]
F_onsite: (-1.2082989214690437e-19-8.658210878247471e-21j)
F_swave: (3.474854508567143e-20+8.773993973328772e-21j), F_dwave: (-1.0292941752225273e-20+3.062665936140536e-21j)
F_px: (1.1548450221277298e-19-8.142140897558687e-20j), F_py: (4.8593450963950085e-20+4.961891657081351e-20j)
Free_energy = -9947.332784191534
------------------------------------------
[{'stable': {'Fuu_px': np.complex128(0.03597199836810397-0.03618341962262982j), 'Fuu_py': np.complex128(0.036262652219060526+0.036050768004818615j)}, 'free': np.float64(-9947.332784191534)}]
------------------------------------------
  Seed: uu:px+ipy
  Seed uu: [ 5.10777025e-02+1.75213265e-16j -5.10777025e-02-1.64349220e-16j
 -1.93791874e-16+5.10777025e-02j  1.80391919e-16-5.10777025e-02j], Seed dd: [0.+0.j 0.+0.j 0.+0.j 0.+0.j]
F_onsite: (-1.381005980993552e-20-7.257660202173126e-20j)
F_swave: (-6.050467554483473e-21+9.878841837693446e-21j), F_dwave: (3.6360449680325863e-20+3.028788522521066e-20j)
F_px: (1.3956695582588864e-20-8.710863082934681e-22j), F_py: (5.211506810736544e-20-5.2243535755537104e-20j)
Free_energy = -9947.332791346797
------------------------------------------
[{'stable': {'Fuu_px': np.complex128(0.03597199836810397-0.03618341962262982j), 'Fuu_py': np.complex128(0.036262652219060526+0.036050768004818615j)}, 'free': np.float64(-9947.332784191534)}, {'stable': {'Fuu_px': np.complex128(0.05107770215327517+1.8326905125628514e-16j), 'Fuu_py': np.complex128(-1.9340726801131067e-16+0.05107770215327602j)}, 'free': np.float64(-9947.332791346797)}]
------------------------------------------
  Seed: dd:px
  Seed uu: [0.+0.j 0.+0.j 0.+0.j 0.+0.j], Seed dd: [ 4.52562453e-02+1.75074299e-17j -4.52562453e-02-7.47914211e-18j
  8.98321454e-19+2.25628677e-15j -1.16346593e-18-2.24552527e-15j]
F_onsite: (-1.7616612950794667e-20+1.7064370591888343e-34j)
F_swave: (2.299367198907506e-22-1.504632769052528e-36j), F_dwave: (2.924343720874405e-20+2.1064858766735392e-35j)
F_px: (-2.196763842816691e-34-1.7146563730857774e-20j), F_py: (6.018531076210112e-35-2.500051314041025e-20j)
Free_energy = -9925.363097304638
------------------------------------------
[{'stable': {'Fuu_px': np.complex128(0.03597199836810397-0.03618341962262982j), 'Fuu_py': np.complex128(0.036262652219060526+0.036050768004818615j)}, 'free': np.float64(-9947.332784191534)}, {'stable': {'Fuu_px': np.complex128(0.05107770215327517+1.8326905125628514e-16j), 'Fuu_py': np.complex128(-1.9340726801131067e-16+0.05107770215327602j)}, 'free': np.float64(-9947.332791346797)}]
------------------------------------------
  Seed: dd:px+py
  Seed uu: [0.+0.j 0.+0.j 0.+0.j 0.+0.j], Seed dd: [ 0.02433812+0.02433299j -0.02433812-0.02433299j  0.02433813-0.02433298j
 -0.02433813+0.02433298j]
F_onsite: (-2.052345370159788e-20-3.444748173590812e-21j)
F_swave: (8.706171299044029e-21+8.712769029210519e-22j), F_dwave: (4.423947547049136e-21-1.0464685249899666e-21j)
F_px: (-1.0240889147375777e-21+4.735789021433307e-22j), F_py: (2.3370967495017667e-22+1.1897599143655789e-20j)
Free_energy = -9927.362886112047
------------------------------------------
[{'stable': {'Fuu_px': np.complex128(0.03597199836810397-0.03618341962262982j), 'Fuu_py': np.complex128(0.036262652219060526+0.036050768004818615j)}, 'free': np.float64(-9947.332784191534)}, {'stable': {'Fuu_px': np.complex128(0.05107770215327517+1.8326905125628514e-16j), 'Fuu_py': np.complex128(-1.9340726801131067e-16+0.05107770215327602j)}, 'free': np.float64(-9947.332791346797)}]
------------------------------------------
  Seed: dd:px+ipy
  Seed uu: [0.+0.j 0.+0.j 0.+0.j 0.+0.j], Seed dd: [ 3.44158508e-02+1.82280431e-17j -3.44158508e-02-2.95861726e-17j
  6.81829759e-18+3.44158508e-02j -2.89854675e-18-3.44158508e-02j]
F_onsite: (1.4552082321326547e-21-1.8570299706208792e-21j)
F_swave: (6.169906793622114e-21+2.7278949314073237e-22j), F_dwave: (1.587193789661918e-20+3.101870937106275e-22j)
F_px: (-3.6962903563036566e-21-2.803520121268108e-20j), F_py: (1.0298997912540115e-21+3.734872742523986e-21j)
Free_energy = -9927.36303618241
------------------------------------------
[{'stable': {'Fuu_px': np.complex128(0.03597199836810397-0.03618341962262982j), 'Fuu_py': np.complex128(0.036262652219060526+0.036050768004818615j)}, 'free': np.float64(-9947.332784191534)}, {'stable': {'Fuu_px': np.complex128(0.05107770215327517+1.8326905125628514e-16j), 'Fuu_py': np.complex128(-1.9340726801131067e-16+0.05107770215327602j)}, 'free': np.float64(-9947.332791346797)}]
------------------------------------------
  Seed: uu+dd:px
  Seed uu: [ 7.11289681e-02+3.25360602e-16j -7.11289681e-02-3.01424933e-16j
 -1.82743388e-18-4.19978046e-16j  2.62485584e-18+4.24704331e-16j], Seed dd: [ 4.52562453e-02+1.13375360e-17j -4.52562453e-02-1.24645133e-17j
 -5.69255771e-19+2.13935858e-15j -7.74763831e-19-2.12598795e-15j]
F_onsite: (-7.874891464326147e-21-1.767938925216639e-21j)
F_swave: (2.3269916661193483e-21+2.983205525273112e-21j), F_dwave: (5.5478997982066465e-21+3.7841973338559544e-22j)
F_px: (-1.0108843657886716e-19+1.0568164411632694e-33j), F_py: (-1.5080187238323175e-20+7.571306632070104e-21j)
Free_energy = -9959.02785383916
------------------------------------------
[{'stable': {'Fuu_px': np.complex128(0.07112896801821691+3.2320307636787263e-16j), 'Fdd_px': np.complex128(0.04525624394687644+1.592927513628477e-17j)}, 'free': np.float64(-9959.02785383916)}]
------------------------------------------
  Seed: uu+dd:px+py
  Seed uu: [ 0.03592851-0.03622554j -0.03592851+0.03622554j  0.03630594+0.03600825j
 -0.03630594-0.03600825j], Seed dd: [ 0.02433567+0.02433568j -0.02433567-0.02433568j  0.02433568-0.02433567j
 -0.02433568+0.02433567j]
F_onsite: (-2.7681847091013215e-20+1.3223346872297125e-20j)
F_swave: (1.392198774169826e-20-4.4646106755304324e-21j), F_dwave: (-5.304833964405034e-20+8.10771997111718e-21j)
F_px: (-2.507482160127026e-20+6.125110639978805e-21j), F_py: (-2.886122214551365e-20+6.15410914765604e-20j)
Free_energy = -9962.094117823179
------------------------------------------
[{'stable': {'Fuu_px': np.complex128(0.03592903903280793-0.036226072923997536j), 'Fuu_py': np.complex128(0.036305403329187816+0.03600771897226906j), 'Fdd_px': np.complex128(0.02433567353382761+0.024335681734822517j), 'Fdd_py': np.complex128(0.02433568344149647-0.02433567198814921j)}, 'free': np.float64(-9962.094117823179)}]
------------------------------------------
  Seed: uu+dd:px+ipy
  Seed uu: [ 5.10777017e-02+1.96916684e-16j -5.10777017e-02-1.87435421e-16j
 -1.96686980e-16+5.10777017e-02j  1.84728727e-16-5.10777017e-02j], Seed dd: [ 3.44158508e-02+7.98667366e-18j -3.44158508e-02-2.45014339e-17j
  9.81086499e-18+3.44158508e-02j -7.68793573e-18-3.44158508e-02j]
F_onsite: (-8.498410912295616e-20-1.0492360857875275e-19j)
F_swave: (1.6164351064019163e-20+2.014582655409739e-20j), F_dwave: (-3.864844478720534e-20-8.992909246836203e-21j)
F_px: (-7.18851933869963e-20-1.1139932030024403e-19j), F_py: (-7.604733042197302e-20-3.1667091127103887e-20j)
Free_energy = -9962.094128434957
------------------------------------------
[{'stable': {'Fuu_px': np.complex128(0.03592903903280793-0.036226072923997536j), 'Fuu_py': np.complex128(0.036305403329187816+0.03600771897226906j), 'Fdd_px': np.complex128(0.02433567353382761+0.024335681734822517j), 'Fdd_py': np.complex128(0.02433568344149647-0.02433567198814921j)}, 'free': np.float64(-9962.094117823179)}, {'stable': {'Fuu_px': np.complex128(0.05107770158055086+2.0580772447999522e-16j), 'Fuu_py': np.complex128(-1.9747832011405165e-16+0.051077701580551874j), 'Fdd_px': np.complex128(0.03441584934011742-1.8941774282974291e-19j), 'Fdd_py': np.complex128(7.888814884473325e-18+0.03441584934011779j)}, 'free': np.float64(-9962.094128434957)}]
------------------------------------------
====================================
mu=0.56, T=0.1834
====================================
  Seed: normal state
  Seed uu: [0.+0.j 0.+0.j 0.+0.j 0.+0.j], Seed dd: [0.+0.j 0.+0.j 0.+0.j 0.+0.j]
F_onsite: 0j
F_swave: 0j, F_dwave: 0j
F_px: 0j, F_py: 0j
Free_energy = -9922.7201708732
------------------------------------------
[{'stable': {}, 'free': np.float64(-9922.7201708732)}]
------------------------------------------
  Seed: uu:px
  Seed uu: [ 7.11289686e-02+3.38379710e-16j -7.11289686e-02-3.50117469e-16j
 -4.69044495e-20-4.30740182e-16j -4.64365961e-19+4.26293312e-16j], Seed dd: [0.+0.j 0.+0.j 0.+0.j 0.+0.j]
F_onsite: (-2.2338089469743657e-20+3.989128331857336e-20j)
F_swave: (6.606581778798913e-21-1.0755562507759863e-20j), F_dwave: (1.573150769094398e-20+4.998254092653492e-21j)
F_px: (1.1683283149478398e-19+2.291555707267e-33j), F_py: (-1.991662769973058e-21+1.1517163865203371e-20j)
Free_energy = -9955.848704614538
------------------------------------------
[{'stable': {'Fuu_px': np.complex128(0.07112896835710522+3.1361347226487187e-16j)}, 'free': np.float64(-9955.848704614538)}]
------------------------------------------
  Seed: uu:px+py
  Seed uu: [ 0.035972  -0.03618342j -0.035972  +0.03618342j  0.03626265+0.03605077j
 -0.03626265-0.03605077j], Seed dd: [0.+0.j 0.+0.j 0.+0.j 0.+0.j]
F_onsite: (-3.3438332736554222e-21-2.907988149221946e-20j)
F_swave: (-1.417223391382607e-21+4.4877046459915956e-21j), F_dwave: (-3.1344774123398276e-20+9.40727862262465e-21j)
F_px: (1.381936517901726e-20-1.4070159422295008e-19j), F_py: (-3.4152618511237e-20+7.431482949745408e-20j)
Free_energy = -9956.898468668534
------------------------------------------
[{'stable': {'Fuu_px': np.complex128(0.03597252057987094-0.03618394490367934j), 'Fuu_py': np.complex128(0.03626212822335642+0.03605024707088651j)}, 'free': np.float64(-9956.898468668534)}]
------------------------------------------
  Seed: uu:px+ipy
  Seed uu: [ 5.10777022e-02+1.94121687e-16j -5.10777022e-02-1.72416415e-16j
 -1.99350528e-16+5.10777022e-02j  1.87464008e-16-5.10777022e-02j], Seed dd: [0.+0.j 0.+0.j 0.+0.j 0.+0.j]
F_onsite: (-2.3429790098457634e-20+5.620260658613205e-20j)
F_swave: (4.156356567877683e-21-8.3773349221545e-21j), F_dwave: (-9.952622985171805e-20-3.8103486552314e-20j)
F_px: (2.3670221289369937e-20+1.241708871411692e-20j), F_py: (7.739497606815397e-20-1.103722341965773e-20j)
Free_energy = -9956.898475076123
------------------------------------------
[{'stable': {'Fuu_px': np.complex128(0.03597252057987094-0.03618394490367934j), 'Fuu_py': np.complex128(0.03626212822335642+0.03605024707088651j)}, 'free': np.float64(-9956.898468668534)}, {'stable': {'Fuu_px': np.complex128(0.05107770189079213+2.1542647181033744e-16j), 'Fuu_py': np.complex128(-1.999063665271357e-16+0.05107770189079316j)}, 'free': np.float64(-9956.898475076123)}]
------------------------------------------
  Seed: dd:px
  Seed uu: [0.+0.j 0.+0.j 0.+0.j 0.+0.j], Seed dd: [ 4.52562439e-02+1.79552985e-17j -4.52562439e-02-1.87368982e-17j
 -8.58646563e-20+2.44576449e-15j  2.68155411e-19-2.44234306e-15j]
F_onsite: (2.793000033032289e-20-2.927993787078173e-35j)
F_swave: (1.025040427826554e-21+9.027796614315168e-36j), F_dwave: (-1.8682529038225773e-20-8.57640678359941e-35j)
F_px: (1.504632769052528e-35-4.793100648787848e-21j), F_py: (-1.9560225997682864e-35-7.384509103798646e-21j)
Free_energy = -9935.277991541927
------------------------------------------
[{'stable': {'Fuu_px': np.complex128(0.03597252057987094-0.03618394490367934j), 'Fuu_py': np.complex128(0.03626212822335642+0.03605024707088651j)}, 'free': np.float64(-9956.898468668534)}, {'stable': {'Fuu_px': np.complex128(0.05107770189079213+2.1542647181033744e-16j), 'Fuu_py': np.complex128(-1.999063665271357e-16+0.05107770189079316j)}, 'free': np.float64(-9956.898475076123)}]
------------------------------------------
  Seed: dd:px+py
  Seed uu: [0.+0.j 0.+0.j 0.+0.j 0.+0.j], Seed dd: [ 0.02433764+0.02433354j -0.02433764-0.02433354j  0.02433764-0.02433353j
 -0.02433764+0.02433353j]
F_onsite: (-1.611203042481038e-20-1.265228703663908e-21j)
F_swave: (9.000476850320265e-21+2.5267978588651274e-22j), F_dwave: (4.229291541060765e-20+1.6244875426869744e-22j)
F_px: (2.6096313707921107e-22+2.1446813164917957e-20j), F_py: (1.1001545177513834e-21+1.5016002344911832e-20j)
Free_energy = -9937.24578374275
------------------------------------------
[{'stable': {'Fuu_px': np.complex128(0.03597252057987094-0.03618394490367934j), 'Fuu_py': np.complex128(0.03626212822335642+0.03605024707088651j)}, 'free': np.float64(-9956.898468668534)}, {'stable': {'Fuu_px': np.complex128(0.05107770189079213+2.1542647181033744e-16j), 'Fuu_py': np.complex128(-1.999063665271357e-16+0.05107770189079316j)}, 'free': np.float64(-9956.898475076123)}]
------------------------------------------
  Seed: dd:px+ipy
  Seed uu: [0.+0.j 0.+0.j 0.+0.j 0.+0.j], Seed dd: [ 3.44158493e-02+1.09143901e-17j -3.44158493e-02-1.38116134e-17j
  6.26555565e-18+3.44158493e-02j -3.69645178e-18-3.44158493e-02j]
F_onsite: (3.088928166472794e-20+9.547074557780845e-22j)
F_swave: (1.0514727880848348e-21+6.325654239088377e-23j), F_dwave: (9.219815258230137e-21+2.8645641098380975e-21j)
F_px: (4.0095566632950846e-22-1.6666423127728654e-20j), F_py: (3.0567075104980254e-22+1.538620278125634e-20j)
Free_energy = -9937.24589207719
------------------------------------------
[{'stable': {'Fuu_px': np.complex128(0.03597252057987094-0.03618394490367934j), 'Fuu_py': np.complex128(0.03626212822335642+0.03605024707088651j)}, 'free': np.float64(-9956.898468668534)}, {'stable': {'Fuu_px': np.complex128(0.05107770189079213+2.1542647181033744e-16j), 'Fuu_py': np.complex128(-1.999063665271357e-16+0.05107770189079316j)}, 'free': np.float64(-9956.898475076123)}]
------------------------------------------
  Seed: uu+dd:px
  Seed uu: [ 7.11289680e-02+3.26241622e-16j -7.11289680e-02-3.20164531e-16j
  3.53550229e-19-4.30873378e-16j  3.17604268e-19+4.06456436e-16j], Seed dd: [ 4.52562439e-02+1.11985697e-17j -4.52562439e-02-2.06599806e-17j
 -1.07420983e-19+2.32186358e-15j -1.03108394e-18-2.32101649e-15j]
F_onsite: (-3.3125163444819384e-21+7.101891130830341e-21j)
F_swave: (6.994551189337931e-22-1.5762578371903747e-21j), F_dwave: (2.6130612255479593e-21+2.656822269806897e-20j)
F_px: (-4.536385929536602e-20+6.138901697734314e-34j), F_py: (1.6861327537939164e-21+9.513965444856988e-22j)
Free_energy = -9968.406524767122
------------------------------------------
[{'stable': {'Fuu_px': np.complex128(0.07112896796632306+3.4380831748013596e-16j), 'Fdd_px': np.complex128(0.04525624296010593+1.1660626128817122e-17j)}, 'free': np.float64(-9968.406524767122)}]
------------------------------------------
  Seed: uu+dd:px+py
  Seed uu: [ 0.03592904-0.03622607j -0.03592904+0.03622607j  0.0363054 +0.03600772j
 -0.0363054 -0.03600772j], Seed dd: [ 0.02433567+0.02433568j -0.02433567-0.02433568j  0.02433568-0.02433567j
 -0.02433568+0.02433567j]
F_onsite: (-9.090899881759534e-20+4.47833340104427e-20j)
F_swave: (1.7046291771251735e-20-1.5756400510544224e-20j), F_dwave: (7.590744848788415e-20+2.5435783050952008e-21j)
F_px: (-5.930428759952713e-20-4.683517875450596e-21j), F_py: (-8.388885672662143e-20-2.088781414124353e-20j)
Free_energy = -9971.42418658641
------------------------------------------
[{'stable': {'Fuu_px': np.complex128(0.035929560649967704-0.03622659885349015j), 'Fuu_py': np.complex128(0.03630487868668785+0.03600719863154915j), 'Fdd_px': np.complex128(0.024335673372744407+0.024335681902135104j), 'Fdd_py': np.complex128(0.024335683275156395-0.024335672150205087j)}, 'free': np.float64(-9971.42418658641)}]
------------------------------------------
  Seed: uu+dd:px+ipy
  Seed uu: [ 5.10777016e-02+2.13887731e-16j -5.10777016e-02-1.97727718e-16j
 -2.03293625e-16+5.10777016e-02j  1.91663015e-16-5.10777016e-02j], Seed dd: [ 3.44158493e-02-2.11657652e-18j -3.44158493e-02-1.73774103e-18j
  9.45500527e-18+3.44158493e-02j -6.32262450e-18-3.44158493e-02j]
F_onsite: (-7.554347407792068e-20-2.4840195072630694e-20j)
F_swave: (2.5689339967812665e-20+2.983056948388752e-21j), F_dwave: (-4.350620225015464e-22+1.1439506598413541e-20j)
F_px: (7.911998743955822e-20-3.012061217657468e-20j), F_py: (1.321563867489668e-20-8.612266928419674e-20j)
Free_energy = -9971.42419552667
------------------------------------------
[{'stable': {'Fuu_px': np.complex128(0.035929560649967704-0.03622659885349015j), 'Fuu_py': np.complex128(0.03630487868668785+0.03600719863154915j), 'Fdd_px': np.complex128(0.024335673372744407+0.024335681902135104j), 'Fdd_py': np.complex128(0.024335683275156395-0.024335672150205087j)}, 'free': np.float64(-9971.42418658641)}, {'stable': {'Fuu_px': np.complex128(0.05107770149180903+2.2002961942263173e-16j), 'Fuu_py': np.complex128(-2.0606424311411526e-16+0.05107770149181j), 'Fdd_px': np.complex128(0.034415848292344536-7.752998445337018e-20j), 'Fdd_py': np.complex128(8.74341818869371e-18+0.03441584829234499j)}, 'free': np.float64(-9971.42419552667)}]
------------------------------------------
====================================
mu=0.56, T=0.1917
====================================
  Seed: normal state
  Seed uu: [0.+0.j 0.+0.j 0.+0.j 0.+0.j], Seed dd: [0.+0.j 0.+0.j 0.+0.j 0.+0.j]
F_onsite: 0j
F_swave: 0j, F_dwave: 0j
F_px: 0j, F_py: 0j
Free_energy = -9933.255685426273
------------------------------------------
[{'stable': {}, 'free': np.float64(-9933.255685426273)}]
------------------------------------------
  Seed: uu:px
  Seed uu: [ 7.11289684e-02+3.22057491e-16j -7.11289684e-02-3.05169454e-16j
  7.59901050e-19-4.32689788e-16j -1.08617417e-18+4.15895189e-16j], Seed dd: [0.+0.j 0.+0.j 0.+0.j 0.+0.j]
F_onsite: (-8.003057748362389e-21-2.8267842094653587e-21j)
F_swave: (1.835752785871679e-21+3.3292054882949165e-21j), F_dwave: (6.167304962490493e-21+4.202944461193026e-20j)
F_px: (7.310126163000368e-20+7.131959325308983e-34j), F_py: (1.4841942963427977e-21+1.2500992515639474e-20j)
Free_energy = -9965.868173180514
------------------------------------------
[{'stable': {'Fuu_px': np.complex128(0.07112896820116477+3.318802142284437e-16j)}, 'free': np.float64(-9965.868173180514)}]
------------------------------------------
  Seed: uu:px+py
  Seed uu: [ 0.03597252-0.03618394j -0.03597252+0.03618394j  0.03626213+0.03605025j
 -0.03626213-0.03605025j], Seed dd: [0.+0.j 0.+0.j 0.+0.j 0.+0.j]
F_onsite: (5.415363874875623e-20+2.0385784387770854e-20j)
F_swave: (9.605977481995326e-21+6.286980664589786e-21j), F_dwave: (-1.8422917950174042e-20-1.900596150732519e-20j)
F_px: (-1.4102934614973075e-19-1.2573268553739877e-19j), F_py: (-1.3788572114345213e-19+1.7089558462375777e-19j)
Free_energy = -9966.901916228735
------------------------------------------
[{'stable': {'Fuu_px': np.complex128(0.03597303586769151-0.03618446322007539j), 'Fuu_py': np.complex128(0.03626161115848467+0.036049733027277285j)}, 'free': np.float64(-9966.901916228735)}]
------------------------------------------
  Seed: uu:px+ipy
  Seed uu: [ 5.10777019e-02+2.17033823e-16j -5.10777019e-02-2.13819121e-16j
 -2.04997643e-16+5.10777019e-02j  1.94815090e-16-5.10777019e-02j], Seed dd: [0.+0.j 0.+0.j 0.+0.j 0.+0.j]
F_onsite: (-1.2866412014955425e-19+1.2207556561912147e-19j)
F_swave: (1.5900303901107983e-20-2.4299687431874856e-20j), F_dwave: (2.40558769077409e-20-2.060134003712549e-20j)
F_px: (-3.985205743008081e-20-2.6995753355847944e-21j), F_py: (2.1219286090401933e-20-6.293686988124683e-20j)
Free_energy = -9966.90192206265
------------------------------------------
[{'stable': {'Fuu_px': np.complex128(0.03597303586769151-0.03618446322007539j), 'Fuu_py': np.complex128(0.03626161115848467+0.036049733027277285j)}, 'free': np.float64(-9966.901916228735)}, {'stable': {'Fuu_px': np.complex128(0.05107770170793592+2.0345164939764818e-16j), 'Fuu_py': np.complex128(-2.0621490909960812e-16+0.05107770170793699j)}, 'free': np.float64(-9966.90192206265)}]
------------------------------------------
  Seed: dd:px
  Seed uu: [0.+0.j 0.+0.j 0.+0.j 0.+0.j], Seed dd: [ 4.52562430e-02+2.59237080e-17j -4.52562430e-02-1.79885446e-17j
  1.15018472e-18+2.66109821e-15j -7.90923632e-19-2.64549899e-15j]
F_onsite: (4.7064343631869566e-20+9.117305849765184e-35j)
F_swave: (2.146235381794141e-21+3.949661018762886e-35j), F_dwave: (3.1172394100019563e-21-3.6487344649523804e-35j)
F_px: (-4.739593222515463e-35+1.7053613442266136e-20j), F_py: (9.225279665253312e-35-7.933329350798574e-21j)
Free_energy = -9945.618245290321
------------------------------------------
[{'stable': {'Fuu_px': np.complex128(0.03597303586769151-0.03618446322007539j), 'Fuu_py': np.complex128(0.03626161115848467+0.036049733027277285j)}, 'free': np.float64(-9966.901916228735)}, {'stable': {'Fuu_px': np.complex128(0.05107770170793592+2.0345164939764818e-16j), 'Fuu_py': np.complex128(-2.0621490909960812e-16+0.05107770170793699j)}, 'free': np.float64(-9966.90192206265)}]
------------------------------------------
  Seed: dd:px+py
  Seed uu: [0.+0.j 0.+0.j 0.+0.j 0.+0.j], Seed dd: [ 0.02433725+0.02433398j -0.02433725-0.02433398j  0.02433725-0.02433397j
 -0.02433725+0.02433397j]
F_onsite: (5.670861342151716e-21+5.459717316707973e-22j)
F_swave: (2.7530590555943303e-22-1.5735771305748337e-22j), F_dwave: (-2.563153675433036e-21+4.923377784751823e-22j)
F_px: (-1.0908098425502421e-21-3.1590798283157207e-21j), F_py: (1.6983794824132857e-21-1.1812351727761435e-20j)
Free_energy = -9947.555354267835
------------------------------------------
[{'stable': {'Fuu_px': np.complex128(0.03597303586769151-0.03618446322007539j), 'Fuu_py': np.complex128(0.03626161115848467+0.036049733027277285j)}, 'free': np.float64(-9966.901916228735)}, {'stable': {'Fuu_px': np.complex128(0.05107770170793592+2.0345164939764818e-16j), 'Fuu_py': np.complex128(-2.0621490909960812e-16+0.05107770170793699j)}, 'free': np.float64(-9966.90192206265)}]
------------------------------------------
  Seed: dd:px+ipy
  Seed uu: [0.+0.j 0.+0.j 0.+0.j 0.+0.j], Seed dd: [ 3.44158483e-02+9.61594153e-18j -3.44158483e-02-1.47093095e-17j
  7.00310959e-18+3.44158483e-02j -3.63943588e-18-3.44158483e-02j]
F_onsite: (1.5851299256591814e-20+6.087526461507808e-21j)
F_swave: (-8.798222279240403e-22-9.856357899813217e-22j), F_dwave: (-1.1722810212850832e-20+1.2771059822199255e-21j)
F_px: (-1.1442127979934753e-21-1.8285268271801572e-20j), F_py: (-1.2076041975377078e-21-4.184884486998697e-21j)
Free_energy = -9947.555432494863
------------------------------------------
[{'stable': {'Fuu_px': np.complex128(0.03597303586769151-0.03618446322007539j), 'Fuu_py': np.complex128(0.03626161115848467+0.036049733027277285j)}, 'free': np.float64(-9966.901916228735)}, {'stable': {'Fuu_px': np.complex128(0.05107770170793592+2.0345164939764818e-16j), 'Fuu_py': np.complex128(-2.0621490909960812e-16+0.05107770170793699j)}, 'free': np.float64(-9966.90192206265)}]
------------------------------------------
  Seed: uu+dd:px
  Seed uu: [ 7.11289680e-02+3.53074514e-16j -7.11289680e-02-3.34542121e-16j
 -1.99785294e-18-4.70273486e-16j  1.72875454e-18+4.52173028e-16j], Seed dd: [ 4.52562430e-02+1.03097674e-17j -4.52562430e-02-1.30114849e-17j
 -7.52403485e-21+2.52872290e-15j -3.68128460e-19-2.51659788e-15j]
F_onsite: (1.4481049991476273e-20+4.4872878072189894e-20j)
F_swave: (-4.075115214132061e-21-7.06572190019797e-21j), F_dwave: (-1.0405934777343878e-20-7.287476003915666e-21j)
F_px: (-1.2318672731717376e-19+6.033577403900637e-34j), F_py: (4.662480643358354e-22-1.515710466759771e-20j)
Free_energy = -9978.230732691985
------------------------------------------
[{'stable': {'Fuu_px': np.complex128(0.07112896793036153+3.6630082740822067e-16j), 'Fdd_px': np.complex128(0.04525624223849778+1.8193235385617905e-17j)}, 'free': np.float64(-9978.230732691985)}]
------------------------------------------
  Seed: uu+dd:px+py
  Seed uu: [ 0.03592956-0.0362266j -0.03592956+0.0362266j  0.03630488+0.0360072j
 -0.03630488-0.0360072j], Seed dd: [ 0.02433567+0.02433568j -0.02433567-0.02433568j  0.02433568-0.02433567j
 -0.02433568+0.02433567j]
F_onsite: (-6.448257516792894e-20-5.330026568728681e-20j)
F_swave: (-9.90165839807883e-21+1.149918197131714e-20j), F_dwave: (-2.771759312693031e-20+3.4298860179626145e-21j)
F_px: (-8.81797606372423e-20-2.225176380843895e-20j), F_py: (-6.90240515143469e-20+5.382276328648827e-20j)
Free_energy = -9981.201660925395
------------------------------------------
[{'stable': {'Fuu_px': np.complex128(0.035930075351060305-0.03622711780973879j), 'Fuu_py': np.complex128(0.03630436098357055+0.03600668517331283j), 'Fdd_px': np.complex128(0.024335673244518304+0.02433568203598741j), 'Fdd_py': np.complex128(0.02433568314201671-0.02433567227914396j)}, 'free': np.float64(-9981.201660925395)}]
------------------------------------------
  Seed: uu+dd:px+ipy
  Seed uu: [ 5.10777015e-02+2.30526475e-16j -5.10777015e-02-2.09532764e-16j
 -2.11735843e-16+5.10777015e-02j  2.00392643e-16-5.10777015e-02j], Seed dd: [ 3.44158483e-02-1.42227420e-18j -3.44158483e-02-1.26721423e-18j
  1.03590012e-17+3.44158483e-02j -7.12783519e-18-3.44158483e-02j]
F_onsite: (-3.1051051108844406e-20+4.105100729996081e-20j)
F_swave: (7.218203055497273e-21-5.4044282809265625e-21j), F_dwave: (4.635971434707137e-20+9.62657201371363e-22j)
F_px: (-9.549676818466808e-20+3.662557399394535e-20j), F_py: (4.178711368491917e-20-2.3421783579486382e-20j)
Free_energy = -9981.20166861386
------------------------------------------
[{'stable': {'Fuu_px': np.complex128(0.035930075351060305-0.03622711780973879j), 'Fuu_py': np.complex128(0.03630436098357055+0.03600668517331283j), 'Fdd_px': np.complex128(0.024335673244518304+0.02433568203598741j), 'Fdd_py': np.complex128(0.02433568314201671-0.02433567227914396j)}, 'free': np.float64(-9981.201660925395)}, {'stable': {'Fuu_px': np.complex128(0.051077701429987965+2.25684040801587e-16j), 'Fuu_py': np.complex128(-2.1472597556295814e-16+0.051077701429989006j), 'Fdd_px': np.complex128(0.03441584752458533-1.1970057852360959e-17j), 'Fdd_py': np.complex128(9.149358728665334e-18+0.03441584752458581j)}, 'free': np.float64(-9981.20166861386)}]
------------------------------------------
====================================
mu=0.56, T=0.2000
====================================
  Seed: normal state
  Seed uu: [0.+0.j 0.+0.j 0.+0.j 0.+0.j], Seed dd: [0.+0.j 0.+0.j 0.+0.j 0.+0.j]
F_onsite: 0j
F_swave: 0j, F_dwave: 0j
F_px: 0j, F_py: 0j
Free_energy = -9944.206487272444
------------------------------------------
[{'stable': {}, 'free': np.float64(-9944.206487272444)}]
------------------------------------------
  Seed: uu:px
  Seed uu: [ 7.11289682e-02+3.39470371e-16j -7.11289682e-02-3.24290058e-16j
 -2.36491599e-18-4.57588956e-16j  1.12487299e-18+4.38966408e-16j], Seed dd: [0.+0.j 0.+0.j 0.+0.j 0.+0.j]
F_onsite: (-1.4705755075847026e-20-7.465353368225605e-22j)
F_swave: (4.337115580039932e-21+6.889200776873094e-21j), F_dwave: (1.0368639495807109e-20+7.678211974559044e-21j)
F_px: (9.206481260756217e-20+9.11807458045832e-34j), F_py: (-1.1357536880557717e-20+5.112462064911918e-21j)
Free_energy = -9976.321851495508
------------------------------------------
[{'stable': {'Fuu_px': np.complex128(0.07112896809310204+3.70192890861295e-16j)}, 'free': np.float64(-9976.321851495508)}]
------------------------------------------
  Seed: uu:px+py
  Seed uu: [ 0.03597304-0.03618446j -0.03597304+0.03618446j  0.03626161+0.03604973j
 -0.03626161-0.03604973j], Seed dd: [0.+0.j 0.+0.j 0.+0.j 0.+0.j]
F_onsite: (9.580199896601761e-20+5.347097364091138e-20j)
F_swave: (-1.946630572973111e-20-9.988047430854779e-21j), F_dwave: (-2.929644367754127e-20+1.4092922915856563e-20j)
F_px: (1.134620629878439e-19-5.062909237110894e-20j), F_py: (1.389766582100481e-19+6.284241743086632e-20j)
Free_energy = -9977.340094306428
------------------------------------------
[{'stable': {'Fuu_px': np.complex128(0.03597354432347573-0.03618497466427133j), 'Fuu_py': np.complex128(0.03626110093288257+0.03604922578296653j)}, 'free': np.float64(-9977.340094306428)}]
------------------------------------------
  Seed: uu:px+ipy
  Seed uu: [ 5.10777017e-02+2.10103981e-16j -5.10777017e-02-1.96799317e-16j
 -2.12321831e-16+5.10777017e-02j  2.00107987e-16-5.10777017e-02j], Seed dd: [0.+0.j 0.+0.j 0.+0.j 0.+0.j]
F_onsite: (-1.0085900619932588e-20-1.6684471492066695e-19j)
F_swave: (-2.840176154829994e-21+5.0872698523062505e-20j), F_dwave: (-1.0977912916730087e-20-1.648693451315065e-19j)
F_px: (-8.672580529898993e-20-2.7616447320027583e-20j), F_py: (5.714431351705604e-20-2.926166097388659e-20j)
Free_energy = -9977.340099688945
------------------------------------------
[{'stable': {'Fuu_px': np.complex128(0.03597354432347573-0.03618497466427133j), 'Fuu_py': np.complex128(0.03626110093288257+0.03604922578296653j)}, 'free': np.float64(-9977.340094306428)}, {'stable': {'Fuu_px': np.complex128(0.051077701580550854+2.224544100528248e-16j), 'Fuu_py': np.complex128(-2.125774235526884e-16+0.05107770158055188j)}, 'free': np.float64(-9977.340099688945)}]
------------------------------------------
  Seed: dd:px
  Seed uu: [0.+0.j 0.+0.j 0.+0.j 0.+0.j], Seed dd: [ 4.52562422e-02+3.03417790e-17j -4.52562422e-02-2.37678504e-17j
 -2.26581313e-20+2.90602896e-15j  3.37847032e-19-2.90771773e-15j]
F_onsite: (3.170857072339066e-20+5.678036242298466e-34j)
F_swave: (2.0832576405778137e-21-6.770847460736376e-35j), F_dwave: (-4.08669188427321e-20-1.7905129951725083e-34j)
F_px: (-7.824090399073146e-35+7.137363746798509e-22j), F_py: (7.041681359165831e-34-9.18453008574468e-21j)
Free_energy = -9956.381498847595
------------------------------------------
[{'stable': {'Fuu_px': np.complex128(0.03597354432347573-0.03618497466427133j), 'Fuu_py': np.complex128(0.03626110093288257+0.03604922578296653j)}, 'free': np.float64(-9977.340094306428)}, {'stable': {'Fuu_px': np.complex128(0.051077701580550854+2.224544100528248e-16j), 'Fuu_py': np.complex128(-2.125774235526884e-16+0.05107770158055188j)}, 'free': np.float64(-9977.340099688945)}]
------------------------------------------
  Seed: dd:px+py
  Seed uu: [0.+0.j 0.+0.j 0.+0.j 0.+0.j], Seed dd: [ 0.02433693+0.02433433j -0.02433693-0.02433433j  0.02433694-0.02433432j
 -0.02433694+0.02433432j]
F_onsite: (-2.341119634123967e-20+1.1754225163721867e-21j)
F_swave: (-2.3244307568802577e-22-1.6283868187037494e-22j), F_dwave: (2.9480453570208873e-20+2.013478288034087e-21j)
F_px: (6.181962996523135e-22+7.128216292310216e-21j), F_py: (-6.581293233786457e-22+2.85292397408987e-20j)
Free_energy = -9958.28914273677
------------------------------------------
[{'stable': {'Fuu_px': np.complex128(0.03597354432347573-0.03618497466427133j), 'Fuu_py': np.complex128(0.03626110093288257+0.03604922578296653j)}, 'free': np.float64(-9977.340094306428)}, {'stable': {'Fuu_px': np.complex128(0.051077701580550854+2.224544100528248e-16j), 'Fuu_py': np.complex128(-2.125774235526884e-16+0.05107770158055188j)}, 'free': np.float64(-9977.340099688945)}]
------------------------------------------
  Seed: dd:px+ipy
  Seed uu: [0.+0.j 0.+0.j 0.+0.j 0.+0.j], Seed dd: [ 3.44158475e-02-3.46711761e-18j -3.44158475e-02-2.01853245e-18j
  7.06097253e-18+3.44158475e-02j -5.92356610e-18-3.44158475e-02j]
F_onsite: (3.421136909280494e-21-2.284100964421943e-21j)
F_swave: (-3.622827237614007e-21-1.7796737219910388e-22j), F_dwave: (3.702837490224908e-20+1.6374586779056385e-22j)
F_px: (5.885187640728093e-22-1.0433231119184964e-20j), F_py: (1.3278923650255803e-21+1.7348859600081824e-20j)
Free_energy = -9958.289199238723
------------------------------------------
[{'stable': {'Fuu_px': np.complex128(0.03597354432347573-0.03618497466427133j), 'Fuu_py': np.complex128(0.03626110093288257+0.03604922578296653j)}, 'free': np.float64(-9977.340094306428)}, {'stable': {'Fuu_px': np.complex128(0.051077701580550854+2.224544100528248e-16j), 'Fuu_py': np.complex128(-2.125774235526884e-16+0.05107770158055188j)}, 'free': np.float64(-9977.340099688945)}]
------------------------------------------
  Seed: uu+dd:px
  Seed uu: [ 7.11289679e-02+3.71419395e-16j -7.11289679e-02-3.61182260e-16j
 -2.61816561e-18-4.80848322e-16j  3.50150847e-18+4.74081376e-16j], Seed dd: [ 4.52562422e-02+1.40697466e-17j -4.52562422e-02-2.23167241e-17j
  4.43616963e-19+2.74994286e-15j -5.16994500e-19-2.75469900e-15j]
F_onsite: (2.062439850943975e-20-6.957783170626345e-20j)
F_swave: (7.957219495923024e-22+1.875522614622394e-20j), F_dwave: (-2.1420120459031268e-20-3.1273622340505765e-20j)
F_px: (-6.426247631252973e-20+9.94562260343721e-34j), F_py: (1.8747709729466197e-21+7.914881132463979e-21j)
Free_energy = -9988.496862829757
------------------------------------------
[{'stable': {'Fuu_px': np.complex128(0.07112896790544145+3.7273965423589264e-16j), 'Fdd_px': np.complex128(0.04525624171079827+1.7320103235676332e-17j)}, 'free': np.float64(-9988.496862829757)}]
------------------------------------------
  Seed: uu+dd:px+py
  Seed uu: [ 0.03593008-0.03622712j -0.03593008+0.03622712j  0.03630436+0.03600669j
 -0.03630436-0.03600669j], Seed dd: [ 0.02433567+0.02433568j -0.02433567-0.02433568j  0.02433568-0.02433567j
 -0.02433568+0.02433567j]
F_onsite: (5.334599415413952e-20-2.8718064862091587e-20j)
F_swave: (-1.9489895793664415e-20+1.0194800074650116e-20j), F_dwave: (1.2082630288993057e-20+2.4991726496705993e-20j)
F_px: (-3.049245130037743e-20-2.174379278813054e-20j), F_py: (1.9388232303126e-20+9.328810589820553e-20j)
Free_energy = -9991.422804560018
------------------------------------------
[{'stable': {'Fuu_px': np.complex128(0.03593058322789203-0.036227629885308754j), 'Fuu_py': np.complex128(0.03630385012816108+0.036006178506636885j), 'Fdd_px': np.complex128(0.024335673142498983+0.024335682143121484j), 'Fdd_py': np.complex128(0.02433568303540485-0.024335672381685408j)}, 'free': np.float64(-9991.422804560018)}]
------------------------------------------
  Seed: uu+dd:px+ipy
  Seed uu: [ 5.10777014e-02+2.30820554e-16j -5.10777014e-02-2.20547527e-16j
 -2.20823078e-16+5.10777014e-02j  2.08628874e-16-5.10777014e-02j], Seed dd: [ 3.44158475e-02-1.41372446e-17j -3.44158475e-02+9.80287112e-18j
  1.03953707e-17+3.44158475e-02j -7.90334679e-18-3.44158475e-02j]
F_onsite: (-5.022037122381097e-20+1.5621244906738942e-19j)
F_swave: (1.2666458250167682e-20-2.1022458064559414e-20j), F_dwave: (-2.3949598207126732e-20-9.371665806984297e-20j)
F_px: (-6.052674521633551e-22+1.3692991750038085e-20j), F_py: (-1.0909341873132684e-20-9.390994867182817e-20j)
Free_energy = -9991.422811299934
------------------------------------------
[{'stable': {'Fuu_px': np.complex128(0.03593058322789203-0.036227629885308754j), 'Fuu_py': np.complex128(0.03630385012816108+0.036006178506636885j), 'Fdd_px': np.complex128(0.024335673142498983+0.024335682143121484j), 'Fdd_py': np.complex128(0.02433568303540485-0.024335672381685408j)}, 'free': np.float64(-9991.422804560018)}, {'stable': {'Fuu_px': np.complex128(0.05107770138692087+2.2481535557461853e-16j), 'Fuu_py': np.complex128(-2.2292837792637276e-16+0.05107770138692209j), 'Fdd_px': np.complex128(0.03441584696200739-1.3739562618734396e-17j), 'Fdd_py': np.complex128(1.0376709469236815e-17+0.034415846962007945j)}, 'free': np.float64(-9991.422811299934)}]
------------------------------------------
