/home/emilssp/D1/venv/bin/python
Python 3.10.12
Running job 4 out of 25
====================================
mu=0.75, T=0.0010
====================================
  Seed: normal state
  Seed uu: [0.+0.j 0.+0.j 0.+0.j 0.+0.j], Seed dd: [0.+0.j 0.+0.j 0.+0.j 0.+0.j]
F_onsite: 0j
F_swave: 0j, F_dwave: 0j
F_px: 0j, F_py: 0j
Free_energy = -10073.860879606622
------------------------------------------
[{'stable': {}, 'free': np.float64(-10073.860879606622)}]
------------------------------------------
  Seed: uu:px
  Seed uu: [ 0.1+0.j -0.1+0.j  0. +0.j  0. +0.j], Seed dd: [0.+0.j 0.+0.j 0.+0.j 0.+0.j]
F_onsite: (-1.5103689282162844e-42-5.03333098308753e-44j)
F_swave: (4.919482693680559e-43+1.639426248732191e-44j), F_dwave: (1.0184206593494111e-42+3.393904734355338e-44j)
F_px: 2.3578789571487252e-51j, F_py: (1.6683704019966984e-44+4.725470358412618e-43j)
Free_energy = -10118.117681223097
------------------------------------------
[{'stable': {'Fuu_px': np.complex128(0.06729876201057564+1.0661646058737241e-16j)}, 'free': np.float64(-10118.117681223097)}]
------------------------------------------
  Seed: uu:px+py
  Seed uu: [ 0.1+0.j -0.1+0.j  0.1+0.j -0.1+0.j], Seed dd: [0.+0.j 0.+0.j 0.+0.j 0.+0.j]
F_onsite: (8.161109092738664e-31-6.900409782118857e-31j)
F_swave: (-2.601043334184875e-31+2.199243341120247e-31j), F_dwave: (-5.507964680710146e-31+2.735820797241418e-31j)
F_px: (1.0102185595732407e-30-9.051826207435311e-31j), F_py: (-9.928535634325234e-32+4.561989014397928e-31j)
Free_energy = -10120.571289673197
------------------------------------------
[{'stable': {'Fuu_px': np.complex128(0.032853496494158974-0.03618860996746818j), 'Fuu_py': np.complex128(0.036241130383308826+0.03290117667030405j)}, 'free': np.float64(-10120.571289673197)}]
------------------------------------------
  Seed: uu:px+ipy
  Seed uu: [ 0.1+0.j  -0.1+0.j   0. +0.1j -0. -0.1j], Seed dd: [0.+0.j 0.+0.j 0.+0.j 0.+0.j]
F_onsite: (1.2323551714387927e-30-1.7191694402834115e-30j)
F_swave: (-3.9276637417214703e-31+5.479199245761631e-31j), F_dwave: (-1.1072466999186797e-30-8.03848379760756e-31j)
F_px: (-5.796276883467049e-32-2.821436340211258e-31j), F_py: (-2.4002400171651228e-31-1.3172921567055554e-30j)
Free_energy = -10120.576082272783
------------------------------------------
[{'stable': {'Fuu_px': np.complex128(0.032853496494158974-0.03618860996746818j), 'Fuu_py': np.complex128(0.036241130383308826+0.03290117667030405j)}, 'free': np.float64(-10120.571289673197)}, {'stable': {'Fuu_px': np.complex128(0.048914583066520474+1.1349053000103508e-16j), 'Fuu_py': np.complex128(-1.0498912500723969e-16+0.048914583066520675j)}, 'free': np.float64(-10120.576082272783)}]
------------------------------------------
  Seed: dd:px
  Seed uu: [0.+0.j 0.+0.j 0.+0.j 0.+0.j], Seed dd: [ 0.1+0.j -0.1+0.j  0. +0.j  0. +0.j]
F_onsite: (7.17631318225882e-22+1.1926306532488997e-36j)
F_swave: (-4.442939207381343e-23-9.697828394283872e-38j), F_dwave: (1.2369138056311152e-24+1.1461069920517303e-37j)
F_px: (-1.5281426560689738e-37+4.5665179148938854e-27j), F_py: (1.4987552972984166e-37+4.7663512522691705e-27j)
Free_energy = -10088.835557292843
------------------------------------------
[{'stable': {'Fuu_px': np.complex128(0.032853496494158974-0.03618860996746818j), 'Fuu_py': np.complex128(0.036241130383308826+0.03290117667030405j)}, 'free': np.float64(-10120.571289673197)}, {'stable': {'Fuu_px': np.complex128(0.048914583066520474+1.1349053000103508e-16j), 'Fuu_py': np.complex128(-1.0498912500723969e-16+0.048914583066520675j)}, 'free': np.float64(-10120.576082272783)}]
------------------------------------------
  Seed: dd:px+py
  Seed uu: [0.+0.j 0.+0.j 0.+0.j 0.+0.j], Seed dd: [ 0.1+0.j -0.1+0.j  0.1+0.j -0.1+0.j]
F_onsite: (4.33886939838302e-22+3.432762998727203e-35j)
F_swave: (-2.6862375350896007e-23-2.0960533643099914e-36j), F_dwave: (2.5841131778925058e-26-1.71254833235422e-35j)
F_px: (-3.4785816576708543e-35-4.76588973362096e-24j), F_py: (3.3733749132722596e-35+4.812832948045739e-24j)
Free_energy = -10084.944844354734
------------------------------------------
[{'stable': {'Fuu_px': np.complex128(0.032853496494158974-0.03618860996746818j), 'Fuu_py': np.complex128(0.036241130383308826+0.03290117667030405j)}, 'free': np.float64(-10120.571289673197)}, {'stable': {'Fuu_px': np.complex128(0.048914583066520474+1.1349053000103508e-16j), 'Fuu_py': np.complex128(-1.0498912500723969e-16+0.048914583066520675j)}, 'free': np.float64(-10120.576082272783)}]
------------------------------------------
  Seed: dd:px+ipy
  Seed uu: [0.+0.j 0.+0.j 0.+0.j 0.+0.j], Seed dd: [ 0.1+0.j  -0.1+0.j   0. +0.1j -0. -0.1j]
F_onsite: (4.890799783402002e-22+1.7478056962354638e-21j)
F_swave: (-3.092145302880311e-23-1.0926870490728879e-22j), F_dwave: (1.225392695946924e-22-5.028095639226911e-23j)
F_px: (2.70511683261106e-22+1.6074496709107836e-21j), F_py: (1.0220449478731429e-21-2.859918248826063e-21j)
Free_energy = -10091.505647605132
------------------------------------------
[{'stable': {'Fuu_px': np.complex128(0.032853496494158974-0.03618860996746818j), 'Fuu_py': np.complex128(0.036241130383308826+0.03290117667030405j)}, 'free': np.float64(-10120.571289673197)}, {'stable': {'Fuu_px': np.complex128(0.048914583066520474+1.1349053000103508e-16j), 'Fuu_py': np.complex128(-1.0498912500723969e-16+0.048914583066520675j)}, 'free': np.float64(-10120.576082272783)}]
------------------------------------------
  Seed: uu+dd:px
  Seed uu: [ 0.1+0.j -0.1+0.j  0. +0.j  0. +0.j], Seed dd: [ 0.1+0.j -0.1+0.j  0. +0.j  0. +0.j]
F_onsite: (1.7033211462031705e-35+8.790607768453515e-22j)
F_swave: (-1.610427260626534e-36-2.759217630369358e-21j), F_dwave: (1.3647489413046758e-35-1.2307051150793295e-20j)
F_px: (-1.7278675577814765e-19-4.30324971949023e-34j), F_py: (2.9565896906322424e-22-6.883694918415316e-34j)
Free_energy = -10133.089189356708
------------------------------------------
[{'stable': {'Fuu_px': np.complex128(0.0672968109528081+1.0266955175096339e-16j), 'Fdd_px': np.complex128(0.03965630558245932+8.819746445153163e-17j)}, 'free': np.float64(-10133.089189356708)}]
------------------------------------------
  Seed: uu+dd:px+py
  Seed uu: [ 0.1+0.j -0.1+0.j  0.1+0.j -0.1+0.j], Seed dd: [ 0.1+0.j -0.1+0.j  0.1+0.j -0.1+0.j]
F_onsite: (3.0546551047902465e-21-4.0173896414091664e-22j)
F_swave: (-8.451151252837432e-22+4.601237201429914e-22j), F_dwave: (-1.0712881153287782e-20-1.0278534546281199e-20j)
F_px: (-5.816536073677651e-21-1.4210074633992047e-21j), F_py: (-2.496985499892497e-20-1.9005900814200025e-20j)
Free_energy = -10138.212161047124
------------------------------------------
[{'stable': {'Fuu_px': np.complex128(0.03286273744892676-0.0361804793341225j), 'Fuu_py': np.complex128(0.03623270215281417+0.032910171446792265j), 'Fdd_px': np.complex128(0.021521064186966313-0.021520788115566007j), 'Fdd_py': np.complex128(0.021520810754462355+0.021521037541120613j)}, 'free': np.float64(-10138.212161047124)}]
------------------------------------------
  Seed: uu+dd:px+ipy
  Seed uu: [ 0.1+0.j  -0.1+0.j   0. +0.1j -0. -0.1j], Seed dd: [ 0.1+0.j  -0.1+0.j   0. +0.1j -0. -0.1j]
F_onsite: (1.1237424779577798e-20-3.5583839856716114e-20j)
F_swave: (-5.048811350735403e-21+9.754855842268314e-21j), F_dwave: (8.969814584772725e-21-8.348002424731718e-21j)
F_px: (-5.244672242256426e-20-9.876965758345623e-21j), F_py: (-7.179218026776511e-21-6.97057900248742e-20j)
Free_energy = -10138.217217266965
------------------------------------------
[{'stable': {'Fuu_px': np.complex128(0.03286273744892676-0.0361804793341225j), 'Fuu_py': np.complex128(0.03623270215281417+0.032910171446792265j), 'Fdd_px': np.complex128(0.021521064186966313-0.021520788115566007j), 'Fdd_py': np.complex128(0.021520810754462355+0.021521037541120613j)}, 'free': np.float64(-10138.212161047124)}, {'stable': {'Fuu_px': np.complex128(0.04891304071860701+1.1262232123009943e-16j), 'Fuu_py': np.complex128(-1.2433316053082097e-16+0.04891304071860738j), 'Fdd_px': np.complex128(0.030437998565204717+3.717574665939921e-17j), 'Fdd_py': np.complex128(-3.1641074563362e-17+0.030437998565204787j)}, 'free': np.float64(-10138.217217266965)}]
------------------------------------------
====================================
mu=0.75, T=0.0093
====================================
  Seed: normal state
  Seed uu: [0.+0.j 0.+0.j 0.+0.j 0.+0.j], Seed dd: [0.+0.j 0.+0.j 0.+0.j 0.+0.j]
F_onsite: 0j
F_swave: 0j, F_dwave: 0j
F_px: 0j, F_py: 0j
Free_energy = -10074.185417074737
------------------------------------------
[{'stable': {}, 'free': np.float64(-10074.185417074737)}]
------------------------------------------
  Seed: uu:px
  Seed uu: [ 6.72987620e-02+1.14316519e-16j -6.72987620e-02-9.89164017e-17j
 -1.86757530e-19-3.04164661e-16j -1.05418544e-18+2.81266555e-16j], Seed dd: [0.+0.j 0.+0.j 0.+0.j 0.+0.j]
F_onsite: (7.280079491188583e-23+1.2527802559868427e-25j)
F_swave: (-2.371223659995393e-23-4.088818906454146e-26j), F_dwave: (-4.908855831193244e-23-8.455131666296349e-26j)
F_px: (-9.189349130766226e-28-4.380438372365983e-37j), F_py: (1.1742497090720924e-25-6.823486393957386e-23j)
Free_energy = -10118.211290845034
------------------------------------------
[{'stable': {'Fuu_px': np.complex128(0.06729809703757308+1.2166754784581168e-16j)}, 'free': np.float64(-10118.211290845034)}]
------------------------------------------
  Seed: uu:px+py
  Seed uu: [ 0.0328535 -0.03618861j -0.0328535 +0.03618861j  0.03624113+0.03290118j
 -0.03624113-0.03290118j], Seed dd: [0.+0.j 0.+0.j 0.+0.j 0.+0.j]
F_onsite: (2.293410255232007e-22+2.849997911188829e-22j)
F_swave: (-6.772024628692371e-23-9.113565488952983e-23j), F_dwave: (4.930631804125589e-22-6.958400758354158e-22j)
F_px: (3.2203012967128765e-21-1.9161656851133527e-21j), F_py: (2.1006513747152086e-21-1.1239559384984042e-21j)
Free_energy = -10120.66365757253
------------------------------------------
[{'stable': {'Fuu_px': np.complex128(0.032854145231382095-0.03618932456106844j), 'Fuu_py': np.complex128(0.036240417051147535+0.032900529078266724j)}, 'free': np.float64(-10120.66365757253)}]
------------------------------------------
  Seed: uu:px+ipy
  Seed uu: [ 4.89145831e-02+1.26448202e-16j -4.89145831e-02-1.00532858e-16j
 -1.10453837e-16+4.89145831e-02j  9.95244125e-17-4.89145831e-02j], Seed dd: [0.+0.j 0.+0.j 0.+0.j 0.+0.j]
F_onsite: (-1.0300784113567092e-21-2.8827219109658515e-21j)
F_swave: (3.2790041642995264e-22+9.282665699957005e-22j), F_dwave: (1.2045535951076862e-21-1.7351061491495943e-21j)
F_px: (1.8262574487011297e-21+1.167385988508109e-21j), F_py: (-4.926216310002024e-22+1.090709867537428e-21j)
Free_energy = -10120.667017019698
------------------------------------------
[{'stable': {'Fuu_px': np.complex128(0.032854145231382095-0.03618932456106844j), 'Fuu_py': np.complex128(0.036240417051147535+0.032900529078266724j)}, 'free': np.float64(-10120.66365757253)}, {'stable': {'Fuu_px': np.complex128(0.048913974789765766+1.0968597563932399e-16j), 'Fuu_py': np.complex128(-1.1160386999014454e-16+0.04891397478976599j)}, 'free': np.float64(-10120.667017019698)}]
------------------------------------------
  Seed: dd:px
  Seed uu: [0.+0.j 0.+0.j 0.+0.j 0.+0.j], Seed dd: [ 3.96563056e-02+8.40355151e-17j -3.96563056e-02-8.33619122e-17j
 -3.36162892e-19+1.81739548e-16j  1.75626988e-20-1.83434514e-16j]
F_onsite: (1.592366852697869e-20+1.3936464776605463e-35j)
F_swave: (-9.729426171557571e-22-7.52316384526264e-37j), F_dwave: (2.950842957013385e-21+5.64237288394698e-36j)
F_px: (-2.068870057447226e-36-1.873338370522847e-21j), F_py: (-9.4039548065783e-36+6.078886584228193e-21j)
Free_energy = -10089.070204547455
------------------------------------------
[{'stable': {'Fuu_px': np.complex128(0.032854145231382095-0.03618932456106844j), 'Fuu_py': np.complex128(0.036240417051147535+0.032900529078266724j)}, 'free': np.float64(-10120.66365757253)}, {'stable': {'Fuu_px': np.complex128(0.048913974789765766+1.0968597563932399e-16j), 'Fuu_py': np.complex128(-1.1160386999014454e-16+0.04891397478976599j)}, 'free': np.float64(-10120.667017019698)}]
------------------------------------------
  Seed: dd:px+py
  Seed uu: [0.+0.j 0.+0.j 0.+0.j 0.+0.j], Seed dd: [ 0.02412925+1.17141341e-14j -0.02412925-1.17142015e-14j
  0.02412925-1.17195973e-14j -0.02412925+1.17163374e-14j]
F_onsite: (6.239233948890502e-22-6.891167093783652e-34j)
F_swave: (-3.7655239315014554e-23+4.984096047486499e-35j), F_dwave: (1.4198624691297014e-22+6.752039551123219e-35j)
F_px: (-6.33591455093213e-35+4.724099332373327e-21j), F_py: (4.837159253633713e-35+4.953602053271801e-21j)
Free_energy = -10085.189316708176
------------------------------------------
[{'stable': {'Fuu_px': np.complex128(0.032854145231382095-0.03618932456106844j), 'Fuu_py': np.complex128(0.036240417051147535+0.032900529078266724j)}, 'free': np.float64(-10120.66365757253)}, {'stable': {'Fuu_px': np.complex128(0.048913974789765766+1.0968597563932399e-16j), 'Fuu_py': np.complex128(-1.1160386999014454e-16+0.04891397478976599j)}, 'free': np.float64(-10120.667017019698)}]
------------------------------------------
  Seed: dd:px+ipy
  Seed uu: [0.+0.j 0.+0.j 0.+0.j 0.+0.j], Seed dd: [ 3.04379986e-02+4.96950524e-17j -3.04379986e-02-4.66161936e-17j
 -3.87294963e-17+3.04379986e-02j  3.83740336e-17-3.04379986e-02j]
F_onsite: (5.052891893731223e-21+4.077219108268156e-22j)
F_swave: (-3.033182921205488e-22-2.6025090773583527e-23j), F_dwave: (4.523277033964873e-22+4.645283159547988e-23j)
F_px: (-1.877280022006088e-21+1.938131568640825e-21j), F_py: (1.1469484574073235e-23+1.01319973271047e-21j)
Free_energy = -10091.73688378974
------------------------------------------
[{'stable': {'Fuu_px': np.complex128(0.032854145231382095-0.03618932456106844j), 'Fuu_py': np.complex128(0.036240417051147535+0.032900529078266724j)}, 'free': np.float64(-10120.66365757253)}, {'stable': {'Fuu_px': np.complex128(0.048913974789765766+1.0968597563932399e-16j), 'Fuu_py': np.complex128(-1.1160386999014454e-16+0.04891397478976599j)}, 'free': np.float64(-10120.667017019698)}]
------------------------------------------
  Seed: uu+dd:px
  Seed uu: [ 6.72968110e-02+1.14821086e-16j -6.72968110e-02-9.05180171e-17j
  7.27349839e-19-4.09314378e-16j -6.06866019e-19+4.08657133e-16j], Seed dd: [ 3.96563056e-02+8.97447819e-17j -3.96563056e-02-8.66501470e-17j
 -7.32203735e-19+2.03484684e-16j  1.75315968e-19-2.09206285e-16j]
F_onsite: (1.4561634404121757e-22+9.531626574001181e-21j)
F_swave: (-4.7429277250683305e-23-3.163839638018978e-21j), F_dwave: (-9.818706679057458e-23+1.2483468370503924e-21j)
F_px: (-2.434455865467249e-19-6.486848025577711e-34j), F_py: (-2.1472796702125835e-22-1.3341475184268944e-27j)
Free_energy = -10133.093863285154
------------------------------------------
[{'stable': {'Fuu_px': np.complex128(0.06729673345833764+7.831483988834009e-17j), 'Fdd_px': np.complex128(0.039655718659969634+9.050210875211258e-17j)}, 'free': np.float64(-10133.093863285154)}]
------------------------------------------
  Seed: uu+dd:px+py
  Seed uu: [ 0.03286274-0.03618048j -0.03286274+0.03618048j  0.0362327 +0.03291017j
 -0.0362327 -0.03291017j], Seed dd: [ 0.02152106-0.02152079j -0.02152106+0.02152079j  0.02152081+0.02152104j
 -0.02152081-0.02152104j]
F_onsite: (1.108153771316404e-21+1.0256071841202793e-20j)
F_swave: (-6.957296136072659e-24-1.1273820696693842e-21j), F_dwave: (-4.304410130978423e-21+1.2588643063810374e-20j)
F_px: (-3.6657828249742595e-21-1.4381081110271134e-20j), F_py: (-2.0963628852030023e-20-5.0146615664196574e-21j)
Free_energy = -10138.212234167526
------------------------------------------
[{'stable': {'Fuu_px': np.complex128(0.03286338283355586-0.03618118987521071j), 'Fuu_py': np.complex128(0.03623199285919511+0.03290952719523989j), 'Fdd_px': np.complex128(0.02152106182966107-0.021520790345288424j), 'Fdd_py': np.complex128(0.0215208085416431+0.02152103991532939j)}, 'free': np.float64(-10138.212234167526)}]
------------------------------------------
  Seed: uu+dd:px+ipy
  Seed uu: [ 4.89130407e-02+1.27698317e-16j -4.89130407e-02-9.75463259e-17j
 -1.30765317e-16+4.89130407e-02j  1.17901004e-16-4.89130407e-02j], Seed dd: [ 3.04379986e-02+3.85718687e-17j -3.04379986e-02-3.57796246e-17j
 -3.20446858e-17+3.04379986e-02j  3.12374634e-17-3.04379986e-02j]
F_onsite: (-2.2150447405846723e-20-1.144627480857841e-20j)
F_swave: (7.727312592611706e-21+3.2554073681314868e-21j), F_dwave: (4.391304351160431e-21-1.1366450630731286e-20j)
F_px: (-5.039572260893124e-20+3.987105003509984e-21j), F_py: (3.8584517266306033e-22-4.4711458453733095e-20j)
Free_energy = -10138.2159382302
------------------------------------------
[{'stable': {'Fuu_px': np.complex128(0.03286338283355586-0.03618118987521071j), 'Fuu_py': np.complex128(0.03623199285919511+0.03290952719523989j), 'Fdd_px': np.complex128(0.02152106182966107-0.021520790345288424j), 'Fdd_py': np.complex128(0.0215208085416431+0.02152103991532939j)}, 'free': np.float64(-10138.212234167526)}, {'stable': {'Fuu_px': np.complex128(0.04891289410785879+1.3268747295936973e-16j), 'Fuu_py': np.complex128(-1.30276817191484e-16+0.0489128941078592j), 'Fdd_px': np.complex128(0.030437271684003793+4.123524470334405e-17j), 'Fdd_py': np.complex128(-3.318632735694986e-17+0.03043727168400391j)}, 'free': np.float64(-10138.2159382302)}]
------------------------------------------
====================================
mu=0.75, T=0.0176
====================================
  Seed: normal state
  Seed uu: [0.+0.j 0.+0.j 0.+0.j 0.+0.j], Seed dd: [0.+0.j 0.+0.j 0.+0.j 0.+0.j]
F_onsite: 0j
F_swave: 0j, F_dwave: 0j
F_px: 0j, F_py: 0j
Free_energy = -10074.975017249913
------------------------------------------
[{'stable': {}, 'free': np.float64(-10074.975017249913)}]
------------------------------------------
  Seed: uu:px
  Seed uu: [ 6.72980970e-02+1.32348527e-16j -6.72980970e-02-1.10986568e-16j
 -1.78498959e-18-3.19352385e-16j  1.83537481e-18+3.02406750e-16j], Seed dd: [0.+0.j 0.+0.j 0.+0.j 0.+0.j]
F_onsite: (5.213926420535148e-21-2.4655891956889856e-22j)
F_swave: (-8.04577680338159e-22+2.217162170618359e-23j), F_dwave: (-4.409348740196987e-21+2.2385358591014244e-22j)
F_px: (-7.112964436636712e-24-4.9370762734536075e-37j), F_py: (-1.273865793802035e-22-3.277582246698655e-21j)
Free_energy = -10118.512371457098
------------------------------------------
[{'stable': {'Fuu_px': np.complex128(0.06729763229495589+1.4734177822157957e-16j)}, 'free': np.float64(-10118.512371457098)}]
------------------------------------------
  Seed: uu:px+py
  Seed uu: [ 0.03285415-0.03618932j -0.03285415+0.03618932j  0.03624042+0.03290053j
 -0.03624042-0.03290053j], Seed dd: [0.+0.j 0.+0.j 0.+0.j 0.+0.j]
F_onsite: (1.5652757199313762e-21+3.9613013845187384e-21j)
F_swave: (-4.453879288033975e-22-1.2721706051463732e-21j), F_dwave: (1.3029502920480039e-21-5.441603310447558e-21j)
F_px: (-3.5908289896904845e-21-1.0440408707021854e-20j), F_py: (-4.946341816970033e-21+7.663477952817315e-21j)
Free_energy = -10120.939677743836
------------------------------------------
[{'stable': {'Fuu_px': np.complex128(0.03285477631563067-0.03619001970965738j), 'Fuu_py': np.complex128(0.03623972309633802+0.03289989907777975j)}, 'free': np.float64(-10120.939677743836)}]
------------------------------------------
  Seed: uu:px+ipy
  Seed uu: [ 4.89139748e-02+1.20117636e-16j -4.89139748e-02-9.92543149e-17j
 -1.17668070e-16+4.89139748e-02j  1.05539670e-16-4.89139748e-02j], Seed dd: [0.+0.j 0.+0.j 0.+0.j 0.+0.j]
F_onsite: (-2.6218736280394525e-21+5.400091940164475e-21j)
F_swave: (7.328364144699592e-22-1.7882163816461363e-21j), F_dwave: (-1.886033684801093e-21+3.942522829015699e-21j)
F_px: (-7.045981438961698e-21-1.0881763867607467e-21j), F_py: (-3.5239480174871695e-21-7.44242243533131e-21j)
Free_energy = -10120.942031943492
------------------------------------------
[{'stable': {'Fuu_px': np.complex128(0.03285477631563067-0.03619001970965738j), 'Fuu_py': np.complex128(0.03623972309633802+0.03289989907777975j)}, 'free': np.float64(-10120.939677743836)}, {'stable': {'Fuu_px': np.complex128(0.04891354858823098+1.315153381790474e-16j), 'Fuu_py': np.complex128(-1.1913550166867256e-16+0.04891354858823127j)}, 'free': np.float64(-10120.942031943492)}]
------------------------------------------
  Seed: dd:px
  Seed uu: [0.+0.j 0.+0.j 0.+0.j 0.+0.j], Seed dd: [ 3.96557187e-02+8.47777277e-17j -3.96557187e-02-8.50487253e-17j
 -1.16268507e-18+1.98693918e-16j  6.85047822e-19-2.00209101e-16j]
F_onsite: (7.03445762021863e-21+2.1158440801315683e-35j)
F_swave: (-4.2023053333061883e-22-2.256949153578792e-36j), F_dwave: (2.4861231214786445e-22+3.009265538105056e-36j)
F_px: (5.9715113021772205e-36+7.643184838392341e-21j), F_py: (-1.0438389835301913e-35-1.2023497882533103e-20j)
Free_energy = -10089.626933400692
------------------------------------------
[{'stable': {'Fuu_px': np.complex128(0.03285477631563067-0.03619001970965738j), 'Fuu_py': np.complex128(0.03623972309633802+0.03289989907777975j)}, 'free': np.float64(-10120.939677743836)}, {'stable': {'Fuu_px': np.complex128(0.04891354858823098+1.315153381790474e-16j), 'Fuu_py': np.complex128(-1.1913550166867256e-16+0.04891354858823127j)}, 'free': np.float64(-10120.942031943492)}]
------------------------------------------
  Seed: dd:px+py
  Seed uu: [0.+0.j 0.+0.j 0.+0.j 0.+0.j], Seed dd: [ 0.02412858+1.63970852e-14j -0.02412858-1.63963450e-14j
  0.02412858-1.64012214e-14j -0.02412858+1.64004441e-14j]
F_onsite: (9.231638483071585e-21-4.3912232819544954e-34j)
F_swave: (-5.4421796011939495e-22+1.6278245770187037e-34j), F_dwave: (1.4644026319089731e-21+2.865385029564408e-34j)
F_px: (3.128789803696666e-33+2.3713974292061713e-21j), F_py: (-3.3340781371242705e-33+1.4230902991531455e-21j)
Free_energy = -10085.790712128319
------------------------------------------
[{'stable': {'Fuu_px': np.complex128(0.03285477631563067-0.03619001970965738j), 'Fuu_py': np.complex128(0.03623972309633802+0.03289989907777975j)}, 'free': np.float64(-10120.939677743836)}, {'stable': {'Fuu_px': np.complex128(0.04891354858823098+1.315153381790474e-16j), 'Fuu_py': np.complex128(-1.1913550166867256e-16+0.04891354858823127j)}, 'free': np.float64(-10120.942031943492)}]
------------------------------------------
  Seed: dd:px+ipy
  Seed uu: [0.+0.j 0.+0.j 0.+0.j 0.+0.j], Seed dd: [ 3.04372717e-02+5.78622500e-17j -3.04372717e-02-4.88711011e-17j
 -4.12435430e-17+3.04372717e-02j  4.02588407e-17-3.04372717e-02j]
F_onsite: (-1.3930783273375526e-21-3.582234497433514e-21j)
F_swave: (6.910731260207002e-23+2.173693008194436e-22j), F_dwave: (-9.91559515893751e-22+6.435572518458673e-22j)
F_px: (1.3566548247297503e-21+2.9767109999585197e-21j), F_py: (-5.994362238530345e-22-6.0391790989588595e-21j)
Free_energy = -10092.26352442974
------------------------------------------
[{'stable': {'Fuu_px': np.complex128(0.03285477631563067-0.03619001970965738j), 'Fuu_py': np.complex128(0.03623972309633802+0.03289989907777975j)}, 'free': np.float64(-10120.939677743836)}, {'stable': {'Fuu_px': np.complex128(0.04891354858823098+1.315153381790474e-16j), 'Fuu_py': np.complex128(-1.1913550166867256e-16+0.04891354858823127j)}, 'free': np.float64(-10120.942031943492)}]
------------------------------------------
  Seed: uu+dd:px
  Seed uu: [ 6.72967335e-02+8.47013360e-17j -6.72967335e-02-7.19283438e-17j
 -5.99858145e-19-4.12821730e-16j  5.30057337e-19+4.06034878e-16j], Seed dd: [ 3.96557187e-02+9.18183715e-17j -3.96557187e-02-8.91858460e-17j
 -1.40832462e-18+2.22816411e-16j  1.30281608e-18-2.26209466e-16j]
F_onsite: (9.735095256799054e-22-6.905429710356227e-20j)
F_swave: (-3.170630379874617e-22+2.5179899014597165e-20j), F_dwave: (-6.564464876922264e-22-2.6637103134189745e-20j)
F_px: (-2.285034167358028e-19-5.762743505471182e-34j), F_py: (-2.1783002862969802e-21-9.119716084767256e-22j)
Free_energy = -10133.162740426917
------------------------------------------
[{'stable': {'Fuu_px': np.complex128(0.0672966792977021+8.794192519925685e-17j), 'Fdd_px': np.complex128(0.039655282936930186+9.846403316784579e-17j)}, 'free': np.float64(-10133.162740426917)}]
------------------------------------------
  Seed: uu+dd:px+py
  Seed uu: [ 0.03286338-0.03618119j -0.03286338+0.03618119j  0.03623199+0.03290953j
 -0.03623199-0.03290953j], Seed dd: [ 0.02152106-0.02152079j -0.02152106+0.02152079j  0.02152081+0.02152104j
 -0.02152081-0.02152104j]
F_onsite: (1.445422441867043e-20-2.5623025887744183e-21j)
F_swave: (-2.95595457510022e-21+1.3444241101426491e-21j), F_dwave: (4.017902562521219e-21+7.470717779893222e-21j)
F_px: (-2.6552618574431542e-20-4.876306919009885e-21j), F_py: (-3.949559541361403e-20-1.027858847693093e-20j)
Free_energy = -10138.226043045066
------------------------------------------
[{'stable': {'Fuu_px': np.complex128(0.03286401065651984-0.036181881081651046j), 'Fuu_py': np.complex128(0.036231302833313724+0.03290890044457812j), 'Fdd_px': np.complex128(0.021521059902306263-0.021520792151113733j), 'Fdd_py': np.complex128(0.021520806748355964+0.021521041855222744j)}, 'free': np.float64(-10138.226043045066)}]
------------------------------------------
  Seed: uu+dd:px+ipy
  Seed uu: [ 4.89128941e-02+1.37820943e-16j -4.89128941e-02-1.27554003e-16j
 -1.36665113e-16+4.89128941e-02j  1.23888521e-16-4.89128941e-02j], Seed dd: [ 3.04372717e-02+4.41402104e-17j -3.04372717e-02-3.83302790e-17j
 -3.35274169e-17+3.04372717e-02j  3.28452378e-17-3.04372717e-02j]
F_onsite: (2.6635529716279956e-21+1.424949624899993e-20j)
F_swave: (-2.3815398289975803e-22-1.1995352576627441e-21j), F_dwave: (4.939345102780745e-21+5.549501876258467e-21j)
F_px: (-6.617754525735989e-20-1.780680880974552e-20j), F_py: (-7.457789556268768e-21-6.502008069696358e-20j)
Free_energy = -10138.228756333085
------------------------------------------
[{'stable': {'Fuu_px': np.complex128(0.03286401065651984-0.036181881081651046j), 'Fuu_py': np.complex128(0.036231302833313724+0.03290890044457812j), 'Fdd_px': np.complex128(0.021521059902306263-0.021520792151113733j), 'Fdd_py': np.complex128(0.021520806748355964+0.021521041855222744j)}, 'free': np.float64(-10138.226043045066)}, {'stable': {'Fuu_px': np.complex128(0.04891279138088641+1.6986221376714408e-16j), 'Fuu_py': np.complex128(-1.3608852200083256e-16+0.04891279138088673j), 'Fdd_px': np.complex128(0.030436732549147777+4.192447805950283e-17j), 'Fdd_py': np.complex128(-3.547111932282953e-17+0.03043673254914788j)}, 'free': np.float64(-10138.228756333085)}]
------------------------------------------
====================================
mu=0.75, T=0.0259
====================================
  Seed: normal state
  Seed uu: [0.+0.j 0.+0.j 0.+0.j 0.+0.j], Seed dd: [0.+0.j 0.+0.j 0.+0.j 0.+0.j]
F_onsite: 0j
F_swave: 0j, F_dwave: 0j
F_px: 0j, F_py: 0j
Free_energy = -10076.192830590338
------------------------------------------
[{'stable': {}, 'free': np.float64(-10076.192830590338)}]
------------------------------------------
  Seed: uu:px
  Seed uu: [ 6.72976323e-02+1.51322860e-16j -6.72976323e-02-1.43360697e-16j
  1.53316934e-18-3.23604596e-16j -8.62319245e-19+3.18933739e-16j], Seed dd: [0.+0.j 0.+0.j 0.+0.j 0.+0.j]
F_onsite: (-4.667552784857191e-21-6.923887044751106e-23j)
F_swave: (1.520536515272358e-21+5.3020899751500535e-24j), F_dwave: (3.1470162695848055e-21-1.6976783819591953e-24j)
F_px: (-6.070663914650955e-23-3.646383476250736e-35j), F_py: (9.794463988808402e-23+4.3751103832470775e-21j)
Free_energy = -10119.068489815654
------------------------------------------
[{'stable': {'Fuu_px': np.complex128(0.06729730749008331+1.369063323114066e-16j)}, 'free': np.float64(-10119.068489815654)}]
------------------------------------------
  Seed: uu:px+py
  Seed uu: [ 0.03285478-0.03619002j -0.03285478+0.03619002j  0.03623972+0.0328999j
 -0.03623972-0.0328999j ], Seed dd: [0.+0.j 0.+0.j 0.+0.j 0.+0.j]
F_onsite: (2.9208150897204956e-20-2.8762967357266185e-21j)
F_swave: (-9.059675919302233e-21+9.649694980666271e-22j), F_dwave: (1.8163229637425854e-20-2.4071525236986058e-23j)
F_px: (2.376623327560242e-20-7.041692422582073e-21j), F_py: (2.3058439023992802e-20-1.628060903356741e-20j)
Free_energy = -10121.45112577601
------------------------------------------
[{'stable': {'Fuu_px': np.complex128(0.0328553902276614-0.03619069594279553j), 'Fuu_py': np.complex128(0.036239047992948706+0.03289928619138116j)}, 'free': np.float64(-10121.45112577601)}]
------------------------------------------
  Seed: uu:px+ipy
  Seed uu: [ 4.89135486e-02+1.32660977e-16j -4.89135486e-02-1.30369700e-16j
 -1.25016928e-16+4.89135486e-02j  1.13254075e-16-4.89135486e-02j], Seed dd: [0.+0.j 0.+0.j 0.+0.j 0.+0.j]
F_onsite: (-8.379493870224446e-21-9.28834005109521e-21j)
F_swave: (2.6367959701318275e-21+3.0376353513262597e-21j), F_dwave: (-7.984912627548543e-21-5.386426643002129e-22j)
F_px: (-1.3280422143598588e-20-5.344611342015468e-23j), F_py: (3.249707532336368e-21+2.159270795712856e-23j)
Free_energy = -10121.452772952829
------------------------------------------
[{'stable': {'Fuu_px': np.complex128(0.0328553902276614-0.03619069594279553j), 'Fuu_py': np.complex128(0.036239047992948706+0.03289928619138116j)}, 'free': np.float64(-10121.45112577601)}, {'stable': {'Fuu_px': np.complex128(0.04891324996009273+1.5151619481366518e-16j), 'Fuu_py': np.complex128(-1.2591290344722984e-16+0.048913249960093205j)}, 'free': np.float64(-10121.452772952829)}]
------------------------------------------
  Seed: dd:px
  Seed uu: [0.+0.j 0.+0.j 0.+0.j 0.+0.j], Seed dd: [ 3.96552829e-02+9.66780642e-17j -3.96552829e-02-8.58295838e-17j
 -7.30658561e-19+2.22122691e-16j  4.73021579e-19-2.24383316e-16j]
F_onsite: (5.88062693686089e-21+3.0943688134512334e-35j)
F_swave: (-3.5814927132650855e-22-5.7834322060456545e-36j), F_dwave: (-1.3140227337847586e-20-1.5281426560689738e-35j)
F_px: (3.4606553688208144e-35+8.045605716645806e-21j), F_py: (3.76158192263132e-36-1.6516906058737548e-21j)
Free_energy = -10090.50661556383
------------------------------------------
[{'stable': {'Fuu_px': np.complex128(0.0328553902276614-0.03619069594279553j), 'Fuu_py': np.complex128(0.036239047992948706+0.03289928619138116j)}, 'free': np.float64(-10121.45112577601)}, {'stable': {'Fuu_px': np.complex128(0.04891324996009273+1.5151619481366518e-16j), 'Fuu_py': np.complex128(-1.2591290344722984e-16+0.048913249960093205j)}, 'free': np.float64(-10121.452772952829)}]
------------------------------------------
  Seed: dd:px+py
  Seed uu: [0.+0.j 0.+0.j 0.+0.j 0.+0.j], Seed dd: [ 0.02412809+2.29516978e-14j -0.02412809-2.29517816e-14j
  0.02412809-2.29502181e-14j -0.02412809+2.29467783e-14j]
F_onsite: (5.4756763210298604e-21-2.4954246834807153e-34j)
F_swave: (-3.17746327721886e-22-3.710800566675797e-34j), F_dwave: (-1.8347813498570225e-21-1.4013773452762983e-33j)
F_px: (-2.2973861592470787e-33+1.3973192188148823e-21j), F_py: (1.5656644357472212e-33+1.2919870192245072e-21j)
Free_energy = -10086.749753845108
------------------------------------------
[{'stable': {'Fuu_px': np.complex128(0.0328553902276614-0.03619069594279553j), 'Fuu_py': np.complex128(0.036239047992948706+0.03289928619138116j)}, 'free': np.float64(-10121.45112577601)}, {'stable': {'Fuu_px': np.complex128(0.04891324996009273+1.5151619481366518e-16j), 'Fuu_py': np.complex128(-1.2591290344722984e-16+0.048913249960093205j)}, 'free': np.float64(-10121.452772952829)}]
------------------------------------------
  Seed: dd:px+ipy
  Seed uu: [0.+0.j 0.+0.j 0.+0.j 0.+0.j], Seed dd: [ 3.04367325e-02+5.19253961e-17j -3.04367325e-02-5.93490840e-17j
 -4.37788979e-17+3.04367325e-02j  4.37286582e-17-3.04367325e-02j]
F_onsite: (-9.323145424843545e-21+8.081258423002662e-22j)
F_swave: (5.431362603159226e-22-5.19398713515904e-23j), F_dwave: (-7.657742020699624e-22+1.478353848241154e-22j)
F_px: (-4.842355014121988e-22-4.857435929228328e-22j), F_py: (1.9469682012613542e-22+1.8495665476162123e-21j)
Free_energy = -10093.084151335584
------------------------------------------
[{'stable': {'Fuu_px': np.complex128(0.0328553902276614-0.03619069594279553j), 'Fuu_py': np.complex128(0.036239047992948706+0.03289928619138116j)}, 'free': np.float64(-10121.45112577601)}, {'stable': {'Fuu_px': np.complex128(0.04891324996009273+1.5151619481366518e-16j), 'Fuu_py': np.complex128(-1.2591290344722984e-16+0.048913249960093205j)}, 'free': np.float64(-10121.452772952829)}]
------------------------------------------
  Seed: uu+dd:px
  Seed uu: [ 6.72966793e-02+9.06386134e-17j -6.72966793e-02-8.52452370e-17j
  6.68335465e-19-3.96941821e-16j -6.01552211e-19+3.86876581e-16j], Seed dd: [ 3.96552829e-02+1.03609017e-16j -3.96552829e-02-9.33190492e-17j
 -5.93611277e-19+2.47906691e-16j  1.11651516e-18-2.49591599e-16j]
F_onsite: (-2.3641198358097824e-21+4.251013080277965e-20j)
F_swave: (7.623634073121203e-22-1.545925759834979e-20j), F_dwave: (1.6017564284975257e-21+1.0463481385706631e-20j)
F_px: (-5.137374592923e-20-1.3353615825341186e-34j), F_py: (-4.860336494664329e-22+2.185485188676021e-21j)
Free_energy = -10133.38119561445
------------------------------------------
[{'stable': {'Fuu_px': np.complex128(0.06729664144499314+9.840370854013352e-17j), 'Fdd_px': np.complex128(0.03965495946082534+9.610086418456549e-17j)}, 'free': np.float64(-10133.38119561445)}]
------------------------------------------
  Seed: uu+dd:px+py
  Seed uu: [ 0.03286401-0.03618188j -0.03286401+0.03618188j  0.0362313 +0.0329089j
 -0.0362313 -0.0329089j ], Seed dd: [ 0.02152106-0.02152079j -0.02152106+0.02152079j  0.02152081+0.02152104j
 -0.02152081-0.02152104j]
F_onsite: (-1.678268266299282e-20-7.036902060265563e-21j)
F_swave: (6.3737245523021936e-21+8.741657840805485e-22j), F_dwave: (8.037321863793816e-21+2.6504283036666157e-22j)
F_px: (3.294971758842334e-20-6.721125887105459e-21j), F_py: (1.5554797259904196e-20-9.909567734642597e-21j)
Free_energy = -10138.340865781736
------------------------------------------
[{'stable': {'Fuu_px': np.complex128(0.032864621396084426-0.036182553479993676j), 'Fuu_py': np.complex128(0.03623063155220882+0.032908290719800684j), 'Fdd_px': np.complex128(0.021521058325620547-0.02152079361269928j), 'Fdd_py': np.complex128(0.021520805296070804+0.02152104344120908j)}, 'free': np.float64(-10138.340865781736)}]
------------------------------------------
  Seed: uu+dd:px+ipy
  Seed uu: [ 4.89127914e-02+1.73459642e-16j -4.89127914e-02-1.66264785e-16j
 -1.42229167e-16+4.89127914e-02j  1.29947877e-16-4.89127914e-02j], Seed dd: [ 3.04367325e-02+4.13430429e-17j -3.04367325e-02-4.25059132e-17j
 -3.53815721e-17+3.04367325e-02j  3.55606666e-17-3.04367325e-02j]
F_onsite: (-6.3186762654530856e-21+3.923557133213588e-20j)
F_swave: (1.953957497277434e-21-9.898878205461038e-21j), F_dwave: (-1.3185785178063175e-20+2.4320990313564996e-20j)
F_px: (-5.773169692403217e-20-2.536469042773276e-20j), F_py: (-2.7969816547100405e-20-6.192573400315939e-20j)
Free_energy = -10138.342847254393
------------------------------------------
[{'stable': {'Fuu_px': np.complex128(0.032864621396084426-0.036182553479993676j), 'Fuu_py': np.complex128(0.03623063155220882+0.032908290719800684j), 'Fdd_px': np.complex128(0.021521058325620547-0.02152079361269928j), 'Fdd_py': np.complex128(0.021520805296070804+0.02152104344120908j)}, 'free': np.float64(-10138.340865781736)}, {'stable': {'Fuu_px': np.complex128(0.04891271940224734+1.3159866504523353e-16j), 'Fuu_py': np.complex128(-1.4653172355642884e-16+0.048912719402247756j), 'Fdd_px': np.complex128(0.03043633266474974+4.804771893987357e-17j), 'Fdd_py': np.complex128(-3.631472443362541e-17+0.030436332664749804j)}, 'free': np.float64(-10138.342847254393)}]
------------------------------------------
====================================
mu=0.75, T=0.0342
====================================
  Seed: normal state
  Seed uu: [0.+0.j 0.+0.j 0.+0.j 0.+0.j], Seed dd: [0.+0.j 0.+0.j 0.+0.j 0.+0.j]
F_onsite: 0j
F_swave: 0j, F_dwave: 0j
F_px: 0j, F_py: 0j
Free_energy = -10077.824232964576
------------------------------------------
[{'stable': {}, 'free': np.float64(-10077.824232964576)}]
------------------------------------------
  Seed: uu:px
  Seed uu: [ 6.72973075e-02+1.40703396e-16j -6.72973075e-02-1.33109269e-16j
  2.61289812e-19-3.40450282e-16j  5.75320660e-20+3.31027729e-16j], Seed dd: [0.+0.j 0.+0.j 0.+0.j 0.+0.j]
F_onsite: (5.4187502460948424e-21-6.302287008388354e-23j)
F_swave: (6.5911702395896675e-22-1.218433240496655e-23j), F_dwave: (-6.077867270053813e-21+2.22148042277402e-22j)
F_px: (-6.723995534650675e-22-3.6440324875490913e-37j), F_py: (-6.89277578493041e-23-5.473956733879539e-22j)
Free_energy = -10119.923671056458
------------------------------------------
[{'stable': {'Fuu_px': np.complex128(0.06729708048600695+1.1618885933363206e-16j)}, 'free': np.float64(-10119.923671056458)}]
------------------------------------------
  Seed: uu:px+py
  Seed uu: [ 0.03285539-0.0361907j  -0.03285539+0.0361907j   0.03623905+0.03289929j
 -0.03623905-0.03289929j], Seed dd: [0.+0.j 0.+0.j 0.+0.j 0.+0.j]
F_onsite: (-4.4487935113261506e-20+4.817134655813037e-20j)
F_swave: (1.4479299994712452e-20-1.5786528819248676e-20j), F_dwave: (1.427441639894172e-20-4.228914444231244e-20j)
F_px: (1.7683736344418547e-21-2.5610321369614615e-20j), F_py: (6.885708730819065e-22+9.21530817279884e-21j)
Free_energy = -10122.257513509338
------------------------------------------
[{'stable': {'Fuu_px': np.complex128(0.03285598743511705-0.03619135377559832j), 'Fuu_py': np.complex128(0.0362383912292987+0.03289868995454606j)}, 'free': np.float64(-10122.257513509338)}]
------------------------------------------
  Seed: uu:px+ipy
  Seed uu: [ 4.89132500e-02+1.57778045e-16j -4.89132500e-02-1.45254345e-16j
 -1.31492707e-16+4.89132500e-02j  1.20333100e-16-4.89132500e-02j], Seed dd: [0.+0.j 0.+0.j 0.+0.j 0.+0.j]
F_onsite: (7.59484438726554e-21-1.138069962253257e-20j)
F_swave: (-2.7592701392605104e-21+3.659827527459574e-21j), F_dwave: (-7.992732112800265e-21-4.578381716916287e-21j)
F_px: (2.3866880239220588e-20-9.669423387640186e-21j), F_py: (1.0330429250685854e-20+1.8678876033092825e-20j)
Free_energy = -10122.258663318711
------------------------------------------
[{'stable': {'Fuu_px': np.complex128(0.03285598743511705-0.03619135377559832j), 'Fuu_py': np.complex128(0.0362383912292987+0.03289868995454606j)}, 'free': np.float64(-10122.257513509338)}, {'stable': {'Fuu_px': np.complex128(0.04891304071860702+1.3224362769500848e-16j), 'Fuu_py': np.complex128(-1.342126881297991e-16+0.04891304071860738j)}, 'free': np.float64(-10122.258663318711)}]
------------------------------------------
  Seed: dd:px
  Seed uu: [0.+0.j 0.+0.j 0.+0.j 0.+0.j], Seed dd: [ 3.96549595e-02+9.19505086e-17j -3.96549595e-02-8.54730359e-17j
 -1.24437743e-19+2.41583273e-16j  4.86249851e-19-2.40568421e-16j]
F_onsite: (2.854786622737333e-20-8.391354285287393e-36j)
F_swave: (-1.7347653912290477e-21+7.52316384526264e-37j), F_dwave: (-4.741035021314841e-21-1.2789378536946488e-35j)
F_px: (1.504632769052528e-36-2.8164492653085335e-20j), F_py: (1.0156271191104564e-35+2.6265163838290728e-20j)
Free_energy = -10091.753287011967
------------------------------------------
[{'stable': {'Fuu_px': np.complex128(0.03285598743511705-0.03619135377559832j), 'Fuu_py': np.complex128(0.0362383912292987+0.03289868995454606j)}, 'free': np.float64(-10122.257513509338)}, {'stable': {'Fuu_px': np.complex128(0.04891304071860702+1.3224362769500848e-16j), 'Fuu_py': np.complex128(-1.342126881297991e-16+0.04891304071860738j)}, 'free': np.float64(-10122.258663318711)}]
------------------------------------------
  Seed: dd:px+py
  Seed uu: [0.+0.j 0.+0.j 0.+0.j 0.+0.j], Seed dd: [ 0.02412772+3.21360369e-14j -0.02412772-3.21380815e-14j
  0.02412772-3.21457608e-14j -0.02412772+3.21438804e-14j]
F_onsite: (-1.1292499260042645e-21+4.441764194585364e-33j)
F_swave: (2.60254472240584e-23-2.1892406789714283e-33j), F_dwave: (-4.8574783866336054e-21-3.158224182241256e-33j)
F_px: (-2.0523190969876482e-33-1.410532895470528e-20j), F_py: (-1.8247433906684533e-33-1.3629390609356378e-20j)
Free_energy = -10088.095985654507
------------------------------------------
[{'stable': {'Fuu_px': np.complex128(0.03285598743511705-0.03619135377559832j), 'Fuu_py': np.complex128(0.0362383912292987+0.03289868995454606j)}, 'free': np.float64(-10122.257513509338)}, {'stable': {'Fuu_px': np.complex128(0.04891304071860702+1.3224362769500848e-16j), 'Fuu_py': np.complex128(-1.342126881297991e-16+0.04891304071860738j)}, 'free': np.float64(-10122.258663318711)}]
------------------------------------------
  Seed: dd:px+ipy
  Seed uu: [0.+0.j 0.+0.j 0.+0.j 0.+0.j], Seed dd: [ 3.04363327e-02+5.98546832e-17j -3.04363327e-02-5.36963302e-17j
 -4.55645492e-17+3.04363327e-02j  4.42545598e-17-3.04363327e-02j]
F_onsite: (8.714943894613249e-21-1.8849069027443134e-21j)
F_swave: (-5.76938048871824e-22+1.1002571133498448e-22j), F_dwave: (2.2314402518347555e-23-5.336786917160769e-22j)
F_px: (-2.4013376905990815e-21+7.260749482101829e-22j), F_py: (-2.7508533321058936e-21-2.3128842428827576e-21j)
Free_energy = -10094.25874702942
------------------------------------------
[{'stable': {'Fuu_px': np.complex128(0.03285598743511705-0.03619135377559832j), 'Fuu_py': np.complex128(0.0362383912292987+0.03289868995454606j)}, 'free': np.float64(-10122.257513509338)}, {'stable': {'Fuu_px': np.complex128(0.04891304071860702+1.3224362769500848e-16j), 'Fuu_py': np.complex128(-1.342126881297991e-16+0.04891304071860738j)}, 'free': np.float64(-10122.258663318711)}]
------------------------------------------
  Seed: uu+dd:px
  Seed uu: [ 6.72966414e-02+9.98588847e-17j -6.72966414e-02-9.69485324e-17j
 -2.33138540e-18-4.11815560e-16j  1.19744651e-18+3.89461461e-16j], Seed dd: [ 3.96549595e-02+9.79551781e-17j -3.96549595e-02-9.42465502e-17j
  3.17339570e-19+2.71245837e-16j -1.40101235e-19-2.68927931e-16j]
F_onsite: (-2.2378579431351792e-23+1.7204903712425965e-20j)
F_swave: (6.552638985804109e-25-5.820534627483533e-21j), F_dwave: (2.1723315532674118e-23-2.5384573057089657e-21j)
F_px: (-1.6841270206650608e-19-5.619803392411192e-34j), F_py: (-4.136936751985806e-21-4.2792425864907055e-24j)
Free_energy = -10133.851974168048
------------------------------------------
[{'stable': {'Fuu_px': np.complex128(0.06729661498983805+9.847639455491978e-17j), 'Fdd_px': np.complex128(0.03965471931485621+1.11788787870442e-16j)}, 'free': np.float64(-10133.851974168048)}]
------------------------------------------
  Seed: uu+dd:px+py
  Seed uu: [ 0.03286462-0.03618255j -0.03286462+0.03618255j  0.03623063+0.03290829j
 -0.03623063-0.03290829j], Seed dd: [ 0.02152106-0.02152079j -0.02152106+0.02152079j  0.02152081+0.02152104j
 -0.02152081-0.02152104j]
F_onsite: (-4.034736499179022e-21-5.3720998405823905e-21j)
F_swave: (1.093182702968226e-21+1.7284363929009973e-21j), F_dwave: (1.388227748939111e-22+5.925394031571887e-21j)
F_px: (-2.3091805251434112e-20+1.562854549102581e-20j), F_py: (-2.1621942317987838e-20-2.3522365999264526e-20j)
Free_energy = -10138.690867761019
------------------------------------------
[{'stable': {'Fuu_px': np.complex128(0.03286521551746953-0.036183207582425894j), 'Fuu_py': np.complex128(0.03622997850708917+0.03290769755877293j), 'Fdd_px': np.complex128(0.021521057034997123-0.0215207947947912j), 'Fdd_py': np.complex128(0.02152080412087754+0.02152104473873134j)}, 'free': np.float64(-10138.690867761019)}]
------------------------------------------
  Seed: uu+dd:px+ipy
  Seed uu: [ 4.89127194e-02+1.33415048e-16j -4.89127194e-02-1.29782282e-16j
 -1.52539040e-16+4.89127194e-02j  1.40524407e-16-4.89127194e-02j], Seed dd: [ 3.04363327e-02+5.22914731e-17j -3.04363327e-02-4.38039648e-17j
 -3.67281162e-17+3.04363327e-02j  3.59013327e-17-3.04363327e-02j]
F_onsite: (-2.0262874387950206e-20+5.2129146720964815e-20j)
F_swave: (6.713050864774123e-21-1.474036341074942e-20j), F_dwave: (8.833763908133345e-21+2.837479479945834e-20j)
F_px: (-2.4034883225436192e-20+4.4317605088895685e-21j), F_py: (8.601519373236486e-21-3.2551650823551585e-20j)
Free_energy = -10138.692308165082
------------------------------------------
[{'stable': {'Fuu_px': np.complex128(0.03286521551746953-0.036183207582425894j), 'Fuu_py': np.complex128(0.03622997850708917+0.03290769755877293j), 'Fdd_px': np.complex128(0.021521057034997123-0.0215207947947912j), 'Fdd_py': np.complex128(0.02152080412087754+0.02152104473873134j)}, 'free': np.float64(-10138.690867761019)}, {'stable': {'Fuu_px': np.complex128(0.04891266896828382+1.3820459559153102e-16j), 'Fuu_py': np.complex128(-1.4999529421731088e-16+0.048912668968284265j), 'Fdd_px': np.complex128(0.03043603606294393+3.9211246240990097e-17j), 'Fdd_py': np.complex128(-3.814296564093501e-17+0.03043603606294395j)}, 'free': np.float64(-10138.692308165082)}]
------------------------------------------
====================================
mu=0.75, T=0.0425
====================================
  Seed: normal state
  Seed uu: [0.+0.j 0.+0.j 0.+0.j 0.+0.j], Seed dd: [0.+0.j 0.+0.j 0.+0.j 0.+0.j]
F_onsite: 0j
F_swave: 0j, F_dwave: 0j
F_px: 0j, F_py: 0j
Free_energy = -10079.88018674042
------------------------------------------
[{'stable': {}, 'free': np.float64(-10079.88018674042)}]
------------------------------------------
  Seed: uu:px
  Seed uu: [ 6.72970805e-02+1.26899723e-16j -6.72970805e-02-1.05477995e-16j
 -1.09236148e-18-3.80158128e-16j  5.23075932e-19+3.66927844e-16j], Seed dd: [0.+0.j 0.+0.j 0.+0.j 0.+0.j]
F_onsite: (1.7755516286762656e-22-8.072756544598081e-22j)
F_swave: (-4.6861325717806895e-23+1.0746621844605075e-22j), F_dwave: (-1.3069383714974873e-22-2.3969300933421445e-22j)
F_px: (4.270810229859474e-22+5.489558618340083e-35j), F_py: (-7.573537137475163e-22-8.268868720253526e-21j)
Free_energy = -10121.136205018105
------------------------------------------
[{'stable': {'Fuu_px': np.complex128(0.0672969218340137+1.0429336685040909e-16j)}, 'free': np.float64(-10121.136205018105)}]
------------------------------------------
  Seed: uu:px+py
  Seed uu: [ 0.03285599-0.03619135j -0.03285599+0.03619135j  0.03623839+0.03289869j
 -0.03623839-0.03289869j], Seed dd: [0.+0.j 0.+0.j 0.+0.j 0.+0.j]
F_onsite: (-1.679183426622954e-20+1.7126066810855974e-20j)
F_swave: (7.081805689138454e-21-6.188412273950173e-21j), F_dwave: (-8.038532415003521e-21-1.555845723267643e-20j)
F_px: (6.080123189278629e-20+2.6687024886418865e-21j), F_py: (4.1377975765859486e-20-4.094682226158065e-20j)
Free_energy = -10123.422227428682
------------------------------------------
[{'stable': {'Fuu_px': np.complex128(0.03285656839288537-0.036191993709131134j), 'Fuu_py': np.complex128(0.03623775230757281+0.03289810991533761j)}, 'free': np.float64(-10123.422227428682)}]
------------------------------------------
  Seed: uu:px+ipy
  Seed uu: [ 4.89130407e-02+1.43179855e-16j -4.89130407e-02-1.21307400e-16j
 -1.40666073e-16+4.89130407e-02j  1.27759303e-16-4.89130407e-02j], Seed dd: [0.+0.j 0.+0.j 0.+0.j 0.+0.j]
F_onsite: (3.43947859645125e-20+4.880184507032662e-21j)
F_swave: (-1.1073737347080289e-20-1.2277089299266412e-21j), F_dwave: (-7.628768644505158e-21+2.5723965992517576e-20j)
F_px: (2.3595578754412605e-20-4.771737319559283e-21j), F_py: (1.26133597300463e-20-1.4141741671504024e-20j)
Free_energy = -10123.423028138679
------------------------------------------
[{'stable': {'Fuu_px': np.complex128(0.03285656839288537-0.036191993709131134j), 'Fuu_py': np.complex128(0.03623775230757281+0.03289810991533761j)}, 'free': np.float64(-10123.422227428682)}, {'stable': {'Fuu_px': np.complex128(0.0489128941078588+1.4475634249898383e-16j), 'Fuu_py': np.complex128(-1.4073174485944382e-16+0.04891289410785919j)}, 'free': np.float64(-10123.423028138679)}]
------------------------------------------
  Seed: dd:px
  Seed uu: [0.+0.j 0.+0.j 0.+0.j 0.+0.j], Seed dd: [ 3.96547193e-02+1.08725043e-16j -3.96547193e-02-1.01598055e-16j
 -2.79358745e-19+2.58231758e-16j  4.56084229e-19-2.51142622e-16j]
F_onsite: (3.818716754959765e-20-2.954657830713881e-35j)
F_swave: (-2.0885287165196206e-21+7.52316384526264e-36j), F_dwave: (7.28823442885391e-21+7.52316384526264e-36j)
F_px: (2.1064858766735392e-35-2.3311682452385026e-20j), F_py: (1.504632769052528e-35-2.7735033856588225e-20j)
Free_energy = -10093.416097173507
------------------------------------------
[{'stable': {'Fuu_px': np.complex128(0.03285656839288537-0.036191993709131134j), 'Fuu_py': np.complex128(0.03623775230757281+0.03289810991533761j)}, 'free': np.float64(-10123.422227428682)}, {'stable': {'Fuu_px': np.complex128(0.0489128941078588+1.4475634249898383e-16j), 'Fuu_py': np.complex128(-1.4073174485944382e-16+0.04891289410785919j)}, 'free': np.float64(-10123.423028138679)}]
------------------------------------------
  Seed: dd:px+py
  Seed uu: [0.+0.j 0.+0.j 0.+0.j 0.+0.j], Seed dd: [ 0.02412744+4.49944082e-14j -0.02412744-4.49956636e-14j
  0.02412744-4.49985462e-14j -0.02412744+4.49964286e-14j]
F_onsite: (9.793543923471364e-22-3.7567859814637146e-33j)
F_swave: (-5.213795579629322e-23+1.0521144637599802e-33j), F_dwave: (-2.817017670255182e-21-1.8544598878572408e-34j)
F_px: (1.1030838988116346e-33-1.0542866186629677e-20j), F_py: (1.1576268366897887e-33-1.0991009426535115e-20j)
Free_energy = -10089.864434372104
------------------------------------------
[{'stable': {'Fuu_px': np.complex128(0.03285656839288537-0.036191993709131134j), 'Fuu_py': np.complex128(0.03623775230757281+0.03289810991533761j)}, 'free': np.float64(-10123.422227428682)}, {'stable': {'Fuu_px': np.complex128(0.0489128941078588+1.4475634249898383e-16j), 'Fuu_py': np.complex128(-1.4073174485944382e-16+0.04891289410785919j)}, 'free': np.float64(-10123.423028138679)}]
------------------------------------------
  Seed: dd:px+ipy
  Seed uu: [0.+0.j 0.+0.j 0.+0.j 0.+0.j], Seed dd: [ 3.04360361e-02+4.86397553e-17j -3.04360361e-02-4.76791934e-17j
 -4.69116492e-17+3.04360361e-02j  4.57984891e-17-3.04360361e-02j]
F_onsite: (-2.3639729314184517e-21-4.133349089815674e-23j)
F_swave: (2.4957511493244846e-22-1.5706777438634447e-22j), F_dwave: (3.1171813644878333e-21+3.8056382568654026e-23j)
F_px: (4.5579436568143825e-21+3.326787361223871e-21j), F_py: (1.4015361973093278e-21+2.0532254571920306e-20j)
Free_energy = -10095.84714363731
------------------------------------------
[{'stable': {'Fuu_px': np.complex128(0.03285656839288537-0.036191993709131134j), 'Fuu_py': np.complex128(0.03623775230757281+0.03289810991533761j)}, 'free': np.float64(-10123.422227428682)}, {'stable': {'Fuu_px': np.complex128(0.0489128941078588+1.4475634249898383e-16j), 'Fuu_py': np.complex128(-1.4073174485944382e-16+0.04891289410785919j)}, 'free': np.float64(-10123.423028138679)}]
------------------------------------------
  Seed: uu+dd:px
  Seed uu: [ 6.72966150e-02+1.04110249e-16j -6.72966150e-02-9.28425402e-17j
 -2.24529905e-20-4.28006066e-16j  5.87907040e-19+4.14722048e-16j], Seed dd: [ 3.96547193e-02+1.16694776e-16j -3.96547193e-02-1.06882800e-16j
 -4.78858165e-19+2.88732515e-16j  4.53119613e-19-2.83049877e-16j]
F_onsite: (1.6027301234328232e-20-3.456622756295047e-20j)
F_swave: (-4.423100591986372e-21+1.3048075261498379e-20j), F_dwave: (-1.1604200642341854e-20-1.682370592301443e-20j)
F_px: (-1.584147618195202e-19-4.972811301718605e-34j), F_py: (-9.07199910992262e-22+1.1463767903434747e-20j)
Free_energy = -10134.671594367257
------------------------------------------
[{'stable': {'Fuu_px': np.complex128(0.06729659650039876+1.0256624020117797e-16j), 'Fdd_px': np.complex128(0.03965454103205504+1.3161600275087264e-16j)}, 'free': np.float64(-10134.671594367257)}]
------------------------------------------
  Seed: uu+dd:px+py
  Seed uu: [ 0.03286522-0.03618321j -0.03286522+0.03618321j  0.03622998+0.0329077j
 -0.03622998-0.0329077j ], Seed dd: [ 0.02152106-0.02152079j -0.02152106+0.02152079j  0.0215208 +0.02152104j
 -0.0215208 -0.02152104j]
F_onsite: (1.1363810372774585e-20-1.4483259940778584e-20j)
F_swave: (-4.108506293927311e-21+3.2472486144608345e-21j), F_dwave: (-4.178232956580514e-21+1.0243329847595447e-20j)
F_px: (-5.2924398864025484e-20-2.6525852933068835e-20j), F_py: (-7.208609064933894e-20+3.0633214507073302e-21j)
Free_energy = -10139.388337400518
------------------------------------------
[{'stable': {'Fuu_px': np.complex128(0.03286579347320627-0.036183843887165286j), 'Fuu_py': np.complex128(0.03622934320295163+0.03290712051188309j), 'Fdd_px': np.complex128(0.021521055977785364-0.02152079575001381j), 'Fdd_py': np.complex128(0.021520803170771964+0.021521045801060262j)}, 'free': np.float64(-10139.388337400518)}]
------------------------------------------
  Seed: uu+dd:px+ipy
  Seed uu: [ 4.89126690e-02+1.43424013e-16j -4.89126690e-02-1.32985179e-16j
 -1.54540791e-16+4.89126690e-02j  1.45449798e-16-4.89126690e-02j], Seed dd: [ 3.04360361e-02+4.05625020e-17j -3.04360361e-02-3.78599905e-17j
 -3.86284876e-17+3.04360361e-02j  3.76574437e-17-3.04360361e-02j]
F_onsite: (3.346323708147503e-21+2.1818284888970222e-20j)
F_swave: (-4.912159727107752e-21-7.99408544777221e-21j), F_dwave: (-1.0475672091399843e-20+1.0093940873767301e-20j)
F_px: (-3.908227052820286e-20+1.3189167097110465e-20j), F_py: (1.6249679974368662e-20-5.587380336023397e-20j)
Free_energy = -10139.389380524894
------------------------------------------
[{'stable': {'Fuu_px': np.complex128(0.03286579347320627-0.036183843887165286j), 'Fuu_py': np.complex128(0.03622934320295163+0.03290712051188309j), 'Fdd_px': np.complex128(0.021521055977785364-0.02152079575001381j), 'Fdd_py': np.complex128(0.021520803170771964+0.021521045801060262j)}, 'free': np.float64(-10139.388337400518)}, {'stable': {'Fuu_px': np.complex128(0.04891263363021629+1.459069838182696e-16j), 'Fuu_py': np.complex128(-1.530063904656815e-16+0.048912633630216806j), 'Fdd_px': np.complex128(0.03043581606692914+4.6077890881474493e-17j), 'Fdd_py': np.complex128(-3.833104665989487e-17+0.030435816066929203j)}, 'free': np.float64(-10139.389380524894)}]
------------------------------------------
====================================
mu=0.75, T=0.0508
====================================
  Seed: normal state
  Seed uu: [0.+0.j 0.+0.j 0.+0.j 0.+0.j], Seed dd: [0.+0.j 0.+0.j 0.+0.j 0.+0.j]
F_onsite: 0j
F_swave: 0j, F_dwave: 0j
F_px: 0j, F_py: 0j
Free_energy = -10082.37547833466
------------------------------------------
[{'stable': {}, 'free': np.float64(-10082.37547833466)}]
------------------------------------------
  Seed: uu:px
  Seed uu: [ 6.72969218e-02+1.10570199e-16j -6.72969218e-02-9.80165351e-17j
  9.97315121e-20-3.90754563e-16j -2.18459723e-18+3.78293014e-16j], Seed dd: [0.+0.j 0.+0.j 0.+0.j 0.+0.j]
F_onsite: (6.066407142095662e-21+1.427751871604585e-21j)
F_swave: (-1.5081193739283291e-21-5.0468211939200994e-23j), F_dwave: (-4.558287768167355e-21-5.523714640367312e-22j)
F_px: (-1.5142461310637113e-21+2.562577684792587e-35j), F_py: (-1.7531056166874646e-22-5.886458627853651e-21j)
Free_energy = -10122.757239875093
------------------------------------------
[{'stable': {'Fuu_px': np.complex128(0.0672968109528081+1.0444683863253972e-16j)}, 'free': np.float64(-10122.757239875093)}]
------------------------------------------
  Seed: uu:px+py
  Seed uu: [ 0.03285657-0.03619199j -0.03285657+0.03619199j  0.03623775+0.03289811j
 -0.03623775-0.03289811j], Seed dd: [0.+0.j 0.+0.j 0.+0.j 0.+0.j]
F_onsite: (-4.138075266136759e-20+5.419791412119677e-21j)
F_swave: (1.5299954006718258e-20-1.4810036909847625e-21j), F_dwave: (1.414629487975589e-21+8.450854612879123e-21j)
F_px: (-1.7141741837484474e-20-2.3435526030682593e-20j), F_py: (-1.8780176314550818e-20-8.701300120668244e-21j)
Free_energy = -10124.997065444155
------------------------------------------
[{'stable': {'Fuu_px': np.complex128(0.03285713354344748-0.036192616230793936j), 'Fuu_py': np.complex128(0.03623713074344696+0.032897545634066605j)}, 'free': np.float64(-10124.997065444155)}]
------------------------------------------
  Seed: uu:px+ipy
  Seed uu: [ 4.89128941e-02+1.50331355e-16j -4.89128941e-02-1.39181330e-16j
 -1.46132612e-16+4.89128941e-02j  1.35330877e-16-4.89128941e-02j], Seed dd: [0.+0.j 0.+0.j 0.+0.j 0.+0.j]
F_onsite: (-9.931541783744781e-21+6.858505294700893e-20j)
F_swave: (3.3146499068508015e-21-1.9624356579678398e-20j), F_dwave: (1.8450286991421535e-20+9.465827123025583e-21j)
F_px: (-5.17385646789128e-20-2.5288792699399875e-20j), F_py: (8.94954814568758e-21-1.0828998941028073e-20j)
Free_energy = -10124.99762192224
------------------------------------------
[{'stable': {'Fuu_px': np.complex128(0.03285713354344748-0.036192616230793936j), 'Fuu_py': np.complex128(0.03623713074344696+0.032897545634066605j)}, 'free': np.float64(-10124.997065444155)}, {'stable': {'Fuu_px': np.complex128(0.04891279138088642+1.8049112729642586e-16j), 'Fuu_py': np.complex128(-1.4502535486907587e-16+0.04891279138088672j)}, 'free': np.float64(-10124.99762192224)}]
------------------------------------------
  Seed: dd:px
  Seed uu: [0.+0.j 0.+0.j 0.+0.j 0.+0.j], Seed dd: [ 3.96545410e-02+1.28429677e-16j -3.96545410e-02-1.22652965e-16j
 -1.47123667e-18+2.73970689e-16j -3.93175489e-20-2.72587537e-16j]
F_onsite: (5.2232179734945553e-20+4.5026613768647416e-35j)
F_swave: (-3.0062370114905896e-21-2.350988701644575e-36j), F_dwave: (8.938547342748136e-21+1.5892683623117327e-35j)
F_px: (-6.394689268473244e-36+7.116874266070972e-21j), F_py: (-6.69561582228375e-35+2.7339769795173597e-21j)
Free_energy = -10095.52935633401
------------------------------------------
[{'stable': {'Fuu_px': np.complex128(0.03285713354344748-0.036192616230793936j), 'Fuu_py': np.complex128(0.03623713074344696+0.032897545634066605j)}, 'free': np.float64(-10124.997065444155)}, {'stable': {'Fuu_px': np.complex128(0.04891279138088642+1.8049112729642586e-16j), 'Fuu_py': np.complex128(-1.4502535486907587e-16+0.04891279138088672j)}, 'free': np.float64(-10124.99762192224)}]
------------------------------------------
  Seed: dd:px+py
  Seed uu: [0.+0.j 0.+0.j 0.+0.j 0.+0.j], Seed dd: [ 0.02412724+6.29930774e-14j -0.02412724-6.29986722e-14j
  0.02412724-6.29992865e-14j -0.02412724+6.29976625e-14j]
F_onsite: (1.0213407719384237e-22-1.3370526412921634e-32j)
F_swave: (2.8866811869730965e-23+5.105971301779754e-33j), F_dwave: (1.9169058684441626e-22+2.4171925434828862e-33j)
F_px: (3.39870681653248e-33+1.9187153244091582e-20j), F_py: (-4.452819620688858e-33+2.2095590770008527e-20j)
Free_energy = -10092.081543493763
------------------------------------------
[{'stable': {'Fuu_px': np.complex128(0.03285713354344748-0.036192616230793936j), 'Fuu_py': np.complex128(0.03623713074344696+0.032897545634066605j)}, 'free': np.float64(-10124.997065444155)}, {'stable': {'Fuu_px': np.complex128(0.04891279138088642+1.8049112729642586e-16j), 'Fuu_py': np.complex128(-1.4502535486907587e-16+0.04891279138088672j)}, 'free': np.float64(-10124.99762192224)}]
------------------------------------------
  Seed: dd:px+ipy
  Seed uu: [0.+0.j 0.+0.j 0.+0.j 0.+0.j], Seed dd: [ 3.04358161e-02+5.59866544e-17j -3.04358161e-02-4.91367783e-17j
 -4.73310100e-17+3.04358161e-02j  4.74273864e-17-3.04358161e-02j]
F_onsite: (2.4529044116221536e-21-2.9191353376196936e-21j)
F_swave: (-1.638077394445337e-22+1.5696483330884166e-22j), F_dwave: (-2.0768950141145317e-21-3.1487161241207027e-22j)
F_px: (-3.1780041276562303e-21+9.831919400298007e-22j), F_py: (4.296874988545008e-21-9.777233921628476e-21j)
Free_energy = -10097.888469083604
------------------------------------------
[{'stable': {'Fuu_px': np.complex128(0.03285713354344748-0.036192616230793936j), 'Fuu_py': np.complex128(0.03623713074344696+0.032897545634066605j)}, 'free': np.float64(-10124.997065444155)}, {'stable': {'Fuu_px': np.complex128(0.04891279138088642+1.8049112729642586e-16j), 'Fuu_py': np.complex128(-1.4502535486907587e-16+0.04891279138088672j)}, 'free': np.float64(-10124.99762192224)}]
------------------------------------------
  Seed: uu+dd:px
  Seed uu: [ 6.72965965e-02+1.06487817e-16j -6.72965965e-02-9.86446629e-17j
 -4.76277362e-19-4.46749211e-16j  6.83515884e-20+4.36341135e-16j], Seed dd: [ 3.96545410e-02+1.34873321e-16j -3.96545410e-02-1.28358685e-16j
 -7.89762270e-19+3.11094502e-16j -5.13073664e-19-3.08611054e-16j]
F_onsite: (7.085844459302647e-21+1.1279140271410245e-20j)
F_swave: (-1.8389629271348166e-21-3.2102041510588e-21j), F_dwave: (-5.246881532167894e-21-7.067767432336785e-21j)
F_px: (-1.593144675584716e-19-5.740174013935394e-34j), F_py: (-9.409691417761762e-22+4.589671005732924e-21j)
Free_energy = -10135.910757227983
------------------------------------------
[{'stable': {'Fuu_px': np.complex128(0.06729658357817572+1.0467217586628897e-16j), 'Fdd_px': np.complex128(0.0396544086758283+1.2296501703254806e-16j)}, 'free': np.float64(-10135.910757227983)}]
------------------------------------------
  Seed: uu+dd:px+py
  Seed uu: [ 0.03286579-0.03618384j -0.03286579+0.03618384j  0.03622934+0.03290712j
 -0.03622934-0.03290712j], Seed dd: [ 0.02152106-0.0215208j  -0.02152106+0.0215208j   0.0215208 +0.02152105j
 -0.0215208 -0.02152105j]
F_onsite: (1.0624041524722543e-21-1.4608794250283036e-21j)
F_swave: (-9.856450091619622e-23+3.6702992642702156e-21j), F_dwave: (8.831276924710189e-21-8.934995453708712e-21j)
F_px: (2.007392683353931e-20-4.1062102389448396e-20j), F_py: (2.248588713713497e-20+4.6329638810262677e-20j)
Free_energy = -10140.509439642172
------------------------------------------
[{'stable': {'Fuu_px': np.complex128(0.032866355703483854-0.03618446287884147j), 'Fuu_py': np.complex128(0.0362287251582079+0.03290655914170461j), 'Fdd_px': np.complex128(0.021521055111076017-0.02152079652113633j), 'Fdd_py': np.complex128(0.021520802403445033+0.02152104667156525j)}, 'free': np.float64(-10140.509439642172)}]
------------------------------------------
  Seed: uu+dd:px+ipy
  Seed uu: [ 4.89126336e-02+1.45748642e-16j -4.89126336e-02-1.46065326e-16j
 -1.58542704e-16+4.89126336e-02j  1.47470077e-16-4.89126336e-02j], Seed dd: [ 3.04358161e-02+4.89645395e-17j -3.04358161e-02-4.31912423e-17j
 -3.84103501e-17+3.04358161e-02j  3.82517432e-17-3.04358161e-02j]
F_onsite: (-5.606026771679264e-21+1.8631283526665535e-20j)
F_swave: (6.475648723202104e-22-5.5214519599292556e-21j), F_dwave: (-1.419368500747916e-20-5.239237921822177e-21j)
F_px: (-7.483842865923695e-20+2.056004909532512e-20j), F_py: (8.739324642591047e-21-7.695244323408884e-20j)
Free_energy = -10140.51019329397
------------------------------------------
[{'stable': {'Fuu_px': np.complex128(0.032866355703483854-0.03618446287884147j), 'Fuu_py': np.complex128(0.0362287251582079+0.03290655914170461j), 'Fdd_px': np.complex128(0.021521055111076017-0.02152079652113633j), 'Fdd_py': np.complex128(0.021520802403445033+0.02152104667156525j)}, 'free': np.float64(-10140.509439642172)}, {'stable': {'Fuu_px': np.complex128(0.048912608869531506+1.2754524181570728e-16j), 'Fuu_py': np.complex128(-1.5714719043767296e-16+0.04891260886953176j), 'Fdd_px': np.complex128(0.03043565289062527+5.101916345840086e-17j), 'Fdd_py': np.complex128(-3.970144008943392e-17+0.030435652890625463j)}, 'free': np.float64(-10140.51019329397)}]
------------------------------------------
====================================
mu=0.75, T=0.0590
====================================
  Seed: normal state
  Seed uu: [0.+0.j 0.+0.j 0.+0.j 0.+0.j], Seed dd: [0.+0.j 0.+0.j 0.+0.j 0.+0.j]
F_onsite: 0j
F_swave: 0j, F_dwave: 0j
F_px: 0j, F_py: 0j
Free_energy = -10085.320707173161
------------------------------------------
[{'stable': {}, 'free': np.float64(-10085.320707173161)}]
------------------------------------------
  Seed: uu:px
  Seed uu: [ 6.72968110e-02+1.19672891e-16j -6.72968110e-02-8.92207861e-17j
  1.19547451e-18-3.99984310e-16j -8.32838528e-19+4.03078574e-16j], Seed dd: [0.+0.j 0.+0.j 0.+0.j 0.+0.j]
F_onsite: (6.84739883476423e-21-2.3912946205130825e-22j)
F_swave: (-2.2749563930966806e-21-2.0877007608881353e-22j), F_dwave: (-4.572442441667581e-21-3.3854967316016165e-23j)
F_px: (-5.5873937174773226e-21-5.484856640936794e-35j), F_py: (-8.409792980749223e-22+1.62495379630404e-20j)
Free_energy = -10124.823491719588
------------------------------------------
[{'stable': {'Fuu_px': np.complex128(0.06729673345833762+8.268193000614645e-17j)}, 'free': np.float64(-10124.823491719588)}]
------------------------------------------
  Seed: uu:px+py
  Seed uu: [ 0.03285713-0.03619262j -0.03285713+0.03619262j  0.03623713+0.03289755j
 -0.03623713-0.03289755j], Seed dd: [0.+0.j 0.+0.j 0.+0.j 0.+0.j]
F_onsite: (2.2340247305166754e-20-3.4167096898598925e-20j)
F_swave: (-1.0306528436889979e-20+1.0649568995602763e-20j), F_dwave: (-1.9347577977344977e-21-2.0206435410307545e-20j)
F_px: (4.1795273842847514e-20-1.6784444520721874e-21j), F_py: (1.408581332859059e-20+1.2813991890260977e-20j)
Free_energy = -10127.018534768506
------------------------------------------
[{'stable': {'Fuu_px': np.complex128(0.03285768331721816-0.03619322181469464j), 'Fuu_py': np.complex128(0.036236526065724056+0.03289699668296095j)}, 'free': np.float64(-10127.018534768506)}]
------------------------------------------
  Seed: uu:px+ipy
  Seed uu: [ 4.89127914e-02+1.86403735e-16j -4.89127914e-02-1.74578520e-16j
 -1.50919884e-16+4.89127914e-02j  1.39130826e-16-4.89127914e-02j], Seed dd: [0.+0.j 0.+0.j 0.+0.j 0.+0.j]
F_onsite: (-1.672073569995069e-20+3.0477259153282287e-20j)
F_swave: (5.577027893650615e-21-9.70532012885447e-21j), F_dwave: (1.8164450774959614e-21+5.4993025865521386e-21j)
F_px: (2.1507417361854067e-20+1.2058667596916293e-20j), F_py: (8.549130097267583e-21+6.167160146728871e-21j)
Free_energy = -10127.018920958246
------------------------------------------
[{'stable': {'Fuu_px': np.complex128(0.03285768331721816-0.03619322181469464j), 'Fuu_py': np.complex128(0.036236526065724056+0.03289699668296095j)}, 'free': np.float64(-10127.018534768506)}, {'stable': {'Fuu_px': np.complex128(0.04891271940224735+1.4598165506652598e-16j), 'Fuu_py': np.complex128(-1.562539412552341e-16+0.04891271940224777j)}, 'free': np.float64(-10127.018920958246)}]
------------------------------------------
  Seed: dd:px
  Seed uu: [0.+0.j 0.+0.j 0.+0.j 0.+0.j], Seed dd: [ 3.96544087e-02+1.21108453e-16j -3.96544087e-02-1.13127815e-16j
 -1.11176052e-18+3.03979267e-16j -1.79845609e-19-2.99082040e-16j]
F_onsite: (8.364237320816655e-20+4.4281679280328523e-35j)
F_swave: (-4.6431213758693386e-21+8.181440681723121e-36j), F_dwave: (1.3557607912502777e-20-2.162909605513009e-36j)
F_px: (-2.5578757073892976e-35-1.1071128942132932e-21j), F_py: (2.7083389842945504e-35-1.0299083694387198e-21j)
Free_energy = -10098.112182295834
------------------------------------------
[{'stable': {'Fuu_px': np.complex128(0.03285768331721816-0.03619322181469464j), 'Fuu_py': np.complex128(0.036236526065724056+0.03289699668296095j)}, 'free': np.float64(-10127.018534768506)}, {'stable': {'Fuu_px': np.complex128(0.04891271940224735+1.4598165506652598e-16j), 'Fuu_py': np.complex128(-1.562539412552341e-16+0.04891271940224777j)}, 'free': np.float64(-10127.018920958246)}]
------------------------------------------
  Seed: dd:px+py
  Seed uu: [0.+0.j 0.+0.j 0.+0.j 0.+0.j], Seed dd: [ 0.02412709+8.81970421e-14j -0.02412709-8.81987907e-14j
  0.02412709-8.82218033e-14j -0.02412709+8.82200579e-14j]
F_onsite: (3.146464447432664e-21-1.0183003657626212e-32j)
F_swave: (-5.946123713383661e-23+6.922063054026155e-33j), F_dwave: (5.21946059876602e-21-6.017778759825586e-33j)
F_px: (-1.0043799891617888e-32-7.424571520280845e-21j), F_py: (2.513601888159927e-32-7.865380016334778e-21j)
Free_energy = -10094.762990257906
------------------------------------------
[{'stable': {'Fuu_px': np.complex128(0.03285768331721816-0.03619322181469464j), 'Fuu_py': np.complex128(0.036236526065724056+0.03289699668296095j)}, 'free': np.float64(-10127.018534768506)}, {'stable': {'Fuu_px': np.complex128(0.04891271940224735+1.4598165506652598e-16j), 'Fuu_py': np.complex128(-1.562539412552341e-16+0.04891271940224777j)}, 'free': np.float64(-10127.018920958246)}]
------------------------------------------
  Seed: dd:px+ipy
  Seed uu: [0.+0.j 0.+0.j 0.+0.j 0.+0.j], Seed dd: [ 3.04356529e-02+5.99337749e-17j -3.04356529e-02-5.32762283e-17j
 -4.95353073e-17+3.04356529e-02j  4.81495879e-17-3.04356529e-02j]
F_onsite: (2.1548300786376195e-20+1.1795091522506882e-21j)
F_swave: (-2.4603947098810826e-21+1.7572428537297337e-22j), F_dwave: (1.5746143861483847e-21+1.145624522488685e-21j)
F_px: (-3.537989971690914e-21+4.810262562205958e-21j), F_py: (5.603029923742633e-22+1.8221756888729384e-20j)
Free_energy = -10100.403616476318
------------------------------------------
[{'stable': {'Fuu_px': np.complex128(0.03285768331721816-0.03619322181469464j), 'Fuu_py': np.complex128(0.036236526065724056+0.03289699668296095j)}, 'free': np.float64(-10127.018534768506)}, {'stable': {'Fuu_px': np.complex128(0.04891271940224735+1.4598165506652598e-16j), 'Fuu_py': np.complex128(-1.562539412552341e-16+0.04891271940224777j)}, 'free': np.float64(-10127.018920958246)}]
------------------------------------------
  Seed: uu+dd:px
  Seed uu: [ 6.72965836e-02+1.15590563e-16j -6.72965836e-02-9.37537888e-17j
  2.66841848e-19-4.58162503e-16j -1.07591713e-18+4.49890433e-16j], Seed dd: [ 3.96544087e-02+1.22328551e-16j -3.96544087e-02-1.23601483e-16j
  3.44782114e-19+3.43783886e-16j -5.20594390e-20-3.41914855e-16j]
F_onsite: (3.610221831746572e-21-1.81105506875293e-20j)
F_swave: (-1.2901338348741887e-21+6.4119195045569956e-21j), F_dwave: (-2.3200879968723564e-21+5.344637400872636e-21j)
F_px: (-1.5302594194040643e-19-4.84491751634914e-34j), F_py: (-3.0540108590221e-21-1.5621718190392288e-20j)
Free_energy = -10137.614717774668
------------------------------------------
[{'stable': {'Fuu_px': np.complex128(0.06729657454686577+1.3247973812905562e-16j), 'Fdd_px': np.complex128(0.03965431041512105+1.3006654126232811e-16j)}, 'free': np.float64(-10137.614717774668)}]
------------------------------------------
  Seed: uu+dd:px+py
  Seed uu: [ 0.03286636-0.03618446j -0.03286636+0.03618446j  0.03622873+0.03290656j
 -0.03622873-0.03290656j], Seed dd: [ 0.02152106-0.0215208j  -0.02152106+0.0215208j   0.0215208 +0.02152105j
 -0.0215208 -0.02152105j]
F_onsite: (-1.3322168383439907e-20+1.0167703846997724e-20j)
F_swave: (-1.1093811045794327e-21-4.568777972693966e-21j), F_dwave: (4.283440396279482e-21+7.124808096835834e-21j)
F_px: (-2.1340187040199686e-20+3.628508742230273e-20j), F_py: (-1.862417202886528e-20+8.760091381411889e-21j)
Free_energy = -10142.100995990486
------------------------------------------
[{'stable': {'Fuu_px': np.complex128(0.03286690263648775-0.036185065028868646j), 'Fuu_py': np.complex128(0.03622812390432312+0.032906013022667026j), 'Fdd_px': np.complex128(0.021521054399896232-0.021520797142915913j), 'Fdd_py': np.complex128(0.021520801784480854+0.0215210473855605j)}, 'free': np.float64(-10142.100995990486)}]
------------------------------------------
  Seed: uu+dd:px+ipy
  Seed uu: [ 4.89126089e-02+1.34013053e-16j -4.89126089e-02-1.21077431e-16j
 -1.62830173e-16+4.89126089e-02j  1.51464208e-16-4.89126089e-02j], Seed dd: [ 3.04356529e-02+5.14327405e-17j -3.04356529e-02-5.06055864e-17j
 -3.97901668e-17+3.04356529e-02j  3.96127134e-17-3.04356529e-02j]
F_onsite: (-1.3383607695321167e-20-2.1679186322892195e-20j)
F_swave: (3.7920988743954286e-21+6.081899865724246e-21j), F_dwave: (1.2589501084069802e-20-2.5830316639465086e-20j)
F_px: (-3.467213329609923e-20-1.8576571411385733e-20j), F_py: (-7.440885595767556e-21-1.162818163876308e-20j)
Free_energy = -10142.10153991322
------------------------------------------
[{'stable': {'Fuu_px': np.complex128(0.03286690263648775-0.036185065028868646j), 'Fuu_py': np.complex128(0.03622812390432312+0.032906013022667026j), 'Fdd_px': np.complex128(0.021521054399896232-0.021520797142915913j), 'Fdd_py': np.complex128(0.021520801784480854+0.0215210473855605j)}, 'free': np.float64(-10142.100995990486)}, {'stable': {'Fuu_px': np.complex128(0.048912591520204975+1.132256469165609e-16j), 'Fuu_py': np.complex128(-1.592226064469032e-16+0.04891259152020508j), 'Fdd_px': np.complex128(0.030435531858600175+5.14845815931375e-17j), 'Fdd_py': np.complex128(-4.100457380900506e-17+0.030435531858600248j)}, 'free': np.float64(-10142.10153991322)}]
------------------------------------------
====================================
mu=0.75, T=0.0673
====================================
  Seed: normal state
  Seed uu: [0.+0.j 0.+0.j 0.+0.j 0.+0.j], Seed dd: [0.+0.j 0.+0.j 0.+0.j 0.+0.j]
F_onsite: 0j
F_swave: 0j, F_dwave: 0j
F_px: 0j, F_py: 0j
Free_energy = -10088.721580878859
------------------------------------------
[{'stable': {}, 'free': np.float64(-10088.721580878859)}]
------------------------------------------
  Seed: uu:px
  Seed uu: [ 6.72967335e-02+8.64571294e-17j -6.72967335e-02-7.89067306e-17j
 -3.47356300e-19-4.09380658e-16j  8.00545397e-19+3.92130409e-16j], Seed dd: [0.+0.j 0.+0.j 0.+0.j 0.+0.j]
F_onsite: (5.508723061286559e-21-1.6247465263836455e-21j)
F_swave: (-1.764117408947907e-21+1.9334460318517705e-22j), F_dwave: (-3.744605652338627e-21+5.691222675543819e-22j)
F_px: (-1.3904806921376314e-20-1.455262006317992e-34j), F_py: (-1.4739260235750482e-21-5.112224885357523e-21j)
Free_energy = -10127.358148685473
------------------------------------------
[{'stable': {'Fuu_px': np.complex128(0.06729667929770208+8.947169317177772e-17j)}, 'free': np.float64(-10127.358148685473)}]
------------------------------------------
  Seed: uu:px+py
  Seed uu: [ 0.03285768-0.03619322j -0.03285768+0.03619322j  0.03623653+0.032897j
 -0.03623653-0.032897j  ], Seed dd: [0.+0.j 0.+0.j 0.+0.j 0.+0.j]
F_onsite: (-6.318815976175506e-20-3.453516333579959e-21j)
F_swave: (2.0294931824369355e-20+2.4426561696287102e-21j), F_dwave: (4.847029017878662e-20-4.6038567113377125e-20j)
F_px: (-2.7384334004584844e-20+6.634875714885798e-21j), F_py: (-6.316945239489799e-20-1.0452342868129065e-20j)
Free_energy = -10129.509656248692
------------------------------------------
[{'stable': {'Fuu_px': np.complex128(0.032858218132875185-0.03619381092201303j), 'Fuu_py': np.complex128(0.03623593781597874+0.032896462645843706j)}, 'free': np.float64(-10129.509656248692)}]
------------------------------------------
  Seed: uu:px+ipy
  Seed uu: [ 4.89127194e-02+1.49599730e-16j -4.89127194e-02-1.42363580e-16j
 -1.62978721e-16+4.89127194e-02j  1.49529161e-16-4.89127194e-02j], Seed dd: [0.+0.j 0.+0.j 0.+0.j 0.+0.j]
F_onsite: (4.287507038210243e-20-2.5246545455365593e-20j)
F_swave: (-1.3465941778296501e-20+9.764201208607e-21j), F_dwave: (1.1992544312787231e-21+3.182767397823103e-20j)
F_px: (-1.5865090960021252e-20-1.4027540850993585e-20j), F_py: (-1.4021917694142078e-20+3.9044198673029414e-20j)
Free_energy = -10129.509924059606
------------------------------------------
[{'stable': {'Fuu_px': np.complex128(0.032858218132875185-0.03619381092201303j), 'Fuu_py': np.complex128(0.03623593781597874+0.032896462645843706j)}, 'free': np.float64(-10129.509656248692)}, {'stable': {'Fuu_px': np.complex128(0.048912668968283834+1.5974715806927004e-16j), 'Fuu_py': np.complex128(-1.6028555338636855e-16+0.048912668968284265j)}, 'free': np.float64(-10129.509924059606)}]
------------------------------------------
  Seed: dd:px
  Seed uu: [0.+0.j 0.+0.j 0.+0.j 0.+0.j], Seed dd: [ 3.96543104e-02+1.25988051e-16j -3.96543104e-02-1.25546747e-16j
 -3.73187496e-19+3.24694728e-16j  8.77195261e-19-3.17733864e-16j]
F_onsite: (3.5025415314780814e-20-2.476718750093658e-35j)
F_swave: (-1.6560264936268044e-21+7.52316384526264e-36j), F_dwave: (1.4876046248114312e-20+1.0532429383367696e-35j)
F_px: (-4.81482486096809e-35+2.2410536922405916e-20j), F_py: (-5.717604522399606e-35+4.005112743165807e-20j)
Free_energy = -10101.173084358992
------------------------------------------
[{'stable': {'Fuu_px': np.complex128(0.032858218132875185-0.03619381092201303j), 'Fuu_py': np.complex128(0.03623593781597874+0.032896462645843706j)}, 'free': np.float64(-10129.509656248692)}, {'stable': {'Fuu_px': np.complex128(0.048912668968283834+1.5974715806927004e-16j), 'Fuu_py': np.complex128(-1.6028555338636855e-16+0.048912668968284265j)}, 'free': np.float64(-10129.509924059606)}]
------------------------------------------
  Seed: dd:px+py
  Seed uu: [0.+0.j 0.+0.j 0.+0.j 0.+0.j], Seed dd: [ 0.02412698+1.23499827e-13j -0.02412698-1.23499278e-13j
  0.02412698-1.23527224e-13j -0.02412698+1.23527626e-13j]
F_onsite: (9.203827790186958e-21-3.6734705401058976e-32j)
F_swave: (-3.948400782015449e-22+1.6059321702289895e-32j), F_dwave: (7.345706497210831e-21-3.918439888805046e-33j)
F_px: (2.0424186133672826e-31+9.585477131943208e-21j), F_py: (-2.106305320741253e-31+1.0367764010939491e-20j)
Free_energy = -10097.91614292155
------------------------------------------
[{'stable': {'Fuu_px': np.complex128(0.032858218132875185-0.03619381092201303j), 'Fuu_py': np.complex128(0.03623593781597874+0.032896462645843706j)}, 'free': np.float64(-10129.509656248692)}, {'stable': {'Fuu_px': np.complex128(0.048912668968283834+1.5974715806927004e-16j), 'Fuu_py': np.complex128(-1.6028555338636855e-16+0.048912668968284265j)}, 'free': np.float64(-10129.509924059606)}]
------------------------------------------
  Seed: dd:px+ipy
  Seed uu: [0.+0.j 0.+0.j 0.+0.j 0.+0.j], Seed dd: [ 3.04355319e-02+6.00829586e-17j -3.04355319e-02-6.07358093e-17j
 -5.09987685e-17+3.04355319e-02j  4.97604328e-17-3.04355319e-02j]
F_onsite: (-1.8210194825757233e-20-4.154972030504659e-21j)
F_swave: (1.000118563832364e-21+2.365281754916434e-23j), F_dwave: (3.2163895292842292e-21-1.1470270903237335e-22j)
F_px: (-1.5206202621242634e-21+7.212805513924388e-21j), F_py: (1.547900762842674e-21-2.810488145207162e-20j)
Free_energy = -10103.401521217562
------------------------------------------
[{'stable': {'Fuu_px': np.complex128(0.032858218132875185-0.03619381092201303j), 'Fuu_py': np.complex128(0.03623593781597874+0.032896462645843706j)}, 'free': np.float64(-10129.509656248692)}, {'stable': {'Fuu_px': np.complex128(0.048912668968283834+1.5974715806927004e-16j), 'Fuu_py': np.complex128(-1.6028555338636855e-16+0.048912668968284265j)}, 'free': np.float64(-10129.509924059606)}]
------------------------------------------
  Seed: uu+dd:px
  Seed uu: [ 6.72965745e-02+1.35177723e-16j -6.72965745e-02-1.29781753e-16j
  9.01295995e-20-4.80458211e-16j -1.74865981e-18+4.77953905e-16j], Seed dd: [ 3.96543104e-02+1.30862938e-16j -3.96543104e-02-1.29270145e-16j
 -6.78532948e-19+3.66626988e-16j -2.56968620e-19-3.59060178e-16j]
F_onsite: (1.7804323059174356e-20+6.839508456199875e-20j)
F_swave: (-4.930466961169002e-21-2.5565026527106246e-20j), F_dwave: (-1.2873856098005605e-20+1.8457341882622338e-20j)
F_px: (-1.3332159893744957e-19-4.468759324086008e-34j), F_py: (-5.757331599858758e-21+2.231409927767369e-21j)
Free_energy = -10139.809480440641
------------------------------------------
[{'stable': {'Fuu_px': np.complex128(0.06729656823490393+1.4230960842150097e-16j), 'Fdd_px': np.complex128(0.039654237466712414+1.202999072733512e-16j)}, 'free': np.float64(-10139.809480440641)}]
------------------------------------------
  Seed: uu+dd:px+py
  Seed uu: [ 0.0328669 -0.03618507j -0.0328669 +0.03618507j  0.03622812+0.03290601j
 -0.03622812-0.03290601j], Seed dd: [ 0.02152105-0.0215208j  -0.02152105+0.0215208j   0.0215208 +0.02152105j
 -0.0215208 -0.02152105j]
F_onsite: (-2.1956075705483663e-20+3.0494787890670934e-20j)
F_swave: (6.389448562375258e-21-7.217234241722908e-21j), F_dwave: (-5.855198443665254e-21-7.351025883456668e-21j)
F_px: (-5.863489502161196e-20+1.707573094462962e-20j), F_py: (-7.56577015354526e-20-3.3826539512627635e-20j)
Free_energy = -10144.189271193181
------------------------------------------
[{'stable': {'Fuu_px': np.complex128(0.0328674346887273-0.03618565079580563j), 'Fuu_py': np.complex128(0.036227538985461966+0.03290548174073504j), 'Fdd_px': np.complex128(0.021521053815739294-0.021520797643595983j), 'Fdd_py': np.complex128(0.02152080128588912+0.02152104797180595j)}, 'free': np.float64(-10144.189271193181)}]
------------------------------------------
  Seed: uu+dd:px+ipy
  Seed uu: [ 4.89125915e-02+1.24603523e-16j -4.89125915e-02-1.01847771e-16j
 -1.65169148e-16+4.89125915e-02j  1.53276065e-16-4.89125915e-02j], Seed dd: [ 3.04355319e-02+5.30281800e-17j -3.04355319e-02-4.99409832e-17j
 -4.14339401e-17+3.04355319e-02j  4.05752075e-17-3.04355319e-02j]
F_onsite: (2.283897892294578e-20-2.6555445491943463e-20j)
F_swave: (-6.417751982435983e-21+7.291590311083438e-21j), F_dwave: (-5.960152591235623e-21+1.6771008085113327e-20j)
F_px: (-4.447234069424928e-20+6.963618241909888e-21j), F_py: (7.320606155651683e-21+1.200680530025661e-21j)
Free_energy = -10144.189663697
------------------------------------------
[{'stable': {'Fuu_px': np.complex128(0.0328674346887273-0.03618565079580563j), 'Fuu_py': np.complex128(0.036227538985461966+0.03290548174073504j), 'Fdd_px': np.complex128(0.021521053815739294-0.021520797643595983j), 'Fdd_py': np.complex128(0.02152080128588912+0.02152104797180595j)}, 'free': np.float64(-10144.189271193181)}, {'stable': {'Fuu_px': np.complex128(0.04891257936386969+1.2826024350230832e-16j), 'Fuu_py': np.complex128(-1.5953714683791017e-16+0.048912579363869724j), 'Fdd_px': np.complex128(0.0304354420859183+3.755190869731892e-17j), 'Fdd_py': np.complex128(-4.236478960828726e-17+0.030435442085918543j)}, 'free': np.float64(-10144.189663697)}]
------------------------------------------
====================================
mu=0.75, T=0.0756
====================================
  Seed: normal state
  Seed uu: [0.+0.j 0.+0.j 0.+0.j 0.+0.j], Seed dd: [0.+0.j 0.+0.j 0.+0.j 0.+0.j]
F_onsite: 0j
F_swave: 0j, F_dwave: 0j
F_px: 0j, F_py: 0j
Free_energy = -10092.580033008742
------------------------------------------
[{'stable': {}, 'free': np.float64(-10092.580033008742)}]
------------------------------------------
  Seed: uu:px
  Seed uu: [ 6.72966793e-02+9.11660502e-17j -6.72966793e-02-8.77773361e-17j
  1.51364788e-18-3.93472850e-16j -1.18507189e-18+3.88504790e-16j], Seed dd: [0.+0.j 0.+0.j 0.+0.j 0.+0.j]
F_onsite: (-3.2426302948394395e-21-3.076815744826276e-21j)
F_swave: (1.1797456479187319e-21+2.07020545209601e-22j), F_dwave: (2.0628846469207125e-21+2.621864778174989e-21j)
F_px: (-4.1295419713141995e-21-6.432305087699557e-35j), F_py: (-1.0738365332234672e-21-1.1205148051752438e-20j)
Free_energy = -10130.374010781117
------------------------------------------
[{'stable': {'Fuu_px': np.complex128(0.06729664144499312+1.0171306626505607e-16j)}, 'free': np.float64(-10130.374010781117)}]
------------------------------------------
  Seed: uu:px+py
  Seed uu: [ 0.03285822-0.03619381j -0.03285822+0.03619381j  0.03623594+0.03289646j
 -0.03623594-0.03289646j], Seed dd: [0.+0.j 0.+0.j 0.+0.j 0.+0.j]
F_onsite: (5.989366243968491e-21+1.6228552361816246e-20j)
F_swave: (-4.927658285657114e-22-7.484241031341896e-21j), F_dwave: (6.435328737717839e-21+3.516089612824921e-21j)
F_px: (-6.680112063903336e-20+1.5242042567913875e-20j), F_py: (-4.643855551971625e-20+1.2010322272791347e-20j)
Free_energy = -10132.483193367414
------------------------------------------
[{'stable': {'Fuu_px': np.complex128(0.03285873839768084-0.036194384001354385j), 'Fuu_py': np.complex128(0.03623536554821295+0.03289594311781945j)}, 'free': np.float64(-10132.483193367414)}]
------------------------------------------
  Seed: uu:px+ipy
  Seed uu: [ 4.89126690e-02+1.68469665e-16j -4.89126690e-02-1.51024651e-16j
 -1.65807970e-16+4.89126690e-02j  1.54763137e-16-4.89126690e-02j], Seed dd: [0.+0.j 0.+0.j 0.+0.j 0.+0.j]
F_onsite: (3.1282752113267737e-21+8.30717233980464e-21j)
F_swave: (1.5712469384693954e-21-7.267661927588361e-21j), F_dwave: (1.3775877598370338e-20-1.0866425157426413e-20j)
F_px: (-2.4777692506315206e-21+1.2281922868827324e-20j), F_py: (-1.4860556286203982e-20-1.6886205037253325e-20j)
Free_energy = -10132.483379078712
------------------------------------------
[{'stable': {'Fuu_px': np.complex128(0.03285873839768084-0.036194384001354385j), 'Fuu_py': np.complex128(0.03623536554821295+0.03289594311781945j)}, 'free': np.float64(-10132.483193367414)}, {'stable': {'Fuu_px': np.complex128(0.04891263363021631+1.6595477137212118e-16j), 'Fuu_py': np.complex128(-1.6772512317144187e-16+0.048912633630216806j)}, 'free': np.float64(-10132.483379078712)}]
------------------------------------------
  Seed: dd:px
  Seed uu: [0.+0.j 0.+0.j 0.+0.j 0.+0.j], Seed dd: [ 3.96542375e-02+1.19722972e-16j -3.96542375e-02-1.22539674e-16j
 -1.67686054e-19+3.57639227e-16j -2.72195361e-19-3.57216981e-16j]
F_onsite: (4.5885687526885754e-20+2.0106691942285033e-35j)
F_swave: (-2.1021784315181218e-21+4.231779662960235e-37j), F_dwave: (1.4739487540202075e-20+9.545014128676975e-36j)
F_px: (-2.783570622747177e-35-1.3624964570023549e-21j), F_py: (-3.159728815010309e-35-1.2380616447091263e-21j)
Free_energy = -10104.714031827965
------------------------------------------
[{'stable': {'Fuu_px': np.complex128(0.03285873839768084-0.036194384001354385j), 'Fuu_py': np.complex128(0.03623536554821295+0.03289594311781945j)}, 'free': np.float64(-10132.483193367414)}, {'stable': {'Fuu_px': np.complex128(0.04891263363021631+1.6595477137212118e-16j), 'Fuu_py': np.complex128(-1.6772512317144187e-16+0.048912633630216806j)}, 'free': np.float64(-10132.483379078712)}]
------------------------------------------
  Seed: dd:px+py
  Seed uu: [0.+0.j 0.+0.j 0.+0.j 0.+0.j], Seed dd: [ 0.0241269+1.72933565e-13j -0.0241269-1.72932561e-13j
  0.0241269-1.72953367e-13j -0.0241269+1.72951413e-13j]
F_onsite: (2.335921775326615e-21+3.4345420933185355e-32j)
F_swave: (-5.548824606318677e-24-4.78962226208646e-33j), F_dwave: (7.819292229287363e-21-2.3911247807590512e-32j)
F_px: (-3.285139956310837e-32+2.7436601224831227e-21j), F_py: (-5.029987346942601e-33+4.174097188141726e-21j)
Free_energy = -10101.542890354936
------------------------------------------
[{'stable': {'Fuu_px': np.complex128(0.03285873839768084-0.036194384001354385j), 'Fuu_py': np.complex128(0.03623536554821295+0.03289594311781945j)}, 'free': np.float64(-10132.483193367414)}, {'stable': {'Fuu_px': np.complex128(0.04891263363021631+1.6595477137212118e-16j), 'Fuu_py': np.complex128(-1.6772512317144187e-16+0.048912633630216806j)}, 'free': np.float64(-10132.483379078712)}]
------------------------------------------
  Seed: dd:px+ipy
  Seed uu: [0.+0.j 0.+0.j 0.+0.j 0.+0.j], Seed dd: [ 3.04354421e-02+4.71960405e-17j -3.04354421e-02-4.66321813e-17j
 -5.19506218e-17+3.04354421e-02j  5.11065270e-17-3.04354421e-02j]
F_onsite: (8.908075067387318e-21-1.0182758867187035e-21j)
F_swave: (8.001333561870495e-23+2.715709949912401e-22j), F_dwave: (5.0203884316392354e-21+2.929675080429905e-22j)
F_px: (4.3635203161493545e-21-1.921269422798546e-21j), F_py: (3.2781550660857087e-21-4.805303692306304e-21j)
Free_energy = -10106.884019448642
------------------------------------------
[{'stable': {'Fuu_px': np.complex128(0.03285873839768084-0.036194384001354385j), 'Fuu_py': np.complex128(0.03623536554821295+0.03289594311781945j)}, 'free': np.float64(-10132.483193367414)}, {'stable': {'Fuu_px': np.complex128(0.04891263363021631+1.6595477137212118e-16j), 'Fuu_py': np.complex128(-1.6772512317144187e-16+0.048912633630216806j)}, 'free': np.float64(-10132.483379078712)}]
------------------------------------------
  Seed: uu+dd:px
  Seed uu: [ 6.72965682e-02+1.44464434e-16j -6.72965682e-02-1.40154783e-16j
  5.69709066e-19-5.06351055e-16j -9.31974470e-19+4.94235837e-16j], Seed dd: [ 3.96542375e-02+1.23446635e-16j -3.96542375e-02-1.17153180e-16j
 -2.63698562e-19+4.01092018e-16j  6.06538456e-19-3.99176135e-16j]
F_onsite: (-7.99226841909947e-21-2.9910026351591936e-20j)
F_swave: (2.668526961779279e-21+1.0294284085842848e-20j), F_dwave: (5.323741457320279e-21+5.623584022476531e-21j)
F_px: (-1.275168443926347e-19-2.633107345841924e-34j), F_py: (-2.4121172982317175e-21-9.217654650459275e-21j)
Free_energy = -10142.507891342586
------------------------------------------
[{'stable': {'Fuu_px': np.complex128(0.06729656382348911+1.645698725033604e-16j), 'Fdd_px': np.complex128(0.03965418331002632+1.2201816654641576e-16j)}, 'free': np.float64(-10142.507891342586)}]
------------------------------------------
  Seed: uu+dd:px+py
  Seed uu: [ 0.03286743-0.03618565j -0.03286743+0.03618565j  0.03622754+0.03290548j
 -0.03622754-0.03290548j], Seed dd: [ 0.02152105-0.0215208j  -0.02152105+0.0215208j   0.0215208 +0.02152105j
 -0.0215208 -0.02152105j]
F_onsite: (1.1354418248827739e-20-2.38796980196746e-20j)
F_swave: (-4.105660979607028e-21+4.309539803081135e-21j), F_dwave: (4.314388893674307e-21-7.890571564039449e-21j)
F_px: (-3.568552168593172e-20+2.8092478077805077e-20j), F_py: (-6.821532299993973e-20-3.671913020965143e-20j)
Free_energy = -10146.786943553681
------------------------------------------
[{'stable': {'Fuu_px': np.complex128(0.03286795226535575-0.03618622062570892j), 'Fuu_py': np.complex128(0.03622696995814648+0.03290496489309742j), 'Fdd_px': np.complex128(0.02152105333536588-0.02152079804612384j), 'Fdd_py': np.complex128(0.021520800884910225+0.02152104845372834j)}, 'free': np.float64(-10146.786943553681)}]
------------------------------------------
  Seed: uu+dd:px+ipy
  Seed uu: [ 4.89125794e-02+1.38947708e-16j -4.89125794e-02-1.17572779e-16j
 -1.65246864e-16+4.89125794e-02j  1.53827430e-16-4.89125794e-02j], Seed dd: [ 3.04354421e-02+3.83221528e-17j -3.04354421e-02-3.67816646e-17j
 -4.27914957e-17+3.04354421e-02j  4.19380835e-17-3.04354421e-02j]
F_onsite: (3.171629504156524e-20+1.1142147548380279e-20j)
F_swave: (-7.090308575479575e-21-5.105168493548564e-21j), F_dwave: (-1.638940134560664e-20+2.2714639239395294e-20j)
F_px: (-9.390774917149097e-20+9.177916504011705e-22j), F_py: (1.0198672985089767e-20-7.09954635678684e-20j)
Free_energy = -10146.787226944145
------------------------------------------
[{'stable': {'Fuu_px': np.complex128(0.03286795226535575-0.03618622062570892j), 'Fuu_py': np.complex128(0.03622696995814648+0.03290496489309742j), 'Fdd_px': np.complex128(0.02152105333536588-0.02152079804612384j), 'Fdd_py': np.complex128(0.021520800884910225+0.02152104845372834j)}, 'free': np.float64(-10146.786943553681)}, {'stable': {'Fuu_px': np.complex128(0.048912570846161116+1.4461885846373261e-16j), 'Fuu_py': np.complex128(-1.6406419383384959e-16+0.04891257084616131j), 'Fdd_px': np.complex128(0.03043537549904669+3.2157619077399313e-17j), 'Fdd_py': np.complex128(-4.3112243244679976e-17+0.030435375499046853j)}, 'free': np.float64(-10146.787226944145)}]
------------------------------------------
====================================
mu=0.75, T=0.0839
====================================
  Seed: normal state
  Seed uu: [0.+0.j 0.+0.j 0.+0.j 0.+0.j], Seed dd: [0.+0.j 0.+0.j 0.+0.j 0.+0.j]
F_onsite: 0j
F_swave: 0j, F_dwave: 0j
F_px: 0j, F_py: 0j
Free_energy = -10096.895432077783
------------------------------------------
[{'stable': {}, 'free': np.float64(-10096.895432077783)}]
------------------------------------------
  Seed: uu:px
  Seed uu: [ 6.72966414e-02+1.00938005e-16j -6.72966414e-02-1.02488128e-16j
 -1.47926363e-18-4.05486107e-16j  1.41120321e-18+3.85845054e-16j], Seed dd: [0.+0.j 0.+0.j 0.+0.j 0.+0.j]
F_onsite: (4.954559283971814e-21+2.735679086802136e-21j)
F_swave: (-1.0616675677670867e-21-9.141796148669991e-22j), F_dwave: (-3.89289171620475e-21-1.8894466623465268e-22j)
F_px: (-1.1800500867089628e-20+9.874152546907215e-36j), F_py: (2.3245682191956968e-21-6.71047785340082e-21j)
Free_energy = -10133.87660460183
------------------------------------------
[{'stable': {'Fuu_px': np.complex128(0.06729661498983805+9.585885098966718e-17j)}, 'free': np.float64(-10133.87660460183)}]
------------------------------------------
  Seed: uu:px+py
  Seed uu: [ 0.03285874-0.03619438j -0.03285874+0.03619438j  0.03623537+0.03289594j
 -0.03623537-0.03289594j], Seed dd: [0.+0.j 0.+0.j 0.+0.j 0.+0.j]
F_onsite: (-1.1809731800012185e-20-1.103832830771433e-19j)
F_swave: (-1.1958478110796234e-21+3.6002654788626284e-20j), F_dwave: (-2.9293642393253334e-20-8.710315408277238e-21j)
F_px: (-6.040939018784423e-20+8.035871032900529e-21j), F_py: (1.8985397402246744e-20-2.7728769718555596e-21j)
Free_energy = -10135.944706424681
------------------------------------------
[{'stable': {'Fuu_px': np.complex128(0.032859244507793546-0.036194941489093024j), 'Fuu_py': np.complex128(0.036234808828519566+0.03289543770496972j)}, 'free': np.float64(-10135.944706424681)}]
------------------------------------------
  Seed: uu:px+ipy
  Seed uu: [ 4.89126336e-02+1.67715806e-16j -4.89126336e-02-1.64193737e-16j
 -1.73096794e-16+4.89126336e-02j  1.62353452e-16-4.89126336e-02j], Seed dd: [0.+0.j 0.+0.j 0.+0.j 0.+0.j]
F_onsite: (2.2065987795347942e-20+3.034021305415104e-20j)
F_swave: (-7.461741755674928e-21-8.200075638445838e-21j), F_dwave: (-2.3289187042704047e-20+2.939923741402881e-20j)
F_px: (1.9225290870262876e-20+2.9525067383379844e-21j), F_py: (1.9147537454318502e-20+4.9792545263650094e-20j)
Free_energy = -10135.944835293236
------------------------------------------
[{'stable': {'Fuu_px': np.complex128(0.032859244507793546-0.036194941489093024j), 'Fuu_py': np.complex128(0.036234808828519566+0.03289543770496972j)}, 'free': np.float64(-10135.944706424681)}, {'stable': {'Fuu_px': np.complex128(0.04891260886953151+1.4219705891863456e-16j), 'Fuu_py': np.complex128(-1.7305378097283908e-16+0.048912608869531776j)}, 'free': np.float64(-10135.944835293236)}]
------------------------------------------
  Seed: dd:px
  Seed uu: [0.+0.j 0.+0.j 0.+0.j 0.+0.j], Seed dd: [ 3.96541833e-02+1.17784219e-16j -3.96541833e-02-1.16762380e-16j
 -1.06659646e-18+4.14338819e-16j  1.59388109e-18-4.10862595e-16j]
F_onsite: (7.343088894358491e-20+8.687052253049033e-35j)
F_swave: (-2.775436891126684e-21-2.1064858766735392e-35j), F_dwave: (2.8512953444518756e-20-5.868067799304859e-35j)
F_px: (-2.1064858766735392e-35-2.1606986076402507e-20j), F_py: (1.0833355937178202e-34+2.21721605044755e-20j)
Free_energy = -10108.733191345806
------------------------------------------
[{'stable': {'Fuu_px': np.complex128(0.032859244507793546-0.036194941489093024j), 'Fuu_py': np.complex128(0.036234808828519566+0.03289543770496972j)}, 'free': np.float64(-10135.944706424681)}, {'stable': {'Fuu_px': np.complex128(0.04891260886953151+1.4219705891863456e-16j), 'Fuu_py': np.complex128(-1.7305378097283908e-16+0.048912608869531776j)}, 'free': np.float64(-10135.944835293236)}]
------------------------------------------
  Seed: dd:px+py
  Seed uu: [0.+0.j 0.+0.j 0.+0.j 0.+0.j], Seed dd: [ 0.02412684+2.42136119e-13j -0.02412684-2.42136522e-13j
  0.02412684-2.42143971e-13j -0.02412684+2.42143435e-13j]
F_onsite: (2.6119428808416026e-20-2.118949193454581e-32j)
F_swave: (-8.714126501654237e-22-6.887456500337947e-34j), F_dwave: (1.7971211462636845e-21+3.578769041191438e-33j)
F_px: (-4.7381826292944765e-33-3.899189786568153e-21j), F_py: (4.268756013259701e-32-3.628922263431704e-21j)
Free_energy = -10105.641763779564
------------------------------------------
[{'stable': {'Fuu_px': np.complex128(0.032859244507793546-0.036194941489093024j), 'Fuu_py': np.complex128(0.036234808828519566+0.03289543770496972j)}, 'free': np.float64(-10135.944706424681)}, {'stable': {'Fuu_px': np.complex128(0.04891260886953151+1.4219705891863456e-16j), 'Fuu_py': np.complex128(-1.7305378097283908e-16+0.048912608869531776j)}, 'free': np.float64(-10135.944835293236)}]
------------------------------------------
  Seed: dd:px+ipy
  Seed uu: [0.+0.j 0.+0.j 0.+0.j 0.+0.j], Seed dd: [ 3.04353755e-02+4.51465385e-17j -3.04353755e-02-4.01642642e-17j
 -5.28573441e-17+3.04353755e-02j  5.17553542e-17-3.04353755e-02j]
F_onsite: (6.6601099294465206e-21-3.4502704165050556e-21j)
F_swave: (1.4677620633255097e-23+7.447066196669473e-22j), F_dwave: (1.0526136322436765e-20-1.870170334687755e-21j)
F_px: (-1.1205251978576346e-23+1.3021391716212034e-20j), F_py: (-9.126467556163283e-22+1.4261388624541193e-20j)
Free_energy = -10110.848934870643
------------------------------------------
[{'stable': {'Fuu_px': np.complex128(0.032859244507793546-0.036194941489093024j), 'Fuu_py': np.complex128(0.036234808828519566+0.03289543770496972j)}, 'free': np.float64(-10135.944706424681)}, {'stable': {'Fuu_px': np.complex128(0.04891260886953151+1.4219705891863456e-16j), 'Fuu_py': np.complex128(-1.7305378097283908e-16+0.048912608869531776j)}, 'free': np.float64(-10135.944835293236)}]
------------------------------------------
  Seed: uu+dd:px
  Seed uu: [ 6.72965638e-02+1.66056204e-16j -6.72965638e-02-1.63083541e-16j
 -7.61184835e-19-5.70128136e-16j  1.12434359e-18+5.54749406e-16j], Seed dd: [ 3.96541833e-02+1.21915252e-16j -3.96541833e-02-1.22121081e-16j
 -4.38511604e-19+4.64712186e-16j  7.70793365e-19-4.57796744e-16j]
F_onsite: (7.102436709723968e-21+1.822924780161462e-20j)
F_swave: (-2.3313704712427993e-21-5.096668945523888e-21j), F_dwave: (-4.7710662384813114e-21+2.167643328788271e-20j)
F_px: (-1.3488765397223675e-19+6.620384183831123e-35j), F_py: (4.125411624869379e-21+9.112308532546458e-21j)
Free_energy = -10145.71428249856
------------------------------------------
[{'stable': {'Fuu_px': np.complex128(0.06729656074036136+1.7769732146880556e-16j), 'Fdd_px': np.complex128(0.039654143104238634+1.0304468146747864e-16j)}, 'free': np.float64(-10145.71428249856)}]
------------------------------------------
  Seed: uu+dd:px+py
  Seed uu: [ 0.03286795-0.03618622j -0.03286795+0.03618622j  0.03622697+0.03290496j
 -0.03622697-0.03290496j], Seed dd: [ 0.02152105-0.0215208j  -0.02152105+0.0215208j   0.0215208 +0.02152105j
 -0.0215208 -0.02152105j]
F_onsite: (-5.452531157572306e-20+4.970739405764747e-20j)
F_swave: (1.386264216594526e-20-1.4775208893895594e-20j), F_dwave: (2.0102544722061002e-20-2.742609436993374e-20j)
F_px: (5.620866285826143e-21-3.1662471223397265e-21j), F_py: (-3.7151285324708135e-20-4.424290171567067e-20j)
Free_energy = -10149.898037658784
------------------------------------------
[{'stable': {'Fuu_px': np.complex128(0.0328684557604799-0.03618677495247365j), 'Fuu_py': np.complex128(0.03622641639092143+0.032904462087863386j), 'Fdd_px': np.complex128(0.021521052939828762-0.021520798369141208j), 'Fdd_py': np.complex128(0.021520800563041776+0.02152104885041449j)}, 'free': np.float64(-10149.898037658784)}]
------------------------------------------
  Seed: uu+dd:px+ipy
  Seed uu: [ 4.89125708e-02+1.49574531e-16j -4.89125708e-02-1.39663186e-16j
 -1.69365244e-16+4.89125708e-02j  1.58763144e-16-4.89125708e-02j], Seed dd: [ 3.04353755e-02+3.50588525e-17j -3.04353755e-02-2.92563856e-17j
 -4.41338841e-17+3.04353755e-02j  4.20906024e-17-3.04353755e-02j]
F_onsite: (-1.543771004873071e-20-1.1824955447734902e-20j)
F_swave: (4.892659120171501e-21+5.903027082914909e-21j), F_dwave: (-1.3037628715622733e-20-3.615525732391751e-21j)
F_px: (-7.112550981395442e-20+1.9198199091239017e-20j), F_py: (-5.264921499605401e-21-1.4304914466044996e-20j)
Free_energy = -10149.898242482748
------------------------------------------
[{'stable': {'Fuu_px': np.complex128(0.0328684557604799-0.03618677495247365j), 'Fuu_py': np.complex128(0.03622641639092143+0.032904462087863386j), 'Fdd_px': np.complex128(0.021521052939828762-0.021520798369141208j), 'Fdd_py': np.complex128(0.021520800563041776+0.02152104885041449j)}, 'free': np.float64(-10149.898037658784)}, {'stable': {'Fuu_px': np.complex128(0.048912564877967316+1.6182503576800324e-16j), 'Fuu_py': np.complex128(-1.6675818212259189e-16+0.04891256487796755j), 'Fdd_px': np.complex128(0.03043532610968619+3.044339644572402e-17j), 'Fdd_py': np.complex128(-4.2878713614144005e-17+0.03043532610968642j)}, 'free': np.float64(-10149.898242482748)}]
------------------------------------------
====================================
mu=0.75, T=0.0922
====================================
  Seed: normal state
  Seed uu: [0.+0.j 0.+0.j 0.+0.j 0.+0.j], Seed dd: [0.+0.j 0.+0.j 0.+0.j 0.+0.j]
F_onsite: 0j
F_swave: 0j, F_dwave: 0j
F_px: 0j, F_py: 0j
Free_energy = -10101.665516308985
------------------------------------------
[{'stable': {}, 'free': np.float64(-10101.665516308985)}]
------------------------------------------
  Seed: uu:px
  Seed uu: [ 6.72966150e-02+1.04292361e-16j -6.72966150e-02-8.74253410e-17j
  1.92342653e-19-4.22669123e-16j  7.15405351e-19+4.10868684e-16j], Seed dd: [0.+0.j 0.+0.j 0.+0.j 0.+0.j]
F_onsite: (4.722718044149748e-21-9.038659375491848e-21j)
F_swave: (-1.1941350841738446e-21+1.305775573051654e-21j), F_dwave: (-3.528582959975861e-21-6.791506955701996e-22j)
F_px: (-1.3241101078004694e-20-4.485686442737849e-35j), F_py: (-1.645307482918428e-21-5.0629864419820415e-22j)
Free_energy = -10137.866652309358
------------------------------------------
[{'stable': {'Fuu_px': np.complex128(0.06729659650039876+1.035619274306754e-16j)}, 'free': np.float64(-10137.866652309358)}]
------------------------------------------
  Seed: uu:px+py
  Seed uu: [ 0.03285924-0.03619494j -0.03285924+0.03619494j  0.03623481+0.03289544j
 -0.03623481-0.03289544j], Seed dd: [0.+0.j 0.+0.j 0.+0.j 0.+0.j]
F_onsite: (-5.362233882638567e-20+7.306600569349343e-21j)
F_swave: (2.3240549642414153e-20+9.813247378476787e-22j), F_dwave: (-1.435188211912506e-20+1.2202695622027415e-20j)
F_px: (9.839090159335147e-21+1.8628404885046362e-20j), F_py: (1.60584045826976e-21+5.177520581473972e-21j)
Free_energy = -10139.894967575723
------------------------------------------
[{'stable': {'Fuu_px': np.complex128(0.03285973684857148-0.0361954838097068j), 'Fuu_py': np.complex128(0.036234267234755674+0.03289494602405571j)}, 'free': np.float64(-10139.894967575723)}]
------------------------------------------
  Seed: uu:px+ipy
  Seed uu: [ 4.89126089e-02+1.51600157e-16j -4.89126089e-02-1.32793961e-16j
 -1.79083888e-16+4.89126089e-02j  1.67023674e-16-4.89126089e-02j], Seed dd: [0.+0.j 0.+0.j 0.+0.j 0.+0.j]
F_onsite: (5.036687497650672e-20+1.8248422337787464e-20j)
F_swave: (-1.5229160407949372e-20-7.015232436676323e-21j), F_dwave: (-3.8509304266469016e-20-5.9795441356198956e-21j)
F_px: (-4.660681999401034e-20-2.612786830553785e-20j), F_py: (-1.932497533877288e-21+2.273589621520322e-20j)
Free_energy = -10139.895057130921
------------------------------------------
[{'stable': {'Fuu_px': np.complex128(0.03285973684857148-0.0361954838097068j), 'Fuu_py': np.complex128(0.036234267234755674+0.03289494602405571j)}, 'free': np.float64(-10139.894967575723)}, {'stable': {'Fuu_px': np.complex128(0.04891259152020498+1.2702947816016822e-16j), 'Fuu_py': np.complex128(-1.7430135462502625e-16+0.04891259152020509j)}, 'free': np.float64(-10139.895057130921)}]
------------------------------------------
  Seed: dd:px
  Seed uu: [0.+0.j 0.+0.j 0.+0.j 0.+0.j], Seed dd: [ 3.96541431e-02+9.78073179e-17j -3.96541431e-02-9.37238250e-17j
 -1.27706760e-18+4.71052651e-16j -5.31261711e-19-4.76643386e-16j]
F_onsite: (6.361684993239553e-20-3.4585101238749e-35j)
F_swave: (-2.6528403411483825e-21+6.770847460736376e-36j), F_dwave: (-1.1735502469223894e-20+1.88079096131566e-35j)
F_px: (-6.921310737641629e-35+2.4509422857115733e-20j), F_py: (-1.33912316445675e-34+9.876124471902226e-21j)
Free_energy = -10113.226624935456
------------------------------------------
[{'stable': {'Fuu_px': np.complex128(0.03285973684857148-0.0361954838097068j), 'Fuu_py': np.complex128(0.036234267234755674+0.03289494602405571j)}, 'free': np.float64(-10139.894967575723)}, {'stable': {'Fuu_px': np.complex128(0.04891259152020498+1.2702947816016822e-16j), 'Fuu_py': np.complex128(-1.7430135462502625e-16+0.04891259152020509j)}, 'free': np.float64(-10139.895057130921)}]
------------------------------------------
  Seed: dd:px+py
  Seed uu: [0.+0.j 0.+0.j 0.+0.j 0.+0.j], Seed dd: [ 0.02412679+3.39049283e-13j -0.02412679-3.39052738e-13j
  0.02412679-3.39079592e-13j -0.02412679+3.39078251e-13j]
F_onsite: (1.872875478401521e-21+7.212662303375746e-32j)
F_swave: (-3.072462740126253e-23-3.7594754367546465e-32j), F_dwave: (-6.7213527460695e-21-3.7685032333689617e-32j)
F_px: (8.917732727258976e-32+1.8163437938088773e-20j), F_py: (-1.086540461515902e-31+1.8912242971641235e-20j)
Free_energy = -10110.209346477399
------------------------------------------
[{'stable': {'Fuu_px': np.complex128(0.03285973684857148-0.0361954838097068j), 'Fuu_py': np.complex128(0.036234267234755674+0.03289494602405571j)}, 'free': np.float64(-10139.894967575723)}, {'stable': {'Fuu_px': np.complex128(0.04891259152020498+1.2702947816016822e-16j), 'Fuu_py': np.complex128(-1.7430135462502625e-16+0.04891259152020509j)}, 'free': np.float64(-10139.895057130921)}]
------------------------------------------
  Seed: dd:px+ipy
  Seed uu: [0.+0.j 0.+0.j 0.+0.j 0.+0.j], Seed dd: [ 3.04353261e-02+3.93190577e-17j -3.04353261e-02-4.16853765e-17j
 -5.16232435e-17+3.04353261e-02j  5.05880369e-17-3.04353261e-02j]
F_onsite: (1.6303807118272626e-20-1.2822677656961078e-21j)
F_swave: (-1.6823452388509964e-21+4.697275708617122e-22j), F_dwave: (-1.278125561803223e-20+1.1697759201152655e-21j)
F_px: (-1.331367695090678e-21-6.532181567740162e-21j), F_py: (3.510644533736967e-21+1.9347573083995404e-21j)
Free_energy = -10115.291928884159
------------------------------------------
[{'stable': {'Fuu_px': np.complex128(0.03285973684857148-0.0361954838097068j), 'Fuu_py': np.complex128(0.036234267234755674+0.03289494602405571j)}, 'free': np.float64(-10139.894967575723)}, {'stable': {'Fuu_px': np.complex128(0.04891259152020498+1.2702947816016822e-16j), 'Fuu_py': np.complex128(-1.7430135462502625e-16+0.04891259152020509j)}, 'free': np.float64(-10139.895057130921)}]
------------------------------------------
  Seed: uu+dd:px
  Seed uu: [ 6.72965607e-02+1.81659874e-16j -6.72965607e-02-1.73734769e-16j
  1.21436731e-19-5.94384830e-16j -8.40759609e-19+5.72589931e-16j], Seed dd: [ 3.96541431e-02+1.05899288e-16j -3.96541431e-02-1.00190075e-16j
  3.96427963e-19+5.30481382e-16j -9.94290949e-19-5.30448613e-16j]
F_onsite: (6.93954259652834e-21+2.031244877000563e-20j)
F_swave: (-2.3436193008797667e-21-6.624098886050136e-21j), F_dwave: (-4.595923295648555e-21-1.0046832589200752e-20j)
F_px: (-1.2465371086892527e-19-2.046300565911438e-34j), F_py: (6.919254843324877e-22-1.5082807679167336e-20j)
Free_energy = -10149.427704974656
------------------------------------------
[{'stable': {'Fuu_px': np.complex128(0.0672965585855704+1.7100713761403587e-16j), 'Fdd_px': np.complex128(0.039654113255550696+1.1114665748708443e-16j)}, 'free': np.float64(-10149.427704974656)}]
------------------------------------------
  Seed: uu+dd:px+py
  Seed uu: [ 0.03286846-0.03618677j -0.03286846+0.03618677j  0.03622642+0.03290446j
 -0.03622642-0.03290446j], Seed dd: [ 0.02152105-0.0215208j  -0.02152105+0.0215208j   0.0215208 +0.02152105j
 -0.0215208 -0.02152105j]
F_onsite: (4.4178935460412445e-20+1.5429360790681753e-20j)
F_swave: (-1.3400581053657683e-20-9.651811444304572e-21j), F_dwave: (2.466464438859961e-21+3.462480150142725e-20j)
F_px: (-2.3729066831195868e-20-2.488306561451974e-20j), F_py: (-1.38918238182624e-20+1.5710708005467562e-20j)
Free_energy = -10153.521255527887
------------------------------------------
[{'stable': {'Fuu_px': np.complex128(0.03286894555746262-0.03618731419816617j), 'Fuu_py': np.complex128(0.03622587786402925+0.03290397294376722j), 'Fdd_px': np.complex128(0.021521052613677052-0.02152079862778945j), 'Fdd_py': np.complex128(0.02152080030524576+0.021521049177418608j)}, 'free': np.float64(-10153.521255527887)}]
------------------------------------------
  Seed: uu+dd:px+ipy
  Seed uu: [ 4.89125649e-02+1.69071535e-16j -4.89125649e-02-1.54578537e-16j
 -1.72151611e-16+4.89125649e-02j  1.61364753e-16-4.89125649e-02j], Seed dd: [ 3.04353261e-02+2.82585014e-17j -3.04353261e-02-3.26282915e-17j
 -4.31388057e-17+3.04353261e-02j  4.26186216e-17-3.04353261e-02j]
F_onsite: (-5.459247605550512e-22-7.864123942635325e-21j)
F_swave: (-1.6752205994228302e-21+5.7828342430739894e-21j), F_dwave: (1.6246777612509552e-20+1.4426968248831136e-20j)
F_px: (-2.629178987308131e-20-1.3737722157583643e-20j), F_py: (6.521892730131519e-21-1.133601438001763e-19j)
Free_energy = -10153.521403782308
------------------------------------------
[{'stable': {'Fuu_px': np.complex128(0.03286894555746262-0.03618731419816617j), 'Fuu_py': np.complex128(0.03622587786402925+0.03290397294376722j), 'Fdd_px': np.complex128(0.021521052613677052-0.02152079862778945j), 'Fdd_py': np.complex128(0.02152080030524576+0.021521049177418608j)}, 'free': np.float64(-10153.521255527887)}, {'stable': {'Fuu_px': np.complex128(0.04891256069616906+1.5805068342481768e-16j), 'Fuu_py': np.complex128(-1.719607908335258e-16+0.04891256069616937j), 'Fdd_px': np.complex128(0.030435289476180894+2.271046209332509e-17j), 'Fdd_py': np.complex128(-4.177811341319525e-17+0.030435289476180974j)}, 'free': np.float64(-10153.521403782308)}]
------------------------------------------
====================================
mu=0.75, T=0.1005
====================================
  Seed: normal state
  Seed uu: [0.+0.j 0.+0.j 0.+0.j 0.+0.j], Seed dd: [0.+0.j 0.+0.j 0.+0.j 0.+0.j]
F_onsite: 0j
F_swave: 0j, F_dwave: 0j
F_px: 0j, F_py: 0j
Free_energy = -10106.887052387718
------------------------------------------
[{'stable': {}, 'free': np.float64(-10106.887052387718)}]
------------------------------------------
  Seed: uu:px
  Seed uu: [ 6.72965965e-02+1.08443617e-16j -6.72965965e-02-9.86802383e-17j
 -2.02599693e-19-4.39353343e-16j  1.30797769e-18+4.30957393e-16j], Seed dd: [0.+0.j 0.+0.j 0.+0.j 0.+0.j]
F_onsite: (5.246833579356082e-22-3.818123560598363e-21j)
F_swave: (-2.152305968614595e-22-3.1288753684080227e-22j), F_dwave: (-3.0945276107422235e-22+1.7233799408402403e-21j)
F_px: (-2.164284499964e-20+2.455372599997594e-34j), F_py: (-8.016042607141818e-21-4.6643343128290215e-21j)
Free_energy = -10142.341856641848
------------------------------------------
[{'stable': {'Fuu_px': np.complex128(0.06729658357817572+1.1137519756416548e-16j)}, 'free': np.float64(-10142.341856641848)}]
------------------------------------------
  Seed: uu:px+py
  Seed uu: [ 0.03285974-0.03619548j -0.03285974+0.03619548j  0.03623427+0.03289495j
 -0.03623427-0.03289495j], Seed dd: [0.+0.j 0.+0.j 0.+0.j 0.+0.j]
F_onsite: (-2.6295848845038955e-22-6.907123316254382e-20j)
F_swave: (1.0419824943042186e-21+3.3716253247399865e-20j), F_dwave: (-5.411675483598771e-22+1.413561771889454e-20j)
F_px: (-4.23118969294148e-20-8.51419395778742e-21j), F_py: (-3.583468264953204e-20+2.8159567835148723e-20j)
Free_energy = -10144.33171793856
------------------------------------------
[{'stable': {'Fuu_px': np.complex128(0.03286021579486789-0.03619601137610205j), 'Fuu_py': np.complex128(0.036233740356224245+0.032894467702230056j)}, 'free': np.float64(-10144.33171793856)}]
------------------------------------------
  Seed: uu:px+ipy
  Seed uu: [ 4.89125915e-02+1.32495752e-16j -4.89125915e-02-1.21563204e-16j
 -1.79885869e-16+4.89125915e-02j  1.68716840e-16-4.89125915e-02j], Seed dd: [0.+0.j 0.+0.j 0.+0.j 0.+0.j]
F_onsite: (-4.607408950617283e-20-1.68493932921538e-20j)
F_swave: (1.8563575464926827e-20+3.244446456077472e-21j), F_dwave: (-2.9761586775418026e-21-1.5866729764417617e-22j)
F_px: (-8.880673336549175e-20+2.28660575905087e-21j), F_py: (1.5469490156881747e-20+1.9598024384822572e-20j)
Free_energy = -10144.331780318396
------------------------------------------
[{'stable': {'Fuu_px': np.complex128(0.03286021579486789-0.03619601137610205j), 'Fuu_py': np.complex128(0.036233740356224245+0.032894467702230056j)}, 'free': np.float64(-10144.33171793856)}, {'stable': {'Fuu_px': np.complex128(0.048912579363869696+1.3590895101601465e-16j), 'Fuu_py': np.complex128(-1.7212199179130014e-16+0.04891257936386973j)}, 'free': np.float64(-10144.331780318396)}]
------------------------------------------
  Seed: dd:px
  Seed uu: [0.+0.j 0.+0.j 0.+0.j 0.+0.j], Seed dd: [ 3.96541133e-02+1.01189468e-16j -3.96541133e-02-1.02383784e-16j
 -1.18819532e-19+5.34892254e-16j -5.06939293e-19-5.36123681e-16j]
F_onsite: (5.847367876380852e-20+1.9296953019435742e-35j)
F_swave: (-2.302586840689593e-21-1.504632769052528e-36j), F_dwave: (2.3066342417268593e-20+1.3541694921472752e-35j)
F_px: (-1.0532429383367696e-35+4.0385383136153945e-20j), F_py: (-1.0081039552651938e-34+2.7204032389341354e-20j)
Free_energy = -10118.189318447301
------------------------------------------
[{'stable': {'Fuu_px': np.complex128(0.03286021579486789-0.03619601137610205j), 'Fuu_py': np.complex128(0.036233740356224245+0.032894467702230056j)}, 'free': np.float64(-10144.33171793856)}, {'stable': {'Fuu_px': np.complex128(0.048912579363869696+1.3590895101601465e-16j), 'Fuu_py': np.complex128(-1.7212199179130014e-16+0.04891257936386973j)}, 'free': np.float64(-10144.331780318396)}]
------------------------------------------
  Seed: dd:px+py
  Seed uu: [0.+0.j 0.+0.j 0.+0.j 0.+0.j], Seed dd: [ 0.02412676+4.74749939e-13j -0.02412676-4.74748742e-13j
  0.02412676-4.74783786e-13j -0.02412676+4.74784957e-13j]
F_onsite: (-5.249547902978497e-22-2.189397440721269e-31j)
F_swave: (9.549784505110293e-23+6.349399822124763e-32j), F_dwave: (8.192714035033352e-21-5.754317561964488e-32j)
F_px: (-1.8710710336275807e-31+1.7835849137305718e-20j), F_py: (9.915981337886875e-32+1.9613567043688423e-20j)
Free_energy = -10115.241172325957
------------------------------------------
[{'stable': {'Fuu_px': np.complex128(0.03286021579486789-0.03619601137610205j), 'Fuu_py': np.complex128(0.036233740356224245+0.032894467702230056j)}, 'free': np.float64(-10144.33171793856)}, {'stable': {'Fuu_px': np.complex128(0.048912579363869696+1.3590895101601465e-16j), 'Fuu_py': np.complex128(-1.7212199179130014e-16+0.04891257936386973j)}, 'free': np.float64(-10144.331780318396)}]
------------------------------------------
  Seed: dd:px+ipy
  Seed uu: [0.+0.j 0.+0.j 0.+0.j 0.+0.j], Seed dd: [ 3.04352895e-02+3.05085915e-17j -3.04352895e-02-3.39570479e-17j
 -5.13492813e-17+3.04352895e-02j  5.11181737e-17-3.04352895e-02j]
F_onsite: (-4.815184667458804e-20+2.1461181500146864e-21j)
F_swave: (6.955293583687951e-21-4.239845090796563e-22j), F_dwave: (3.753960544442526e-21+1.0775850952848637e-21j)
F_px: (2.1547720601762508e-21-8.030230376573825e-21j), F_py: (-2.301017168006626e-21+1.2638160659425572e-20j)
Free_energy = -10120.207593377703
------------------------------------------
[{'stable': {'Fuu_px': np.complex128(0.03286021579486789-0.03619601137610205j), 'Fuu_py': np.complex128(0.036233740356224245+0.032894467702230056j)}, 'free': np.float64(-10144.33171793856)}, {'stable': {'Fuu_px': np.complex128(0.048912579363869696+1.3590895101601465e-16j), 'Fuu_py': np.complex128(-1.7212199179130014e-16+0.04891257936386973j)}, 'free': np.float64(-10144.331780318396)}]
------------------------------------------
  Seed: uu+dd:px
  Seed uu: [ 6.72965586e-02+1.74466076e-16j -6.72965586e-02-1.67548199e-16j
 -3.60127969e-19-6.20810988e-16j  5.36793895e-19+6.10807158e-16j], Seed dd: [ 3.96541133e-02+1.08787141e-16j -3.96541133e-02-1.13506174e-16j
  1.56274270e-19+5.99827546e-16j -5.11197619e-21-6.00713754e-16j]
F_onsite: (1.1128850825441278e-20+2.777269850788062e-20j)
F_swave: (-2.7091615977392096e-21-8.711051257614608e-21j), F_dwave: (-8.419689227702185e-21-6.826858444705488e-21j)
F_px: (-5.53855110371328e-20-8.125016952883651e-35j), F_py: (1.2744786898376136e-21-1.2138823089763024e-20j)
Free_energy = -10153.644084226877
------------------------------------------
[{'stable': {'Fuu_px': np.complex128(0.06729655707959178+1.650379905556164e-16j), 'Fdd_px': np.complex128(0.03965409109594398+1.0863782530665599e-16j)}, 'free': np.float64(-10153.644084226877)}]
------------------------------------------
  Seed: uu+dd:px+py
  Seed uu: [ 0.03286895-0.03618731j -0.03286895+0.03618731j  0.03622588+0.03290397j
 -0.03622588-0.03290397j], Seed dd: [ 0.02152105-0.0215208j  -0.02152105+0.0215208j   0.0215208 +0.02152105j
 -0.0215208 -0.02152105j]
F_onsite: (-1.4860843061249483e-20+1.853360870648545e-21j)
F_swave: (6.744347941830053e-21-8.571764444698556e-21j), F_dwave: (-3.3816561476582873e-20-1.0796182578091959e-22j)
F_px: (6.186832164383626e-22+3.245454976601585e-20j), F_py: (2.9839697860802298e-21-1.1876709889936131e-20j)
Free_energy = -10157.65216835944
------------------------------------------
[{'stable': {'Fuu_px': np.complex128(0.03286942202921654-0.03618783877334715j), 'Fuu_py': np.complex128(0.03622535396909439+0.03290349708988106j), 'Fdd_px': np.complex128(0.021521052344308584-0.021520798834364054j), 'Fdd_py': np.complex128(0.02152080009930317+0.021521049447419203j)}, 'free': np.float64(-10157.65216835944)}]
------------------------------------------
  Seed: uu+dd:px+ipy
  Seed uu: [ 4.89125607e-02+1.65511085e-16j -4.89125607e-02-1.50590282e-16j
 -1.77728423e-16+4.89125607e-02j  1.66193158e-16-4.89125607e-02j], Seed dd: [ 3.04352895e-02+2.06808917e-17j -3.04352895e-02-2.47400324e-17j
 -4.23461152e-17+3.04352895e-02j  4.12101116e-17-3.04352895e-02j]
F_onsite: (1.752772109787695e-20-3.7215181699392924e-20j)
F_swave: (-8.34011012835674e-21+1.1437919386792864e-20j), F_dwave: (-2.243493686380301e-20-2.8198462636538587e-21j)
F_px: (-7.191024645467582e-20-3.287702783656828e-20j), F_py: (-1.8809009942763673e-20-3.712859791852658e-20j)
Free_energy = -10157.652275863733
------------------------------------------
[{'stable': {'Fuu_px': np.complex128(0.03286942202921654-0.03618783877334715j), 'Fuu_py': np.complex128(0.03622535396909439+0.03290349708988106j), 'Fdd_px': np.complex128(0.021521052344308584-0.021520798834364054j), 'Fdd_py': np.complex128(0.02152080009930317+0.021521049447419203j)}, 'free': np.float64(-10157.65216835944)}, {'stable': {'Fuu_px': np.complex128(0.048912557766063625+1.7409126398432759e-16j), 'Fuu_py': np.complex128(-1.768354919147539e-16+0.048912557766063985j), 'Fdd_px': np.complex128(0.03043526230404619+2.782631610161445e-17j), 'Fdd_py': np.complex128(-4.058275140127242e-17+0.03043526230404637j)}, 'free': np.float64(-10157.652275863733)}]
------------------------------------------
====================================
mu=0.75, T=0.1088
====================================
  Seed: normal state
  Seed uu: [0.+0.j 0.+0.j 0.+0.j 0.+0.j], Seed dd: [0.+0.j 0.+0.j 0.+0.j 0.+0.j]
F_onsite: 0j
F_swave: 0j, F_dwave: 0j
F_px: 0j, F_py: 0j
Free_energy = -10112.55628441072
------------------------------------------
[{'stable': {}, 'free': np.float64(-10112.55628441072)}]
------------------------------------------
  Seed: uu:px
  Seed uu: [ 6.72965836e-02+1.18354908e-16j -6.72965836e-02-1.04395487e-16j
 -4.50383300e-20-4.57892459e-16j -1.63988226e-18+4.44865251e-16j], Seed dd: [0.+0.j 0.+0.j 0.+0.j 0.+0.j]
F_onsite: (-2.9178301988831346e-21-1.0054066054317393e-20j)
F_swave: (2.039962385247875e-21+1.0853497521781414e-21j), F_dwave: (8.778678136353727e-22-4.330801267954858e-21j)
F_px: (-1.2818556367212553e-20+1.1660903960157092e-34j), F_py: (-1.7826346088808898e-21-2.4776336561177778e-20j)
Free_energy = -10147.298130313317
------------------------------------------
[{'stable': {'Fuu_px': np.complex128(0.06729657454686577+1.380169777937142e-16j)}, 'free': np.float64(-10147.298130313317)}]
------------------------------------------
  Seed: uu:px+py
  Seed uu: [ 0.03286022-0.03619601j -0.03286022+0.03619601j  0.03623374+0.03289447j
 -0.03623374-0.03289447j], Seed dd: [0.+0.j 0.+0.j 0.+0.j 0.+0.j]
F_onsite: (-2.4651028439664246e-20-9.557331448580508e-20j)
F_swave: (1.0267930110920549e-20+3.0632394493502677e-20j), F_dwave: (-2.2334995832568395e-20-1.4964657688686344e-20j)
F_px: (-4.8005110776265487e-20-4.6532603693109696e-20j), F_py: (-1.8259369187815364e-20+5.3917925918181075e-20j)
Free_energy = -10149.250887310778
------------------------------------------
[{'stable': {'Fuu_px': np.complex128(0.03286068171131819-0.03619652458993018j), 'Fuu_py': np.complex128(0.03623322779336523+0.032894002376755924j)}, 'free': np.float64(-10149.250887310778)}]
------------------------------------------
  Seed: uu:px+ipy
  Seed uu: [ 4.89125794e-02+1.44745119e-16j -4.89125794e-02-1.27072783e-16j
 -1.77861302e-16+4.89125794e-02j  1.66382682e-16-4.89125794e-02j], Seed dd: [0.+0.j 0.+0.j 0.+0.j 0.+0.j]
F_onsite: (-8.490287838403489e-20-1.9021970084133828e-20j)
F_swave: (3.13758291713199e-20+1.135207173832763e-20j), F_dwave: (-2.785140987918901e-20-1.6369020454256067e-21j)
F_px: (-5.053532982511207e-20+3.548727150130778e-20j), F_py: (5.850701763331232e-20+1.0566724483168387e-20j)
Free_energy = -10149.250930906337
------------------------------------------
[{'stable': {'Fuu_px': np.complex128(0.03286068171131819-0.03619652458993018j), 'Fuu_py': np.complex128(0.03623322779336523+0.032894002376755924j)}, 'free': np.float64(-10149.250887310778)}, {'stable': {'Fuu_px': np.complex128(0.04891257084616113+1.4608930766016608e-16j), 'Fuu_py': np.complex128(-1.758184435731179e-16+0.0489125708461613j)}, 'free': np.float64(-10149.250930906337)}]
------------------------------------------
  Seed: dd:px
  Seed uu: [0.+0.j 0.+0.j 0.+0.j 0.+0.j], Seed dd: [ 3.96540911e-02+1.02414965e-16j -3.96540911e-02-9.45428530e-17j
  4.95812059e-20+5.94828305e-16j  4.15330694e-19-5.94382395e-16j]
F_onsite: (4.0488807828089913e-20+3.071821084984543e-36j)
F_swave: (-1.444041994833779e-21+3.76158192263132e-36j), F_dwave: (-2.0051223040261012e-20+1.7303276844104072e-35j)
F_px: (7.222237291452134e-35+3.6180481167736746e-20j), F_py: (-4.2129717533470784e-35-2.309134580212466e-20j)
Free_energy = -10123.615801211025
------------------------------------------
[{'stable': {'Fuu_px': np.complex128(0.03286068171131819-0.03619652458993018j), 'Fuu_py': np.complex128(0.03623322779336523+0.032894002376755924j)}, 'free': np.float64(-10149.250887310778)}, {'stable': {'Fuu_px': np.complex128(0.04891257084616113+1.4608930766016608e-16j), 'Fuu_py': np.complex128(-1.758184435731179e-16+0.0489125708461613j)}, 'free': np.float64(-10149.250930906337)}]
------------------------------------------
  Seed: dd:px+py
  Seed uu: [0.+0.j 0.+0.j 0.+0.j 0.+0.j], Seed dd: [ 0.02412673+6.64757197e-13j -0.02412673-6.64754481e-13j
  0.02412673-6.64810764e-13j -0.02412673+6.64810013e-13j]
F_onsite: (2.697122150906175e-20+1.0822639892520895e-31j)
F_swave: (-8.610787935521367e-22-2.637809323245213e-32j), F_dwave: (2.174465282322172e-21-1.550315300711924e-31j)
F_px: (8.881988295039172e-32+3.0283424260832755e-21j), F_py: (3.4104570580632995e-32+3.1757433803087744e-21j)
Free_energy = -10120.732290239675
------------------------------------------
[{'stable': {'Fuu_px': np.complex128(0.03286068171131819-0.03619652458993018j), 'Fuu_py': np.complex128(0.03623322779336523+0.032894002376755924j)}, 'free': np.float64(-10149.250887310778)}, {'stable': {'Fuu_px': np.complex128(0.04891257084616113+1.4608930766016608e-16j), 'Fuu_py': np.complex128(-1.758184435731179e-16+0.0489125708461613j)}, 'free': np.float64(-10149.250930906337)}]
------------------------------------------
  Seed: dd:px+ipy
  Seed uu: [0.+0.j 0.+0.j 0.+0.j 0.+0.j], Seed dd: [ 3.04352623e-02+4.10966092e-17j -3.04352623e-02-4.36532988e-17j
 -5.01806670e-17+3.04352623e-02j  4.94633360e-17-3.04352623e-02j]
F_onsite: (-3.450381163939713e-20-7.348699721094241e-21j)
F_swave: (7.105845046076165e-21+4.948745279463847e-22j), F_dwave: (9.586765791153095e-22-3.175685431286635e-21j)
F_px: (2.4825092724805687e-21-2.7872214356448178e-21j), F_py: (1.499890221957649e-21-5.0279301652188034e-21j)
Free_energy = -10125.590095465144
------------------------------------------
[{'stable': {'Fuu_px': np.complex128(0.03286068171131819-0.03619652458993018j), 'Fuu_py': np.complex128(0.03623322779336523+0.032894002376755924j)}, 'free': np.float64(-10149.250887310778)}, {'stable': {'Fuu_px': np.complex128(0.04891257084616113+1.4608930766016608e-16j), 'Fuu_py': np.complex128(-1.758184435731179e-16+0.0489125708461613j)}, 'free': np.float64(-10149.250930906337)}]
------------------------------------------
  Seed: uu+dd:px
  Seed uu: [ 6.72965571e-02+1.65426382e-16j -6.72965571e-02-1.64649599e-16j
  8.11695791e-19-6.57638286e-16j -5.13871066e-19+6.33428655e-16j], Seed dd: [ 3.96540911e-02+1.11836407e-16j -3.96540911e-02-1.05439244e-16j
 -4.53619230e-19+6.72743107e-16j  7.56681663e-19-6.73160588e-16j]
F_onsite: (-1.1415253022347889e-21+1.226512503056989e-21j)
F_swave: (4.30545514230737e-22+8.732462460167168e-22j), F_dwave: (7.109797880040227e-22+1.8561874559292772e-21j)
F_px: (-1.2516440935634248e-19+1.0814548027565045e-34j), F_py: (8.411022053045588e-22+2.364202898380882e-20j)
Free_energy = -10158.35762066487
------------------------------------------
[{'stable': {'Fuu_px': np.complex128(0.067296556027067+1.6098729371338914e-16j), 'Fdd_px': np.complex128(0.039654074644692464+1.1292113857202298e-16j)}, 'free': np.float64(-10158.35762066487)}]
------------------------------------------
  Seed: uu+dd:px+py
  Seed uu: [ 0.03286942-0.03618784j -0.03286942+0.03618784j  0.03622535+0.0329035j
 -0.03622535-0.0329035j ], Seed dd: [ 0.02152105-0.0215208j  -0.02152105+0.0215208j   0.0215208 +0.02152105j
 -0.0215208 -0.02152105j]
F_onsite: (-1.7303129653424688e-20+4.8313036207922523e-20j)
F_swave: (4.771142017298696e-21-1.993420182156494e-20j), F_dwave: (4.520756640554066e-20+7.952041115745284e-21j)
F_px: (-3.1635451163663504e-20+2.1738175730444655e-20j), F_py: (-5.557594103528919e-20+9.828992654935369e-23j)
Free_energy = -10162.284632511519
------------------------------------------
[{'stable': {'Fuu_px': np.complex128(0.032869885538489164-0.036188349077386495j), 'Fuu_py': np.complex128(0.03622484430881503+0.032903034165335646j), 'Fdd_px': np.complex128(0.021521052121442643-0.021520798998847283j), 'Fdd_py': np.complex128(0.02152079993528884+0.021521049670753994j)}, 'free': np.float64(-10162.284632511519)}]
------------------------------------------
  Seed: uu+dd:px+ipy
  Seed uu: [ 4.89125578e-02+1.86819363e-16j -4.89125578e-02-1.61363165e-16j
 -1.82834285e-16+4.89125578e-02j  1.70836699e-16-4.89125578e-02j], Seed dd: [ 3.04352623e-02+2.51141563e-17j -3.04352623e-02-3.05384759e-17j
 -4.09062915e-17+3.04352623e-02j  4.02592113e-17-3.04352623e-02j]
F_onsite: (5.719913091195037e-20+1.4952907693301826e-20j)
F_swave: (-1.610221826791157e-20-6.61718449846159e-21j), F_dwave: (-3.247100821087078e-20+2.3428747877981225e-20j)
F_px: (-6.35658045453651e-20-2.4091435284964646e-20j), F_py: (-2.030429706460447e-20-4.4931151188244044e-20j)
Free_energy = -10162.284710637541
------------------------------------------
[{'stable': {'Fuu_px': np.complex128(0.032869885538489164-0.036188349077386495j), 'Fuu_py': np.complex128(0.03622484430881503+0.032903034165335646j), 'Fdd_px': np.complex128(0.021521052121442643-0.021520798998847283j), 'Fdd_py': np.complex128(0.02152079993528884+0.021521049670753994j)}, 'free': np.float64(-10162.284632511519)}, {'stable': {'Fuu_px': np.complex128(0.04891255571299513+1.7845073080560866e-16j), 'Fuu_py': np.complex128(-1.8202158348321637e-16+0.04891255571299534j), 'Fdd_px': np.complex128(0.030435242149677716+2.468358563928458e-17j), 'Fdd_py': np.complex128(-3.96932873973166e-17+0.030435242149677973j)}, 'free': np.float64(-10162.284710637541)}]
------------------------------------------
====================================
mu=0.75, T=0.1171
====================================
  Seed: normal state
  Seed uu: [0.+0.j 0.+0.j 0.+0.j 0.+0.j], Seed dd: [0.+0.j 0.+0.j 0.+0.j 0.+0.j]
F_onsite: 0j
F_swave: 0j, F_dwave: 0j
F_px: 0j, F_py: 0j
Free_energy = -10118.669234386354
------------------------------------------
[{'stable': {}, 'free': np.float64(-10118.669234386354)}]
------------------------------------------
  Seed: uu:px
  Seed uu: [ 6.72965745e-02+1.42317046e-16j -6.72965745e-02-1.33716909e-16j
  6.32323330e-19-4.79664805e-16j -6.48761063e-19+4.78126011e-16j], Seed dd: [0.+0.j 0.+0.j 0.+0.j 0.+0.j]
F_onsite: (-7.574266319342883e-21+2.0052326930861493e-21j)
F_swave: (2.4507731363110565e-21-3.431762834700924e-21j), F_dwave: (5.123493183031814e-21+1.0325218502703003e-21j)
F_px: (-7.158971084452936e-21+1.5911491532730484e-34j), F_py: (-1.1828204161548223e-20-7.469254063877725e-21j)
Free_energy = -10152.730417052295
------------------------------------------
[{'stable': {'Fuu_px': np.complex128(0.06729656823490393+1.4961627344319418e-16j)}, 'free': np.float64(-10152.730417052295)}]
------------------------------------------
  Seed: uu:px+py
  Seed uu: [ 0.03286068-0.03619652j -0.03286068+0.03619652j  0.03623323+0.032894j
 -0.03623323-0.032894j  ], Seed dd: [0.+0.j 0.+0.j 0.+0.j 0.+0.j]
F_onsite: (6.55712197938908e-20-4.0167467876955833e-20j)
F_swave: (-1.67296540704616e-20+1.3072641965856556e-20j), F_dwave: (-1.489779621027962e-20+4.481716092457733e-20j)
F_px: (3.184072468294396e-20-8.606748656131317e-20j), F_py: (1.0524470016906773e-20+4.6877157709186586e-20j)
Free_energy = -10154.64741493336
------------------------------------------
[{'stable': {'Fuu_px': np.complex128(0.032861134952619414-0.03619702384189499j), 'Fuu_py': np.complex128(0.036232729157453805+0.03289354969473284j)}, 'free': np.float64(-10154.64741493336)}]
------------------------------------------
  Seed: uu:px+ipy
  Seed uu: [ 4.89125708e-02+1.43454029e-16j -4.89125708e-02-1.48724586e-16j
 -1.81431969e-16+4.89125708e-02j  1.70204918e-16-4.89125708e-02j], Seed dd: [0.+0.j 0.+0.j 0.+0.j 0.+0.j]
F_onsite: (5.730274616294033e-21-8.024408860509541e-21j)
F_swave: (4.377331654899078e-21-2.1636452057769206e-21j), F_dwave: (2.4631276175166853e-20-9.207993913056804e-22j)
F_px: (-6.791082336334903e-20-8.829081762835148e-20j), F_py: (-5.890843211515715e-20-5.0347118038960673e-20j)
Free_energy = -10154.64744553919
------------------------------------------
[{'stable': {'Fuu_px': np.complex128(0.032861134952619414-0.03619702384189499j), 'Fuu_py': np.complex128(0.036232729157453805+0.03289354969473284j)}, 'free': np.float64(-10154.64741493336)}, {'stable': {'Fuu_px': np.complex128(0.04891256487796733+1.6011728499744056e-16j), 'Fuu_py': np.complex128(-1.757370754706223e-16+0.04891256487796755j)}, 'free': np.float64(-10154.64744553919)}]
------------------------------------------
  Seed: dd:px
  Seed uu: [0.+0.j 0.+0.j 0.+0.j 0.+0.j], Seed dd: [ 3.96540746e-02+9.32518689e-17j -3.96540746e-02-9.48996126e-17j
 -6.23714034e-19+6.66796777e-16j  5.90808789e-19-6.60189655e-16j]
F_onsite: (1.0180143374001834e-19+5.693828661975474e-35j)
F_swave: (-3.641590484633182e-21+9.121836162380951e-36j), F_dwave: (-5.615002787163736e-21-3.695754238985272e-35j)
F_px: (1.504632769052528e-36-5.257762455479115e-21j), F_py: (1.2601299440814922e-35+1.5111744271852422e-21j)
Free_energy = -10129.500517725462
------------------------------------------
[{'stable': {'Fuu_px': np.complex128(0.032861134952619414-0.03619702384189499j), 'Fuu_py': np.complex128(0.036232729157453805+0.03289354969473284j)}, 'free': np.float64(-10154.64741493336)}, {'stable': {'Fuu_px': np.complex128(0.04891256487796733+1.6011728499744056e-16j), 'Fuu_py': np.complex128(-1.757370754706223e-16+0.04891256487796755j)}, 'free': np.float64(-10154.64744553919)}]
------------------------------------------
  Seed: dd:px+py
  Seed uu: [0.+0.j 0.+0.j 0.+0.j 0.+0.j], Seed dd: [ 0.02412671+9.30808807e-13j -0.02412671-9.30814622e-13j
  0.02412671-9.30848822e-13j -0.02412671+9.30846664e-13j]
F_onsite: (3.8991434554770285e-21-2.8080258009380165e-32j)
F_swave: (1.0190811109365832e-23-4.8432624203031824e-32j), F_dwave: (-1.7059018701217804e-20-2.3696160553254453e-31j)
F_px: (4.7576488157440936e-32-1.650507356260865e-20j), F_py: (-1.2170222152481373e-31-1.6804331263947023e-20j)
Free_energy = -10126.677615409732
------------------------------------------
[{'stable': {'Fuu_px': np.complex128(0.032861134952619414-0.03619702384189499j), 'Fuu_py': np.complex128(0.036232729157453805+0.03289354969473284j)}, 'free': np.float64(-10154.64741493336)}, {'stable': {'Fuu_px': np.complex128(0.04891256487796733+1.6011728499744056e-16j), 'Fuu_py': np.complex128(-1.757370754706223e-16+0.04891256487796755j)}, 'free': np.float64(-10154.64744553919)}]
------------------------------------------
  Seed: dd:px+ipy
  Seed uu: [0.+0.j 0.+0.j 0.+0.j 0.+0.j], Seed dd: [ 3.04352421e-02+4.04834633e-17j -3.04352421e-02-3.78580846e-17j
 -5.05867134e-17+3.04352421e-02j  4.94887999e-17-3.04352421e-02j]
F_onsite: (-3.122815969488088e-20-5.144200072902186e-21j)
F_swave: (2.9547721807829092e-21+9.490716059599374e-22j), F_dwave: (1.4147135673605873e-20-1.0173948948917876e-21j)
F_px: (2.2650461028984026e-21+1.0667608286932025e-20j), F_py: (-4.795056896584302e-22+8.227384017719061e-21j)
Free_energy = -10131.4335567284
------------------------------------------
[{'stable': {'Fuu_px': np.complex128(0.032861134952619414-0.03619702384189499j), 'Fuu_py': np.complex128(0.036232729157453805+0.03289354969473284j)}, 'free': np.float64(-10154.64741493336)}, {'stable': {'Fuu_px': np.complex128(0.04891256487796733+1.6011728499744056e-16j), 'Fuu_py': np.complex128(-1.757370754706223e-16+0.04891256487796755j)}, 'free': np.float64(-10154.64744553919)}]
------------------------------------------
  Seed: uu+dd:px
  Seed uu: [ 6.72965560e-02+1.69245388e-16j -6.72965560e-02-1.52729199e-16j
 -8.46841041e-19-6.88050422e-16j  1.93156599e-19+6.72652263e-16j], Seed dd: [ 3.96540746e-02+1.12141868e-16j -3.96540746e-02-1.13700409e-16j
 -9.72870279e-19+7.56237050e-16j -5.13546811e-20-7.53075871e-16j]
F_onsite: (1.0001799832029937e-20-1.119559173877034e-21j)
F_swave: (-2.3880572795192295e-21+4.979671300262033e-21j), F_dwave: (-7.613742552510637e-21-5.418548278721932e-22j)
F_px: (-6.641083397339113e-20-1.0870971756404515e-34j), F_py: (-1.2514343521601744e-20-2.3946873221942665e-20j)
Free_energy = -10163.561682209755
------------------------------------------
[{'stable': {'Fuu_px': np.complex128(0.06729655529145989+1.6647257320068958e-16j), 'Fdd_px': np.complex128(0.03965406243131104+1.1011952415942018e-16j)}, 'free': np.float64(-10163.561682209755)}]
------------------------------------------
  Seed: uu+dd:px+py
  Seed uu: [ 0.03286989-0.03618835j -0.03286989+0.03618835j  0.03622484+0.03290303j
 -0.03622484-0.03290303j], Seed dd: [ 0.02152105-0.0215208j  -0.02152105+0.0215208j   0.0215208 +0.02152105j
 -0.0215208 -0.02152105j]
F_onsite: (-1.2886735142527316e-20-3.916705098525918e-20j)
F_swave: (-1.3795064089827897e-21+3.8068185769883516e-21j), F_dwave: (-2.7401699812721024e-20-2.0513546487855537e-20j)
F_px: (-8.07983242083138e-20+1.8824866953897322e-20j), F_py: (-5.890660742424608e-20-2.923626477674752e-20j)
Free_energy = -10167.41168936784
------------------------------------------
[{'stable': {'Fuu_px': np.complex128(0.03287033643814127-0.03618884549876873j), 'Fuu_py': np.complex128(0.036224348496663526+0.03290258381904777j), 'Fdd_px': np.complex128(0.021521051936689753-0.02152079912934083j), 'Fdd_py': np.complex128(0.021520799805143043+0.021521049855854672j)}, 'free': np.float64(-10167.41168936784)}]
------------------------------------------
  Seed: uu+dd:px+ipy
  Seed uu: [ 4.89125557e-02+1.87370888e-16j -4.89125557e-02-1.69530574e-16j
 -1.87777675e-16+4.89125557e-02j  1.76265492e-16-4.89125557e-02j], Seed dd: [ 3.04352421e-02+2.63622064e-17j -3.04352421e-02-2.30049649e-17j
 -4.00613232e-17+3.04352421e-02j  3.93252516e-17-3.04352421e-02j]
F_onsite: (2.802192582530193e-20+9.156160268233424e-21j)
F_swave: (-1.2877179296433152e-20+8.158805921473587e-22j), F_dwave: (-2.944241533595403e-20+6.788196864981051e-21j)
F_px: (-7.652997284924902e-20+1.0806158504352235e-20j), F_py: (-1.2260153794334447e-20-7.020096740894547e-20j)
Free_energy = -10167.41174629187
------------------------------------------
[{'stable': {'Fuu_px': np.complex128(0.03287033643814127-0.03618884549876873j), 'Fuu_py': np.complex128(0.036224348496663526+0.03290258381904777j), 'Fdd_px': np.complex128(0.021521051936689753-0.02152079912934083j), 'Fdd_py': np.complex128(0.021520799805143043+0.021521049855854672j)}, 'free': np.float64(-10167.41168936784)}, {'stable': {'Fuu_px': np.complex128(0.04891255427444927+1.6713302067153152e-16j), 'Fuu_py': np.complex128(-1.867018110937108e-16+0.048912554274449516j), 'Fdd_px': np.complex128(0.030435227200588038+2.3856749133866373e-17j), 'Fdd_py': np.complex128(-3.852771712233548e-17+0.030435227200588354j)}, 'free': np.float64(-10167.41174629187)}]
------------------------------------------
====================================
mu=0.75, T=0.1254
====================================
  Seed: normal state
  Seed uu: [0.+0.j 0.+0.j 0.+0.j 0.+0.j], Seed dd: [0.+0.j 0.+0.j 0.+0.j 0.+0.j]
F_onsite: 0j
F_swave: 0j, F_dwave: 0j
F_px: 0j, F_py: 0j
Free_energy = -10125.221899332402
------------------------------------------
[{'stable': {}, 'free': np.float64(-10125.221899332402)}]
------------------------------------------
  Seed: uu:px
  Seed uu: [ 6.72965682e-02+1.48469417e-16j -6.72965682e-02-1.50763130e-16j
  2.17211673e-18-5.06233529e-16j -1.12220616e-18+4.95451964e-16j], Seed dd: [0.+0.j 0.+0.j 0.+0.j 0.+0.j]
F_onsite: (9.18694165896972e-21+2.3044502954558886e-20j)
F_swave: (-3.0482534811234892e-21-3.5001265424123294e-21j), F_dwave: (-6.138688177846288e-21+1.5029310576699865e-21j)
F_px: (1.437532348883107e-20-4.006084747602356e-35j), F_py: (5.498049623187154e-21-2.3753025610118262e-20j)
Free_energy = -10158.633226471702
------------------------------------------
[{'stable': {'Fuu_px': np.complex128(0.06729656382348911+1.7305195455804656e-16j)}, 'free': np.float64(-10158.633226471702)}]
------------------------------------------
  Seed: uu:px+py
  Seed uu: [ 0.03286113-0.03619702j -0.03286113+0.03619702j  0.03623273+0.03289355j
 -0.03623273-0.03289355j], Seed dd: [0.+0.j 0.+0.j 0.+0.j 0.+0.j]
F_onsite: (3.959601204647147e-20+5.2881343493571914e-20j)
F_swave: (-1.6072053925309828e-20-1.3306179994911431e-20j), F_dwave: (-2.061143256814452e-20+1.428347266802243e-20j)
F_px: (-5.00467580224479e-20+7.172866460422623e-20j), F_py: (2.397147765998746e-20+7.433597978206569e-20j)
Free_energy = -10160.515787935272
------------------------------------------
[{'stable': {'Fuu_px': np.complex128(0.0328615758638012-0.036197509512051446j), 'Fuu_py': np.complex128(0.036232244070307264+0.032893109312831396j)}, 'free': np.float64(-10160.515787935272)}]
------------------------------------------
  Seed: uu:px+ipy
  Seed uu: [ 4.89125649e-02+1.69990936e-16j -4.89125649e-02-1.50243634e-16j
 -1.81573424e-16+4.89125649e-02j  1.69900727e-16-4.89125649e-02j], Seed dd: [0.+0.j 0.+0.j 0.+0.j 0.+0.j]
F_onsite: (-2.430265544580725e-20+3.689835359648974e-20j)
F_swave: (1.0409463209440598e-20-1.1114329931814543e-20j), F_dwave: (3.9793507469464585e-21+3.1158115773799667e-20j)
F_px: (2.7764528056667327e-20+3.898353063280626e-20j), F_py: (5.6196654205962615e-22-1.1397585948124328e-20j)
Free_energy = -10160.515809550623
------------------------------------------
[{'stable': {'Fuu_px': np.complex128(0.0328615758638012-0.036197509512051446j), 'Fuu_py': np.complex128(0.036232244070307264+0.032893109312831396j)}, 'free': np.float64(-10160.515787935272)}, {'stable': {'Fuu_px': np.complex128(0.04891256069616907+1.608479038540066e-16j), 'Fuu_py': np.complex128(-1.7872974875239014e-16+0.048912560696169366j)}, 'free': np.float64(-10160.515809550623)}]
------------------------------------------
  Seed: dd:px
  Seed uu: [0.+0.j 0.+0.j 0.+0.j 0.+0.j], Seed dd: [ 3.96540624e-02+9.03102293e-17j -3.96540624e-02-8.85097020e-17j
 -4.47895141e-19+7.54124180e-16j -3.53722282e-19-7.51197840e-16j]
F_onsite: (9.053122178428172e-20+3.55141156967862e-35j)
F_swave: (-3.6539661233127956e-21+3.247303144146569e-35j), F_dwave: (-3.1131626587231006e-21-7.270432559835848e-36j)
F_px: (-4.363435030252331e-35-3.90099728811979e-21j), F_py: (5.017009889309523e-35-1.9377585150960408e-22j)
Free_energy = -10135.838046984014
------------------------------------------
[{'stable': {'Fuu_px': np.complex128(0.0328615758638012-0.036197509512051446j), 'Fuu_py': np.complex128(0.036232244070307264+0.032893109312831396j)}, 'free': np.float64(-10160.515787935272)}, {'stable': {'Fuu_px': np.complex128(0.04891256069616907+1.608479038540066e-16j), 'Fuu_py': np.complex128(-1.7872974875239014e-16+0.048912560696169366j)}, 'free': np.float64(-10160.515809550623)}]
------------------------------------------
  Seed: dd:px+py
  Seed uu: [0.+0.j 0.+0.j 0.+0.j 0.+0.j], Seed dd: [ 0.0241267+1.30331739e-12j -0.0241267-1.30331459e-12j
  0.0241267-1.30337209e-12j -0.0241267+1.30337242e-12j]
F_onsite: (1.090641442717636e-20-4.225252895270464e-31j)
F_swave: (-8.482062211353211e-24+6.865319590723262e-32j), F_dwave: (-2.4772825368756553e-20-1.988468124641943e-31j)
F_px: (-3.66190000168159e-31-5.311864688436271e-21j), F_py: (2.2225532484782512e-31-6.5105149630258934e-21j)
Free_energy = -10133.072144029775
------------------------------------------
[{'stable': {'Fuu_px': np.complex128(0.0328615758638012-0.036197509512051446j), 'Fuu_py': np.complex128(0.036232244070307264+0.032893109312831396j)}, 'free': np.float64(-10160.515787935272)}, {'stable': {'Fuu_px': np.complex128(0.04891256069616907+1.608479038540066e-16j), 'Fuu_py': np.complex128(-1.7872974875239014e-16+0.048912560696169366j)}, 'free': np.float64(-10160.515809550623)}]
------------------------------------------
  Seed: dd:px+ipy
  Seed uu: [0.+0.j 0.+0.j 0.+0.j 0.+0.j], Seed dd: [ 3.04352272e-02+4.47601326e-17j -3.04352272e-02-3.76110951e-17j
 -4.98886259e-17+3.04352272e-02j  4.93687330e-17-3.04352272e-02j]
F_onsite: (-1.4726882536125683e-20-9.29129241202588e-21j)
F_swave: (6.381560977106406e-22+1.2943695642600433e-21j), F_dwave: (1.49625286707852e-21-3.391935952946053e-21j)
F_px: (-3.511792725265864e-21+6.0722386418730945e-21j), F_py: (-1.7541107493340306e-21+4.662867883888966e-21j)
Free_energy = -10137.732272457553
------------------------------------------
[{'stable': {'Fuu_px': np.complex128(0.0328615758638012-0.036197509512051446j), 'Fuu_py': np.complex128(0.036232244070307264+0.032893109312831396j)}, 'free': np.float64(-10160.515787935272)}, {'stable': {'Fuu_px': np.complex128(0.04891256069616907+1.608479038540066e-16j), 'Fuu_py': np.complex128(-1.7872974875239014e-16+0.048912560696169366j)}, 'free': np.float64(-10160.515809550623)}]
------------------------------------------
  Seed: uu+dd:px
  Seed uu: [ 6.72965553e-02+1.73283777e-16j -6.72965553e-02-1.59661370e-16j
 -6.62915778e-19-7.05696818e-16j -1.02438047e-18+7.04120437e-16j], Seed dd: [ 3.96540624e-02+1.14015982e-16j -3.96540624e-02-1.06223067e-16j
  4.41462984e-19+8.56869964e-16j  9.32431074e-20-8.55855272e-16j]
F_onsite: (1.0516908385390383e-20-5.025554123650434e-21j)
F_swave: (-3.4897912427195046e-21+2.981832435520411e-22j), F_dwave: (-7.027117142670732e-21+9.133010128896947e-22j)
F_px: (-1.3829652335695734e-19-2.284220622517869e-34j), F_py: (-1.5976869895283257e-21-1.0738045646480897e-20j)
Free_energy = -10169.249361623866
------------------------------------------
[{'stable': {'Fuu_px': np.complex128(0.06729655477734561+1.7472291233496288e-16j), 'Fdd_px': np.complex128(0.03965405336411642+1.1125145134452754e-16j)}, 'free': np.float64(-10169.249361623866)}]
------------------------------------------
  Seed: uu+dd:px+py
  Seed uu: [ 0.03287034-0.03618885j -0.03287034+0.03618885j  0.03622435+0.03290258j
 -0.03622435-0.03290258j], Seed dd: [ 0.02152105-0.0215208j  -0.02152105+0.0215208j   0.0215208 +0.02152105j
 -0.0215208 -0.02152105j]
F_onsite: (-2.2325161716744317e-21+3.065111842050734e-20j)
F_swave: (3.3726598254169404e-21-3.445223046750235e-21j), F_dwave: (-1.3093099772661543e-20+3.3808985430729444e-21j)
F_px: (-5.608359955059248e-20-4.4016479873809686e-20j), F_py: (-5.964573223243423e-20+5.811299293523648e-20j)
Free_energy = -10173.026126190707
------------------------------------------
[{'stable': {'Fuu_px': np.complex128(0.032870775071416655-0.03618932841539056j), 'Fuu_py': np.complex128(0.03622386615659515+0.03290214570945607j), 'Fdd_px': np.complex128(0.021521051783201822-0.021520799232418085j), 'Fdd_py': np.complex128(0.021520799702323776+0.021521050009600688j)}, 'free': np.float64(-10173.026126190707)}]
------------------------------------------
  Seed: uu+dd:px+ipy
  Seed uu: [ 4.89125543e-02+1.77002887e-16j -4.89125543e-02-1.57263155e-16j
 -1.92586440e-16+4.89125543e-02j  1.80817182e-16-4.89125543e-02j], Seed dd: [ 3.04352272e-02+2.87194991e-17j -3.04352272e-02-1.89939992e-17j
 -3.85714981e-17+3.04352272e-02j  3.84839361e-17-3.04352272e-02j]
F_onsite: (4.113006490937947e-20+4.810827466486653e-20j)
F_swave: (-1.198946012561895e-20-1.2331698049665954e-20j), F_dwave: (-2.6781065034310143e-20+2.3291424056107178e-21j)
F_px: (-7.87525076048813e-20-3.445021530765642e-21j), F_py: (2.6659486048208636e-20-7.638952001817107e-20j)
Free_energy = -10173.026167794313
------------------------------------------
[{'stable': {'Fuu_px': np.complex128(0.032870775071416655-0.03618932841539056j), 'Fuu_py': np.complex128(0.03622386615659515+0.03290214570945607j), 'Fdd_px': np.complex128(0.021521051783201822-0.021520799232418085j), 'Fdd_py': np.complex128(0.021520799702323776+0.021521050009600688j)}, 'free': np.float64(-10173.026126190707)}, {'stable': {'Fuu_px': np.complex128(0.04891255326648787+1.744425444294217e-16j), 'Fuu_py': np.complex128(-1.9060885644203967e-16+0.04891255326648809j), 'Fdd_px': np.complex128(0.03043521611240505+2.983913108208668e-17j), 'Fdd_py': np.complex128(-3.772034913981432e-17+0.030435216112405197j)}, 'free': np.float64(-10173.026167794313)}]
------------------------------------------
====================================
mu=0.75, T=0.1337
====================================
  Seed: normal state
  Seed uu: [0.+0.j 0.+0.j 0.+0.j 0.+0.j], Seed dd: [0.+0.j 0.+0.j 0.+0.j 0.+0.j]
F_onsite: 0j
F_swave: 0j, F_dwave: 0j
F_px: 0j, F_py: 0j
Free_energy = -10132.210376253443
------------------------------------------
[{'stable': {}, 'free': np.float64(-10132.210376253443)}]
------------------------------------------
  Seed: uu:px
  Seed uu: [ 6.72965638e-02+1.76395141e-16j -6.72965638e-02-1.69708768e-16j
 -1.06039261e-18-5.71507529e-16j  1.28378431e-20+5.57711321e-16j], Seed dd: [0.+0.j 0.+0.j 0.+0.j 0.+0.j]
F_onsite: (-9.50876657934255e-21+7.064906061556736e-21j)
F_swave: (2.1076542803194487e-21+5.130650314661678e-22j), F_dwave: (7.401112299023128e-21+1.9477761329468346e-20j)
F_px: (4.1009053088474465e-20+3.4004700580587133e-34j), F_py: (-3.165035314138545e-22+6.6075724871989056e-21j)
Free_energy = -10165.000973325195
------------------------------------------
[{'stable': {'Fuu_px': np.complex128(0.06729656074036136+1.9172418707533677e-16j)}, 'free': np.float64(-10165.000973325195)}]
------------------------------------------
  Seed: uu:px+py
  Seed uu: [ 0.03286158-0.03619751j -0.03286158+0.03619751j  0.03623224+0.03289311j
 -0.03623224-0.03289311j], Seed dd: [0.+0.j 0.+0.j 0.+0.j 0.+0.j]
F_onsite: (7.039218615931975e-20-3.306363893937026e-21j)
F_swave: (-2.1114010358926602e-20-1.1095828698155991e-20j), F_dwave: (-6.053571265748777e-20+2.078785563041522e-20j)
F_px: (-4.851069121166528e-20+3.2991599059058754e-20j), F_py: (-6.576275370063113e-20-4.588610526876134e-20j)
Free_energy = -10166.850385138676
------------------------------------------
[{'stable': {'Fuu_px': np.complex128(0.032862004780490145-0.03619798197009761j), 'Fuu_py': np.complex128(0.03623177216400031+0.03289268089703383j)}, 'free': np.float64(-10166.850385138676)}]
------------------------------------------
  Seed: uu:px+ipy
  Seed uu: [ 4.89125607e-02+1.66390782e-16j -4.89125607e-02-1.55305026e-16j
 -1.84309975e-16+4.89125607e-02j  1.73149522e-16-4.89125607e-02j], Seed dd: [0.+0.j 0.+0.j 0.+0.j 0.+0.j]
F_onsite: (1.1250683674204397e-20-1.1855296562316906e-20j)
F_swave: (5.004320669169795e-21-1.5794882376222859e-22j), F_dwave: (2.926583273294362e-20+2.9645848377209196e-21j)
F_px: (-4.4849242149395493e-20+5.677076854664295e-20j), F_py: (5.784474361572396e-20+3.0999974861936966e-20j)
Free_energy = -10166.850400522642
------------------------------------------
[{'stable': {'Fuu_px': np.complex128(0.032862004780490145-0.03619798197009761j), 'Fuu_py': np.complex128(0.03623177216400031+0.03289268089703383j)}, 'free': np.float64(-10166.850385138676)}, {'stable': {'Fuu_px': np.complex128(0.04891255776606364+1.7122686325450956e-16j), 'Fuu_py': np.complex128(-1.826350735650449e-16+0.04891255776606397j)}, 'free': np.float64(-10166.850400522642)}]
------------------------------------------
  Seed: dd:px
  Seed uu: [0.+0.j 0.+0.j 0.+0.j 0.+0.j], Seed dd: [ 3.96540534e-02+9.44041513e-17j -3.96540534e-02-8.20106299e-17j
 -1.16409789e-18+8.26413783e-16j  1.44478344e-18-8.23994498e-16j]
F_onsite: (3.11828155240184e-20-1.7832836357766653e-34j)
F_swave: (-7.169695593334932e-22+5.717604522399606e-35j), F_dwave: (1.059918148301746e-20+1.4745401136714774e-34j)
F_px: (1.399308475218851e-34+1.3009187813395846e-20j), F_py: (-1.88079096131566e-35-4.038594374263637e-20j)
Free_energy = -10142.623226391186
------------------------------------------
[{'stable': {'Fuu_px': np.complex128(0.032862004780490145-0.03619798197009761j), 'Fuu_py': np.complex128(0.03623177216400031+0.03289268089703383j)}, 'free': np.float64(-10166.850385138676)}, {'stable': {'Fuu_px': np.complex128(0.04891255776606364+1.7122686325450956e-16j), 'Fuu_py': np.complex128(-1.826350735650449e-16+0.04891255776606397j)}, 'free': np.float64(-10166.850400522642)}]
------------------------------------------
  Seed: dd:px+py
  Seed uu: [0.+0.j 0.+0.j 0.+0.j 0.+0.j], Seed dd: [ 0.02412669+1.82493020e-12j -0.02412669-1.82493274e-12j
  0.02412669-1.82499533e-12j -0.02412669+1.82500073e-12j]
F_onsite: (1.464209994310882e-20-5.583581033141422e-31j)
F_swave: (-3.300192132043545e-22+7.731028862307247e-32j), F_dwave: (2.544536083336433e-20+4.411056657392844e-32j)
F_px: (1.9593478381878925e-31-2.2121921221194906e-20j), F_py: (-2.8977722499182637e-32-2.3162368423101893e-20j)
Free_energy = -10139.911079500427
------------------------------------------
[{'stable': {'Fuu_px': np.complex128(0.032862004780490145-0.03619798197009761j), 'Fuu_py': np.complex128(0.03623177216400031+0.03289268089703383j)}, 'free': np.float64(-10166.850385138676)}, {'stable': {'Fuu_px': np.complex128(0.04891255776606364+1.7122686325450956e-16j), 'Fuu_py': np.complex128(-1.826350735650449e-16+0.04891255776606397j)}, 'free': np.float64(-10166.850400522642)}]
------------------------------------------
  Seed: dd:px+ipy
  Seed uu: [0.+0.j 0.+0.j 0.+0.j 0.+0.j], Seed dd: [ 3.04352161e-02+4.76176512e-17j -3.04352161e-02-4.56426880e-17j
 -5.03159276e-17+3.04352161e-02j  4.88329847e-17-3.04352161e-02j]
F_onsite: (1.433966971223614e-20+4.019426944799472e-22j)
F_swave: (-2.5979795473624874e-21+7.797718441338709e-22j), F_dwave: (3.44465571911827e-21-3.194160954753916e-21j)
F_px: (4.2685755666450565e-21+8.089795027050574e-21j), F_py: (7.641536595786866e-22+2.0655729647814297e-20j)
Free_energy = -10144.48083239863
------------------------------------------
[{'stable': {'Fuu_px': np.complex128(0.032862004780490145-0.03619798197009761j), 'Fuu_py': np.complex128(0.03623177216400031+0.03289268089703383j)}, 'free': np.float64(-10166.850385138676)}, {'stable': {'Fuu_px': np.complex128(0.04891255776606364+1.7122686325450956e-16j), 'Fuu_py': np.complex128(-1.826350735650449e-16+0.04891255776606397j)}, 'free': np.float64(-10166.850400522642)}]
------------------------------------------
  Seed: uu+dd:px
  Seed uu: [ 6.72965548e-02+1.84109917e-16j -6.72965548e-02-1.65335908e-16j
  1.17494058e-18-7.46664678e-16j -1.80040823e-19+7.30629233e-16j], Seed dd: [ 3.96540534e-02+1.12986413e-16j -3.96540534e-02-1.09516490e-16j
 -5.43216126e-19+9.42136218e-16j  5.48764853e-19-9.40717174e-16j]
F_onsite: (5.719776358579276e-21-5.015067893928721e-20j)
F_swave: (5.682007957563628e-22+1.0574946192780876e-20j), F_dwave: (-6.287977154335661e-21+5.184049435492947e-22j)
F_px: (-1.1684646903066203e-19-2.0763932212924887e-34j), F_py: (3.5557562756507994e-21+2.16302036209163e-20j)
Free_energy = -10175.413814868547
------------------------------------------
[{'stable': {'Fuu_px': np.complex128(0.06729655441803205+1.8824068467041466e-16j), 'Fdd_px': np.complex128(0.039654046632644914+1.176261683660042e-16j)}, 'free': np.float64(-10175.413814868547)}]
------------------------------------------
  Seed: uu+dd:px+py
  Seed uu: [ 0.03287078-0.03618933j -0.03287078+0.03618933j  0.03622387+0.03290215j
 -0.03622387-0.03290215j], Seed dd: [ 0.02152105-0.0215208j  -0.02152105+0.0215208j   0.0215208 +0.02152105j
 -0.0215208 -0.02152105j]
F_onsite: (2.037795798873155e-20+4.594068806873609e-20j)
F_swave: (-7.402623170826684e-21-1.0690075014404325e-20j), F_dwave: (5.592611986795462e-21+4.419522572748513e-20j)
F_px: (-1.0207782126467132e-19+3.494380422495858e-20j), F_py: (-7.159368149801042e-20+1.7802397113791306e-20j)
Free_energy = -10179.12081589123
------------------------------------------
[{'stable': {'Fuu_px': np.complex128(0.03287120177220482-0.03618979819485044j), 'Fuu_py': np.complex128(0.03622339692276449+0.032901719504262864j), 'Fdd_px': np.complex128(0.021521051655386716-0.021520799313410287j), 'Fdd_py': np.complex128(0.021520799621523028+0.021521050137607182j)}, 'free': np.float64(-10179.12081589123)}]
------------------------------------------
  Seed: uu+dd:px+ipy
  Seed uu: [ 4.89125533e-02+1.79734197e-16j -4.89125533e-02-1.69150891e-16j
 -1.97127490e-16+4.89125533e-02j  1.84090223e-16-4.89125533e-02j], Seed dd: [ 3.04352161e-02+3.02582933e-17j -3.04352161e-02-2.94199689e-17j
 -3.84269996e-17+3.04352161e-02j  3.70136987e-17-3.04352161e-02j]
F_onsite: (1.0838681663424735e-19-2.1932791143359676e-20j)
F_swave: (-2.6307544726721548e-20+1.2224277233408232e-22j), F_dwave: (-7.145027642060266e-21+1.5108819272859774e-20j)
F_px: (-6.345664855502311e-20-1.1201465548966895e-20j), F_py: (-2.101607680748777e-20-1.0650020152356587e-19j)
Free_energy = -10179.120846408654
------------------------------------------
[{'stable': {'Fuu_px': np.complex128(0.03287120177220482-0.03618979819485044j), 'Fuu_py': np.complex128(0.03622339692276449+0.032901719504262864j), 'Fdd_px': np.complex128(0.021521051655386716-0.021520799313410287j), 'Fdd_py': np.complex128(0.021520799621523028+0.021521050137607182j)}, 'free': np.float64(-10179.12081589123)}, {'stable': {'Fuu_px': np.complex128(0.04891255256022857+1.6579706442525427e-16j), 'Fuu_py': np.complex128(-1.9461857806544352e-16+0.04891255256022897j), 'Fdd_px': np.complex128(0.030435207887969867+3.414862295947975e-17j), 'Fdd_py': np.complex128(-3.7283491897267915e-17+0.030435207887969988j)}, 'free': np.float64(-10179.120846408654)}]
------------------------------------------
====================================
mu=0.75, T=0.1420
====================================
  Seed: normal state
  Seed uu: [0.+0.j 0.+0.j 0.+0.j 0.+0.j], Seed dd: [0.+0.j 0.+0.j 0.+0.j 0.+0.j]
F_onsite: 0j
F_swave: 0j, F_dwave: 0j
F_px: 0j, F_py: 0j
Free_energy = -10139.63093667083
------------------------------------------
[{'stable': {}, 'free': np.float64(-10139.63093667083)}]
------------------------------------------
  Seed: uu:px
  Seed uu: [ 6.72965607e-02+1.96860621e-16j -6.72965607e-02-1.86587753e-16j
 -9.16469797e-19-5.95626686e-16j -3.55356791e-21+5.78601430e-16j], Seed dd: [0.+0.j 0.+0.j 0.+0.j 0.+0.j]
F_onsite: (8.652818371487293e-21+1.867982318032573e-20j)
F_swave: (-2.1348131891894033e-21-3.599050210685862e-21j), F_dwave: (-6.518005182297912e-21-7.589461261851663e-21j)
F_px: (1.4620068932953733e-20+2.4826440689366712e-34j), F_py: (3.32361452004024e-21-4.971629016215899e-21j)
Free_energy = -10171.828184927792
------------------------------------------
[{'stable': {'Fuu_px': np.complex128(0.0672965585855704+1.8645813030269758e-16j)}, 'free': np.float64(-10171.828184927792)}]
------------------------------------------
  Seed: uu:px+py
  Seed uu: [ 0.032862  -0.03619798j -0.032862  +0.03619798j  0.03623177+0.03289268j
 -0.03623177-0.03289268j], Seed dd: [0.+0.j 0.+0.j 0.+0.j 0.+0.j]
F_onsite: (-7.031647990669534e-20-3.9117273451734124e-20j)
F_swave: (2.2758778257954627e-20+1.1526690595864853e-20j), F_dwave: (3.970990815302202e-20+5.96136117887956e-20j)
F_px: (4.129014347012712e-20-4.898289320209447e-20j), F_py: (5.794111414855323e-20+2.458594778981682e-20j)
Free_energy = -10173.645688730003
------------------------------------------
[{'stable': {'Fuu_px': np.complex128(0.03286242202916678-0.03619844157565668j), 'Fuu_py': np.complex128(0.03623131308058691+0.03289226412238231j)}, 'free': np.float64(-10173.645688730003)}]
------------------------------------------
  Seed: uu:px+ipy
  Seed uu: [ 4.89125578e-02+1.79590414e-16j -4.89125578e-02-1.62863313e-16j
 -1.88492571e-16+4.89125578e-02j  1.76777576e-16-4.89125578e-02j], Seed dd: [0.+0.j 0.+0.j 0.+0.j 0.+0.j]
F_onsite: (-7.975189703942205e-20-3.1588808345670856e-20j)
F_swave: (2.59185665989494e-20+1.2049718073184606e-20j), F_dwave: (-4.622240753044278e-20+5.736732934253931e-21j)
F_px: (-5.489700606495399e-21+1.390426727619578e-20j), F_py: (-3.925660446899744e-21-4.543619469575114e-20j)
Free_energy = -10173.645699786513
------------------------------------------
[{'stable': {'Fuu_px': np.complex128(0.03286242202916678-0.03619844157565668j), 'Fuu_py': np.complex128(0.03623131308058691+0.03289226412238231j)}, 'free': np.float64(-10173.645688730003)}, {'stable': {'Fuu_px': np.complex128(0.048912555712995145+1.7578329170580686e-16j), 'Fuu_py': np.complex128(-1.8641575218555527e-16+0.0489125557129953j)}, 'free': np.float64(-10173.645699786513)}]
------------------------------------------
  Seed: dd:px
  Seed uu: [0.+0.j 0.+0.j 0.+0.j 0.+0.j], Seed dd: [ 3.96540466e-02+1.00856742e-16j -3.96540466e-02-1.00854625e-16j
 -1.17459647e-20+9.16836721e-16j -2.97341652e-19-9.20825928e-16j]
F_onsite: (8.557284433267487e-20+6.896973501341987e-35j)
F_swave: (-2.136923959111059e-21+7.52316384526264e-37j), F_dwave: (-9.409239048533403e-21+3.6863502841786936e-35j)
F_px: (7.447932206810014e-35+1.3566793892386686e-20j), F_py: (-1.023150282955719e-34-6.987829898823688e-21j)
Free_energy = -10149.851214947666
------------------------------------------
[{'stable': {'Fuu_px': np.complex128(0.03286242202916678-0.03619844157565668j), 'Fuu_py': np.complex128(0.03623131308058691+0.03289226412238231j)}, 'free': np.float64(-10173.645688730003)}, {'stable': {'Fuu_px': np.complex128(0.048912555712995145+1.7578329170580686e-16j), 'Fuu_py': np.complex128(-1.8641575218555527e-16+0.0489125557129953j)}, 'free': np.float64(-10173.645699786513)}]
------------------------------------------
  Seed: dd:px+py
  Seed uu: [0.+0.j 0.+0.j 0.+0.j 0.+0.j], Seed dd: [ 0.02412668+2.55530178e-12j -0.02412668-2.55530091e-12j
  0.02412668-2.55537515e-12j -0.02412668+2.55537600e-12j]
F_onsite: (2.980638934574795e-20+2.884095368460259e-31j)
F_swave: (1.4633279920983862e-22-6.188968353124537e-32j), F_dwave: (1.1644458199900388e-21+2.075042813382264e-31j)
F_px: (4.029094344223092e-31+3.6776551654510685e-21j), F_py: (-5.014338225748974e-31+4.700700317788656e-21j)
Free_energy = -10147.18990056138
------------------------------------------
[{'stable': {'Fuu_px': np.complex128(0.03286242202916678-0.03619844157565668j), 'Fuu_py': np.complex128(0.03623131308058691+0.03289226412238231j)}, 'free': np.float64(-10173.645688730003)}, {'stable': {'Fuu_px': np.complex128(0.048912555712995145+1.7578329170580686e-16j), 'Fuu_py': np.complex128(-1.8641575218555527e-16+0.0489125557129953j)}, 'free': np.float64(-10173.645699786513)}]
------------------------------------------
  Seed: dd:px+ipy
  Seed uu: [0.+0.j 0.+0.j 0.+0.j 0.+0.j], Seed dd: [ 3.04352079e-02+5.69088615e-17j -3.04352079e-02-5.86306412e-17j
 -4.94452307e-17+3.04352079e-02j  4.84498611e-17-3.04352079e-02j]
F_onsite: (-3.1812361334255718e-21+2.510613953646069e-21j)
F_swave: (-2.052185010497837e-21-2.5539053860499523e-22j), F_dwave: (2.5768168683381866e-22+1.7214965666458266e-21j)
F_px: (-2.331188068936701e-21+4.366032324117418e-21j), F_py: (-8.631404529457942e-23+2.633193431103426e-20j)
Free_energy = -10151.674179777305
------------------------------------------
[{'stable': {'Fuu_px': np.complex128(0.03286242202916678-0.03619844157565668j), 'Fuu_py': np.complex128(0.03623131308058691+0.03289226412238231j)}, 'free': np.float64(-10173.645688730003)}, {'stable': {'Fuu_px': np.complex128(0.048912555712995145+1.7578329170580686e-16j), 'Fuu_py': np.complex128(-1.8641575218555527e-16+0.0489125557129953j)}, 'free': np.float64(-10173.645699786513)}]
------------------------------------------
  Seed: uu+dd:px
  Seed uu: [ 6.72965544e-02+1.89459512e-16j -6.72965544e-02-1.87021857e-16j
 -4.26547263e-19-7.92390481e-16j -2.49140183e-19+7.81840633e-16j], Seed dd: [ 3.96540466e-02+1.17636995e-16j -3.96540466e-02-1.17615342e-16j
  4.24800258e-19+1.05201280e-15j -2.49543847e-20-1.04921182e-15j]
F_onsite: (6.652570948642434e-21-5.473265243588054e-21j)
F_swave: (9.613948012833539e-23-2.188988080025793e-21j), F_dwave: (-6.7487104287710026e-21+3.2175002956595955e-20j)
F_px: (-1.5554844161352757e-19+3.2500067811534605e-34j), F_py: (-1.3236357817578352e-20-5.7654309668366906e-21j)
Free_energy = -10182.048457294164
------------------------------------------
[{'stable': {'Fuu_px': np.complex128(0.06729655416690905+1.9640968217197194e-16j), 'Fdd_px': np.complex128(0.03965404163521074+1.3180753807607052e-16j)}, 'free': np.float64(-10182.048457294164)}]
------------------------------------------
  Seed: uu+dd:px+py
  Seed uu: [ 0.0328712-0.0361898j  -0.0328712+0.0361898j   0.0362234+0.03290172j
 -0.0362234-0.03290172j], Seed dd: [ 0.02152105-0.0215208j  -0.02152105+0.0215208j   0.0215208 +0.02152105j
 -0.0215208 -0.02152105j]
F_onsite: (3.514414766981087e-20+2.013577320879498e-20j)
F_swave: (4.570548961327303e-21-8.380886880225562e-21j), F_dwave: (-3.398858307728596e-20+2.7729171425708106e-20j)
F_px: (-1.0785747178991679e-20-1.0639561502079275e-20j), F_py: (-4.826139322049387e-20-3.083182388675212e-20j)
Free_energy = -10185.688913336711
------------------------------------------
[{'stable': {'Fuu_px': np.complex128(0.03287161686529634-0.03619025519472901j), 'Fuu_py': np.complex128(0.03622294043924907+0.03290130488018404j), 'Fdd_px': np.complex128(0.021521051548676312-0.021520799376638963j), 'Fdd_py': np.complex128(0.021520799558436304+0.021521050244459387j)}, 'free': np.float64(-10185.688913336711)}]
------------------------------------------
  Seed: uu+dd:px+ipy
  Seed uu: [ 4.89125526e-02+1.72820397e-16j -4.89125526e-02-1.58773732e-16j
 -2.00278240e-16+4.89125526e-02j  1.88958916e-16-4.89125526e-02j], Seed dd: [ 3.04352079e-02+3.02114947e-17j -3.04352079e-02-3.80857512e-17j
 -3.75865841e-17+3.04352079e-02j  3.69803997e-17-3.04352079e-02j]
F_onsite: (1.6174356223426657e-20-2.3229976865240322e-20j)
F_swave: (1.0712485123766926e-21+4.7660458281573335e-21j), F_dwave: (-3.1238350245220124e-22+2.4673398939943062e-20j)
F_px: (-3.131316906300292e-20+5.839801974074595e-20j), F_py: (1.6431432514362877e-21-9.835089600905214e-20j)
Free_energy = -10185.688935819197
------------------------------------------
[{'stable': {'Fuu_px': np.complex128(0.03287161686529634-0.03619025519472901j), 'Fuu_py': np.complex128(0.03622294043924907+0.03290130488018404j), 'Fdd_px': np.complex128(0.021521051548676312-0.021520799376638963j), 'Fdd_py': np.complex128(0.021520799558436304+0.021521050244459387j)}, 'free': np.float64(-10185.688913336711)}, {'stable': {'Fuu_px': np.complex128(0.04891255206536613+1.7064071645500958e-16j), 'Fuu_py': np.complex128(-1.975806787517714e-16+0.048912552065366474j), 'Fdd_px': np.complex128(0.03043520178766089+3.1568322374126735e-17j), 'Fdd_py': np.complex128(-3.823461725280589e-17+0.030435201787660973j)}, 'free': np.float64(-10185.688935819197)}]
------------------------------------------
====================================
mu=0.75, T=0.1503
====================================
  Seed: normal state
  Seed uu: [0.+0.j 0.+0.j 0.+0.j 0.+0.j], Seed dd: [0.+0.j 0.+0.j 0.+0.j 0.+0.j]
F_onsite: 0j
F_swave: 0j, F_dwave: 0j
F_px: 0j, F_py: 0j
Free_energy = -10147.480065945942
------------------------------------------
[{'stable': {}, 'free': np.float64(-10147.480065945942)}]
------------------------------------------
  Seed: uu:px
  Seed uu: [ 6.72965586e-02+1.93225368e-16j -6.72965586e-02-1.79690893e-16j
 -1.22146121e-18-6.20916020e-16j  5.09000627e-19+6.13189015e-16j], Seed dd: [0.+0.j 0.+0.j 0.+0.j 0.+0.j]
F_onsite: (-5.719808388189158e-21+2.1515768239151394e-20j)
F_swave: (2.2283651168378145e-21-2.9001992232507152e-21j), F_dwave: (3.491443271351242e-21-6.540372572108924e-21j)
F_px: (-7.711698692363792e-21+3.611118645726067e-35j), F_py: (6.363412786335978e-21-2.857462668741537e-21j)
Free_energy = -10179.109620614294
------------------------------------------
[{'stable': {'Fuu_px': np.complex128(0.06729655707959178+1.8754969107391236e-16j)}, 'free': np.float64(-10179.109620614294)}]
------------------------------------------
  Seed: uu:px+py
  Seed uu: [ 0.03286242-0.03619844j -0.03286242+0.03619844j  0.03623131+0.03289226j
 -0.03623131-0.03289226j], Seed dd: [0.+0.j 0.+0.j 0.+0.j 0.+0.j]
F_onsite: (-1.380872009576954e-19-3.8824031534283924e-20j)
F_swave: (3.541848382099453e-20+8.728970597749988e-21j), F_dwave: (-2.4536617351920148e-20-1.609918154237205e-20j)
F_px: (-8.1932395572319e-20+2.2032281000690547e-20j), F_py: (-2.874941035634751e-20-1.2571876776109151e-20j)
Free_energy = -10180.896407221959
------------------------------------------
[{'stable': {'Fuu_px': np.complex128(0.032862827927415475-0.036198888678552095j), 'Fuu_py': np.complex128(0.03623086647183097+0.0328918586727335j)}, 'free': np.float64(-10180.896407221959)}]
------------------------------------------
  Seed: uu:px+ipy
  Seed uu: [ 4.89125557e-02+1.85046470e-16j -4.89125557e-02-1.66520113e-16j
 -1.91840839e-16+4.89125557e-02j  1.80990665e-16-4.89125557e-02j], Seed dd: [0.+0.j 0.+0.j 0.+0.j 0.+0.j]
F_onsite: (1.44746204506686e-20-2.436793660843733e-20j)
F_swave: (-6.776933120759776e-21-3.7977944232869944e-21j), F_dwave: (3.5559262624500907e-20+2.3012586829985087e-20j)
F_px: (-1.7528477977792587e-20+5.160955563475712e-20j), F_py: (-1.934934157660169e-20-3.735855276770328e-20j)
Free_energy = -10180.896415265188
------------------------------------------
[{'stable': {'Fuu_px': np.complex128(0.032862827927415475-0.036198888678552095j), 'Fuu_py': np.complex128(0.03623086647183097+0.0328918586727335j)}, 'free': np.float64(-10180.896407221959)}, {'stable': {'Fuu_px': np.complex128(0.048912554274449314+1.6750812391826716e-16j), 'Fuu_py': np.complex128(-1.907434288015347e-16+0.04891255427444948j)}, 'free': np.float64(-10180.896415265188)}]
------------------------------------------
  Seed: dd:px
  Seed uu: [0.+0.j 0.+0.j 0.+0.j 0.+0.j], Seed dd: [ 3.96540416e-02+1.03775459e-16j -3.96540416e-02-9.89418127e-17j
 -7.12662420e-19+1.03541096e-15j  8.56165021e-20-1.02534709e-15j]
F_onsite: (1.7860670994762084e-21-9.984297121771002e-35j)
F_swave: (-3.5694207253550396e-22-2.3744985886610208e-36j), F_dwave: (3.4746743387190374e-20+2.0430091817291357e-35j)
F_px: (-6.620384183831123e-35+3.585253548937437e-20j), F_py: (1.233798870623073e-34-1.4077529088960926e-22j)
Free_energy = -10157.517517459703
------------------------------------------
[{'stable': {'Fuu_px': np.complex128(0.032862827927415475-0.036198888678552095j), 'Fuu_py': np.complex128(0.03623086647183097+0.0328918586727335j)}, 'free': np.float64(-10180.896407221959)}, {'stable': {'Fuu_px': np.complex128(0.048912554274449314+1.6750812391826716e-16j), 'Fuu_py': np.complex128(-1.907434288015347e-16+0.04891255427444948j)}, 'free': np.float64(-10180.896415265188)}]
------------------------------------------
  Seed: dd:px+py
  Seed uu: [0.+0.j 0.+0.j 0.+0.j 0.+0.j], Seed dd: [ 0.02412668+3.57798204e-12j -0.02412668-3.57797709e-12j
  0.02412668-3.57804097e-12j -0.02412668+3.57804494e-12j]
F_onsite: (3.087091603222395e-20-2.1855522964119853e-31j)
F_swave: (-2.5532728995782816e-22+1.1978005316234912e-32j), F_dwave: (1.2481177650468619e-20-5.195560898431064e-31j)
F_px: (-2.7016433684722667e-31-8.530587703423732e-21j), F_py: (4.450026646111304e-31-9.897279930318895e-21j)
Free_energy = -10154.904391142663
------------------------------------------
[{'stable': {'Fuu_px': np.complex128(0.032862827927415475-0.036198888678552095j), 'Fuu_py': np.complex128(0.03623086647183097+0.0328918586727335j)}, 'free': np.float64(-10180.896407221959)}, {'stable': {'Fuu_px': np.complex128(0.048912554274449314+1.6750812391826716e-16j), 'Fuu_py': np.complex128(-1.907434288015347e-16+0.04891255427444948j)}, 'free': np.float64(-10180.896415265188)}]
------------------------------------------
  Seed: dd:px+ipy
  Seed uu: [0.+0.j 0.+0.j 0.+0.j 0.+0.j], Seed dd: [ 3.04352018e-02+6.12593286e-17j -3.04352018e-02-6.32347682e-17j
 -5.19325429e-17+3.04352018e-02j  4.99911963e-17-3.04352018e-02j]
F_onsite: (-1.6550897989538854e-20-6.046032812957967e-21j)
F_swave: (1.8538360692217155e-22+1.0343327436362073e-21j), F_dwave: (-2.2491542953443665e-21-9.729649263188091e-22j)
F_px: (-2.7462516437089594e-21-1.935831704976664e-20j), F_py: (-4.0480254069634665e-21+7.5906135482546135e-22j)
Free_energy = -10159.307631291496
------------------------------------------
[{'stable': {'Fuu_px': np.complex128(0.032862827927415475-0.036198888678552095j), 'Fuu_py': np.complex128(0.03623086647183097+0.0328918586727335j)}, 'free': np.float64(-10180.896407221959)}, {'stable': {'Fuu_px': np.complex128(0.048912554274449314+1.6750812391826716e-16j), 'Fuu_py': np.complex128(-1.907434288015347e-16+0.04891255427444948j)}, 'free': np.float64(-10180.896415265188)}]
------------------------------------------
  Seed: uu+dd:px
  Seed uu: [ 6.72965542e-02+2.04986791e-16j -6.72965542e-02-1.87832574e-16j
  2.56882594e-19-8.22823157e-16j -5.60722576e-19+8.04949333e-16j], Seed dd: [ 3.96540416e-02+1.30032263e-16j -3.96540416e-02-1.33582813e-16j
  8.81681889e-19+1.17622870e-15j -8.14240199e-19-1.16874135e-15j]
F_onsite: (-1.0657608834698342e-20+6.387618704719445e-20j)
F_swave: (2.0686509871234957e-21-2.153559988992715e-20j), F_dwave: (8.588957847574249e-21+3.90583037568211e-21j)
F_px: (-1.4227704581686141e-19-1.0532429383367696e-35j), F_py: (-9.576973323166833e-22-9.46548672562218e-21j)
Free_energy = -10189.147068062439
------------------------------------------
[{'stable': {'Fuu_px': np.complex128(0.06729655399139951+2.178593621930886e-16j), 'Fdd_px': np.complex128(0.039654037925122655+1.3297488182628496e-16j)}, 'free': np.float64(-10189.147068062439)}]
------------------------------------------
  Seed: uu+dd:px+py
  Seed uu: [ 0.03287162-0.03619026j -0.03287162+0.03619026j  0.03622294+0.0329013j
 -0.03622294-0.0329013j ], Seed dd: [ 0.02152105-0.0215208j  -0.02152105+0.0215208j   0.0215208 +0.02152105j
 -0.0215208 -0.02152105j]
F_onsite: (7.275549340870674e-20+3.452996010425007e-20j)
F_swave: (-2.133600346821269e-20-8.707538920159733e-21j), F_dwave: (3.1722752096552324e-20+2.4232154041316915e-20j)
F_px: (-1.9651412957816955e-20-5.425183440055233e-20j), F_py: (7.62370380055243e-21+1.1530478363355176e-20j)
Free_energy = -10192.723959083783
------------------------------------------
[{'stable': {'Fuu_px': np.complex128(0.03287202066663203-0.03619069976286354j), 'Fuu_py': np.complex128(0.0362224963597816+0.03290090152270472j), 'Fdd_px': np.complex128(0.021521051459337318-0.021520799425605874j), 'Fdd_py': np.complex128(0.021520799509574577+0.021521050333903613j)}, 'free': np.float64(-10192.723959083783)}]
------------------------------------------
  Seed: uu+dd:px+ipy
  Seed uu: [ 4.89125521e-02+1.73534710e-16j -4.89125521e-02-1.67746723e-16j
 -2.04313611e-16+4.89125521e-02j  1.90847746e-16-4.89125521e-02j], Seed dd: [ 3.04352018e-02+3.05308791e-17j -3.04352018e-02-3.26057657e-17j
 -3.86717657e-17+3.04352018e-02j  3.77974688e-17-3.04352018e-02j]
F_onsite: (-2.1483657835697546e-20-2.004632824515705e-20j)
F_swave: (3.540016771813279e-21+2.6700292153696565e-21j), F_dwave: (-2.1687861380888444e-20+1.863267677656423e-20j)
F_px: (-7.648196707330816e-20-4.963835690483545e-20j), F_py: (-3.2827869270712843e-21-9.489957979139667e-20j)
Free_energy = -10192.723975732093
------------------------------------------
[{'stable': {'Fuu_px': np.complex128(0.03287202066663203-0.03619069976286354j), 'Fuu_py': np.complex128(0.0362224963597816+0.03290090152270472j), 'Fdd_px': np.complex128(0.021521051459337318-0.021520799425605874j), 'Fdd_py': np.complex128(0.021520799509574577+0.021521050333903613j)}, 'free': np.float64(-10192.723959083783)}, {'stable': {'Fuu_px': np.complex128(0.04891255171862589+1.8152985438755565e-16j), 'Fuu_py': np.complex128(-2.012588399158844e-16+0.04891255171862618j), 'Fdd_px': np.complex128(0.03043519726287941+2.7151680828906e-17j), 'Fdd_py': np.complex128(-3.881761414853326e-17+0.030435197262879517j)}, 'free': np.float64(-10192.723975732093)}]
------------------------------------------
====================================
mu=0.75, T=0.1585
====================================
  Seed: normal state
  Seed uu: [0.+0.j 0.+0.j 0.+0.j 0.+0.j], Seed dd: [0.+0.j 0.+0.j 0.+0.j 0.+0.j]
F_onsite: 0j
F_swave: 0j, F_dwave: 0j
F_px: 0j, F_py: 0j
Free_energy = -10155.754478300953
------------------------------------------
[{'stable': {}, 'free': np.float64(-10155.754478300953)}]
------------------------------------------
  Seed: uu:px
  Seed uu: [ 6.72965571e-02+1.87095761e-16j -6.72965571e-02-1.88003621e-16j
  8.75567370e-19-6.57361677e-16j -3.05732572e-19+6.40425571e-16j], Seed dd: [0.+0.j 0.+0.j 0.+0.j 0.+0.j]
F_onsite: (-2.980122669187741e-20-5.294909359305397e-21j)
F_swave: (5.1197509799649865e-21+5.882336059318696e-21j), F_dwave: (2.4681475711912118e-20+6.09847827169037e-21j)
F_px: (4.3730783989400155e-20+4.890056499420716e-34j), F_py: (-1.7731100711254443e-21+1.3130762599437921e-20j)
Free_energy = -10186.840333107457
------------------------------------------
[{'stable': {'Fuu_px': np.complex128(0.06729655602706697+1.843402302972066e-16j)}, 'free': np.float64(-10186.840333107457)}]
------------------------------------------
  Seed: uu:px+py
  Seed uu: [ 0.03286283-0.03619889j -0.03286283+0.03619889j  0.03623087+0.03289186j
 -0.03623087-0.03289186j], Seed dd: [0.+0.j 0.+0.j 0.+0.j 0.+0.j]
F_onsite: (-6.587098648923153e-20-4.294646469170357e-20j)
F_swave: (2.0398659664446246e-20+3.8259219041566915e-20j), F_dwave: (1.2883903632161132e-20-2.6245426673887527e-20j)
F_px: (6.824986956124933e-20-5.213647042871337e-20j), F_py: (8.206885360109669e-20-1.6607774792642033e-20j)
Free_energy = -10188.597539517661
------------------------------------------
[{'stable': {'Fuu_px': np.complex128(0.03286322278416688-0.03619932361907577j), 'Fuu_py': np.complex128(0.0362304319989426+0.032891464240520384j)}, 'free': np.float64(-10188.597539517661)}]
------------------------------------------
  Seed: uu:px+ipy
  Seed uu: [ 4.89125543e-02+1.74715686e-16j -4.89125543e-02-1.60300562e-16j
 -1.96357590e-16+4.89125543e-02j  1.85129268e-16-4.89125543e-02j], Seed dd: [0.+0.j 0.+0.j 0.+0.j 0.+0.j]
F_onsite: (7.017637976913948e-20-3.0230407603119783e-20j)
F_swave: (-2.3333164599282242e-20+9.526927726288479e-21j), F_dwave: (2.2176935529048658e-21-3.042083039243211e-20j)
F_px: (4.65975765781738e-21+2.6436904725768492e-20j), F_py: (-6.07044920891545e-20+2.0783187232532064e-20j)
Free_energy = -10188.597545455124
------------------------------------------
[{'stable': {'Fuu_px': np.complex128(0.03286322278416688-0.03619932361907577j), 'Fuu_py': np.complex128(0.0362304319989426+0.032891464240520384j)}, 'free': np.float64(-10188.597539517661)}, {'stable': {'Fuu_px': np.complex128(0.048912553266487906+1.7196161139669346e-16j), 'Fuu_py': np.complex128(-1.9304344089068534e-16+0.048912553266488065j)}, 'free': np.float64(-10188.597545455124)}]
------------------------------------------
  Seed: dd:px
  Seed uu: [0.+0.j 0.+0.j 0.+0.j 0.+0.j], Seed dd: [ 3.96540379e-02+1.04203370e-16j -3.96540379e-02-9.62881114e-17j
  1.17329283e-18+1.16684310e-15j -5.74976553e-19-1.16247114e-15j]
F_onsite: (7.324940855043656e-20-3.934440160165757e-35j)
F_swave: (-2.0757668984134197e-21-7.673627122167893e-35j), F_dwave: (-1.1436203179634623e-20-5.868067799304859e-35j)
F_px: (-4.81482486096809e-35+4.21029345049602e-20j), F_py: (-3.1221129957839956e-34+3.6679771706444116e-20j)
Free_energy = -10165.617983856386
------------------------------------------
[{'stable': {'Fuu_px': np.complex128(0.03286322278416688-0.03619932361907577j), 'Fuu_py': np.complex128(0.0362304319989426+0.032891464240520384j)}, 'free': np.float64(-10188.597539517661)}, {'stable': {'Fuu_px': np.complex128(0.048912553266487906+1.7196161139669346e-16j), 'Fuu_py': np.complex128(-1.9304344089068534e-16+0.048912553266488065j)}, 'free': np.float64(-10188.597545455124)}]
------------------------------------------
  Seed: dd:px+py
  Seed uu: [0.+0.j 0.+0.j 0.+0.j 0.+0.j], Seed dd: [ 0.02412667+5.00993650e-12j -0.02412667-5.00993448e-12j
  0.02412667-5.00999943e-12j -0.02412667+5.01000243e-12j]
F_onsite: (1.9689828106886924e-21-9.814479493703954e-31j)
F_swave: (-1.4382401193391977e-23+1.843927458473873e-31j), F_dwave: (-1.5621807165361084e-20-9.326827330836667e-31j)
F_px: (6.930278348945182e-31+3.6282855506380775e-20j), F_py: (-4.1934115273493956e-33+3.713067049218887e-20j)
Free_energy = -10163.050645145515
------------------------------------------
[{'stable': {'Fuu_px': np.complex128(0.03286322278416688-0.03619932361907577j), 'Fuu_py': np.complex128(0.0362304319989426+0.032891464240520384j)}, 'free': np.float64(-10188.597539517661)}, {'stable': {'Fuu_px': np.complex128(0.048912553266487906+1.7196161139669346e-16j), 'Fuu_py': np.complex128(-1.9304344089068534e-16+0.048912553266488065j)}, 'free': np.float64(-10188.597545455124)}]
------------------------------------------
  Seed: dd:px+ipy
  Seed uu: [0.+0.j 0.+0.j 0.+0.j 0.+0.j], Seed dd: [ 3.04351973e-02+5.65969945e-17j -3.04351973e-02-5.78532238e-17j
 -5.34976745e-17+3.04351973e-02j  5.27059899e-17-3.04351973e-02j]
F_onsite: (5.40205280410774e-21+7.999206465898407e-22j)
F_swave: (-4.160491601876608e-21-1.2019321188533513e-22j), F_dwave: (-1.711100011686507e-21-9.184392998146519e-23j)
F_px: (7.076887435052287e-22-1.0314661670549313e-21j), F_py: (-7.331811022167129e-21-1.1946304155244222e-21j)
Free_energy = -10167.376872541
------------------------------------------
[{'stable': {'Fuu_px': np.complex128(0.03286322278416688-0.03619932361907577j), 'Fuu_py': np.complex128(0.0362304319989426+0.032891464240520384j)}, 'free': np.float64(-10188.597539517661)}, {'stable': {'Fuu_px': np.complex128(0.048912553266487906+1.7196161139669346e-16j), 'Fuu_py': np.complex128(-1.9304344089068534e-16+0.048912553266488065j)}, 'free': np.float64(-10188.597545455124)}]
------------------------------------------
  Seed: uu+dd:px
  Seed uu: [ 6.72965540e-02+2.16744667e-16j -6.72965540e-02-2.18974058e-16j
 -1.56630289e-18-8.57117457e-16j  6.57774023e-20+8.47173978e-16j], Seed dd: [ 3.96540379e-02+1.32576115e-16j -3.96540379e-02-1.33373649e-16j
  1.61062322e-18+1.31147043e-15j -1.57022703e-18-1.30937386e-15j]
F_onsite: (-2.3432099698248442e-20+6.825911633614125e-21j)
F_swave: (5.529399838616771e-21-3.561435210869874e-21j), F_dwave: (1.7902699859631252e-20-9.351669050195759e-21j)
F_px: (-9.770290830886571e-20+2.5353062158535097e-34j), F_py: (-6.975521707364576e-22+3.3646032605310795e-22j)
Free_energy = -10196.703835865841
------------------------------------------
[{'stable': {'Fuu_px': np.complex128(0.06729655386873637+2.269952742737163e-16j), 'Fdd_px': np.complex128(0.039654035170758654+1.3767784697745725e-16j)}, 'free': np.float64(-10196.703835865841)}]
------------------------------------------
  Seed: uu+dd:px+py
  Seed uu: [ 0.03287202-0.0361907j -0.03287202+0.0361907j  0.0362225 +0.0329009j
 -0.0362225 -0.0329009j], Seed dd: [ 0.02152105-0.0215208j  -0.02152105+0.0215208j   0.0215208 +0.02152105j
 -0.0215208 -0.02152105j]
F_onsite: (2.784114178937543e-20+5.654053444130671e-20j)
F_swave: (-2.8711829077503427e-21-2.1530626292696667e-20j), F_dwave: (-4.4472881919294817e-20+5.298539125405169e-20j)
F_px: (9.337958574229626e-20-7.640879082798402e-20j), F_py: (5.787984169303051e-20+4.9048720216253315e-20j)
Free_energy = -10200.219923926323
------------------------------------------
[{'stable': {'Fuu_px': np.complex128(0.03287241348354391-0.03619113223761355j), 'Fuu_py': np.complex128(0.03622206434748804+0.03290050912584215j), 'Fdd_px': np.complex128(0.021521051384316807-0.021520799463146494j), 'Fdd_py': np.complex128(0.02152079947211201+0.021521050409002186j)}, 'free': np.float64(-10200.219923926323)}]
------------------------------------------
  Seed: uu+dd:px+ipy
  Seed uu: [ 4.89125517e-02+1.90254400e-16j -4.89125517e-02-1.72805309e-16j
 -2.06857251e-16+4.89125517e-02j  1.95660429e-16-4.89125517e-02j], Seed dd: [ 3.04351973e-02+2.77263530e-17j -3.04351973e-02-2.65770087e-17j
 -3.93493391e-17+3.04351973e-02j  3.82858892e-17-3.04351973e-02j]
F_onsite: (6.434786272330884e-20+2.24347022327051e-21j)
F_swave: (-2.13460091856745e-20-3.2105521971741008e-21j), F_dwave: (-2.9084126150992063e-20+2.0550639568163733e-20j)
F_px: (-6.714089204135891e-20-7.069484742726743e-21j), F_py: (-2.464963354560401e-20-7.216303864120694e-20j)
Free_energy = -10200.219936330059
------------------------------------------
[{'stable': {'Fuu_px': np.complex128(0.03287241348354391-0.03619113223761355j), 'Fuu_py': np.complex128(0.03622206434748804+0.03290050912584215j), 'Fdd_px': np.complex128(0.021521051384316807-0.021520799463146494j), 'Fdd_py': np.complex128(0.02152079947211201+0.021521050409002186j)}, 'free': np.float64(-10200.219923926323)}, {'stable': {'Fuu_px': np.complex128(0.04891255147567147+1.6820377619597936e-16j), 'Fuu_py': np.complex128(-2.0441724048773848e-16+0.04891255147567168j), 'Fdd_px': np.complex128(0.030435193906713474+2.6803642931813088e-17j), 'Fdd_py': np.complex128(-3.882845352328016e-17+0.030435193906713547j)}, 'free': np.float64(-10200.219936330059)}]
------------------------------------------
====================================
mu=0.75, T=0.1668
====================================
  Seed: normal state
  Seed uu: [0.+0.j 0.+0.j 0.+0.j 0.+0.j], Seed dd: [0.+0.j 0.+0.j 0.+0.j 0.+0.j]
F_onsite: 0j
F_swave: 0j, F_dwave: 0j
F_px: 0j, F_py: 0j
Free_energy = -10164.451115425762
------------------------------------------
[{'stable': {}, 'free': np.float64(-10164.451115425762)}]
------------------------------------------
  Seed: uu:px
  Seed uu: [ 6.72965560e-02+1.98176646e-16j -6.72965560e-02-1.70503815e-16j
 -1.21610108e-18-6.90223855e-16j  2.79097356e-19+6.66912715e-16j], Seed dd: [0.+0.j 0.+0.j 0.+0.j 0.+0.j]
F_onsite: (-2.6951928421994597e-20+2.1510265394037894e-20j)
F_swave: (5.456512491019307e-21-9.08657765630192e-22j), F_dwave: (2.149541593097515e-20+1.8036351744418137e-20j)
F_px: (1.0026105227779018e-20+6.018531076210112e-36j), F_py: (3.5148966839015317e-22+3.9743326890095594e-21j)
Free_energy = -10195.015692072893
------------------------------------------
[{'stable': {'Fuu_px': np.complex128(0.06729655529145986+1.9675453046062285e-16j)}, 'free': np.float64(-10195.015692072893)}]
------------------------------------------
  Seed: uu:px+py
  Seed uu: [ 0.03286322-0.03619932j -0.03286322+0.03619932j  0.03623043+0.03289146j
 -0.03623043-0.03289146j], Seed dd: [0.+0.j 0.+0.j 0.+0.j 0.+0.j]
F_onsite: (7.374767853170918e-21-8.475837230724781e-20j)
F_swave: (4.004955338803046e-21+1.81106488878534e-20j), F_dwave: (3.203022220187056e-21-3.6074945642337335e-20j)
F_px: (9.871145085526512e-20-7.491075162804095e-20j), F_py: (8.258292796851762e-20+8.748518379227086e-22j)
Free_energy = -10196.7444004432
------------------------------------------
[{'stable': {'Fuu_px': np.complex128(0.03286360689993463-0.036199746728247856j), 'Fuu_py': np.complex128(0.03623000933232338+0.03289108052652011j)}, 'free': np.float64(-10196.7444004432)}]
------------------------------------------
  Seed: uu:px+ipy
  Seed uu: [ 4.89125533e-02+1.80816970e-16j -4.89125533e-02-1.63106253e-16j
 -1.99389968e-16+4.89125533e-02j  1.86696914e-16-4.89125533e-02j], Seed dd: [0.+0.j 0.+0.j 0.+0.j 0.+0.j]
F_onsite: (-9.141395021411282e-21-1.954598588210366e-21j)
F_swave: (1.142550863379769e-20-2.3333963032692975e-21j), F_dwave: (-7.316528761728531e-21-3.48764298648684e-20j)
F_px: (-1.3025256809354989e-20-1.0524949978374187e-20j), F_py: (2.751934416303471e-20-6.678221672490295e-20j)
Free_energy = -10196.744404902323
------------------------------------------
[{'stable': {'Fuu_px': np.complex128(0.03286360689993463-0.036199746728247856j), 'Fuu_py': np.complex128(0.03623000933232338+0.03289108052652011j)}, 'free': np.float64(-10196.7444004432)}, {'stable': {'Fuu_px': np.complex128(0.04891255256022861+1.6721896804589823e-16j), 'Fuu_py': np.complex128(-1.9796242591318708e-16+0.04891255256022892j)}, 'free': np.float64(-10196.744404902323)}]
------------------------------------------
  Seed: dd:px
  Seed uu: [0.+0.j 0.+0.j 0.+0.j 0.+0.j], Seed dd: [ 3.96540352e-02+9.40990077e-17j -3.96540352e-02-1.00904812e-16j
  7.90318136e-19+1.26399259e-15j -6.61929778e-19-1.26864767e-15j]
F_onsite: (1.9351106533716035e-20-2.2672053730055577e-34j)
F_swave: (1.3345423910220658e-22+2.1064858766735392e-35j), F_dwave: (-1.931327821888792e-20+6.319457630020618e-35j)
F_px: (-4.363435030252331e-34+1.132743716568837e-21j), F_py: (1.3541694921472752e-35-5.738451762038317e-20j)
Free_energy = -10174.14879296848
------------------------------------------
[{'stable': {'Fuu_px': np.complex128(0.03286360689993463-0.036199746728247856j), 'Fuu_py': np.complex128(0.03623000933232338+0.03289108052652011j)}, 'free': np.float64(-10196.7444004432)}, {'stable': {'Fuu_px': np.complex128(0.04891255256022861+1.6721896804589823e-16j), 'Fuu_py': np.complex128(-1.9796242591318708e-16+0.04891255256022892j)}, 'free': np.float64(-10196.744404902323)}]
------------------------------------------
  Seed: dd:px+py
  Seed uu: [0.+0.j 0.+0.j 0.+0.j 0.+0.j], Seed dd: [ 0.02412667+7.01498121e-12j -0.02412667-7.01497960e-12j
  0.02412667-7.01505877e-12j -0.02412667+7.01506008e-12j]
F_onsite: (2.941532039021079e-20+4.2747166600479465e-31j)
F_swave: (-1.362933321635704e-22-3.3453045783723637e-31j), F_dwave: (-8.27206658762991e-21+7.206369058111514e-31j)
F_px: (1.472420838416267e-30+5.342623980127048e-21j), F_py: (6.175216009615397e-31+2.5335860306996033e-21j)
Free_energy = -10171.62505516107
------------------------------------------
[{'stable': {'Fuu_px': np.complex128(0.03286360689993463-0.036199746728247856j), 'Fuu_py': np.complex128(0.03623000933232338+0.03289108052652011j)}, 'free': np.float64(-10196.7444004432)}, {'stable': {'Fuu_px': np.complex128(0.04891255256022861+1.6721896804589823e-16j), 'Fuu_py': np.complex128(-1.9796242591318708e-16+0.04891255256022892j)}, 'free': np.float64(-10196.744404902323)}]
------------------------------------------
  Seed: dd:px+ipy
  Seed uu: [0.+0.j 0.+0.j 0.+0.j 0.+0.j], Seed dd: [ 3.04351939e-02+5.29795286e-17j -3.04351939e-02-5.42371607e-17j
 -5.40981679e-17+3.04351939e-02j  5.30037749e-17-3.04351939e-02j]
F_onsite: (-4.358476690999094e-20-3.45013962270533e-21j)
F_swave: (8.49503566614924e-21+3.4585626135362993e-22j), F_dwave: (-1.094043693057772e-20+1.494055569140148e-21j)
F_px: (-2.9217631549621212e-21-1.279456798370461e-21j), F_py: (-1.7248501585703826e-21-2.6307244778129617e-21j)
Free_energy = -10175.87793838464
------------------------------------------
[{'stable': {'Fuu_px': np.complex128(0.03286360689993463-0.036199746728247856j), 'Fuu_py': np.complex128(0.03623000933232338+0.03289108052652011j)}, 'free': np.float64(-10196.7444004432)}, {'stable': {'Fuu_px': np.complex128(0.04891255256022861+1.6721896804589823e-16j), 'Fuu_py': np.complex128(-1.9796242591318708e-16+0.04891255256022892j)}, 'free': np.float64(-10196.744404902323)}]
------------------------------------------
  Seed: uu+dd:px
  Seed uu: [ 6.72965539e-02+2.32523250e-16j -6.72965539e-02-2.21467299e-16j
  2.93688822e-19-8.74425993e-16j  2.03943034e-19+8.64998728e-16j], Seed dd: [ 3.96540352e-02+1.38225030e-16j -3.96540352e-02-1.37130664e-16j
  7.98646190e-19+1.42581278e-15j -3.91074450e-19-1.42229723e-15j]
F_onsite: (3.170210968976611e-20+1.1551231136433374e-20j)
F_swave: (-1.0683571365739276e-20-5.4229032299963666e-21j), F_dwave: (-2.1018538324027188e-20-7.992876808930542e-21j)
F_px: (-3.584989546121601e-20+6.560198873069022e-34j), F_py: (-3.3244791116723896e-21+3.0069668603743194e-20j)
Free_energy = -10204.713367690787
------------------------------------------
[{'stable': {'Fuu_px': np.complex128(0.06729655378300714+2.481839357981806e-16j), 'Fdd_px': np.complex128(0.03965403312592261+1.5517495362933013e-16j)}, 'free': np.float64(-10204.713367690787)}]
------------------------------------------
  Seed: uu+dd:px+py
  Seed uu: [ 0.03287241-0.03619113j -0.03287241+0.03619113j  0.03622206+0.03290051j
 -0.03622206-0.03290051j], Seed dd: [ 0.02152105-0.0215208j  -0.02152105+0.0215208j   0.0215208 +0.02152105j
 -0.0215208 -0.02152105j]
F_onsite: (-9.208362861328527e-20-5.762762665589312e-20j)
F_swave: (2.913723098643065e-20+9.394317405782462e-21j), F_dwave: (2.8169797218749133e-20-3.476358113954638e-20j)
F_px: (1.4390090241310963e-20-1.0884357277240483e-19j), F_py: (-2.397859088590524e-20+3.852508143937377e-20j)
Free_energy = -10208.171216231185
------------------------------------------
[{'stable': {'Fuu_px': np.complex128(0.03287279561499043-0.03619155294811961j), 'Fuu_py': np.complex128(0.036221644074633616+0.032900127391914794j), 'Fdd_px': np.complex128(0.02152105132111689-0.02152079949155519j), 'Fdd_py': np.complex128(0.021520799443761153+0.021521050472259974j)}, 'free': np.float64(-10208.171216231185)}]
------------------------------------------
  Seed: uu+dd:px+ipy
  Seed uu: [ 4.89125515e-02+1.73280389e-16j -4.89125515e-02-1.63127164e-16j
 -2.10043366e-16+4.89125515e-02j  1.98791115e-16-4.89125515e-02j], Seed dd: [ 3.04351939e-02+2.62120698e-17j -3.04351939e-02-2.73952160e-17j
 -3.91691593e-17+3.04351939e-02j  3.84877478e-17-3.04351939e-02j]
F_onsite: (7.86050825811222e-20+7.925851901656259e-20j)
F_swave: (-1.2543982625528617e-20-2.5645059857663062e-20j), F_dwave: (1.2761217050041165e-20+4.787326632815499e-21j)
F_px: (-1.2037339305939253e-19-5.608235429907246e-20j), F_py: (-5.39364417554069e-20-1.3784096557802654e-19j)
Free_energy = -10208.171225539354
------------------------------------------
[{'stable': {'Fuu_px': np.complex128(0.03287279561499043-0.03619155294811961j), 'Fuu_py': np.complex128(0.036221644074633616+0.032900127391914794j), 'Fdd_px': np.complex128(0.02152105132111689-0.02152079949155519j), 'Fdd_py': np.complex128(0.021520799443761153+0.021521050472259974j)}, 'free': np.float64(-10208.171216231185)}, {'stable': {'Fuu_px': np.complex128(0.04891255130543817+1.6055342755593772e-16j), 'Fuu_py': np.complex128(-2.0491458117667476e-16+0.048912551305438166j), 'Fdd_px': np.complex128(0.030435191417344673+3.081872468558628e-17j), 'Fdd_py': np.complex128(-3.7288494685612636e-17+0.030435191417344683j)}, 'free': np.float64(-10208.171225539354)}]
------------------------------------------
====================================
mu=0.75, T=0.1751
====================================
  Seed: normal state
  Seed uu: [0.+0.j 0.+0.j 0.+0.j 0.+0.j], Seed dd: [0.+0.j 0.+0.j 0.+0.j 0.+0.j]
F_onsite: 0j
F_swave: 0j, F_dwave: 0j
F_px: 0j, F_py: 0j
Free_energy = -10173.567134411905
------------------------------------------
[{'stable': {}, 'free': np.float64(-10173.567134411905)}]
------------------------------------------
  Seed: uu:px
  Seed uu: [ 6.72965553e-02+2.09842619e-16j -6.72965553e-02-1.83666442e-16j
 -6.72292697e-19-7.10775839e-16j  3.27887777e-19+7.09869038e-16j], Seed dd: [0.+0.j 0.+0.j 0.+0.j 0.+0.j]
F_onsite: (-2.5050045136420873e-20-1.3173867442916723e-20j)
F_swave: (5.942566106742627e-21+3.005478852922902e-21j), F_dwave: (1.9107479029678144e-20+3.791386442736797e-21j)
F_px: (1.328560936986895e-20+5.567141245494354e-35j), F_py: (-2.5869143829216747e-22-2.7758885494322495e-20j)
Free_energy = -10203.631383610804
------------------------------------------
[{'stable': {'Fuu_px': np.complex128(0.06729655477734559+2.146347607024507e-16j)}, 'free': np.float64(-10203.631383610804)}]
------------------------------------------
  Seed: uu:px+py
  Seed uu: [ 0.03286361-0.03619975j -0.03286361+0.03619975j  0.03623001+0.03289108j
 -0.03623001-0.03289108j], Seed dd: [0.+0.j 0.+0.j 0.+0.j 0.+0.j]
F_onsite: (4.061589320975741e-20+1.2928083233785598e-19j)
F_swave: (-1.898942866492492e-20-2.0354119257889197e-20j), F_dwave: (4.6659669752466997e-20+5.513592219297449e-20j)
F_px: (9.457690119976891e-20-1.0672707418640913e-19j), F_py: (8.704577017260919e-20+1.093153654083801e-19j)
Free_energy = -10205.332621635544
------------------------------------------
[{'stable': {'Fuu_px': np.complex128(0.03286398056704495-0.036200158328069935j), 'Fuu_py': np.complex128(0.036229598151317+0.03289070723962769j)}, 'free': np.float64(-10205.332621635544)}]
------------------------------------------
  Seed: uu:px+ipy
  Seed uu: [ 4.89125526e-02+1.76018423e-16j -4.89125526e-02-1.58419513e-16j
 -2.04098518e-16+4.89125526e-02j  1.91826334e-16-4.89125526e-02j], Seed dd: [0.+0.j 0.+0.j 0.+0.j 0.+0.j]
F_onsite: (-1.00146397111491e-19+3.577530055232768e-20j)
F_swave: (2.995565362399595e-20-8.124767219053366e-21j), F_dwave: (5.495189649274991e-20+5.832282466127114e-21j)
F_px: (-4.845980146864216e-20+5.275481652748644e-20j), F_py: (4.272098576650793e-20+3.704282354719615e-20j)
Free_energy = -10205.332625050709
------------------------------------------
[{'stable': {'Fuu_px': np.complex128(0.03286398056704495-0.036200158328069935j), 'Fuu_py': np.complex128(0.036229598151317+0.03289070723962769j)}, 'free': np.float64(-10205.332621635544)}, {'stable': {'Fuu_px': np.complex128(0.048912552065366176+1.753316907960223e-16j), 'Fuu_py': np.complex128(-2.010044918036917e-16+0.04891255206536642j)}, 'free': np.float64(-10205.332625050709)}]
------------------------------------------
  Seed: dd:px
  Seed uu: [0.+0.j 0.+0.j 0.+0.j 0.+0.j], Seed dd: [ 3.96540331e-02+1.03311444e-16j -3.96540331e-02-1.02362873e-16j
 -7.02471555e-19+1.41577200e-15j  7.70799982e-19-1.41618287e-15j]
F_onsite: (3.9818540242740713e-20-5.861436307757129e-36j)
F_swave: (7.46989136040914e-22-1.128474576789396e-36j), F_dwave: (2.3851520788502005e-20-3.799197741857633e-35j)
F_px: (1.5347254244335786e-34+3.9744064865155944e-20j), F_py: (-1.504632769052528e-34+7.733110688999708e-21j)
Free_energy = -10183.106427098592
------------------------------------------
[{'stable': {'Fuu_px': np.complex128(0.03286398056704495-0.036200158328069935j), 'Fuu_py': np.complex128(0.036229598151317+0.03289070723962769j)}, 'free': np.float64(-10205.332621635544)}, {'stable': {'Fuu_px': np.complex128(0.048912552065366176+1.753316907960223e-16j), 'Fuu_py': np.complex128(-2.010044918036917e-16+0.04891255206536642j)}, 'free': np.float64(-10205.332625050709)}]
------------------------------------------
  Seed: dd:px+py
  Seed uu: [0.+0.j 0.+0.j 0.+0.j 0.+0.j], Seed dd: [ 0.02412667+9.82245753e-12j -0.02412667-9.82246123e-12j
  0.02412667-9.82254791e-12j -0.02412667+9.82254808e-12j]
F_onsite: (4.204957191639426e-20-3.1950251431313644e-30j)
F_swave: (-8.880752424817788e-22+9.187509621168171e-31j), F_dwave: (-4.031052583538111e-21-1.4781809488143923e-30j)
F_px: (1.9170778136487076e-30+1.0189718174438595e-20j), F_py: (-3.6896510723158026e-30+9.780064849272495e-21j)
Free_energy = -10180.624291352939
------------------------------------------
[{'stable': {'Fuu_px': np.complex128(0.03286398056704495-0.036200158328069935j), 'Fuu_py': np.complex128(0.036229598151317+0.03289070723962769j)}, 'free': np.float64(-10205.332621635544)}, {'stable': {'Fuu_px': np.complex128(0.048912552065366176+1.753316907960223e-16j), 'Fuu_py': np.complex128(-2.010044918036917e-16+0.04891255206536642j)}, 'free': np.float64(-10205.332625050709)}]
------------------------------------------
  Seed: dd:px+ipy
  Seed uu: [0.+0.j 0.+0.j 0.+0.j 0.+0.j], Seed dd: [ 3.04351914e-02+5.91791745e-17j -3.04351914e-02-5.17392870e-17j
 -5.48796088e-17+3.04351914e-02j  5.42437782e-17-3.04351914e-02j]
F_onsite: (-1.2518648554748656e-20+1.9262573042640048e-21j)
F_swave: (9.709101452846682e-22-8.223793637683213e-23j), F_dwave: (-9.643279555957838e-21+8.885237512499123e-22j)
F_px: (-4.213132109478514e-23-2.271433981432573e-21j), F_py: (-2.4372088561537527e-22-5.577889508832715e-20j)
Free_energy = -10184.807184563522
------------------------------------------
[{'stable': {'Fuu_px': np.complex128(0.03286398056704495-0.036200158328069935j), 'Fuu_py': np.complex128(0.036229598151317+0.03289070723962769j)}, 'free': np.float64(-10205.332621635544)}, {'stable': {'Fuu_px': np.complex128(0.048912552065366176+1.753316907960223e-16j), 'Fuu_py': np.complex128(-2.010044918036917e-16+0.04891255206536642j)}, 'free': np.float64(-10205.332625050709)}]
------------------------------------------
  Seed: uu+dd:px
  Seed uu: [ 6.72965538e-02+2.52096646e-16j -6.72965538e-02-2.44271226e-16j
  3.72218041e-19-9.14561484e-16j -4.73736263e-19+8.92321628e-16j], Seed dd: [ 3.96540331e-02+1.49705821e-16j -3.96540331e-02-1.60644087e-16j
  2.38697855e-19+1.59157496e-15j -7.14402808e-19-1.59136516e-15j]
F_onsite: (4.8724570813480776e-21-5.618927401901777e-20j)
F_swave: (3.9015913138991096e-22+1.5097282710980206e-20j), F_dwave: (-5.262616212737652e-21-1.652449312773049e-20j)
F_px: (-6.447957843308302e-20+6.295007347523514e-34j), F_py: (-1.1670752908087814e-20+3.846468639573934e-21j)
Free_energy = -10213.170674972507
------------------------------------------
[{'stable': {'Fuu_px': np.complex128(0.06729655372309175+2.2001259935434784e-16j), 'Fdd_px': np.complex128(0.039654031607839174+1.6011569681066446e-16j)}, 'free': np.float64(-10213.170674972507)}]
------------------------------------------
  Seed: uu+dd:px+py
  Seed uu: [ 0.0328728 -0.03619155j -0.0328728 +0.03619155j  0.03622164+0.03290013j
 -0.03622164-0.03290013j], Seed dd: [ 0.02152105-0.0215208j  -0.02152105+0.0215208j   0.0215208 +0.02152105j
 -0.0215208 -0.02152105j]
F_onsite: (7.798342938164576e-20+6.455744173069202e-21j)
F_swave: (-2.560767939098837e-20+2.91055111021331e-22j), F_dwave: (-3.908796974430268e-21+5.868793940444803e-20j)
F_px: (-5.860299902728321e-20+4.7663237213945e-20j), F_py: (3.4500945296071936e-20+1.0949287596330577e-20j)
Free_energy = -10216.572666555423
------------------------------------------
[{'stable': {'Fuu_px': np.complex128(0.03287316735178543-0.036191962214555534j), 'Fuu_py': np.complex128(0.03622123522237525+0.03289975603131745j), 'Fdd_px': np.complex128(0.02152105126769241-0.021520799512687067j), 'Fdd_py': np.complex128(0.021520799422672383+0.021521050525727392j)}, 'free': np.float64(-10216.572666555423)}]
------------------------------------------
  Seed: uu+dd:px+ipy
  Seed uu: [ 4.89125513e-02+1.66719430e-16j -4.89125513e-02-1.54387425e-16j
 -2.11528320e-16+4.89125513e-02j  1.98300842e-16-4.89125513e-02j], Seed dd: [ 3.04351914e-02+3.02504582e-17j -3.04351914e-02-3.13869911e-17j
 -3.78682755e-17+3.04351914e-02j  3.67087139e-17-3.04351914e-02j]
F_onsite: (3.6232173735569293e-20+1.1991199026736334e-19j)
F_swave: (-2.64322741009165e-20-3.822081228912885e-20j), F_dwave: (1.9501270341435988e-21+2.4636801749797404e-20j)
F_px: (-1.167108995035804e-19+1.987592584958433e-21j), F_py: (-2.5002289287599524e-20-3.229733446223188e-20j)
Free_energy = -10216.572673599927
------------------------------------------
[{'stable': {'Fuu_px': np.complex128(0.03287316735178543-0.036191962214555534j), 'Fuu_py': np.complex128(0.03622123522237525+0.03289975603131745j), 'Fdd_px': np.complex128(0.02152105126769241-0.021520799512687067j), 'Fdd_py': np.complex128(0.021520799422672383+0.021521050525727392j)}, 'free': np.float64(-10216.572666555423)}, {'stable': {'Fuu_px': np.complex128(0.04891255118615896+1.6386852922303384e-16j), 'Fuu_py': np.complex128(-2.047684415234938e-16+0.04891255118615881j), 'Fdd_px': np.complex128(0.030435189570905137+2.9357632556242016e-17j), 'Fdd_py': np.complex128(-3.7676568124353114e-17+0.030435189570905193j)}, 'free': np.float64(-10216.572673599927)}]
------------------------------------------
====================================
mu=0.75, T=0.1834
====================================
  Seed: normal state
  Seed uu: [0.+0.j 0.+0.j 0.+0.j 0.+0.j], Seed dd: [0.+0.j 0.+0.j 0.+0.j 0.+0.j]
F_onsite: 0j
F_swave: 0j, F_dwave: 0j
F_px: 0j, F_py: 0j
Free_energy = -10183.099889171071
------------------------------------------
[{'stable': {}, 'free': np.float64(-10183.099889171071)}]
------------------------------------------
  Seed: uu:px
  Seed uu: [ 6.72965548e-02+2.32496356e-16j -6.72965548e-02-1.96773165e-16j
 -5.08166829e-19-7.49201595e-16j -3.92619623e-19+7.34212764e-16j], Seed dd: [0.+0.j 0.+0.j 0.+0.j 0.+0.j]
F_onsite: (1.0666481931835496e-20+8.662051936227114e-21j)
F_swave: (-5.162837705503686e-21+9.726829472852471e-22j), F_dwave: (-5.50364422633223e-21-6.972430596625086e-21j)
F_px: (1.815577216063029e-19+5.807882488542758e-34j), F_py: (3.413892699302699e-21-1.2643774974367831e-20j)
Free_energy = -10212.683394997644
------------------------------------------
[{'stable': {'Fuu_px': np.complex128(0.06729655441803203+2.42733490540836e-16j)}, 'free': np.float64(-10212.683394997644)}]
------------------------------------------
  Seed: uu:px+py
  Seed uu: [ 0.03286398-0.03620016j -0.03286398+0.03620016j  0.0362296 +0.03289071j
 -0.0362296 -0.03289071j], Seed dd: [0.+0.j 0.+0.j 0.+0.j 0.+0.j]
F_onsite: (-1.666282321289069e-20+4.243491834593566e-20j)
F_swave: (-9.066615460982245e-22-2.0161459164160038e-20j), F_dwave: (6.038525484519581e-20-5.1527965372551006e-20j)
F_px: (1.0051538638082457e-19-3.085338467997389e-21j), F_py: (4.997789706319816e-20+3.727871745064717e-20j)
Free_energy = -10214.358137234229
------------------------------------------
[{'stable': {'Fuu_px': np.complex128(0.032864344069860316-0.036200558731771526j), 'Fuu_py': np.complex128(0.03622919814396701+0.03289034409663657j)}, 'free': np.float64(-10214.358137234229)}]
------------------------------------------
  Seed: uu:px+ipy
  Seed uu: [ 4.89125521e-02+1.73733975e-16j -4.89125521e-02-1.76929407e-16j
 -2.07441122e-16+4.89125521e-02j  1.94567862e-16-4.89125521e-02j], Seed dd: [0.+0.j 0.+0.j 0.+0.j 0.+0.j]
F_onsite: (5.574908540035419e-20-4.099324933340164e-20j)
F_swave: (-9.71294408270797e-21+2.3038464855349658e-20j), F_dwave: (3.511208490721762e-20-1.4991735744064566e-20j)
F_px: (7.413929143623018e-20+1.9398657750491388e-20j), F_py: (-1.2529181853907161e-20-5.728879037705913e-20j)
Free_energy = -10214.358139906344
------------------------------------------
[{'stable': {'Fuu_px': np.complex128(0.032864344069860316-0.036200558731771526j), 'Fuu_py': np.complex128(0.03622919814396701+0.03289034409663657j)}, 'free': np.float64(-10214.358137234229)}, {'stable': {'Fuu_px': np.complex128(0.048912551718625935+1.8213786522500663e-16j), 'Fuu_py': np.complex128(-2.0458987639030075e-16+0.04891255171862611j)}, 'free': np.float64(-10214.358139906344)}]
------------------------------------------
  Seed: dd:px
  Seed uu: [0.+0.j 0.+0.j 0.+0.j 0.+0.j], Seed dd: [ 3.96540316e-02+1.11288112e-16j -3.96540316e-02-1.05853231e-16j
 -7.54124021e-20+1.59379106e-15j  1.37030740e-19-1.58901226e-15j]
F_onsite: (1.0464930612429883e-19+2.5174417429788008e-34j)
F_swave: (-4.770714617142314e-22-8.726870060504662e-35j), F_dwave: (6.480460279649344e-20-1.4294011305999016e-34j)
F_px: (-2.2870418089598426e-34-1.6986694671282774e-20j), F_py: (-1.023150282955719e-34-1.7522435980953424e-20j)
Free_energy = -10192.487641697626
------------------------------------------
[{'stable': {'Fuu_px': np.complex128(0.032864344069860316-0.036200558731771526j), 'Fuu_py': np.complex128(0.03622919814396701+0.03289034409663657j)}, 'free': np.float64(-10214.358137234229)}, {'stable': {'Fuu_px': np.complex128(0.048912551718625935+1.8213786522500663e-16j), 'Fuu_py': np.complex128(-2.0458987639030075e-16+0.04891255171862611j)}, 'free': np.float64(-10214.358139906344)}]
------------------------------------------
  Seed: dd:px+py
  Seed uu: [0.+0.j 0.+0.j 0.+0.j 0.+0.j], Seed dd: [ 0.02412666+1.37535176e-11j -0.02412666-1.37535192e-11j
  0.02412666-1.37536505e-11j -0.02412666+1.37536534e-11j]
F_onsite: (3.343741761724126e-20+5.520828393738118e-30j)
F_swave: (2.4287247862523467e-22-4.473182944427023e-31j), F_dwave: (3.310471738497155e-21-9.744235030463375e-31j)
F_px: (-2.5675504960943054e-31+1.1287543997004095e-20j), F_py: (1.7620466597357074e-30+8.290560823489712e-21j)
Free_energy = -10190.04527483352
------------------------------------------
[{'stable': {'Fuu_px': np.complex128(0.032864344069860316-0.036200558731771526j), 'Fuu_py': np.complex128(0.03622919814396701+0.03289034409663657j)}, 'free': np.float64(-10214.358137234229)}, {'stable': {'Fuu_px': np.complex128(0.048912551718625935+1.8213786522500663e-16j), 'Fuu_py': np.complex128(-2.0458987639030075e-16+0.04891255171862611j)}, 'free': np.float64(-10214.358139906344)}]
------------------------------------------
  Seed: dd:px+ipy
  Seed uu: [0.+0.j 0.+0.j 0.+0.j 0.+0.j], Seed dd: [ 3.04351896e-02+5.98719415e-17j -3.04351896e-02-6.49252872e-17j
 -5.63149855e-17+3.04351896e-02j  5.60499701e-17-3.04351896e-02j]
F_onsite: (-9.439042686131388e-21-6.196500051546432e-22j)
F_swave: (7.188718114862702e-21+6.799564849369369e-22j), F_dwave: (-3.879829994310058e-21+9.956495230996195e-22j)
F_px: (-1.4861232471319018e-21+4.725670855116675e-22j), F_py: (-1.669887946093322e-21+1.600254937373024e-20j)
Free_energy = -10194.161254873594
------------------------------------------
[{'stable': {'Fuu_px': np.complex128(0.032864344069860316-0.036200558731771526j), 'Fuu_py': np.complex128(0.03622919814396701+0.03289034409663657j)}, 'free': np.float64(-10214.358137234229)}, {'stable': {'Fuu_px': np.complex128(0.048912551718625935+1.8213786522500663e-16j), 'Fuu_py': np.complex128(-2.0458987639030075e-16+0.04891255171862611j)}, 'free': np.float64(-10214.358139906344)}]
------------------------------------------
  Seed: uu+dd:px
  Seed uu: [ 6.72965537e-02+2.21180314e-16j -6.72965537e-02-2.18844885e-16j
  3.42823351e-19-9.59727081e-16j  9.34515569e-19+9.55993307e-16j], Seed dd: [ 3.96540316e-02+1.60556630e-16j -3.96540316e-02-1.59674763e-16j
  9.79282584e-19+1.78070270e-15j -4.93261034e-19-1.77915983e-15j]
F_onsite: (-3.1173745035783867e-20-4.428936460598503e-20j)
F_swave: (7.244848920011303e-21+1.1502020825541636e-20j), F_dwave: (2.3928896115771938e-20+1.6674468358399997e-20j)
F_px: (-1.0414588989020589e-19+1.0532429383367696e-34j), F_py: (-4.931800787274469e-21+2.44746360943165e-21j)
Free_energy = -10222.071146612021
------------------------------------------
[{'stable': {'Fuu_px': np.complex128(0.06729655368121645+2.0772585705883218e-16j), 'Fdd_px': np.complex128(0.03965403048081606+1.570465258658477e-16j)}, 'free': np.float64(-10222.071146612021)}]
------------------------------------------
  Seed: uu+dd:px+py
  Seed uu: [ 0.03287317-0.03619196j -0.03287317+0.03619196j  0.03622124+0.03289976j
 -0.03622124-0.03289976j], Seed dd: [ 0.02152105-0.0215208j  -0.02152105+0.0215208j   0.0215208 +0.02152105j
 -0.0215208 -0.02152105j]
F_onsite: (4.217611054994797e-20+8.795701931539204e-21j)
F_swave: (-5.605779807551835e-21-6.04066135513799e-22j), F_dwave: (3.1373307696148943e-20-2.084064681446555e-21j)
F_px: (-2.8112781810406043e-20-5.596548909047011e-20j), F_py: (-6.341619305356477e-20+1.1476183973847012e-21j)
Free_energy = -10225.419499118825
------------------------------------------
[{'stable': {'Fuu_px': np.complex128(0.03287352897681997-0.03619236034837227j), 'Fuu_py': np.complex128(0.036220837480521004+0.032899394762302414j), 'Fdd_px': np.complex128(0.021521051222367575-0.021520799528040313j), 'Fdd_py': np.complex128(0.021520799407351035+0.021521050571084062j)}, 'free': np.float64(-10225.419499118825)}]
------------------------------------------
  Seed: uu+dd:px+ipy
  Seed uu: [ 4.89125512e-02+1.67205468e-16j -4.89125512e-02-1.60531590e-16j
 -2.10406266e-16+4.89125512e-02j  1.99130617e-16-4.89125512e-02j], Seed dd: [ 3.04351896e-02+2.46528939e-17j -3.04351896e-02-3.40623712e-17j
 -3.81160326e-17+3.04351896e-02j  3.72371036e-17-3.04351896e-02j]
F_onsite: (5.085450829591218e-20+8.324701319327039e-20j)
F_swave: (-3.4847763354704456e-20-3.062528309058519e-20j), F_dwave: (-3.676494018893277e-20+6.912088444071196e-20j)
F_px: (1.6884434790464722e-20-3.3158952637572274e-20j), F_py: (-1.2399164241129621e-20-5.85775517230299e-20j)
Free_energy = -10225.419504502806
------------------------------------------
[{'stable': {'Fuu_px': np.complex128(0.03287352897681997-0.03619236034837227j), 'Fuu_py': np.complex128(0.036220837480521004+0.032899394762302414j), 'Fdd_px': np.complex128(0.021521051222367575-0.021520799528040313j), 'Fdd_py': np.complex128(0.021520799407351035+0.021521050571084062j)}, 'free': np.float64(-10225.419499118825)}, {'stable': {'Fuu_px': np.complex128(0.048912551102582344+1.8910487003485086e-16j), 'Fuu_py': np.complex128(-2.041429606315057e-16+0.04891255110258197j), 'Fdd_px': np.complex128(0.030435188201345522+2.589067376357096e-17j), 'Fdd_py': np.complex128(-3.7000529953325775e-17+0.030435188201345595j)}, 'free': np.float64(-10225.419504502806)}]
------------------------------------------
====================================
mu=0.75, T=0.1917
====================================
  Seed: normal state
  Seed uu: [0.+0.j 0.+0.j 0.+0.j 0.+0.j], Seed dd: [0.+0.j 0.+0.j 0.+0.j 0.+0.j]
F_onsite: 0j
F_swave: 0j, F_dwave: 0j
F_px: 0j, F_py: 0j
Free_energy = -10193.046908324439
------------------------------------------
[{'stable': {}, 'free': np.float64(-10193.046908324439)}]
------------------------------------------
  Seed: uu:px
  Seed uu: [ 6.72965544e-02+2.53786053e-16j -6.72965544e-02-2.31680928e-16j
 -1.47936289e-18-7.91162178e-16j  4.25342888e-19+7.83593779e-16j], Seed dd: [0.+0.j 0.+0.j 0.+0.j 0.+0.j]
F_onsite: (-1.1320198763291891e-20-2.0687836453415606e-20j)
F_swave: (3.42191472990374e-21+3.82169082291107e-21j), F_dwave: (7.898284033388186e-21-1.3363275045812484e-20j)
F_px: (-1.135632561740132e-20+2.693292656604025e-34j), F_py: (2.521929937676239e-22+5.541381535869918e-21j)
Free_energy = -10222.16799096673
------------------------------------------
[{'stable': {'Fuu_px': np.complex128(0.06729655416690902+2.563140756632826e-16j)}, 'free': np.float64(-10222.16799096673)}]
------------------------------------------
  Seed: uu:px+py
  Seed uu: [ 0.03286434-0.03620056j -0.03286434+0.03620056j  0.0362292 +0.03289034j
 -0.0362292 -0.03289034j], Seed dd: [0.+0.j 0.+0.j 0.+0.j 0.+0.j]
F_onsite: (2.527364274378651e-20-3.4552992752985283e-22j)
F_swave: (-8.926752576993663e-22+5.88475681610641e-21j), F_dwave: (5.579929198846016e-20+4.288407373571402e-21j)
F_px: (-2.0387793048114144e-20-4.423985064672582e-20j), F_py: (-7.682931973014483e-20+3.261136975902615e-21j)
Free_energy = -10223.817160775236
------------------------------------------
[{'stable': {'Fuu_px': np.complex128(0.03286469768499668-0.03620094824404922j), 'Fuu_py': np.complex128(0.03622880900678174+0.032889990822024526j)}, 'free': np.float64(-10223.817160775236)}]
------------------------------------------
  Seed: uu:px+ipy
  Seed uu: [ 4.89125517e-02+1.93688642e-16j -4.89125517e-02-1.70587089e-16j
 -2.10973514e-16+4.89125517e-02j  1.98206239e-16-4.89125517e-02j], Seed dd: [0.+0.j 0.+0.j 0.+0.j 0.+0.j]
F_onsite: (-1.4683683714157462e-19+1.6644253647486047e-19j)
F_swave: (3.9250093458983113e-20-4.4979529178277836e-20j), F_dwave: (1.2118867066175865e-20-2.4333451315230793e-20j)
F_px: (-6.829931609075737e-20+4.388379055845532e-20j), F_py: (1.431552629156572e-20-5.852714705016644e-20j)
Free_energy = -10223.817162913638
------------------------------------------
[{'stable': {'Fuu_px': np.complex128(0.03286469768499668-0.03620094824404922j), 'Fuu_py': np.complex128(0.03622880900678174+0.032889990822024526j)}, 'free': np.float64(-10223.817160775236)}, {'stable': {'Fuu_px': np.complex128(0.04891255147567152+1.7514637586903083e-16j), 'Fuu_py': np.complex128(-2.0751063128089079e-16+0.048912551475671626j)}, 'free': np.float64(-10223.817162913638)}]
------------------------------------------
  Seed: dd:px
  Seed uu: [0.+0.j 0.+0.j 0.+0.j 0.+0.j], Seed dd: [ 3.96540305e-02+1.19035022e-16j -3.96540305e-02-1.12513980e-16j
  4.31546743e-19+1.78040084e-15j -4.15029601e-19-1.78330309e-15j]
F_onsite: (1.0598637973821327e-19+1.3752177658891543e-34j)
F_swave: (-2.821147596137699e-21+2.7083389842945504e-35j), F_dwave: (6.683316455595292e-21+1.5949107351956797e-34j)
F_px: (2.102724294750908e-34+7.534857777092442e-20j), F_py: (-7.23728361914266e-34-7.365718658474526e-20j)
Free_energy = -10202.289433080367
------------------------------------------
[{'stable': {'Fuu_px': np.complex128(0.03286469768499668-0.03620094824404922j), 'Fuu_py': np.complex128(0.03622880900678174+0.032889990822024526j)}, 'free': np.float64(-10223.817160775236)}, {'stable': {'Fuu_px': np.complex128(0.04891255147567152+1.7514637586903083e-16j), 'Fuu_py': np.complex128(-2.0751063128089079e-16+0.048912551475671626j)}, 'free': np.float64(-10223.817162913638)}]
------------------------------------------
  Seed: dd:px+py
  Seed uu: [0.+0.j 0.+0.j 0.+0.j 0.+0.j], Seed dd: [ 0.02412666+1.92578485e-11j -0.02412666-1.92578477e-11j
  0.02412666-1.92579730e-11j -0.02412666+1.92579718e-11j]
F_onsite: (4.2078479135710534e-20+5.2594175262608925e-30j)
F_swave: (-8.164700392651478e-22-1.6648927099170818e-30j), F_dwave: (2.912835977614048e-20-1.9451034797632722e-30j)
F_px: (2.4797581832856285e-30+1.8608996934951505e-20j), F_py: (-1.4292205746676153e-30+1.7759098896164438e-20j)
Free_energy = -10199.885148522078
------------------------------------------
[{'stable': {'Fuu_px': np.complex128(0.03286469768499668-0.03620094824404922j), 'Fuu_py': np.complex128(0.03622880900678174+0.032889990822024526j)}, 'free': np.float64(-10223.817160775236)}, {'stable': {'Fuu_px': np.complex128(0.04891255147567152+1.7514637586903083e-16j), 'Fuu_py': np.complex128(-2.0751063128089079e-16+0.048912551475671626j)}, 'free': np.float64(-10223.817162913638)}]
------------------------------------------
  Seed: dd:px+ipy
  Seed uu: [0.+0.j 0.+0.j 0.+0.j 0.+0.j], Seed dd: [ 3.04351882e-02+5.68686803e-17j -3.04351882e-02-4.96399424e-17j
 -5.63167854e-17+3.04351882e-02j  5.59550494e-17-3.04351882e-02j]
F_onsite: (-3.981889938388229e-20+5.2293226766090355e-21j)
F_swave: (1.1674260262315561e-20+2.5431251314078727e-23j), F_dwave: (8.016657635668594e-21-2.7285314748126478e-21j)
F_px: (-5.927892506105894e-22+1.3114301910460702e-20j), F_py: (-4.213901849589424e-21+4.609961525041144e-21j)
Free_energy = -10203.937046763886
------------------------------------------
[{'stable': {'Fuu_px': np.complex128(0.03286469768499668-0.03620094824404922j), 'Fuu_py': np.complex128(0.03622880900678174+0.032889990822024526j)}, 'free': np.float64(-10223.817160775236)}, {'stable': {'Fuu_px': np.complex128(0.04891255147567152+1.7514637586903083e-16j), 'Fuu_py': np.complex128(-2.0751063128089079e-16+0.048912551475671626j)}, 'free': np.float64(-10223.817162913638)}]
------------------------------------------
  Seed: uu+dd:px
  Seed uu: [ 6.72965537e-02+2.18865002e-16j -6.72965537e-02-1.96586712e-16j
  1.03458457e-18-1.00296345e-15j  6.73126495e-20+9.94005922e-16j], Seed dd: [ 3.96540305e-02+1.58645248e-16j -3.96540305e-02-1.55447804e-16j
  5.22222282e-19+1.98049279e-15j -8.60515991e-19-1.98098380e-15j]
F_onsite: (1.815274351684117e-20+2.01675716927944e-20j)
F_swave: (-5.906684901530124e-21-2.87099216354717e-21j), F_dwave: (-1.224605861531091e-20+2.0084995176875603e-20j)
F_px: (-6.539711828808906e-20-2.256949153578792e-34j), F_py: (-1.4891590103232828e-21+1.2124087709300648e-20j)
Free_energy = -10231.410515094278
------------------------------------------
[{'stable': {'Fuu_px': np.complex128(0.06729655365195054+2.196999647874722e-16j), 'Fdd_px': np.complex128(0.03965402964411574+1.5388486951110262e-16j)}, 'free': np.float64(-10231.410515094278)}]
------------------------------------------
  Seed: uu+dd:px+py
  Seed uu: [ 0.03287353-0.03619236j -0.03287353+0.03619236j  0.03622084+0.03289939j
 -0.03622084-0.03289939j], Seed dd: [ 0.02152105-0.0215208j  -0.02152105+0.0215208j   0.0215208 +0.02152105j
 -0.0215208 -0.02152105j]
F_onsite: (-1.755857206667443e-20-1.397338550647235e-19j)
F_swave: (1.8051905841755363e-20+3.272985472569179e-20j), F_dwave: (-4.583996491269467e-23-6.889864158463852e-21j)
F_px: (-6.277460962796321e-20+6.508645940192407e-20j), F_py: (-6.760293019819058e-20-9.803877012130521e-20j)
Free_energy = -10234.707296427952
------------------------------------------
[{'stable': {'Fuu_px': np.complex128(0.03287388076527881-0.036192747652536626j), 'Fuu_py': np.complex128(0.03622045054729521+0.03289904331076738j), 'Fdd_px': np.complex128(0.021521051183768104-0.021520799538823975j), 'Fdd_py': np.complex128(0.02152079939659103+0.021521050609707316j)}, 'free': np.float64(-10234.707296427952)}]
------------------------------------------
  Seed: uu+dd:px+ipy
  Seed uu: [ 4.89125511e-02+1.92939547e-16j -4.89125511e-02-1.85270193e-16j
 -2.09860301e-16+4.89125511e-02j  1.98425621e-16-4.89125511e-02j], Seed dd: [ 3.04351882e-02+2.89790088e-17j -3.04351882e-02-2.28023387e-17j
 -3.73198217e-17+3.04351882e-02j  3.66812382e-17-3.04351882e-02j]
F_onsite: (9.415666518678721e-20+1.830858758160828e-21j)
F_swave: (-3.0258309275446493e-20-7.666979316194548e-21j), F_dwave: (3.0433135004359957e-20-8.612117644803573e-20j)
F_px: (5.1162807515049266e-20-4.7141022095492636e-20j), F_py: (-5.499212671354034e-20-2.620136309539343e-20j)
Free_energy = -10234.70730058929
------------------------------------------
[{'stable': {'Fuu_px': np.complex128(0.03287388076527881-0.036192747652536626j), 'Fuu_py': np.complex128(0.03622045054729521+0.03289904331076738j), 'Fdd_px': np.complex128(0.021521051183768104-0.021520799538823975j), 'Fdd_py': np.complex128(0.02152079939659103+0.021521050609707316j)}, 'free': np.float64(-10234.707296427952)}, {'stable': {'Fuu_px': np.complex128(0.04891255104402181+1.9983833919355934e-16j), 'Fuu_py': np.complex128(-2.086650577786596e-16+0.048912551044021285j), 'Fdd_px': np.complex128(0.030435187185501963+3.1591721659294636e-17j), 'Fdd_py': np.complex128(-3.721681452245124e-17+0.030435187185502047j)}, 'free': np.float64(-10234.70730058929)}]
------------------------------------------
====================================
mu=0.75, T=0.2000
====================================
  Seed: normal state
  Seed uu: [0.+0.j 0.+0.j 0.+0.j 0.+0.j], Seed dd: [0.+0.j 0.+0.j 0.+0.j 0.+0.j]
F_onsite: 0j
F_swave: 0j, F_dwave: 0j
F_px: 0j, F_py: 0j
Free_energy = -10203.40587167101
------------------------------------------
[{'stable': {}, 'free': np.float64(-10203.40587167101)}]
------------------------------------------
  Seed: uu:px
  Seed uu: [ 6.72965542e-02+2.59137131e-16j -6.72965542e-02-2.53491021e-16j
  1.76266233e-18-8.32925508e-16j -2.27362834e-18+8.16427370e-16j], Seed dd: [0.+0.j 0.+0.j 0.+0.j 0.+0.j]
F_onsite: (-8.540004675949839e-21-5.098373083078981e-20j)
F_swave: (3.943754781009391e-21+1.2918837918330689e-20j), F_dwave: (4.5962498949405745e-21-6.633954260192457e-21j)
F_px: (6.748132274885902e-20+1.0506098309909277e-33j), F_py: (-1.7271451333109104e-20-1.6189097410144496e-20j)
Free_energy = -10232.081685734267
------------------------------------------
[{'stable': {'Fuu_px': np.complex128(0.0672965539913995+2.6908135033768747e-16j)}, 'free': np.float64(-10232.081685734267)}]
------------------------------------------
  Seed: uu:px+py
  Seed uu: [ 0.0328647 -0.03620095j -0.0328647 +0.03620095j  0.03622881+0.03288999j
 -0.03622881-0.03288999j], Seed dd: [0.+0.j 0.+0.j 0.+0.j 0.+0.j]
F_onsite: (-3.3229499806738806e-20+3.0152679901785405e-20j)
F_swave: (1.0973412257539051e-20-1.1933090957886938e-20j), F_dwave: (-3.6073856778875164e-20+2.715049876127775e-20j)
F_px: (7.480260665849159e-20-1.4176246898291313e-20j), F_py: (2.796190552113361e-20+1.9509034700020038e-20j)
Free_energy = -10233.706157590716
------------------------------------------
[{'stable': {'Fuu_px': np.complex128(0.03286504168153524-0.036201327161299666j), 'Fuu_py': np.complex128(0.036228430444505064+0.032889647147745886j)}, 'free': np.float64(-10233.706157590716)}]
------------------------------------------
  Seed: uu:px+ipy
  Seed uu: [ 4.89125515e-02+1.81259333e-16j -4.89125515e-02-1.69033418e-16j
 -2.13563582e-16+4.89125515e-02j  2.01457681e-16-4.89125515e-02j], Seed dd: [0.+0.j 0.+0.j 0.+0.j 0.+0.j]
F_onsite: (1.3998426854574245e-20-5.0733669656263026e-20j)
F_swave: (-1.2887331266529757e-20+1.837051572463791e-20j), F_dwave: (3.2571022882009655e-20-3.6454741542755147e-20j)
F_px: (2.9276526695817475e-20+4.15933250761092e-21j), F_py: (-3.805756365398031e-20+1.210693735258651e-19j)
Free_energy = -10233.706159341158
------------------------------------------
[{'stable': {'Fuu_px': np.complex128(0.03286504168153524-0.036201327161299666j), 'Fuu_py': np.complex128(0.036228430444505064+0.032889647147745886j)}, 'free': np.float64(-10233.706157590716)}, {'stable': {'Fuu_px': np.complex128(0.048912551305438236+1.732537866275095e-16j), 'Fuu_py': np.complex128(-2.086122770381338e-16+0.04891255130543812j)}, 'free': np.float64(-10233.706159341158)}]
------------------------------------------
  Seed: dd:px
  Seed uu: [0.+0.j 0.+0.j 0.+0.j 0.+0.j], Seed dd: [ 3.96540296e-02+1.09566623e-16j -3.96540296e-02-1.13776377e-16j
 -5.21057611e-19+1.95270481e-15j  7.44068813e-19-1.95538244e-15j]
F_onsite: (2.8422300329198093e-20-1.5404030161379627e-34j)
F_swave: (2.143197111043682e-22+9.027796614315168e-35j), F_dwave: (-8.887689725807285e-21+1.5196790967430533e-34j)
F_px: (1.8958372890061853e-34-4.071536498098413e-21j), F_py: (-2.3697966112577316e-34+1.887689524480535e-20j)
Free_energy = -10212.509006145001
------------------------------------------
[{'stable': {'Fuu_px': np.complex128(0.03286504168153524-0.036201327161299666j), 'Fuu_py': np.complex128(0.036228430444505064+0.032889647147745886j)}, 'free': np.float64(-10233.706157590716)}, {'stable': {'Fuu_px': np.complex128(0.048912551305438236+1.732537866275095e-16j), 'Fuu_py': np.complex128(-2.086122770381338e-16+0.04891255130543812j)}, 'free': np.float64(-10233.706159341158)}]
------------------------------------------
  Seed: dd:px+py
  Seed uu: [0.+0.j 0.+0.j 0.+0.j 0.+0.j], Seed dd: [ 0.02412666+2.69650664e-11j -0.02412666-2.69650718e-11j
  0.02412666-2.69651923e-11j -0.02412666+2.69651955e-11j]
F_onsite: (3.655836262948711e-20-1.4451160136402864e-29j)
F_swave: (-1.1252063393408952e-22+4.3374793626697906e-30j), F_dwave: (-1.0919174138956469e-20+2.400383538503416e-30j)
F_px: (4.160062846656115e-30+1.489328633711027e-20j), F_py: (-9.290598783023421e-30+1.1915335925928221e-20j)
Free_energy = -10210.141247523352
------------------------------------------
[{'stable': {'Fuu_px': np.complex128(0.03286504168153524-0.036201327161299666j), 'Fuu_py': np.complex128(0.036228430444505064+0.032889647147745886j)}, 'free': np.float64(-10233.706157590716)}, {'stable': {'Fuu_px': np.complex128(0.048912551305438236+1.732537866275095e-16j), 'Fuu_py': np.complex128(-2.086122770381338e-16+0.04891255130543812j)}, 'free': np.float64(-10233.706159341158)}]
------------------------------------------
  Seed: dd:px+ipy
  Seed uu: [0.+0.j 0.+0.j 0.+0.j 0.+0.j], Seed dd: [ 3.04351872e-02+5.79026429e-17j -3.04351872e-02-5.65542723e-17j
 -5.67155791e-17+3.04351872e-02j  5.47390278e-17-3.04351872e-02j]
F_onsite: (-6.662232505276061e-21+9.402681293746874e-22j)
F_swave: (-5.3710974506816555e-21+4.173460852228864e-22j), F_dwave: (1.0106291165848158e-20+2.2145473801529922e-21j)
F_px: (-7.922467993177614e-22-2.900786072465019e-20j), F_py: (7.599417194937349e-25-4.334249927979296e-20j)
Free_energy = -10214.131677271447
------------------------------------------
[{'stable': {'Fuu_px': np.complex128(0.03286504168153524-0.036201327161299666j), 'Fuu_py': np.complex128(0.036228430444505064+0.032889647147745886j)}, 'free': np.float64(-10233.706157590716)}, {'stable': {'Fuu_px': np.complex128(0.048912551305438236+1.732537866275095e-16j), 'Fuu_py': np.complex128(-2.086122770381338e-16+0.04891255130543812j)}, 'free': np.float64(-10233.706159341158)}]
------------------------------------------
  Seed: uu+dd:px
  Seed uu: [ 6.72965537e-02+2.22611005e-16j -6.72965537e-02-2.16788924e-16j
 -4.12902092e-19-1.02958268e-15j  3.97423888e-19+1.02406691e-15j], Seed dd: [ 3.96540296e-02+1.54297269e-16j -3.96540296e-02-1.53472470e-16j
  5.17963956e-19+2.18359191e-15j  1.58663168e-19-2.18233089e-15j]
F_onsite: (-6.657143440551496e-21-4.662502841489908e-21j)
F_swave: (3.649872036318578e-21-1.4592148144812645e-21j), F_dwave: (3.007271404232665e-21+6.717991255692724e-21j)
F_px: (-5.476764549932788e-20-4.41609717716917e-34j), F_py: (1.5786078991850797e-22-6.5503912070169414e-21j)
Free_energy = -10241.184819775455
------------------------------------------
[{'stable': {'Fuu_px': np.complex128(0.06729655363149588+2.318733105471742e-16j), 'Fdd_px': np.complex128(0.03965402902295058+1.5579432000223023e-16j)}, 'free': np.float64(-10241.184819775455)}]
------------------------------------------
  Seed: uu+dd:px+py
  Seed uu: [ 0.03287388-0.03619275j -0.03287388+0.03619275j  0.03622045+0.03289904j
 -0.03622045-0.03289904j], Seed dd: [ 0.02152105-0.0215208j  -0.02152105+0.0215208j   0.0215208 +0.02152105j
 -0.0215208 -0.02152105j]
F_onsite: (3.561128024818229e-20-3.519906349830219e-21j)
F_swave: (-5.386437873362364e-21+1.1845293695317262e-20j), F_dwave: (-7.481579470625851e-21+1.8659677235778134e-20j)
F_px: (-4.575801511307246e-20-5.271555661874756e-20j), F_py: (-2.6957316067503323e-20+8.083512194512504e-20j)
Free_energy = -10244.4319611571
------------------------------------------
[{'stable': {'Fuu_px': np.complex128(0.03287422298485093-0.03619312442176267j), 'Fuu_py': np.complex128(0.03622007412911181+0.03289870141004737j), 'Fdd_px': np.complex128(0.021521051150765736-0.021520799546012395j), 'Fdd_py': np.complex128(0.021520799389420135+0.02152105064272721j)}, 'free': np.float64(-10244.4319611571)}]
------------------------------------------
  Seed: uu+dd:px+ipy
  Seed uu: [ 4.89125510e-02+2.04763809e-16j -4.89125510e-02-1.94912869e-16j
 -2.13520118e-16+4.89125510e-02j  2.03809997e-16-4.89125510e-02j], Seed dd: [ 3.04351872e-02+3.24004396e-17j -3.04351872e-02-3.07830037e-17j
 -3.83106385e-17+3.04351872e-02j  3.61229906e-17-3.04351872e-02j]
F_onsite: (-8.457583191555167e-20-3.659113616566581e-20j)
F_swave: (2.4805662928682243e-20+8.309161123582811e-21j), F_dwave: (1.0291442869797192e-20-2.283916455017831e-20j)
F_px: (-6.233008803654532e-20+2.983843029144347e-20j), F_py: (5.3489681141605595e-20-4.616212613583926e-20j)
Free_energy = -10244.431964414061
------------------------------------------
[{'stable': {'Fuu_px': np.complex128(0.03287422298485093-0.03619312442176267j), 'Fuu_py': np.complex128(0.03622007412911181+0.03289870141004737j), 'Fdd_px': np.complex128(0.021521051150765736-0.021520799546012395j), 'Fdd_py': np.complex128(0.021520799389420135+0.02152105064272721j)}, 'free': np.float64(-10244.4319611571)}, {'stable': {'Fuu_px': np.complex128(0.04891255100298954+1.9812690912363203e-16j), 'Fuu_py': np.complex128(-2.1150928853642113e-16+0.048912551002988955j), 'Fdd_px': np.complex128(0.030435186432020433+2.4830360567175988e-17j), 'Fdd_py': np.complex128(-3.899661603308974e-17+0.030435186432020492j)}, 'free': np.float64(-10244.431964414061)}]
------------------------------------------
