/home/emilssp/D1/venv/bin/python
Python 3.10.12
Running job 31 out of 45
====================================
mu=3.17, T=0.0010
====================================
  Seed: normal state
F_onsite: 0j
F_swave: 0j, F_dwave: 0j
F_px: 0j, F_py: 0j
Free_energy = -32274.791654966382
------------------------------------------
[{'stable': {}, 'free': np.float64(-32274.791654966382)}]
------------------------------------------
  Seed: px
F_onsite: -0.03066672568506917j
F_swave: 0.026786238419982122j, F_dwave: 7.112366251504909e-17j
F_px: (7.548334109456697e-18+0j), F_py: (6.53740028690869e-18+0j)
Free_energy = -32325.235968661193
------------------------------------------
[{'stable': {'F_onsite': np.complex128(-0.03066672568506917j), 'F_swave': np.complex128(0.026786238419982122j)}, 'free': np.float64(-32325.235968661193)}]
------------------------------------------
  Seed: py
F_onsite: -0.03066672103486929j
F_swave: 0.026786234150003762j, F_dwave: -2.0816681711721685e-17j
F_px: (5.424504873334946e-18+0j), F_py: (7.752469049744984e-18+0j)
Free_energy = -32325.235948033423
------------------------------------------
[{'stable': {'F_onsite': np.complex128(-0.03066672568506917j), 'F_swave': np.complex128(0.026786238419982122j)}, 'free': np.float64(-32325.235968661193)}]
------------------------------------------
  Seed: px+py
F_onsite: -0.030666723097391522j
F_swave: 0.026786236043884578j, F_dwave: -1.734723475976807e-17j
F_px: (6.616703746595374e-18+0j), F_py: (6.19562249269158e-18+0j)
Free_energy = -32325.235957182445
------------------------------------------
[{'stable': {'F_onsite': np.complex128(-0.03066672568506917j), 'F_swave': np.complex128(0.026786238419982122j)}, 'free': np.float64(-32325.235968661193)}]
------------------------------------------
  Seed: px+i*py
F_onsite: (0.004414838587752467-0.030347273123740148j)
F_swave: (-0.003856196429783672+0.0265072083491532j), F_dwave: (-1.6046192152785466e-17+5.377642775528102e-17j)
F_px: (3.447762908503904e-17-1.0408340855860843e-16j), F_py: (-1.6436504934880247e-16+1.1171619185290638e-15j)
Free_energy = -32325.235948522826
------------------------------------------
[{'stable': {'F_onsite': np.complex128(-0.03066672568506917j), 'F_swave': np.complex128(0.026786238419982122j)}, 'free': np.float64(-32325.235968661193)}, {'stable': {'F_onsite': np.complex128(0.004414838587752467-0.030347273123740148j), 'F_swave': np.complex128(-0.003856196429783672+0.0265072083491532j)}, 'free': np.float64(-32325.235948522826)}]
------------------------------------------
  Seed: d-wave
F_onsite: (-0.03066672549785769+0j)
F_swave: (0.026786238248078142+0j), F_dwave: (-6.938893903907228e-18+0j)
F_px: -3.960937819597922e-19j, F_py: -6.5954220437956096e-18j
Free_energy = -32325.235967830762
------------------------------------------
[{'stable': {'F_onsite': np.complex128(-0.03066672568506917j), 'F_swave': np.complex128(0.026786238419982122j)}, 'free': np.float64(-32325.235968661193)}, {'stable': {'F_onsite': np.complex128(0.004414838587752467-0.030347273123740148j), 'F_swave': np.complex128(-0.003856196429783672+0.0265072083491532j)}, 'free': np.float64(-32325.235948522826)}, {'stable': {'F_onsite': np.complex128(-0.03066672549785769+0j), 'F_swave': np.complex128(0.026786238248078142+0j)}, 'free': np.float64(-32325.235967830762)}]
------------------------------------------
  Seed: d-wave+px
F_onsite: (-0.030666721827374992-3.910194789449494e-17j)
F_swave: (0.02678623487771047+3.4420004374846147e-17j), F_dwave: (6.678685382510707e-17-1.4349267522079882e-19j)
F_px: (4.2108677655861015e-14-1.1257438445924075e-17j), F_py: (-5.204170427930421e-18-6.6752548990743274e-18j)
Free_energy = -32325.235951548868
------------------------------------------
[{'stable': {'F_onsite': np.complex128(-0.03066672568506917j), 'F_swave': np.complex128(0.026786238419982122j)}, 'free': np.float64(-32325.235968661193)}, {'stable': {'F_onsite': np.complex128(0.004414838587752467-0.030347273123740148j), 'F_swave': np.complex128(-0.003856196429783672+0.0265072083491532j)}, 'free': np.float64(-32325.235948522826)}, {'stable': {'F_onsite': np.complex128(-0.03066672549785769+0j), 'F_swave': np.complex128(0.026786238248078142+0j)}, 'free': np.float64(-32325.235967830762)}]
------------------------------------------
  Seed: d-wave+py
F_onsite: (0.030666721827375013-9.974296878874055e-17j)
F_swave: (-0.026786234877710435+9.029220339987112e-17j), F_dwave: (9.974659986866641e-17+1.2880459451981721e-18j)
F_px: (-1.9081958235744878e-17+9.964601470617996e-18j), F_py: (4.2131229061048714e-14+6.229027354548921e-18j)
Free_energy = -32325.235951548868
------------------------------------------
[{'stable': {'F_onsite': np.complex128(-0.03066672568506917j), 'F_swave': np.complex128(0.026786238419982122j)}, 'free': np.float64(-32325.235968661193)}, {'stable': {'F_onsite': np.complex128(0.004414838587752467-0.030347273123740148j), 'F_swave': np.complex128(-0.003856196429783672+0.0265072083491532j)}, 'free': np.float64(-32325.235948522826)}, {'stable': {'F_onsite': np.complex128(-0.03066672549785769+0j), 'F_swave': np.complex128(0.026786238248078142+0j)}, 'free': np.float64(-32325.235967830762)}, {'stable': {'F_onsite': np.complex128(0.030666721827375013-9.974296878874055e-17j), 'F_swave': np.complex128(-0.026786234877710435+9.029220339987112e-17j)}, 'free': np.float64(-32325.235951548868)}]
------------------------------------------
  Seed: s-wave
F_onsite: (-0.030666757190519166+0j)
F_swave: (0.026786267349406732+0j), F_dwave: (3.469446951953614e-18+0j)
F_px: -1.0701308376492424e-17j, F_py: -6.6388324823423925e-18j
Free_energy = -32325.236108418067
------------------------------------------
[{'stable': {'F_onsite': np.complex128(-0.03066672568506917j), 'F_swave': np.complex128(0.026786238419982122j)}, 'free': np.float64(-32325.235968661193)}, {'stable': {'F_onsite': np.complex128(0.004414838587752467-0.030347273123740148j), 'F_swave': np.complex128(-0.003856196429783672+0.0265072083491532j)}, 'free': np.float64(-32325.235948522826)}, {'stable': {'F_onsite': np.complex128(-0.03066672549785769+0j), 'F_swave': np.complex128(0.026786238248078142+0j)}, 'free': np.float64(-32325.235967830762)}, {'stable': {'F_onsite': np.complex128(0.030666721827375013-9.974296878874055e-17j), 'F_swave': np.complex128(-0.026786234877710435+9.029220339987112e-17j)}, 'free': np.float64(-32325.235951548868)}]
------------------------------------------
  Seed: s-wave+px
F_onsite: (-0.03066675587796862-9.634605700106881e-18j)
F_swave: (0.026786266144176136+7.90792606534575e-18j), F_dwave: (2.5153490401663703e-17-8.742968202440481e-20j)
F_px: (4.702158801217493e-13-1.0854250763031028e-17j), F_py: (1.734723475976807e-18-6.7828280833756235e-18j)
Free_energy = -32325.236102595733
------------------------------------------
[{'stable': {'F_onsite': np.complex128(-0.03066672568506917j), 'F_swave': np.complex128(0.026786238419982122j)}, 'free': np.float64(-32325.235968661193)}, {'stable': {'F_onsite': np.complex128(0.004414838587752467-0.030347273123740148j), 'F_swave': np.complex128(-0.003856196429783672+0.0265072083491532j)}, 'free': np.float64(-32325.235948522826)}, {'stable': {'F_onsite': np.complex128(-0.03066672549785769+0j), 'F_swave': np.complex128(0.026786238248078142+0j)}, 'free': np.float64(-32325.235967830762)}, {'stable': {'F_onsite': np.complex128(0.030666721827375013-9.974296878874055e-17j), 'F_swave': np.complex128(-0.026786234877710435+9.029220339987112e-17j)}, 'free': np.float64(-32325.235951548868)}]
------------------------------------------
  Seed: s-wave+py
F_onsite: (-0.030666755877968677-2.0239559176365128e-19j)
F_swave: (0.026786266144176195+7.860465750519907e-19j), F_dwave: (9.540979117872439e-18+5.613181462335842e-19j)
F_px: (5.204170427930421e-18-5.985611261331717e-18j), F_py: (4.702471051443169e-13-6.2458621343756005e-18j)
Free_energy = -32325.236102595725
------------------------------------------
[{'stable': {'F_onsite': np.complex128(-0.03066672568506917j), 'F_swave': np.complex128(0.026786238419982122j)}, 'free': np.float64(-32325.235968661193)}, {'stable': {'F_onsite': np.complex128(0.004414838587752467-0.030347273123740148j), 'F_swave': np.complex128(-0.003856196429783672+0.0265072083491532j)}, 'free': np.float64(-32325.235948522826)}, {'stable': {'F_onsite': np.complex128(-0.03066672549785769+0j), 'F_swave': np.complex128(0.026786238248078142+0j)}, 'free': np.float64(-32325.235967830762)}, {'stable': {'F_onsite': np.complex128(0.030666721827375013-9.974296878874055e-17j), 'F_swave': np.complex128(-0.026786234877710435+9.029220339987112e-17j)}, 'free': np.float64(-32325.235951548868)}]
------------------------------------------
====================================
mu=3.17, T=0.0113
====================================
  Seed: normal state
F_onsite: 0j
F_swave: 0j, F_dwave: 0j
F_px: 0j, F_py: 0j
Free_energy = -32275.27398561483
------------------------------------------
[{'stable': {}, 'free': np.float64(-32275.27398561483)}]
------------------------------------------
  Seed: px
F_onsite: -0.030666453218796928j
F_swave: 0.026786002358305604j, F_dwave: 2.6020852139652106e-17j
F_px: (-3.917421501932732e-18+0j), F_py: (6.201339965085546e-18+0j)
Free_energy = -32325.235279944936
------------------------------------------
[{'stable': {'F_onsite': np.complex128(-0.030666453218796928j), 'F_swave': np.complex128(0.026786002358305604j)}, 'free': np.float64(-32325.235279944936)}]
------------------------------------------
  Seed: py
F_onsite: -0.03066645295034649j
F_swave: 0.026786002111807126j, F_dwave: 7.632783294297951e-17j
F_px: (-1.4792371632612288e-18+0j), F_py: (5.589041023339094e-18+0j)
Free_energy = -32325.235278754546
------------------------------------------
[{'stable': {'F_onsite': np.complex128(-0.030666453218796928j), 'F_swave': np.complex128(0.026786002358305604j)}, 'free': np.float64(-32325.235279944936)}]
------------------------------------------
  Seed: px+py
F_onsite: -0.03066645306941331j
F_swave: 0.026786002221137403j, F_dwave: -5.0306980803327406e-17j
F_px: (1.040876437233447e-17+0j), F_py: (5.58819399039184e-18+0j)
Free_energy = -32325.235279282522
------------------------------------------
[{'stable': {'F_onsite': np.complex128(-0.030666453218796928j), 'F_swave': np.complex128(0.026786002358305604j)}, 'free': np.float64(-32325.235279944936)}]
------------------------------------------
  Seed: px+i*py
F_onsite: (0.004414799978824475-0.030347007728830942j)
F_swave: (-0.003856163011376993+0.026506978633503108j), F_dwave: (-2.233456475320139e-17-4.5102810375396984e-17j)
F_px: (-1.6046192152785466e-17-6.938893903907228e-17j), F_py: (6.071532165918825e-18+3.469446951953614e-18j)
Free_energy = -32325.23527878259
------------------------------------------
[{'stable': {'F_onsite': np.complex128(-0.030666453218796928j), 'F_swave': np.complex128(0.026786002358305604j)}, 'free': np.float64(-32325.235279944936)}, {'stable': {'F_onsite': np.complex128(0.004414799978824475-0.030347007728830942j), 'F_swave': np.complex128(-0.003856163011376993+0.026506978633503108j)}, 'free': np.float64(-32325.23527878259)}]
------------------------------------------
  Seed: d-wave
F_onsite: (-0.030666453207989497+0j)
F_swave: (0.026786002348381993+0j), F_dwave: (2.6020852139652106e-17+0j)
F_px: -1.0013941139795559e-17j, F_py: -5.395176357536266e-18j
Free_energy = -32325.235279897268
------------------------------------------
[{'stable': {'F_onsite': np.complex128(-0.030666453218796928j), 'F_swave': np.complex128(0.026786002358305604j)}, 'free': np.float64(-32325.235279944936)}, {'stable': {'F_onsite': np.complex128(0.004414799978824475-0.030347007728830942j), 'F_swave': np.complex128(-0.003856163011376993+0.026506978633503108j)}, 'free': np.float64(-32325.23527878259)}, {'stable': {'F_onsite': np.complex128(-0.030666453207989497+0j), 'F_swave': np.complex128(0.026786002348381993+0j)}, 'free': np.float64(-32325.235279897268)}]
------------------------------------------
  Seed: d-wave+px
F_onsite: (-0.030666452996096938-3.7619179063629194e-17j)
F_swave: (0.02678600215381647+3.2623579842617784e-17j), F_dwave: (2.688821387764051e-17-1.7242943828137385e-18j)
F_px: (2.203098814490545e-16-3.717892303295141e-18j), F_py: (-8.673617379884035e-18-6.139135983021559e-18j)
Free_energy = -32325.23527895738
------------------------------------------
[{'stable': {'F_onsite': np.complex128(-0.030666453218796928j), 'F_swave': np.complex128(0.026786002358305604j)}, 'free': np.float64(-32325.235279944936)}, {'stable': {'F_onsite': np.complex128(0.004414799978824475-0.030347007728830942j), 'F_swave': np.complex128(-0.003856163011376993+0.026506978633503108j)}, 'free': np.float64(-32325.23527878259)}, {'stable': {'F_onsite': np.complex128(-0.030666453207989497+0j), 'F_swave': np.complex128(0.026786002348381993+0j)}, 'free': np.float64(-32325.235279897268)}]
------------------------------------------
  Seed: d-wave+py
F_onsite: (0.03066645299609692-1.0160104589977096e-16j)
F_swave: (-0.026786002153816442+9.120681369444855e-17j), F_dwave: (-1.5612511283791264e-17+1.0098220918047362e-18j)
F_px: (1.0408340855860843e-17+3.621436426426558e-18j), F_py: (2.3245294578089215e-16+6.168993894412273e-18j)
Free_energy = -32325.235278957385
------------------------------------------
[{'stable': {'F_onsite': np.complex128(-0.030666453218796928j), 'F_swave': np.complex128(0.026786002358305604j)}, 'free': np.float64(-32325.235279944936)}, {'stable': {'F_onsite': np.complex128(0.004414799978824475-0.030347007728830942j), 'F_swave': np.complex128(-0.003856163011376993+0.026506978633503108j)}, 'free': np.float64(-32325.23527878259)}, {'stable': {'F_onsite': np.complex128(-0.030666453207989497+0j), 'F_swave': np.complex128(0.026786002348381993+0j)}, 'free': np.float64(-32325.235279897268)}, {'stable': {'F_onsite': np.complex128(0.03066645299609692-1.0160104589977096e-16j), 'F_swave': np.complex128(-0.026786002153816442+9.120681369444855e-17j)}, 'free': np.float64(-32325.235278957385)}]
------------------------------------------
  Seed: s-wave
F_onsite: (-0.03066645503756557+0j)
F_swave: (0.02678600402834858+0j), F_dwave: (3.2959746043559335e-17+0j)
F_px: -3.8908458432126286e-18j, F_py: -6.531365177159503e-18j
Free_energy = -32325.235288012587
------------------------------------------
[{'stable': {'F_onsite': np.complex128(-0.030666453218796928j), 'F_swave': np.complex128(0.026786002358305604j)}, 'free': np.float64(-32325.235279944936)}, {'stable': {'F_onsite': np.complex128(0.004414799978824475-0.030347007728830942j), 'F_swave': np.complex128(-0.003856163011376993+0.026506978633503108j)}, 'free': np.float64(-32325.23527878259)}, {'stable': {'F_onsite': np.complex128(-0.030666453207989497+0j), 'F_swave': np.complex128(0.026786002348381993+0j)}, 'free': np.float64(-32325.235279897268)}, {'stable': {'F_onsite': np.complex128(0.03066645299609692-1.0160104589977096e-16j), 'F_swave': np.complex128(-0.026786002153816442+9.120681369444855e-17j)}, 'free': np.float64(-32325.235278957385)}]
------------------------------------------
  Seed: s-wave+px
F_onsite: (-0.03066645496179389-9.378646087708502e-18j)
F_swave: (0.026786003958772724+6.756146545537113e-18j), F_dwave: (1.1275702593849246e-17-1.4136450494082239e-18j)
F_px: (2.876171523169546e-15-5.2536689157855945e-18j), F_py: (8.673617379884035e-18-6.637191356007087e-18j)
Free_energy = -32325.2352876764
------------------------------------------
[{'stable': {'F_onsite': np.complex128(-0.030666453218796928j), 'F_swave': np.complex128(0.026786002358305604j)}, 'free': np.float64(-32325.235279944936)}, {'stable': {'F_onsite': np.complex128(0.004414799978824475-0.030347007728830942j), 'F_swave': np.complex128(-0.003856163011376993+0.026506978633503108j)}, 'free': np.float64(-32325.23527878259)}, {'stable': {'F_onsite': np.complex128(-0.030666453207989497+0j), 'F_swave': np.complex128(0.026786002348381993+0j)}, 'free': np.float64(-32325.235279897268)}, {'stable': {'F_onsite': np.complex128(0.03066645299609692-1.0160104589977096e-16j), 'F_swave': np.complex128(-0.026786002153816442+9.120681369444855e-17j)}, 'free': np.float64(-32325.235278957385)}]
------------------------------------------
  Seed: s-wave+py
F_onsite: (-0.03066645496179386-3.665711081401758e-19j)
F_swave: (0.026786003958772644+2.355280988958989e-19j), F_dwave: (9.540979117872439e-18-1.377487330472306e-19j)
F_px: (6.938893903907228e-18-5.214705400211897e-18j), F_py: (2.815456201510358e-15-6.3241068028782165e-18j)
Free_energy = -32325.235287676398
------------------------------------------
[{'stable': {'F_onsite': np.complex128(-0.030666453218796928j), 'F_swave': np.complex128(0.026786002358305604j)}, 'free': np.float64(-32325.235279944936)}, {'stable': {'F_onsite': np.complex128(0.004414799978824475-0.030347007728830942j), 'F_swave': np.complex128(-0.003856163011376993+0.026506978633503108j)}, 'free': np.float64(-32325.23527878259)}, {'stable': {'F_onsite': np.complex128(-0.030666453207989497+0j), 'F_swave': np.complex128(0.026786002348381993+0j)}, 'free': np.float64(-32325.235279897268)}, {'stable': {'F_onsite': np.complex128(0.03066645299609692-1.0160104589977096e-16j), 'F_swave': np.complex128(-0.026786002153816442+9.120681369444855e-17j)}, 'free': np.float64(-32325.235278957385)}]
------------------------------------------
====================================
mu=3.17, T=0.0216
====================================
  Seed: normal state
F_onsite: 0j
F_swave: 0j, F_dwave: 0j
F_px: 0j, F_py: 0j
Free_energy = -32276.32279785525
------------------------------------------
[{'stable': {}, 'free': np.float64(-32276.32279785525)}]
------------------------------------------
  Seed: px
F_onsite: -0.030578650068357718j
F_swave: 0.026709478312235895j, F_dwave: 1.0408340855860843e-17j
F_px: (1.0827198648278094e-18+0j), F_py: (5.572629759986042e-18+0j)
Free_energy = -32325.004711027006
------------------------------------------
[{'stable': {'F_onsite': np.complex128(-0.030578650068357718j), 'F_swave': np.complex128(0.026709478312235895j)}, 'free': np.float64(-32325.004711027006)}]
------------------------------------------
  Seed: py
F_onsite: -0.030578650068295538j
F_swave: 0.026709478312178847j, F_dwave: -4.683753385137379e-17j
F_px: (5.808740194033178e-18+0j), F_py: (6.626656383725612e-18+0j)
Free_energy = -32325.004711026704
------------------------------------------
[{'stable': {'F_onsite': np.complex128(-0.030578650068357718j), 'F_swave': np.complex128(0.026709478312235895j)}, 'free': np.float64(-32325.004711027006)}]
------------------------------------------
  Seed: px+py
F_onsite: -0.030578650068323j
F_swave: 0.026709478312204132j, F_dwave: -3.642919299551295e-17j
F_px: (2.531675600224697e-18+0j), F_py: (5.971264640787597e-18+0j)
Free_energy = -32325.00471102682
------------------------------------------
[{'stable': {'F_onsite': np.complex128(-0.030578650068357718j), 'F_swave': np.complex128(0.026709478312235895j)}, 'free': np.float64(-32325.004711027006)}]
------------------------------------------
  Seed: px+i*py
F_onsite: (0.004402159710629771-0.03026011946244545j)
F_swave: (-0.003845146501078659+0.026431251958506714j), F_dwave: (-3.9898639947466563e-17+3.382710778154774e-17j)
F_px: (-1.0364972768961422e-16-3.642919299551295e-17j), F_py: (6.938893903907228e-18+5.204170427930421e-18j)
Free_energy = -32325.004711026708
------------------------------------------
[{'stable': {'F_onsite': np.complex128(-0.030578650068357718j), 'F_swave': np.complex128(0.026709478312235895j)}, 'free': np.float64(-32325.004711027006)}, {'stable': {'F_onsite': np.complex128(0.004402159710629771-0.03026011946244545j), 'F_swave': np.complex128(-0.003845146501078659+0.026431251958506714j)}, 'free': np.float64(-32325.004711026708)}]
------------------------------------------
  Seed: d-wave
F_onsite: (-0.03057865006835528+0j)
F_swave: (0.026709478312233623+0j), F_dwave: (-1.734723475976807e-17+0j)
F_px: -8.000861461527307e-18j, F_py: -6.2964194134148416e-18j
Free_energy = -32325.004711026988
------------------------------------------
[{'stable': {'F_onsite': np.complex128(-0.030578650068357718j), 'F_swave': np.complex128(0.026709478312235895j)}, 'free': np.float64(-32325.004711027006)}, {'stable': {'F_onsite': np.complex128(0.004402159710629771-0.03026011946244545j), 'F_swave': np.complex128(-0.003845146501078659+0.026431251958506714j)}, 'free': np.float64(-32325.004711026708)}, {'stable': {'F_onsite': np.complex128(-0.03057865006835528+0j), 'F_swave': np.complex128(0.026709478312233623+0j)}, 'free': np.float64(-32325.004711026988)}]
------------------------------------------
  Seed: d-wave+px
F_onsite: (-0.030578650068306158-1.7560026692606648e-17j)
F_swave: (0.026709478312188586+1.715800230539554e-17j), F_dwave: (-6.765421556309548e-17+1.7923481861697012e-18j)
F_px: (-5.204170427930421e-18-6.892307091808242e-18j), F_py: (-3.469446951953614e-18-6.106948731025895e-18j)
Free_energy = -32325.004711026755
------------------------------------------
[{'stable': {'F_onsite': np.complex128(-0.030578650068357718j), 'F_swave': np.complex128(0.026709478312235895j)}, 'free': np.float64(-32325.004711027006)}, {'stable': {'F_onsite': np.complex128(0.004402159710629771-0.03026011946244545j), 'F_swave': np.complex128(-0.003845146501078659+0.026431251958506714j)}, 'free': np.float64(-32325.004711026708)}, {'stable': {'F_onsite': np.complex128(-0.03057865006835528+0j), 'F_swave': np.complex128(0.026709478312233623+0j)}, 'free': np.float64(-32325.004711026988)}]
------------------------------------------
  Seed: d-wave+py
F_onsite: (0.03057865006830616-8.946073737949831e-17j)
F_swave: (-0.026709478312188596+7.782157554546247e-17j), F_dwave: (7.112366251504909e-17-1.200986840088191e-18j)
F_px: (-1.9081958235744878e-17+8.346450904007062e-19j), F_py: (-3.469446951953614e-18+6.467096552286583e-18j)
Free_energy = -32325.004711026755
------------------------------------------
[{'stable': {'F_onsite': np.complex128(-0.030578650068357718j), 'F_swave': np.complex128(0.026709478312235895j)}, 'free': np.float64(-32325.004711027006)}, {'stable': {'F_onsite': np.complex128(0.004402159710629771-0.03026011946244545j), 'F_swave': np.complex128(-0.003845146501078659+0.026431251958506714j)}, 'free': np.float64(-32325.004711026708)}, {'stable': {'F_onsite': np.complex128(-0.03057865006835528+0j), 'F_swave': np.complex128(0.026709478312233623+0j)}, 'free': np.float64(-32325.004711026988)}, {'stable': {'F_onsite': np.complex128(0.03057865006830616-8.946073737949831e-17j), 'F_swave': np.complex128(-0.026709478312188596+7.782157554546247e-17j)}, 'free': np.float64(-32325.004711026755)}]
------------------------------------------
  Seed: s-wave
F_onsite: (-0.030578650068779828+0j)
F_swave: (0.026709478312622804+0j), F_dwave: (6.938893903907228e-17+0j)
F_px: -1.530345013716185e-17j, F_py: -6.274290677667823e-18j
Free_energy = -32325.00471102894
------------------------------------------
[{'stable': {'F_onsite': np.complex128(-0.030578650068357718j), 'F_swave': np.complex128(0.026709478312235895j)}, 'free': np.float64(-32325.004711027006)}, {'stable': {'F_onsite': np.complex128(0.004402159710629771-0.03026011946244545j), 'F_swave': np.complex128(-0.003845146501078659+0.026431251958506714j)}, 'free': np.float64(-32325.004711026708)}, {'stable': {'F_onsite': np.complex128(-0.03057865006835528+0j), 'F_swave': np.complex128(0.026709478312233623+0j)}, 'free': np.float64(-32325.004711026988)}, {'stable': {'F_onsite': np.complex128(0.03057865006830616-8.946073737949831e-17j), 'F_swave': np.complex128(-0.026709478312188596+7.782157554546247e-17j)}, 'free': np.float64(-32325.004711026755)}]
------------------------------------------
  Seed: s-wave+px
F_onsite: (-0.03057865006876224-5.887108115712742e-18j)
F_swave: (0.026709478312606658+6.4643436952080066e-18j), F_dwave: (2.168404344971009e-17+1.1245950561576939e-18j)
F_px: (-1.734723475976807e-18+5.256368833304968e-19j), F_py: (-1.734723475976807e-18-5.9952462611067344e-18j)
Free_energy = -32325.004711028843
------------------------------------------
[{'stable': {'F_onsite': np.complex128(-0.030578650068357718j), 'F_swave': np.complex128(0.026709478312235895j)}, 'free': np.float64(-32325.004711027006)}, {'stable': {'F_onsite': np.complex128(0.004402159710629771-0.03026011946244545j), 'F_swave': np.complex128(-0.003845146501078659+0.026431251958506714j)}, 'free': np.float64(-32325.004711026708)}, {'stable': {'F_onsite': np.complex128(-0.03057865006835528+0j), 'F_swave': np.complex128(0.026709478312233623+0j)}, 'free': np.float64(-32325.004711026988)}, {'stable': {'F_onsite': np.complex128(0.03057865006830616-8.946073737949831e-17j), 'F_swave': np.complex128(-0.026709478312188596+7.782157554546247e-17j)}, 'free': np.float64(-32325.004711026755)}]
------------------------------------------
  Seed: s-wave+py
F_onsite: (-0.030578650068762238-3.557518776887371e-19j)
F_swave: (0.026709478312606654+1.198022224772801e-19j), F_dwave: (2.2551405187698492e-17-9.714409113822757e-20j)
F_px: -6.850378960919154e-20j, F_py: -6.115789637412862e-18j
Free_energy = -32325.004711028843
------------------------------------------
[{'stable': {'F_onsite': np.complex128(-0.030578650068357718j), 'F_swave': np.complex128(0.026709478312235895j)}, 'free': np.float64(-32325.004711027006)}, {'stable': {'F_onsite': np.complex128(0.004402159710629771-0.03026011946244545j), 'F_swave': np.complex128(-0.003845146501078659+0.026431251958506714j)}, 'free': np.float64(-32325.004711026708)}, {'stable': {'F_onsite': np.complex128(-0.03057865006835528+0j), 'F_swave': np.complex128(0.026709478312233623+0j)}, 'free': np.float64(-32325.004711026988)}, {'stable': {'F_onsite': np.complex128(0.03057865006830616-8.946073737949831e-17j), 'F_swave': np.complex128(-0.026709478312188596+7.782157554546247e-17j)}, 'free': np.float64(-32325.004711026755)}]
------------------------------------------
====================================
mu=3.17, T=0.0319
====================================
  Seed: normal state
F_onsite: 0j
F_swave: 0j, F_dwave: 0j
F_px: 0j, F_py: 0j
Free_energy = -32277.95517392541
------------------------------------------
[{'stable': {}, 'free': np.float64(-32277.95517392541)}]
------------------------------------------
  Seed: px
F_onsite: -0.029908516559907613j
F_swave: 0.026125357677561828j, F_dwave: -1.3877787807814457e-17j
F_px: (3.316028109382179e-18+0j), F_py: (6.291654853086536e-18+0j)
Free_energy = -32323.32866000137
------------------------------------------
[{'stable': {'F_onsite': np.complex128(-0.029908516559907613j), 'F_swave': np.complex128(0.026125357677561828j)}, 'free': np.float64(-32323.32866000137)}]
------------------------------------------
  Seed: py
F_onsite: -0.029908516559907613j
F_swave: 0.026125357677561828j, F_dwave: -1.3877787807814457e-17j
F_px: (3.964855346978973e-18+0j), F_py: (5.586923440970958e-18+0j)
Free_energy = -32323.32866000137
------------------------------------------
[{'stable': {'F_onsite': np.complex128(-0.029908516559907613j), 'F_swave': np.complex128(0.026125357677561828j)}, 'free': np.float64(-32323.32866000137)}]
------------------------------------------
  Seed: px+py
F_onsite: -0.029908516559907613j
F_swave: 0.026125357677561828j, F_dwave: -1.3877787807814457e-17j
F_px: (3.964855346978973e-18+0j), F_py: (5.586923440970958e-18+0j)
Free_energy = -32323.32866000137
------------------------------------------
[{'stable': {'F_onsite': np.complex128(-0.029908516559907613j), 'F_swave': np.complex128(0.026125357677561828j)}, 'free': np.float64(-32323.32866000137)}]
------------------------------------------
  Seed: px+i*py
F_onsite: (0.004305686036193923-0.029596966577201442j)
F_swave: (-0.0037610554009770273+0.025853215971157556j), F_dwave: (-2.5478751053409354e-17+4.423544863740858e-17j)
F_px: (-1.431146867680866e-17+2.7755575615628914e-17j), F_py: (7.589415207398531e-18-5.204170427930421e-18j)
Free_energy = -32323.328660001367
------------------------------------------
[{'stable': {'F_onsite': np.complex128(-0.029908516559907613j), 'F_swave': np.complex128(0.026125357677561828j)}, 'free': np.float64(-32323.32866000137)}, {'stable': {'F_onsite': np.complex128(0.004305686036193923-0.029596966577201442j), 'F_swave': np.complex128(-0.0037610554009770273+0.025853215971157556j)}, 'free': np.float64(-32323.328660001367)}]
------------------------------------------
  Seed: d-wave
F_onsite: (-0.029908516559907616+0j)
F_swave: (0.02612535767756183+0j), F_dwave: (-1.3877787807814457e-17+0j)
F_px: -3.431224590208764e-18j, F_py: -5.992652222705768e-18j
Free_energy = -32323.32866000137
------------------------------------------
[{'stable': {'F_onsite': np.complex128(-0.029908516559907613j), 'F_swave': np.complex128(0.026125357677561828j)}, 'free': np.float64(-32323.32866000137)}, {'stable': {'F_onsite': np.complex128(0.004305686036193923-0.029596966577201442j), 'F_swave': np.complex128(-0.0037610554009770273+0.025853215971157556j)}, 'free': np.float64(-32323.328660001367)}, {'stable': {'F_onsite': np.complex128(-0.029908516559907616+0j), 'F_swave': np.complex128(0.02612535767756183+0j)}, 'free': np.float64(-32323.32866000137)}]
------------------------------------------
  Seed: d-wave+px
F_onsite: (-0.029908516559907613-2.4774292654432903e-17j)
F_swave: (0.02612535767756183+1.978488970284754e-17j), F_dwave: (-1.5612511283791264e-17-2.2210262668191823e-18j)
F_px: (-6.938893903907228e-18-5.805987336954602e-18j), F_py: (3.469446951953614e-18-6.419980344595563e-18j)
Free_energy = -32323.32866000137
------------------------------------------
[{'stable': {'F_onsite': np.complex128(-0.029908516559907613j), 'F_swave': np.complex128(0.026125357677561828j)}, 'free': np.float64(-32323.32866000137)}, {'stable': {'F_onsite': np.complex128(0.004305686036193923-0.029596966577201442j), 'F_swave': np.complex128(-0.0037610554009770273+0.025853215971157556j)}, 'free': np.float64(-32323.328660001367)}, {'stable': {'F_onsite': np.complex128(-0.029908516559907616+0j), 'F_swave': np.complex128(0.02612535767756183+0j)}, 'free': np.float64(-32323.32866000137)}]
------------------------------------------
  Seed: d-wave+py
F_onsite: (0.029908516559907613-8.395148477053913e-17j)
F_swave: (-0.02612535767756184+7.204226974634638e-17j), F_dwave: (1.734723475976807e-17-1.764581387367521e-18j)
F_px: 4.48736879631647e-18j, F_py: 6.018592606715431e-18j
Free_energy = -32323.32866000136
------------------------------------------
[{'stable': {'F_onsite': np.complex128(-0.029908516559907613j), 'F_swave': np.complex128(0.026125357677561828j)}, 'free': np.float64(-32323.32866000137)}, {'stable': {'F_onsite': np.complex128(0.004305686036193923-0.029596966577201442j), 'F_swave': np.complex128(-0.0037610554009770273+0.025853215971157556j)}, 'free': np.float64(-32323.328660001367)}, {'stable': {'F_onsite': np.complex128(-0.029908516559907616+0j), 'F_swave': np.complex128(0.02612535767756183+0j)}, 'free': np.float64(-32323.32866000137)}, {'stable': {'F_onsite': np.complex128(0.029908516559907613-8.395148477053913e-17j), 'F_swave': np.complex128(-0.02612535767756184+7.204226974634638e-17j)}, 'free': np.float64(-32323.32866000136)}]
------------------------------------------
  Seed: s-wave
F_onsite: (-0.02990851655990764+0j)
F_swave: (0.026125357677561845+0j), F_dwave: (-1.3877787807814457e-17+0j)
F_px: -6.0263217823591265e-18j, F_py: -6.6791724264553785e-18j
Free_energy = -32323.328660001363
------------------------------------------
[{'stable': {'F_onsite': np.complex128(-0.029908516559907613j), 'F_swave': np.complex128(0.026125357677561828j)}, 'free': np.float64(-32323.32866000137)}, {'stable': {'F_onsite': np.complex128(0.004305686036193923-0.029596966577201442j), 'F_swave': np.complex128(-0.0037610554009770273+0.025853215971157556j)}, 'free': np.float64(-32323.328660001367)}, {'stable': {'F_onsite': np.complex128(-0.029908516559907616+0j), 'F_swave': np.complex128(0.02612535767756183+0j)}, 'free': np.float64(-32323.32866000137)}, {'stable': {'F_onsite': np.complex128(0.029908516559907613-8.395148477053913e-17j), 'F_swave': np.complex128(-0.02612535767756184+7.204226974634638e-17j)}, 'free': np.float64(-32323.32866000136)}]
------------------------------------------
  Seed: s-wave+px
F_onsite: (-0.029908516559907637-6.012736763008535e-18j)
F_swave: (0.026125357677561842+4.907020682121772e-18j), F_dwave: (-1.5612511283791264e-17-2.55168675360358e-19j)
F_px: -6.851067175188798e-18j, F_py: (-3.469446951953614e-18-6.606804049024339e-18j)
Free_energy = -32323.32866000137
------------------------------------------
[{'stable': {'F_onsite': np.complex128(-0.029908516559907613j), 'F_swave': np.complex128(0.026125357677561828j)}, 'free': np.float64(-32323.32866000137)}, {'stable': {'F_onsite': np.complex128(0.004305686036193923-0.029596966577201442j), 'F_swave': np.complex128(-0.0037610554009770273+0.025853215971157556j)}, 'free': np.float64(-32323.328660001367)}, {'stable': {'F_onsite': np.complex128(-0.029908516559907616+0j), 'F_swave': np.complex128(0.02612535767756183+0j)}, 'free': np.float64(-32323.32866000137)}, {'stable': {'F_onsite': np.complex128(0.029908516559907613-8.395148477053913e-17j), 'F_swave': np.complex128(-0.02612535767756184+7.204226974634638e-17j)}, 'free': np.float64(-32323.32866000136)}]
------------------------------------------
  Seed: s-wave+py
F_onsite: (-0.02990851655990764+0j)
F_swave: (0.026125357677561845+0j), F_dwave: (-1.3877787807814457e-17+0j)
F_px: -6.0263217823591265e-18j, F_py: -6.6791724264553785e-18j
Free_energy = -32323.328660001363
------------------------------------------
[{'stable': {'F_onsite': np.complex128(-0.029908516559907613j), 'F_swave': np.complex128(0.026125357677561828j)}, 'free': np.float64(-32323.32866000137)}, {'stable': {'F_onsite': np.complex128(0.004305686036193923-0.029596966577201442j), 'F_swave': np.complex128(-0.0037610554009770273+0.025853215971157556j)}, 'free': np.float64(-32323.328660001367)}, {'stable': {'F_onsite': np.complex128(-0.029908516559907616+0j), 'F_swave': np.complex128(0.02612535767756183+0j)}, 'free': np.float64(-32323.32866000137)}, {'stable': {'F_onsite': np.complex128(0.029908516559907613-8.395148477053913e-17j), 'F_swave': np.complex128(-0.02612535767756184+7.204226974634638e-17j)}, 'free': np.float64(-32323.32866000136)}]
------------------------------------------
====================================
mu=3.17, T=0.0422
====================================
  Seed: normal state
F_onsite: 0j
F_swave: 0j, F_dwave: 0j
F_px: 0j, F_py: 0j
Free_energy = -32280.199737952466
------------------------------------------
[{'stable': {}, 'free': np.float64(-32280.199737952466)}]
------------------------------------------
  Seed: px
F_onsite: -0.028079759433650486j
F_swave: 0.024530867270127474j, F_dwave: 3.469446951953614e-18j
F_px: (1.2206591802881722e-17+0j), F_py: (5.968617662827427e-18+0j)
Free_energy = -32319.115834150824
------------------------------------------
[{'stable': {'F_onsite': np.complex128(-0.028079759433650486j), 'F_swave': np.complex128(0.024530867270127474j)}, 'free': np.float64(-32319.115834150824)}]
------------------------------------------
  Seed: py
F_onsite: -0.028079759433650486j
F_swave: 0.024530867270127474j, F_dwave: 3.469446951953614e-18j
F_px: (1.2206591802881722e-17+0j), F_py: (5.968617662827427e-18+0j)
Free_energy = -32319.115834150824
------------------------------------------
[{'stable': {'F_onsite': np.complex128(-0.028079759433650486j), 'F_swave': np.complex128(0.024530867270127474j)}, 'free': np.float64(-32319.115834150824)}]
------------------------------------------
  Seed: px+py
F_onsite: -0.028079759433650486j
F_swave: 0.024530867270127474j, F_dwave: 3.469446951953614e-18j
F_px: (1.2206591802881722e-17+0j), F_py: (5.968617662827427e-18+0j)
Free_energy = -32319.115834150824
------------------------------------------
[{'stable': {'F_onsite': np.complex128(-0.028079759433650486j), 'F_swave': np.complex128(0.024530867270127474j)}, 'free': np.float64(-32319.115834150824)}]
------------------------------------------
  Seed: px+i*py
F_onsite: (0.004042414736651723-0.027787259183816408j)
F_swave: (-0.003531509576851014+0.024275334995283077j), F_dwave: (-2.981555974335137e-17+7.19910242530375e-17j)
F_px: (-6.288372600415926e-17+6.765421556309548e-17j), F_py: (5.421010862427522e-18+1.734723475976807e-18j)
Free_energy = -32319.115834150827
------------------------------------------
[{'stable': {'F_onsite': np.complex128(-0.028079759433650486j), 'F_swave': np.complex128(0.024530867270127474j)}, 'free': np.float64(-32319.115834150824)}, {'stable': {'F_onsite': np.complex128(0.004042414736651723-0.027787259183816408j), 'F_swave': np.complex128(-0.003531509576851014+0.024275334995283077j)}, 'free': np.float64(-32319.115834150827)}]
------------------------------------------
  Seed: d-wave
F_onsite: (-0.028079759433650486+0j)
F_swave: (0.024530867270127474+0j), F_dwave: (1.734723475976807e-18+0j)
F_px: -1.122911578175026e-17j, F_py: -5.724672174018189e-18j
Free_energy = -32319.115834150824
------------------------------------------
[{'stable': {'F_onsite': np.complex128(-0.028079759433650486j), 'F_swave': np.complex128(0.024530867270127474j)}, 'free': np.float64(-32319.115834150824)}, {'stable': {'F_onsite': np.complex128(0.004042414736651723-0.027787259183816408j), 'F_swave': np.complex128(-0.003531509576851014+0.024275334995283077j)}, 'free': np.float64(-32319.115834150827)}, {'stable': {'F_onsite': np.complex128(-0.028079759433650486+0j), 'F_swave': np.complex128(0.024530867270127474+0j)}, 'free': np.float64(-32319.115834150824)}]
------------------------------------------
  Seed: d-wave+px
F_onsite: (-0.028079759433650486-1.7157476734596237e-17j)
F_swave: (0.024530867270127474+1.498070411447836e-17j), F_dwave: (7.806255641895632e-18+2.0601429464000686e-19j)
F_px: (-1.734723475976807e-18-9.63208809926148e-18j), F_py: (-1.734723475976807e-18-5.87756162099759e-18j)
Free_energy = -32319.115834150824
------------------------------------------
[{'stable': {'F_onsite': np.complex128(-0.028079759433650486j), 'F_swave': np.complex128(0.024530867270127474j)}, 'free': np.float64(-32319.115834150824)}, {'stable': {'F_onsite': np.complex128(0.004042414736651723-0.027787259183816408j), 'F_swave': np.complex128(-0.003531509576851014+0.024275334995283077j)}, 'free': np.float64(-32319.115834150827)}, {'stable': {'F_onsite': np.complex128(-0.028079759433650486+0j), 'F_swave': np.complex128(0.024530867270127474+0j)}, 'free': np.float64(-32319.115834150824)}]
------------------------------------------
  Seed: d-wave+py
F_onsite: (0.028079759433650507-1.0226695202524576e-16j)
F_swave: (-0.024530867270127477+8.891942769016792e-17j), F_dwave: (-8.673617379884035e-18-3.196755282496933e-19j)
F_px: (-1.5612511283791264e-17+1.263148470504816e-17j), F_py: (3.469446951953614e-18+6.577687291462473e-18j)
Free_energy = -32319.115834150824
------------------------------------------
[{'stable': {'F_onsite': np.complex128(-0.028079759433650486j), 'F_swave': np.complex128(0.024530867270127474j)}, 'free': np.float64(-32319.115834150824)}, {'stable': {'F_onsite': np.complex128(0.004042414736651723-0.027787259183816408j), 'F_swave': np.complex128(-0.003531509576851014+0.024275334995283077j)}, 'free': np.float64(-32319.115834150827)}, {'stable': {'F_onsite': np.complex128(-0.028079759433650486+0j), 'F_swave': np.complex128(0.024530867270127474+0j)}, 'free': np.float64(-32319.115834150824)}, {'stable': {'F_onsite': np.complex128(0.028079759433650507-1.0226695202524576e-16j), 'F_swave': np.complex128(-0.024530867270127477+8.891942769016792e-17j)}, 'free': np.float64(-32319.115834150824)}]
------------------------------------------
  Seed: s-wave
F_onsite: (-0.028079759433650486+0j)
F_swave: (0.024530867270127474+0j), F_dwave: (1.734723475976807e-18+0j)
F_px: -1.122911578175026e-17j, F_py: -5.724672174018189e-18j
Free_energy = -32319.115834150824
------------------------------------------
[{'stable': {'F_onsite': np.complex128(-0.028079759433650486j), 'F_swave': np.complex128(0.024530867270127474j)}, 'free': np.float64(-32319.115834150824)}, {'stable': {'F_onsite': np.complex128(0.004042414736651723-0.027787259183816408j), 'F_swave': np.complex128(-0.003531509576851014+0.024275334995283077j)}, 'free': np.float64(-32319.115834150827)}, {'stable': {'F_onsite': np.complex128(-0.028079759433650486+0j), 'F_swave': np.complex128(0.024530867270127474+0j)}, 'free': np.float64(-32319.115834150824)}, {'stable': {'F_onsite': np.complex128(0.028079759433650507-1.0226695202524576e-16j), 'F_swave': np.complex128(-0.024530867270127477+8.891942769016792e-17j)}, 'free': np.float64(-32319.115834150824)}]
------------------------------------------
  Seed: s-wave+px
F_onsite: (-0.02807975943365049-5.868840170017647e-18j)
F_swave: (0.024530867270127474+5.382073816633426e-18j), F_dwave: (6.071532165918825e-18+3.3696029432960135e-20j)
F_px: (-1.734723475976807e-18-1.0248198689270576e-17j), F_py: (-5.204170427930421e-18-5.862209148828606e-18j)
Free_energy = -32319.115834150824
------------------------------------------
[{'stable': {'F_onsite': np.complex128(-0.028079759433650486j), 'F_swave': np.complex128(0.024530867270127474j)}, 'free': np.float64(-32319.115834150824)}, {'stable': {'F_onsite': np.complex128(0.004042414736651723-0.027787259183816408j), 'F_swave': np.complex128(-0.003531509576851014+0.024275334995283077j)}, 'free': np.float64(-32319.115834150827)}, {'stable': {'F_onsite': np.complex128(-0.028079759433650486+0j), 'F_swave': np.complex128(0.024530867270127474+0j)}, 'free': np.float64(-32319.115834150824)}, {'stable': {'F_onsite': np.complex128(0.028079759433650507-1.0226695202524576e-16j), 'F_swave': np.complex128(-0.024530867270127477+8.891942769016792e-17j)}, 'free': np.float64(-32319.115834150824)}]
------------------------------------------
  Seed: s-wave+py
F_onsite: (-0.028079759433650486+0j)
F_swave: (0.024530867270127474+0j), F_dwave: (1.734723475976807e-18+0j)
F_px: -1.122911578175026e-17j, F_py: -5.724672174018189e-18j
Free_energy = -32319.115834150824
------------------------------------------
[{'stable': {'F_onsite': np.complex128(-0.028079759433650486j), 'F_swave': np.complex128(0.024530867270127474j)}, 'free': np.float64(-32319.115834150824)}, {'stable': {'F_onsite': np.complex128(0.004042414736651723-0.027787259183816408j), 'F_swave': np.complex128(-0.003531509576851014+0.024275334995283077j)}, 'free': np.float64(-32319.115834150827)}, {'stable': {'F_onsite': np.complex128(-0.028079759433650486+0j), 'F_swave': np.complex128(0.024530867270127474+0j)}, 'free': np.float64(-32319.115834150824)}, {'stable': {'F_onsite': np.complex128(0.028079759433650507-1.0226695202524576e-16j), 'F_swave': np.complex128(-0.024530867270127477+8.891942769016792e-17j)}, 'free': np.float64(-32319.115834150824)}]
------------------------------------------
====================================
mu=3.17, T=0.0526
====================================
  Seed: normal state
F_onsite: 0j
F_swave: 0j, F_dwave: 0j
F_px: 0j, F_py: 0j
Free_energy = -32283.065366530383
------------------------------------------
[{'stable': {}, 'free': np.float64(-32283.065366530383)}]
------------------------------------------
  Seed: px
F_onsite: -0.024528612032982167j
F_swave: 0.02143299171147529j, F_dwave: 3.642919299551295e-17j
F_px: (1.0316543660202158e-17+0j), F_py: (6.5147421555696375e-18+0j)
Free_energy = -32311.981326412955
------------------------------------------
[{'stable': {'F_onsite': np.complex128(-0.024528612032982167j), 'F_swave': np.complex128(0.02143299171147529j)}, 'free': np.float64(-32311.981326412955)}]
------------------------------------------
  Seed: py
F_onsite: -0.024528612032982167j
F_swave: 0.02143299171147529j, F_dwave: 3.642919299551295e-17j
F_px: (1.0316543660202158e-17+0j), F_py: (6.5147421555696375e-18+0j)
Free_energy = -32311.981326412955
------------------------------------------
[{'stable': {'F_onsite': np.complex128(-0.024528612032982167j), 'F_swave': np.complex128(0.02143299171147529j)}, 'free': np.float64(-32311.981326412955)}]
------------------------------------------
  Seed: px+py
F_onsite: -0.024528612032982167j
F_swave: 0.02143299171147529j, F_dwave: 3.642919299551295e-17j
F_px: (1.0316543660202158e-17+0j), F_py: (6.5147421555696375e-18+0j)
Free_energy = -32311.981326412955
------------------------------------------
[{'stable': {'F_onsite': np.complex128(-0.024528612032982167j), 'F_swave': np.complex128(0.02143299171147529j)}, 'free': np.float64(-32311.981326412955)}]
------------------------------------------
  Seed: px+i*py
F_onsite: (0.0035311849086894003-0.02427310325041274j)
F_swave: (-0.003085533611843161+0.021209729277724153j), F_dwave: (-7.047314121155779e-18-4.597017211338539e-17j)
F_px: (8.456776945386935e-18+3.469446951953614e-17j), F_py: (8.456776945386935e-18+5.204170427930421e-18j)
Free_energy = -32311.981326412955
------------------------------------------
[{'stable': {'F_onsite': np.complex128(-0.024528612032982167j), 'F_swave': np.complex128(0.02143299171147529j)}, 'free': np.float64(-32311.981326412955)}, {'stable': {'F_onsite': np.complex128(0.0035311849086894003-0.02427310325041274j), 'F_swave': np.complex128(-0.003085533611843161+0.021209729277724153j)}, 'free': np.float64(-32311.981326412955)}]
------------------------------------------
  Seed: d-wave
F_onsite: (-0.024528612032982167+0j)
F_swave: (0.021432991711475294+0j), F_dwave: (3.469446951953614e-17+0j)
F_px: -9.975718778050709e-18j, F_py: -6.5191890785427226e-18j
Free_energy = -32311.981326412955
------------------------------------------
[{'stable': {'F_onsite': np.complex128(-0.024528612032982167j), 'F_swave': np.complex128(0.02143299171147529j)}, 'free': np.float64(-32311.981326412955)}, {'stable': {'F_onsite': np.complex128(0.0035311849086894003-0.02427310325041274j), 'F_swave': np.complex128(-0.003085533611843161+0.021209729277724153j)}, 'free': np.float64(-32311.981326412955)}, {'stable': {'F_onsite': np.complex128(-0.024528612032982167+0j), 'F_swave': np.complex128(0.021432991711475294+0j)}, 'free': np.float64(-32311.981326412955)}]
------------------------------------------
  Seed: d-wave+px
F_onsite: (-0.024528612032982164-1.6849881479961183e-17j)
F_swave: (0.021432991711475287+1.62074195803394e-17j), F_dwave: (3.382710778154774e-17+1.1685613600761124e-18j)
F_px: (1.734723475976807e-18-1.241745006718884e-17j), F_py: (-1.734723475976807e-18-6.606221713873102e-18j)
Free_energy = -32311.981326412955
------------------------------------------
[{'stable': {'F_onsite': np.complex128(-0.024528612032982167j), 'F_swave': np.complex128(0.02143299171147529j)}, 'free': np.float64(-32311.981326412955)}, {'stable': {'F_onsite': np.complex128(0.0035311849086894003-0.02427310325041274j), 'F_swave': np.complex128(-0.003085533611843161+0.021209729277724153j)}, 'free': np.float64(-32311.981326412955)}, {'stable': {'F_onsite': np.complex128(-0.024528612032982167+0j), 'F_swave': np.complex128(0.021432991711475294+0j)}, 'free': np.float64(-32311.981326412955)}]
------------------------------------------
  Seed: d-wave+py
F_onsite: (0.02452861203298214-8.062461894752459e-17j)
F_swave: (-0.021432991711475276+7.520384669175266e-17j), F_dwave: (-3.209238430557093e-17+3.454015070445825e-18j)
F_px: (3.469446951953614e-18+8.096735003244654e-18j), F_py: (-5.204170427930421e-18+7.47803037483459e-18j)
Free_energy = -32311.981326412955
------------------------------------------
[{'stable': {'F_onsite': np.complex128(-0.024528612032982167j), 'F_swave': np.complex128(0.02143299171147529j)}, 'free': np.float64(-32311.981326412955)}, {'stable': {'F_onsite': np.complex128(0.0035311849086894003-0.02427310325041274j), 'F_swave': np.complex128(-0.003085533611843161+0.021209729277724153j)}, 'free': np.float64(-32311.981326412955)}, {'stable': {'F_onsite': np.complex128(-0.024528612032982167+0j), 'F_swave': np.complex128(0.021432991711475294+0j)}, 'free': np.float64(-32311.981326412955)}, {'stable': {'F_onsite': np.complex128(0.02452861203298214-8.062461894752459e-17j), 'F_swave': np.complex128(-0.021432991711475276+7.520384669175266e-17j)}, 'free': np.float64(-32311.981326412955)}]
------------------------------------------
  Seed: s-wave
F_onsite: (-0.024528612032982167+0j)
F_swave: (0.021432991711475294+0j), F_dwave: (3.469446951953614e-17+0j)
F_px: -9.975718778050709e-18j, F_py: -6.5191890785427226e-18j
Free_energy = -32311.981326412955
------------------------------------------
[{'stable': {'F_onsite': np.complex128(-0.024528612032982167j), 'F_swave': np.complex128(0.02143299171147529j)}, 'free': np.float64(-32311.981326412955)}, {'stable': {'F_onsite': np.complex128(0.0035311849086894003-0.02427310325041274j), 'F_swave': np.complex128(-0.003085533611843161+0.021209729277724153j)}, 'free': np.float64(-32311.981326412955)}, {'stable': {'F_onsite': np.complex128(-0.024528612032982167+0j), 'F_swave': np.complex128(0.021432991711475294+0j)}, 'free': np.float64(-32311.981326412955)}, {'stable': {'F_onsite': np.complex128(0.02452861203298214-8.062461894752459e-17j), 'F_swave': np.complex128(-0.021432991711475276+7.520384669175266e-17j)}, 'free': np.float64(-32311.981326412955)}]
------------------------------------------
  Seed: s-wave+px
F_onsite: (-0.024528612032982167+0j)
F_swave: (0.021432991711475294+0j), F_dwave: (3.469446951953614e-17+0j)
F_px: -9.975718778050709e-18j, F_py: -6.5191890785427226e-18j
Free_energy = -32311.981326412955
------------------------------------------
[{'stable': {'F_onsite': np.complex128(-0.024528612032982167j), 'F_swave': np.complex128(0.02143299171147529j)}, 'free': np.float64(-32311.981326412955)}, {'stable': {'F_onsite': np.complex128(0.0035311849086894003-0.02427310325041274j), 'F_swave': np.complex128(-0.003085533611843161+0.021209729277724153j)}, 'free': np.float64(-32311.981326412955)}, {'stable': {'F_onsite': np.complex128(-0.024528612032982167+0j), 'F_swave': np.complex128(0.021432991711475294+0j)}, 'free': np.float64(-32311.981326412955)}, {'stable': {'F_onsite': np.complex128(0.02452861203298214-8.062461894752459e-17j), 'F_swave': np.complex128(-0.021432991711475276+7.520384669175266e-17j)}, 'free': np.float64(-32311.981326412955)}]
------------------------------------------
  Seed: s-wave+py
F_onsite: (-0.024528612032982167+0j)
F_swave: (0.021432991711475294+0j), F_dwave: (3.469446951953614e-17+0j)
F_px: -9.975718778050709e-18j, F_py: -6.5191890785427226e-18j
Free_energy = -32311.981326412955
------------------------------------------
[{'stable': {'F_onsite': np.complex128(-0.024528612032982167j), 'F_swave': np.complex128(0.02143299171147529j)}, 'free': np.float64(-32311.981326412955)}, {'stable': {'F_onsite': np.complex128(0.0035311849086894003-0.02427310325041274j), 'F_swave': np.complex128(-0.003085533611843161+0.021209729277724153j)}, 'free': np.float64(-32311.981326412955)}, {'stable': {'F_onsite': np.complex128(-0.024528612032982167+0j), 'F_swave': np.complex128(0.021432991711475294+0j)}, 'free': np.float64(-32311.981326412955)}, {'stable': {'F_onsite': np.complex128(0.02452861203298214-8.062461894752459e-17j), 'F_swave': np.complex128(-0.021432991711475276+7.520384669175266e-17j)}, 'free': np.float64(-32311.981326412955)}]
------------------------------------------
====================================
mu=3.17, T=0.0629
====================================
  Seed: normal state
F_onsite: 0j
F_swave: 0j, F_dwave: 0j
F_px: 0j, F_py: 0j
Free_energy = -32286.55425674884
------------------------------------------
[{'stable': {}, 'free': np.float64(-32286.55425674884)}]
------------------------------------------
  Seed: px
F_onsite: -0.018080603197520712j
F_swave: 0.015803499324950246j, F_dwave: -3.8163916471489756e-17j
F_px: (4.4924509939999954e-18+0j), F_py: (7.308570845824527e-18+0j)
Free_energy = -32301.87436764685
------------------------------------------
[{'stable': {'F_onsite': np.complex128(-0.018080603197520712j), 'F_swave': np.complex128(0.015803499324950246j)}, 'free': np.float64(-32301.87436764685)}]
------------------------------------------
  Seed: py
F_onsite: -0.018080603197520712j
F_swave: 0.015803499324950246j, F_dwave: -3.8163916471489756e-17j
F_px: (4.4924509939999954e-18+0j), F_py: (7.308570845824527e-18+0j)
Free_energy = -32301.87436764685
------------------------------------------
[{'stable': {'F_onsite': np.complex128(-0.018080603197520712j), 'F_swave': np.complex128(0.015803499324950246j)}, 'free': np.float64(-32301.87436764685)}]
------------------------------------------
  Seed: px+py
F_onsite: -0.018080603197520712j
F_swave: 0.015803499324950246j, F_dwave: -3.8163916471489756e-17j
F_px: (4.4924509939999954e-18+0j), F_py: (7.308570845824527e-18+0j)
Free_energy = -32301.87436764685
------------------------------------------
[{'stable': {'F_onsite': np.complex128(-0.018080603197520712j), 'F_swave': np.complex128(0.015803499324950246j)}, 'free': np.float64(-32301.87436764685)}]
------------------------------------------
  Seed: px+i*py
F_onsite: (0.002602917485312096-0.017892261806458375j)
F_swave: (-0.0022751013488129523+0.01563887798936775j), F_dwave: (-7.697835424647081e-18+2.2551405187698492e-17j)
F_px: (4.119968255444917e-18+4.336808689942018e-17j), F_py: (7.589415207398531e-18+3.469446951953614e-18j)
Free_energy = -32301.874367646848
------------------------------------------
[{'stable': {'F_onsite': np.complex128(-0.018080603197520712j), 'F_swave': np.complex128(0.015803499324950246j)}, 'free': np.float64(-32301.87436764685)}, {'stable': {'F_onsite': np.complex128(0.002602917485312096-0.017892261806458375j), 'F_swave': np.complex128(-0.0022751013488129523+0.01563887798936775j)}, 'free': np.float64(-32301.874367646848)}]
------------------------------------------
  Seed: d-wave
F_onsite: (-0.0180806031975207+0j)
F_swave: (0.015803499324950235+0j), F_dwave: (-4.5102810375396984e-17+0j)
F_px: -6.617074323509798e-18j, F_py: -7.31471183469212e-18j
Free_energy = -32301.87436764685
------------------------------------------
[{'stable': {'F_onsite': np.complex128(-0.018080603197520712j), 'F_swave': np.complex128(0.015803499324950246j)}, 'free': np.float64(-32301.87436764685)}, {'stable': {'F_onsite': np.complex128(0.002602917485312096-0.017892261806458375j), 'F_swave': np.complex128(-0.0022751013488129523+0.01563887798936775j)}, 'free': np.float64(-32301.874367646848)}, {'stable': {'F_onsite': np.complex128(-0.0180806031975207+0j), 'F_swave': np.complex128(0.015803499324950235+0j)}, 'free': np.float64(-32301.87436764685)}]
------------------------------------------
  Seed: d-wave+px
F_onsite: (-0.01808060319752072-3.2688027617246907e-18j)
F_swave: (0.015803499324950253+2.825529858472935e-18j), F_dwave: (-4.0766001685454967e-17-2.0637163666462977e-19j)
F_px: (1.734723475976807e-18-5.119493602984593e-18j), F_py: (-1.734723475976807e-18-7.085642362019036e-18j)
Free_energy = -32301.87436764685
------------------------------------------
[{'stable': {'F_onsite': np.complex128(-0.018080603197520712j), 'F_swave': np.complex128(0.015803499324950246j)}, 'free': np.float64(-32301.87436764685)}, {'stable': {'F_onsite': np.complex128(0.002602917485312096-0.017892261806458375j), 'F_swave': np.complex128(-0.0022751013488129523+0.01563887798936775j)}, 'free': np.float64(-32301.874367646848)}, {'stable': {'F_onsite': np.complex128(-0.0180806031975207+0j), 'F_swave': np.complex128(0.015803499324950235+0j)}, 'free': np.float64(-32301.87436764685)}]
------------------------------------------
  Seed: d-wave+py
F_onsite: (0.01808060319752072-7.894213594906508e-18j)
F_swave: (-0.01580349932495025+6.9055287467192895e-18j), F_dwave: (3.9898639947466563e-17+1.1539500417359757e-19j)
F_px: (3.469446951953614e-18+5.5535450488932185e-18j), F_py: 6.811521324463863e-18j
Free_energy = -32301.87436764685
------------------------------------------
[{'stable': {'F_onsite': np.complex128(-0.018080603197520712j), 'F_swave': np.complex128(0.015803499324950246j)}, 'free': np.float64(-32301.87436764685)}, {'stable': {'F_onsite': np.complex128(0.002602917485312096-0.017892261806458375j), 'F_swave': np.complex128(-0.0022751013488129523+0.01563887798936775j)}, 'free': np.float64(-32301.874367646848)}, {'stable': {'F_onsite': np.complex128(-0.0180806031975207+0j), 'F_swave': np.complex128(0.015803499324950235+0j)}, 'free': np.float64(-32301.87436764685)}, {'stable': {'F_onsite': np.complex128(0.01808060319752072-7.894213594906508e-18j), 'F_swave': np.complex128(-0.01580349932495025+6.9055287467192895e-18j)}, 'free': np.float64(-32301.87436764685)}]
------------------------------------------
  Seed: s-wave
F_onsite: (-0.0180806031975207+0j)
F_swave: (0.015803499324950235+0j), F_dwave: (-4.5102810375396984e-17+0j)
F_px: -6.617074323509798e-18j, F_py: -7.31471183469212e-18j
Free_energy = -32301.87436764685
------------------------------------------
[{'stable': {'F_onsite': np.complex128(-0.018080603197520712j), 'F_swave': np.complex128(0.015803499324950246j)}, 'free': np.float64(-32301.87436764685)}, {'stable': {'F_onsite': np.complex128(0.002602917485312096-0.017892261806458375j), 'F_swave': np.complex128(-0.0022751013488129523+0.01563887798936775j)}, 'free': np.float64(-32301.874367646848)}, {'stable': {'F_onsite': np.complex128(-0.0180806031975207+0j), 'F_swave': np.complex128(0.015803499324950235+0j)}, 'free': np.float64(-32301.87436764685)}, {'stable': {'F_onsite': np.complex128(0.01808060319752072-7.894213594906508e-18j), 'F_swave': np.complex128(-0.01580349932495025+6.9055287467192895e-18j)}, 'free': np.float64(-32301.87436764685)}]
------------------------------------------
  Seed: s-wave+px
F_onsite: (-0.0180806031975207+0j)
F_swave: (0.015803499324950235+0j), F_dwave: (-4.5102810375396984e-17+0j)
F_px: -6.617074323509798e-18j, F_py: -7.31471183469212e-18j
Free_energy = -32301.87436764685
------------------------------------------
[{'stable': {'F_onsite': np.complex128(-0.018080603197520712j), 'F_swave': np.complex128(0.015803499324950246j)}, 'free': np.float64(-32301.87436764685)}, {'stable': {'F_onsite': np.complex128(0.002602917485312096-0.017892261806458375j), 'F_swave': np.complex128(-0.0022751013488129523+0.01563887798936775j)}, 'free': np.float64(-32301.874367646848)}, {'stable': {'F_onsite': np.complex128(-0.0180806031975207+0j), 'F_swave': np.complex128(0.015803499324950235+0j)}, 'free': np.float64(-32301.87436764685)}, {'stable': {'F_onsite': np.complex128(0.01808060319752072-7.894213594906508e-18j), 'F_swave': np.complex128(-0.01580349932495025+6.9055287467192895e-18j)}, 'free': np.float64(-32301.87436764685)}]
------------------------------------------
  Seed: s-wave+py
F_onsite: (-0.0180806031975207+0j)
F_swave: (0.015803499324950235+0j), F_dwave: (-4.5102810375396984e-17+0j)
F_px: -6.617074323509798e-18j, F_py: -7.31471183469212e-18j
Free_energy = -32301.87436764685
------------------------------------------
[{'stable': {'F_onsite': np.complex128(-0.018080603197520712j), 'F_swave': np.complex128(0.015803499324950246j)}, 'free': np.float64(-32301.87436764685)}, {'stable': {'F_onsite': np.complex128(0.002602917485312096-0.017892261806458375j), 'F_swave': np.complex128(-0.0022751013488129523+0.01563887798936775j)}, 'free': np.float64(-32301.874367646848)}, {'stable': {'F_onsite': np.complex128(-0.0180806031975207+0j), 'F_swave': np.complex128(0.015803499324950235+0j)}, 'free': np.float64(-32301.87436764685)}, {'stable': {'F_onsite': np.complex128(0.01808060319752072-7.894213594906508e-18j), 'F_swave': np.complex128(-0.01580349932495025+6.9055287467192895e-18j)}, 'free': np.float64(-32301.87436764685)}]
------------------------------------------
====================================
mu=3.17, T=0.0732
====================================
  Seed: normal state
F_onsite: 0j
F_swave: 0j, F_dwave: 0j
F_px: 0j, F_py: 0j
Free_energy = -32290.667019251017
------------------------------------------
[{'stable': {}, 'free': np.float64(-32290.667019251017)}]
------------------------------------------
  Seed: px
==================================================
WARNING: Failed to converge after 5000 iterations
==================================================
F_onsite: -5.865255090681819e-13j
F_swave: 5.130794532145683e-13j, F_dwave: -6.22789453070003e-22j
F_px: (2.4319762911995106e-20+0j), F_py: (-6.102535966708588e-20+0j)
Free_energy = -32290.667019251014
------------------------------------------
[{'stable': {}, 'free': np.float64(-32290.667019251017)}]
------------------------------------------
  Seed: py
==================================================
WARNING: Failed to converge after 5000 iterations
==================================================
F_onsite: -5.865255090681819e-13j
F_swave: 5.130794532145683e-13j, F_dwave: -6.22789453070003e-22j
F_px: (2.4319762911995106e-20+0j), F_py: (-6.102535966708588e-20+0j)
Free_energy = -32290.667019251014
------------------------------------------
[{'stable': {}, 'free': np.float64(-32290.667019251017)}]
------------------------------------------
  Seed: px+py
==================================================
WARNING: Failed to converge after 5000 iterations
==================================================
F_onsite: -5.865255090681819e-13j
F_swave: 5.130794532145683e-13j, F_dwave: -6.22789453070003e-22j
F_px: (2.4319762911995106e-20+0j), F_py: (-6.102535966708588e-20+0j)
Free_energy = -32290.667019251014
------------------------------------------
[{'stable': {}, 'free': np.float64(-32290.667019251017)}]
------------------------------------------
  Seed: px+i*py
==================================================
WARNING: Failed to converge after 5000 iterations
==================================================
F_onsite: (8.445104027800764e-14-5.805108165047211e-13j)
F_swave: (-7.387589282137134e-14+5.078179590575879e-13j), F_dwave: (1.850010783395498e-21+4.228371167129934e-21j)
F_px: (-7.283532145480532e-21+9.041549939657231e-21j), F_py: (-1.9364205369823924e-20-8.99473931219465e-21j)
Free_energy = -32290.667019251006
------------------------------------------
[{'stable': {}, 'free': np.float64(-32290.667019251017)}]
------------------------------------------
  Seed: d-wave
==================================================
WARNING: Failed to converge after 5000 iterations
==================================================
F_onsite: (-5.865259304996417e-13+0j)
F_swave: (5.13079818681823e-13+0j), F_dwave: (-9.833523223004589e-21+0j)
F_px: -2.716578390364887e-20j, F_py: -1.0074373495942351e-20j
Free_energy = -32290.667019251014
------------------------------------------
[{'stable': {}, 'free': np.float64(-32290.667019251017)}]
------------------------------------------
  Seed: d-wave+px
==================================================
WARNING: Failed to converge after 5000 iterations
==================================================
F_onsite: (-5.865259304996417e-13+0j)
F_swave: (5.13079818681823e-13+0j), F_dwave: (-9.833523223004589e-21+0j)
F_px: -2.716578390364887e-20j, F_py: -1.0074373495942351e-20j
Free_energy = -32290.667019251014
------------------------------------------
[{'stable': {}, 'free': np.float64(-32290.667019251017)}]
------------------------------------------
  Seed: d-wave+py
==================================================
WARNING: Failed to converge after 5000 iterations
==================================================
F_onsite: (5.865254265126639e-13+0j)
F_swave: (-5.130793758877737e-13+0j), F_dwave: (-1.5904126512755337e-21+0j)
F_px: 5.109474366096522e-20j, F_py: 1.2156203122489983e-20j
Free_energy = -32290.66701925101
------------------------------------------
[{'stable': {}, 'free': np.float64(-32290.667019251017)}]
------------------------------------------
  Seed: s-wave
==================================================
WARNING: Failed to converge after 5000 iterations
==================================================
F_onsite: (-5.865259304996417e-13+0j)
F_swave: (5.13079818681823e-13+0j), F_dwave: (-9.833523223004589e-21+0j)
F_px: -2.716578390364887e-20j, F_py: -1.0074373495942351e-20j
Free_energy = -32290.667019251014
------------------------------------------
[{'stable': {}, 'free': np.float64(-32290.667019251017)}]
------------------------------------------
  Seed: s-wave+px
==================================================
WARNING: Failed to converge after 5000 iterations
==================================================
F_onsite: (-5.865259304996417e-13+0j)
F_swave: (5.13079818681823e-13+0j), F_dwave: (-9.833523223004589e-21+0j)
F_px: -2.716578390364887e-20j, F_py: -1.0074373495942351e-20j
Free_energy = -32290.667019251014
------------------------------------------
[{'stable': {}, 'free': np.float64(-32290.667019251017)}]
------------------------------------------
  Seed: s-wave+py
==================================================
WARNING: Failed to converge after 5000 iterations
==================================================
F_onsite: (-5.865259304996417e-13+0j)
F_swave: (5.13079818681823e-13+0j), F_dwave: (-9.833523223004589e-21+0j)
F_px: -2.716578390364887e-20j, F_py: -1.0074373495942351e-20j
Free_energy = -32290.667019251014
------------------------------------------
[{'stable': {}, 'free': np.float64(-32290.667019251017)}]
------------------------------------------
====================================
mu=3.17, T=0.0835
====================================
  Seed: normal state
F_onsite: 0j
F_swave: 0j, F_dwave: 0j
F_px: 0j, F_py: 0j
Free_energy = -32295.403806984803
------------------------------------------
[{'stable': {}, 'free': np.float64(-32295.403806984803)}]
------------------------------------------
  Seed: px
F_onsite: -3.107912796430604e-17j
F_swave: 2.512747696699015e-17j, F_dwave: 7.225277531290127e-22j
F_px: (2.4997307177992333e-20+0j), F_py: (1.3602804420357327e-20+0j)
Free_energy = -32295.403806984803
------------------------------------------
[{'stable': {}, 'free': np.float64(-32295.403806984803)}]
------------------------------------------
  Seed: py
F_onsite: -3.107912796430604e-17j
F_swave: 2.512747696699015e-17j, F_dwave: 7.225277531290127e-22j
F_px: (2.4997307177992333e-20+0j), F_py: (1.3602804420357327e-20+0j)
Free_energy = -32295.403806984803
------------------------------------------
[{'stable': {}, 'free': np.float64(-32295.403806984803)}]
------------------------------------------
  Seed: px+py
F_onsite: -3.107912796430604e-17j
F_swave: 2.512747696699015e-17j, F_dwave: 7.225277531290127e-22j
F_px: (2.4997307177992333e-20+0j), F_py: (1.3602804420357327e-20+0j)
Free_energy = -32295.403806984803
------------------------------------------
[{'stable': {}, 'free': np.float64(-32295.403806984803)}]
------------------------------------------
  Seed: px+i*py
F_onsite: (4.2693902266511635e-18-2.8650487981080666e-17j)
F_swave: (-3.4709971962221246e-18+2.329393494321281e-17j), F_dwave: (-2.7875068825130076e-21+2.570400414334954e-21j)
F_px: (1.8487998498981066e-20-1.668991446675597e-20j), F_py: (-2.7948570136438515e-21+5.14179076469168e-21j)
Free_energy = -32295.403806984803
------------------------------------------
[{'stable': {}, 'free': np.float64(-32295.403806984803)}]
------------------------------------------
  Seed: d-wave
F_onsite: (-3.114663245818241e-17+0j)
F_swave: (2.518775248461384e-17+0j), F_dwave: (6.937601994329111e-21+0j)
F_px: -3.668611449003676e-20j, F_py: -3.102196763193838e-20j
Free_energy = -32295.403806984803
------------------------------------------
[{'stable': {}, 'free': np.float64(-32295.403806984803)}]
------------------------------------------
  Seed: d-wave+px
F_onsite: (-3.114663245818241e-17+0j)
F_swave: (2.518775248461384e-17+0j), F_dwave: (6.937601994329111e-21+0j)
F_px: -3.668611449003676e-20j, F_py: -3.102196763193838e-20j
Free_energy = -32295.403806984803
------------------------------------------
[{'stable': {}, 'free': np.float64(-32295.403806984803)}]
------------------------------------------
  Seed: d-wave+py
F_onsite: (3.113075020132164e-17+0j)
F_swave: (-2.5176768120769816e-17+0j), F_dwave: (1.0287975397961675e-21+0j)
F_px: 4.312055647107222e-20j, F_py: 1.7904180717964424e-20j
Free_energy = -32295.403806984803
------------------------------------------
[{'stable': {}, 'free': np.float64(-32295.403806984803)}]
------------------------------------------
  Seed: s-wave
F_onsite: (-3.114663245818241e-17+0j)
F_swave: (2.518775248461384e-17+0j), F_dwave: (6.937601994329111e-21+0j)
F_px: -3.668611449003676e-20j, F_py: -3.102196763193838e-20j
Free_energy = -32295.403806984803
------------------------------------------
[{'stable': {}, 'free': np.float64(-32295.403806984803)}]
------------------------------------------
  Seed: s-wave+px
F_onsite: (-3.114663245818241e-17+0j)
F_swave: (2.518775248461384e-17+0j), F_dwave: (6.937601994329111e-21+0j)
F_px: -3.668611449003676e-20j, F_py: -3.102196763193838e-20j
Free_energy = -32295.403806984803
------------------------------------------
[{'stable': {}, 'free': np.float64(-32295.403806984803)}]
------------------------------------------
  Seed: s-wave+py
F_onsite: (-3.114663245818241e-17+0j)
F_swave: (2.518775248461384e-17+0j), F_dwave: (6.937601994329111e-21+0j)
F_px: -3.668611449003676e-20j, F_py: -3.102196763193838e-20j
Free_energy = -32295.403806984803
------------------------------------------
[{'stable': {}, 'free': np.float64(-32295.403806984803)}]
------------------------------------------
====================================
mu=3.17, T=0.0938
====================================
  Seed: normal state
F_onsite: 0j
F_swave: 0j, F_dwave: 0j
F_px: 0j, F_py: 0j
Free_energy = -32300.764338542
------------------------------------------
[{'stable': {}, 'free': np.float64(-32300.764338542)}]
------------------------------------------
  Seed: px
F_onsite: -2.568169181425135e-18j
F_swave: 2.0372485171295372e-18j, F_dwave: 4.080752527416933e-21j
F_px: (-6.259393925087227e-21+0j), F_py: (-6.041767304310819e-21+0j)
Free_energy = -32300.764338542
------------------------------------------
[{'stable': {}, 'free': np.float64(-32300.764338542)}]
------------------------------------------
  Seed: py
F_onsite: -2.568169181425135e-18j
F_swave: 2.0372485171295372e-18j, F_dwave: 4.080752527416933e-21j
F_px: (-6.259393925087227e-21+0j), F_py: (-6.041767304310819e-21+0j)
Free_energy = -32300.764338542
------------------------------------------
[{'stable': {}, 'free': np.float64(-32300.764338542)}]
------------------------------------------
  Seed: px+py
F_onsite: -2.568169181425135e-18j
F_swave: 2.0372485171295372e-18j, F_dwave: 4.080752527416933e-21j
F_px: (-6.259393925087227e-21+0j), F_py: (-6.041767304310819e-21+0j)
Free_energy = -32300.764338542
------------------------------------------
[{'stable': {}, 'free': np.float64(-32300.764338542)}]
------------------------------------------
  Seed: px+i*py
F_onsite: (1.2780386563491402e-18-8.500853000928242e-18j)
F_swave: (-1.021260728946289e-18+6.799563488735327e-18j), F_dwave: (-3.0184352308405047e-21+2.2224834019641014e-21j)
F_px: (2.038177081688677e-20+1.21756354887693e-20j), F_py: (2.998412760092379e-20+1.654948708435439e-20j)
Free_energy = -32300.764338542005
------------------------------------------
[{'stable': {}, 'free': np.float64(-32300.764338542)}]
------------------------------------------
  Seed: d-wave
F_onsite: (-2.741702603307837e-18+0j)
F_swave: (2.1763454949073754e-18+0j), F_dwave: (8.423830869749686e-22+0j)
F_px: 5.57717240167483e-21j, F_py: -3.715883694136851e-21j
Free_energy = -32300.764338542
------------------------------------------
[{'stable': {}, 'free': np.float64(-32300.764338542)}]
------------------------------------------
  Seed: d-wave+px
F_onsite: (-2.741702603307837e-18+0j)
F_swave: (2.1763454949073754e-18+0j), F_dwave: (8.423830869749686e-22+0j)
F_px: 5.57717240167483e-21j, F_py: -3.715883694136851e-21j
Free_energy = -32300.764338542
------------------------------------------
[{'stable': {}, 'free': np.float64(-32300.764338542)}]
------------------------------------------
  Seed: d-wave+py
F_onsite: (2.7930021707543836e-18+0j)
F_swave: (-2.2179815981187746e-18+0j), F_dwave: (-5.053363234053233e-22+0j)
F_px: -1.3710602708115706e-20j, F_py: 3.3625593979328684e-22j
Free_energy = -32300.764338542
------------------------------------------
[{'stable': {}, 'free': np.float64(-32300.764338542)}]
------------------------------------------
  Seed: s-wave
F_onsite: (-2.741702603307837e-18+0j)
F_swave: (2.1763454949073754e-18+0j), F_dwave: (8.423830869749686e-22+0j)
F_px: 5.57717240167483e-21j, F_py: -3.715883694136851e-21j
Free_energy = -32300.764338542
------------------------------------------
[{'stable': {}, 'free': np.float64(-32300.764338542)}]
------------------------------------------
  Seed: s-wave+px
F_onsite: (-2.741702603307837e-18+0j)
F_swave: (2.1763454949073754e-18+0j), F_dwave: (8.423830869749686e-22+0j)
F_px: 5.57717240167483e-21j, F_py: -3.715883694136851e-21j
Free_energy = -32300.764338542
------------------------------------------
[{'stable': {}, 'free': np.float64(-32300.764338542)}]
------------------------------------------
  Seed: s-wave+py
F_onsite: (-2.741702603307837e-18+0j)
F_swave: (2.1763454949073754e-18+0j), F_dwave: (8.423830869749686e-22+0j)
F_px: 5.57717240167483e-21j, F_py: -3.715883694136851e-21j
Free_energy = -32300.764338542
------------------------------------------
[{'stable': {}, 'free': np.float64(-32300.764338542)}]
------------------------------------------
====================================
mu=3.17, T=0.1041
====================================
  Seed: normal state
F_onsite: 0j
F_swave: 0j, F_dwave: 0j
F_px: 0j, F_py: 0j
Free_energy = -32306.747668837103
------------------------------------------
[{'stable': {}, 'free': np.float64(-32306.747668837103)}]
------------------------------------------
  Seed: px
F_onsite: -1.9625469861557132e-19j
F_swave: 1.5545819042115456e-19j, F_dwave: -4.331863796284016e-22j
F_px: (-6.4601122161799755e-22+0j), F_py: (2.2573180009726678e-21+0j)
Free_energy = -32306.747668837103
------------------------------------------
[{'stable': {}, 'free': np.float64(-32306.747668837103)}]
------------------------------------------
  Seed: py
F_onsite: -1.9625469861557132e-19j
F_swave: 1.5545819042115456e-19j, F_dwave: -4.331863796284016e-22j
F_px: (-6.4601122161799755e-22+0j), F_py: (2.2573180009726678e-21+0j)
Free_energy = -32306.747668837103
------------------------------------------
[{'stable': {}, 'free': np.float64(-32306.747668837103)}]
------------------------------------------
  Seed: px+py
F_onsite: -1.9625469861557132e-19j
F_swave: 1.5545819042115456e-19j, F_dwave: -4.331863796284016e-22j
F_px: (-6.4601122161799755e-22+0j), F_py: (2.2573180009726678e-21+0j)
Free_energy = -32306.747668837103
------------------------------------------
[{'stable': {}, 'free': np.float64(-32306.747668837103)}]
------------------------------------------
  Seed: px+i*py
F_onsite: (-6.054205532826844e-20-8.369895140471849e-20j)
F_swave: (4.554866796095506e-20+6.627072101841967e-20j), F_dwave: (-5.371543142196651e-21-1.5855127125873721e-21j)
F_px: (-5.154467454385428e-21+3.819909190376097e-21j), F_py: (-3.6591168888302425e-21+2.3467716370873676e-20j)
Free_energy = -32306.747668837103
------------------------------------------
[{'stable': {}, 'free': np.float64(-32306.747668837103)}]
------------------------------------------
  Seed: d-wave
F_onsite: (-1.7988627352446975e-19+0j)
F_swave: (1.4232583646225052e-19+0j), F_dwave: (-1.6917334340871534e-21+0j)
F_px: -3.6665369596454075e-21j, F_py: -3.409941314425954e-21j
Free_energy = -32306.747668837103
------------------------------------------
[{'stable': {}, 'free': np.float64(-32306.747668837103)}]
------------------------------------------
  Seed: d-wave+px
F_onsite: (-1.7988627352446975e-19+0j)
F_swave: (1.4232583646225052e-19+0j), F_dwave: (-1.6917334340871534e-21+0j)
F_px: -3.6665369596454075e-21j, F_py: -3.409941314425954e-21j
Free_energy = -32306.747668837103
------------------------------------------
[{'stable': {}, 'free': np.float64(-32306.747668837103)}]
------------------------------------------
  Seed: d-wave+py
F_onsite: (-6.137887750338988e-21+0j)
F_swave: (4.866767965403332e-21+0j), F_dwave: (-1.3238688249934687e-23+0j)
F_px: -2.7546585864506346e-21j, F_py: 2.7023016513137827e-21j
Free_energy = -32306.7476688371
------------------------------------------
[{'stable': {}, 'free': np.float64(-32306.747668837103)}]
------------------------------------------
  Seed: s-wave
F_onsite: (-1.3008254469229246e-21+0j)
F_swave: (1.0314322892783916e-21+0j), F_dwave: (-8.204736797658984e-25+0j)
F_px: -6.95717959120414e-24j, F_py: -6.470294553428634e-24j
Free_energy = -32306.747668837103
------------------------------------------
[{'stable': {}, 'free': np.float64(-32306.747668837103)}]
------------------------------------------
  Seed: s-wave+px
F_onsite: (-1.7988627352446975e-19+0j)
F_swave: (1.4232583646225052e-19+0j), F_dwave: (-1.6917334340871534e-21+0j)
F_px: -3.6665369596454075e-21j, F_py: -3.409941314425954e-21j
Free_energy = -32306.747668837103
------------------------------------------
[{'stable': {}, 'free': np.float64(-32306.747668837103)}]
------------------------------------------
  Seed: s-wave+py
F_onsite: (-1.7988627352446975e-19+0j)
F_swave: (1.4232583646225052e-19+0j), F_dwave: (-1.6917334340871534e-21+0j)
F_px: -3.6665369596454075e-21j, F_py: -3.409941314425954e-21j
Free_energy = -32306.747668837103
------------------------------------------
[{'stable': {}, 'free': np.float64(-32306.747668837103)}]
------------------------------------------
====================================
mu=3.17, T=0.1144
====================================
  Seed: normal state
F_onsite: 0j
F_swave: 0j, F_dwave: 0j
F_px: 0j, F_py: 0j
Free_energy = -32313.351955597915
------------------------------------------
[{'stable': {}, 'free': np.float64(-32313.351955597915)}]
------------------------------------------
  Seed: px
F_onsite: -1.2928140331023648e-21j
F_swave: 1.0250799912688172e-21j, F_dwave: -1.9115897122389924e-25j
F_px: (-1.1153325567289589e-24+0j), F_py: (3.897239201120644e-24+0j)
Free_energy = -32313.351955597915
------------------------------------------
[{'stable': {}, 'free': np.float64(-32313.351955597915)}]
------------------------------------------
  Seed: py
F_onsite: -1.2928140331023648e-21j
F_swave: 1.0250799912688172e-21j, F_dwave: -1.9115897122389924e-25j
F_px: (-1.1153325567289589e-24+0j), F_py: (3.897239201120644e-24+0j)
Free_energy = -32313.351955597915
------------------------------------------
[{'stable': {}, 'free': np.float64(-32313.351955597915)}]
------------------------------------------
  Seed: px+py
F_onsite: -1.2928140331023648e-21j
F_swave: 1.0250799912688172e-21j, F_dwave: -1.9115897122389924e-25j
F_px: (-1.1153325567289589e-24+0j), F_py: (3.897239201120644e-24+0j)
Free_energy = -32313.351955597915
------------------------------------------
[{'stable': {}, 'free': np.float64(-32313.351955597915)}]
------------------------------------------
  Seed: px+i*py
F_onsite: (3.536558964744239e-20+5.257945879907043e-22j)
F_swave: (-2.787589521203322e-20-4.312212120431225e-22j), F_dwave: (9.605373301223354e-22+1.0859114784529127e-23j)
F_px: (5.398098498426154e-22-2.486529763002228e-20j), F_py: (-4.927313089376871e-23+1.7482182235557103e-20j)
Free_energy = -32313.35195559791
------------------------------------------
[{'stable': {}, 'free': np.float64(-32313.351955597915)}]
------------------------------------------
  Seed: d-wave
F_onsite: 0j
F_swave: 0j, F_dwave: 0j
F_px: 0j, F_py: 0j
Free_energy = -32313.351955597915
------------------------------------------
[{'stable': {}, 'free': np.float64(-32313.351955597915)}]
------------------------------------------
  Seed: d-wave+px
F_onsite: (-1.1836033736977545e-21+0j)
F_swave: (9.38486205215695e-22+0j), F_dwave: (-7.465378369540213e-25+0j)
F_px: -6.3302430430118136e-24j, F_py: -5.887232972232892e-24j
Free_energy = -32313.351955597915
------------------------------------------
[{'stable': {}, 'free': np.float64(-32313.351955597915)}]
------------------------------------------
  Seed: d-wave+py
F_onsite: 0j
F_swave: 0j, F_dwave: 0j
F_px: 0j, F_py: 0j
Free_energy = -32313.351955597915
------------------------------------------
[{'stable': {}, 'free': np.float64(-32313.351955597915)}]
------------------------------------------
  Seed: s-wave
F_onsite: 0j
F_swave: 0j, F_dwave: 0j
F_px: 0j, F_py: 0j
Free_energy = -32313.351955597915
------------------------------------------
[{'stable': {}, 'free': np.float64(-32313.351955597915)}]
------------------------------------------
  Seed: s-wave+px
F_onsite: (-1.1836033736977545e-21+0j)
F_swave: (9.38486205215695e-22+0j), F_dwave: (-7.465378369540213e-25+0j)
F_px: -6.3302430430118136e-24j, F_py: -5.887232972232892e-24j
Free_energy = -32313.351955597915
------------------------------------------
[{'stable': {}, 'free': np.float64(-32313.351955597915)}]
------------------------------------------
  Seed: s-wave+py
F_onsite: (-1.1836033736977545e-21+0j)
F_swave: (9.38486205215695e-22+0j), F_dwave: (-7.465378369540213e-25+0j)
F_px: -6.3302430430118136e-24j, F_py: -5.887232972232892e-24j
Free_energy = -32313.351955597915
------------------------------------------
[{'stable': {}, 'free': np.float64(-32313.351955597915)}]
------------------------------------------
====================================
mu=3.17, T=0.1247
====================================
  Seed: normal state
F_onsite: 0j
F_swave: 0j, F_dwave: 0j
F_px: 0j, F_py: 0j
Free_energy = -32320.57430898775
------------------------------------------
[{'stable': {}, 'free': np.float64(-32320.57430898775)}]
------------------------------------------
  Seed: px
F_onsite: 0j
F_swave: 0j, F_dwave: 0j
F_px: 0j, F_py: 0j
Free_energy = -32320.574308987747
------------------------------------------
[{'stable': {}, 'free': np.float64(-32320.57430898775)}]
------------------------------------------
  Seed: py
F_onsite: 0j
F_swave: 0j, F_dwave: 0j
F_px: 0j, F_py: 0j
Free_energy = -32320.574308987747
------------------------------------------
[{'stable': {}, 'free': np.float64(-32320.57430898775)}]
------------------------------------------
  Seed: px+py
F_onsite: 0j
F_swave: 0j, F_dwave: 0j
F_px: 0j, F_py: 0j
Free_energy = -32320.574308987747
------------------------------------------
[{'stable': {}, 'free': np.float64(-32320.57430898775)}]
------------------------------------------
  Seed: px+i*py
F_onsite: (4.596803751163036e-21+2.173612411889062e-22j)
F_swave: (-3.0338972878379927e-21-1.6624008300555238e-22j), F_dwave: (2.075095486311159e-21+2.6230694444138644e-23j)
F_px: (1.7841835146056498e-22-1.1530779499232215e-21j), F_py: (-9.426717742802144e-24+1.075143351318157e-21j)
Free_energy = -32320.57430898775
------------------------------------------
[{'stable': {}, 'free': np.float64(-32320.57430898775)}]
------------------------------------------
  Seed: d-wave
F_onsite: 0j
F_swave: 0j, F_dwave: 0j
F_px: 0j, F_py: 0j
Free_energy = -32320.57430898775
------------------------------------------
[{'stable': {}, 'free': np.float64(-32320.57430898775)}]
------------------------------------------
  Seed: d-wave+px
F_onsite: 0j
F_swave: 0j, F_dwave: 0j
F_px: 0j, F_py: 0j
Free_energy = -32320.57430898775
------------------------------------------
[{'stable': {}, 'free': np.float64(-32320.57430898775)}]
------------------------------------------
  Seed: d-wave+py
F_onsite: 0j
F_swave: 0j, F_dwave: 0j
F_px: 0j, F_py: 0j
Free_energy = -32320.57430898775
------------------------------------------
[{'stable': {}, 'free': np.float64(-32320.57430898775)}]
------------------------------------------
  Seed: s-wave
F_onsite: 0j
F_swave: 0j, F_dwave: 0j
F_px: 0j, F_py: 0j
Free_energy = -32320.57430898775
------------------------------------------
[{'stable': {}, 'free': np.float64(-32320.57430898775)}]
------------------------------------------
  Seed: s-wave+px
F_onsite: 0j
F_swave: 0j, F_dwave: 0j
F_px: 0j, F_py: 0j
Free_energy = -32320.57430898775
------------------------------------------
[{'stable': {}, 'free': np.float64(-32320.57430898775)}]
------------------------------------------
  Seed: s-wave+py
F_onsite: 0j
F_swave: 0j, F_dwave: 0j
F_px: 0j, F_py: 0j
Free_energy = -32320.57430898775
------------------------------------------
[{'stable': {}, 'free': np.float64(-32320.57430898775)}]
------------------------------------------
====================================
mu=3.17, T=0.1350
====================================
  Seed: normal state
F_onsite: 0j
F_swave: 0j, F_dwave: 0j
F_px: 0j, F_py: 0j
Free_energy = -32328.41074733699
------------------------------------------
[{'stable': {}, 'free': np.float64(-32328.41074733699)}]
------------------------------------------
  Seed: px
F_onsite: 0j
F_swave: 0j, F_dwave: 0j
F_px: 0j, F_py: 0j
Free_energy = -32328.41074733699
------------------------------------------
[{'stable': {}, 'free': np.float64(-32328.41074733699)}]
------------------------------------------
  Seed: py
F_onsite: 0j
F_swave: 0j, F_dwave: 0j
F_px: 0j, F_py: 0j
Free_energy = -32328.41074733699
------------------------------------------
[{'stable': {}, 'free': np.float64(-32328.41074733699)}]
------------------------------------------
  Seed: px+py
F_onsite: 0j
F_swave: 0j, F_dwave: 0j
F_px: 0j, F_py: 0j
Free_energy = -32328.41074733699
------------------------------------------
[{'stable': {}, 'free': np.float64(-32328.41074733699)}]
------------------------------------------
  Seed: px+i*py
F_onsite: (4.511587087456685e-21+9.893499326561398e-22j)
F_swave: (-3.1187750554689378e-21-7.752029703526594e-22j), F_dwave: (-6.0243739592613555e-22+3.317590584727581e-23j)
F_px: (-8.160616071318036e-22+6.025193408619055e-21j), F_py: (4.249626017441824e-22+6.5109278068021035e-21j)
Free_energy = -32328.41074733699
------------------------------------------
[{'stable': {}, 'free': np.float64(-32328.41074733699)}]
------------------------------------------
  Seed: d-wave
F_onsite: 0j
F_swave: 0j, F_dwave: 0j
F_px: 0j, F_py: 0j
Free_energy = -32328.41074733699
------------------------------------------
[{'stable': {}, 'free': np.float64(-32328.41074733699)}]
------------------------------------------
  Seed: d-wave+px
F_onsite: 0j
F_swave: 0j, F_dwave: 0j
F_px: 0j, F_py: 0j
Free_energy = -32328.41074733699
------------------------------------------
[{'stable': {}, 'free': np.float64(-32328.41074733699)}]
------------------------------------------
  Seed: d-wave+py
F_onsite: 0j
F_swave: 0j, F_dwave: 0j
F_px: 0j, F_py: 0j
Free_energy = -32328.41074733699
------------------------------------------
[{'stable': {}, 'free': np.float64(-32328.41074733699)}]
------------------------------------------
  Seed: s-wave
F_onsite: 0j
F_swave: 0j, F_dwave: 0j
F_px: 0j, F_py: 0j
Free_energy = -32328.41074733699
------------------------------------------
[{'stable': {}, 'free': np.float64(-32328.41074733699)}]
------------------------------------------
  Seed: s-wave+px
F_onsite: 0j
F_swave: 0j, F_dwave: 0j
F_px: 0j, F_py: 0j
Free_energy = -32328.41074733699
------------------------------------------
[{'stable': {}, 'free': np.float64(-32328.41074733699)}]
------------------------------------------
  Seed: s-wave+py
F_onsite: 0j
F_swave: 0j, F_dwave: 0j
F_px: 0j, F_py: 0j
Free_energy = -32328.41074733699
------------------------------------------
[{'stable': {}, 'free': np.float64(-32328.41074733699)}]
------------------------------------------
====================================
mu=3.17, T=0.1453
====================================
  Seed: normal state
F_onsite: 0j
F_swave: 0j, F_dwave: 0j
F_px: 0j, F_py: 0j
Free_energy = -32336.856248480257
------------------------------------------
[{'stable': {}, 'free': np.float64(-32336.856248480257)}]
------------------------------------------
  Seed: px
F_onsite: 0j
F_swave: 0j, F_dwave: 0j
F_px: 0j, F_py: 0j
Free_energy = -32336.856248480257
------------------------------------------
[{'stable': {}, 'free': np.float64(-32336.856248480257)}]
------------------------------------------
  Seed: py
F_onsite: 0j
F_swave: 0j, F_dwave: 0j
F_px: 0j, F_py: 0j
Free_energy = -32336.856248480257
------------------------------------------
[{'stable': {}, 'free': np.float64(-32336.856248480257)}]
------------------------------------------
  Seed: px+py
F_onsite: 0j
F_swave: 0j, F_dwave: 0j
F_px: 0j, F_py: 0j
Free_energy = -32336.856248480257
------------------------------------------
[{'stable': {}, 'free': np.float64(-32336.856248480257)}]
------------------------------------------
  Seed: px+i*py
F_onsite: (1.198843274672193e-21+4.450848577227657e-21j)
F_swave: (-1.2907494605269747e-21-3.612041341072477e-21j), F_dwave: (-6.236563267657373e-21-8.925095611966517e-23j)
F_px: (-2.0078006115632092e-21+9.789494353365402e-21j), F_py: (-3.285281804817203e-21-2.335649751409099e-20j)
Free_energy = -32336.856248480257
------------------------------------------
[{'stable': {}, 'free': np.float64(-32336.856248480257)}]
------------------------------------------
  Seed: d-wave
F_onsite: 0j
F_swave: 0j, F_dwave: 0j
F_px: 0j, F_py: 0j
Free_energy = -32336.856248480257
------------------------------------------
[{'stable': {}, 'free': np.float64(-32336.856248480257)}]
------------------------------------------
  Seed: d-wave+px
F_onsite: 0j
F_swave: 0j, F_dwave: 0j
F_px: 0j, F_py: 0j
Free_energy = -32336.856248480257
------------------------------------------
[{'stable': {}, 'free': np.float64(-32336.856248480257)}]
------------------------------------------
  Seed: d-wave+py
F_onsite: 0j
F_swave: 0j, F_dwave: 0j
F_px: 0j, F_py: 0j
Free_energy = -32336.856248480257
------------------------------------------
[{'stable': {}, 'free': np.float64(-32336.856248480257)}]
------------------------------------------
  Seed: s-wave
F_onsite: 0j
F_swave: 0j, F_dwave: 0j
F_px: 0j, F_py: 0j
Free_energy = -32336.856248480257
------------------------------------------
[{'stable': {}, 'free': np.float64(-32336.856248480257)}]
------------------------------------------
  Seed: s-wave+px
F_onsite: 0j
F_swave: 0j, F_dwave: 0j
F_px: 0j, F_py: 0j
Free_energy = -32336.856248480257
------------------------------------------
[{'stable': {}, 'free': np.float64(-32336.856248480257)}]
------------------------------------------
  Seed: s-wave+py
F_onsite: 0j
F_swave: 0j, F_dwave: 0j
F_px: 0j, F_py: 0j
Free_energy = -32336.856248480257
------------------------------------------
[{'stable': {}, 'free': np.float64(-32336.856248480257)}]
------------------------------------------
====================================
mu=3.17, T=0.1557
====================================
  Seed: normal state
F_onsite: 0j
F_swave: 0j, F_dwave: 0j
F_px: 0j, F_py: 0j
Free_energy = -32345.904871565803
------------------------------------------
[{'stable': {}, 'free': np.float64(-32345.904871565803)}]
------------------------------------------
  Seed: px
F_onsite: 0j
F_swave: 0j, F_dwave: 0j
F_px: 0j, F_py: 0j
Free_energy = -32345.904871565803
------------------------------------------
[{'stable': {}, 'free': np.float64(-32345.904871565803)}]
------------------------------------------
  Seed: py
F_onsite: 0j
F_swave: 0j, F_dwave: 0j
F_px: 0j, F_py: 0j
Free_energy = -32345.904871565803
------------------------------------------
[{'stable': {}, 'free': np.float64(-32345.904871565803)}]
------------------------------------------
  Seed: px+py
F_onsite: 0j
F_swave: 0j, F_dwave: 0j
F_px: 0j, F_py: 0j
Free_energy = -32345.904871565803
------------------------------------------
[{'stable': {}, 'free': np.float64(-32345.904871565803)}]
------------------------------------------
  Seed: px+i*py
F_onsite: (-6.630036915816239e-20-6.414898755186723e-21j)
F_swave: (5.220541848710748e-20+5.038013951653738e-21j), F_dwave: (3.925995396397522e-21-1.2108349742473176e-21j)
F_px: (1.0906594762835913e-21-2.029722321426808e-20j), F_py: (1.5915475221810756e-22+2.3720556491445874e-21j)
Free_energy = -32345.9048715658
------------------------------------------
[{'stable': {}, 'free': np.float64(-32345.904871565803)}]
------------------------------------------
  Seed: d-wave
F_onsite: 0j
F_swave: 0j, F_dwave: 0j
F_px: 0j, F_py: 0j
Free_energy = -32345.904871565803
------------------------------------------
[{'stable': {}, 'free': np.float64(-32345.904871565803)}]
------------------------------------------
  Seed: d-wave+px
F_onsite: 0j
F_swave: 0j, F_dwave: 0j
F_px: 0j, F_py: 0j
Free_energy = -32345.904871565803
------------------------------------------
[{'stable': {}, 'free': np.float64(-32345.904871565803)}]
------------------------------------------
  Seed: d-wave+py
F_onsite: 0j
F_swave: 0j, F_dwave: 0j
F_px: 0j, F_py: 0j
Free_energy = -32345.904871565803
------------------------------------------
[{'stable': {}, 'free': np.float64(-32345.904871565803)}]
------------------------------------------
  Seed: s-wave
F_onsite: 0j
F_swave: 0j, F_dwave: 0j
F_px: 0j, F_py: 0j
Free_energy = -32345.904871565803
------------------------------------------
[{'stable': {}, 'free': np.float64(-32345.904871565803)}]
------------------------------------------
  Seed: s-wave+px
F_onsite: 0j
F_swave: 0j, F_dwave: 0j
F_px: 0j, F_py: 0j
Free_energy = -32345.904871565803
------------------------------------------
[{'stable': {}, 'free': np.float64(-32345.904871565803)}]
------------------------------------------
  Seed: s-wave+py
F_onsite: 0j
F_swave: 0j, F_dwave: 0j
F_px: 0j, F_py: 0j
Free_energy = -32345.904871565803
------------------------------------------
[{'stable': {}, 'free': np.float64(-32345.904871565803)}]
------------------------------------------
====================================
mu=3.17, T=0.1660
====================================
  Seed: normal state
F_onsite: 0j
F_swave: 0j, F_dwave: 0j
F_px: 0j, F_py: 0j
Free_energy = -32355.549921705435
------------------------------------------
[{'stable': {}, 'free': np.float64(-32355.549921705435)}]
------------------------------------------
  Seed: px
F_onsite: 0j
F_swave: 0j, F_dwave: 0j
F_px: 0j, F_py: 0j
Free_energy = -32355.549921705435
------------------------------------------
[{'stable': {}, 'free': np.float64(-32355.549921705435)}]
------------------------------------------
  Seed: py
F_onsite: 0j
F_swave: 0j, F_dwave: 0j
F_px: 0j, F_py: 0j
Free_energy = -32355.549921705435
------------------------------------------
[{'stable': {}, 'free': np.float64(-32355.549921705435)}]
------------------------------------------
  Seed: px+py
F_onsite: 0j
F_swave: 0j, F_dwave: 0j
F_px: 0j, F_py: 0j
Free_energy = -32355.549921705435
------------------------------------------
[{'stable': {}, 'free': np.float64(-32355.549921705435)}]
------------------------------------------
  Seed: px+i*py
F_onsite: (8.826184484544394e-21+6.230769438022344e-22j)
F_swave: (-5.727200652325329e-21-4.565160150721395e-22j), F_dwave: (1.2729430429130787e-21+1.944463095613363e-22j)
F_px: (-4.738228756616997e-22+1.170025522689627e-20j), F_py: (4.713220881007448e-22-1.7446907589172086e-21j)
Free_energy = -32355.549921705435
------------------------------------------
[{'stable': {}, 'free': np.float64(-32355.549921705435)}]
------------------------------------------
  Seed: d-wave
F_onsite: 0j
F_swave: 0j, F_dwave: 0j
F_px: 0j, F_py: 0j
Free_energy = -32355.549921705435
------------------------------------------
[{'stable': {}, 'free': np.float64(-32355.549921705435)}]
------------------------------------------
  Seed: d-wave+px
F_onsite: 0j
F_swave: 0j, F_dwave: 0j
F_px: 0j, F_py: 0j
Free_energy = -32355.549921705435
------------------------------------------
[{'stable': {}, 'free': np.float64(-32355.549921705435)}]
------------------------------------------
  Seed: d-wave+py
F_onsite: 0j
F_swave: 0j, F_dwave: 0j
F_px: 0j, F_py: 0j
Free_energy = -32355.549921705435
------------------------------------------
[{'stable': {}, 'free': np.float64(-32355.549921705435)}]
------------------------------------------
  Seed: s-wave
F_onsite: 0j
F_swave: 0j, F_dwave: 0j
F_px: 0j, F_py: 0j
Free_energy = -32355.549921705435
------------------------------------------
[{'stable': {}, 'free': np.float64(-32355.549921705435)}]
------------------------------------------
  Seed: s-wave+px
F_onsite: 0j
F_swave: 0j, F_dwave: 0j
F_px: 0j, F_py: 0j
Free_energy = -32355.549921705435
------------------------------------------
[{'stable': {}, 'free': np.float64(-32355.549921705435)}]
------------------------------------------
  Seed: s-wave+py
F_onsite: 0j
F_swave: 0j, F_dwave: 0j
F_px: 0j, F_py: 0j
Free_energy = -32355.549921705435
------------------------------------------
[{'stable': {}, 'free': np.float64(-32355.549921705435)}]
------------------------------------------
====================================
mu=3.17, T=0.1763
====================================
  Seed: normal state
F_onsite: 0j
F_swave: 0j, F_dwave: 0j
F_px: 0j, F_py: 0j
Free_energy = -32365.78413361657
------------------------------------------
[{'stable': {}, 'free': np.float64(-32365.78413361657)}]
------------------------------------------
  Seed: px
F_onsite: 0j
F_swave: 0j, F_dwave: 0j
F_px: 0j, F_py: 0j
Free_energy = -32365.78413361657
------------------------------------------
[{'stable': {}, 'free': np.float64(-32365.78413361657)}]
------------------------------------------
  Seed: py
F_onsite: 0j
F_swave: 0j, F_dwave: 0j
F_px: 0j, F_py: 0j
Free_energy = -32365.78413361657
------------------------------------------
[{'stable': {}, 'free': np.float64(-32365.78413361657)}]
------------------------------------------
  Seed: px+py
F_onsite: 0j
F_swave: 0j, F_dwave: 0j
F_px: 0j, F_py: 0j
Free_energy = -32365.78413361657
------------------------------------------
[{'stable': {}, 'free': np.float64(-32365.78413361657)}]
------------------------------------------
  Seed: px+i*py
F_onsite: (4.293125281918569e-20+2.3344734488766878e-21j)
F_swave: (-3.2114495569436344e-20-1.884838434122282e-21j), F_dwave: (-5.1621104238483945e-21+8.268617789483369e-22j)
F_px: (-1.4138256963698675e-21+1.5055399047870233e-20j), F_py: (1.105855851813857e-21+3.666977936183837e-20j)
Free_energy = -32365.78413361657
------------------------------------------
[{'stable': {}, 'free': np.float64(-32365.78413361657)}]
------------------------------------------
  Seed: d-wave
F_onsite: 0j
F_swave: 0j, F_dwave: 0j
F_px: 0j, F_py: 0j
Free_energy = -32365.78413361657
------------------------------------------
[{'stable': {}, 'free': np.float64(-32365.78413361657)}]
------------------------------------------
  Seed: d-wave+px
F_onsite: 0j
F_swave: 0j, F_dwave: 0j
F_px: 0j, F_py: 0j
Free_energy = -32365.78413361657
------------------------------------------
[{'stable': {}, 'free': np.float64(-32365.78413361657)}]
------------------------------------------
  Seed: d-wave+py
F_onsite: 0j
F_swave: 0j, F_dwave: 0j
F_px: 0j, F_py: 0j
Free_energy = -32365.78413361657
------------------------------------------
[{'stable': {}, 'free': np.float64(-32365.78413361657)}]
------------------------------------------
  Seed: s-wave
F_onsite: 0j
F_swave: 0j, F_dwave: 0j
F_px: 0j, F_py: 0j
Free_energy = -32365.78413361657
------------------------------------------
[{'stable': {}, 'free': np.float64(-32365.78413361657)}]
------------------------------------------
  Seed: s-wave+px
F_onsite: 0j
F_swave: 0j, F_dwave: 0j
F_px: 0j, F_py: 0j
Free_energy = -32365.78413361657
------------------------------------------
[{'stable': {}, 'free': np.float64(-32365.78413361657)}]
------------------------------------------
  Seed: s-wave+py
F_onsite: 0j
F_swave: 0j, F_dwave: 0j
F_px: 0j, F_py: 0j
Free_energy = -32365.78413361657
------------------------------------------
[{'stable': {}, 'free': np.float64(-32365.78413361657)}]
------------------------------------------
====================================
mu=3.17, T=0.1866
====================================
  Seed: normal state
F_onsite: 0j
F_swave: 0j, F_dwave: 0j
F_px: 0j, F_py: 0j
Free_energy = -32376.599856416207
------------------------------------------
[{'stable': {}, 'free': np.float64(-32376.599856416207)}]
------------------------------------------
  Seed: px
F_onsite: 0j
F_swave: 0j, F_dwave: 0j
F_px: 0j, F_py: 0j
Free_energy = -32376.599856416207
------------------------------------------
[{'stable': {}, 'free': np.float64(-32376.599856416207)}]
------------------------------------------
  Seed: py
F_onsite: 0j
F_swave: 0j, F_dwave: 0j
F_px: 0j, F_py: 0j
Free_energy = -32376.599856416207
------------------------------------------
[{'stable': {}, 'free': np.float64(-32376.599856416207)}]
------------------------------------------
  Seed: px+py
F_onsite: 0j
F_swave: 0j, F_dwave: 0j
F_px: 0j, F_py: 0j
Free_energy = -32376.599856416207
------------------------------------------
[{'stable': {}, 'free': np.float64(-32376.599856416207)}]
------------------------------------------
  Seed: px+i*py
F_onsite: (5.98562750205866e-20-9.230547132822877e-22j)
F_swave: (-4.9612895704917315e-20+7.632997546215884e-22j), F_dwave: (-1.5699636536892007e-22-1.78838328345261e-22j)
F_px: (1.201062399459457e-21+6.836042786824087e-21j), F_py: (5.633466450024928e-22+4.946939633368762e-20j)
Free_energy = -32376.599856416207
------------------------------------------
[{'stable': {}, 'free': np.float64(-32376.599856416207)}]
------------------------------------------
  Seed: d-wave
F_onsite: 0j
F_swave: 0j, F_dwave: 0j
F_px: 0j, F_py: 0j
Free_energy = -32376.599856416207
------------------------------------------
[{'stable': {}, 'free': np.float64(-32376.599856416207)}]
------------------------------------------
  Seed: d-wave+px
F_onsite: 0j
F_swave: 0j, F_dwave: 0j
F_px: 0j, F_py: 0j
Free_energy = -32376.599856416207
------------------------------------------
[{'stable': {}, 'free': np.float64(-32376.599856416207)}]
------------------------------------------
  Seed: d-wave+py
F_onsite: 0j
F_swave: 0j, F_dwave: 0j
F_px: 0j, F_py: 0j
Free_energy = -32376.599856416207
------------------------------------------
[{'stable': {}, 'free': np.float64(-32376.599856416207)}]
------------------------------------------
  Seed: s-wave
F_onsite: 0j
F_swave: 0j, F_dwave: 0j
F_px: 0j, F_py: 0j
Free_energy = -32376.599856416207
------------------------------------------
[{'stable': {}, 'free': np.float64(-32376.599856416207)}]
------------------------------------------
  Seed: s-wave+px
F_onsite: 0j
F_swave: 0j, F_dwave: 0j
F_px: 0j, F_py: 0j
Free_energy = -32376.599856416207
------------------------------------------
[{'stable': {}, 'free': np.float64(-32376.599856416207)}]
------------------------------------------
  Seed: s-wave+py
F_onsite: 0j
F_swave: 0j, F_dwave: 0j
F_px: 0j, F_py: 0j
Free_energy = -32376.599856416207
------------------------------------------
[{'stable': {}, 'free': np.float64(-32376.599856416207)}]
------------------------------------------
====================================
mu=3.17, T=0.1969
====================================
  Seed: normal state
F_onsite: 0j
F_swave: 0j, F_dwave: 0j
F_px: 0j, F_py: 0j
Free_energy = -32387.989227679278
------------------------------------------
[{'stable': {}, 'free': np.float64(-32387.989227679278)}]
------------------------------------------
  Seed: px
F_onsite: 0j
F_swave: 0j, F_dwave: 0j
F_px: 0j, F_py: 0j
Free_energy = -32387.989227679278
------------------------------------------
[{'stable': {}, 'free': np.float64(-32387.989227679278)}]
------------------------------------------
  Seed: py
F_onsite: 0j
F_swave: 0j, F_dwave: 0j
F_px: 0j, F_py: 0j
Free_energy = -32387.989227679278
------------------------------------------
[{'stable': {}, 'free': np.float64(-32387.989227679278)}]
------------------------------------------
  Seed: px+py
F_onsite: 0j
F_swave: 0j, F_dwave: 0j
F_px: 0j, F_py: 0j
Free_energy = -32387.989227679278
------------------------------------------
[{'stable': {}, 'free': np.float64(-32387.989227679278)}]
------------------------------------------
  Seed: px+i*py
F_onsite: (1.3785279448612512e-22-9.350628896918329e-23j)
F_swave: (2.5412174971498216e-22+6.613074660665376e-23j), F_dwave: (1.4813802684303436e-21+1.1464110491925042e-22j)
F_px: (3.137401799004093e-23-2.6690818458480915e-24j), F_py: (6.549538599979993e-23-4.073845821678958e-21j)
Free_energy = -32387.989227679278
------------------------------------------
[{'stable': {}, 'free': np.float64(-32387.989227679278)}]
------------------------------------------
  Seed: d-wave
F_onsite: 0j
F_swave: 0j, F_dwave: 0j
F_px: 0j, F_py: 0j
Free_energy = -32387.989227679278
------------------------------------------
[{'stable': {}, 'free': np.float64(-32387.989227679278)}]
------------------------------------------
  Seed: d-wave+px
F_onsite: 0j
F_swave: 0j, F_dwave: 0j
F_px: 0j, F_py: 0j
Free_energy = -32387.989227679278
------------------------------------------
[{'stable': {}, 'free': np.float64(-32387.989227679278)}]
------------------------------------------
  Seed: d-wave+py
F_onsite: 0j
F_swave: 0j, F_dwave: 0j
F_px: 0j, F_py: 0j
Free_energy = -32387.989227679278
------------------------------------------
[{'stable': {}, 'free': np.float64(-32387.989227679278)}]
------------------------------------------
  Seed: s-wave
F_onsite: 0j
F_swave: 0j, F_dwave: 0j
F_px: 0j, F_py: 0j
Free_energy = -32387.989227679278
------------------------------------------
[{'stable': {}, 'free': np.float64(-32387.989227679278)}]
------------------------------------------
  Seed: s-wave+px
F_onsite: 0j
F_swave: 0j, F_dwave: 0j
F_px: 0j, F_py: 0j
Free_energy = -32387.989227679278
------------------------------------------
[{'stable': {}, 'free': np.float64(-32387.989227679278)}]
------------------------------------------
  Seed: s-wave+py
F_onsite: 0j
F_swave: 0j, F_dwave: 0j
F_px: 0j, F_py: 0j
Free_energy = -32387.989227679278
------------------------------------------
[{'stable': {}, 'free': np.float64(-32387.989227679278)}]
------------------------------------------
====================================
mu=3.17, T=0.2072
====================================
  Seed: normal state
F_onsite: 0j
F_swave: 0j, F_dwave: 0j
F_px: 0j, F_py: 0j
Free_energy = -32399.944329793772
------------------------------------------
[{'stable': {}, 'free': np.float64(-32399.944329793772)}]
------------------------------------------
  Seed: px
F_onsite: 0j
F_swave: 0j, F_dwave: 0j
F_px: 0j, F_py: 0j
Free_energy = -32399.944329793772
------------------------------------------
[{'stable': {}, 'free': np.float64(-32399.944329793772)}]
------------------------------------------
  Seed: py
F_onsite: 0j
F_swave: 0j, F_dwave: 0j
F_px: 0j, F_py: 0j
Free_energy = -32399.944329793772
------------------------------------------
[{'stable': {}, 'free': np.float64(-32399.944329793772)}]
------------------------------------------
  Seed: px+py
F_onsite: 0j
F_swave: 0j, F_dwave: 0j
F_px: 0j, F_py: 0j
Free_energy = -32399.944329793772
------------------------------------------
[{'stable': {}, 'free': np.float64(-32399.944329793772)}]
------------------------------------------
  Seed: px+i*py
F_onsite: (-3.544927882204344e-21-1.53579204842866e-21j)
F_swave: (2.8995901426578265e-21+1.1504300279498919e-21j), F_dwave: (-3.7055042487445755e-22-5.974323899014603e-22j)
F_px: (9.317130885011142e-23-1.4033665443192846e-20j), F_py: (5.187151540354631e-22+5.5786310173860685e-21j)
Free_energy = -32399.94432979377
------------------------------------------
[{'stable': {}, 'free': np.float64(-32399.944329793772)}]
------------------------------------------
  Seed: d-wave
F_onsite: 0j
F_swave: 0j, F_dwave: 0j
F_px: 0j, F_py: 0j
Free_energy = -32399.944329793772
------------------------------------------
[{'stable': {}, 'free': np.float64(-32399.944329793772)}]
------------------------------------------
  Seed: d-wave+px
F_onsite: 0j
F_swave: 0j, F_dwave: 0j
F_px: 0j, F_py: 0j
Free_energy = -32399.944329793772
------------------------------------------
[{'stable': {}, 'free': np.float64(-32399.944329793772)}]
------------------------------------------
  Seed: d-wave+py
F_onsite: 0j
F_swave: 0j, F_dwave: 0j
F_px: 0j, F_py: 0j
Free_energy = -32399.944329793772
------------------------------------------
[{'stable': {}, 'free': np.float64(-32399.944329793772)}]
------------------------------------------
  Seed: s-wave
F_onsite: 0j
F_swave: 0j, F_dwave: 0j
F_px: 0j, F_py: 0j
Free_energy = -32399.944329793772
------------------------------------------
[{'stable': {}, 'free': np.float64(-32399.944329793772)}]
------------------------------------------
  Seed: s-wave+px
F_onsite: 0j
F_swave: 0j, F_dwave: 0j
F_px: 0j, F_py: 0j
Free_energy = -32399.944329793772
------------------------------------------
[{'stable': {}, 'free': np.float64(-32399.944329793772)}]
------------------------------------------
  Seed: s-wave+py
F_onsite: 0j
F_swave: 0j, F_dwave: 0j
F_px: 0j, F_py: 0j
Free_energy = -32399.944329793772
------------------------------------------
[{'stable': {}, 'free': np.float64(-32399.944329793772)}]
------------------------------------------
====================================
mu=3.17, T=0.2175
====================================
  Seed: normal state
F_onsite: 0j
F_swave: 0j, F_dwave: 0j
F_px: 0j, F_py: 0j
Free_energy = -32412.45732530636
------------------------------------------
[{'stable': {}, 'free': np.float64(-32412.45732530636)}]
------------------------------------------
  Seed: px
F_onsite: 0j
F_swave: 0j, F_dwave: 0j
F_px: 0j, F_py: 0j
Free_energy = -32412.45732530636
------------------------------------------
[{'stable': {}, 'free': np.float64(-32412.45732530636)}]
------------------------------------------
  Seed: py
F_onsite: 0j
F_swave: 0j, F_dwave: 0j
F_px: 0j, F_py: 0j
Free_energy = -32412.45732530636
------------------------------------------
[{'stable': {}, 'free': np.float64(-32412.45732530636)}]
------------------------------------------
  Seed: px+py
F_onsite: 0j
F_swave: 0j, F_dwave: 0j
F_px: 0j, F_py: 0j
Free_energy = -32412.45732530636
------------------------------------------
[{'stable': {}, 'free': np.float64(-32412.45732530636)}]
------------------------------------------
  Seed: px+i*py
F_onsite: (3.4292169154452733e-20-4.88983782517239e-21j)
F_swave: (-2.713904276721955e-20+3.648066096697036e-21j), F_dwave: (-4.471275081967715e-21+1.4216060802389652e-21j)
F_px: (1.1133513293605563e-21-1.0118345445184006e-20j), F_py: (-9.83423921809514e-22+4.940944530102742e-20j)
Free_energy = -32412.45732530636
------------------------------------------
[{'stable': {}, 'free': np.float64(-32412.45732530636)}]
------------------------------------------
  Seed: d-wave
F_onsite: 0j
F_swave: 0j, F_dwave: 0j
F_px: 0j, F_py: 0j
Free_energy = -32412.45732530636
------------------------------------------
[{'stable': {}, 'free': np.float64(-32412.45732530636)}]
------------------------------------------
  Seed: d-wave+px
F_onsite: 0j
F_swave: 0j, F_dwave: 0j
F_px: 0j, F_py: 0j
Free_energy = -32412.45732530636
------------------------------------------
[{'stable': {}, 'free': np.float64(-32412.45732530636)}]
------------------------------------------
  Seed: d-wave+py
F_onsite: 0j
F_swave: 0j, F_dwave: 0j
F_px: 0j, F_py: 0j
Free_energy = -32412.45732530636
------------------------------------------
[{'stable': {}, 'free': np.float64(-32412.45732530636)}]
------------------------------------------
  Seed: s-wave
F_onsite: 0j
F_swave: 0j, F_dwave: 0j
F_px: 0j, F_py: 0j
Free_energy = -32412.45732530636
------------------------------------------
[{'stable': {}, 'free': np.float64(-32412.45732530636)}]
------------------------------------------
  Seed: s-wave+px
F_onsite: 0j
F_swave: 0j, F_dwave: 0j
F_px: 0j, F_py: 0j
Free_energy = -32412.45732530636
------------------------------------------
[{'stable': {}, 'free': np.float64(-32412.45732530636)}]
------------------------------------------
  Seed: s-wave+py
F_onsite: 0j
F_swave: 0j, F_dwave: 0j
F_px: 0j, F_py: 0j
Free_energy = -32412.45732530636
------------------------------------------
[{'stable': {}, 'free': np.float64(-32412.45732530636)}]
------------------------------------------
====================================
mu=3.17, T=0.2278
====================================
  Seed: normal state
F_onsite: 0j
F_swave: 0j, F_dwave: 0j
F_px: 0j, F_py: 0j
Free_energy = -32425.52057044469
------------------------------------------
[{'stable': {}, 'free': np.float64(-32425.52057044469)}]
------------------------------------------
  Seed: px
F_onsite: 0j
F_swave: 0j, F_dwave: 0j
F_px: 0j, F_py: 0j
Free_energy = -32425.52057044469
------------------------------------------
[{'stable': {}, 'free': np.float64(-32425.52057044469)}]
------------------------------------------
  Seed: py
F_onsite: 0j
F_swave: 0j, F_dwave: 0j
F_px: 0j, F_py: 0j
Free_energy = -32425.52057044469
------------------------------------------
[{'stable': {}, 'free': np.float64(-32425.52057044469)}]
------------------------------------------
  Seed: px+py
F_onsite: 0j
F_swave: 0j, F_dwave: 0j
F_px: 0j, F_py: 0j
Free_energy = -32425.52057044469
------------------------------------------
[{'stable': {}, 'free': np.float64(-32425.52057044469)}]
------------------------------------------
  Seed: px+i*py
F_onsite: (-5.048708346723616e-20-1.8604354949496502e-21j)
F_swave: (4.229299787653672e-20+1.852308194201915e-21j), F_dwave: (1.1648803020113168e-20-2.568775052172755e-21j)
F_px: (-4.390540589219184e-21+5.63686427758136e-20j), F_py: (-4.636156051163848e-21-4.24779028178914e-20j)
Free_energy = -32425.52057044469
------------------------------------------
[{'stable': {}, 'free': np.float64(-32425.52057044469)}]
------------------------------------------
  Seed: d-wave
F_onsite: 0j
F_swave: 0j, F_dwave: 0j
F_px: 0j, F_py: 0j
Free_energy = -32425.52057044469
------------------------------------------
[{'stable': {}, 'free': np.float64(-32425.52057044469)}]
------------------------------------------
  Seed: d-wave+px
F_onsite: 0j
F_swave: 0j, F_dwave: 0j
F_px: 0j, F_py: 0j
Free_energy = -32425.52057044469
------------------------------------------
[{'stable': {}, 'free': np.float64(-32425.52057044469)}]
------------------------------------------
  Seed: d-wave+py
F_onsite: 0j
F_swave: 0j, F_dwave: 0j
F_px: 0j, F_py: 0j
Free_energy = -32425.52057044469
------------------------------------------
[{'stable': {}, 'free': np.float64(-32425.52057044469)}]
------------------------------------------
  Seed: s-wave
F_onsite: 0j
F_swave: 0j, F_dwave: 0j
F_px: 0j, F_py: 0j
Free_energy = -32425.52057044469
------------------------------------------
[{'stable': {}, 'free': np.float64(-32425.52057044469)}]
------------------------------------------
  Seed: s-wave+px
F_onsite: 0j
F_swave: 0j, F_dwave: 0j
F_px: 0j, F_py: 0j
Free_energy = -32425.52057044469
------------------------------------------
[{'stable': {}, 'free': np.float64(-32425.52057044469)}]
------------------------------------------
  Seed: s-wave+py
F_onsite: 0j
F_swave: 0j, F_dwave: 0j
F_px: 0j, F_py: 0j
Free_energy = -32425.52057044469
------------------------------------------
[{'stable': {}, 'free': np.float64(-32425.52057044469)}]
------------------------------------------
====================================
mu=3.17, T=0.2381
====================================
  Seed: normal state
F_onsite: 0j
F_swave: 0j, F_dwave: 0j
F_px: 0j, F_py: 0j
Free_energy = -32439.126707562573
------------------------------------------
[{'stable': {}, 'free': np.float64(-32439.126707562573)}]
------------------------------------------
  Seed: px
F_onsite: 0j
F_swave: 0j, F_dwave: 0j
F_px: 0j, F_py: 0j
Free_energy = -32439.126707562573
------------------------------------------
[{'stable': {}, 'free': np.float64(-32439.126707562573)}]
------------------------------------------
  Seed: py
F_onsite: 0j
F_swave: 0j, F_dwave: 0j
F_px: 0j, F_py: 0j
Free_energy = -32439.126707562573
------------------------------------------
[{'stable': {}, 'free': np.float64(-32439.126707562573)}]
------------------------------------------
  Seed: px+py
F_onsite: 0j
F_swave: 0j, F_dwave: 0j
F_px: 0j, F_py: 0j
Free_energy = -32439.126707562573
------------------------------------------
[{'stable': {}, 'free': np.float64(-32439.126707562573)}]
------------------------------------------
  Seed: px+i*py
F_onsite: (4.053247115723126e-20+4.359941337464147e-21j)
F_swave: (-3.113260444992219e-20-3.3052183709739604e-21j), F_dwave: (2.4014840998651845e-21-4.199684937146212e-22j)
F_px: (3.5504534871316434e-22-6.6224556047187665e-21j), F_py: (-3.616120067148912e-21+2.9916384285764697e-20j)
Free_energy = -32439.126707562576
------------------------------------------
[{'stable': {}, 'free': np.float64(-32439.126707562573)}]
------------------------------------------
  Seed: d-wave
F_onsite: 0j
F_swave: 0j, F_dwave: 0j
F_px: 0j, F_py: 0j
Free_energy = -32439.126707562573
------------------------------------------
[{'stable': {}, 'free': np.float64(-32439.126707562573)}]
------------------------------------------
  Seed: d-wave+px
F_onsite: 0j
F_swave: 0j, F_dwave: 0j
F_px: 0j, F_py: 0j
Free_energy = -32439.126707562573
------------------------------------------
[{'stable': {}, 'free': np.float64(-32439.126707562573)}]
------------------------------------------
  Seed: d-wave+py
F_onsite: 0j
F_swave: 0j, F_dwave: 0j
F_px: 0j, F_py: 0j
Free_energy = -32439.126707562573
------------------------------------------
[{'stable': {}, 'free': np.float64(-32439.126707562573)}]
------------------------------------------
  Seed: s-wave
F_onsite: 0j
F_swave: 0j, F_dwave: 0j
F_px: 0j, F_py: 0j
Free_energy = -32439.126707562573
------------------------------------------
[{'stable': {}, 'free': np.float64(-32439.126707562573)}]
------------------------------------------
  Seed: s-wave+px
F_onsite: 0j
F_swave: 0j, F_dwave: 0j
F_px: 0j, F_py: 0j
Free_energy = -32439.126707562573
------------------------------------------
[{'stable': {}, 'free': np.float64(-32439.126707562573)}]
------------------------------------------
  Seed: s-wave+py
F_onsite: 0j
F_swave: 0j, F_dwave: 0j
F_px: 0j, F_py: 0j
Free_energy = -32439.126707562573
------------------------------------------
[{'stable': {}, 'free': np.float64(-32439.126707562573)}]
------------------------------------------
====================================
mu=3.17, T=0.2484
====================================
  Seed: normal state
F_onsite: 0j
F_swave: 0j, F_dwave: 0j
F_px: 0j, F_py: 0j
Free_energy = -32453.268738158935
------------------------------------------
[{'stable': {}, 'free': np.float64(-32453.268738158935)}]
------------------------------------------
  Seed: px
F_onsite: 0j
F_swave: 0j, F_dwave: 0j
F_px: 0j, F_py: 0j
Free_energy = -32453.268738158935
------------------------------------------
[{'stable': {}, 'free': np.float64(-32453.268738158935)}]
------------------------------------------
  Seed: py
F_onsite: 0j
F_swave: 0j, F_dwave: 0j
F_px: 0j, F_py: 0j
Free_energy = -32453.268738158935
------------------------------------------
[{'stable': {}, 'free': np.float64(-32453.268738158935)}]
------------------------------------------
  Seed: px+py
F_onsite: 0j
F_swave: 0j, F_dwave: 0j
F_px: 0j, F_py: 0j
Free_energy = -32453.268738158935
------------------------------------------
[{'stable': {}, 'free': np.float64(-32453.268738158935)}]
------------------------------------------
  Seed: px+i*py
F_onsite: (5.3464809533326495e-20+2.3766166845353673e-21j)
F_swave: (-4.458164400633404e-20-1.6659679252293684e-21j), F_dwave: (8.92634355922524e-21-2.944086831318159e-22j)
F_px: (9.668126402159423e-22+2.217592136487575e-20j), F_py: (1.8969002527947757e-21-2.970547967943622e-20j)
Free_energy = -32453.268738158935
------------------------------------------
[{'stable': {}, 'free': np.float64(-32453.268738158935)}]
------------------------------------------
  Seed: d-wave
F_onsite: 0j
F_swave: 0j, F_dwave: 0j
F_px: 0j, F_py: 0j
Free_energy = -32453.268738158935
------------------------------------------
[{'stable': {}, 'free': np.float64(-32453.268738158935)}]
------------------------------------------
  Seed: d-wave+px
F_onsite: 0j
F_swave: 0j, F_dwave: 0j
F_px: 0j, F_py: 0j
Free_energy = -32453.268738158935
------------------------------------------
[{'stable': {}, 'free': np.float64(-32453.268738158935)}]
------------------------------------------
  Seed: d-wave+py
F_onsite: 0j
F_swave: 0j, F_dwave: 0j
F_px: 0j, F_py: 0j
Free_energy = -32453.268738158935
------------------------------------------
[{'stable': {}, 'free': np.float64(-32453.268738158935)}]
------------------------------------------
  Seed: s-wave
F_onsite: 0j
F_swave: 0j, F_dwave: 0j
F_px: 0j, F_py: 0j
Free_energy = -32453.268738158935
------------------------------------------
[{'stable': {}, 'free': np.float64(-32453.268738158935)}]
------------------------------------------
  Seed: s-wave+px
F_onsite: 0j
F_swave: 0j, F_dwave: 0j
F_px: 0j, F_py: 0j
Free_energy = -32453.268738158935
------------------------------------------
[{'stable': {}, 'free': np.float64(-32453.268738158935)}]
------------------------------------------
  Seed: s-wave+py
F_onsite: 0j
F_swave: 0j, F_dwave: 0j
F_px: 0j, F_py: 0j
Free_energy = -32453.268738158935
------------------------------------------
[{'stable': {}, 'free': np.float64(-32453.268738158935)}]
------------------------------------------
====================================
mu=3.17, T=0.2588
====================================
  Seed: normal state
F_onsite: 0j
F_swave: 0j, F_dwave: 0j
F_px: 0j, F_py: 0j
Free_energy = -32467.94007852915
------------------------------------------
[{'stable': {}, 'free': np.float64(-32467.94007852915)}]
------------------------------------------
  Seed: px
F_onsite: 0j
F_swave: 0j, F_dwave: 0j
F_px: 0j, F_py: 0j
Free_energy = -32467.94007852915
------------------------------------------
[{'stable': {}, 'free': np.float64(-32467.94007852915)}]
------------------------------------------
  Seed: py
F_onsite: 0j
F_swave: 0j, F_dwave: 0j
F_px: 0j, F_py: 0j
Free_energy = -32467.94007852915
------------------------------------------
[{'stable': {}, 'free': np.float64(-32467.94007852915)}]
------------------------------------------
  Seed: px+py
F_onsite: 0j
F_swave: 0j, F_dwave: 0j
F_px: 0j, F_py: 0j
Free_energy = -32467.94007852915
------------------------------------------
[{'stable': {}, 'free': np.float64(-32467.94007852915)}]
------------------------------------------
  Seed: px+i*py
F_onsite: (-1.015046979093953e-20+7.960529014072661e-22j)
F_swave: (7.860472781024662e-21-6.081005938954804e-22j), F_dwave: (-7.5564450131193e-22-8.618486518433704e-23j)
F_px: (-3.7994551476264253e-22+8.452642622423406e-21j), F_py: (5.611995562577792e-22+7.99652944142328e-21j)
Free_energy = -32467.94007852915
------------------------------------------
[{'stable': {}, 'free': np.float64(-32467.94007852915)}]
------------------------------------------
  Seed: d-wave
F_onsite: 0j
F_swave: 0j, F_dwave: 0j
F_px: 0j, F_py: 0j
Free_energy = -32467.94007852915
------------------------------------------
[{'stable': {}, 'free': np.float64(-32467.94007852915)}]
------------------------------------------
  Seed: d-wave+px
F_onsite: 0j
F_swave: 0j, F_dwave: 0j
F_px: 0j, F_py: 0j
Free_energy = -32467.94007852915
------------------------------------------
[{'stable': {}, 'free': np.float64(-32467.94007852915)}]
------------------------------------------
  Seed: d-wave+py
F_onsite: 0j
F_swave: 0j, F_dwave: 0j
F_px: 0j, F_py: 0j
Free_energy = -32467.94007852915
------------------------------------------
[{'stable': {}, 'free': np.float64(-32467.94007852915)}]
------------------------------------------
  Seed: s-wave
F_onsite: 0j
F_swave: 0j, F_dwave: 0j
F_px: 0j, F_py: 0j
Free_energy = -32467.94007852915
------------------------------------------
[{'stable': {}, 'free': np.float64(-32467.94007852915)}]
------------------------------------------
  Seed: s-wave+px
F_onsite: 0j
F_swave: 0j, F_dwave: 0j
F_px: 0j, F_py: 0j
Free_energy = -32467.94007852915
------------------------------------------
[{'stable': {}, 'free': np.float64(-32467.94007852915)}]
------------------------------------------
  Seed: s-wave+py
F_onsite: 0j
F_swave: 0j, F_dwave: 0j
F_px: 0j, F_py: 0j
Free_energy = -32467.94007852915
------------------------------------------
[{'stable': {}, 'free': np.float64(-32467.94007852915)}]
------------------------------------------
====================================
mu=3.17, T=0.2691
====================================
  Seed: normal state
F_onsite: 0j
F_swave: 0j, F_dwave: 0j
F_px: 0j, F_py: 0j
Free_energy = -32483.134600246427
------------------------------------------
[{'stable': {}, 'free': np.float64(-32483.134600246427)}]
------------------------------------------
  Seed: px
F_onsite: 0j
F_swave: 0j, F_dwave: 0j
F_px: 0j, F_py: 0j
Free_energy = -32483.134600246427
------------------------------------------
[{'stable': {}, 'free': np.float64(-32483.134600246427)}]
------------------------------------------
  Seed: py
F_onsite: 0j
F_swave: 0j, F_dwave: 0j
F_px: 0j, F_py: 0j
Free_energy = -32483.134600246427
------------------------------------------
[{'stable': {}, 'free': np.float64(-32483.134600246427)}]
------------------------------------------
  Seed: px+py
F_onsite: 0j
F_swave: 0j, F_dwave: 0j
F_px: 0j, F_py: 0j
Free_energy = -32483.134600246427
------------------------------------------
[{'stable': {}, 'free': np.float64(-32483.134600246427)}]
------------------------------------------
  Seed: px+i*py
F_onsite: (1.4958784738318627e-20-4.562885440387373e-22j)
F_swave: (-8.396227729919633e-21+4.1333685930059507e-22j), F_dwave: (-4.01798231191669e-21-7.483751974483791e-22j)
F_px: (-8.409452073643963e-22-3.391599760181065e-21j), F_py: (6.59559899779513e-22-4.2242036248013145e-21j)
Free_energy = -32483.134600246427
------------------------------------------
[{'stable': {}, 'free': np.float64(-32483.134600246427)}]
------------------------------------------
  Seed: d-wave
F_onsite: 0j
F_swave: 0j, F_dwave: 0j
F_px: 0j, F_py: 0j
Free_energy = -32483.134600246427
------------------------------------------
[{'stable': {}, 'free': np.float64(-32483.134600246427)}]
------------------------------------------
  Seed: d-wave+px
F_onsite: 0j
F_swave: 0j, F_dwave: 0j
F_px: 0j, F_py: 0j
Free_energy = -32483.134600246427
------------------------------------------
[{'stable': {}, 'free': np.float64(-32483.134600246427)}]
------------------------------------------
  Seed: d-wave+py
F_onsite: 0j
F_swave: 0j, F_dwave: 0j
F_px: 0j, F_py: 0j
Free_energy = -32483.134600246427
------------------------------------------
[{'stable': {}, 'free': np.float64(-32483.134600246427)}]
------------------------------------------
  Seed: s-wave
F_onsite: 0j
F_swave: 0j, F_dwave: 0j
F_px: 0j, F_py: 0j
Free_energy = -32483.134600246427
------------------------------------------
[{'stable': {}, 'free': np.float64(-32483.134600246427)}]
------------------------------------------
  Seed: s-wave+px
F_onsite: 0j
F_swave: 0j, F_dwave: 0j
F_px: 0j, F_py: 0j
Free_energy = -32483.134600246427
------------------------------------------
[{'stable': {}, 'free': np.float64(-32483.134600246427)}]
------------------------------------------
  Seed: s-wave+py
F_onsite: 0j
F_swave: 0j, F_dwave: 0j
F_px: 0j, F_py: 0j
Free_energy = -32483.134600246427
------------------------------------------
[{'stable': {}, 'free': np.float64(-32483.134600246427)}]
------------------------------------------
====================================
mu=3.17, T=0.2794
====================================
  Seed: normal state
F_onsite: 0j
F_swave: 0j, F_dwave: 0j
F_px: 0j, F_py: 0j
Free_energy = -32498.846657608643
------------------------------------------
[{'stable': {}, 'free': np.float64(-32498.846657608643)}]
------------------------------------------
  Seed: px
F_onsite: 0j
F_swave: 0j, F_dwave: 0j
F_px: 0j, F_py: 0j
Free_energy = -32498.846657608643
------------------------------------------
[{'stable': {}, 'free': np.float64(-32498.846657608643)}]
------------------------------------------
  Seed: py
F_onsite: 0j
F_swave: 0j, F_dwave: 0j
F_px: 0j, F_py: 0j
Free_energy = -32498.846657608643
------------------------------------------
[{'stable': {}, 'free': np.float64(-32498.846657608643)}]
------------------------------------------
  Seed: px+py
F_onsite: 0j
F_swave: 0j, F_dwave: 0j
F_px: 0j, F_py: 0j
Free_energy = -32498.846657608643
------------------------------------------
[{'stable': {}, 'free': np.float64(-32498.846657608643)}]
------------------------------------------
  Seed: px+i*py
F_onsite: (2.2534166068482687e-20-1.6899801134143929e-21j)
F_swave: (-1.5967489500556217e-20+1.1340853426260556e-21j), F_dwave: (-2.215081961733568e-22+2.5061247736491956e-22j)
F_px: (1.1882631853749494e-21+2.6838221854694402e-20j), F_py: (-1.5081304675984216e-21-8.671918769688383e-22j)
Free_energy = -32498.846657608643
------------------------------------------
[{'stable': {}, 'free': np.float64(-32498.846657608643)}]
------------------------------------------
  Seed: d-wave
F_onsite: 0j
F_swave: 0j, F_dwave: 0j
F_px: 0j, F_py: 0j
Free_energy = -32498.846657608643
------------------------------------------
[{'stable': {}, 'free': np.float64(-32498.846657608643)}]
------------------------------------------
  Seed: d-wave+px
F_onsite: 0j
F_swave: 0j, F_dwave: 0j
F_px: 0j, F_py: 0j
Free_energy = -32498.846657608643
------------------------------------------
[{'stable': {}, 'free': np.float64(-32498.846657608643)}]
------------------------------------------
  Seed: d-wave+py
F_onsite: 0j
F_swave: 0j, F_dwave: 0j
F_px: 0j, F_py: 0j
Free_energy = -32498.846657608643
------------------------------------------
[{'stable': {}, 'free': np.float64(-32498.846657608643)}]
------------------------------------------
  Seed: s-wave
F_onsite: 0j
F_swave: 0j, F_dwave: 0j
F_px: 0j, F_py: 0j
Free_energy = -32498.846657608643
------------------------------------------
[{'stable': {}, 'free': np.float64(-32498.846657608643)}]
------------------------------------------
  Seed: s-wave+px
F_onsite: 0j
F_swave: 0j, F_dwave: 0j
F_px: 0j, F_py: 0j
Free_energy = -32498.846657608643
------------------------------------------
[{'stable': {}, 'free': np.float64(-32498.846657608643)}]
------------------------------------------
  Seed: s-wave+py
F_onsite: 0j
F_swave: 0j, F_dwave: 0j
F_px: 0j, F_py: 0j
Free_energy = -32498.846657608643
------------------------------------------
[{'stable': {}, 'free': np.float64(-32498.846657608643)}]
------------------------------------------
====================================
mu=3.17, T=0.2897
====================================
  Seed: normal state
F_onsite: 0j
F_swave: 0j, F_dwave: 0j
F_px: 0j, F_py: 0j
Free_energy = -32515.071104037655
------------------------------------------
[{'stable': {}, 'free': np.float64(-32515.071104037655)}]
------------------------------------------
  Seed: px
F_onsite: 0j
F_swave: 0j, F_dwave: 0j
F_px: 0j, F_py: 0j
Free_energy = -32515.071104037655
------------------------------------------
[{'stable': {}, 'free': np.float64(-32515.071104037655)}]
------------------------------------------
  Seed: py
F_onsite: 0j
F_swave: 0j, F_dwave: 0j
F_px: 0j, F_py: 0j
Free_energy = -32515.071104037655
------------------------------------------
[{'stable': {}, 'free': np.float64(-32515.071104037655)}]
------------------------------------------
  Seed: px+py
F_onsite: 0j
F_swave: 0j, F_dwave: 0j
F_px: 0j, F_py: 0j
Free_energy = -32515.071104037655
------------------------------------------
[{'stable': {}, 'free': np.float64(-32515.071104037655)}]
------------------------------------------
  Seed: px+i*py
F_onsite: (-4.483508690206054e-20+2.8400027398679357e-21j)
F_swave: (3.698991804261776e-20-2.2399880623946758e-21j), F_dwave: (-1.8043952138070233e-20+4.444902902987629e-22j)
F_px: (-2.628178156085898e-21-4.762574728496315e-20j), F_py: (-1.6916296881341421e-21+2.890856974480803e-20j)
Free_energy = -32515.071104037655
------------------------------------------
[{'stable': {}, 'free': np.float64(-32515.071104037655)}]
------------------------------------------
  Seed: d-wave
F_onsite: 0j
F_swave: 0j, F_dwave: 0j
F_px: 0j, F_py: 0j
Free_energy = -32515.071104037655
------------------------------------------
[{'stable': {}, 'free': np.float64(-32515.071104037655)}]
------------------------------------------
  Seed: d-wave+px
F_onsite: 0j
F_swave: 0j, F_dwave: 0j
F_px: 0j, F_py: 0j
Free_energy = -32515.071104037655
------------------------------------------
[{'stable': {}, 'free': np.float64(-32515.071104037655)}]
------------------------------------------
  Seed: d-wave+py
F_onsite: 0j
F_swave: 0j, F_dwave: 0j
F_px: 0j, F_py: 0j
Free_energy = -32515.071104037655
------------------------------------------
[{'stable': {}, 'free': np.float64(-32515.071104037655)}]
------------------------------------------
  Seed: s-wave
F_onsite: 0j
F_swave: 0j, F_dwave: 0j
F_px: 0j, F_py: 0j
Free_energy = -32515.071104037655
------------------------------------------
[{'stable': {}, 'free': np.float64(-32515.071104037655)}]
------------------------------------------
  Seed: s-wave+px
F_onsite: 0j
F_swave: 0j, F_dwave: 0j
F_px: 0j, F_py: 0j
Free_energy = -32515.071104037655
------------------------------------------
[{'stable': {}, 'free': np.float64(-32515.071104037655)}]
------------------------------------------
  Seed: s-wave+py
F_onsite: 0j
F_swave: 0j, F_dwave: 0j
F_px: 0j, F_py: 0j
Free_energy = -32515.071104037655
------------------------------------------
[{'stable': {}, 'free': np.float64(-32515.071104037655)}]
------------------------------------------
====================================
mu=3.17, T=0.3000
====================================
  Seed: normal state
F_onsite: 0j
F_swave: 0j, F_dwave: 0j
F_px: 0j, F_py: 0j
Free_energy = -32531.803299220002
------------------------------------------
[{'stable': {}, 'free': np.float64(-32531.803299220002)}]
------------------------------------------
  Seed: px
F_onsite: 0j
F_swave: 0j, F_dwave: 0j
F_px: 0j, F_py: 0j
Free_energy = -32531.803299220002
------------------------------------------
[{'stable': {}, 'free': np.float64(-32531.803299220002)}]
------------------------------------------
  Seed: py
F_onsite: 0j
F_swave: 0j, F_dwave: 0j
F_px: 0j, F_py: 0j
Free_energy = -32531.803299220002
------------------------------------------
[{'stable': {}, 'free': np.float64(-32531.803299220002)}]
------------------------------------------
  Seed: px+py
F_onsite: 0j
F_swave: 0j, F_dwave: 0j
F_px: 0j, F_py: 0j
Free_energy = -32531.803299220002
------------------------------------------
[{'stable': {}, 'free': np.float64(-32531.803299220002)}]
------------------------------------------
  Seed: px+i*py
F_onsite: (8.54942279105061e-21+1.798866932375393e-21j)
F_swave: (-6.137869538829475e-21-1.5042364089917336e-21j), F_dwave: (7.033313030534893e-21+4.380744978470314e-22j)
F_px: (-4.476340765881002e-22+1.6109693191220657e-20j), F_py: (1.1028731872710365e-21+3.674292466808502e-21j)
Free_energy = -32531.80329922001
------------------------------------------
[{'stable': {}, 'free': np.float64(-32531.803299220002)}]
------------------------------------------
  Seed: d-wave
F_onsite: 0j
F_swave: 0j, F_dwave: 0j
F_px: 0j, F_py: 0j
Free_energy = -32531.803299220002
------------------------------------------
[{'stable': {}, 'free': np.float64(-32531.803299220002)}]
------------------------------------------
  Seed: d-wave+px
F_onsite: 0j
F_swave: 0j, F_dwave: 0j
F_px: 0j, F_py: 0j
Free_energy = -32531.803299220002
------------------------------------------
[{'stable': {}, 'free': np.float64(-32531.803299220002)}]
------------------------------------------
  Seed: d-wave+py
F_onsite: 0j
F_swave: 0j, F_dwave: 0j
F_px: 0j, F_py: 0j
Free_energy = -32531.803299220002
------------------------------------------
[{'stable': {}, 'free': np.float64(-32531.803299220002)}]
------------------------------------------
  Seed: s-wave
F_onsite: 0j
F_swave: 0j, F_dwave: 0j
F_px: 0j, F_py: 0j
Free_energy = -32531.803299220002
------------------------------------------
[{'stable': {}, 'free': np.float64(-32531.803299220002)}]
------------------------------------------
  Seed: s-wave+px
F_onsite: 0j
F_swave: 0j, F_dwave: 0j
F_px: 0j, F_py: 0j
Free_energy = -32531.803299220002
------------------------------------------
[{'stable': {}, 'free': np.float64(-32531.803299220002)}]
------------------------------------------
  Seed: s-wave+py
F_onsite: 0j
F_swave: 0j, F_dwave: 0j
F_px: 0j, F_py: 0j
Free_energy = -32531.803299220002
------------------------------------------
[{'stable': {}, 'free': np.float64(-32531.803299220002)}]
------------------------------------------
