/home/emilssp/D1/venv/bin/python
Python 3.10.12
Running job 2 out of 45
====================================
mu=0.21, T=0.0010
====================================
  Seed: normal state
F_onsite: 0j
F_swave: 0j, F_dwave: 0j
F_px: 0j, F_py: 0j
Free_energy = -16336.80142183652
------------------------------------------
[{'stable': {}, 'free': np.float64(-16336.80142183652)}]
------------------------------------------
  Seed: px
F_onsite: -3.895297191594744e-17j
F_swave: 1.3877787807814457e-17j, F_dwave: 0.10025150185157142j
F_px: (1.0582329730200125e-12+0j), F_py: (-8.371945276877159e-18+0j)
Free_energy = -17141.490453176797
------------------------------------------
[{'stable': {'F_dwave': np.complex128(0.10025150185157142j)}, 'free': np.float64(-17141.490453176797)}]
------------------------------------------
  Seed: py
F_onsite: 7.585836751271396e-17j
F_swave: 6.938893903907228e-18j, F_dwave: -0.10025150185157233j
F_px: (1.5598246521072499e-18+0j), F_py: (1.1345165249401406e-14+0j)
Free_energy = -17141.490453176804
------------------------------------------
[{'stable': {'F_dwave': np.complex128(0.10025150185157142j)}, 'free': np.float64(-17141.490453176797)}, {'stable': {'F_dwave': np.complex128(-0.10025150185157233j)}, 'free': np.float64(-17141.490453176804)}]
------------------------------------------
  Seed: px+py
F_onsite: -1.9920916804975257e-16j
F_swave: -5.551115123125783e-17j, F_dwave: 0.1002515018515721j
F_px: (1.5685233377672453e-12+0j), F_py: (1.5684320633189213e-12+0j)
Free_energy = -17141.490453176793
------------------------------------------
[{'stable': {'F_dwave': np.complex128(0.10025150185157142j)}, 'free': np.float64(-17141.490453176797)}, {'stable': {'F_dwave': np.complex128(-0.10025150185157233j)}, 'free': np.float64(-17141.490453176804)}]
------------------------------------------
  Seed: px+i*py
F_onsite: (1.2804104213339012e-16-5.567892581338646e-16j)
F_swave: (-2.949029909160572e-17+4.85722573273506e-17j), F_dwave: (0.021598154357552506-0.09789731023803383j)
F_px: (1.246821174083479e-09-5.65142922043238e-09j), F_py: (-1.2937741124957602e-08+5.8642513664497464e-08j)
Free_energy = -17141.49045317686
------------------------------------------
[{'stable': {'F_dwave': np.complex128(0.10025150185157142j)}, 'free': np.float64(-17141.490453176797)}, {'stable': {'F_dwave': np.complex128(-0.10025150185157233j)}, 'free': np.float64(-17141.490453176804)}, {'stable': {'F_dwave': np.complex128(0.021598154357552506-0.09789731023803383j)}, 'free': np.float64(-17141.49045317686)}]
------------------------------------------
  Seed: d-wave
F_onsite: (-5.636585710587417e-17+0j)
F_swave: (7.632783294297951e-17+0j), F_dwave: (0.10025150185134549+0j)
F_px: -1.4284089825713766e-17j, F_py: 1.106717904682106e-17j
Free_energy = -17141.49045317002
------------------------------------------
[{'stable': {'F_dwave': np.complex128(0.10025150185157142j)}, 'free': np.float64(-17141.490453176797)}, {'stable': {'F_dwave': np.complex128(-0.10025150185157233j)}, 'free': np.float64(-17141.490453176804)}, {'stable': {'F_dwave': np.complex128(0.021598154357552506-0.09789731023803383j)}, 'free': np.float64(-17141.49045317686)}, {'stable': {'F_dwave': np.complex128(0.10025150185134549+0j)}, 'free': np.float64(-17141.49045317002)}]
------------------------------------------
  Seed: d-wave+px
F_onsite: (-5.104557318216799e-16-5.142183403618002e-19j)
F_swave: (1.0755285551056204e-16-4.27402443872826e-18j), F_dwave: (0.10025150185156959-7.52432658804463e-18j)
F_px: (3.805203673684643e-08+4.779521942192251e-18j), F_py: (2.0816681711721685e-17+1.153584974368109e-17j)
Free_energy = -17141.490453176804
------------------------------------------
[{'stable': {'F_dwave': np.complex128(0.10025150185157142j)}, 'free': np.float64(-17141.490453176797)}, {'stable': {'F_dwave': np.complex128(-0.10025150185157233j)}, 'free': np.float64(-17141.490453176804)}, {'stable': {'F_dwave': np.complex128(0.021598154357552506-0.09789731023803383j)}, 'free': np.float64(-17141.49045317686)}, {'stable': {'F_dwave': np.complex128(0.10025150185134549+0j)}, 'free': np.float64(-17141.49045317002)}]
------------------------------------------
  Seed: d-wave+py
F_onsite: (-1.1294275234199749e-16+2.922481098555867e-19j)
F_swave: (1.7694179454963432e-16-5.800284263981104e-19j), F_dwave: (0.10025150185157163+2.1631494371454608e-17j)
F_px: (2.7755575615628914e-17-3.723887854111456e-18j), F_py: (3.817979217501932e-09+1.0890165455323055e-17j)
Free_energy = -17141.490453176793
------------------------------------------
[{'stable': {'F_dwave': np.complex128(0.10025150185157142j)}, 'free': np.float64(-17141.490453176797)}, {'stable': {'F_dwave': np.complex128(-0.10025150185157233j)}, 'free': np.float64(-17141.490453176804)}, {'stable': {'F_dwave': np.complex128(0.021598154357552506-0.09789731023803383j)}, 'free': np.float64(-17141.49045317686)}, {'stable': {'F_dwave': np.complex128(0.10025150185134549+0j)}, 'free': np.float64(-17141.49045317002)}]
------------------------------------------
  Seed: s-wave
F_onsite: (-5.5017994770794216e-17+0j)
F_swave: (1.734723475976807e-16+0j), F_dwave: (0.1002515018515719+0j)
F_px: -5.1731243158665843e-17j, F_py: 9.295801100772709e-18j
Free_energy = -17141.490453176793
------------------------------------------
[{'stable': {'F_dwave': np.complex128(0.10025150185157142j)}, 'free': np.float64(-17141.490453176797)}, {'stable': {'F_dwave': np.complex128(-0.10025150185157233j)}, 'free': np.float64(-17141.490453176804)}, {'stable': {'F_dwave': np.complex128(0.021598154357552506-0.09789731023803383j)}, 'free': np.float64(-17141.49045317686)}, {'stable': {'F_dwave': np.complex128(0.10025150185134549+0j)}, 'free': np.float64(-17141.49045317002)}]
------------------------------------------
  Seed: s-wave+px
F_onsite: (-2.5539727013176336e-16+5.893165132738474e-19j)
F_swave: (2.949029909160572e-16-1.7976270656833426e-20j), F_dwave: (0.10025150185157072+2.551885742239687e-18j)
F_px: (2.6422957495608745e-08-1.2182720648358108e-17j), F_py: (7.632783294297951e-17+1.16329206075941e-17j)
Free_energy = -17141.490453176808
------------------------------------------
[{'stable': {'F_dwave': np.complex128(0.10025150185157142j)}, 'free': np.float64(-17141.490453176797)}, {'stable': {'F_dwave': np.complex128(-0.10025150185157233j)}, 'free': np.float64(-17141.490453176804)}, {'stable': {'F_dwave': np.complex128(0.021598154357552506-0.09789731023803383j)}, 'free': np.float64(-17141.49045317686)}, {'stable': {'F_dwave': np.complex128(0.10025150185134549+0j)}, 'free': np.float64(-17141.49045317002)}]
------------------------------------------
  Seed: s-wave+py
F_onsite: (1.2230891806031762e-17-4.797660927944209e-19j)
F_swave: (1.0755285551056204e-16+2.6722646643594936e-18j), F_dwave: (-0.10025150185157175+1.2440297416093014e-17j)
F_px: 2.5914557235558076e-17j, F_py: (7.923817622879081e-09-1.2187377972247623e-17j)
Free_energy = -17141.490453176797
------------------------------------------
[{'stable': {'F_dwave': np.complex128(0.10025150185157142j)}, 'free': np.float64(-17141.490453176797)}, {'stable': {'F_dwave': np.complex128(-0.10025150185157233j)}, 'free': np.float64(-17141.490453176804)}, {'stable': {'F_dwave': np.complex128(0.021598154357552506-0.09789731023803383j)}, 'free': np.float64(-17141.49045317686)}, {'stable': {'F_dwave': np.complex128(0.10025150185134549+0j)}, 'free': np.float64(-17141.49045317002)}, {'stable': {'F_dwave': np.complex128(-0.10025150185157175+1.2440297416093014e-17j)}, 'free': np.float64(-17141.490453176797)}]
------------------------------------------
====================================
mu=0.21, T=0.0113
====================================
  Seed: normal state
F_onsite: 0j
F_swave: 0j, F_dwave: 0j
F_px: 0j, F_py: 0j
Free_energy = -16337.639806467914
------------------------------------------
[{'stable': {}, 'free': np.float64(-16337.639806467914)}]
------------------------------------------
  Seed: px
F_onsite: -1.1909945644629995e-16j
F_swave: 3.469446951953614e-17j, F_dwave: 0.10025111182549007j
F_px: (-7.584171502700404e-18+0j), F_py: (-1.0381723424519805e-17+0j)
Free_energy = -17141.488586732386
------------------------------------------
[{'stable': {'F_dwave': np.complex128(0.10025111182549007j)}, 'free': np.float64(-17141.488586732386)}]
------------------------------------------
  Seed: py
F_onsite: 3.4147549940789146e-16j
F_swave: 9.020562075079397e-17j, F_dwave: -0.10025111251432506j
F_px: (3.2971257916144235e-18+0j), F_py: (4.463603793920245e-16+0j)
Free_energy = -17141.48860722743
------------------------------------------
[{'stable': {'F_dwave': np.complex128(0.10025111182549007j)}, 'free': np.float64(-17141.488586732386)}, {'stable': {'F_dwave': np.complex128(-0.10025111251432506j)}, 'free': np.float64(-17141.48860722743)}]
------------------------------------------
  Seed: px+py
F_onsite: -1.26051055844416e-16j
F_swave: 2.0816681711721685e-17j, F_dwave: 0.10025111182549008j
F_px: (-7.636793424548578e-18+0j), F_py: (-7.225678663050282e-18+0j)
Free_energy = -17141.488586732386
------------------------------------------
[{'stable': {'F_dwave': np.complex128(0.10025111182549007j)}, 'free': np.float64(-17141.488586732386)}, {'stable': {'F_dwave': np.complex128(-0.10025111251432506j)}, 'free': np.float64(-17141.48860722743)}]
------------------------------------------
  Seed: px+i*py
F_onsite: (-2.227746936501667e-18+3.449818294863666e-17j)
F_swave: (-4.9439619065339e-17+9.71445146547012e-17j), F_dwave: (0.02159807033044893-0.09789692937088486j)
F_px: (3.9763158043992775e-13-1.8016213521043767e-12j), F_py: (-4.125916622244041e-12+1.8701359905115567e-11j)
Free_energy = -17141.48858673239
------------------------------------------
[{'stable': {'F_dwave': np.complex128(0.10025111182549007j)}, 'free': np.float64(-17141.488586732386)}, {'stable': {'F_dwave': np.complex128(-0.10025111251432506j)}, 'free': np.float64(-17141.48860722743)}, {'stable': {'F_dwave': np.complex128(0.02159807033044893-0.09789692937088486j)}, 'free': np.float64(-17141.48858673239)}]
------------------------------------------
  Seed: d-wave
F_onsite: (-1.1562900033399902e-16+0j)
F_swave: (3.469446951953614e-17+0j), F_dwave: (0.10025111182549007+0j)
F_px: 9.102951414759271e-18j, F_py: 1.1683269370905149e-17j
Free_energy = -17141.488586732386
------------------------------------------
[{'stable': {'F_dwave': np.complex128(0.10025111182549007j)}, 'free': np.float64(-17141.488586732386)}, {'stable': {'F_dwave': np.complex128(-0.10025111251432506j)}, 'free': np.float64(-17141.48860722743)}, {'stable': {'F_dwave': np.complex128(0.02159807033044893-0.09789692937088486j)}, 'free': np.float64(-17141.48858673239)}, {'stable': {'F_dwave': np.complex128(0.10025111182549007+0j)}, 'free': np.float64(-17141.488586732386)}]
------------------------------------------
  Seed: d-wave+px
F_onsite: (-2.16901798312193e-16+1.0739157347575908e-19j)
F_swave: (5.551115123125783e-17-3.4150268927242968e-18j), F_dwave: (0.1002511118254905-1.5629265620303372e-17j)
F_px: (1.9373643661557693e-09-6.660644296508316e-18j), F_py: (-2.7755575615628914e-17+1.2525647470668794e-17j)
Free_energy = -17141.48858673239
------------------------------------------
[{'stable': {'F_dwave': np.complex128(0.10025111182549007j)}, 'free': np.float64(-17141.488586732386)}, {'stable': {'F_dwave': np.complex128(-0.10025111251432506j)}, 'free': np.float64(-17141.48860722743)}, {'stable': {'F_dwave': np.complex128(0.02159807033044893-0.09789692937088486j)}, 'free': np.float64(-17141.48858673239)}, {'stable': {'F_dwave': np.complex128(0.10025111182549007+0j)}, 'free': np.float64(-17141.488586732386)}]
------------------------------------------
  Seed: d-wave+py
F_onsite: (-3.2218203561499554e-16-1.7576858934463837e-19j)
F_swave: (-2.5673907444456745e-16-5.427254629986442e-18j), F_dwave: (0.10025111182849938+9.620544793813302e-18j)
F_px: (-3.469446951953614e-17-1.2866357003748327e-17j), F_py: (9.103264947407652e-10+1.1506376229290355e-17j)
Free_energy = -17141.488586821666
------------------------------------------
[{'stable': {'F_dwave': np.complex128(0.10025111182549007j)}, 'free': np.float64(-17141.488586732386)}, {'stable': {'F_dwave': np.complex128(-0.10025111251432506j)}, 'free': np.float64(-17141.48860722743)}, {'stable': {'F_dwave': np.complex128(0.02159807033044893-0.09789692937088486j)}, 'free': np.float64(-17141.48858673239)}, {'stable': {'F_dwave': np.complex128(0.10025111182549007+0j)}, 'free': np.float64(-17141.488586732386)}]
------------------------------------------
  Seed: s-wave
F_onsite: (-2.9628140468881557e-16+0j)
F_swave: (-1.3183898417423734e-16+0j), F_dwave: (0.10025111251432503+0j)
F_px: -7.035840505674209e-18j, F_py: 8.610307043750758e-18j
Free_energy = -17141.48860722743
------------------------------------------
[{'stable': {'F_dwave': np.complex128(0.10025111182549007j)}, 'free': np.float64(-17141.488586732386)}, {'stable': {'F_dwave': np.complex128(-0.10025111251432506j)}, 'free': np.float64(-17141.48860722743)}, {'stable': {'F_dwave': np.complex128(0.02159807033044893-0.09789692937088486j)}, 'free': np.float64(-17141.48858673239)}, {'stable': {'F_dwave': np.complex128(0.10025111182549007+0j)}, 'free': np.float64(-17141.488586732386)}]
------------------------------------------
  Seed: s-wave+px
F_onsite: (-1.3572430550785448e-16+1.3058077347196272e-19j)
F_swave: (-6.938893903907228e-18+9.33401614051593e-19j), F_dwave: (0.10025111182549132+5.661599807407385e-18j)
F_px: (1.872835470040357e-09-7.374671240994469e-18j), F_py: (6.938893903907228e-17+1.1411517503191381e-17j)
Free_energy = -17141.48858673241
------------------------------------------
[{'stable': {'F_dwave': np.complex128(0.10025111182549007j)}, 'free': np.float64(-17141.488586732386)}, {'stable': {'F_dwave': np.complex128(-0.10025111251432506j)}, 'free': np.float64(-17141.48860722743)}, {'stable': {'F_dwave': np.complex128(0.02159807033044893-0.09789692937088486j)}, 'free': np.float64(-17141.48858673239)}, {'stable': {'F_dwave': np.complex128(0.10025111182549007+0j)}, 'free': np.float64(-17141.488586732386)}]
------------------------------------------
  Seed: s-wave+py
F_onsite: (2.0398592664745946e-16-8.91433705891078e-19j)
F_swave: (1.3183898417423734e-16+4.8552550265188515e-18j), F_dwave: (-0.10025111182549082+2.1421895696425256e-17j)
F_px: (-1.3877787807814457e-17-1.5577942258532955e-18j), F_py: (4.034298173305473e-10-1.1516543290239902e-17j)
Free_energy = -17141.488586732394
------------------------------------------
[{'stable': {'F_dwave': np.complex128(0.10025111182549007j)}, 'free': np.float64(-17141.488586732386)}, {'stable': {'F_dwave': np.complex128(-0.10025111251432506j)}, 'free': np.float64(-17141.48860722743)}, {'stable': {'F_dwave': np.complex128(0.02159807033044893-0.09789692937088486j)}, 'free': np.float64(-17141.48858673239)}, {'stable': {'F_dwave': np.complex128(0.10025111182549007+0j)}, 'free': np.float64(-17141.488586732386)}, {'stable': {'F_dwave': np.complex128(-0.10025111182549082+2.1421895696425256e-17j)}, 'free': np.float64(-17141.488586732394)}]
------------------------------------------
====================================
mu=0.21, T=0.0216
====================================
  Seed: normal state
F_onsite: 0j
F_swave: 0j, F_dwave: 0j
F_px: 0j, F_py: 0j
Free_energy = -16340.08535581283
------------------------------------------
[{'stable': {}, 'free': np.float64(-16340.08535581283)}]
------------------------------------------
  Seed: px
F_onsite: -2.5257004159581396e-16j
F_swave: -4.0939474033052647e-16j, F_dwave: 0.10024254602101035j
F_px: (8.750181128420288e-18+0j), F_py: (-7.709821774274937e-18+0j)
Free_energy = -17141.445478236004
------------------------------------------
[{'stable': {'F_dwave': np.complex128(0.10024254602101035j)}, 'free': np.float64(-17141.445478236004)}]
------------------------------------------
  Seed: py
F_onsite: 2.5257004159581396e-16j
F_swave: 4.0939474033052647e-16j, F_dwave: -0.10024254602101035j
F_px: (-8.750181128420288e-18+0j), F_py: (7.709821774274937e-18+0j)
Free_energy = -17141.445478236004
------------------------------------------
[{'stable': {'F_dwave': np.complex128(0.10024254602101035j)}, 'free': np.float64(-17141.445478236004)}, {'stable': {'F_dwave': np.complex128(-0.10024254602101035j)}, 'free': np.float64(-17141.445478236004)}]
------------------------------------------
  Seed: px+py
F_onsite: -2.5257004159581396e-16j
F_swave: -4.0939474033052647e-16j, F_dwave: 0.10024254602101035j
F_px: (8.750181128420288e-18+0j), F_py: (-7.709821774274937e-18+0j)
Free_energy = -17141.445478236004
------------------------------------------
[{'stable': {'F_dwave': np.complex128(0.10024254602101035j)}, 'free': np.float64(-17141.445478236004)}, {'stable': {'F_dwave': np.complex128(-0.10024254602101035j)}, 'free': np.float64(-17141.445478236004)}]
------------------------------------------
  Seed: px+i*py
F_onsite: (-2.947242298994165e-17+1.207272843877115e-17j)
F_swave: (-4.163336342344337e-17-4.163336342344337e-17j), F_dwave: (0.021596224916026967-0.09788856471596133j)
F_px: (2.7547408798511697e-15-1.3058998327153404e-14j), F_py: (-3.0031532816110484e-14+1.3607170945562075e-13j)
Free_energy = -17141.445478236008
------------------------------------------
[{'stable': {'F_dwave': np.complex128(0.10024254602101035j)}, 'free': np.float64(-17141.445478236004)}, {'stable': {'F_dwave': np.complex128(-0.10024254602101035j)}, 'free': np.float64(-17141.445478236004)}, {'stable': {'F_dwave': np.complex128(0.021596224916026967-0.09788856471596133j)}, 'free': np.float64(-17141.445478236008)}]
------------------------------------------
  Seed: d-wave
F_onsite: (-2.1484015291211472e-16+0j)
F_swave: (-3.95516952522712e-16+0j), F_dwave: (0.10024254602101043+0j)
F_px: -6.829953110313761e-18j, F_py: 7.716513856208455e-18j
Free_energy = -17141.445478236008
------------------------------------------
[{'stable': {'F_dwave': np.complex128(0.10024254602101035j)}, 'free': np.float64(-17141.445478236004)}, {'stable': {'F_dwave': np.complex128(-0.10024254602101035j)}, 'free': np.float64(-17141.445478236004)}, {'stable': {'F_dwave': np.complex128(0.021596224916026967-0.09788856471596133j)}, 'free': np.float64(-17141.445478236008)}, {'stable': {'F_dwave': np.complex128(0.10024254602101043+0j)}, 'free': np.float64(-17141.445478236008)}]
------------------------------------------
  Seed: d-wave+px
F_onsite: (-2.483866666903756e-16+5.776082234848351e-19j)
F_swave: (2.5326962749261384e-16+5.7483902845512386e-18j), F_dwave: (0.10024254602101153+1.679430401815062e-17j)
F_px: (9.211759133265218e-11-2.600868248229115e-17j), F_py: (6.245004513516506e-17+1.2950928798915415e-17j)
Free_energy = -17141.445478236034
------------------------------------------
[{'stable': {'F_dwave': np.complex128(0.10024254602101035j)}, 'free': np.float64(-17141.445478236004)}, {'stable': {'F_dwave': np.complex128(-0.10024254602101035j)}, 'free': np.float64(-17141.445478236004)}, {'stable': {'F_dwave': np.complex128(0.021596224916026967-0.09788856471596133j)}, 'free': np.float64(-17141.445478236008)}, {'stable': {'F_dwave': np.complex128(0.10024254602101043+0j)}, 'free': np.float64(-17141.445478236008)}]
------------------------------------------
  Seed: d-wave+py
F_onsite: (-1.9093245942383777e-16-2.905071135892571e-20j)
F_swave: (-2.0816681711721685e-17-2.4604905037613282e-18j), F_dwave: (0.10024254602101149-2.2727099590575674e-18j)
F_px: (-2.0816681711721685e-17-1.5498376282485738e-17j), F_py: (7.465320028821054e-12+9.3969632509142e-18j)
Free_energy = -17141.445478236008
------------------------------------------
[{'stable': {'F_dwave': np.complex128(0.10024254602101035j)}, 'free': np.float64(-17141.445478236004)}, {'stable': {'F_dwave': np.complex128(-0.10024254602101035j)}, 'free': np.float64(-17141.445478236004)}, {'stable': {'F_dwave': np.complex128(0.021596224916026967-0.09788856471596133j)}, 'free': np.float64(-17141.445478236008)}, {'stable': {'F_dwave': np.complex128(0.10024254602101043+0j)}, 'free': np.float64(-17141.445478236008)}]
------------------------------------------
  Seed: s-wave
F_onsite: (-2.2267419239348574e-16+0j)
F_swave: (-4.0245584642661925e-16+0j), F_dwave: (0.1002425460210104+0j)
F_px: -1.2467111834253336e-17j, F_py: 8.532351563833886e-18j
Free_energy = -17141.445478236008
------------------------------------------
[{'stable': {'F_dwave': np.complex128(0.10024254602101035j)}, 'free': np.float64(-17141.445478236004)}, {'stable': {'F_dwave': np.complex128(-0.10024254602101035j)}, 'free': np.float64(-17141.445478236004)}, {'stable': {'F_dwave': np.complex128(0.021596224916026967-0.09788856471596133j)}, 'free': np.float64(-17141.445478236008)}, {'stable': {'F_dwave': np.complex128(0.10024254602101043+0j)}, 'free': np.float64(-17141.445478236008)}]
------------------------------------------
  Seed: s-wave+px
F_onsite: (-2.4007495170361747e-16-3.422690660706382e-19j)
F_swave: (-1.8735013540549517e-16-2.8580721578149552e-18j), F_dwave: (0.10024254602101185+6.601699000476392e-18j)
F_px: (8.904855325342353e-11-4.3055043788775086e-18j), F_py: (-4.163336342344337e-17+1.1195116251405239e-17j)
Free_energy = -17141.445478236034
------------------------------------------
[{'stable': {'F_dwave': np.complex128(0.10024254602101035j)}, 'free': np.float64(-17141.445478236004)}, {'stable': {'F_dwave': np.complex128(-0.10024254602101035j)}, 'free': np.float64(-17141.445478236004)}, {'stable': {'F_dwave': np.complex128(0.021596224916026967-0.09788856471596133j)}, 'free': np.float64(-17141.445478236008)}, {'stable': {'F_dwave': np.complex128(0.10024254602101043+0j)}, 'free': np.float64(-17141.445478236008)}]
------------------------------------------
  Seed: s-wave+py
F_onsite: (1.7065270782500456e-16-1.565183285020205e-18j)
F_swave: (-2.7755575615628914e-17+1.0907580898904813e-17j), F_dwave: (-0.10024254602101096+5.975351817742404e-17j)
F_px: (-5.551115123125783e-17-2.0738030121877706e-18j), F_py: (1.5174125844730213e-11-1.1028114723762208e-17j)
Free_energy = -17141.445478236008
------------------------------------------
[{'stable': {'F_dwave': np.complex128(0.10024254602101035j)}, 'free': np.float64(-17141.445478236004)}, {'stable': {'F_dwave': np.complex128(-0.10024254602101035j)}, 'free': np.float64(-17141.445478236004)}, {'stable': {'F_dwave': np.complex128(0.021596224916026967-0.09788856471596133j)}, 'free': np.float64(-17141.445478236008)}, {'stable': {'F_dwave': np.complex128(0.10024254602101043+0j)}, 'free': np.float64(-17141.445478236008)}, {'stable': {'F_dwave': np.complex128(-0.10024254602101096+5.975351817742404e-17j)}, 'free': np.float64(-17141.445478236008)}]
------------------------------------------
====================================
mu=0.21, T=0.0319
====================================
  Seed: normal state
F_onsite: 0j
F_swave: 0j, F_dwave: 0j
F_px: 0j, F_py: 0j
Free_energy = -16344.128304292726
------------------------------------------
[{'stable': {}, 'free': np.float64(-16344.128304292726)}]
------------------------------------------
  Seed: px
F_onsite: 1.190067063385756e-16j
F_swave: 6.938893903907228e-18j, F_dwave: 0.10021309179489642j
F_px: (2.1947751317328985e-17+0j), F_py: (-1.0419327055166466e-17+0j)
Free_energy = -17141.29573342538
------------------------------------------
[{'stable': {'F_dwave': np.complex128(0.10021309179489642j)}, 'free': np.float64(-17141.29573342538)}]
------------------------------------------
  Seed: py
F_onsite: -1.190067063385756e-16j
F_swave: -6.938893903907228e-18j, F_dwave: -0.10021309179489642j
F_px: (-2.1947751317328985e-17+0j), F_py: (1.0419327055166466e-17+0j)
Free_energy = -17141.29573342538
------------------------------------------
[{'stable': {'F_dwave': np.complex128(0.10021309179489642j)}, 'free': np.float64(-17141.29573342538)}, {'stable': {'F_dwave': np.complex128(-0.10021309179489642j)}, 'free': np.float64(-17141.29573342538)}]
------------------------------------------
  Seed: px+py
F_onsite: 1.190067063385756e-16j
F_swave: 6.938893903907228e-18j, F_dwave: 0.10021309179489642j
F_px: (2.1947751317328985e-17+0j), F_py: (-1.0419327055166466e-17+0j)
Free_energy = -17141.29573342538
------------------------------------------
[{'stable': {'F_dwave': np.complex128(0.10021309179489642j)}, 'free': np.float64(-17141.29573342538)}, {'stable': {'F_dwave': np.complex128(-0.10021309179489642j)}, 'free': np.float64(-17141.29573342538)}]
------------------------------------------
  Seed: px+i*py
F_onsite: (2.4606536246767102e-17+1.6777261988221467e-16j)
F_swave: (6.245004513516506e-17-1.249000902703301e-16j), F_dwave: (0.02158987930613252-0.0978598021592065j)
F_px: (3.2959746043559335e-17+1.2212453270876722e-15j), F_py: (-1.9081958235744878e-16+9.298117831235686e-16j)
Free_energy = -17141.295733425384
------------------------------------------
[{'stable': {'F_dwave': np.complex128(0.10021309179489642j)}, 'free': np.float64(-17141.29573342538)}, {'stable': {'F_dwave': np.complex128(-0.10021309179489642j)}, 'free': np.float64(-17141.29573342538)}, {'stable': {'F_dwave': np.complex128(0.02158987930613252-0.0978598021592065j)}, 'free': np.float64(-17141.295733425384)}]
------------------------------------------
  Seed: d-wave
F_onsite: (1.256917649822699e-16+0j)
F_swave: (-6.938893903907228e-18+0j), F_dwave: (0.10021309179489643+0j)
F_px: -2.3810848261290346e-17j, F_py: 9.320096251721791e-18j
Free_energy = -17141.29573342538
------------------------------------------
[{'stable': {'F_dwave': np.complex128(0.10021309179489642j)}, 'free': np.float64(-17141.29573342538)}, {'stable': {'F_dwave': np.complex128(-0.10021309179489642j)}, 'free': np.float64(-17141.29573342538)}, {'stable': {'F_dwave': np.complex128(0.02158987930613252-0.0978598021592065j)}, 'free': np.float64(-17141.295733425384)}, {'stable': {'F_dwave': np.complex128(0.10021309179489643+0j)}, 'free': np.float64(-17141.29573342538)}]
------------------------------------------
  Seed: d-wave+px
F_onsite: (2.3661532070676883e-16+1.359099119689781e-19j)
F_swave: (1.6653345369377348e-16+5.96925001792949e-18j), F_dwave: (0.10021309179489693+7.059577838878944e-17j)
F_px: (9.117359645038903e-13-2.3506320293075233e-18j), F_py: (2.7755575615628914e-17+1.1072460386050825e-17j)
Free_energy = -17141.2957334254
------------------------------------------
[{'stable': {'F_dwave': np.complex128(0.10021309179489642j)}, 'free': np.float64(-17141.29573342538)}, {'stable': {'F_dwave': np.complex128(-0.10021309179489642j)}, 'free': np.float64(-17141.29573342538)}, {'stable': {'F_dwave': np.complex128(0.02158987930613252-0.0978598021592065j)}, 'free': np.float64(-17141.295733425384)}, {'stable': {'F_dwave': np.complex128(0.10021309179489643+0j)}, 'free': np.float64(-17141.29573342538)}]
------------------------------------------
  Seed: d-wave+py
F_onsite: (1.7975826736281288e-16+6.961010056955901e-19j)
F_swave: (1.249000902703301e-16-3.4982915077144176e-18j), F_dwave: (0.10021309179489676-1.531620340105104e-17j)
F_px: (-1.3877787807814457e-17+2.9288883820783495e-18j), F_py: (1.4060974606877608e-13+1.1858769831248916e-17j)
Free_energy = -17141.29573342538
------------------------------------------
[{'stable': {'F_dwave': np.complex128(0.10021309179489642j)}, 'free': np.float64(-17141.29573342538)}, {'stable': {'F_dwave': np.complex128(-0.10021309179489642j)}, 'free': np.float64(-17141.29573342538)}, {'stable': {'F_dwave': np.complex128(0.02158987930613252-0.0978598021592065j)}, 'free': np.float64(-17141.295733425384)}, {'stable': {'F_dwave': np.complex128(0.10021309179489643+0j)}, 'free': np.float64(-17141.29573342538)}]
------------------------------------------
  Seed: s-wave
F_onsite: (1.7841297828245174e-16+0j)
F_swave: (-1.3877787807814457e-17+0j), F_dwave: (0.10021309179489657+0j)
F_px: -1.9950650700543726e-17j, F_py: 9.9951703437452e-18j
Free_energy = -17141.295733425377
------------------------------------------
[{'stable': {'F_dwave': np.complex128(0.10021309179489642j)}, 'free': np.float64(-17141.29573342538)}, {'stable': {'F_dwave': np.complex128(-0.10021309179489642j)}, 'free': np.float64(-17141.29573342538)}, {'stable': {'F_dwave': np.complex128(0.02158987930613252-0.0978598021592065j)}, 'free': np.float64(-17141.295733425384)}, {'stable': {'F_dwave': np.complex128(0.10021309179489643+0j)}, 'free': np.float64(-17141.29573342538)}]
------------------------------------------
  Seed: s-wave+px
F_onsite: (1.7759633669649407e-16+3.2351247748444444e-19j)
F_swave: (-3.469446951953614e-17-3.159226241056951e-20j), F_dwave: (0.10021309179489701-4.231166817274668e-18j)
F_px: (1.6716697470720021e-12-2.100850202466637e-17j), F_py: (-4.163336342344337e-17+1.323536323432577e-17j)
Free_energy = -17141.29573342538
------------------------------------------
[{'stable': {'F_dwave': np.complex128(0.10021309179489642j)}, 'free': np.float64(-17141.29573342538)}, {'stable': {'F_dwave': np.complex128(-0.10021309179489642j)}, 'free': np.float64(-17141.29573342538)}, {'stable': {'F_dwave': np.complex128(0.02158987930613252-0.0978598021592065j)}, 'free': np.float64(-17141.295733425384)}, {'stable': {'F_dwave': np.complex128(0.10021309179489643+0j)}, 'free': np.float64(-17141.29573342538)}]
------------------------------------------
  Seed: s-wave+py
F_onsite: (-1.848974192961027e-16-4.3028511686503184e-19j)
F_swave: (-1.491862189340054e-16+6.484869178996274e-19j), F_dwave: (-0.10021309179741973+4.251211218144297e-17j)
F_px: (-5.551115123125783e-17+3.734157500245106e-18j), F_py: (1.5077869508495212e-12-1.2687184945173345e-17j)
Free_energy = -17141.29573350045
------------------------------------------
[{'stable': {'F_dwave': np.complex128(0.10021309179489642j)}, 'free': np.float64(-17141.29573342538)}, {'stable': {'F_dwave': np.complex128(-0.10021309179489642j)}, 'free': np.float64(-17141.29573342538)}, {'stable': {'F_dwave': np.complex128(0.02158987930613252-0.0978598021592065j)}, 'free': np.float64(-17141.295733425384)}, {'stable': {'F_dwave': np.complex128(0.10021309179489643+0j)}, 'free': np.float64(-17141.29573342538)}, {'stable': {'F_dwave': np.complex128(-0.10021309179741973+4.251211218144297e-17j)}, 'free': np.float64(-17141.29573350045)}]
------------------------------------------
====================================
mu=0.21, T=0.0422
====================================
  Seed: normal state
F_onsite: 0j
F_swave: 0j, F_dwave: 0j
F_px: 0j, F_py: 0j
Free_energy = -16349.802342510662
------------------------------------------
[{'stable': {}, 'free': np.float64(-16349.802342510662)}]
------------------------------------------
  Seed: px
F_onsite: -1.1480977677748899e-17j
F_swave: -4.0245584642661925e-16j, F_dwave: 0.10015180279397387j
F_px: (3.883998118207863e-17+0j), F_py: (-8.328687130570554e-18+0j)
Free_energy = -17140.974191017263
------------------------------------------
[{'stable': {'F_dwave': np.complex128(0.10015180279397387j)}, 'free': np.float64(-17140.974191017263)}]
------------------------------------------
  Seed: py
F_onsite: 1.1480977677748899e-17j
F_swave: 4.0245584642661925e-16j, F_dwave: -0.10015180279397387j
F_px: (-3.883998118207863e-17+0j), F_py: (8.328687130570554e-18+0j)
Free_energy = -17140.974191017263
------------------------------------------
[{'stable': {'F_dwave': np.complex128(0.10015180279397387j)}, 'free': np.float64(-17140.974191017263)}, {'stable': {'F_dwave': np.complex128(-0.10015180279397387j)}, 'free': np.float64(-17140.974191017263)}]
------------------------------------------
  Seed: px+py
F_onsite: -1.1480977677748899e-17j
F_swave: -4.0245584642661925e-16j, F_dwave: 0.10015180279397387j
F_px: (3.883998118207863e-17+0j), F_py: (-8.328687130570554e-18+0j)
Free_energy = -17140.974191017263
------------------------------------------
[{'stable': {'F_dwave': np.complex128(0.10015180279397387j)}, 'free': np.float64(-17140.974191017263)}, {'stable': {'F_dwave': np.complex128(-0.10015180279397387j)}, 'free': np.float64(-17140.974191017263)}]
------------------------------------------
  Seed: px+i*py
F_onsite: (1.3757905168385236e-17+2.1655075711934077e-16j)
F_swave: (2.949029909160572e-17-2.914335439641036e-16j), F_dwave: (0.021576675221626065-0.09779995239908705j)
F_px: (5.273559366969494e-16-8.187894806610529e-16j), F_py: (3.469446951953614e-18+1.3877787807814457e-16j)
Free_energy = -17140.97419101727
------------------------------------------
[{'stable': {'F_dwave': np.complex128(0.10015180279397387j)}, 'free': np.float64(-17140.974191017263)}, {'stable': {'F_dwave': np.complex128(-0.10015180279397387j)}, 'free': np.float64(-17140.974191017263)}, {'stable': {'F_dwave': np.complex128(0.021576675221626065-0.09779995239908705j)}, 'free': np.float64(-17140.97419101727)}]
------------------------------------------
  Seed: d-wave
F_onsite: (6.657452029203693e-18+0j)
F_swave: (-3.885780586188048e-16+0j), F_dwave: (0.10015180279397386+0j)
F_px: -2.1493906129529358e-17j, F_py: 1.017735142720409e-17j
Free_energy = -17140.974191017263
------------------------------------------
[{'stable': {'F_dwave': np.complex128(0.10015180279397387j)}, 'free': np.float64(-17140.974191017263)}, {'stable': {'F_dwave': np.complex128(-0.10015180279397387j)}, 'free': np.float64(-17140.974191017263)}, {'stable': {'F_dwave': np.complex128(0.021576675221626065-0.09779995239908705j)}, 'free': np.float64(-17140.97419101727)}, {'stable': {'F_dwave': np.complex128(0.10015180279397386+0j)}, 'free': np.float64(-17140.974191017263)}]
------------------------------------------
  Seed: d-wave+px
F_onsite: (5.032406085006517e-18+9.632401259460403e-19j)
F_swave: (-3.885780586188048e-16-6.927662512267525e-18j), F_dwave: (0.10015180279397404+6.251030317483801e-17j)
F_px: (6.00908212078366e-15+3.3525890090847835e-18j), F_py: (6.938893903907228e-17+1.142773832065456e-17j)
Free_energy = -17140.974191017263
------------------------------------------
[{'stable': {'F_dwave': np.complex128(0.10015180279397387j)}, 'free': np.float64(-17140.974191017263)}, {'stable': {'F_dwave': np.complex128(-0.10015180279397387j)}, 'free': np.float64(-17140.974191017263)}, {'stable': {'F_dwave': np.complex128(0.021576675221626065-0.09779995239908705j)}, 'free': np.float64(-17140.97419101727)}, {'stable': {'F_dwave': np.complex128(0.10015180279397386+0j)}, 'free': np.float64(-17140.974191017263)}]
------------------------------------------
  Seed: d-wave+py
F_onsite: (3.212884374467717e-17+3.625992285463013e-21j)
F_swave: (-3.712308238590367e-16+5.470490547751138e-18j), F_dwave: (0.1001518027939739-9.013634623564907e-19j)
F_px: (2.7755575615628914e-17+8.079388529566057e-18j), F_py: (5.898059818321144e-16+1.08091884655555e-17j)
Free_energy = -17140.974191017263
------------------------------------------
[{'stable': {'F_dwave': np.complex128(0.10015180279397387j)}, 'free': np.float64(-17140.974191017263)}, {'stable': {'F_dwave': np.complex128(-0.10015180279397387j)}, 'free': np.float64(-17140.974191017263)}, {'stable': {'F_dwave': np.complex128(0.021576675221626065-0.09779995239908705j)}, 'free': np.float64(-17140.97419101727)}, {'stable': {'F_dwave': np.complex128(0.10015180279397386+0j)}, 'free': np.float64(-17140.974191017263)}]
------------------------------------------
  Seed: s-wave
F_onsite: (6.657452029203693e-18+0j)
F_swave: (-3.885780586188048e-16+0j), F_dwave: (0.10015180279397386+0j)
F_px: -2.1493906129529358e-17j, F_py: 1.017735142720409e-17j
Free_energy = -17140.974191017263
------------------------------------------
[{'stable': {'F_dwave': np.complex128(0.10015180279397387j)}, 'free': np.float64(-17140.974191017263)}, {'stable': {'F_dwave': np.complex128(-0.10015180279397387j)}, 'free': np.float64(-17140.974191017263)}, {'stable': {'F_dwave': np.complex128(0.021576675221626065-0.09779995239908705j)}, 'free': np.float64(-17140.97419101727)}, {'stable': {'F_dwave': np.complex128(0.10015180279397386+0j)}, 'free': np.float64(-17140.974191017263)}]
------------------------------------------
  Seed: s-wave+px
F_onsite: (3.07972607067986e-17+7.029998853644254e-19j)
F_swave: (-7.632783294297951e-17-1.5388858954489e-18j), F_dwave: (0.10015180279487985-1.2359127164860162e-17j)
F_px: (9.885148255506238e-14-1.4998839028440446e-17j), F_py: (1.3877787807814457e-17+1.0901753354458062e-17j)
Free_energy = -17140.974191044024
------------------------------------------
[{'stable': {'F_dwave': np.complex128(0.10015180279397387j)}, 'free': np.float64(-17140.974191017263)}, {'stable': {'F_dwave': np.complex128(-0.10015180279397387j)}, 'free': np.float64(-17140.974191017263)}, {'stable': {'F_dwave': np.complex128(0.021576675221626065-0.09779995239908705j)}, 'free': np.float64(-17140.97419101727)}, {'stable': {'F_dwave': np.complex128(0.10015180279397386+0j)}, 'free': np.float64(-17140.974191017263)}]
------------------------------------------
  Seed: s-wave+py
F_onsite: (-9.803467666362802e-18-2.0498328775388467e-19j)
F_swave: (2.671474153004283e-16+6.4284719460062e-18j), F_dwave: (-0.10015180279487991+3.082489540125714e-17j)
F_px: (2.0816681711721685e-17-1.664667046474513e-18j), F_py: (8.93660145884212e-14-1.0424718286323016e-17j)
Free_energy = -17140.974191044024
------------------------------------------
[{'stable': {'F_dwave': np.complex128(0.10015180279397387j)}, 'free': np.float64(-17140.974191017263)}, {'stable': {'F_dwave': np.complex128(-0.10015180279397387j)}, 'free': np.float64(-17140.974191017263)}, {'stable': {'F_dwave': np.complex128(0.021576675221626065-0.09779995239908705j)}, 'free': np.float64(-17140.97419101727)}, {'stable': {'F_dwave': np.complex128(0.10015180279397386+0j)}, 'free': np.float64(-17140.974191017263)}, {'stable': {'F_dwave': np.complex128(-0.10015180279487991+3.082489540125714e-17j)}, 'free': np.float64(-17140.974191044024)}]
------------------------------------------
====================================
mu=0.21, T=0.0526
====================================
  Seed: normal state
F_onsite: 0j
F_swave: 0j, F_dwave: 0j
F_px: 0j, F_py: 0j
Free_energy = -16357.13858192442
------------------------------------------
[{'stable': {}, 'free': np.float64(-16357.13858192442)}]
------------------------------------------
  Seed: px
F_onsite: 1.7999142436541614e-16j
F_swave: -1.734723475976807e-16j, F_dwave: 0.10004405440431147j
F_px: (3.382770419764317e-17+0j), F_py: (-7.27330129319756e-18+0j)
Free_energy = -17140.37596428203
------------------------------------------
[{'stable': {'F_dwave': np.complex128(0.10004405440431147j)}, 'free': np.float64(-17140.37596428203)}]
------------------------------------------
  Seed: py
F_onsite: -1.7999142436541614e-16j
F_swave: 1.734723475976807e-16j, F_dwave: -0.10004405440431147j
F_px: (-3.382770419764317e-17+0j), F_py: (7.27330129319756e-18+0j)
Free_energy = -17140.37596428203
------------------------------------------
[{'stable': {'F_dwave': np.complex128(0.10004405440431147j)}, 'free': np.float64(-17140.37596428203)}, {'stable': {'F_dwave': np.complex128(-0.10004405440431147j)}, 'free': np.float64(-17140.37596428203)}]
------------------------------------------
  Seed: px+py
F_onsite: 1.7999142436541614e-16j
F_swave: -1.734723475976807e-16j, F_dwave: 0.10004405440431147j
F_px: (3.382770419764317e-17+0j), F_py: (-7.27330129319756e-18+0j)
Free_energy = -17140.37596428203
------------------------------------------
[{'stable': {'F_dwave': np.complex128(0.10004405440431147j)}, 'free': np.float64(-17140.37596428203)}, {'stable': {'F_dwave': np.complex128(-0.10004405440431147j)}, 'free': np.float64(-17140.37596428203)}]
------------------------------------------
  Seed: px+i*py
F_onsite: (5.717817659154207e-17+7.907303694652865e-17j)
F_swave: (4.163336342344337e-17+2.7755575615628914e-17j), F_dwave: (0.02155346193994257-0.09769473424937647j)
F_px: (9.540979117872439e-17+8.326672684688674e-17j), F_py: (2.0816681711721685e-17-1.3877787807814457e-17j)
Free_energy = -17140.375964282037
------------------------------------------
[{'stable': {'F_dwave': np.complex128(0.10004405440431147j)}, 'free': np.float64(-17140.37596428203)}, {'stable': {'F_dwave': np.complex128(-0.10004405440431147j)}, 'free': np.float64(-17140.37596428203)}, {'stable': {'F_dwave': np.complex128(0.02155346193994257-0.09769473424937647j)}, 'free': np.float64(-17140.375964282037)}]
------------------------------------------
  Seed: d-wave
F_onsite: (1.7998380106889085e-16+0j)
F_swave: (-1.8041124150158794e-16+0j), F_dwave: (0.10004405440431145+0j)
F_px: -3.383954942401493e-17j, F_py: 7.080230720782783e-18j
Free_energy = -17140.37596428203
------------------------------------------
[{'stable': {'F_dwave': np.complex128(0.10004405440431147j)}, 'free': np.float64(-17140.37596428203)}, {'stable': {'F_dwave': np.complex128(-0.10004405440431147j)}, 'free': np.float64(-17140.37596428203)}, {'stable': {'F_dwave': np.complex128(0.02155346193994257-0.09769473424937647j)}, 'free': np.float64(-17140.375964282037)}, {'stable': {'F_dwave': np.complex128(0.10004405440431145+0j)}, 'free': np.float64(-17140.37596428203)}]
------------------------------------------
  Seed: d-wave+px
F_onsite: (1.821510345869641e-16-7.843185121620146e-19j)
F_swave: (-1.6653345369377348e-16+2.0743491403596425e-18j), F_dwave: (0.10004405440431147+7.587823107024156e-17j)
F_px: (-1.249000902703301e-16-4.1321663903641774e-17j), F_py: (-4.163336342344337e-17+1.0495509539612868e-17j)
Free_energy = -17140.37596428203
------------------------------------------
[{'stable': {'F_dwave': np.complex128(0.10004405440431147j)}, 'free': np.float64(-17140.37596428203)}, {'stable': {'F_dwave': np.complex128(-0.10004405440431147j)}, 'free': np.float64(-17140.37596428203)}, {'stable': {'F_dwave': np.complex128(0.02155346193994257-0.09769473424937647j)}, 'free': np.float64(-17140.375964282037)}, {'stable': {'F_dwave': np.complex128(0.10004405440431145+0j)}, 'free': np.float64(-17140.37596428203)}]
------------------------------------------
  Seed: d-wave+py
F_onsite: (2.8833737053537066e-16-3.8964858021421388e-19j)
F_swave: (1.457167719820518e-16-3.1967239530312324e-18j), F_dwave: (0.1000440544148345+5.2364839283670756e-18j)
F_px: (6.938893903907228e-18-1.225558777851477e-17j), F_py: (1.3877787807814457e-17+1.005301487718588e-17j)
Free_energy = -17140.375964591658
------------------------------------------
[{'stable': {'F_dwave': np.complex128(0.10004405440431147j)}, 'free': np.float64(-17140.37596428203)}, {'stable': {'F_dwave': np.complex128(-0.10004405440431147j)}, 'free': np.float64(-17140.37596428203)}, {'stable': {'F_dwave': np.complex128(0.02155346193994257-0.09769473424937647j)}, 'free': np.float64(-17140.375964282037)}, {'stable': {'F_dwave': np.complex128(0.10004405440431145+0j)}, 'free': np.float64(-17140.37596428203)}]
------------------------------------------
  Seed: s-wave
F_onsite: (1.7998380106889085e-16+0j)
F_swave: (-1.8041124150158794e-16+0j), F_dwave: (0.10004405440431145+0j)
F_px: -3.383954942401493e-17j, F_py: 7.080230720782783e-18j
Free_energy = -17140.37596428203
------------------------------------------
[{'stable': {'F_dwave': np.complex128(0.10004405440431147j)}, 'free': np.float64(-17140.37596428203)}, {'stable': {'F_dwave': np.complex128(-0.10004405440431147j)}, 'free': np.float64(-17140.37596428203)}, {'stable': {'F_dwave': np.complex128(0.02155346193994257-0.09769473424937647j)}, 'free': np.float64(-17140.375964282037)}, {'stable': {'F_dwave': np.complex128(0.10004405440431145+0j)}, 'free': np.float64(-17140.37596428203)}]
------------------------------------------
  Seed: s-wave+px
F_onsite: (1.2043698433574105e-16+4.909232590871964e-19j)
F_swave: (-1.4224732503009818e-16-5.127168391503013e-19j), F_dwave: (0.10004405440431224-3.494031183688754e-17j)
F_px: (5.689893001203927e-16-6.698369427316356e-18j), F_py: (-2.0816681711721685e-17+1.0947451684189216e-17j)
Free_energy = -17140.375964282055
------------------------------------------
[{'stable': {'F_dwave': np.complex128(0.10004405440431147j)}, 'free': np.float64(-17140.37596428203)}, {'stable': {'F_dwave': np.complex128(-0.10004405440431147j)}, 'free': np.float64(-17140.37596428203)}, {'stable': {'F_dwave': np.complex128(0.02155346193994257-0.09769473424937647j)}, 'free': np.float64(-17140.375964282037)}, {'stable': {'F_dwave': np.complex128(0.10004405440431145+0j)}, 'free': np.float64(-17140.37596428203)}]
------------------------------------------
  Seed: s-wave+py
F_onsite: (-1.1780037922045277e-16-2.8577155252813474e-19j)
F_swave: (1.5612511283791264e-16+3.900774905695409e-19j), F_dwave: (-0.10004405440431222+3.57280680908681e-17j)
F_px: 6.125709394113751e-18j, F_py: (5.342948306008566e-16-1.0910211392626619e-17j)
Free_energy = -17140.37596428206
------------------------------------------
[{'stable': {'F_dwave': np.complex128(0.10004405440431147j)}, 'free': np.float64(-17140.37596428203)}, {'stable': {'F_dwave': np.complex128(-0.10004405440431147j)}, 'free': np.float64(-17140.37596428203)}, {'stable': {'F_dwave': np.complex128(0.02155346193994257-0.09769473424937647j)}, 'free': np.float64(-17140.375964282037)}, {'stable': {'F_dwave': np.complex128(0.10004405440431145+0j)}, 'free': np.float64(-17140.37596428203)}, {'stable': {'F_dwave': np.complex128(-0.10004405440431222+3.57280680908681e-17j)}, 'free': np.float64(-17140.37596428206)}]
------------------------------------------
====================================
mu=0.21, T=0.0629
====================================
  Seed: normal state
F_onsite: 0j
F_swave: 0j, F_dwave: 0j
F_px: 0j, F_py: 0j
Free_energy = -16366.144992014666
------------------------------------------
[{'stable': {}, 'free': np.float64(-16366.144992014666)}]
------------------------------------------
  Seed: px
F_onsite: 5.731731901120178e-16j
F_swave: -2.8449465006019636e-16j, F_dwave: 0.0998677908639301j
F_px: (3.8284660268618536e-17+0j), F_py: (-1.1198670122215066e-17+0j)
Free_energy = -17139.32363927076
------------------------------------------
[{'stable': {'F_dwave': np.complex128(0.0998677908639301j)}, 'free': np.float64(-17139.32363927076)}]
------------------------------------------
  Seed: py
F_onsite: -5.731731901120178e-16j
F_swave: 2.8449465006019636e-16j, F_dwave: -0.0998677908639301j
F_px: (-3.8284660268618536e-17+0j), F_py: (1.1198670122215066e-17+0j)
Free_energy = -17139.32363927076
------------------------------------------
[{'stable': {'F_dwave': np.complex128(0.0998677908639301j)}, 'free': np.float64(-17139.32363927076)}, {'stable': {'F_dwave': np.complex128(-0.0998677908639301j)}, 'free': np.float64(-17139.32363927076)}]
------------------------------------------
  Seed: px+py
F_onsite: 5.731731901120178e-16j
F_swave: -2.8449465006019636e-16j, F_dwave: 0.0998677908639301j
F_px: (3.8284660268618536e-17+0j), F_py: (-1.1198670122215066e-17+0j)
Free_energy = -17139.32363927076
------------------------------------------
[{'stable': {'F_dwave': np.complex128(0.0998677908639301j)}, 'free': np.float64(-17139.32363927076)}, {'stable': {'F_dwave': np.complex128(-0.0998677908639301j)}, 'free': np.float64(-17139.32363927076)}]
------------------------------------------
  Seed: px+i*py
F_onsite: (5.234372147081692e-18-1.859430926079573e-16j)
F_swave: (-6.245004513516506e-17+2.636779683484747e-16j), F_dwave: (0.021515487774145622-0.09752260988038923j)
F_px: (-1.9949319973733282e-16+1.6792123247455493e-15j), F_py: (6.938893903907228e-18+1.3877787807814457e-17j)
Free_energy = -17139.323639270817
------------------------------------------
[{'stable': {'F_dwave': np.complex128(0.0998677908639301j)}, 'free': np.float64(-17139.32363927076)}, {'stable': {'F_dwave': np.complex128(-0.0998677908639301j)}, 'free': np.float64(-17139.32363927076)}, {'stable': {'F_dwave': np.complex128(0.021515487774145622-0.09752260988038923j)}, 'free': np.float64(-17139.323639270817)}]
------------------------------------------
  Seed: d-wave
F_onsite: (5.833219367130628e-16+0j)
F_swave: (-2.7755575615628914e-16+0j), F_dwave: (0.09986779086393012+0j)
F_px: -1.8582790596001443e-17j, F_py: 8.238907207041838e-18j
Free_energy = -17139.323639270762
------------------------------------------
[{'stable': {'F_dwave': np.complex128(0.0998677908639301j)}, 'free': np.float64(-17139.32363927076)}, {'stable': {'F_dwave': np.complex128(-0.0998677908639301j)}, 'free': np.float64(-17139.32363927076)}, {'stable': {'F_dwave': np.complex128(0.021515487774145622-0.09752260988038923j)}, 'free': np.float64(-17139.323639270817)}, {'stable': {'F_dwave': np.complex128(0.09986779086393012+0j)}, 'free': np.float64(-17139.323639270762)}]
------------------------------------------
  Seed: d-wave+px
F_onsite: (5.651356715629951e-16+5.369015711435518e-20j)
F_swave: (-2.8796409701215e-16+7.527710050613761e-19j), F_dwave: (0.0998677908639301+4.0081232778158496e-17j)
F_px: -3.146265960777798e-17j, F_py: (6.938893903907228e-18+1.2720217669197362e-17j)
Free_energy = -17139.32363927076
------------------------------------------
[{'stable': {'F_dwave': np.complex128(0.0998677908639301j)}, 'free': np.float64(-17139.32363927076)}, {'stable': {'F_dwave': np.complex128(-0.0998677908639301j)}, 'free': np.float64(-17139.32363927076)}, {'stable': {'F_dwave': np.complex128(0.021515487774145622-0.09752260988038923j)}, 'free': np.float64(-17139.323639270817)}, {'stable': {'F_dwave': np.complex128(0.09986779086393012+0j)}, 'free': np.float64(-17139.323639270762)}]
------------------------------------------
  Seed: d-wave+py
F_onsite: (5.662199987213422e-16-1.1960294930638234e-25j)
F_swave: (-2.7755575615628914e-16+0j), F_dwave: (0.09986779086393009+0j)
F_px: -2.505829248001373e-17j, F_py: 1.0862951235206942e-17j
Free_energy = -17139.32363927076
------------------------------------------
[{'stable': {'F_dwave': np.complex128(0.0998677908639301j)}, 'free': np.float64(-17139.32363927076)}, {'stable': {'F_dwave': np.complex128(-0.0998677908639301j)}, 'free': np.float64(-17139.32363927076)}, {'stable': {'F_dwave': np.complex128(0.021515487774145622-0.09752260988038923j)}, 'free': np.float64(-17139.323639270817)}, {'stable': {'F_dwave': np.complex128(0.09986779086393012+0j)}, 'free': np.float64(-17139.323639270762)}]
------------------------------------------
  Seed: s-wave
F_onsite: (5.833219367130628e-16+0j)
F_swave: (-2.7755575615628914e-16+0j), F_dwave: (0.09986779086393012+0j)
F_px: -1.8582790596001443e-17j, F_py: 8.238907207041838e-18j
Free_energy = -17139.323639270762
------------------------------------------
[{'stable': {'F_dwave': np.complex128(0.0998677908639301j)}, 'free': np.float64(-17139.32363927076)}, {'stable': {'F_dwave': np.complex128(-0.0998677908639301j)}, 'free': np.float64(-17139.32363927076)}, {'stable': {'F_dwave': np.complex128(0.021515487774145622-0.09752260988038923j)}, 'free': np.float64(-17139.323639270817)}, {'stable': {'F_dwave': np.complex128(0.09986779086393012+0j)}, 'free': np.float64(-17139.323639270762)}]
------------------------------------------
  Seed: s-wave+px
F_onsite: (5.815183889229073e-16-6.413915423219176e-19j)
F_swave: (-2.8102520310824275e-16-1.4704316408435314e-19j), F_dwave: (0.0998677908639301-2.371480116674073e-17j)
F_px: -2.1458469011486007e-17j, F_py: (-6.938893903907228e-18+9.245177376703708e-18j)
Free_energy = -17139.323639270762
------------------------------------------
[{'stable': {'F_dwave': np.complex128(0.0998677908639301j)}, 'free': np.float64(-17139.32363927076)}, {'stable': {'F_dwave': np.complex128(-0.0998677908639301j)}, 'free': np.float64(-17139.32363927076)}, {'stable': {'F_dwave': np.complex128(0.021515487774145622-0.09752260988038923j)}, 'free': np.float64(-17139.323639270817)}, {'stable': {'F_dwave': np.complex128(0.09986779086393012+0j)}, 'free': np.float64(-17139.323639270762)}]
------------------------------------------
  Seed: s-wave+py
F_onsite: (-5.720944459355438e-16+3.0493540611987272e-19j)
F_swave: (2.8449465006019636e-16-3.748392328046082e-18j), F_dwave: (-0.0998677908639301+6.227704227460357e-18j)
F_px: 3.255481734183783e-17j, F_py: -1.2829113570060174e-17j
Free_energy = -17139.323639270755
------------------------------------------
[{'stable': {'F_dwave': np.complex128(0.0998677908639301j)}, 'free': np.float64(-17139.32363927076)}, {'stable': {'F_dwave': np.complex128(-0.0998677908639301j)}, 'free': np.float64(-17139.32363927076)}, {'stable': {'F_dwave': np.complex128(0.021515487774145622-0.09752260988038923j)}, 'free': np.float64(-17139.323639270817)}, {'stable': {'F_dwave': np.complex128(0.09986779086393012+0j)}, 'free': np.float64(-17139.323639270762)}, {'stable': {'F_dwave': np.complex128(-0.0998677908639301+6.227704227460357e-18j)}, 'free': np.float64(-17139.323639270755)}]
------------------------------------------
====================================
mu=0.21, T=0.0732
====================================
  Seed: normal state
F_onsite: 0j
F_swave: 0j, F_dwave: 0j
F_px: 0j, F_py: 0j
Free_energy = -16376.807721032317
------------------------------------------
[{'stable': {}, 'free': np.float64(-16376.807721032317)}]
------------------------------------------
  Seed: px
F_onsite: -2.1017898079147912e-16j
F_swave: 1.3183898417423734e-16j, F_dwave: 0.0995929370724721j
F_px: (3.5965744455044155e-17+0j), F_py: (-1.4629701318045553e-17+0j)
Free_energy = -17137.566419337996
------------------------------------------
[{'stable': {'F_dwave': np.complex128(0.0995929370724721j)}, 'free': np.float64(-17137.566419337996)}]
------------------------------------------
  Seed: py
F_onsite: 2.1017898079147912e-16j
F_swave: -1.3183898417423734e-16j, F_dwave: -0.0995929370724721j
F_px: (-3.5965744455044155e-17+0j), F_py: (1.4629701318045553e-17+0j)
Free_energy = -17137.566419337996
------------------------------------------
[{'stable': {'F_dwave': np.complex128(0.0995929370724721j)}, 'free': np.float64(-17137.566419337996)}, {'stable': {'F_dwave': np.complex128(-0.0995929370724721j)}, 'free': np.float64(-17137.566419337996)}]
------------------------------------------
  Seed: px+py
F_onsite: -2.1017898079147912e-16j
F_swave: 1.3183898417423734e-16j, F_dwave: 0.0995929370724721j
F_px: (3.5965744455044155e-17+0j), F_py: (-1.4629701318045553e-17+0j)
Free_energy = -17137.566419337996
------------------------------------------
[{'stable': {'F_dwave': np.complex128(0.0995929370724721j)}, 'free': np.float64(-17137.566419337996)}, {'stable': {'F_dwave': np.complex128(-0.0995929370724721j)}, 'free': np.float64(-17137.566419337996)}]
------------------------------------------
  Seed: px+i*py
F_onsite: (2.6566295607413792e-17+1.0440598605870824e-16j)
F_swave: (3.5561831257524545e-17+1.700029006457271e-16j), F_dwave: (0.0214562733533724-0.09725421044102128j)
F_px: (-1.700029006457271e-16+1.7416623698807143e-15j), F_py: (1.734723475976807e-18+6.938893903907228e-18j)
Free_energy = -17137.56641933795
------------------------------------------
[{'stable': {'F_dwave': np.complex128(0.0995929370724721j)}, 'free': np.float64(-17137.566419337996)}, {'stable': {'F_dwave': np.complex128(-0.0995929370724721j)}, 'free': np.float64(-17137.566419337996)}, {'stable': {'F_dwave': np.complex128(0.0214562733533724-0.09725421044102128j)}, 'free': np.float64(-17137.56641933795)}]
------------------------------------------
  Seed: d-wave
F_onsite: (-2.0012871267578996e-16+0j)
F_swave: (1.3877787807814457e-17+0j), F_dwave: (0.09959293707246943+0j)
F_px: -9.557295255455047e-18j, F_py: 1.0952169095222606e-17j
Free_energy = -17137.566419337927
------------------------------------------
[{'stable': {'F_dwave': np.complex128(0.0995929370724721j)}, 'free': np.float64(-17137.566419337996)}, {'stable': {'F_dwave': np.complex128(-0.0995929370724721j)}, 'free': np.float64(-17137.566419337996)}, {'stable': {'F_dwave': np.complex128(0.0214562733533724-0.09725421044102128j)}, 'free': np.float64(-17137.56641933795)}, {'stable': {'F_dwave': np.complex128(0.09959293707246943+0j)}, 'free': np.float64(-17137.566419337927)}]
------------------------------------------
  Seed: d-wave+px
F_onsite: (4.9680461158245965e-17-2.7518795344065127e-19j)
F_swave: (1.0408340855860843e-16-3.52448099437094e-18j), F_dwave: (0.09959293761760854+2.3756255271440036e-17j)
F_px: 9.382313036211496e-18j, F_py: 1.021108080156486e-17j
Free_energy = -17137.566434969507
------------------------------------------
[{'stable': {'F_dwave': np.complex128(0.0995929370724721j)}, 'free': np.float64(-17137.566419337996)}, {'stable': {'F_dwave': np.complex128(-0.0995929370724721j)}, 'free': np.float64(-17137.566419337996)}, {'stable': {'F_dwave': np.complex128(0.0214562733533724-0.09725421044102128j)}, 'free': np.float64(-17137.56641933795)}, {'stable': {'F_dwave': np.complex128(0.09959293707246943+0j)}, 'free': np.float64(-17137.566419337927)}]
------------------------------------------
  Seed: d-wave+py
F_onsite: (-2.0012871267578996e-16+0j)
F_swave: (1.3877787807814457e-17+0j), F_dwave: (0.09959293707246943+0j)
F_px: -9.557295255455047e-18j, F_py: 1.0952169095222606e-17j
Free_energy = -17137.566419337927
------------------------------------------
[{'stable': {'F_dwave': np.complex128(0.0995929370724721j)}, 'free': np.float64(-17137.566419337996)}, {'stable': {'F_dwave': np.complex128(-0.0995929370724721j)}, 'free': np.float64(-17137.566419337996)}, {'stable': {'F_dwave': np.complex128(0.0214562733533724-0.09725421044102128j)}, 'free': np.float64(-17137.56641933795)}, {'stable': {'F_dwave': np.complex128(0.09959293707246943+0j)}, 'free': np.float64(-17137.566419337927)}]
------------------------------------------
  Seed: s-wave
F_onsite: (-2.0012871267578996e-16+0j)
F_swave: (1.3877787807814457e-17+0j), F_dwave: (0.09959293707246943+0j)
F_px: -9.557295255455047e-18j, F_py: 1.0952169095222606e-17j
Free_energy = -17137.566419337927
------------------------------------------
[{'stable': {'F_dwave': np.complex128(0.0995929370724721j)}, 'free': np.float64(-17137.566419337996)}, {'stable': {'F_dwave': np.complex128(-0.0995929370724721j)}, 'free': np.float64(-17137.566419337996)}, {'stable': {'F_dwave': np.complex128(0.0214562733533724-0.09725421044102128j)}, 'free': np.float64(-17137.56641933795)}, {'stable': {'F_dwave': np.complex128(0.09959293707246943+0j)}, 'free': np.float64(-17137.566419337927)}]
------------------------------------------
  Seed: s-wave+px
F_onsite: (-1.87154798358202e-16+5.678362737140676e-20j)
F_swave: (4.5102810375396984e-17-1.7261150073419677e-19j), F_dwave: (0.09959293707246945-1.1053954083187562e-17j)
F_px: (-6.938893903907228e-18-1.2898389005349115e-17j), F_py: (-6.938893903907228e-18+1.1779420431718006e-17j)
Free_energy = -17137.56641933793
------------------------------------------
[{'stable': {'F_dwave': np.complex128(0.0995929370724721j)}, 'free': np.float64(-17137.566419337996)}, {'stable': {'F_dwave': np.complex128(-0.0995929370724721j)}, 'free': np.float64(-17137.566419337996)}, {'stable': {'F_dwave': np.complex128(0.0214562733533724-0.09725421044102128j)}, 'free': np.float64(-17137.56641933795)}, {'stable': {'F_dwave': np.complex128(0.09959293707246943+0j)}, 'free': np.float64(-17137.566419337927)}]
------------------------------------------
  Seed: s-wave+py
F_onsite: (1.8716013201879174e-16-2.0429557779895256e-19j)
F_swave: (-5.204170427930421e-17-1.1219870590838908e-18j), F_dwave: (-0.09959293707246945+8.584570663159666e-18j)
F_px: 1.1989717453979507e-17j, F_py: (-6.938893903907228e-18-1.0760509072547384e-17j)
Free_energy = -17137.56641933793
------------------------------------------
[{'stable': {'F_dwave': np.complex128(0.0995929370724721j)}, 'free': np.float64(-17137.566419337996)}, {'stable': {'F_dwave': np.complex128(-0.0995929370724721j)}, 'free': np.float64(-17137.566419337996)}, {'stable': {'F_dwave': np.complex128(0.0214562733533724-0.09725421044102128j)}, 'free': np.float64(-17137.56641933795)}, {'stable': {'F_dwave': np.complex128(0.09959293707246943+0j)}, 'free': np.float64(-17137.566419337927)}, {'stable': {'F_dwave': np.complex128(-0.09959293707246945+8.584570663159666e-18j)}, 'free': np.float64(-17137.56641933793)}]
------------------------------------------
====================================
mu=0.21, T=0.0835
====================================
  Seed: normal state
F_onsite: 0j
F_swave: 0j, F_dwave: 0j
F_px: 0j, F_py: 0j
Free_energy = -16389.098227904396
------------------------------------------
[{'stable': {}, 'free': np.float64(-16389.098227904396)}]
------------------------------------------
  Seed: px
F_onsite: 5.991985184259805e-17j
F_swave: 3.2612801348363973e-16j, F_dwave: 0.0991840742511426j
F_px: (4.140165110871318e-18+0j), F_py: (-1.0790482168838397e-17+0j)
Free_energy = -17134.816551398304
------------------------------------------
[{'stable': {'F_dwave': np.complex128(0.0991840742511426j)}, 'free': np.float64(-17134.816551398304)}]
------------------------------------------
  Seed: py
F_onsite: -5.991985184259805e-17j
F_swave: -3.2612801348363973e-16j, F_dwave: -0.0991840742511426j
F_px: (-4.140165110871318e-18+0j), F_py: (1.0790482168838397e-17+0j)
Free_energy = -17134.816551398304
------------------------------------------
[{'stable': {'F_dwave': np.complex128(0.0991840742511426j)}, 'free': np.float64(-17134.816551398304)}, {'stable': {'F_dwave': np.complex128(-0.0991840742511426j)}, 'free': np.float64(-17134.816551398304)}]
------------------------------------------
  Seed: px+py
F_onsite: 5.991985184259805e-17j
F_swave: 3.2612801348363973e-16j, F_dwave: 0.0991840742511426j
F_px: (4.140165110871318e-18+0j), F_py: (-1.0790482168838397e-17+0j)
Free_energy = -17134.816551398304
------------------------------------------
[{'stable': {'F_dwave': np.complex128(0.0991840742511426j)}, 'free': np.float64(-17134.816551398304)}, {'stable': {'F_dwave': np.complex128(-0.0991840742511426j)}, 'free': np.float64(-17134.816551398304)}]
------------------------------------------
  Seed: px+i*py
F_onsite: (9.873609948875938e-18-1.8516894615697654e-16j)
F_swave: (2.168404344971009e-17-4.5102810375396984e-17j), F_dwave: (0.021368186773777678-0.09685494302827978j)
F_px: (2.5500435096859064e-16+1.4363510381087963e-15j), F_py: (-4.336808689942018e-17+6.938893903907228e-18j)
Free_energy = -17134.81638337212
------------------------------------------
[{'stable': {'F_dwave': np.complex128(0.0991840742511426j)}, 'free': np.float64(-17134.816551398304)}, {'stable': {'F_dwave': np.complex128(-0.0991840742511426j)}, 'free': np.float64(-17134.816551398304)}, {'stable': {'F_dwave': np.complex128(0.021368186773777678-0.09685494302827978j)}, 'free': np.float64(-17134.81638337212)}]
------------------------------------------
  Seed: d-wave
F_onsite: (4.36472658539309e-17+0j)
F_swave: (-3.469446951953614e-16+0j), F_dwave: (0.09918406825196457+0j)
F_px: 2.9301316249287036e-17j, F_py: 6.086961369393633e-18j
Free_energy = -17134.81638337212
------------------------------------------
[{'stable': {'F_dwave': np.complex128(0.0991840742511426j)}, 'free': np.float64(-17134.816551398304)}, {'stable': {'F_dwave': np.complex128(-0.0991840742511426j)}, 'free': np.float64(-17134.816551398304)}, {'stable': {'F_dwave': np.complex128(0.021368186773777678-0.09685494302827978j)}, 'free': np.float64(-17134.81638337212)}, {'stable': {'F_dwave': np.complex128(0.09918406825196457+0j)}, 'free': np.float64(-17134.81638337212)}]
------------------------------------------
  Seed: d-wave+px
F_onsite: (1.1395244110069937e-17-3.0515890171915505e-19j)
F_swave: (-2.3245294578089215e-16-1.120019021583743e-18j), F_dwave: (0.0991840682519648+2.5246120051211346e-17j)
F_px: -4.323565035515773e-17j, F_py: (3.469446951953614e-17+1.0905208155800627e-17j)
Free_energy = -17134.81638337212
------------------------------------------
[{'stable': {'F_dwave': np.complex128(0.0991840742511426j)}, 'free': np.float64(-17134.816551398304)}, {'stable': {'F_dwave': np.complex128(-0.0991840742511426j)}, 'free': np.float64(-17134.816551398304)}, {'stable': {'F_dwave': np.complex128(0.021368186773777678-0.09685494302827978j)}, 'free': np.float64(-17134.81638337212)}, {'stable': {'F_dwave': np.complex128(0.09918406825196457+0j)}, 'free': np.float64(-17134.81638337212)}]
------------------------------------------
  Seed: d-wave+py
F_onsite: (4.36472658539309e-17+0j)
F_swave: (-3.469446951953614e-16+0j), F_dwave: (0.09918406825196457+0j)
F_px: 2.9301316249287036e-17j, F_py: 6.086961369393633e-18j
Free_energy = -17134.81638337212
------------------------------------------
[{'stable': {'F_dwave': np.complex128(0.0991840742511426j)}, 'free': np.float64(-17134.816551398304)}, {'stable': {'F_dwave': np.complex128(-0.0991840742511426j)}, 'free': np.float64(-17134.816551398304)}, {'stable': {'F_dwave': np.complex128(0.021368186773777678-0.09685494302827978j)}, 'free': np.float64(-17134.81638337212)}, {'stable': {'F_dwave': np.complex128(0.09918406825196457+0j)}, 'free': np.float64(-17134.81638337212)}]
------------------------------------------
  Seed: s-wave
F_onsite: (4.36472658539309e-17+0j)
F_swave: (-3.469446951953614e-16+0j), F_dwave: (0.09918406825196457+0j)
F_px: 2.9301316249287036e-17j, F_py: 6.086961369393633e-18j
Free_energy = -17134.81638337212
------------------------------------------
[{'stable': {'F_dwave': np.complex128(0.0991840742511426j)}, 'free': np.float64(-17134.816551398304)}, {'stable': {'F_dwave': np.complex128(-0.0991840742511426j)}, 'free': np.float64(-17134.816551398304)}, {'stable': {'F_dwave': np.complex128(0.021368186773777678-0.09685494302827978j)}, 'free': np.float64(-17134.81638337212)}, {'stable': {'F_dwave': np.complex128(0.09918406825196457+0j)}, 'free': np.float64(-17134.81638337212)}]
------------------------------------------
  Seed: s-wave+px
F_onsite: (4.446758913167997e-17+2.0400894068567687e-19j)
F_swave: (-2.949029909160572e-16-1.31871145492463e-18j), F_dwave: (0.09918406825196463-7.42991984434849e-18j)
F_px: (-2.7755575615628914e-17-3.6641997962313394e-17j), F_py: (-6.938893903907228e-18+1.217069936580802e-17j)
Free_energy = -17134.81638337212
------------------------------------------
[{'stable': {'F_dwave': np.complex128(0.0991840742511426j)}, 'free': np.float64(-17134.816551398304)}, {'stable': {'F_dwave': np.complex128(-0.0991840742511426j)}, 'free': np.float64(-17134.816551398304)}, {'stable': {'F_dwave': np.complex128(0.021368186773777678-0.09685494302827978j)}, 'free': np.float64(-17134.81638337212)}, {'stable': {'F_dwave': np.complex128(0.09918406825196457+0j)}, 'free': np.float64(-17134.81638337212)}]
------------------------------------------
  Seed: s-wave+py
F_onsite: (-3.910897693877649e-17-6.135951958940631e-20j)
F_swave: (-3.469446951953614e-16-1.7367960803991353e-18j), F_dwave: (-0.09918407425114262+3.98167451377159e-18j)
F_px: 5.646801391152447e-18j, F_py: -1.25466443051362e-17j
Free_energy = -17134.816551398304
------------------------------------------
[{'stable': {'F_dwave': np.complex128(0.0991840742511426j)}, 'free': np.float64(-17134.816551398304)}, {'stable': {'F_dwave': np.complex128(-0.0991840742511426j)}, 'free': np.float64(-17134.816551398304)}, {'stable': {'F_dwave': np.complex128(0.021368186773777678-0.09685494302827978j)}, 'free': np.float64(-17134.81638337212)}, {'stable': {'F_dwave': np.complex128(0.09918406825196457+0j)}, 'free': np.float64(-17134.81638337212)}, {'stable': {'F_dwave': np.complex128(-0.09918407425114262+3.98167451377159e-18j)}, 'free': np.float64(-17134.816551398304)}]
------------------------------------------
====================================
mu=0.21, T=0.0938
====================================
  Seed: normal state
F_onsite: 0j
F_swave: 0j, F_dwave: 0j
F_px: 0j, F_py: 0j
Free_energy = -16402.980099202192
------------------------------------------
[{'stable': {}, 'free': np.float64(-16402.980099202192)}]
------------------------------------------
  Seed: px
F_onsite: 6.055246834348441e-17j
F_swave: 3.2612801348363973e-16j, F_dwave: 0.09860404560444906j
F_px: (3.0902978792061306e-17+0j), F_py: (-1.4486477789726127e-17+0j)
Free_energy = -17130.794224280093
------------------------------------------
[{'stable': {'F_dwave': np.complex128(0.09860404560444906j)}, 'free': np.float64(-17130.794224280093)}]
------------------------------------------
  Seed: py
F_onsite: -6.055246834348441e-17j
F_swave: -3.2612801348363973e-16j, F_dwave: -0.09860404560444906j
F_px: (-3.0902978792061306e-17+0j), F_py: (1.4486477789726127e-17+0j)
Free_energy = -17130.794224280093
------------------------------------------
[{'stable': {'F_dwave': np.complex128(0.09860404560444906j)}, 'free': np.float64(-17130.794224280093)}, {'stable': {'F_dwave': np.complex128(-0.09860404560444906j)}, 'free': np.float64(-17130.794224280093)}]
------------------------------------------
  Seed: px+py
F_onsite: 6.055246834348441e-17j
F_swave: 3.2612801348363973e-16j, F_dwave: 0.09860404560444906j
F_px: (3.0902978792061306e-17+0j), F_py: (-1.4486477789726127e-17+0j)
Free_energy = -17130.794224280093
------------------------------------------
[{'stable': {'F_dwave': np.complex128(0.09860404560444906j)}, 'free': np.float64(-17130.794224280093)}, {'stable': {'F_dwave': np.complex128(-0.09860404560444906j)}, 'free': np.float64(-17130.794224280093)}]
------------------------------------------
  Seed: px+i*py
F_onsite: (-4.6575431748119014e-17-9.390816058192013e-20j)
F_swave: (1.9081958235744878e-17-4.163336342344337e-17j), F_dwave: (0.021243226863541905-0.09628854096923672j)
F_px: (5.204170427930421e-18+9.020562075079397e-17j), F_py: (1.0408340855860843e-17+2.7755575615628914e-17j)
Free_energy = -17130.794224279485
------------------------------------------
[{'stable': {'F_dwave': np.complex128(0.09860404560444906j)}, 'free': np.float64(-17130.794224280093)}, {'stable': {'F_dwave': np.complex128(-0.09860404560444906j)}, 'free': np.float64(-17130.794224280093)}, {'stable': {'F_dwave': np.complex128(0.021243226863541905-0.09628854096923672j)}, 'free': np.float64(-17130.794224279485)}]
------------------------------------------
  Seed: d-wave
F_onsite: (-5.136077581649546e-17+0j)
F_swave: 0j, F_dwave: (0.09860404568657855+0j)
F_px: -1.5579794015818107e-17j, F_py: 1.0898951189743088e-17j
Free_energy = -17130.794226507933
------------------------------------------
[{'stable': {'F_dwave': np.complex128(0.09860404560444906j)}, 'free': np.float64(-17130.794224280093)}, {'stable': {'F_dwave': np.complex128(-0.09860404560444906j)}, 'free': np.float64(-17130.794224280093)}, {'stable': {'F_dwave': np.complex128(0.021243226863541905-0.09628854096923672j)}, 'free': np.float64(-17130.794224279485)}, {'stable': {'F_dwave': np.complex128(0.09860404568657855+0j)}, 'free': np.float64(-17130.794226507933)}]
------------------------------------------
  Seed: d-wave+px
F_onsite: (-5.837271638593602e-17-5.085883157160935e-20j)
F_swave: (6.938893903907228e-18-2.0737716258712806e-18j), F_dwave: (0.09860404568657855+9.44260185553726e-18j)
F_px: (-6.938893903907228e-18-1.6308680032398422e-17j), F_py: 1.1174560532015397e-17j
Free_energy = -17130.794226507933
------------------------------------------
[{'stable': {'F_dwave': np.complex128(0.09860404560444906j)}, 'free': np.float64(-17130.794224280093)}, {'stable': {'F_dwave': np.complex128(-0.09860404560444906j)}, 'free': np.float64(-17130.794224280093)}, {'stable': {'F_dwave': np.complex128(0.021243226863541905-0.09628854096923672j)}, 'free': np.float64(-17130.794224279485)}, {'stable': {'F_dwave': np.complex128(0.09860404568657855+0j)}, 'free': np.float64(-17130.794226507933)}]
------------------------------------------
  Seed: d-wave+py
F_onsite: (-5.136077581649546e-17+0j)
F_swave: 0j, F_dwave: (0.09860404568657855+0j)
F_px: -1.5579794015818107e-17j, F_py: 1.0898951189743088e-17j
Free_energy = -17130.794226507933
------------------------------------------
[{'stable': {'F_dwave': np.complex128(0.09860404560444906j)}, 'free': np.float64(-17130.794224280093)}, {'stable': {'F_dwave': np.complex128(-0.09860404560444906j)}, 'free': np.float64(-17130.794224280093)}, {'stable': {'F_dwave': np.complex128(0.021243226863541905-0.09628854096923672j)}, 'free': np.float64(-17130.794224279485)}, {'stable': {'F_dwave': np.complex128(0.09860404568657855+0j)}, 'free': np.float64(-17130.794226507933)}]
------------------------------------------
  Seed: s-wave
F_onsite: (-5.136077581649546e-17+0j)
F_swave: 0j, F_dwave: (0.09860404568657855+0j)
F_px: -1.5579794015818107e-17j, F_py: 1.0898951189743088e-17j
Free_energy = -17130.794226507933
------------------------------------------
[{'stable': {'F_dwave': np.complex128(0.09860404560444906j)}, 'free': np.float64(-17130.794224280093)}, {'stable': {'F_dwave': np.complex128(-0.09860404560444906j)}, 'free': np.float64(-17130.794224280093)}, {'stable': {'F_dwave': np.complex128(0.021243226863541905-0.09628854096923672j)}, 'free': np.float64(-17130.794224279485)}, {'stable': {'F_dwave': np.complex128(0.09860404568657855+0j)}, 'free': np.float64(-17130.794226507933)}]
------------------------------------------
  Seed: s-wave+px
F_onsite: (-5.837247815791961e-17-1.8914269151555072e-19j)
F_swave: (-6.938893903907228e-18+5.115082248777848e-19j), F_dwave: (0.09860404568657853-5.17926401968645e-18j)
F_px: -1.46352987196849e-17j, F_py: 1.1746304669484752e-17j
Free_energy = -17130.794226507933
------------------------------------------
[{'stable': {'F_dwave': np.complex128(0.09860404560444906j)}, 'free': np.float64(-17130.794224280093)}, {'stable': {'F_dwave': np.complex128(-0.09860404560444906j)}, 'free': np.float64(-17130.794224280093)}, {'stable': {'F_dwave': np.complex128(0.021243226863541905-0.09628854096923672j)}, 'free': np.float64(-17130.794224279485)}, {'stable': {'F_dwave': np.complex128(0.09860404568657855+0j)}, 'free': np.float64(-17130.794226507933)}]
------------------------------------------
  Seed: s-wave+py
F_onsite: (-3.201743993958582e-17+0j)
F_swave: (-3.191891195797325e-16+0j), F_dwave: (-0.09860404560444906+0j)
F_px: 2.310218852325078e-17j, F_py: -9.86151020286564e-18j
Free_energy = -17130.794224280093
------------------------------------------
[{'stable': {'F_dwave': np.complex128(0.09860404560444906j)}, 'free': np.float64(-17130.794224280093)}, {'stable': {'F_dwave': np.complex128(-0.09860404560444906j)}, 'free': np.float64(-17130.794224280093)}, {'stable': {'F_dwave': np.complex128(0.021243226863541905-0.09628854096923672j)}, 'free': np.float64(-17130.794224279485)}, {'stable': {'F_dwave': np.complex128(0.09860404568657855+0j)}, 'free': np.float64(-17130.794226507933)}, {'stable': {'F_dwave': np.complex128(-0.09860404560444906+0j)}, 'free': np.float64(-17130.794224280093)}]
------------------------------------------
====================================
mu=0.21, T=0.1041
====================================
  Seed: normal state
F_onsite: 0j
F_swave: 0j, F_dwave: 0j
F_px: 0j, F_py: 0j
Free_energy = -16418.413802461582
------------------------------------------
[{'stable': {}, 'free': np.float64(-16418.413802461582)}]
------------------------------------------
  Seed: px
F_onsite: -2.99384423864298e-17j
F_swave: 0j, F_dwave: 0.09781655050315263j
F_px: (2.231909068548236e-18+0j), F_py: (-1.0837268331465008e-17+0j)
Free_energy = -17125.261030774658
------------------------------------------
[{'stable': {'F_dwave': np.complex128(0.09781655050315263j)}, 'free': np.float64(-17125.261030774658)}]
------------------------------------------
  Seed: py
F_onsite: 2.99384423864298e-17j
F_swave: 0j, F_dwave: -0.09781655050315263j
F_px: (-2.231909068548236e-18+0j), F_py: (1.0837268331465008e-17+0j)
Free_energy = -17125.261030774658
------------------------------------------
[{'stable': {'F_dwave': np.complex128(0.09781655050315263j)}, 'free': np.float64(-17125.261030774658)}, {'stable': {'F_dwave': np.complex128(-0.09781655050315263j)}, 'free': np.float64(-17125.261030774658)}]
------------------------------------------
  Seed: px+py
F_onsite: -2.99384423864298e-17j
F_swave: 0j, F_dwave: 0.09781655050315263j
F_px: (2.231909068548236e-18+0j), F_py: (-1.0837268331465008e-17+0j)
Free_energy = -17125.261030774658
------------------------------------------
[{'stable': {'F_dwave': np.complex128(0.09781655050315263j)}, 'free': np.float64(-17125.261030774658)}, {'stable': {'F_dwave': np.complex128(-0.09781655050315263j)}, 'free': np.float64(-17125.261030774658)}]
------------------------------------------
  Seed: px+i*py
F_onsite: (-2.8853962281258477e-19-9.468346704389873e-17j)
F_swave: (-6.938893903907228e-18-2.42861286636753e-17j), F_dwave: (0.02107356914830793-0.0955195385022871j)
F_px: (-9.020562075079397e-17+7.91033905045424e-16j), F_py: (-6.938893903907228e-18+6.938893903907228e-18j)
Free_energy = -17125.261030774986
------------------------------------------
[{'stable': {'F_dwave': np.complex128(0.09781655050315263j)}, 'free': np.float64(-17125.261030774658)}, {'stable': {'F_dwave': np.complex128(-0.09781655050315263j)}, 'free': np.float64(-17125.261030774658)}, {'stable': {'F_dwave': np.complex128(0.02107356914830793-0.0955195385022871j)}, 'free': np.float64(-17125.261030774986)}]
------------------------------------------
  Seed: d-wave
F_onsite: (-4.597453300957477e-17+0j)
F_swave: (-4.163336342344337e-17+0j), F_dwave: (0.09781655050315322+0j)
F_px: 4.883617054255656e-18j, F_py: 1.176545886374903e-17j
Free_energy = -17125.26103077467
------------------------------------------
[{'stable': {'F_dwave': np.complex128(0.09781655050315263j)}, 'free': np.float64(-17125.261030774658)}, {'stable': {'F_dwave': np.complex128(-0.09781655050315263j)}, 'free': np.float64(-17125.261030774658)}, {'stable': {'F_dwave': np.complex128(0.02107356914830793-0.0955195385022871j)}, 'free': np.float64(-17125.261030774986)}, {'stable': {'F_dwave': np.complex128(0.09781655050315322+0j)}, 'free': np.float64(-17125.26103077467)}]
------------------------------------------
  Seed: d-wave+px
F_onsite: (-4.076261355366595e-17-5.003726322660069e-21j)
F_swave: -4.934033092205304e-19j, F_dwave: (0.09781655050315263+1.5138794873149496e-18j)
F_px: -7.417175524349677e-19j, F_py: 1.2021999004565001e-17j
Free_energy = -17125.261030774658
------------------------------------------
[{'stable': {'F_dwave': np.complex128(0.09781655050315263j)}, 'free': np.float64(-17125.261030774658)}, {'stable': {'F_dwave': np.complex128(-0.09781655050315263j)}, 'free': np.float64(-17125.261030774658)}, {'stable': {'F_dwave': np.complex128(0.02107356914830793-0.0955195385022871j)}, 'free': np.float64(-17125.261030774986)}, {'stable': {'F_dwave': np.complex128(0.09781655050315322+0j)}, 'free': np.float64(-17125.26103077467)}]
------------------------------------------
  Seed: d-wave+py
F_onsite: (-4.597453300957477e-17+0j)
F_swave: (-4.163336342344337e-17+0j), F_dwave: (0.09781655050315322+0j)
F_px: 4.883617054255656e-18j, F_py: 1.176545886374903e-17j
Free_energy = -17125.26103077467
------------------------------------------
[{'stable': {'F_dwave': np.complex128(0.09781655050315263j)}, 'free': np.float64(-17125.261030774658)}, {'stable': {'F_dwave': np.complex128(-0.09781655050315263j)}, 'free': np.float64(-17125.261030774658)}, {'stable': {'F_dwave': np.complex128(0.02107356914830793-0.0955195385022871j)}, 'free': np.float64(-17125.261030774986)}, {'stable': {'F_dwave': np.complex128(0.09781655050315322+0j)}, 'free': np.float64(-17125.26103077467)}]
------------------------------------------
  Seed: s-wave
F_onsite: (-4.597453300957477e-17+0j)
F_swave: (-4.163336342344337e-17+0j), F_dwave: (0.09781655050315322+0j)
F_px: 4.883617054255656e-18j, F_py: 1.176545886374903e-17j
Free_energy = -17125.26103077467
------------------------------------------
[{'stable': {'F_dwave': np.complex128(0.09781655050315263j)}, 'free': np.float64(-17125.261030774658)}, {'stable': {'F_dwave': np.complex128(-0.09781655050315263j)}, 'free': np.float64(-17125.261030774658)}, {'stable': {'F_dwave': np.complex128(0.02107356914830793-0.0955195385022871j)}, 'free': np.float64(-17125.261030774986)}, {'stable': {'F_dwave': np.complex128(0.09781655050315322+0j)}, 'free': np.float64(-17125.26103077467)}]
------------------------------------------
  Seed: s-wave+px
F_onsite: (-4.338545107483889e-17+0j)
F_swave: 0j, F_dwave: (0.09781655050315265+0j)
F_px: 1.011299312301664e-17j, F_py: 1.0307074923730263e-17j
Free_energy = -17125.26103077466
------------------------------------------
[{'stable': {'F_dwave': np.complex128(0.09781655050315263j)}, 'free': np.float64(-17125.261030774658)}, {'stable': {'F_dwave': np.complex128(-0.09781655050315263j)}, 'free': np.float64(-17125.261030774658)}, {'stable': {'F_dwave': np.complex128(0.02107356914830793-0.0955195385022871j)}, 'free': np.float64(-17125.261030774986)}, {'stable': {'F_dwave': np.complex128(0.09781655050315322+0j)}, 'free': np.float64(-17125.26103077467)}]
------------------------------------------
  Seed: s-wave+py
F_onsite: (4.597453300957477e-17+0j)
F_swave: (4.85722573273506e-17+0j), F_dwave: (-0.0978165505031532+0j)
F_px: -4.887005186044673e-18j, F_py: -1.1004823277114668e-17j
Free_energy = -17125.26103077467
------------------------------------------
[{'stable': {'F_dwave': np.complex128(0.09781655050315263j)}, 'free': np.float64(-17125.261030774658)}, {'stable': {'F_dwave': np.complex128(-0.09781655050315263j)}, 'free': np.float64(-17125.261030774658)}, {'stable': {'F_dwave': np.complex128(0.02107356914830793-0.0955195385022871j)}, 'free': np.float64(-17125.261030774986)}, {'stable': {'F_dwave': np.complex128(0.09781655050315322+0j)}, 'free': np.float64(-17125.26103077467)}, {'stable': {'F_dwave': np.complex128(-0.0978165505031532+0j)}, 'free': np.float64(-17125.26103077467)}]
------------------------------------------
====================================
mu=0.21, T=0.1144
====================================
  Seed: normal state
F_onsite: 0j
F_swave: 0j, F_dwave: 0j
F_px: 0j, F_py: 0j
Free_energy = -16435.359534125662
------------------------------------------
[{'stable': {}, 'free': np.float64(-16435.359534125662)}]
------------------------------------------
  Seed: px
F_onsite: 1.0842146491811555e-16j
F_swave: 4.787836793695988e-16j, F_dwave: 0.09678700621423252j
F_px: (1.6713031638652248e-17+0j), F_py: (-1.09228974712497e-17+0j)
Free_energy = -17118.031599789858
------------------------------------------
[{'stable': {'F_dwave': np.complex128(0.09678700621423252j)}, 'free': np.float64(-17118.031599789858)}]
------------------------------------------
  Seed: py
F_onsite: -1.0842146491811555e-16j
F_swave: -4.787836793695988e-16j, F_dwave: -0.09678700621423252j
F_px: (-1.6713031638652248e-17+0j), F_py: (1.09228974712497e-17+0j)
Free_energy = -17118.031599789858
------------------------------------------
[{'stable': {'F_dwave': np.complex128(0.09678700621423252j)}, 'free': np.float64(-17118.031599789858)}, {'stable': {'F_dwave': np.complex128(-0.09678700621423252j)}, 'free': np.float64(-17118.031599789858)}]
------------------------------------------
  Seed: px+py
F_onsite: 1.0842146491811555e-16j
F_swave: 4.787836793695988e-16j, F_dwave: 0.09678700621423252j
F_px: (1.6713031638652248e-17+0j), F_py: (-1.09228974712497e-17+0j)
Free_energy = -17118.031599789858
------------------------------------------
[{'stable': {'F_dwave': np.complex128(0.09678700621423252j)}, 'free': np.float64(-17118.031599789858)}, {'stable': {'F_dwave': np.complex128(-0.09678700621423252j)}, 'free': np.float64(-17118.031599789858)}]
------------------------------------------
  Seed: px+i*py
F_onsite: (3.361845229921185e-17+1.352882115232977e-16j)
F_swave: (-4.597017211338539e-17+1.491862189340054e-16j), F_dwave: (0.02085176442658577-0.09451417085396312j)
F_px: (-3.660266534311063e-16+8.396061623727746e-16j), F_py: (5.724587470723463e-17-3.469446951953614e-17j)
Free_energy = -17118.031599789865
------------------------------------------
[{'stable': {'F_dwave': np.complex128(0.09678700621423252j)}, 'free': np.float64(-17118.031599789858)}, {'stable': {'F_dwave': np.complex128(-0.09678700621423252j)}, 'free': np.float64(-17118.031599789858)}, {'stable': {'F_dwave': np.complex128(0.02085176442658577-0.09451417085396312j)}, 'free': np.float64(-17118.031599789865)}]
------------------------------------------
  Seed: d-wave
F_onsite: (1.2245418497513982e-16+0j)
F_swave: (4.510281037539698e-16+0j), F_dwave: (0.09678700621423261+0j)
F_px: -4.429581664700947e-18j, F_py: 1.5547125431933354e-17j
Free_energy = -17118.031599789865
------------------------------------------
[{'stable': {'F_dwave': np.complex128(0.09678700621423252j)}, 'free': np.float64(-17118.031599789858)}, {'stable': {'F_dwave': np.complex128(-0.09678700621423252j)}, 'free': np.float64(-17118.031599789858)}, {'stable': {'F_dwave': np.complex128(0.02085176442658577-0.09451417085396312j)}, 'free': np.float64(-17118.031599789865)}, {'stable': {'F_dwave': np.complex128(0.09678700621423261+0j)}, 'free': np.float64(-17118.031599789865)}]
------------------------------------------
  Seed: d-wave+px
F_onsite: (-4.5148540228381366e-17+0j)
F_swave: (-4.163336342344337e-17+0j), F_dwave: (0.09678700621704281+0j)
F_px: -1.2136928719644038e-17j, F_py: 1.3754034970731623e-17j
Free_energy = -17118.031599859536
------------------------------------------
[{'stable': {'F_dwave': np.complex128(0.09678700621423252j)}, 'free': np.float64(-17118.031599789858)}, {'stable': {'F_dwave': np.complex128(-0.09678700621423252j)}, 'free': np.float64(-17118.031599789858)}, {'stable': {'F_dwave': np.complex128(0.02085176442658577-0.09451417085396312j)}, 'free': np.float64(-17118.031599789865)}, {'stable': {'F_dwave': np.complex128(0.09678700621423261+0j)}, 'free': np.float64(-17118.031599789865)}]
------------------------------------------
  Seed: d-wave+py
F_onsite: (1.2245418497513982e-16+0j)
F_swave: (4.510281037539698e-16+0j), F_dwave: (0.09678700621423261+0j)
F_px: -4.429581664700947e-18j, F_py: 1.5547125431933354e-17j
Free_energy = -17118.031599789865
------------------------------------------
[{'stable': {'F_dwave': np.complex128(0.09678700621423252j)}, 'free': np.float64(-17118.031599789858)}, {'stable': {'F_dwave': np.complex128(-0.09678700621423252j)}, 'free': np.float64(-17118.031599789858)}, {'stable': {'F_dwave': np.complex128(0.02085176442658577-0.09451417085396312j)}, 'free': np.float64(-17118.031599789865)}, {'stable': {'F_dwave': np.complex128(0.09678700621423261+0j)}, 'free': np.float64(-17118.031599789865)}]
------------------------------------------
  Seed: s-wave
F_onsite: (1.2245418497513982e-16+0j)
F_swave: (4.510281037539698e-16+0j), F_dwave: (0.09678700621423261+0j)
F_px: -4.429581664700947e-18j, F_py: 1.5547125431933354e-17j
Free_energy = -17118.031599789865
------------------------------------------
[{'stable': {'F_dwave': np.complex128(0.09678700621423252j)}, 'free': np.float64(-17118.031599789858)}, {'stable': {'F_dwave': np.complex128(-0.09678700621423252j)}, 'free': np.float64(-17118.031599789858)}, {'stable': {'F_dwave': np.complex128(0.02085176442658577-0.09451417085396312j)}, 'free': np.float64(-17118.031599789865)}, {'stable': {'F_dwave': np.complex128(0.09678700621423261+0j)}, 'free': np.float64(-17118.031599789865)}]
------------------------------------------
  Seed: s-wave+px
F_onsite: (1.0192413127183511e-16+0j)
F_swave: (4.787836793695988e-16+0j), F_dwave: (0.0967870062142324+0j)
F_px: -4.7968166204799944e-17j, F_py: 7.64867554768501e-18j
Free_energy = -17118.031599789858
------------------------------------------
[{'stable': {'F_dwave': np.complex128(0.09678700621423252j)}, 'free': np.float64(-17118.031599789858)}, {'stable': {'F_dwave': np.complex128(-0.09678700621423252j)}, 'free': np.float64(-17118.031599789858)}, {'stable': {'F_dwave': np.complex128(0.02085176442658577-0.09451417085396312j)}, 'free': np.float64(-17118.031599789865)}, {'stable': {'F_dwave': np.complex128(0.09678700621423261+0j)}, 'free': np.float64(-17118.031599789865)}]
------------------------------------------
  Seed: s-wave+py
F_onsite: (5.230639214915383e-17+0j)
F_swave: (4.163336342344337e-17+0j), F_dwave: (-0.09678700621704281+0j)
F_px: 7.14981048444753e-18j, F_py: -8.220580484556093e-18j
Free_energy = -17118.03159985954
------------------------------------------
[{'stable': {'F_dwave': np.complex128(0.09678700621423252j)}, 'free': np.float64(-17118.031599789858)}, {'stable': {'F_dwave': np.complex128(-0.09678700621423252j)}, 'free': np.float64(-17118.031599789858)}, {'stable': {'F_dwave': np.complex128(0.02085176442658577-0.09451417085396312j)}, 'free': np.float64(-17118.031599789865)}, {'stable': {'F_dwave': np.complex128(0.09678700621423261+0j)}, 'free': np.float64(-17118.031599789865)}, {'stable': {'F_dwave': np.complex128(-0.09678700621704281+0j)}, 'free': np.float64(-17118.03159985954)}]
------------------------------------------
====================================
mu=0.21, T=0.1247
====================================
  Seed: normal state
F_onsite: 0j
F_swave: 0j, F_dwave: 0j
F_px: 0j, F_py: 0j
Free_energy = -16453.778753005594
------------------------------------------
[{'stable': {}, 'free': np.float64(-16453.778753005594)}]
------------------------------------------
  Seed: px
F_onsite: 1.4732844407010521e-16j
F_swave: 1.5959455978986625e-16j, F_dwave: 0.09548224940457815j
F_px: (-6.77836213524845e-18+0j), F_py: (-1.005881237930411e-17+0j)
Free_energy = -17108.974711111692
------------------------------------------
[{'stable': {'F_dwave': np.complex128(0.09548224940457815j)}, 'free': np.float64(-17108.974711111692)}]
------------------------------------------
  Seed: py
F_onsite: -1.4732844407010521e-16j
F_swave: -1.5959455978986625e-16j, F_dwave: -0.09548224940457815j
F_px: (6.77836213524845e-18+0j), F_py: (1.005881237930411e-17+0j)
Free_energy = -17108.974711111692
------------------------------------------
[{'stable': {'F_dwave': np.complex128(0.09548224940457815j)}, 'free': np.float64(-17108.974711111692)}, {'stable': {'F_dwave': np.complex128(-0.09548224940457815j)}, 'free': np.float64(-17108.974711111692)}]
------------------------------------------
  Seed: px+py
F_onsite: 1.4732844407010521e-16j
F_swave: 1.5959455978986625e-16j, F_dwave: 0.09548224940457815j
F_px: (-6.77836213524845e-18+0j), F_py: (-1.005881237930411e-17+0j)
Free_energy = -17108.974711111692
------------------------------------------
[{'stable': {'F_dwave': np.complex128(0.09548224940457815j)}, 'free': np.float64(-17108.974711111692)}, {'stable': {'F_dwave': np.complex128(-0.09548224940457815j)}, 'free': np.float64(-17108.974711111692)}]
------------------------------------------
  Seed: px+i*py
F_onsite: (-3.4181280050063343e-17-2.0406705192105293e-16j)
F_swave: (-2.6020852139652106e-18+7.632783294297951e-17j), F_dwave: (0.0205706679995641-0.09324005346099802j)
F_px: (4.5102810375396984e-17+6.453171330633722e-16j), F_py: (1.734723475976807e-18-2.7755575615628914e-17j)
Free_energy = -17108.974711111696
------------------------------------------
[{'stable': {'F_dwave': np.complex128(0.09548224940457815j)}, 'free': np.float64(-17108.974711111692)}, {'stable': {'F_dwave': np.complex128(-0.09548224940457815j)}, 'free': np.float64(-17108.974711111692)}, {'stable': {'F_dwave': np.complex128(0.0205706679995641-0.09324005346099802j)}, 'free': np.float64(-17108.974711111696)}]
------------------------------------------
  Seed: d-wave
F_onsite: (4.721567450531873e-17+0j)
F_swave: (-6.938893903907228e-18+0j), F_dwave: (0.0954822494046153+0j)
F_px: -2.4558930141358297e-17j, F_py: 1.3694611142706426e-17j
Free_energy = -17108.974711112533
------------------------------------------
[{'stable': {'F_dwave': np.complex128(0.09548224940457815j)}, 'free': np.float64(-17108.974711111692)}, {'stable': {'F_dwave': np.complex128(-0.09548224940457815j)}, 'free': np.float64(-17108.974711111692)}, {'stable': {'F_dwave': np.complex128(0.0205706679995641-0.09324005346099802j)}, 'free': np.float64(-17108.974711111696)}, {'stable': {'F_dwave': np.complex128(0.0954822494046153+0j)}, 'free': np.float64(-17108.974711112533)}]
------------------------------------------
  Seed: d-wave+px
F_onsite: (1.372268146558214e-16+0j)
F_swave: (1.457167719820518e-16+0j), F_dwave: (0.09548224940457808+0j)
F_px: -1.0033616328279944e-17j, F_py: 8.803634585311534e-18j
Free_energy = -17108.974711111692
------------------------------------------
[{'stable': {'F_dwave': np.complex128(0.09548224940457815j)}, 'free': np.float64(-17108.974711111692)}, {'stable': {'F_dwave': np.complex128(-0.09548224940457815j)}, 'free': np.float64(-17108.974711111692)}, {'stable': {'F_dwave': np.complex128(0.0205706679995641-0.09324005346099802j)}, 'free': np.float64(-17108.974711111696)}, {'stable': {'F_dwave': np.complex128(0.0954822494046153+0j)}, 'free': np.float64(-17108.974711112533)}]
------------------------------------------
  Seed: d-wave+py
F_onsite: (4.721567450531873e-17+0j)
F_swave: (-6.938893903907228e-18+0j), F_dwave: (0.0954822494046153+0j)
F_px: -2.4558930141358297e-17j, F_py: 1.3694611142706426e-17j
Free_energy = -17108.974711112533
------------------------------------------
[{'stable': {'F_dwave': np.complex128(0.09548224940457815j)}, 'free': np.float64(-17108.974711111692)}, {'stable': {'F_dwave': np.complex128(-0.09548224940457815j)}, 'free': np.float64(-17108.974711111692)}, {'stable': {'F_dwave': np.complex128(0.0205706679995641-0.09324005346099802j)}, 'free': np.float64(-17108.974711111696)}, {'stable': {'F_dwave': np.complex128(0.0954822494046153+0j)}, 'free': np.float64(-17108.974711112533)}]
------------------------------------------
  Seed: s-wave
F_onsite: (4.721567450531873e-17+0j)
F_swave: (-6.938893903907228e-18+0j), F_dwave: (0.0954822494046153+0j)
F_px: -2.4558930141358297e-17j, F_py: 1.3694611142706426e-17j
Free_energy = -17108.974711112533
------------------------------------------
[{'stable': {'F_dwave': np.complex128(0.09548224940457815j)}, 'free': np.float64(-17108.974711111692)}, {'stable': {'F_dwave': np.complex128(-0.09548224940457815j)}, 'free': np.float64(-17108.974711111692)}, {'stable': {'F_dwave': np.complex128(0.0205706679995641-0.09324005346099802j)}, 'free': np.float64(-17108.974711111696)}, {'stable': {'F_dwave': np.complex128(0.0954822494046153+0j)}, 'free': np.float64(-17108.974711112533)}]
------------------------------------------
  Seed: s-wave+px
F_onsite: (1.372268146558214e-16+0j)
F_swave: (1.457167719820518e-16+0j), F_dwave: (0.09548224940457808+0j)
F_px: -1.0033616328279944e-17j, F_py: 8.803634585311534e-18j
Free_energy = -17108.974711111692
------------------------------------------
[{'stable': {'F_dwave': np.complex128(0.09548224940457815j)}, 'free': np.float64(-17108.974711111692)}, {'stable': {'F_dwave': np.complex128(-0.09548224940457815j)}, 'free': np.float64(-17108.974711111692)}, {'stable': {'F_dwave': np.complex128(0.0205706679995641-0.09324005346099802j)}, 'free': np.float64(-17108.974711111696)}, {'stable': {'F_dwave': np.complex128(0.0954822494046153+0j)}, 'free': np.float64(-17108.974711112533)}]
------------------------------------------
  Seed: s-wave+py
F_onsite: (-1.2683257458092145e-16+0j)
F_swave: (-1.457167719820518e-16+0j), F_dwave: (-0.0954822494045781+0j)
F_px: 2.044720168398515e-17j, F_py: -9.63422734992572e-18j
Free_energy = -17108.974711111692
------------------------------------------
[{'stable': {'F_dwave': np.complex128(0.09548224940457815j)}, 'free': np.float64(-17108.974711111692)}, {'stable': {'F_dwave': np.complex128(-0.09548224940457815j)}, 'free': np.float64(-17108.974711111692)}, {'stable': {'F_dwave': np.complex128(0.0205706679995641-0.09324005346099802j)}, 'free': np.float64(-17108.974711111696)}, {'stable': {'F_dwave': np.complex128(0.0954822494046153+0j)}, 'free': np.float64(-17108.974711112533)}, {'stable': {'F_dwave': np.complex128(-0.0954822494045781+0j)}, 'free': np.float64(-17108.974711111692)}]
------------------------------------------
====================================
mu=0.21, T=0.1350
====================================
  Seed: normal state
F_onsite: 0j
F_swave: 0j, F_dwave: 0j
F_px: 0j, F_py: 0j
Free_energy = -16473.634911338067
------------------------------------------
[{'stable': {}, 'free': np.float64(-16473.634911338067)}]
------------------------------------------
  Seed: px
F_onsite: 5.506289543987044e-17j
F_swave: -1.734723475976807e-16j, F_dwave: 0.09386943253515201j
F_px: (2.5725297611654766e-17+0j), F_py: (-7.915067942754533e-18+0j)
Free_energy = -17098.006962327585
------------------------------------------
[{'stable': {'F_dwave': np.complex128(0.09386943253515201j)}, 'free': np.float64(-17098.006962327585)}]
------------------------------------------
  Seed: py
F_onsite: -5.506289543987044e-17j
F_swave: 1.734723475976807e-16j, F_dwave: -0.09386943253515201j
F_px: (-2.5725297611654766e-17+0j), F_py: (7.915067942754533e-18+0j)
Free_energy = -17098.006962327585
------------------------------------------
[{'stable': {'F_dwave': np.complex128(0.09386943253515201j)}, 'free': np.float64(-17098.006962327585)}, {'stable': {'F_dwave': np.complex128(-0.09386943253515201j)}, 'free': np.float64(-17098.006962327585)}]
------------------------------------------
  Seed: px+py
F_onsite: 5.506289543987044e-17j
F_swave: -1.734723475976807e-16j, F_dwave: 0.09386943253515201j
F_px: (2.5725297611654766e-17+0j), F_py: (-7.915067942754533e-18+0j)
Free_energy = -17098.006962327585
------------------------------------------
[{'stable': {'F_dwave': np.complex128(0.09386943253515201j)}, 'free': np.float64(-17098.006962327585)}, {'stable': {'F_dwave': np.complex128(-0.09386943253515201j)}, 'free': np.float64(-17098.006962327585)}]
------------------------------------------
  Seed: px+i*py
F_onsite: (-4.2182612177359193e-17-1.0844172063575437e-16j)
F_swave: (8.673617379884035e-18-2.7755575615628914e-17j), F_dwave: (0.020223202101831983-0.09166510514715977j)
F_px: (7.806255641895632e-17-1.8041124150158794e-16j), F_py: (3.469446951953614e-17+0j)
Free_energy = -17098.006850341128
------------------------------------------
[{'stable': {'F_dwave': np.complex128(0.09386943253515201j)}, 'free': np.float64(-17098.006962327585)}, {'stable': {'F_dwave': np.complex128(-0.09386943253515201j)}, 'free': np.float64(-17098.006962327585)}, {'stable': {'F_dwave': np.complex128(0.020223202101831983-0.09166510514715977j)}, 'free': np.float64(-17098.006850341128)}]
------------------------------------------
  Seed: d-wave
F_onsite: (4.791975740783407e-17+0j)
F_swave: (-1.734723475976807e-16+0j), F_dwave: (0.09386943253515201+0j)
F_px: -2.490458079520338e-17j, F_py: 9.165979268713362e-18j
Free_energy = -17098.00696232758
------------------------------------------
[{'stable': {'F_dwave': np.complex128(0.09386943253515201j)}, 'free': np.float64(-17098.006962327585)}, {'stable': {'F_dwave': np.complex128(-0.09386943253515201j)}, 'free': np.float64(-17098.006962327585)}, {'stable': {'F_dwave': np.complex128(0.020223202101831983-0.09166510514715977j)}, 'free': np.float64(-17098.006850341128)}, {'stable': {'F_dwave': np.complex128(0.09386943253515201+0j)}, 'free': np.float64(-17098.00696232758)}]
------------------------------------------
  Seed: d-wave+px
F_onsite: (4.791975740783407e-17+0j)
F_swave: (-1.734723475976807e-16+0j), F_dwave: (0.09386943253515201+0j)
F_px: -2.490458079520338e-17j, F_py: 9.165979268713362e-18j
Free_energy = -17098.00696232758
------------------------------------------
[{'stable': {'F_dwave': np.complex128(0.09386943253515201j)}, 'free': np.float64(-17098.006962327585)}, {'stable': {'F_dwave': np.complex128(-0.09386943253515201j)}, 'free': np.float64(-17098.006962327585)}, {'stable': {'F_dwave': np.complex128(0.020223202101831983-0.09166510514715977j)}, 'free': np.float64(-17098.006850341128)}, {'stable': {'F_dwave': np.complex128(0.09386943253515201+0j)}, 'free': np.float64(-17098.00696232758)}]
------------------------------------------
  Seed: d-wave+py
F_onsite: (4.791975740783407e-17+0j)
F_swave: (-1.734723475976807e-16+0j), F_dwave: (0.09386943253515201+0j)
F_px: -2.490458079520338e-17j, F_py: 9.165979268713362e-18j
Free_energy = -17098.00696232758
------------------------------------------
[{'stable': {'F_dwave': np.complex128(0.09386943253515201j)}, 'free': np.float64(-17098.006962327585)}, {'stable': {'F_dwave': np.complex128(-0.09386943253515201j)}, 'free': np.float64(-17098.006962327585)}, {'stable': {'F_dwave': np.complex128(0.020223202101831983-0.09166510514715977j)}, 'free': np.float64(-17098.006850341128)}, {'stable': {'F_dwave': np.complex128(0.09386943253515201+0j)}, 'free': np.float64(-17098.00696232758)}]
------------------------------------------
  Seed: s-wave
F_onsite: (4.791975740783407e-17+0j)
F_swave: (-1.734723475976807e-16+0j), F_dwave: (0.09386943253515201+0j)
F_px: -2.490458079520338e-17j, F_py: 9.165979268713362e-18j
Free_energy = -17098.00696232758
------------------------------------------
[{'stable': {'F_dwave': np.complex128(0.09386943253515201j)}, 'free': np.float64(-17098.006962327585)}, {'stable': {'F_dwave': np.complex128(-0.09386943253515201j)}, 'free': np.float64(-17098.006962327585)}, {'stable': {'F_dwave': np.complex128(0.020223202101831983-0.09166510514715977j)}, 'free': np.float64(-17098.006850341128)}, {'stable': {'F_dwave': np.complex128(0.09386943253515201+0j)}, 'free': np.float64(-17098.00696232758)}]
------------------------------------------
  Seed: s-wave+px
F_onsite: (4.791975740783407e-17+0j)
F_swave: (-1.734723475976807e-16+0j), F_dwave: (0.09386943253515201+0j)
F_px: -2.490458079520338e-17j, F_py: 9.165979268713362e-18j
Free_energy = -17098.00696232758
------------------------------------------
[{'stable': {'F_dwave': np.complex128(0.09386943253515201j)}, 'free': np.float64(-17098.006962327585)}, {'stable': {'F_dwave': np.complex128(-0.09386943253515201j)}, 'free': np.float64(-17098.006962327585)}, {'stable': {'F_dwave': np.complex128(0.020223202101831983-0.09166510514715977j)}, 'free': np.float64(-17098.006850341128)}, {'stable': {'F_dwave': np.complex128(0.09386943253515201+0j)}, 'free': np.float64(-17098.00696232758)}]
------------------------------------------
  Seed: s-wave+py
F_onsite: (-5.862223045462897e-17+0j)
F_swave: (1.734723475976807e-16+0j), F_dwave: (-0.09386943253515201+0j)
F_px: 2.5172825541686977e-17j, F_py: -8.209361433908036e-18j
Free_energy = -17098.00696232758
------------------------------------------
[{'stable': {'F_dwave': np.complex128(0.09386943253515201j)}, 'free': np.float64(-17098.006962327585)}, {'stable': {'F_dwave': np.complex128(-0.09386943253515201j)}, 'free': np.float64(-17098.006962327585)}, {'stable': {'F_dwave': np.complex128(0.020223202101831983-0.09166510514715977j)}, 'free': np.float64(-17098.006850341128)}, {'stable': {'F_dwave': np.complex128(0.09386943253515201+0j)}, 'free': np.float64(-17098.00696232758)}, {'stable': {'F_dwave': np.complex128(-0.09386943253515201+0j)}, 'free': np.float64(-17098.00696232758)}]
------------------------------------------
====================================
mu=0.21, T=0.1453
====================================
  Seed: normal state
F_onsite: 0j
F_swave: 0j, F_dwave: 0j
F_px: 0j, F_py: 0j
Free_energy = -16494.893728727366
------------------------------------------
[{'stable': {}, 'free': np.float64(-16494.893728727366)}]
------------------------------------------
  Seed: px
F_onsite: 1.4043738105793825e-16j
F_swave: 1.5959455978986625e-16j, F_dwave: 0.09191441251161657j
F_px: (1.2064969796616212e-17+0j), F_py: (-7.038610940340802e-18+0j)
Free_energy = -17085.083783404705
------------------------------------------
[{'stable': {'F_dwave': np.complex128(0.09191441251161657j)}, 'free': np.float64(-17085.083783404705)}]
------------------------------------------
  Seed: py
F_onsite: -1.4043738105793825e-16j
F_swave: -1.5959455978986625e-16j, F_dwave: -0.09191441251161657j
F_px: (-1.2064969796616212e-17+0j), F_py: (7.038610940340802e-18+0j)
Free_energy = -17085.083783404705
------------------------------------------
[{'stable': {'F_dwave': np.complex128(0.09191441251161657j)}, 'free': np.float64(-17085.083783404705)}, {'stable': {'F_dwave': np.complex128(-0.09191441251161657j)}, 'free': np.float64(-17085.083783404705)}]
------------------------------------------
  Seed: px+py
F_onsite: 1.4043738105793825e-16j
F_swave: 1.5959455978986625e-16j, F_dwave: 0.09191441251161657j
F_px: (1.2064969796616212e-17+0j), F_py: (-7.038610940340802e-18+0j)
Free_energy = -17085.083783404705
------------------------------------------
[{'stable': {'F_dwave': np.complex128(0.09191441251161657j)}, 'free': np.float64(-17085.083783404705)}, {'stable': {'F_dwave': np.complex128(-0.09191441251161657j)}, 'free': np.float64(-17085.083783404705)}]
------------------------------------------
  Seed: px+i*py
F_onsite: (5.443024845281461e-17+4.672804287718301e-17j)
F_swave: (-5.204170427930421e-17-3.469446951953614e-16j), F_dwave: (0.01980201425858708-0.08975599956915628j)
F_px: (-1.5785983631388945e-16-9.298117831235686e-16j), F_py: (-1.3877787807814457e-17+2.7755575615628914e-17j)
Free_energy = -17085.08378340471
------------------------------------------
[{'stable': {'F_dwave': np.complex128(0.09191441251161657j)}, 'free': np.float64(-17085.083783404705)}, {'stable': {'F_dwave': np.complex128(-0.09191441251161657j)}, 'free': np.float64(-17085.083783404705)}, {'stable': {'F_dwave': np.complex128(0.01980201425858708-0.08975599956915628j)}, 'free': np.float64(-17085.08378340471)}]
------------------------------------------
  Seed: d-wave
F_onsite: (-1.591617061014846e-16+0j)
F_swave: (3.191891195797325e-16+0j), F_dwave: (0.09191441263312904+0j)
F_px: -1.969921509128782e-17j, F_py: 1.047873888907278e-17j
Free_energy = -17085.083785880135
------------------------------------------
[{'stable': {'F_dwave': np.complex128(0.09191441251161657j)}, 'free': np.float64(-17085.083783404705)}, {'stable': {'F_dwave': np.complex128(-0.09191441251161657j)}, 'free': np.float64(-17085.083783404705)}, {'stable': {'F_dwave': np.complex128(0.01980201425858708-0.08975599956915628j)}, 'free': np.float64(-17085.08378340471)}, {'stable': {'F_dwave': np.complex128(0.09191441263312904+0j)}, 'free': np.float64(-17085.083785880135)}]
------------------------------------------
  Seed: d-wave+px
F_onsite: (-1.591617061014846e-16+0j)
F_swave: (3.191891195797325e-16+0j), F_dwave: (0.09191441263312904+0j)
F_px: -1.969921509128782e-17j, F_py: 1.047873888907278e-17j
Free_energy = -17085.083785880135
------------------------------------------
[{'stable': {'F_dwave': np.complex128(0.09191441251161657j)}, 'free': np.float64(-17085.083783404705)}, {'stable': {'F_dwave': np.complex128(-0.09191441251161657j)}, 'free': np.float64(-17085.083783404705)}, {'stable': {'F_dwave': np.complex128(0.01980201425858708-0.08975599956915628j)}, 'free': np.float64(-17085.08378340471)}, {'stable': {'F_dwave': np.complex128(0.09191441263312904+0j)}, 'free': np.float64(-17085.083785880135)}]
------------------------------------------
  Seed: d-wave+py
F_onsite: (-1.591617061014846e-16+0j)
F_swave: (3.191891195797325e-16+0j), F_dwave: (0.09191441263312904+0j)
F_px: -1.969921509128782e-17j, F_py: 1.047873888907278e-17j
Free_energy = -17085.083785880135
------------------------------------------
[{'stable': {'F_dwave': np.complex128(0.09191441251161657j)}, 'free': np.float64(-17085.083783404705)}, {'stable': {'F_dwave': np.complex128(-0.09191441251161657j)}, 'free': np.float64(-17085.083783404705)}, {'stable': {'F_dwave': np.complex128(0.01980201425858708-0.08975599956915628j)}, 'free': np.float64(-17085.08378340471)}, {'stable': {'F_dwave': np.complex128(0.09191441263312904+0j)}, 'free': np.float64(-17085.083785880135)}]
------------------------------------------
  Seed: s-wave
F_onsite: (-1.591617061014846e-16+0j)
F_swave: (3.191891195797325e-16+0j), F_dwave: (0.09191441263312904+0j)
F_px: -1.969921509128782e-17j, F_py: 1.047873888907278e-17j
Free_energy = -17085.083785880135
------------------------------------------
[{'stable': {'F_dwave': np.complex128(0.09191441251161657j)}, 'free': np.float64(-17085.083783404705)}, {'stable': {'F_dwave': np.complex128(-0.09191441251161657j)}, 'free': np.float64(-17085.083783404705)}, {'stable': {'F_dwave': np.complex128(0.01980201425858708-0.08975599956915628j)}, 'free': np.float64(-17085.08378340471)}, {'stable': {'F_dwave': np.complex128(0.09191441263312904+0j)}, 'free': np.float64(-17085.083785880135)}]
------------------------------------------
  Seed: s-wave+px
F_onsite: (-1.591617061014846e-16+0j)
F_swave: (3.191891195797325e-16+0j), F_dwave: (0.09191441263312904+0j)
F_px: -1.969921509128782e-17j, F_py: 1.047873888907278e-17j
Free_energy = -17085.083785880135
------------------------------------------
[{'stable': {'F_dwave': np.complex128(0.09191441251161657j)}, 'free': np.float64(-17085.083783404705)}, {'stable': {'F_dwave': np.complex128(-0.09191441251161657j)}, 'free': np.float64(-17085.083783404705)}, {'stable': {'F_dwave': np.complex128(0.01980201425858708-0.08975599956915628j)}, 'free': np.float64(-17085.08378340471)}, {'stable': {'F_dwave': np.complex128(0.09191441263312904+0j)}, 'free': np.float64(-17085.083785880135)}]
------------------------------------------
  Seed: s-wave+py
F_onsite: (-9.756691278014018e-17+0j)
F_swave: (-1.5265566588595902e-16+0j), F_dwave: (-0.09191441253089916+0j)
F_px: 1.6667879387689242e-17j, F_py: -1.2728118012158137e-17j
Free_energy = -17085.083783797512
------------------------------------------
[{'stable': {'F_dwave': np.complex128(0.09191441251161657j)}, 'free': np.float64(-17085.083783404705)}, {'stable': {'F_dwave': np.complex128(-0.09191441251161657j)}, 'free': np.float64(-17085.083783404705)}, {'stable': {'F_dwave': np.complex128(0.01980201425858708-0.08975599956915628j)}, 'free': np.float64(-17085.08378340471)}, {'stable': {'F_dwave': np.complex128(0.09191441263312904+0j)}, 'free': np.float64(-17085.083785880135)}, {'stable': {'F_dwave': np.complex128(-0.09191441253089916+0j)}, 'free': np.float64(-17085.083783797512)}]
------------------------------------------
====================================
mu=0.21, T=0.1557
====================================
  Seed: normal state
F_onsite: 0j
F_swave: 0j, F_dwave: 0j
F_px: 0j, F_py: 0j
Free_energy = -16517.52321944974
------------------------------------------
[{'stable': {}, 'free': np.float64(-16517.52321944974)}]
------------------------------------------
  Seed: px
F_onsite: -1.5553281332088922e-16j
F_swave: 6.938893903907228e-17j, F_dwave: 0.08957980312563213j
F_px: (3.3159328226951105e-17+0j), F_py: (-7.949147118411283e-18+0j)
Free_energy = -17070.192299127277
------------------------------------------
[{'stable': {'F_dwave': np.complex128(0.08957980312563213j)}, 'free': np.float64(-17070.192299127277)}]
------------------------------------------
  Seed: py
F_onsite: 1.5553281332088922e-16j
F_swave: -6.938893903907228e-17j, F_dwave: -0.08957980312563213j
F_px: (-3.3159328226951105e-17+0j), F_py: (7.949147118411283e-18+0j)
Free_energy = -17070.192299127277
------------------------------------------
[{'stable': {'F_dwave': np.complex128(0.08957980312563213j)}, 'free': np.float64(-17070.192299127277)}, {'stable': {'F_dwave': np.complex128(-0.08957980312563213j)}, 'free': np.float64(-17070.192299127277)}]
------------------------------------------
  Seed: px+py
F_onsite: -1.5553281332088922e-16j
F_swave: 6.938893903907228e-17j, F_dwave: 0.08957980312563213j
F_px: (3.3159328226951105e-17+0j), F_py: (-7.949147118411283e-18+0j)
Free_energy = -17070.192299127277
------------------------------------------
[{'stable': {'F_dwave': np.complex128(0.08957980312563213j)}, 'free': np.float64(-17070.192299127277)}, {'stable': {'F_dwave': np.complex128(-0.08957980312563213j)}, 'free': np.float64(-17070.192299127277)}]
------------------------------------------
  Seed: px+i*py
F_onsite: (-1.2497210885893323e-17+1.1997689023645038e-17j)
F_swave: (2.3418766925686896e-17-2.0122792321330962e-16j), F_dwave: (0.01929904865335609-0.08747622236786305j)
F_px: (-7.979727989493313e-17+1.8735013540549517e-16j), F_py: (-8.673617379884035e-18+0j)
Free_energy = -17070.192470313603
------------------------------------------
[{'stable': {'F_dwave': np.complex128(0.08957980312563213j)}, 'free': np.float64(-17070.192299127277)}, {'stable': {'F_dwave': np.complex128(-0.08957980312563213j)}, 'free': np.float64(-17070.192299127277)}, {'stable': {'F_dwave': np.complex128(0.01929904865335609-0.08747622236786305j)}, 'free': np.float64(-17070.192470313603)}]
------------------------------------------
  Seed: d-wave
F_onsite: (-1.7245892696643124e-16+0j)
F_swave: (2.42861286636753e-16+0j), F_dwave: (0.08957980203874862+0j)
F_px: 5.182229333728692e-17j, F_py: 7.17113867239007e-18j
Free_energy = -17070.192278684917
------------------------------------------
[{'stable': {'F_dwave': np.complex128(0.08957980312563213j)}, 'free': np.float64(-17070.192299127277)}, {'stable': {'F_dwave': np.complex128(-0.08957980312563213j)}, 'free': np.float64(-17070.192299127277)}, {'stable': {'F_dwave': np.complex128(0.01929904865335609-0.08747622236786305j)}, 'free': np.float64(-17070.192470313603)}, {'stable': {'F_dwave': np.complex128(0.08957980203874862+0j)}, 'free': np.float64(-17070.192278684917)}]
------------------------------------------
  Seed: d-wave+px
F_onsite: (-1.7245892696643124e-16+0j)
F_swave: (2.42861286636753e-16+0j), F_dwave: (0.08957980203874862+0j)
F_px: 5.182229333728692e-17j, F_py: 7.17113867239007e-18j
Free_energy = -17070.192278684917
------------------------------------------
[{'stable': {'F_dwave': np.complex128(0.08957980312563213j)}, 'free': np.float64(-17070.192299127277)}, {'stable': {'F_dwave': np.complex128(-0.08957980312563213j)}, 'free': np.float64(-17070.192299127277)}, {'stable': {'F_dwave': np.complex128(0.01929904865335609-0.08747622236786305j)}, 'free': np.float64(-17070.192470313603)}, {'stable': {'F_dwave': np.complex128(0.08957980203874862+0j)}, 'free': np.float64(-17070.192278684917)}]
------------------------------------------
  Seed: d-wave+py
F_onsite: (-1.7245892696643124e-16+0j)
F_swave: (2.42861286636753e-16+0j), F_dwave: (0.08957980203874862+0j)
F_px: 5.182229333728692e-17j, F_py: 7.17113867239007e-18j
Free_energy = -17070.192278684917
------------------------------------------
[{'stable': {'F_dwave': np.complex128(0.08957980312563213j)}, 'free': np.float64(-17070.192299127277)}, {'stable': {'F_dwave': np.complex128(-0.08957980312563213j)}, 'free': np.float64(-17070.192299127277)}, {'stable': {'F_dwave': np.complex128(0.01929904865335609-0.08747622236786305j)}, 'free': np.float64(-17070.192470313603)}, {'stable': {'F_dwave': np.complex128(0.08957980203874862+0j)}, 'free': np.float64(-17070.192278684917)}]
------------------------------------------
  Seed: s-wave
F_onsite: (-1.7245892696643124e-16+0j)
F_swave: (2.42861286636753e-16+0j), F_dwave: (0.08957980203874862+0j)
F_px: 5.182229333728692e-17j, F_py: 7.17113867239007e-18j
Free_energy = -17070.192278684917
------------------------------------------
[{'stable': {'F_dwave': np.complex128(0.08957980312563213j)}, 'free': np.float64(-17070.192299127277)}, {'stable': {'F_dwave': np.complex128(-0.08957980312563213j)}, 'free': np.float64(-17070.192299127277)}, {'stable': {'F_dwave': np.complex128(0.01929904865335609-0.08747622236786305j)}, 'free': np.float64(-17070.192470313603)}, {'stable': {'F_dwave': np.complex128(0.08957980203874862+0j)}, 'free': np.float64(-17070.192278684917)}]
------------------------------------------
  Seed: s-wave+px
F_onsite: (-1.7245892696643124e-16+0j)
F_swave: (2.42861286636753e-16+0j), F_dwave: (0.08957980203874862+0j)
F_px: 5.182229333728692e-17j, F_py: 7.17113867239007e-18j
Free_energy = -17070.192278684917
------------------------------------------
[{'stable': {'F_dwave': np.complex128(0.08957980312563213j)}, 'free': np.float64(-17070.192299127277)}, {'stable': {'F_dwave': np.complex128(-0.08957980312563213j)}, 'free': np.float64(-17070.192299127277)}, {'stable': {'F_dwave': np.complex128(0.01929904865335609-0.08747622236786305j)}, 'free': np.float64(-17070.192470313603)}, {'stable': {'F_dwave': np.complex128(0.08957980203874862+0j)}, 'free': np.float64(-17070.192278684917)}]
------------------------------------------
  Seed: s-wave+py
F_onsite: (-4.020971962550711e-18+0j)
F_swave: (4.85722573273506e-17+0j), F_dwave: (-0.08957980204006956+0j)
F_px: 1.0724232274494225e-17j, F_py: -1.0359267917539861e-17j
Free_energy = -17070.192278709863
------------------------------------------
[{'stable': {'F_dwave': np.complex128(0.08957980312563213j)}, 'free': np.float64(-17070.192299127277)}, {'stable': {'F_dwave': np.complex128(-0.08957980312563213j)}, 'free': np.float64(-17070.192299127277)}, {'stable': {'F_dwave': np.complex128(0.01929904865335609-0.08747622236786305j)}, 'free': np.float64(-17070.192470313603)}, {'stable': {'F_dwave': np.complex128(0.08957980203874862+0j)}, 'free': np.float64(-17070.192278684917)}, {'stable': {'F_dwave': np.complex128(-0.08957980204006956+0j)}, 'free': np.float64(-17070.192278709863)}]
------------------------------------------
====================================
mu=0.21, T=0.1660
====================================
  Seed: normal state
F_onsite: 0j
F_swave: 0j, F_dwave: 0j
F_px: 0j, F_py: 0j
Free_energy = -16541.493594996828
------------------------------------------
[{'stable': {}, 'free': np.float64(-16541.493594996828)}]
------------------------------------------
  Seed: px
F_onsite: 2.9246568669755746e-17j
F_swave: 1.3877787807814457e-17j, F_dwave: 0.08682237127315681j
F_px: (6.283512087136564e-18+0j), F_py: (-1.1846146196600515e-17+0j)
Free_energy = -17053.34291682181
------------------------------------------
[{'stable': {'F_dwave': np.complex128(0.08682237127315681j)}, 'free': np.float64(-17053.34291682181)}]
------------------------------------------
  Seed: py
F_onsite: -2.9246568669755746e-17j
F_swave: -1.3877787807814457e-17j, F_dwave: -0.08682237127315681j
F_px: (-6.283512087136564e-18+0j), F_py: (1.1846146196600515e-17+0j)
Free_energy = -17053.34291682181
------------------------------------------
[{'stable': {'F_dwave': np.complex128(0.08682237127315681j)}, 'free': np.float64(-17053.34291682181)}, {'stable': {'F_dwave': np.complex128(-0.08682237127315681j)}, 'free': np.float64(-17053.34291682181)}]
------------------------------------------
  Seed: px+py
F_onsite: 2.9246568669755746e-17j
F_swave: 1.3877787807814457e-17j, F_dwave: 0.08682237127315681j
F_px: (6.283512087136564e-18+0j), F_py: (-1.1846146196600515e-17+0j)
Free_energy = -17053.34291682181
------------------------------------------
[{'stable': {'F_dwave': np.complex128(0.08682237127315681j)}, 'free': np.float64(-17053.34291682181)}, {'stable': {'F_dwave': np.complex128(-0.08682237127315681j)}, 'free': np.float64(-17053.34291682181)}]
------------------------------------------
  Seed: px+i*py
F_onsite: (5.1534431651567046e-18+2.2245901462492867e-17j)
F_swave: (8.673617379884035e-19+3.608224830031759e-16j), F_dwave: (0.01870498637571759-0.08478353399589061j)
F_px: (-1.9081958235744878e-17+4.510281037539698e-16j), F_py: (-1.734723475976807e-18+0j)
Free_energy = -17053.34291668821
------------------------------------------
[{'stable': {'F_dwave': np.complex128(0.08682237127315681j)}, 'free': np.float64(-17053.34291682181)}, {'stable': {'F_dwave': np.complex128(-0.08682237127315681j)}, 'free': np.float64(-17053.34291682181)}, {'stable': {'F_dwave': np.complex128(0.01870498637571759-0.08478353399589061j)}, 'free': np.float64(-17053.34291668821)}]
------------------------------------------
  Seed: d-wave
F_onsite: (3.952241889475076e-17+0j)
F_swave: (-1.1796119636642288e-16+0j), F_dwave: (0.08682238022980787+0j)
F_px: -1.3192926044265735e-17j, F_py: 1.3282176878263235e-17j
Free_energy = -17053.343071249987
------------------------------------------
[{'stable': {'F_dwave': np.complex128(0.08682237127315681j)}, 'free': np.float64(-17053.34291682181)}, {'stable': {'F_dwave': np.complex128(-0.08682237127315681j)}, 'free': np.float64(-17053.34291682181)}, {'stable': {'F_dwave': np.complex128(0.01870498637571759-0.08478353399589061j)}, 'free': np.float64(-17053.34291668821)}, {'stable': {'F_dwave': np.complex128(0.08682238022980787+0j)}, 'free': np.float64(-17053.343071249987)}]
------------------------------------------
  Seed: d-wave+px
F_onsite: (3.952241889475076e-17+0j)
F_swave: (-1.1796119636642288e-16+0j), F_dwave: (0.08682238022980787+0j)
F_px: -1.3192926044265735e-17j, F_py: 1.3282176878263235e-17j
Free_energy = -17053.343071249987
------------------------------------------
[{'stable': {'F_dwave': np.complex128(0.08682237127315681j)}, 'free': np.float64(-17053.34291682181)}, {'stable': {'F_dwave': np.complex128(-0.08682237127315681j)}, 'free': np.float64(-17053.34291682181)}, {'stable': {'F_dwave': np.complex128(0.01870498637571759-0.08478353399589061j)}, 'free': np.float64(-17053.34291668821)}, {'stable': {'F_dwave': np.complex128(0.08682238022980787+0j)}, 'free': np.float64(-17053.343071249987)}]
------------------------------------------
  Seed: d-wave+py
F_onsite: (3.952241889475076e-17+0j)
F_swave: (-1.1796119636642288e-16+0j), F_dwave: (0.08682238022980787+0j)
F_px: -1.3192926044265735e-17j, F_py: 1.3282176878263235e-17j
Free_energy = -17053.343071249987
------------------------------------------
[{'stable': {'F_dwave': np.complex128(0.08682237127315681j)}, 'free': np.float64(-17053.34291682181)}, {'stable': {'F_dwave': np.complex128(-0.08682237127315681j)}, 'free': np.float64(-17053.34291682181)}, {'stable': {'F_dwave': np.complex128(0.01870498637571759-0.08478353399589061j)}, 'free': np.float64(-17053.34291668821)}, {'stable': {'F_dwave': np.complex128(0.08682238022980787+0j)}, 'free': np.float64(-17053.343071249987)}]
------------------------------------------
  Seed: s-wave
F_onsite: (3.952241889475076e-17+0j)
F_swave: (-1.1796119636642288e-16+0j), F_dwave: (0.08682238022980787+0j)
F_px: -1.3192926044265735e-17j, F_py: 1.3282176878263235e-17j
Free_energy = -17053.343071249987
------------------------------------------
[{'stable': {'F_dwave': np.complex128(0.08682237127315681j)}, 'free': np.float64(-17053.34291682181)}, {'stable': {'F_dwave': np.complex128(-0.08682237127315681j)}, 'free': np.float64(-17053.34291682181)}, {'stable': {'F_dwave': np.complex128(0.01870498637571759-0.08478353399589061j)}, 'free': np.float64(-17053.34291668821)}, {'stable': {'F_dwave': np.complex128(0.08682238022980787+0j)}, 'free': np.float64(-17053.343071249987)}]
------------------------------------------
  Seed: s-wave+px
F_onsite: (3.952241889475076e-17+0j)
F_swave: (-1.1796119636642288e-16+0j), F_dwave: (0.08682238022980787+0j)
F_px: -1.3192926044265735e-17j, F_py: 1.3282176878263235e-17j
Free_energy = -17053.343071249987
------------------------------------------
[{'stable': {'F_dwave': np.complex128(0.08682237127315681j)}, 'free': np.float64(-17053.34291682181)}, {'stable': {'F_dwave': np.complex128(-0.08682237127315681j)}, 'free': np.float64(-17053.34291682181)}, {'stable': {'F_dwave': np.complex128(0.01870498637571759-0.08478353399589061j)}, 'free': np.float64(-17053.34291668821)}, {'stable': {'F_dwave': np.complex128(0.08682238022980787+0j)}, 'free': np.float64(-17053.343071249987)}]
------------------------------------------
  Seed: s-wave+py
F_onsite: (7.079118553963953e-17+0j)
F_swave: (-8.326672684688674e-17+0j), F_dwave: (-0.08682237126540444+0j)
F_px: 4.7511287763139565e-18j, F_py: -8.393135737008636e-18j
Free_energy = -17053.342916688172
------------------------------------------
[{'stable': {'F_dwave': np.complex128(0.08682237127315681j)}, 'free': np.float64(-17053.34291682181)}, {'stable': {'F_dwave': np.complex128(-0.08682237127315681j)}, 'free': np.float64(-17053.34291682181)}, {'stable': {'F_dwave': np.complex128(0.01870498637571759-0.08478353399589061j)}, 'free': np.float64(-17053.34291668821)}, {'stable': {'F_dwave': np.complex128(0.08682238022980787+0j)}, 'free': np.float64(-17053.343071249987)}, {'stable': {'F_dwave': np.complex128(-0.08682237126540444+0j)}, 'free': np.float64(-17053.342916688172)}]
------------------------------------------
====================================
mu=0.21, T=0.1763
====================================
  Seed: normal state
F_onsite: 0j
F_swave: 0j, F_dwave: 0j
F_px: 0j, F_py: 0j
Free_energy = -16566.77711015566
------------------------------------------
[{'stable': {}, 'free': np.float64(-16566.77711015566)}]
------------------------------------------
  Seed: px
F_onsite: 3.081154475786932e-17j
F_swave: -1.8735013540549517e-16j, F_dwave: 0.08358962125694291j
F_px: (2.935426634473923e-17+0j), F_py: (-1.0900992671494869e-17+0j)
Free_energy = -17034.5642194975
------------------------------------------
[{'stable': {'F_dwave': np.complex128(0.08358962125694291j)}, 'free': np.float64(-17034.5642194975)}]
------------------------------------------
  Seed: py
F_onsite: -3.081154475786932e-17j
F_swave: 1.8735013540549517e-16j, F_dwave: -0.08358962125694291j
F_px: (-2.935426634473923e-17+0j), F_py: (1.0900992671494869e-17+0j)
Free_energy = -17034.5642194975
------------------------------------------
[{'stable': {'F_dwave': np.complex128(0.08358962125694291j)}, 'free': np.float64(-17034.5642194975)}, {'stable': {'F_dwave': np.complex128(-0.08358962125694291j)}, 'free': np.float64(-17034.5642194975)}]
------------------------------------------
  Seed: px+py
F_onsite: 3.081154475786932e-17j
F_swave: -1.8735013540549517e-16j, F_dwave: 0.08358962125694291j
F_px: (2.935426634473923e-17+0j), F_py: (-1.0900992671494869e-17+0j)
Free_energy = -17034.5642194975
------------------------------------------
[{'stable': {'F_dwave': np.complex128(0.08358962125694291j)}, 'free': np.float64(-17034.5642194975)}, {'stable': {'F_dwave': np.complex128(-0.08358962125694291j)}, 'free': np.float64(-17034.5642194975)}]
------------------------------------------
  Seed: px+i*py
F_onsite: (1.8086874848089875e-17-2.641094025949209e-16j)
F_swave: (-6.852157730108388e-17+1.0755285551056204e-16j), F_dwave: (0.018008523637903756-0.08162669811147702j)
F_px: (7.28583859910259e-17-8.743006318923108e-16j), F_py: (1.9081958235744878e-17+6.938893903907228e-18j)
Free_energy = -17034.564218214142
------------------------------------------
[{'stable': {'F_dwave': np.complex128(0.08358962125694291j)}, 'free': np.float64(-17034.5642194975)}, {'stable': {'F_dwave': np.complex128(-0.08358962125694291j)}, 'free': np.float64(-17034.5642194975)}, {'stable': {'F_dwave': np.complex128(0.018008523637903756-0.08162669811147702j)}, 'free': np.float64(-17034.564218214142)}]
------------------------------------------
  Seed: d-wave
F_onsite: (-1.453449145920398e-16+0j)
F_swave: (-9.020562075079397e-17+0j), F_dwave: (0.08358962117511455+0j)
F_px: -4.735292610281782e-18j, F_py: 9.605346177238253e-18j
Free_energy = -17034.564218214142
------------------------------------------
[{'stable': {'F_dwave': np.complex128(0.08358962125694291j)}, 'free': np.float64(-17034.5642194975)}, {'stable': {'F_dwave': np.complex128(-0.08358962125694291j)}, 'free': np.float64(-17034.5642194975)}, {'stable': {'F_dwave': np.complex128(0.018008523637903756-0.08162669811147702j)}, 'free': np.float64(-17034.564218214142)}, {'stable': {'F_dwave': np.complex128(0.08358962117511455+0j)}, 'free': np.float64(-17034.564218214142)}]
------------------------------------------
  Seed: d-wave+px
F_onsite: (-1.453449145920398e-16+0j)
F_swave: (-9.020562075079397e-17+0j), F_dwave: (0.08358962117511455+0j)
F_px: -4.735292610281782e-18j, F_py: 9.605346177238253e-18j
Free_energy = -17034.564218214142
------------------------------------------
[{'stable': {'F_dwave': np.complex128(0.08358962125694291j)}, 'free': np.float64(-17034.5642194975)}, {'stable': {'F_dwave': np.complex128(-0.08358962125694291j)}, 'free': np.float64(-17034.5642194975)}, {'stable': {'F_dwave': np.complex128(0.018008523637903756-0.08162669811147702j)}, 'free': np.float64(-17034.564218214142)}, {'stable': {'F_dwave': np.complex128(0.08358962117511455+0j)}, 'free': np.float64(-17034.564218214142)}]
------------------------------------------
  Seed: d-wave+py
F_onsite: (-1.453449145920398e-16+0j)
F_swave: (-9.020562075079397e-17+0j), F_dwave: (0.08358962117511455+0j)
F_px: -4.735292610281782e-18j, F_py: 9.605346177238253e-18j
Free_energy = -17034.564218214142
------------------------------------------
[{'stable': {'F_dwave': np.complex128(0.08358962125694291j)}, 'free': np.float64(-17034.5642194975)}, {'stable': {'F_dwave': np.complex128(-0.08358962125694291j)}, 'free': np.float64(-17034.5642194975)}, {'stable': {'F_dwave': np.complex128(0.018008523637903756-0.08162669811147702j)}, 'free': np.float64(-17034.564218214142)}, {'stable': {'F_dwave': np.complex128(0.08358962117511455+0j)}, 'free': np.float64(-17034.564218214142)}]
------------------------------------------
  Seed: s-wave
F_onsite: (-1.453449145920398e-16+0j)
F_swave: (-9.020562075079397e-17+0j), F_dwave: (0.08358962117511455+0j)
F_px: -4.735292610281782e-18j, F_py: 9.605346177238253e-18j
Free_energy = -17034.564218214142
------------------------------------------
[{'stable': {'F_dwave': np.complex128(0.08358962125694291j)}, 'free': np.float64(-17034.5642194975)}, {'stable': {'F_dwave': np.complex128(-0.08358962125694291j)}, 'free': np.float64(-17034.5642194975)}, {'stable': {'F_dwave': np.complex128(0.018008523637903756-0.08162669811147702j)}, 'free': np.float64(-17034.564218214142)}, {'stable': {'F_dwave': np.complex128(0.08358962117511455+0j)}, 'free': np.float64(-17034.564218214142)}]
------------------------------------------
  Seed: s-wave+px
F_onsite: (-1.453449145920398e-16+0j)
F_swave: (-9.020562075079397e-17+0j), F_dwave: (0.08358962117511455+0j)
F_px: -4.735292610281782e-18j, F_py: 9.605346177238253e-18j
Free_energy = -17034.564218214142
------------------------------------------
[{'stable': {'F_dwave': np.complex128(0.08358962125694291j)}, 'free': np.float64(-17034.5642194975)}, {'stable': {'F_dwave': np.complex128(-0.08358962125694291j)}, 'free': np.float64(-17034.5642194975)}, {'stable': {'F_dwave': np.complex128(0.018008523637903756-0.08162669811147702j)}, 'free': np.float64(-17034.564218214142)}, {'stable': {'F_dwave': np.complex128(0.08358962117511455+0j)}, 'free': np.float64(-17034.564218214142)}]
------------------------------------------
  Seed: s-wave+py
F_onsite: (-9.329108715367802e-17+0j)
F_swave: (1.3877787807814457e-16+0j), F_dwave: (-0.08358962118386191+0j)
F_px: 2.5139142126758358e-17j, F_py: -1.0857124388479038e-17j
Free_energy = -17034.56421835138
------------------------------------------
[{'stable': {'F_dwave': np.complex128(0.08358962125694291j)}, 'free': np.float64(-17034.5642194975)}, {'stable': {'F_dwave': np.complex128(-0.08358962125694291j)}, 'free': np.float64(-17034.5642194975)}, {'stable': {'F_dwave': np.complex128(0.018008523637903756-0.08162669811147702j)}, 'free': np.float64(-17034.564218214142)}, {'stable': {'F_dwave': np.complex128(0.08358962117511455+0j)}, 'free': np.float64(-17034.564218214142)}, {'stable': {'F_dwave': np.complex128(-0.08358962118386191+0j)}, 'free': np.float64(-17034.56421835138)}]
------------------------------------------
====================================
mu=0.21, T=0.1866
====================================
  Seed: normal state
F_onsite: 0j
F_swave: 0j, F_dwave: 0j
F_px: 0j, F_py: 0j
Free_energy = -16593.34788976014
------------------------------------------
[{'stable': {}, 'free': np.float64(-16593.34788976014)}]
------------------------------------------
  Seed: px
F_onsite: 9.029358695793258e-17j
F_swave: -2.42861286636753e-16j, F_dwave: 0.07981471942688836j
F_px: (1.7676307809727626e-17+0j), F_py: (-1.0778160356868005e-17+0j)
Free_energy = -17013.89802645128
------------------------------------------
[{'stable': {'F_dwave': np.complex128(0.07981471942688836j)}, 'free': np.float64(-17013.89802645128)}]
------------------------------------------
  Seed: py
F_onsite: -9.029358695793258e-17j
F_swave: 2.42861286636753e-16j, F_dwave: -0.07981471942688836j
F_px: (-1.7676307809727626e-17+0j), F_py: (1.0778160356868005e-17+0j)
Free_energy = -17013.89802645128
------------------------------------------
[{'stable': {'F_dwave': np.complex128(0.07981471942688836j)}, 'free': np.float64(-17013.89802645128)}, {'stable': {'F_dwave': np.complex128(-0.07981471942688836j)}, 'free': np.float64(-17013.89802645128)}]
------------------------------------------
  Seed: px+py
F_onsite: 9.029358695793258e-17j
F_swave: -2.42861286636753e-16j, F_dwave: 0.07981471942688836j
F_px: (1.7676307809727626e-17+0j), F_py: (-1.0778160356868005e-17+0j)
Free_energy = -17013.89802645128
------------------------------------------
[{'stable': {'F_dwave': np.complex128(0.07981471942688836j)}, 'free': np.float64(-17013.89802645128)}, {'stable': {'F_dwave': np.complex128(-0.07981471942688836j)}, 'free': np.float64(-17013.89802645128)}]
------------------------------------------
  Seed: px+i*py
F_onsite: (3.1166972333221954e-17+1.9740492994631598e-16j)
F_swave: (5.0306980803327406e-17-2.3245294578089215e-16j), F_dwave: (0.01719525962760437-0.07794044058207118j)
F_px: (9.8879238130678e-17+3.8163916471489756e-16j), F_py: (-3.469446951953614e-18+2.0816681711721685e-17j)
Free_energy = -17013.898008246415
------------------------------------------
[{'stable': {'F_dwave': np.complex128(0.07981471942688836j)}, 'free': np.float64(-17013.89802645128)}, {'stable': {'F_dwave': np.complex128(-0.07981471942688836j)}, 'free': np.float64(-17013.89802645128)}, {'stable': {'F_dwave': np.complex128(0.01719525962760437-0.07794044058207118j)}, 'free': np.float64(-17013.898008246415)}]
------------------------------------------
  Seed: d-wave
F_onsite: (8.361918850589559e-17+0j)
F_swave: (-2.3592239273284576e-16+0j), F_dwave: (0.07981471942688834+0j)
F_px: -2.287856794126271e-17j, F_py: 1.0094411337736249e-17j
Free_energy = -17013.89802645128
------------------------------------------
[{'stable': {'F_dwave': np.complex128(0.07981471942688836j)}, 'free': np.float64(-17013.89802645128)}, {'stable': {'F_dwave': np.complex128(-0.07981471942688836j)}, 'free': np.float64(-17013.89802645128)}, {'stable': {'F_dwave': np.complex128(0.01719525962760437-0.07794044058207118j)}, 'free': np.float64(-17013.898008246415)}, {'stable': {'F_dwave': np.complex128(0.07981471942688834+0j)}, 'free': np.float64(-17013.89802645128)}]
------------------------------------------
  Seed: d-wave+px
F_onsite: (8.361918850589559e-17+0j)
F_swave: (-2.3592239273284576e-16+0j), F_dwave: (0.07981471942688834+0j)
F_px: -2.287856794126271e-17j, F_py: 1.0094411337736249e-17j
Free_energy = -17013.89802645128
------------------------------------------
[{'stable': {'F_dwave': np.complex128(0.07981471942688836j)}, 'free': np.float64(-17013.89802645128)}, {'stable': {'F_dwave': np.complex128(-0.07981471942688836j)}, 'free': np.float64(-17013.89802645128)}, {'stable': {'F_dwave': np.complex128(0.01719525962760437-0.07794044058207118j)}, 'free': np.float64(-17013.898008246415)}, {'stable': {'F_dwave': np.complex128(0.07981471942688834+0j)}, 'free': np.float64(-17013.89802645128)}]
------------------------------------------
  Seed: d-wave+py
F_onsite: (8.361918850589559e-17+0j)
F_swave: (-2.3592239273284576e-16+0j), F_dwave: (0.07981471942688834+0j)
F_px: -2.287856794126271e-17j, F_py: 1.0094411337736249e-17j
Free_energy = -17013.89802645128
------------------------------------------
[{'stable': {'F_dwave': np.complex128(0.07981471942688836j)}, 'free': np.float64(-17013.89802645128)}, {'stable': {'F_dwave': np.complex128(-0.07981471942688836j)}, 'free': np.float64(-17013.89802645128)}, {'stable': {'F_dwave': np.complex128(0.01719525962760437-0.07794044058207118j)}, 'free': np.float64(-17013.898008246415)}, {'stable': {'F_dwave': np.complex128(0.07981471942688834+0j)}, 'free': np.float64(-17013.89802645128)}]
------------------------------------------
  Seed: s-wave
F_onsite: (8.361918850589559e-17+0j)
F_swave: (-2.3592239273284576e-16+0j), F_dwave: (0.07981471942688834+0j)
F_px: -2.287856794126271e-17j, F_py: 1.0094411337736249e-17j
Free_energy = -17013.89802645128
------------------------------------------
[{'stable': {'F_dwave': np.complex128(0.07981471942688836j)}, 'free': np.float64(-17013.89802645128)}, {'stable': {'F_dwave': np.complex128(-0.07981471942688836j)}, 'free': np.float64(-17013.89802645128)}, {'stable': {'F_dwave': np.complex128(0.01719525962760437-0.07794044058207118j)}, 'free': np.float64(-17013.898008246415)}, {'stable': {'F_dwave': np.complex128(0.07981471942688834+0j)}, 'free': np.float64(-17013.89802645128)}]
------------------------------------------
  Seed: s-wave+px
F_onsite: (8.361918850589559e-17+0j)
F_swave: (-2.3592239273284576e-16+0j), F_dwave: (0.07981471942688834+0j)
F_px: -2.287856794126271e-17j, F_py: 1.0094411337736249e-17j
Free_energy = -17013.89802645128
------------------------------------------
[{'stable': {'F_dwave': np.complex128(0.07981471942688836j)}, 'free': np.float64(-17013.89802645128)}, {'stable': {'F_dwave': np.complex128(-0.07981471942688836j)}, 'free': np.float64(-17013.89802645128)}, {'stable': {'F_dwave': np.complex128(0.01719525962760437-0.07794044058207118j)}, 'free': np.float64(-17013.898008246415)}, {'stable': {'F_dwave': np.complex128(0.07981471942688834+0j)}, 'free': np.float64(-17013.89802645128)}]
------------------------------------------
  Seed: s-wave+py
F_onsite: (-9.315236234750797e-17+0j)
F_swave: (2.2898349882893854e-16+0j), F_dwave: (-0.07981471942688834+0j)
F_px: 2.50064325780028e-17j, F_py: -9.79322950003171e-18j
Free_energy = -17013.89802645128
------------------------------------------
[{'stable': {'F_dwave': np.complex128(0.07981471942688836j)}, 'free': np.float64(-17013.89802645128)}, {'stable': {'F_dwave': np.complex128(-0.07981471942688836j)}, 'free': np.float64(-17013.89802645128)}, {'stable': {'F_dwave': np.complex128(0.01719525962760437-0.07794044058207118j)}, 'free': np.float64(-17013.898008246415)}, {'stable': {'F_dwave': np.complex128(0.07981471942688834+0j)}, 'free': np.float64(-17013.89802645128)}, {'stable': {'F_dwave': np.complex128(-0.07981471942688834+0j)}, 'free': np.float64(-17013.89802645128)}]
------------------------------------------
====================================
mu=0.21, T=0.1969
====================================
  Seed: normal state
F_onsite: 0j
F_swave: 0j, F_dwave: 0j
F_px: 0j, F_py: 0j
Free_energy = -16621.181755552534
------------------------------------------
[{'stable': {}, 'free': np.float64(-16621.181755552534)}]
------------------------------------------
  Seed: px
F_onsite: 1.8987894565207798e-17j
F_swave: 1.1796119636642288e-16j, F_dwave: 0.07540846218722957j
F_px: (2.489391636915604e-17+0j), F_py: (-1.0764547988683328e-17+0j)
Free_energy = -16991.396050761177
------------------------------------------
[{'stable': {'F_dwave': np.complex128(0.07540846218722957j)}, 'free': np.float64(-16991.396050761177)}]
------------------------------------------
  Seed: py
F_onsite: -1.8987894565207798e-17j
F_swave: -1.1796119636642288e-16j, F_dwave: -0.07540846218722957j
F_px: (-2.489391636915604e-17+0j), F_py: (1.0764547988683328e-17+0j)
Free_energy = -16991.396050761177
------------------------------------------
[{'stable': {'F_dwave': np.complex128(0.07540846218722957j)}, 'free': np.float64(-16991.396050761177)}, {'stable': {'F_dwave': np.complex128(-0.07540846218722957j)}, 'free': np.float64(-16991.396050761177)}]
------------------------------------------
  Seed: px+py
F_onsite: 1.8987894565207798e-17j
F_swave: 1.1796119636642288e-16j, F_dwave: 0.07540846218722957j
F_px: (2.489391636915604e-17+0j), F_py: (-1.0764547988683328e-17+0j)
Free_energy = -16991.396050761177
------------------------------------------
[{'stable': {'F_dwave': np.complex128(0.07540846218722957j)}, 'free': np.float64(-16991.396050761177)}, {'stable': {'F_dwave': np.complex128(-0.07540846218722957j)}, 'free': np.float64(-16991.396050761177)}]
------------------------------------------
  Seed: px+i*py
F_onsite: (6.586799513090357e-18-1.1760368890567746e-16j)
F_swave: (3.469446951953614e-18-4.5102810375396984e-17j), F_dwave: (0.016245975246632502-0.07363764757440741j)
F_px: (-3.469446951953614e-18-9.71445146547012e-17j), F_py: (1.0408340855860843e-17-7.632783294297951e-17j)
Free_energy = -16991.395940460363
------------------------------------------
[{'stable': {'F_dwave': np.complex128(0.07540846218722957j)}, 'free': np.float64(-16991.396050761177)}, {'stable': {'F_dwave': np.complex128(-0.07540846218722957j)}, 'free': np.float64(-16991.396050761177)}, {'stable': {'F_dwave': np.complex128(0.016245975246632502-0.07363764757440741j)}, 'free': np.float64(-16991.395940460363)}]
------------------------------------------
  Seed: d-wave
F_onsite: (1.3729831666008322e-17+0j)
F_swave: (1.1796119636642288e-16+0j), F_dwave: (0.07540846218722957+0j)
F_px: -1.7971738131067284e-17j, F_py: 1.0876409277280099e-17j
Free_energy = -16991.396050761177
------------------------------------------
[{'stable': {'F_dwave': np.complex128(0.07540846218722957j)}, 'free': np.float64(-16991.396050761177)}, {'stable': {'F_dwave': np.complex128(-0.07540846218722957j)}, 'free': np.float64(-16991.396050761177)}, {'stable': {'F_dwave': np.complex128(0.016245975246632502-0.07363764757440741j)}, 'free': np.float64(-16991.395940460363)}, {'stable': {'F_dwave': np.complex128(0.07540846218722957+0j)}, 'free': np.float64(-16991.396050761177)}]
------------------------------------------
  Seed: d-wave+px
F_onsite: (1.3729831666008322e-17+0j)
F_swave: (1.1796119636642288e-16+0j), F_dwave: (0.07540846218722957+0j)
F_px: -1.7971738131067284e-17j, F_py: 1.0876409277280099e-17j
Free_energy = -16991.396050761177
------------------------------------------
[{'stable': {'F_dwave': np.complex128(0.07540846218722957j)}, 'free': np.float64(-16991.396050761177)}, {'stable': {'F_dwave': np.complex128(-0.07540846218722957j)}, 'free': np.float64(-16991.396050761177)}, {'stable': {'F_dwave': np.complex128(0.016245975246632502-0.07363764757440741j)}, 'free': np.float64(-16991.395940460363)}, {'stable': {'F_dwave': np.complex128(0.07540846218722957+0j)}, 'free': np.float64(-16991.396050761177)}]
------------------------------------------
  Seed: d-wave+py
F_onsite: (1.3729831666008322e-17+0j)
F_swave: (1.1796119636642288e-16+0j), F_dwave: (0.07540846218722957+0j)
F_px: -1.7971738131067284e-17j, F_py: 1.0876409277280099e-17j
Free_energy = -16991.396050761177
------------------------------------------
[{'stable': {'F_dwave': np.complex128(0.07540846218722957j)}, 'free': np.float64(-16991.396050761177)}, {'stable': {'F_dwave': np.complex128(-0.07540846218722957j)}, 'free': np.float64(-16991.396050761177)}, {'stable': {'F_dwave': np.complex128(0.016245975246632502-0.07363764757440741j)}, 'free': np.float64(-16991.395940460363)}, {'stable': {'F_dwave': np.complex128(0.07540846218722957+0j)}, 'free': np.float64(-16991.396050761177)}]
------------------------------------------
  Seed: s-wave
F_onsite: (1.3729831666008322e-17+0j)
F_swave: (1.1796119636642288e-16+0j), F_dwave: (0.07540846218722957+0j)
F_px: -1.7971738131067284e-17j, F_py: 1.0876409277280099e-17j
Free_energy = -16991.396050761177
------------------------------------------
[{'stable': {'F_dwave': np.complex128(0.07540846218722957j)}, 'free': np.float64(-16991.396050761177)}, {'stable': {'F_dwave': np.complex128(-0.07540846218722957j)}, 'free': np.float64(-16991.396050761177)}, {'stable': {'F_dwave': np.complex128(0.016245975246632502-0.07363764757440741j)}, 'free': np.float64(-16991.395940460363)}, {'stable': {'F_dwave': np.complex128(0.07540846218722957+0j)}, 'free': np.float64(-16991.396050761177)}]
------------------------------------------
  Seed: s-wave+px
F_onsite: (1.3729831666008322e-17+0j)
F_swave: (1.1796119636642288e-16+0j), F_dwave: (0.07540846218722957+0j)
F_px: -1.7971738131067284e-17j, F_py: 1.0876409277280099e-17j
Free_energy = -16991.396050761177
------------------------------------------
[{'stable': {'F_dwave': np.complex128(0.07540846218722957j)}, 'free': np.float64(-16991.396050761177)}, {'stable': {'F_dwave': np.complex128(-0.07540846218722957j)}, 'free': np.float64(-16991.396050761177)}, {'stable': {'F_dwave': np.complex128(0.016245975246632502-0.07363764757440741j)}, 'free': np.float64(-16991.395940460363)}, {'stable': {'F_dwave': np.complex128(0.07540846218722957+0j)}, 'free': np.float64(-16991.396050761177)}]
------------------------------------------
  Seed: s-wave+py
F_onsite: (4.780115643723028e-17+0j)
F_swave: (3.400058012914542e-16+0j), F_dwave: (-0.07540844896629005+0j)
F_px: 1.1880906375017747e-17j, F_py: -8.543821800505127e-18j
Free_energy = -16991.39588382071
------------------------------------------
[{'stable': {'F_dwave': np.complex128(0.07540846218722957j)}, 'free': np.float64(-16991.396050761177)}, {'stable': {'F_dwave': np.complex128(-0.07540846218722957j)}, 'free': np.float64(-16991.396050761177)}, {'stable': {'F_dwave': np.complex128(0.016245975246632502-0.07363764757440741j)}, 'free': np.float64(-16991.395940460363)}, {'stable': {'F_dwave': np.complex128(0.07540846218722957+0j)}, 'free': np.float64(-16991.396050761177)}, {'stable': {'F_dwave': np.complex128(-0.07540844896629005+0j)}, 'free': np.float64(-16991.39588382071)}]
------------------------------------------
====================================
mu=0.21, T=0.2072
====================================
  Seed: normal state
F_onsite: 0j
F_swave: 0j, F_dwave: 0j
F_px: 0j, F_py: 0j
Free_energy = -16650.256062684915
------------------------------------------
[{'stable': {}, 'free': np.float64(-16650.256062684915)}]
------------------------------------------
  Seed: px
F_onsite: -2.5386864833880304e-17j
F_swave: 1.457167719820518e-16j, F_dwave: 0.07024526004466566j
F_px: (-2.8450690767464616e-19+0j), F_py: (-9.682421209498129e-18+0j)
Free_energy = -16967.116364113095
------------------------------------------
[{'stable': {'F_dwave': np.complex128(0.07024526004466566j)}, 'free': np.float64(-16967.116364113095)}]
------------------------------------------
  Seed: py
F_onsite: 2.5386864833880304e-17j
F_swave: -1.457167719820518e-16j, F_dwave: -0.07024526004466566j
F_px: (2.8450690767464616e-19+0j), F_py: (9.682421209498129e-18+0j)
Free_energy = -16967.116364113095
------------------------------------------
[{'stable': {'F_dwave': np.complex128(0.07024526004466566j)}, 'free': np.float64(-16967.116364113095)}, {'stable': {'F_dwave': np.complex128(-0.07024526004466566j)}, 'free': np.float64(-16967.116364113095)}]
------------------------------------------
  Seed: px+py
F_onsite: -2.5386864833880304e-17j
F_swave: 1.457167719820518e-16j, F_dwave: 0.07024526004466566j
F_px: (-2.8450690767464616e-19+0j), F_py: (-9.682421209498129e-18+0j)
Free_energy = -16967.116364113095
------------------------------------------
[{'stable': {'F_dwave': np.complex128(0.07024526004466566j)}, 'free': np.float64(-16967.116364113095)}, {'stable': {'F_dwave': np.complex128(-0.07024526004466566j)}, 'free': np.float64(-16967.116364113095)}]
------------------------------------------
  Seed: px+i*py
F_onsite: (-3.340424606032672e-17+4.804399887864412e-17j)
F_swave: (-5.637851296924623e-18-5.898059818321144e-17j), F_dwave: (0.015133614428200546-0.06859568286131781j)
F_px: (-4.85722573273506e-17-2.220446049250313e-16j), F_py: (1.1275702593849246e-17+3.469446951953614e-17j)
Free_energy = -16967.11616110517
------------------------------------------
[{'stable': {'F_dwave': np.complex128(0.07024526004466566j)}, 'free': np.float64(-16967.116364113095)}, {'stable': {'F_dwave': np.complex128(-0.07024526004466566j)}, 'free': np.float64(-16967.116364113095)}, {'stable': {'F_dwave': np.complex128(0.015133614428200546-0.06859568286131781j)}, 'free': np.float64(-16967.11616110517)}]
------------------------------------------
  Seed: d-wave
F_onsite: (-2.5387619222598953e-17+0j)
F_swave: (1.5959455978986625e-16+0j), F_dwave: (0.07024526004466568+0j)
F_px: 2.0199773277445887e-18j, F_py: 8.068856532203189e-18j
Free_energy = -16967.116364113095
------------------------------------------
[{'stable': {'F_dwave': np.complex128(0.07024526004466566j)}, 'free': np.float64(-16967.116364113095)}, {'stable': {'F_dwave': np.complex128(-0.07024526004466566j)}, 'free': np.float64(-16967.116364113095)}, {'stable': {'F_dwave': np.complex128(0.015133614428200546-0.06859568286131781j)}, 'free': np.float64(-16967.11616110517)}, {'stable': {'F_dwave': np.complex128(0.07024526004466568+0j)}, 'free': np.float64(-16967.116364113095)}]
------------------------------------------
  Seed: d-wave+px
F_onsite: (-2.5387619222598953e-17+0j)
F_swave: (1.5959455978986625e-16+0j), F_dwave: (0.07024526004466568+0j)
F_px: 2.0199773277445887e-18j, F_py: 8.068856532203189e-18j
Free_energy = -16967.116364113095
------------------------------------------
[{'stable': {'F_dwave': np.complex128(0.07024526004466566j)}, 'free': np.float64(-16967.116364113095)}, {'stable': {'F_dwave': np.complex128(-0.07024526004466566j)}, 'free': np.float64(-16967.116364113095)}, {'stable': {'F_dwave': np.complex128(0.015133614428200546-0.06859568286131781j)}, 'free': np.float64(-16967.11616110517)}, {'stable': {'F_dwave': np.complex128(0.07024526004466568+0j)}, 'free': np.float64(-16967.116364113095)}]
------------------------------------------
  Seed: d-wave+py
F_onsite: (-2.5387619222598953e-17+0j)
F_swave: (1.5959455978986625e-16+0j), F_dwave: (0.07024526004466568+0j)
F_px: 2.0199773277445887e-18j, F_py: 8.068856532203189e-18j
Free_energy = -16967.116364113095
------------------------------------------
[{'stable': {'F_dwave': np.complex128(0.07024526004466566j)}, 'free': np.float64(-16967.116364113095)}, {'stable': {'F_dwave': np.complex128(-0.07024526004466566j)}, 'free': np.float64(-16967.116364113095)}, {'stable': {'F_dwave': np.complex128(0.015133614428200546-0.06859568286131781j)}, 'free': np.float64(-16967.11616110517)}, {'stable': {'F_dwave': np.complex128(0.07024526004466568+0j)}, 'free': np.float64(-16967.116364113095)}]
------------------------------------------
  Seed: s-wave
F_onsite: (-2.5387619222598953e-17+0j)
F_swave: (1.5959455978986625e-16+0j), F_dwave: (0.07024526004466568+0j)
F_px: 2.0199773277445887e-18j, F_py: 8.068856532203189e-18j
Free_energy = -16967.116364113095
------------------------------------------
[{'stable': {'F_dwave': np.complex128(0.07024526004466566j)}, 'free': np.float64(-16967.116364113095)}, {'stable': {'F_dwave': np.complex128(-0.07024526004466566j)}, 'free': np.float64(-16967.116364113095)}, {'stable': {'F_dwave': np.complex128(0.015133614428200546-0.06859568286131781j)}, 'free': np.float64(-16967.11616110517)}, {'stable': {'F_dwave': np.complex128(0.07024526004466568+0j)}, 'free': np.float64(-16967.116364113095)}]
------------------------------------------
  Seed: s-wave+px
F_onsite: (-2.5387619222598953e-17+0j)
F_swave: (1.5959455978986625e-16+0j), F_dwave: (0.07024526004466568+0j)
F_px: 2.0199773277445887e-18j, F_py: 8.068856532203189e-18j
Free_energy = -16967.116364113095
------------------------------------------
[{'stable': {'F_dwave': np.complex128(0.07024526004466566j)}, 'free': np.float64(-16967.116364113095)}, {'stable': {'F_dwave': np.complex128(-0.07024526004466566j)}, 'free': np.float64(-16967.116364113095)}, {'stable': {'F_dwave': np.complex128(0.015133614428200546-0.06859568286131781j)}, 'free': np.float64(-16967.11616110517)}, {'stable': {'F_dwave': np.complex128(0.07024526004466568+0j)}, 'free': np.float64(-16967.116364113095)}]
------------------------------------------
  Seed: s-wave+py
F_onsite: (-3.142490579952229e-17+0j)
F_swave: (-3.191891195797325e-16+0j), F_dwave: (-0.07024524199922293+0j)
F_px: 1.6844507057092537e-17j, F_py: -1.1228764229989925e-17j
Free_energy = -16967.116163530776
------------------------------------------
[{'stable': {'F_dwave': np.complex128(0.07024526004466566j)}, 'free': np.float64(-16967.116364113095)}, {'stable': {'F_dwave': np.complex128(-0.07024526004466566j)}, 'free': np.float64(-16967.116364113095)}, {'stable': {'F_dwave': np.complex128(0.015133614428200546-0.06859568286131781j)}, 'free': np.float64(-16967.11616110517)}, {'stable': {'F_dwave': np.complex128(0.07024526004466568+0j)}, 'free': np.float64(-16967.116364113095)}, {'stable': {'F_dwave': np.complex128(-0.07024524199922293+0j)}, 'free': np.float64(-16967.116163530776)}]
------------------------------------------
====================================
mu=0.21, T=0.2175
====================================
  Seed: normal state
F_onsite: 0j
F_swave: 0j, F_dwave: 0j
F_px: 0j, F_py: 0j
Free_energy = -16680.549549940046
------------------------------------------
[{'stable': {}, 'free': np.float64(-16680.549549940046)}]
------------------------------------------
  Seed: px
F_onsite: -2.554232153784528e-17j
F_swave: -2.0816681711721685e-17j, F_dwave: 0.06413650230970314j
F_px: (1.929005454398668e-18+0j), F_py: (-1.132912646730129e-17+0j)
Free_energy = -16941.122514761366
------------------------------------------
[{'stable': {'F_dwave': np.complex128(0.06413650230970314j)}, 'free': np.float64(-16941.122514761366)}]
------------------------------------------
  Seed: py
F_onsite: 2.554232153784528e-17j
F_swave: 2.0816681711721685e-17j, F_dwave: -0.06413650230970314j
F_px: (-1.929005454398668e-18+0j), F_py: (1.132912646730129e-17+0j)
Free_energy = -16941.122514761366
------------------------------------------
[{'stable': {'F_dwave': np.complex128(0.06413650230970314j)}, 'free': np.float64(-16941.122514761366)}, {'stable': {'F_dwave': np.complex128(-0.06413650230970314j)}, 'free': np.float64(-16941.122514761366)}]
------------------------------------------
  Seed: px+py
F_onsite: -2.554232153784528e-17j
F_swave: -2.0816681711721685e-17j, F_dwave: 0.06413650230970314j
F_px: (1.929005454398668e-18+0j), F_py: (-1.132912646730129e-17+0j)
Free_energy = -16941.122514761366
------------------------------------------
[{'stable': {'F_dwave': np.complex128(0.06413650230970314j)}, 'free': np.float64(-16941.122514761366)}, {'stable': {'F_dwave': np.complex128(-0.06413650230970314j)}, 'free': np.float64(-16941.122514761366)}]
------------------------------------------
  Seed: px+i*py
F_onsite: (-1.065861882584948e-17-1.8176137562356434e-17j)
F_swave: (4.683753385137379e-17+3.469446951953614e-17j), F_dwave: (0.013817546199785657-0.06263037964518639j)
F_px: (6.591949208711867e-17+1.3183898417423734e-16j), F_py: (3.2959746043559335e-17+0j)
Free_energy = -16941.122373287944
------------------------------------------
[{'stable': {'F_dwave': np.complex128(0.06413650230970314j)}, 'free': np.float64(-16941.122514761366)}, {'stable': {'F_dwave': np.complex128(-0.06413650230970314j)}, 'free': np.float64(-16941.122514761366)}, {'stable': {'F_dwave': np.complex128(0.013817546199785657-0.06263037964518639j)}, 'free': np.float64(-16941.122373287944)}]
------------------------------------------
  Seed: d-wave
F_onsite: (-3.571306965200129e-17+0j)
F_swave: (-2.7755575615628914e-17+0j), F_dwave: (0.06413650230970314+0j)
F_px: 4.458551064546041e-18j, F_py: 1.252293337967252e-17j
Free_energy = -16941.122514761366
------------------------------------------
[{'stable': {'F_dwave': np.complex128(0.06413650230970314j)}, 'free': np.float64(-16941.122514761366)}, {'stable': {'F_dwave': np.complex128(-0.06413650230970314j)}, 'free': np.float64(-16941.122514761366)}, {'stable': {'F_dwave': np.complex128(0.013817546199785657-0.06263037964518639j)}, 'free': np.float64(-16941.122373287944)}, {'stable': {'F_dwave': np.complex128(0.06413650230970314+0j)}, 'free': np.float64(-16941.122514761366)}]
------------------------------------------
  Seed: d-wave+px
F_onsite: (-3.571306965200129e-17+0j)
F_swave: (-2.7755575615628914e-17+0j), F_dwave: (0.06413650230970314+0j)
F_px: 4.458551064546041e-18j, F_py: 1.252293337967252e-17j
Free_energy = -16941.122514761366
------------------------------------------
[{'stable': {'F_dwave': np.complex128(0.06413650230970314j)}, 'free': np.float64(-16941.122514761366)}, {'stable': {'F_dwave': np.complex128(-0.06413650230970314j)}, 'free': np.float64(-16941.122514761366)}, {'stable': {'F_dwave': np.complex128(0.013817546199785657-0.06263037964518639j)}, 'free': np.float64(-16941.122373287944)}, {'stable': {'F_dwave': np.complex128(0.06413650230970314+0j)}, 'free': np.float64(-16941.122514761366)}]
------------------------------------------
  Seed: d-wave+py
F_onsite: (-3.571306965200129e-17+0j)
F_swave: (-2.7755575615628914e-17+0j), F_dwave: (0.06413650230970314+0j)
F_px: 4.458551064546041e-18j, F_py: 1.252293337967252e-17j
Free_energy = -16941.122514761366
------------------------------------------
[{'stable': {'F_dwave': np.complex128(0.06413650230970314j)}, 'free': np.float64(-16941.122514761366)}, {'stable': {'F_dwave': np.complex128(-0.06413650230970314j)}, 'free': np.float64(-16941.122514761366)}, {'stable': {'F_dwave': np.complex128(0.013817546199785657-0.06263037964518639j)}, 'free': np.float64(-16941.122373287944)}, {'stable': {'F_dwave': np.complex128(0.06413650230970314+0j)}, 'free': np.float64(-16941.122514761366)}]
------------------------------------------
  Seed: s-wave
F_onsite: (-3.571306965200129e-17+0j)
F_swave: (-2.7755575615628914e-17+0j), F_dwave: (0.06413650230970314+0j)
F_px: 4.458551064546041e-18j, F_py: 1.252293337967252e-17j
Free_energy = -16941.122514761366
------------------------------------------
[{'stable': {'F_dwave': np.complex128(0.06413650230970314j)}, 'free': np.float64(-16941.122514761366)}, {'stable': {'F_dwave': np.complex128(-0.06413650230970314j)}, 'free': np.float64(-16941.122514761366)}, {'stable': {'F_dwave': np.complex128(0.013817546199785657-0.06263037964518639j)}, 'free': np.float64(-16941.122373287944)}, {'stable': {'F_dwave': np.complex128(0.06413650230970314+0j)}, 'free': np.float64(-16941.122514761366)}]
------------------------------------------
  Seed: s-wave+px
F_onsite: (-3.571306965200129e-17+0j)
F_swave: (-2.7755575615628914e-17+0j), F_dwave: (0.06413650230970314+0j)
F_px: 4.458551064546041e-18j, F_py: 1.252293337967252e-17j
Free_energy = -16941.122514761366
------------------------------------------
[{'stable': {'F_dwave': np.complex128(0.06413650230970314j)}, 'free': np.float64(-16941.122514761366)}, {'stable': {'F_dwave': np.complex128(-0.06413650230970314j)}, 'free': np.float64(-16941.122514761366)}, {'stable': {'F_dwave': np.complex128(0.013817546199785657-0.06263037964518639j)}, 'free': np.float64(-16941.122373287944)}, {'stable': {'F_dwave': np.complex128(0.06413650230970314+0j)}, 'free': np.float64(-16941.122514761366)}]
------------------------------------------
  Seed: s-wave+py
F_onsite: (1.522490602927749e-16+0j)
F_swave: (-3.469446951953614e-17+0j), F_dwave: (-0.0641364936553889+0j)
F_px: 6.09700353852117e-19j, F_py: -1.2425330616884632e-17j
Free_energy = -16941.12243171074
------------------------------------------
[{'stable': {'F_dwave': np.complex128(0.06413650230970314j)}, 'free': np.float64(-16941.122514761366)}, {'stable': {'F_dwave': np.complex128(-0.06413650230970314j)}, 'free': np.float64(-16941.122514761366)}, {'stable': {'F_dwave': np.complex128(0.013817546199785657-0.06263037964518639j)}, 'free': np.float64(-16941.122373287944)}, {'stable': {'F_dwave': np.complex128(0.06413650230970314+0j)}, 'free': np.float64(-16941.122514761366)}, {'stable': {'F_dwave': np.complex128(-0.0641364936553889+0j)}, 'free': np.float64(-16941.12243171074)}]
------------------------------------------
====================================
mu=0.21, T=0.2278
====================================
  Seed: normal state
F_onsite: 0j
F_swave: 0j, F_dwave: 0j
F_px: 0j, F_py: 0j
Free_energy = -16712.042204822374
------------------------------------------
[{'stable': {}, 'free': np.float64(-16712.042204822374)}]
------------------------------------------
  Seed: px
F_onsite: -1.8685905812815713e-17j
F_swave: -4.85722573273506e-17j, F_dwave: 0.05677225062977605j
F_px: (1.2703973747451056e-17+0j), F_py: (-1.2657345472923865e-17+0j)
Free_energy = -16913.481148863564
------------------------------------------
[{'stable': {'F_dwave': np.complex128(0.05677225062977605j)}, 'free': np.float64(-16913.481148863564)}]
------------------------------------------
  Seed: py
F_onsite: 1.8685905812815713e-17j
F_swave: 4.85722573273506e-17j, F_dwave: -0.05677225062977605j
F_px: (-1.2703973747451056e-17+0j), F_py: (1.2657345472923865e-17+0j)
Free_energy = -16913.481148863564
------------------------------------------
[{'stable': {'F_dwave': np.complex128(0.05677225062977605j)}, 'free': np.float64(-16913.481148863564)}, {'stable': {'F_dwave': np.complex128(-0.05677225062977605j)}, 'free': np.float64(-16913.481148863564)}]
------------------------------------------
  Seed: px+py
F_onsite: -1.8685905812815713e-17j
F_swave: -4.85722573273506e-17j, F_dwave: 0.05677225062977605j
F_px: (1.2703973747451056e-17+0j), F_py: (-1.2657345472923865e-17+0j)
Free_energy = -16913.481148863564
------------------------------------------
[{'stable': {'F_dwave': np.complex128(0.05677225062977605j)}, 'free': np.float64(-16913.481148863564)}, {'stable': {'F_dwave': np.complex128(-0.05677225062977605j)}, 'free': np.float64(-16913.481148863564)}]
------------------------------------------
  Seed: px+i*py
F_onsite: (3.3242843645121933e-17+1.925825689405953e-17j)
F_swave: (2.2985086056692694e-17-1.1449174941446927e-16j), F_dwave: (0.012230995158539034-0.05543906704864829j)
F_px: (3.122502256758253e-17+2.393918396847994e-16j), F_py: (8.673617379884035e-19+0j)
Free_energy = -16913.481074967116
------------------------------------------
[{'stable': {'F_dwave': np.complex128(0.05677225062977605j)}, 'free': np.float64(-16913.481148863564)}, {'stable': {'F_dwave': np.complex128(-0.05677225062977605j)}, 'free': np.float64(-16913.481148863564)}, {'stable': {'F_dwave': np.complex128(0.012230995158539034-0.05543906704864829j)}, 'free': np.float64(-16913.481074967116)}]
------------------------------------------
  Seed: d-wave
F_onsite: (1.411882492958996e-17+0j)
F_swave: (-4.163336342344337e-17+0j), F_dwave: (0.056772243841785044+0j)
F_px: -8.012565653604626e-18j, F_py: 1.2775507809836759e-17j
Free_energy = -16913.481094297247
------------------------------------------
[{'stable': {'F_dwave': np.complex128(0.05677225062977605j)}, 'free': np.float64(-16913.481148863564)}, {'stable': {'F_dwave': np.complex128(-0.05677225062977605j)}, 'free': np.float64(-16913.481148863564)}, {'stable': {'F_dwave': np.complex128(0.012230995158539034-0.05543906704864829j)}, 'free': np.float64(-16913.481074967116)}, {'stable': {'F_dwave': np.complex128(0.056772243841785044+0j)}, 'free': np.float64(-16913.481094297247)}]
------------------------------------------
  Seed: d-wave+px
F_onsite: (1.411882492958996e-17+0j)
F_swave: (-4.163336342344337e-17+0j), F_dwave: (0.056772243841785044+0j)
F_px: -8.012565653604626e-18j, F_py: 1.2775507809836759e-17j
Free_energy = -16913.481094297247
------------------------------------------
[{'stable': {'F_dwave': np.complex128(0.05677225062977605j)}, 'free': np.float64(-16913.481148863564)}, {'stable': {'F_dwave': np.complex128(-0.05677225062977605j)}, 'free': np.float64(-16913.481148863564)}, {'stable': {'F_dwave': np.complex128(0.012230995158539034-0.05543906704864829j)}, 'free': np.float64(-16913.481074967116)}, {'stable': {'F_dwave': np.complex128(0.056772243841785044+0j)}, 'free': np.float64(-16913.481094297247)}]
------------------------------------------
  Seed: d-wave+py
F_onsite: (1.411882492958996e-17+0j)
F_swave: (-4.163336342344337e-17+0j), F_dwave: (0.056772243841785044+0j)
F_px: -8.012565653604626e-18j, F_py: 1.2775507809836759e-17j
Free_energy = -16913.481094297247
------------------------------------------
[{'stable': {'F_dwave': np.complex128(0.05677225062977605j)}, 'free': np.float64(-16913.481148863564)}, {'stable': {'F_dwave': np.complex128(-0.05677225062977605j)}, 'free': np.float64(-16913.481148863564)}, {'stable': {'F_dwave': np.complex128(0.012230995158539034-0.05543906704864829j)}, 'free': np.float64(-16913.481074967116)}, {'stable': {'F_dwave': np.complex128(0.056772243841785044+0j)}, 'free': np.float64(-16913.481094297247)}]
------------------------------------------
  Seed: s-wave
F_onsite: (1.411882492958996e-17+0j)
F_swave: (-4.163336342344337e-17+0j), F_dwave: (0.056772243841785044+0j)
F_px: -8.012565653604626e-18j, F_py: 1.2775507809836759e-17j
Free_energy = -16913.481094297247
------------------------------------------
[{'stable': {'F_dwave': np.complex128(0.05677225062977605j)}, 'free': np.float64(-16913.481148863564)}, {'stable': {'F_dwave': np.complex128(-0.05677225062977605j)}, 'free': np.float64(-16913.481148863564)}, {'stable': {'F_dwave': np.complex128(0.012230995158539034-0.05543906704864829j)}, 'free': np.float64(-16913.481074967116)}, {'stable': {'F_dwave': np.complex128(0.056772243841785044+0j)}, 'free': np.float64(-16913.481094297247)}]
------------------------------------------
  Seed: s-wave+px
F_onsite: (1.411882492958996e-17+0j)
F_swave: (-4.163336342344337e-17+0j), F_dwave: (0.056772243841785044+0j)
F_px: -8.012565653604626e-18j, F_py: 1.2775507809836759e-17j
Free_energy = -16913.481094297247
------------------------------------------
[{'stable': {'F_dwave': np.complex128(0.05677225062977605j)}, 'free': np.float64(-16913.481148863564)}, {'stable': {'F_dwave': np.complex128(-0.05677225062977605j)}, 'free': np.float64(-16913.481148863564)}, {'stable': {'F_dwave': np.complex128(0.012230995158539034-0.05543906704864829j)}, 'free': np.float64(-16913.481074967116)}, {'stable': {'F_dwave': np.complex128(0.056772243841785044+0j)}, 'free': np.float64(-16913.481094297247)}]
------------------------------------------
  Seed: s-wave+py
F_onsite: (1.967565239658991e-16+0j)
F_swave: (-2.7755575615628914e-17+0j), F_dwave: (-0.056772289802202135+0j)
F_px: 1.7740707826752142e-17j, F_py: -1.2904534336914924e-17j
Free_energy = -16913.48146375596
------------------------------------------
[{'stable': {'F_dwave': np.complex128(0.05677225062977605j)}, 'free': np.float64(-16913.481148863564)}, {'stable': {'F_dwave': np.complex128(-0.05677225062977605j)}, 'free': np.float64(-16913.481148863564)}, {'stable': {'F_dwave': np.complex128(0.012230995158539034-0.05543906704864829j)}, 'free': np.float64(-16913.481074967116)}, {'stable': {'F_dwave': np.complex128(0.056772243841785044+0j)}, 'free': np.float64(-16913.481094297247)}, {'stable': {'F_dwave': np.complex128(-0.056772289802202135+0j)}, 'free': np.float64(-16913.48146375596)}]
------------------------------------------
====================================
mu=0.21, T=0.2381
====================================
  Seed: normal state
F_onsite: 0j
F_swave: 0j, F_dwave: 0j
F_px: 0j, F_py: 0j
Free_energy = -16744.715143155256
------------------------------------------
[{'stable': {}, 'free': np.float64(-16744.715143155256)}]
------------------------------------------
  Seed: px
F_onsite: 4.6447718370263277e-17j
F_swave: -5.551115123125783e-17j, F_dwave: 0.04756769793616747j
F_px: (-5.242322686118358e-18+0j), F_py: (-1.1804362201933165e-17+0j)
Free_energy = -16884.26108249863
------------------------------------------
[{'stable': {'F_dwave': np.complex128(0.04756769793616747j)}, 'free': np.float64(-16884.26108249863)}]
------------------------------------------
  Seed: py
F_onsite: -4.6447718370263277e-17j
F_swave: 5.551115123125783e-17j, F_dwave: -0.04756769793616747j
F_px: (5.242322686118358e-18+0j), F_py: (1.1804362201933165e-17+0j)
Free_energy = -16884.26108249863
------------------------------------------
[{'stable': {'F_dwave': np.complex128(0.04756769793616747j)}, 'free': np.float64(-16884.26108249863)}, {'stable': {'F_dwave': np.complex128(-0.04756769793616747j)}, 'free': np.float64(-16884.26108249863)}]
------------------------------------------
  Seed: px+py
F_onsite: 4.6447718370263277e-17j
F_swave: -5.551115123125783e-17j, F_dwave: 0.04756769793616747j
F_px: (-5.242322686118358e-18+0j), F_py: (-1.1804362201933165e-17+0j)
Free_energy = -16884.26108249863
------------------------------------------
[{'stable': {'F_dwave': np.complex128(0.04756769793616747j)}, 'free': np.float64(-16884.26108249863)}, {'stable': {'F_dwave': np.complex128(-0.04756769793616747j)}, 'free': np.float64(-16884.26108249863)}]
------------------------------------------
  Seed: px+i*py
F_onsite: (2.0098175527483444e-17+7.977654244458978e-18j)
F_swave: (-1.1275702593849246e-17+5.204170427930421e-18j), F_dwave: (0.010247983662989816-0.046450729972642386j)
F_px: (-9.454242944073599e-17-1.5612511283791264e-16j), F_py: (2.42861286636753e-17-1.0408340855860843e-17j)
Free_energy = -16884.26145784029
------------------------------------------
[{'stable': {'F_dwave': np.complex128(0.04756769793616747j)}, 'free': np.float64(-16884.26108249863)}, {'stable': {'F_dwave': np.complex128(-0.04756769793616747j)}, 'free': np.float64(-16884.26108249863)}, {'stable': {'F_dwave': np.complex128(0.010247983662989816-0.046450729972642386j)}, 'free': np.float64(-16884.26145784029)}]
------------------------------------------
  Seed: d-wave
F_onsite: (4.6635427157947485e-17+0j)
F_swave: (1.3877787807814457e-16+0j), F_dwave: (0.04756772120479346+0j)
F_px: 1.1055908090589565e-17j, F_py: 1.186702464885166e-17j
Free_energy = -16884.261230944754
------------------------------------------
[{'stable': {'F_dwave': np.complex128(0.04756769793616747j)}, 'free': np.float64(-16884.26108249863)}, {'stable': {'F_dwave': np.complex128(-0.04756769793616747j)}, 'free': np.float64(-16884.26108249863)}, {'stable': {'F_dwave': np.complex128(0.010247983662989816-0.046450729972642386j)}, 'free': np.float64(-16884.26145784029)}, {'stable': {'F_dwave': np.complex128(0.04756772120479346+0j)}, 'free': np.float64(-16884.261230944754)}]
------------------------------------------
  Seed: d-wave+px
F_onsite: (4.6635427157947485e-17+0j)
F_swave: (1.3877787807814457e-16+0j), F_dwave: (0.04756772120479346+0j)
F_px: 1.1055908090589565e-17j, F_py: 1.186702464885166e-17j
Free_energy = -16884.261230944754
------------------------------------------
[{'stable': {'F_dwave': np.complex128(0.04756769793616747j)}, 'free': np.float64(-16884.26108249863)}, {'stable': {'F_dwave': np.complex128(-0.04756769793616747j)}, 'free': np.float64(-16884.26108249863)}, {'stable': {'F_dwave': np.complex128(0.010247983662989816-0.046450729972642386j)}, 'free': np.float64(-16884.26145784029)}, {'stable': {'F_dwave': np.complex128(0.04756772120479346+0j)}, 'free': np.float64(-16884.261230944754)}]
------------------------------------------
  Seed: d-wave+py
F_onsite: (4.6635427157947485e-17+0j)
F_swave: (1.3877787807814457e-16+0j), F_dwave: (0.04756772120479346+0j)
F_px: 1.1055908090589565e-17j, F_py: 1.186702464885166e-17j
Free_energy = -16884.261230944754
------------------------------------------
[{'stable': {'F_dwave': np.complex128(0.04756769793616747j)}, 'free': np.float64(-16884.26108249863)}, {'stable': {'F_dwave': np.complex128(-0.04756769793616747j)}, 'free': np.float64(-16884.26108249863)}, {'stable': {'F_dwave': np.complex128(0.010247983662989816-0.046450729972642386j)}, 'free': np.float64(-16884.26145784029)}, {'stable': {'F_dwave': np.complex128(0.04756772120479346+0j)}, 'free': np.float64(-16884.261230944754)}]
------------------------------------------
  Seed: s-wave
F_onsite: (4.6635427157947485e-17+0j)
F_swave: (1.3877787807814457e-16+0j), F_dwave: (0.04756772120479346+0j)
F_px: 1.1055908090589565e-17j, F_py: 1.186702464885166e-17j
Free_energy = -16884.261230944754
------------------------------------------
[{'stable': {'F_dwave': np.complex128(0.04756769793616747j)}, 'free': np.float64(-16884.26108249863)}, {'stable': {'F_dwave': np.complex128(-0.04756769793616747j)}, 'free': np.float64(-16884.26108249863)}, {'stable': {'F_dwave': np.complex128(0.010247983662989816-0.046450729972642386j)}, 'free': np.float64(-16884.26145784029)}, {'stable': {'F_dwave': np.complex128(0.04756772120479346+0j)}, 'free': np.float64(-16884.261230944754)}]
------------------------------------------
  Seed: s-wave+px
F_onsite: (4.6635427157947485e-17+0j)
F_swave: (1.3877787807814457e-16+0j), F_dwave: (0.04756772120479346+0j)
F_px: 1.1055908090589565e-17j, F_py: 1.186702464885166e-17j
Free_energy = -16884.261230944754
------------------------------------------
[{'stable': {'F_dwave': np.complex128(0.04756769793616747j)}, 'free': np.float64(-16884.26108249863)}, {'stable': {'F_dwave': np.complex128(-0.04756769793616747j)}, 'free': np.float64(-16884.26108249863)}, {'stable': {'F_dwave': np.complex128(0.010247983662989816-0.046450729972642386j)}, 'free': np.float64(-16884.26145784029)}, {'stable': {'F_dwave': np.complex128(0.04756772120479346+0j)}, 'free': np.float64(-16884.261230944754)}]
------------------------------------------
  Seed: s-wave+py
F_onsite: (1.0359263568373581e-16+0j)
F_swave: (-5.898059818321144e-17+0j), F_dwave: (-0.047567756770528415+0j)
F_px: 8.160321514304947e-18j, F_py: -1.1579418706155494e-17j
Free_energy = -16884.26145784229
------------------------------------------
[{'stable': {'F_dwave': np.complex128(0.04756769793616747j)}, 'free': np.float64(-16884.26108249863)}, {'stable': {'F_dwave': np.complex128(-0.04756769793616747j)}, 'free': np.float64(-16884.26108249863)}, {'stable': {'F_dwave': np.complex128(0.010247983662989816-0.046450729972642386j)}, 'free': np.float64(-16884.26145784029)}, {'stable': {'F_dwave': np.complex128(0.04756772120479346+0j)}, 'free': np.float64(-16884.261230944754)}, {'stable': {'F_dwave': np.complex128(-0.047567756770528415+0j)}, 'free': np.float64(-16884.26145784229)}]
------------------------------------------
====================================
mu=0.21, T=0.2484
====================================
  Seed: normal state
F_onsite: 0j
F_swave: 0j, F_dwave: 0j
F_px: 0j, F_py: 0j
Free_energy = -16778.550502104015
------------------------------------------
[{'stable': {}, 'free': np.float64(-16778.550502104015)}]
------------------------------------------
  Seed: px
F_onsite: 2.9207027782114486e-17j
F_swave: 2.42861286636753e-17j, F_dwave: 0.03509815302270709j
F_px: (1.2913555155085121e-17+0j), F_py: (-1.2807852846534267e-17+0j)
Free_energy = -16853.531883636173
------------------------------------------
[{'stable': {'F_dwave': np.complex128(0.03509815302270709j)}, 'free': np.float64(-16853.531883636173)}]
------------------------------------------
  Seed: py
F_onsite: -2.9207027782114486e-17j
F_swave: -2.42861286636753e-17j, F_dwave: -0.03509815302270709j
F_px: (-1.2913555155085121e-17+0j), F_py: (1.2807852846534267e-17+0j)
Free_energy = -16853.531883636173
------------------------------------------
[{'stable': {'F_dwave': np.complex128(0.03509815302270709j)}, 'free': np.float64(-16853.531883636173)}, {'stable': {'F_dwave': np.complex128(-0.03509815302270709j)}, 'free': np.float64(-16853.531883636173)}]
------------------------------------------
  Seed: px+py
F_onsite: 2.9207027782114486e-17j
F_swave: 2.42861286636753e-17j, F_dwave: 0.03509815302270709j
F_px: (1.2913555155085121e-17+0j), F_py: (-1.2807852846534267e-17+0j)
Free_energy = -16853.531883636173
------------------------------------------
[{'stable': {'F_dwave': np.complex128(0.03509815302270709j)}, 'free': np.float64(-16853.531883636173)}, {'stable': {'F_dwave': np.complex128(-0.03509815302270709j)}, 'free': np.float64(-16853.531883636173)}]
------------------------------------------
  Seed: px+i*py
F_onsite: (5.093414252632021e-19-3.648342461083315e-17j)
F_swave: (-1.5829351718288365e-17+7.979727989493313e-17j), F_dwave: (0.007561551043176175-0.03427401694144239j)
F_px: (-4.2500725161431774e-17+1.8041124150158794e-16j), F_py: (8.239936510889834e-18+0j)
Free_energy = -16853.53219810333
------------------------------------------
[{'stable': {'F_dwave': np.complex128(0.03509815302270709j)}, 'free': np.float64(-16853.531883636173)}, {'stable': {'F_dwave': np.complex128(-0.03509815302270709j)}, 'free': np.float64(-16853.531883636173)}, {'stable': {'F_dwave': np.complex128(0.007561551043176175-0.03427401694144239j)}, 'free': np.float64(-16853.53219810333)}]
------------------------------------------
  Seed: d-wave
F_onsite: (7.210201038454618e-17+0j)
F_swave: (-6.245004513516506e-17+0j), F_dwave: (0.035098268777113396+0j)
F_px: -2.187957312668841e-17j, F_py: 1.3803023088148851e-17j
Free_energy = -16853.532400272547
------------------------------------------
[{'stable': {'F_dwave': np.complex128(0.03509815302270709j)}, 'free': np.float64(-16853.531883636173)}, {'stable': {'F_dwave': np.complex128(-0.03509815302270709j)}, 'free': np.float64(-16853.531883636173)}, {'stable': {'F_dwave': np.complex128(0.007561551043176175-0.03427401694144239j)}, 'free': np.float64(-16853.53219810333)}, {'stable': {'F_dwave': np.complex128(0.035098268777113396+0j)}, 'free': np.float64(-16853.532400272547)}]
------------------------------------------
  Seed: d-wave+px
F_onsite: (7.210201038454618e-17+0j)
F_swave: (-6.245004513516506e-17+0j), F_dwave: (0.035098268777113396+0j)
F_px: -2.187957312668841e-17j, F_py: 1.3803023088148851e-17j
Free_energy = -16853.532400272547
------------------------------------------
[{'stable': {'F_dwave': np.complex128(0.03509815302270709j)}, 'free': np.float64(-16853.531883636173)}, {'stable': {'F_dwave': np.complex128(-0.03509815302270709j)}, 'free': np.float64(-16853.531883636173)}, {'stable': {'F_dwave': np.complex128(0.007561551043176175-0.03427401694144239j)}, 'free': np.float64(-16853.53219810333)}, {'stable': {'F_dwave': np.complex128(0.035098268777113396+0j)}, 'free': np.float64(-16853.532400272547)}]
------------------------------------------
  Seed: d-wave+py
F_onsite: (7.210201038454618e-17+0j)
F_swave: (-6.245004513516506e-17+0j), F_dwave: (0.035098268777113396+0j)
F_px: -2.187957312668841e-17j, F_py: 1.3803023088148851e-17j
Free_energy = -16853.532400272547
------------------------------------------
[{'stable': {'F_dwave': np.complex128(0.03509815302270709j)}, 'free': np.float64(-16853.531883636173)}, {'stable': {'F_dwave': np.complex128(-0.03509815302270709j)}, 'free': np.float64(-16853.531883636173)}, {'stable': {'F_dwave': np.complex128(0.007561551043176175-0.03427401694144239j)}, 'free': np.float64(-16853.53219810333)}, {'stable': {'F_dwave': np.complex128(0.035098268777113396+0j)}, 'free': np.float64(-16853.532400272547)}]
------------------------------------------
  Seed: s-wave
F_onsite: (7.210201038454618e-17+0j)
F_swave: (-6.245004513516506e-17+0j), F_dwave: (0.035098268777113396+0j)
F_px: -2.187957312668841e-17j, F_py: 1.3803023088148851e-17j
Free_energy = -16853.532400272547
------------------------------------------
[{'stable': {'F_dwave': np.complex128(0.03509815302270709j)}, 'free': np.float64(-16853.531883636173)}, {'stable': {'F_dwave': np.complex128(-0.03509815302270709j)}, 'free': np.float64(-16853.531883636173)}, {'stable': {'F_dwave': np.complex128(0.007561551043176175-0.03427401694144239j)}, 'free': np.float64(-16853.53219810333)}, {'stable': {'F_dwave': np.complex128(0.035098268777113396+0j)}, 'free': np.float64(-16853.532400272547)}]
------------------------------------------
  Seed: s-wave+px
F_onsite: (7.210201038454618e-17+0j)
F_swave: (-6.245004513516506e-17+0j), F_dwave: (0.035098268777113396+0j)
F_px: -2.187957312668841e-17j, F_py: 1.3803023088148851e-17j
Free_energy = -16853.532400272547
------------------------------------------
[{'stable': {'F_dwave': np.complex128(0.03509815302270709j)}, 'free': np.float64(-16853.531883636173)}, {'stable': {'F_dwave': np.complex128(-0.03509815302270709j)}, 'free': np.float64(-16853.531883636173)}, {'stable': {'F_dwave': np.complex128(0.007561551043176175-0.03427401694144239j)}, 'free': np.float64(-16853.53219810333)}, {'stable': {'F_dwave': np.complex128(0.035098268777113396+0j)}, 'free': np.float64(-16853.532400272547)}]
------------------------------------------
  Seed: s-wave+py
F_onsite: (5.538210609261588e-17+0j)
F_swave: (-4.5102810375396984e-17+0j), F_dwave: (-0.03509826877738942+0j)
F_px: 7.97859706815983e-18j, F_py: -1.2544325924674367e-17j
Free_energy = -16853.53240027378
------------------------------------------
[{'stable': {'F_dwave': np.complex128(0.03509815302270709j)}, 'free': np.float64(-16853.531883636173)}, {'stable': {'F_dwave': np.complex128(-0.03509815302270709j)}, 'free': np.float64(-16853.531883636173)}, {'stable': {'F_dwave': np.complex128(0.007561551043176175-0.03427401694144239j)}, 'free': np.float64(-16853.53219810333)}, {'stable': {'F_dwave': np.complex128(0.035098268777113396+0j)}, 'free': np.float64(-16853.532400272547)}, {'stable': {'F_dwave': np.complex128(-0.03509826877738942+0j)}, 'free': np.float64(-16853.53240027378)}]
------------------------------------------
====================================
mu=0.21, T=0.2588
====================================
  Seed: normal state
F_onsite: 0j
F_swave: 0j, F_dwave: 0j
F_px: 0j, F_py: 0j
Free_energy = -16813.531345244366
------------------------------------------
[{'stable': {}, 'free': np.float64(-16813.531345244366)}]
------------------------------------------
  Seed: px
F_onsite: 9.09263026866614e-18j
F_swave: 2.3418766925686896e-17j, F_dwave: 0.011419098273335865j
F_px: (-7.570761250609695e-19+0j), F_py: (-1.0855981173173701e-17+0j)
Free_energy = -16821.36585034871
------------------------------------------
[{'stable': {'F_dwave': np.complex128(0.011419098273335865j)}, 'free': np.float64(-16821.36585034871)}]
------------------------------------------
  Seed: py
F_onsite: -9.09263026866614e-18j
F_swave: -2.3418766925686896e-17j, F_dwave: -0.011419098273335865j
F_px: (7.570761250609695e-19+0j), F_py: (1.0855981173173701e-17+0j)
Free_energy = -16821.36585034871
------------------------------------------
[{'stable': {'F_dwave': np.complex128(0.011419098273335865j)}, 'free': np.float64(-16821.36585034871)}, {'stable': {'F_dwave': np.complex128(-0.011419098273335865j)}, 'free': np.float64(-16821.36585034871)}]
------------------------------------------
  Seed: px+py
F_onsite: 9.09263026866614e-18j
F_swave: 2.3418766925686896e-17j, F_dwave: 0.011419098273335865j
F_px: (-7.570761250609695e-19+0j), F_py: (-1.0855981173173701e-17+0j)
Free_energy = -16821.36585034871
------------------------------------------
[{'stable': {'F_dwave': np.complex128(0.011419098273335865j)}, 'free': np.float64(-16821.36585034871)}, {'stable': {'F_dwave': np.complex128(-0.011419098273335865j)}, 'free': np.float64(-16821.36585034871)}]
------------------------------------------
  Seed: px+i*py
F_onsite: (-4.921799090945644e-19+6.53766912060777e-18j)
F_swave: (-3.7947076036992655e-18+8.673617379884035e-18j), F_dwave: (0.002460146010609043-0.011151030465124504j)
F_px: (-4.683753385137379e-17+3.9898639947466563e-17j), F_py: (1.4094628242311558e-17+3.469446951953614e-18j)
Free_energy = -16821.365970651135
------------------------------------------
[{'stable': {'F_dwave': np.complex128(0.011419098273335865j)}, 'free': np.float64(-16821.36585034871)}, {'stable': {'F_dwave': np.complex128(-0.011419098273335865j)}, 'free': np.float64(-16821.36585034871)}, {'stable': {'F_dwave': np.complex128(0.002460146010609043-0.011151030465124504j)}, 'free': np.float64(-16821.365970651135)}]
------------------------------------------
  Seed: d-wave
F_onsite: (9.102092801283441e-18+0j)
F_swave: (-9.540979117872439e-18+0j), F_dwave: (0.01141918555937711+0j)
F_px: -1.0209949650950971e-17j, F_py: 1.0687200035663508e-17j
Free_energy = -16821.365970651874
------------------------------------------
[{'stable': {'F_dwave': np.complex128(0.011419098273335865j)}, 'free': np.float64(-16821.36585034871)}, {'stable': {'F_dwave': np.complex128(-0.011419098273335865j)}, 'free': np.float64(-16821.36585034871)}, {'stable': {'F_dwave': np.complex128(0.002460146010609043-0.011151030465124504j)}, 'free': np.float64(-16821.365970651135)}, {'stable': {'F_dwave': np.complex128(0.01141918555937711+0j)}, 'free': np.float64(-16821.365970651874)}]
------------------------------------------
  Seed: d-wave+px
F_onsite: (9.102092801283441e-18+0j)
F_swave: (-9.540979117872439e-18+0j), F_dwave: (0.01141918555937711+0j)
F_px: -1.0209949650950971e-17j, F_py: 1.0687200035663508e-17j
Free_energy = -16821.365970651874
------------------------------------------
[{'stable': {'F_dwave': np.complex128(0.011419098273335865j)}, 'free': np.float64(-16821.36585034871)}, {'stable': {'F_dwave': np.complex128(-0.011419098273335865j)}, 'free': np.float64(-16821.36585034871)}, {'stable': {'F_dwave': np.complex128(0.002460146010609043-0.011151030465124504j)}, 'free': np.float64(-16821.365970651135)}, {'stable': {'F_dwave': np.complex128(0.01141918555937711+0j)}, 'free': np.float64(-16821.365970651874)}]
------------------------------------------
  Seed: d-wave+py
F_onsite: (9.102092801283441e-18+0j)
F_swave: (-9.540979117872439e-18+0j), F_dwave: (0.01141918555937711+0j)
F_px: -1.0209949650950971e-17j, F_py: 1.0687200035663508e-17j
Free_energy = -16821.365970651874
------------------------------------------
[{'stable': {'F_dwave': np.complex128(0.011419098273335865j)}, 'free': np.float64(-16821.36585034871)}, {'stable': {'F_dwave': np.complex128(-0.011419098273335865j)}, 'free': np.float64(-16821.36585034871)}, {'stable': {'F_dwave': np.complex128(0.002460146010609043-0.011151030465124504j)}, 'free': np.float64(-16821.365970651135)}, {'stable': {'F_dwave': np.complex128(0.01141918555937711+0j)}, 'free': np.float64(-16821.365970651874)}]
------------------------------------------
  Seed: s-wave
F_onsite: (9.102092801283441e-18+0j)
F_swave: (-9.540979117872439e-18+0j), F_dwave: (0.01141918555937711+0j)
F_px: -1.0209949650950971e-17j, F_py: 1.0687200035663508e-17j
Free_energy = -16821.365970651874
------------------------------------------
[{'stable': {'F_dwave': np.complex128(0.011419098273335865j)}, 'free': np.float64(-16821.36585034871)}, {'stable': {'F_dwave': np.complex128(-0.011419098273335865j)}, 'free': np.float64(-16821.36585034871)}, {'stable': {'F_dwave': np.complex128(0.002460146010609043-0.011151030465124504j)}, 'free': np.float64(-16821.365970651135)}, {'stable': {'F_dwave': np.complex128(0.01141918555937711+0j)}, 'free': np.float64(-16821.365970651874)}]
------------------------------------------
  Seed: s-wave+px
F_onsite: (9.102092801283441e-18+0j)
F_swave: (-9.540979117872439e-18+0j), F_dwave: (0.01141918555937711+0j)
F_px: -1.0209949650950971e-17j, F_py: 1.0687200035663508e-17j
Free_energy = -16821.365970651874
------------------------------------------
[{'stable': {'F_dwave': np.complex128(0.011419098273335865j)}, 'free': np.float64(-16821.36585034871)}, {'stable': {'F_dwave': np.complex128(-0.011419098273335865j)}, 'free': np.float64(-16821.36585034871)}, {'stable': {'F_dwave': np.complex128(0.002460146010609043-0.011151030465124504j)}, 'free': np.float64(-16821.365970651135)}, {'stable': {'F_dwave': np.complex128(0.01141918555937711+0j)}, 'free': np.float64(-16821.365970651874)}]
------------------------------------------
  Seed: s-wave+py
F_onsite: (-6.117744265200325e-18+0j)
F_swave: (4.336808689942018e-18+0j), F_dwave: (-0.011419185559377149+0j)
F_px: 6.766876784141939e-18j, F_py: -1.143538701936804e-17j
Free_energy = -16821.365970651874
------------------------------------------
[{'stable': {'F_dwave': np.complex128(0.011419098273335865j)}, 'free': np.float64(-16821.36585034871)}, {'stable': {'F_dwave': np.complex128(-0.011419098273335865j)}, 'free': np.float64(-16821.36585034871)}, {'stable': {'F_dwave': np.complex128(0.002460146010609043-0.011151030465124504j)}, 'free': np.float64(-16821.365970651135)}, {'stable': {'F_dwave': np.complex128(0.01141918555937711+0j)}, 'free': np.float64(-16821.365970651874)}, {'stable': {'F_dwave': np.complex128(-0.011419185559377149+0j)}, 'free': np.float64(-16821.365970651874)}]
------------------------------------------
====================================
mu=0.21, T=0.2691
====================================
  Seed: normal state
F_onsite: 0j
F_swave: 0j, F_dwave: 0j
F_px: 0j, F_py: 0j
Free_energy = -16849.64157824877
------------------------------------------
[{'stable': {}, 'free': np.float64(-16849.64157824877)}]
------------------------------------------
  Seed: px
F_onsite: -1.0394585261115652e-19j
F_swave: 1.3352756931910109e-20j, F_dwave: 2.7515138373655115e-16j
F_px: (2.3930132547514655e-19+0j), F_py: (-8.701298009331762e-20+0j)
Free_energy = -16849.64157824877
------------------------------------------
[{'stable': {}, 'free': np.float64(-16849.64157824877)}]
------------------------------------------
  Seed: py
F_onsite: 1.0394585261115652e-19j
F_swave: -1.3352756931910109e-20j, F_dwave: -2.7515138373655115e-16j
F_px: (-2.3930132547514655e-19+0j), F_py: (8.701298009331762e-20+0j)
Free_energy = -16849.64157824877
------------------------------------------
[{'stable': {}, 'free': np.float64(-16849.64157824877)}]
------------------------------------------
  Seed: px+py
F_onsite: -1.0394585261115652e-19j
F_swave: 1.3352756931910109e-20j, F_dwave: 2.7515138373655115e-16j
F_px: (2.3930132547514655e-19+0j), F_py: (-8.701298009331762e-20+0j)
Free_energy = -16849.64157824877
------------------------------------------
[{'stable': {}, 'free': np.float64(-16849.64157824877)}]
------------------------------------------
  Seed: px+i*py
F_onsite: (2.189799831633234e-22-7.915600909756397e-21j)
F_swave: (3.2150446242256254e-21+1.3524482177914554e-20j), F_dwave: (7.342826747819047e-17-3.2212891558795373e-16j)
F_px: (-2.4330439531450112e-20+4.665190628369139e-20j), F_py: (1.740007167247947e-20+3.965345504819598e-20j)
Free_energy = -16849.641578248767
------------------------------------------
[{'stable': {}, 'free': np.float64(-16849.64157824877)}]
------------------------------------------
  Seed: d-wave
F_onsite: (3.9047206861907644e-20+0j)
F_swave: (-2.1377426674463604e-20+0j), F_dwave: (2.862182506317651e-16+0j)
F_px: 7.892710203227283e-20j, F_py: 8.190763426039518e-20j
Free_energy = -16849.64157824877
------------------------------------------
[{'stable': {}, 'free': np.float64(-16849.64157824877)}]
------------------------------------------
  Seed: d-wave+px
F_onsite: (3.9047206861907644e-20+0j)
F_swave: (-2.1377426674463604e-20+0j), F_dwave: (2.862182506317651e-16+0j)
F_px: 7.892710203227283e-20j, F_py: 8.190763426039518e-20j
Free_energy = -16849.64157824877
------------------------------------------
[{'stable': {}, 'free': np.float64(-16849.64157824877)}]
------------------------------------------
  Seed: d-wave+py
F_onsite: (3.9047206861907644e-20+0j)
F_swave: (-2.1377426674463604e-20+0j), F_dwave: (2.862182506317651e-16+0j)
F_px: 7.892710203227283e-20j, F_py: 8.190763426039518e-20j
Free_energy = -16849.64157824877
------------------------------------------
[{'stable': {}, 'free': np.float64(-16849.64157824877)}]
------------------------------------------
  Seed: s-wave
F_onsite: (3.9047206861907644e-20+0j)
F_swave: (-2.1377426674463604e-20+0j), F_dwave: (2.862182506317651e-16+0j)
F_px: 7.892710203227283e-20j, F_py: 8.190763426039518e-20j
Free_energy = -16849.64157824877
------------------------------------------
[{'stable': {}, 'free': np.float64(-16849.64157824877)}]
------------------------------------------
  Seed: s-wave+px
F_onsite: (3.9047206861907644e-20+0j)
F_swave: (-2.1377426674463604e-20+0j), F_dwave: (2.862182506317651e-16+0j)
F_px: 7.892710203227283e-20j, F_py: 8.190763426039518e-20j
Free_energy = -16849.64157824877
------------------------------------------
[{'stable': {}, 'free': np.float64(-16849.64157824877)}]
------------------------------------------
  Seed: s-wave+py
F_onsite: (-7.968952730205872e-20+0j)
F_swave: (2.7932846540309414e-20+0j), F_dwave: (-2.8631480554594897e-16+0j)
F_px: 2.6912991641365704e-20j, F_py: -4.858706066590512e-21j
Free_energy = -16849.64157824877
------------------------------------------
[{'stable': {}, 'free': np.float64(-16849.64157824877)}]
------------------------------------------
====================================
mu=0.21, T=0.2794
====================================
  Seed: normal state
F_onsite: 0j
F_swave: 0j, F_dwave: 0j
F_px: 0j, F_py: 0j
Free_energy = -16886.865873825605
------------------------------------------
[{'stable': {}, 'free': np.float64(-16886.865873825605)}]
------------------------------------------
  Seed: px
F_onsite: -2.8799083191001525e-20j
F_swave: 3.683053212619339e-21j, F_dwave: 1.1603669421349178e-17j
F_px: (-2.3623031674361507e-20+0j), F_py: (2.010154124940097e-20+0j)
Free_energy = -16886.865873825605
------------------------------------------
[{'stable': {}, 'free': np.float64(-16886.865873825605)}]
------------------------------------------
  Seed: py
F_onsite: 2.8799083191001525e-20j
F_swave: -3.683053212619339e-21j, F_dwave: -1.1603669421349178e-17j
F_px: (2.3623031674361507e-20+0j), F_py: (-2.010154124940097e-20+0j)
Free_energy = -16886.865873825605
------------------------------------------
[{'stable': {}, 'free': np.float64(-16886.865873825605)}]
------------------------------------------
  Seed: px+py
F_onsite: -2.8799083191001525e-20j
F_swave: 3.683053212619339e-21j, F_dwave: 1.1603669421349178e-17j
F_px: (-2.3623031674361507e-20+0j), F_py: (2.010154124940097e-20+0j)
Free_energy = -16886.865873825605
------------------------------------------
[{'stable': {}, 'free': np.float64(-16886.865873825605)}]
------------------------------------------
  Seed: px+i*py
F_onsite: (-6.653061907859347e-21+1.8364259152430437e-20j)
F_swave: (-3.576505507353483e-21-2.5573314804336768e-21j), F_dwave: (2.9795629584165134e-18-1.1929536286279986e-17j)
F_px: (-8.781755190119423e-21+7.915490356672241e-21j), F_py: (-5.911203048859755e-21-4.268094057489135e-21j)
Free_energy = -16886.865873825605
------------------------------------------
[{'stable': {}, 'free': np.float64(-16886.865873825605)}]
------------------------------------------
  Seed: d-wave
F_onsite: (-8.278013790028457e-20+0j)
F_swave: (7.875872004483101e-21+0j), F_dwave: (9.10666808772273e-18+0j)
F_px: -5.5004066640571e-20j, F_py: 3.5282950935363335e-20j
Free_energy = -16886.865873825605
------------------------------------------
[{'stable': {}, 'free': np.float64(-16886.865873825605)}]
------------------------------------------
  Seed: d-wave+px
F_onsite: (-8.278013790028457e-20+0j)
F_swave: (7.875872004483101e-21+0j), F_dwave: (9.10666808772273e-18+0j)
F_px: -5.5004066640571e-20j, F_py: 3.5282950935363335e-20j
Free_energy = -16886.865873825605
------------------------------------------
[{'stable': {}, 'free': np.float64(-16886.865873825605)}]
------------------------------------------
  Seed: d-wave+py
F_onsite: (-8.278013790028457e-20+0j)
F_swave: (7.875872004483101e-21+0j), F_dwave: (9.10666808772273e-18+0j)
F_px: -5.5004066640571e-20j, F_py: 3.5282950935363335e-20j
Free_energy = -16886.865873825605
------------------------------------------
[{'stable': {}, 'free': np.float64(-16886.865873825605)}]
------------------------------------------
  Seed: s-wave
F_onsite: (-8.278013790028457e-20+0j)
F_swave: (7.875872004483101e-21+0j), F_dwave: (9.10666808772273e-18+0j)
F_px: -5.5004066640571e-20j, F_py: 3.5282950935363335e-20j
Free_energy = -16886.865873825605
------------------------------------------
[{'stable': {}, 'free': np.float64(-16886.865873825605)}]
------------------------------------------
  Seed: s-wave+px
F_onsite: (-8.278013790028457e-20+0j)
F_swave: (7.875872004483101e-21+0j), F_dwave: (9.10666808772273e-18+0j)
F_px: -5.5004066640571e-20j, F_py: 3.5282950935363335e-20j
Free_energy = -16886.865873825605
------------------------------------------
[{'stable': {}, 'free': np.float64(-16886.865873825605)}]
------------------------------------------
  Seed: s-wave+py
F_onsite: (6.139300783203066e-20+0j)
F_swave: (-6.140886242169416e-21+0j), F_dwave: (-9.725575005550544e-18+0j)
F_px: -1.5021415254151477e-21j, F_py: -1.4691453947535046e-20j
Free_energy = -16886.865873825605
------------------------------------------
[{'stable': {}, 'free': np.float64(-16886.865873825605)}]
------------------------------------------
====================================
mu=0.21, T=0.2897
====================================
  Seed: normal state
F_onsite: 0j
F_swave: 0j, F_dwave: 0j
F_px: 0j, F_py: 0j
Free_energy = -16925.189604662628
------------------------------------------
[{'stable': {}, 'free': np.float64(-16925.189604662628)}]
------------------------------------------
  Seed: px
F_onsite: 2.76516821661014e-20j
F_swave: -1.9989181675846553e-21j, F_dwave: 4.3487455635902185e-18j
F_px: (-2.9547550573086736e-21+0j), F_py: (2.2805258137925465e-20+0j)
Free_energy = -16925.189604662628
------------------------------------------
[{'stable': {}, 'free': np.float64(-16925.189604662628)}]
------------------------------------------
  Seed: py
F_onsite: -1.9450630242191048e-20j
F_swave: 1.1896544678987786e-21j, F_dwave: -5.347433709827054e-19j
F_px: (1.8758269900933873e-21+0j), F_py: (-2.376690204599846e-21+0j)
Free_energy = -16925.189604662628
------------------------------------------
[{'stable': {}, 'free': np.float64(-16925.189604662628)}]
------------------------------------------
  Seed: px+py
F_onsite: 1.9450630242191048e-20j
F_swave: -1.1896544678987786e-21j, F_dwave: 5.347433709827054e-19j
F_px: (-1.8758269900933873e-21+0j), F_py: (2.376690204599846e-21+0j)
Free_energy = -16925.189604662628
------------------------------------------
[{'stable': {}, 'free': np.float64(-16925.189604662628)}]
------------------------------------------
  Seed: px+i*py
F_onsite: (-1.761537266922379e-19+9.545646963902242e-20j)
F_swave: (4.751458125261824e-21-2.818546639031663e-21j), F_dwave: (1.0314383235873249e-18-4.660786511028152e-18j)
F_px: (2.1666271367284906e-20+3.76797830642548e-20j), F_py: (3.4566953548223367e-20+1.5512694300022124e-20j)
Free_energy = -16925.189604662624
------------------------------------------
[{'stable': {}, 'free': np.float64(-16925.189604662628)}]
------------------------------------------
  Seed: d-wave
F_onsite: (2.3840030417753687e-20+0j)
F_swave: (-9.994046798663877e-22+0j), F_dwave: (1.146491636878224e-19+0j)
F_px: 7.30823658852935e-21j, F_py: 2.6722722018023043e-20j
Free_energy = -16925.189604662624
------------------------------------------
[{'stable': {}, 'free': np.float64(-16925.189604662628)}]
------------------------------------------
  Seed: d-wave+px
F_onsite: (-3.3794034278646945e-20+0j)
F_swave: (6.086473496419412e-21+0j), F_dwave: (2.5783650808946593e-18+0j)
F_px: -1.483051165388265e-20j, F_py: 2.0711387438381536e-20j
Free_energy = -16925.189604662628
------------------------------------------
[{'stable': {}, 'free': np.float64(-16925.189604662628)}]
------------------------------------------
  Seed: d-wave+py
F_onsite: (-3.3794034278646945e-20+0j)
F_swave: (6.086473496419412e-21+0j), F_dwave: (2.5783650808946593e-18+0j)
F_px: -1.483051165388265e-20j, F_py: 2.0711387438381536e-20j
Free_energy = -16925.189604662628
------------------------------------------
[{'stable': {}, 'free': np.float64(-16925.189604662628)}]
------------------------------------------
  Seed: s-wave
F_onsite: (-3.3794034278646945e-20+0j)
F_swave: (6.086473496419412e-21+0j), F_dwave: (2.5783650808946593e-18+0j)
F_px: -1.483051165388265e-20j, F_py: 2.0711387438381536e-20j
Free_energy = -16925.189604662628
------------------------------------------
[{'stable': {}, 'free': np.float64(-16925.189604662628)}]
------------------------------------------
  Seed: s-wave+px
F_onsite: (-3.3794034278646945e-20+0j)
F_swave: (6.086473496419412e-21+0j), F_dwave: (2.5783650808946593e-18+0j)
F_px: -1.483051165388265e-20j, F_py: 2.0711387438381536e-20j
Free_energy = -16925.189604662628
------------------------------------------
[{'stable': {}, 'free': np.float64(-16925.189604662628)}]
------------------------------------------
  Seed: s-wave+py
F_onsite: (6.6079972883052445e-21+0j)
F_swave: (-4.738995405340411e-22+0j), F_dwave: (-2.379662080089981e-19+0j)
F_px: -4.830349341188861e-21j, F_py: 9.880257070922638e-21j
Free_energy = -16925.189604662628
------------------------------------------
[{'stable': {}, 'free': np.float64(-16925.189604662628)}]
------------------------------------------
====================================
mu=0.21, T=0.3000
====================================
  Seed: normal state
F_onsite: 0j
F_swave: 0j, F_dwave: 0j
F_px: 0j, F_py: 0j
Free_energy = -16964.59878328056
------------------------------------------
[{'stable': {}, 'free': np.float64(-16964.59878328056)}]
------------------------------------------
  Seed: px
F_onsite: 1.94117271312754e-20j
F_swave: -1.186729193630555e-21j, F_dwave: 5.155921121313714e-19j
F_px: (-1.862865028804685e-21+0j), F_py: (2.3429402383036035e-21+0j)
Free_energy = -16964.59878328056
------------------------------------------
[{'stable': {}, 'free': np.float64(-16964.59878328056)}]
------------------------------------------
  Seed: py
F_onsite: 0j
F_swave: 0j, F_dwave: 0j
F_px: 0j, F_py: 0j
Free_energy = -16964.59878328056
------------------------------------------
[{'stable': {}, 'free': np.float64(-16964.59878328056)}]
------------------------------------------
  Seed: px+py
F_onsite: -6.171245900184461e-21j
F_swave: 3.2932510930571625e-22j, F_dwave: 8.276596787782159e-22j
F_px: (-3.3149249995915943e-21+0j), F_py: (-1.8978593262884417e-21+0j)
Free_energy = -16964.59878328056
------------------------------------------
[{'stable': {}, 'free': np.float64(-16964.59878328056)}]
------------------------------------------
  Seed: px+i*py
F_onsite: (-9.02159220374131e-20+1.336842434810389e-20j)
F_swave: (5.043679846330013e-21-2.3878684965584073e-21j), F_dwave: (4.200396193648269e-20-4.67470078859633e-19j)
F_px: (-3.936700878733802e-20-1.4988091227712255e-20j), F_py: (-6.349430440953624e-22-2.987370995252593e-20j)
Free_energy = -16964.598783280555
------------------------------------------
[{'stable': {}, 'free': np.float64(-16964.59878328056)}]
------------------------------------------
  Seed: d-wave
F_onsite: 0j
F_swave: 0j, F_dwave: 0j
F_px: 0j, F_py: 0j
Free_energy = -16964.59878328056
------------------------------------------
[{'stable': {}, 'free': np.float64(-16964.59878328056)}]
------------------------------------------
  Seed: d-wave+px
F_onsite: (2.3856298292408758e-20+0j)
F_swave: (-9.985628230278645e-22+0j), F_dwave: (1.0832354577412924e-19+0j)
F_px: 7.399215742933368e-21j, F_py: 2.669414120181158e-20j
Free_energy = -16964.59878328056
------------------------------------------
[{'stable': {}, 'free': np.float64(-16964.59878328056)}]
------------------------------------------
  Seed: d-wave+py
F_onsite: (2.3856298292408758e-20+0j)
F_swave: (-9.985628230278645e-22+0j), F_dwave: (1.0832354577412924e-19+0j)
F_px: 7.399215742933368e-21j, F_py: 2.669414120181158e-20j
Free_energy = -16964.59878328056
------------------------------------------
[{'stable': {}, 'free': np.float64(-16964.59878328056)}]
------------------------------------------
  Seed: s-wave
F_onsite: (2.3856298292408758e-20+0j)
F_swave: (-9.985628230278645e-22+0j), F_dwave: (1.0832354577412924e-19+0j)
F_px: 7.399215742933368e-21j, F_py: 2.669414120181158e-20j
Free_energy = -16964.59878328056
------------------------------------------
[{'stable': {}, 'free': np.float64(-16964.59878328056)}]
------------------------------------------
  Seed: s-wave+px
F_onsite: (2.3856298292408758e-20+0j)
F_swave: (-9.985628230278645e-22+0j), F_dwave: (1.0832354577412924e-19+0j)
F_px: 7.399215742933368e-21j, F_py: 2.669414120181158e-20j
Free_energy = -16964.59878328056
------------------------------------------
[{'stable': {}, 'free': np.float64(-16964.59878328056)}]
------------------------------------------
  Seed: s-wave+py
F_onsite: 0j
F_swave: 0j, F_dwave: 0j
F_px: 0j, F_py: 0j
Free_energy = -16964.59878328056
------------------------------------------
[{'stable': {}, 'free': np.float64(-16964.59878328056)}]
------------------------------------------
