/home/emilssp/D1/venv/bin/python
Python 3.10.12
Running job 1 out of 45
====================================
mu=0.10, T=0.0010
====================================
  Seed: normal state
F_onsite: 0j
F_swave: 0j, F_dwave: 0j
F_px: 0j, F_py: 0j
Free_energy = -16246.060318047372
------------------------------------------
[{'stable': {}, 'free': np.float64(-16246.060318047372)}]
------------------------------------------
  Seed: px
F_onsite: 4.904691508766952e-17j
F_swave: 6.938893903907228e-17j, F_dwave: 0.1022881263319967j
F_px: (7.926510971284902e-14+0j), F_py: (-1.7321342807595715e-17+0j)
Free_energy = -17102.839608304454
------------------------------------------
[{'stable': {'F_dwave': np.complex128(0.1022881263319967j)}, 'free': np.float64(-17102.839608304454)}]
------------------------------------------
  Seed: py
F_onsite: 1.6731301183668251e-16j
F_swave: 1.734723475976807e-16j, F_dwave: -0.102288126331996j
F_px: (-1.887347166373379e-17+0j), F_py: (2.832302001345737e-12+0j)
Free_energy = -17102.839608304454
------------------------------------------
[{'stable': {'F_dwave': np.complex128(0.1022881263319967j)}, 'free': np.float64(-17102.839608304454)}, {'stable': {'F_dwave': np.complex128(-0.102288126331996j)}, 'free': np.float64(-17102.839608304454)}]
------------------------------------------
  Seed: px+py
F_onsite: 7.489181795626412e-17j
F_swave: -1.1102230246251565e-16j, F_dwave: 0.10228812633199595j
F_px: (1.1825088584585046e-10+0j), F_py: (1.1821668188792508e-10+0j)
Free_energy = -17102.839608304446
------------------------------------------
[{'stable': {'F_dwave': np.complex128(0.1022881263319967j)}, 'free': np.float64(-17102.839608304454)}, {'stable': {'F_dwave': np.complex128(-0.102288126331996j)}, 'free': np.float64(-17102.839608304454)}]
------------------------------------------
  Seed: px+i*py
F_onsite: (1.7815955948060632e-17-7.25459127547122e-17j)
F_swave: (-1.3010426069826053e-17+1.3530843112619095e-16j), F_dwave: (0.017272826396751574+0.1008191958744864j)
F_px: (6.279698983036042e-16+2.6020852139652106e-15j), F_py: (1.1117842757535357e-14+6.476069680516616e-14j)
Free_energy = -17102.839608304454
------------------------------------------
[{'stable': {'F_dwave': np.complex128(0.1022881263319967j)}, 'free': np.float64(-17102.839608304454)}, {'stable': {'F_dwave': np.complex128(-0.102288126331996j)}, 'free': np.float64(-17102.839608304454)}, {'stable': {'F_dwave': np.complex128(0.017272826396751574+0.1008191958744864j)}, 'free': np.float64(-17102.839608304454)}]
------------------------------------------
  Seed: d-wave
F_onsite: (5.1245501715301855e-17+0j)
F_swave: (-1.8041124150158794e-16+0j), F_dwave: (0.10228812633199667+0j)
F_px: -4.9467230076879425e-17j, F_py: 1.6447354761255277e-17j
Free_energy = -17102.839608304454
------------------------------------------
[{'stable': {'F_dwave': np.complex128(0.1022881263319967j)}, 'free': np.float64(-17102.839608304454)}, {'stable': {'F_dwave': np.complex128(-0.102288126331996j)}, 'free': np.float64(-17102.839608304454)}, {'stable': {'F_dwave': np.complex128(0.017272826396751574+0.1008191958744864j)}, 'free': np.float64(-17102.839608304454)}, {'stable': {'F_dwave': np.complex128(0.10228812633199667+0j)}, 'free': np.float64(-17102.839608304454)}]
------------------------------------------
  Seed: d-wave+px
F_onsite: (-3.9372800916653044e-16-6.261370582596633e-19j)
F_swave: (3.8510861166685117e-16-6.907585205178372e-18j), F_dwave: (0.10228812633199122+1.761354307643768e-17j)
F_px: (5.4682067311684346e-08-9.75569138045883e-19j), F_py: (-4.85722573273506e-17+1.8999858103385644e-17j)
Free_energy = -17102.839608304515
------------------------------------------
[{'stable': {'F_dwave': np.complex128(0.1022881263319967j)}, 'free': np.float64(-17102.839608304454)}, {'stable': {'F_dwave': np.complex128(-0.102288126331996j)}, 'free': np.float64(-17102.839608304454)}, {'stable': {'F_dwave': np.complex128(0.017272826396751574+0.1008191958744864j)}, 'free': np.float64(-17102.839608304454)}, {'stable': {'F_dwave': np.complex128(0.10228812633199667+0j)}, 'free': np.float64(-17102.839608304454)}]
------------------------------------------
  Seed: d-wave+py
F_onsite: (2.1000680963355194e-16+2.452842123468556e-19j)
F_swave: (-3.8163916471489756e-17-1.4379277860191307e-18j), F_dwave: (0.10228812633199492+2.3062121180344604e-19j)
F_px: (6.245004513516506e-17-2.0075875552801454e-17j), F_py: (2.516394292245705e-08+1.6795283042528298e-17j)
Free_energy = -17102.839608304457
------------------------------------------
[{'stable': {'F_dwave': np.complex128(0.1022881263319967j)}, 'free': np.float64(-17102.839608304454)}, {'stable': {'F_dwave': np.complex128(-0.102288126331996j)}, 'free': np.float64(-17102.839608304454)}, {'stable': {'F_dwave': np.complex128(0.017272826396751574+0.1008191958744864j)}, 'free': np.float64(-17102.839608304454)}, {'stable': {'F_dwave': np.complex128(0.10228812633199667+0j)}, 'free': np.float64(-17102.839608304454)}]
------------------------------------------
  Seed: s-wave
F_onsite: (-3.169753545213441e-17+0j)
F_swave: (-2.0122792321330962e-16+0j), F_dwave: (-0.10228812630421745+0j)
F_px: 2.2285201580011509e-13j, F_py: 1.8057828233540088e-13j
Free_energy = -17102.83960741953
------------------------------------------
[{'stable': {'F_dwave': np.complex128(0.1022881263319967j)}, 'free': np.float64(-17102.839608304454)}, {'stable': {'F_dwave': np.complex128(-0.102288126331996j)}, 'free': np.float64(-17102.839608304454)}, {'stable': {'F_dwave': np.complex128(0.017272826396751574+0.1008191958744864j)}, 'free': np.float64(-17102.839608304454)}, {'stable': {'F_dwave': np.complex128(0.10228812633199667+0j)}, 'free': np.float64(-17102.839608304454)}, {'stable': {'F_dwave': np.complex128(-0.10228812630421745+0j)}, 'free': np.float64(-17102.83960741953)}]
------------------------------------------
  Seed: s-wave+px
F_onsite: (-1.6581222949867963e-16+1.9476184364646664e-19j)
F_swave: (3.608224830031759e-16-5.377676102462821e-18j), F_dwave: (0.10228812633199225-4.56745873415969e-17j)
F_px: (4.6594801725308166e-08-1.126587062215787e-17j), F_py: (-1.3877787807814457e-17+1.585835742638599e-17j)
Free_energy = -17102.839608304497
------------------------------------------
[{'stable': {'F_dwave': np.complex128(0.1022881263319967j)}, 'free': np.float64(-17102.839608304454)}, {'stable': {'F_dwave': np.complex128(-0.102288126331996j)}, 'free': np.float64(-17102.839608304454)}, {'stable': {'F_dwave': np.complex128(0.017272826396751574+0.1008191958744864j)}, 'free': np.float64(-17102.839608304454)}, {'stable': {'F_dwave': np.complex128(0.10228812633199667+0j)}, 'free': np.float64(-17102.839608304454)}, {'stable': {'F_dwave': np.complex128(-0.10228812630421745+0j)}, 'free': np.float64(-17102.83960741953)}]
------------------------------------------
  Seed: s-wave+py
F_onsite: (-1.4111720834665946e-16+6.804699382784947e-19j)
F_swave: (6.938893903907228e-18-6.844556282652232e-19j), F_dwave: (-0.10228812633198943-1.569624972403094e-17j)
F_px: (-3.469446951953614e-17+1.833866244027067e-17j), F_py: (6.233576685388265e-08-1.644908089571514e-17j)
Free_energy = -17102.839608304515
------------------------------------------
[{'stable': {'F_dwave': np.complex128(0.1022881263319967j)}, 'free': np.float64(-17102.839608304454)}, {'stable': {'F_dwave': np.complex128(-0.102288126331996j)}, 'free': np.float64(-17102.839608304454)}, {'stable': {'F_dwave': np.complex128(0.017272826396751574+0.1008191958744864j)}, 'free': np.float64(-17102.839608304454)}, {'stable': {'F_dwave': np.complex128(0.10228812633199667+0j)}, 'free': np.float64(-17102.839608304454)}, {'stable': {'F_dwave': np.complex128(-0.10228812630421745+0j)}, 'free': np.float64(-17102.83960741953)}]
------------------------------------------
====================================
mu=0.10, T=0.0113
====================================
  Seed: normal state
F_onsite: 0j
F_swave: 0j, F_dwave: 0j
F_px: 0j, F_py: 0j
Free_energy = -16247.391772392262
------------------------------------------
[{'stable': {}, 'free': np.float64(-16247.391772392262)}]
------------------------------------------
  Seed: px
F_onsite: 1.0004024898612273e-16j
F_swave: -9.71445146547012e-17j, F_dwave: 0.1022857690221054j
F_px: (6.873231107470881e-17+0j), F_py: (-1.694126071898164e-17+0j)
Free_energy = -17102.824370827744
------------------------------------------
[{'stable': {'F_dwave': np.complex128(0.1022857690221054j)}, 'free': np.float64(-17102.824370827744)}]
------------------------------------------
  Seed: py
F_onsite: -4.903275098191504e-17j
F_swave: 1.1796119636642288e-16j, F_dwave: -0.1022857690206621j
F_px: (-8.413721889371506e-18+0j), F_py: (6.873905124747193e-17+0j)
Free_energy = -17102.82437078166
------------------------------------------
[{'stable': {'F_dwave': np.complex128(0.1022857690221054j)}, 'free': np.float64(-17102.824370827744)}, {'stable': {'F_dwave': np.complex128(-0.1022857690206621j)}, 'free': np.float64(-17102.82437078166)}]
------------------------------------------
  Seed: px+py
F_onsite: -2.046457273926385e-16j
F_swave: 3.677613769070831e-16j, F_dwave: 0.10228576946181288j
F_px: (1.649301835564975e-12+0j), F_py: (1.6487284033313737e-12+0j)
Free_energy = -17102.824384834625
------------------------------------------
[{'stable': {'F_dwave': np.complex128(0.1022857690221054j)}, 'free': np.float64(-17102.824370827744)}, {'stable': {'F_dwave': np.complex128(-0.1022857690206621j)}, 'free': np.float64(-17102.82437078166)}]
------------------------------------------
  Seed: px+i*py
F_onsite: (1.93958633520414e-17-3.2275565106582024e-17j)
F_swave: (8.239936510889834e-17-4.163336342344337e-17j), F_dwave: (0.01727242833071154+0.1008168724158247j)
F_px: (5.204170427930421e-17+2.671474153004283e-15j), F_py: (1.8908485888147197e-16+1.4710455076283324e-15j)
Free_energy = -17102.824370781636
------------------------------------------
[{'stable': {'F_dwave': np.complex128(0.1022857690221054j)}, 'free': np.float64(-17102.824370827744)}, {'stable': {'F_dwave': np.complex128(-0.1022857690206621j)}, 'free': np.float64(-17102.82437078166)}, {'stable': {'F_dwave': np.complex128(0.01727242833071154+0.1008168724158247j)}, 'free': np.float64(-17102.824370781636)}]
------------------------------------------
  Seed: d-wave
F_onsite: (-5.480187363449566e-17+0j)
F_swave: (5.551115123125783e-17+0j), F_dwave: (0.10228576919063705+0j)
F_px: -1.389496938311295e-17j, F_py: 1.660842681513776e-17j
Free_energy = -17102.82437619644
------------------------------------------
[{'stable': {'F_dwave': np.complex128(0.1022857690221054j)}, 'free': np.float64(-17102.824370827744)}, {'stable': {'F_dwave': np.complex128(-0.1022857690206621j)}, 'free': np.float64(-17102.82437078166)}, {'stable': {'F_dwave': np.complex128(0.01727242833071154+0.1008168724158247j)}, 'free': np.float64(-17102.824370781636)}, {'stable': {'F_dwave': np.complex128(0.10228576919063705+0j)}, 'free': np.float64(-17102.82437619644)}]
------------------------------------------
  Seed: d-wave+px
F_onsite: (8.853832925157433e-17+1.0059273266075193e-19j)
F_swave: (-2.185751579730777e-16+3.6290430658540655e-18j), F_dwave: (0.10228576902069382+2.0746604986478936e-17j)
F_px: (7.67303361820515e-09-1.3325373685782784e-17j), F_py: (1.0408340855860843e-16+1.6743200444421128e-17j)
Free_energy = -17102.824370782622
------------------------------------------
[{'stable': {'F_dwave': np.complex128(0.1022857690221054j)}, 'free': np.float64(-17102.824370827744)}, {'stable': {'F_dwave': np.complex128(-0.1022857690206621j)}, 'free': np.float64(-17102.82437078166)}, {'stable': {'F_dwave': np.complex128(0.01727242833071154+0.1008168724158247j)}, 'free': np.float64(-17102.824370781636)}, {'stable': {'F_dwave': np.complex128(0.10228576919063705+0j)}, 'free': np.float64(-17102.82437619644)}]
------------------------------------------
  Seed: d-wave+py
F_onsite: (7.39575121934639e-17+5.218207476515257e-19j)
F_swave: (-2.42861286636753e-16+3.720159271189514e-18j), F_dwave: (0.10228576902210539+9.644898180118994e-18j)
F_px: (2.7755575615628914e-17-1.8738765680788746e-17j), F_py: (5.3389145882043465e-09+1.6851234281918103e-17j)
Free_energy = -17102.824370827748
------------------------------------------
[{'stable': {'F_dwave': np.complex128(0.1022857690221054j)}, 'free': np.float64(-17102.824370827744)}, {'stable': {'F_dwave': np.complex128(-0.1022857690206621j)}, 'free': np.float64(-17102.82437078166)}, {'stable': {'F_dwave': np.complex128(0.01727242833071154+0.1008168724158247j)}, 'free': np.float64(-17102.824370781636)}, {'stable': {'F_dwave': np.complex128(0.10228576919063705+0j)}, 'free': np.float64(-17102.82437619644)}]
------------------------------------------
  Seed: s-wave
F_onsite: (-6.652540519453621e-18+0j)
F_swave: (4.163336342344337e-17+0j), F_dwave: (-0.10228576902066146+0j)
F_px: 1.9271143127232187e-18j, F_py: -1.449156740285738e-17j
Free_energy = -17102.82437078163
------------------------------------------
[{'stable': {'F_dwave': np.complex128(0.1022857690221054j)}, 'free': np.float64(-17102.824370827744)}, {'stable': {'F_dwave': np.complex128(-0.1022857690206621j)}, 'free': np.float64(-17102.82437078166)}, {'stable': {'F_dwave': np.complex128(0.01727242833071154+0.1008168724158247j)}, 'free': np.float64(-17102.824370781636)}, {'stable': {'F_dwave': np.complex128(0.10228576919063705+0j)}, 'free': np.float64(-17102.82437619644)}, {'stable': {'F_dwave': np.complex128(-0.10228576902066146+0j)}, 'free': np.float64(-17102.82437078163)}]
------------------------------------------
  Seed: s-wave+px
F_onsite: (5.246095439412941e-18+3.085968581007804e-20j)
F_swave: (-4.85722573273506e-17-6.54085290272271e-18j), F_dwave: (0.1022857690206618-4.199631125107755e-18j)
F_px: (1.2509833863250108e-09-4.1736043725015085e-17j), F_py: (4.163336342344337e-17+1.6690279341288355e-17j)
Free_energy = -17102.824370781636
------------------------------------------
[{'stable': {'F_dwave': np.complex128(0.1022857690221054j)}, 'free': np.float64(-17102.824370827744)}, {'stable': {'F_dwave': np.complex128(-0.1022857690206621j)}, 'free': np.float64(-17102.82437078166)}, {'stable': {'F_dwave': np.complex128(0.01727242833071154+0.1008168724158247j)}, 'free': np.float64(-17102.824370781636)}, {'stable': {'F_dwave': np.complex128(0.10228576919063705+0j)}, 'free': np.float64(-17102.82437619644)}, {'stable': {'F_dwave': np.complex128(-0.10228576902066146+0j)}, 'free': np.float64(-17102.82437078163)}]
------------------------------------------
  Seed: s-wave+py
F_onsite: (-1.0955411717905445e-17+9.008953654535321e-20j)
F_swave: (1.3183898417423734e-16-2.861789509673135e-18j), F_dwave: (-0.102285769020662-2.1079656180329976e-17j)
F_px: (-3.469446951953614e-17+2.1147241339070543e-17j), F_py: (4.704692177504022e-09-1.824883199914478e-17j)
Free_energy = -17102.824370781636
------------------------------------------
[{'stable': {'F_dwave': np.complex128(0.1022857690221054j)}, 'free': np.float64(-17102.824370827744)}, {'stable': {'F_dwave': np.complex128(-0.1022857690206621j)}, 'free': np.float64(-17102.82437078166)}, {'stable': {'F_dwave': np.complex128(0.01727242833071154+0.1008168724158247j)}, 'free': np.float64(-17102.824370781636)}, {'stable': {'F_dwave': np.complex128(0.10228576919063705+0j)}, 'free': np.float64(-17102.82437619644)}, {'stable': {'F_dwave': np.complex128(-0.10228576902066146+0j)}, 'free': np.float64(-17102.82437078163)}]
------------------------------------------
====================================
mu=0.10, T=0.0216
====================================
  Seed: normal state
F_onsite: 0j
F_swave: 0j, F_dwave: 0j
F_px: 0j, F_py: 0j
Free_energy = -16250.573101707128
------------------------------------------
[{'stable': {}, 'free': np.float64(-16250.573101707128)}]
------------------------------------------
  Seed: px
F_onsite: 6.060648492154273e-17j
F_swave: 1.942890293094024e-16j, F_dwave: 0.10227289598236877j
F_px: (2.5778131072927552e-17+0j), F_py: (-1.6204444844078555e-17+0j)
Free_energy = -17102.760884988424
------------------------------------------
[{'stable': {'F_dwave': np.complex128(0.10227289598236877j)}, 'free': np.float64(-17102.760884988424)}]
------------------------------------------
  Seed: py
F_onsite: -6.060648492154273e-17j
F_swave: -1.942890293094024e-16j, F_dwave: -0.10227289598236877j
F_px: (-2.5778131072927552e-17+0j), F_py: (1.6204444844078555e-17+0j)
Free_energy = -17102.760884988424
------------------------------------------
[{'stable': {'F_dwave': np.complex128(0.10227289598236877j)}, 'free': np.float64(-17102.760884988424)}, {'stable': {'F_dwave': np.complex128(-0.10227289598236877j)}, 'free': np.float64(-17102.760884988424)}]
------------------------------------------
  Seed: px+py
F_onsite: -3.229250531743732e-17j
F_swave: -1.3877787807814457e-16j, F_dwave: 0.10227289634200225j
F_px: (9.122699820346433e-15+0j), F_py: (9.016164527270257e-15+0j)
Free_energy = -17102.760896437314
------------------------------------------
[{'stable': {'F_dwave': np.complex128(0.10227289598236877j)}, 'free': np.float64(-17102.760884988424)}, {'stable': {'F_dwave': np.complex128(-0.10227289598236877j)}, 'free': np.float64(-17102.760884988424)}]
------------------------------------------
  Seed: px+i*py
F_onsite: (-7.575815530947547e-18-5.2364801026567425e-17j)
F_swave: (-5.204170427930421e-18+0j), F_dwave: (0.017270254532406496+0.10080418424354348j)
F_px: (1.5785983631388945e-16+9.71445146547012e-16j), F_py: (6.938893903907228e-18+4.163336342344337e-17j)
Free_energy = -17102.76088498842
------------------------------------------
[{'stable': {'F_dwave': np.complex128(0.10227289598236877j)}, 'free': np.float64(-17102.760884988424)}, {'stable': {'F_dwave': np.complex128(-0.10227289598236877j)}, 'free': np.float64(-17102.760884988424)}, {'stable': {'F_dwave': np.complex128(0.017270254532406496+0.10080418424354348j)}, 'free': np.float64(-17102.76088498842)}]
------------------------------------------
  Seed: d-wave
F_onsite: (6.061804818397171e-17+0j)
F_swave: (1.942890293094024e-16+0j), F_dwave: (0.10227289598236877+0j)
F_px: -3.507107666504958e-17j, F_py: 1.561403900195848e-17j
Free_energy = -17102.760884988424
------------------------------------------
[{'stable': {'F_dwave': np.complex128(0.10227289598236877j)}, 'free': np.float64(-17102.760884988424)}, {'stable': {'F_dwave': np.complex128(-0.10227289598236877j)}, 'free': np.float64(-17102.760884988424)}, {'stable': {'F_dwave': np.complex128(0.017270254532406496+0.10080418424354348j)}, 'free': np.float64(-17102.76088498842)}, {'stable': {'F_dwave': np.complex128(0.10227289598236877+0j)}, 'free': np.float64(-17102.760884988424)}]
------------------------------------------
  Seed: d-wave+px
F_onsite: (2.7459099369402063e-17-1.2108182189220008e-19j)
F_swave: (-1.8388068845354155e-16-1.162126057621048e-18j), F_dwave: (0.1022728959823685+1.0454369372745144e-17j)
F_px: (2.1995242432959472e-10-3.919279106775266e-19j), F_py: (-2.0816681711721685e-17+1.452307376473363e-17j)
Free_energy = -17102.760884988424
------------------------------------------
[{'stable': {'F_dwave': np.complex128(0.10227289598236877j)}, 'free': np.float64(-17102.760884988424)}, {'stable': {'F_dwave': np.complex128(-0.10227289598236877j)}, 'free': np.float64(-17102.760884988424)}, {'stable': {'F_dwave': np.complex128(0.017270254532406496+0.10080418424354348j)}, 'free': np.float64(-17102.76088498842)}, {'stable': {'F_dwave': np.complex128(0.10227289598236877+0j)}, 'free': np.float64(-17102.760884988424)}]
------------------------------------------
  Seed: d-wave+py
F_onsite: (1.4826410989328428e-17-8.942847031214855e-20j)
F_swave: (-1.2836953722228372e-16+2.6428743971784592e-18j), F_dwave: (0.1022728959823685-8.022031236450436e-18j)
F_px: (1.3877787807814457e-17-1.927524022885223e-17j), F_py: (1.5304286310469095e-10+1.5355983784831143e-17j)
Free_energy = -17102.760884988424
------------------------------------------
[{'stable': {'F_dwave': np.complex128(0.10227289598236877j)}, 'free': np.float64(-17102.760884988424)}, {'stable': {'F_dwave': np.complex128(-0.10227289598236877j)}, 'free': np.float64(-17102.760884988424)}, {'stable': {'F_dwave': np.complex128(0.017270254532406496+0.10080418424354348j)}, 'free': np.float64(-17102.76088498842)}, {'stable': {'F_dwave': np.complex128(0.10227289598236877+0j)}, 'free': np.float64(-17102.760884988424)}]
------------------------------------------
  Seed: s-wave
F_onsite: (-7.448764762625641e-17+0j)
F_swave: (-1.8735013540549517e-16+0j), F_dwave: (-0.10227289598236877+0j)
F_px: 3.293513678793338e-17j, F_py: -1.6014707809532367e-17j
Free_energy = -17102.760884988424
------------------------------------------
[{'stable': {'F_dwave': np.complex128(0.10227289598236877j)}, 'free': np.float64(-17102.760884988424)}, {'stable': {'F_dwave': np.complex128(-0.10227289598236877j)}, 'free': np.float64(-17102.760884988424)}, {'stable': {'F_dwave': np.complex128(0.017270254532406496+0.10080418424354348j)}, 'free': np.float64(-17102.76088498842)}, {'stable': {'F_dwave': np.complex128(0.10227289598236877+0j)}, 'free': np.float64(-17102.760884988424)}, {'stable': {'F_dwave': np.complex128(-0.10227289598236877+0j)}, 'free': np.float64(-17102.760884988424)}]
------------------------------------------
  Seed: s-wave+px
F_onsite: (-7.490310458211808e-17-4.801213042360487e-19j)
F_swave: (-3.469446951953614e-18-3.6072364081986374e-19j), F_dwave: (0.1022728959823945-4.7579852764114085e-18j)
F_px: (1.0408668371653107e-10-1.1821936207186408e-17j), F_py: (2.0816681711721685e-17+1.616086716348174e-17j)
Free_energy = -17102.760884989235
------------------------------------------
[{'stable': {'F_dwave': np.complex128(0.10227289598236877j)}, 'free': np.float64(-17102.760884988424)}, {'stable': {'F_dwave': np.complex128(-0.10227289598236877j)}, 'free': np.float64(-17102.760884988424)}, {'stable': {'F_dwave': np.complex128(0.017270254532406496+0.10080418424354348j)}, 'free': np.float64(-17102.76088498842)}, {'stable': {'F_dwave': np.complex128(0.10227289598236877+0j)}, 'free': np.float64(-17102.760884988424)}, {'stable': {'F_dwave': np.complex128(-0.10227289598236877+0j)}, 'free': np.float64(-17102.760884988424)}]
------------------------------------------
  Seed: s-wave+py
F_onsite: (-4.119054312314266e-17-1.2296336082752112e-18j)
F_swave: (-2.949029909160572e-16+1.1031653036800225e-18j), F_dwave: (-0.10227289598236844+8.243517582556729e-19j)
F_px: (-1.3877787807814457e-17+1.6851145138348363e-17j), F_py: (1.7089642895262713e-10-1.6596299976927336e-17j)
Free_energy = -17102.760884988424
------------------------------------------
[{'stable': {'F_dwave': np.complex128(0.10227289598236877j)}, 'free': np.float64(-17102.760884988424)}, {'stable': {'F_dwave': np.complex128(-0.10227289598236877j)}, 'free': np.float64(-17102.760884988424)}, {'stable': {'F_dwave': np.complex128(0.017270254532406496+0.10080418424354348j)}, 'free': np.float64(-17102.76088498842)}, {'stable': {'F_dwave': np.complex128(0.10227289598236877+0j)}, 'free': np.float64(-17102.760884988424)}, {'stable': {'F_dwave': np.complex128(-0.10227289598236877+0j)}, 'free': np.float64(-17102.760884988424)}]
------------------------------------------
====================================
mu=0.10, T=0.0319
====================================
  Seed: normal state
F_onsite: 0j
F_swave: 0j, F_dwave: 0j
F_px: 0j, F_py: 0j
Free_energy = -16255.471347523338
------------------------------------------
[{'stable': {}, 'free': np.float64(-16255.471347523338)}]
------------------------------------------
  Seed: px
F_onsite: 8.530333492518008e-17j
F_swave: 1.8735013540549517e-16j, F_dwave: 0.10224281839931433j
F_px: (4.425695300419007e-18+0j), F_py: (-1.4021798655090296e-17+0j)
Free_energy = -17102.613139900026
------------------------------------------
[{'stable': {'F_dwave': np.complex128(0.10224281839931433j)}, 'free': np.float64(-17102.613139900026)}]
------------------------------------------
  Seed: py
F_onsite: -8.530333492518008e-17j
F_swave: -1.8735013540549517e-16j, F_dwave: -0.10224281839931433j
F_px: (-4.425695300419007e-18+0j), F_py: (1.4021798655090296e-17+0j)
Free_energy = -17102.613139900026
------------------------------------------
[{'stable': {'F_dwave': np.complex128(0.10224281839931433j)}, 'free': np.float64(-17102.613139900026)}, {'stable': {'F_dwave': np.complex128(-0.10224281839931433j)}, 'free': np.float64(-17102.613139900026)}]
------------------------------------------
  Seed: px+py
F_onsite: 5.61428084416232e-17j
F_swave: 4.0245584642661925e-16j, F_dwave: 0.1022428192510842j
F_px: (5.848097320908382e-17+0j), F_py: (3.02998735524811e-17+0j)
Free_energy = -17102.613166974672
------------------------------------------
[{'stable': {'F_dwave': np.complex128(0.10224281839931433j)}, 'free': np.float64(-17102.613139900026)}, {'stable': {'F_dwave': np.complex128(-0.10224281839931433j)}, 'free': np.float64(-17102.613139900026)}]
------------------------------------------
  Seed: px+i*py
F_onsite: (4.5337033183286275e-18-1.539804022544076e-16j)
F_swave: (4.2500725161431774e-17-1.1796119636642288e-16j), F_dwave: (0.01726517549841495+0.10077453859603783j)
F_px: (-6.245004513516506e-17-8.118505867571457e-16j), F_py: (-2.6020852139652106e-17-6.938893903907228e-17j)
Free_energy = -17102.613139900037
------------------------------------------
[{'stable': {'F_dwave': np.complex128(0.10224281839931433j)}, 'free': np.float64(-17102.613139900026)}, {'stable': {'F_dwave': np.complex128(-0.10224281839931433j)}, 'free': np.float64(-17102.613139900026)}, {'stable': {'F_dwave': np.complex128(0.01726517549841495+0.10077453859603783j)}, 'free': np.float64(-17102.613139900037)}]
------------------------------------------
  Seed: d-wave
F_onsite: (1.0422673070001248e-16+0j)
F_swave: (1.8735013540549517e-16+0j), F_dwave: (0.10224281839931433+0j)
F_px: -9.561943047033277e-18j, F_py: 1.3030962205587306e-17j
Free_energy = -17102.61313990003
------------------------------------------
[{'stable': {'F_dwave': np.complex128(0.10224281839931433j)}, 'free': np.float64(-17102.613139900026)}, {'stable': {'F_dwave': np.complex128(-0.10224281839931433j)}, 'free': np.float64(-17102.613139900026)}, {'stable': {'F_dwave': np.complex128(0.01726517549841495+0.10077453859603783j)}, 'free': np.float64(-17102.613139900037)}, {'stable': {'F_dwave': np.complex128(0.10224281839931433+0j)}, 'free': np.float64(-17102.61313990003)}]
------------------------------------------
  Seed: d-wave+px
F_onsite: (1.3480657009712292e-16+2.9430747883755383e-19j)
F_swave: (-3.400058012914542e-16-4.118329450201212e-18j), F_dwave: (0.10224281839931529-3.754649831572737e-18j)
F_px: (5.4596605014722854e-12-5.628805454171303e-18j), F_py: (6.938893903907228e-17+1.6151746398376266e-17j)
Free_energy = -17102.61313990003
------------------------------------------
[{'stable': {'F_dwave': np.complex128(0.10224281839931433j)}, 'free': np.float64(-17102.613139900026)}, {'stable': {'F_dwave': np.complex128(-0.10224281839931433j)}, 'free': np.float64(-17102.613139900026)}, {'stable': {'F_dwave': np.complex128(0.01726517549841495+0.10077453859603783j)}, 'free': np.float64(-17102.613139900037)}, {'stable': {'F_dwave': np.complex128(0.10224281839931433+0j)}, 'free': np.float64(-17102.61313990003)}]
------------------------------------------
  Seed: d-wave+py
F_onsite: (1.280528790463572e-16+2.2272841236493083e-20j)
F_swave: (-5.898059818321144e-17+3.2514952885959153e-18j), F_dwave: (0.10224281839931476-2.8313211567365726e-18j)
F_px: (5.551115123125783e-17+6.503649162536806e-19j), F_py: (2.558363243476691e-12+1.589142578289433e-17j)
Free_energy = -17102.613139900033
------------------------------------------
[{'stable': {'F_dwave': np.complex128(0.10224281839931433j)}, 'free': np.float64(-17102.613139900026)}, {'stable': {'F_dwave': np.complex128(-0.10224281839931433j)}, 'free': np.float64(-17102.613139900026)}, {'stable': {'F_dwave': np.complex128(0.01726517549841495+0.10077453859603783j)}, 'free': np.float64(-17102.613139900037)}, {'stable': {'F_dwave': np.complex128(0.10224281839931433+0j)}, 'free': np.float64(-17102.61313990003)}]
------------------------------------------
  Seed: s-wave
F_onsite: (-8.165894330492847e-17+0j)
F_swave: (-1.734723475976807e-16+0j), F_dwave: (-0.10224281839931432+0j)
F_px: 3.5328290061625405e-18j, F_py: -1.6599669287039996e-17j
Free_energy = -17102.61313990003
------------------------------------------
[{'stable': {'F_dwave': np.complex128(0.10224281839931433j)}, 'free': np.float64(-17102.613139900026)}, {'stable': {'F_dwave': np.complex128(-0.10224281839931433j)}, 'free': np.float64(-17102.613139900026)}, {'stable': {'F_dwave': np.complex128(0.01726517549841495+0.10077453859603783j)}, 'free': np.float64(-17102.613139900037)}, {'stable': {'F_dwave': np.complex128(0.10224281839931433+0j)}, 'free': np.float64(-17102.61313990003)}, {'stable': {'F_dwave': np.complex128(-0.10224281839931432+0j)}, 'free': np.float64(-17102.61313990003)}]
------------------------------------------
  Seed: s-wave+px
F_onsite: (1.6066898734493814e-16+2.501040237260686e-19j)
F_swave: (-1.3183898417423734e-16+4.966095211080767e-19j), F_dwave: (0.10224281839931504-7.216325783562933e-18j)
F_px: (1.171368557706387e-12-1.0487200127786833e-17j), F_py: (6.938893903907228e-17+1.5801411927112337e-17j)
Free_energy = -17102.613139900033
------------------------------------------
[{'stable': {'F_dwave': np.complex128(0.10224281839931433j)}, 'free': np.float64(-17102.613139900026)}, {'stable': {'F_dwave': np.complex128(-0.10224281839931433j)}, 'free': np.float64(-17102.613139900026)}, {'stable': {'F_dwave': np.complex128(0.01726517549841495+0.10077453859603783j)}, 'free': np.float64(-17102.613139900037)}, {'stable': {'F_dwave': np.complex128(0.10224281839931433+0j)}, 'free': np.float64(-17102.61313990003)}, {'stable': {'F_dwave': np.complex128(-0.10224281839931432+0j)}, 'free': np.float64(-17102.61313990003)}]
------------------------------------------
  Seed: s-wave+py
F_onsite: (-2.2273182887754267e-16-3.3372040436378707e-19j)
F_swave: (-6.938893903907228e-17-1.845865581731713e-18j), F_dwave: (-0.1022428183993155-9.171896867116778e-18j)
F_px: (-5.551115123125783e-17+2.897056909949486e-17j), F_py: (4.84103035436334e-12-1.664351799360597e-17j)
Free_energy = -17102.61313990004
------------------------------------------
[{'stable': {'F_dwave': np.complex128(0.10224281839931433j)}, 'free': np.float64(-17102.613139900026)}, {'stable': {'F_dwave': np.complex128(-0.10224281839931433j)}, 'free': np.float64(-17102.613139900026)}, {'stable': {'F_dwave': np.complex128(0.01726517549841495+0.10077453859603783j)}, 'free': np.float64(-17102.613139900037)}, {'stable': {'F_dwave': np.complex128(0.10224281839931433+0j)}, 'free': np.float64(-17102.61313990003)}, {'stable': {'F_dwave': np.complex128(-0.10224281839931432+0j)}, 'free': np.float64(-17102.61313990003)}]
------------------------------------------
====================================
mu=0.10, T=0.0422
====================================
  Seed: normal state
F_onsite: 0j
F_swave: 0j, F_dwave: 0j
F_px: 0j, F_py: 0j
Free_energy = -16262.189225316242
------------------------------------------
[{'stable': {}, 'free': np.float64(-16262.189225316242)}]
------------------------------------------
  Seed: px
F_onsite: 6.120490339397878e-17j
F_swave: -2.3592239273284576e-16j, F_dwave: 0.10218512104242915j
F_px: (3.4095989870693307e-18+0j), F_py: (-1.6385155051378058e-17+0j)
Free_energy = -17102.319024313612
------------------------------------------
[{'stable': {'F_dwave': np.complex128(0.10218512104242915j)}, 'free': np.float64(-17102.319024313612)}]
------------------------------------------
  Seed: py
F_onsite: -6.120490339397878e-17j
F_swave: 2.3592239273284576e-16j, F_dwave: -0.10218512104242915j
F_px: (-3.4095989870693307e-18+0j), F_py: (1.6385155051378058e-17+0j)
Free_energy = -17102.319024313612
------------------------------------------
[{'stable': {'F_dwave': np.complex128(0.10218512104242915j)}, 'free': np.float64(-17102.319024313612)}, {'stable': {'F_dwave': np.complex128(-0.10218512104242915j)}, 'free': np.float64(-17102.319024313612)}]
------------------------------------------
  Seed: px+py
F_onsite: -1.878161325718842e-16j
F_swave: 6.036837696399289e-16j, F_dwave: 0.10218512104230208j
F_px: (6.392193288689927e-17+0j), F_py: (-1.8421063585566334e-17+0j)
Free_energy = -17102.319024309618
------------------------------------------
[{'stable': {'F_dwave': np.complex128(0.10218512104242915j)}, 'free': np.float64(-17102.319024313612)}, {'stable': {'F_dwave': np.complex128(-0.10218512104242915j)}, 'free': np.float64(-17102.319024313612)}]
------------------------------------------
  Seed: px+i*py
F_onsite: (-2.1182829264587005e-17+2.5409385645552016e-16j)
F_swave: (-8.673617379884035e-18+3.365363543395006e-16j), F_dwave: (0.017255432466970567+0.10071766981422783j)
F_px: (-2.0122792321330962e-16-1.908195823574488e-15j), F_py: (-2.7755575615628914e-17-2.0816681711721685e-17j)
Free_energy = -17102.31902430962
------------------------------------------
[{'stable': {'F_dwave': np.complex128(0.10218512104242915j)}, 'free': np.float64(-17102.319024313612)}, {'stable': {'F_dwave': np.complex128(-0.10218512104242915j)}, 'free': np.float64(-17102.319024313612)}, {'stable': {'F_dwave': np.complex128(0.017255432466970567+0.10071766981422783j)}, 'free': np.float64(-17102.31902430962)}]
------------------------------------------
  Seed: d-wave
F_onsite: (6.494152306634213e-17+0j)
F_swave: (-2.1510571102112408e-16+0j), F_dwave: (0.10218512104242916+0j)
F_px: -4.1861058949119005e-18j, F_py: 1.848695439983599e-17j
Free_energy = -17102.31902431361
------------------------------------------
[{'stable': {'F_dwave': np.complex128(0.10218512104242915j)}, 'free': np.float64(-17102.319024313612)}, {'stable': {'F_dwave': np.complex128(-0.10218512104242915j)}, 'free': np.float64(-17102.319024313612)}, {'stable': {'F_dwave': np.complex128(0.017255432466970567+0.10071766981422783j)}, 'free': np.float64(-17102.31902430962)}, {'stable': {'F_dwave': np.complex128(0.10218512104242916+0j)}, 'free': np.float64(-17102.31902431361)}]
------------------------------------------
  Seed: d-wave+px
F_onsite: (5.546380911944488e-17+4.775247491165187e-19j)
F_swave: (1.214306433183765e-16-8.270107692753086e-18j), F_dwave: (0.10218512104230319-1.1481419672155405e-17j)
F_px: (3.3063829452117943e-14-1.13067344609556e-17j), F_py: (6.938893903907228e-18+1.5782298500090202e-17j)
Free_energy = -17102.319024309632
------------------------------------------
[{'stable': {'F_dwave': np.complex128(0.10218512104242915j)}, 'free': np.float64(-17102.319024313612)}, {'stable': {'F_dwave': np.complex128(-0.10218512104242915j)}, 'free': np.float64(-17102.319024313612)}, {'stable': {'F_dwave': np.complex128(0.017255432466970567+0.10071766981422783j)}, 'free': np.float64(-17102.31902430962)}, {'stable': {'F_dwave': np.complex128(0.10218512104242916+0j)}, 'free': np.float64(-17102.31902431361)}]
------------------------------------------
  Seed: d-wave+py
F_onsite: (3.583608000482049e-17+2.541898936274437e-19j)
F_swave: (-1.1102230246251565e-16+1.0051491356839233e-18j), F_dwave: (0.10218512104230307+2.153196882733284e-17j)
F_px: (-6.938893903907228e-18-1.5420136293751674e-17j), F_py: (2.842170943040401e-14+1.7633781264017106e-17j)
Free_energy = -17102.319024309632
------------------------------------------
[{'stable': {'F_dwave': np.complex128(0.10218512104242915j)}, 'free': np.float64(-17102.319024313612)}, {'stable': {'F_dwave': np.complex128(-0.10218512104242915j)}, 'free': np.float64(-17102.319024313612)}, {'stable': {'F_dwave': np.complex128(0.017255432466970567+0.10071766981422783j)}, 'free': np.float64(-17102.31902430962)}, {'stable': {'F_dwave': np.complex128(0.10218512104242916+0j)}, 'free': np.float64(-17102.31902431361)}]
------------------------------------------
  Seed: s-wave
F_onsite: (-5.33915538511499e-17+0j)
F_swave: (2.498001805406602e-16+0j), F_dwave: (-0.10218512104242916+0j)
F_px: 6.877477604581544e-18j, F_py: -1.6595828027227963e-17j
Free_energy = -17102.319024313612
------------------------------------------
[{'stable': {'F_dwave': np.complex128(0.10218512104242915j)}, 'free': np.float64(-17102.319024313612)}, {'stable': {'F_dwave': np.complex128(-0.10218512104242915j)}, 'free': np.float64(-17102.319024313612)}, {'stable': {'F_dwave': np.complex128(0.017255432466970567+0.10071766981422783j)}, 'free': np.float64(-17102.31902430962)}, {'stable': {'F_dwave': np.complex128(0.10218512104242916+0j)}, 'free': np.float64(-17102.31902431361)}, {'stable': {'F_dwave': np.complex128(-0.10218512104242916+0j)}, 'free': np.float64(-17102.319024313612)}]
------------------------------------------
  Seed: s-wave+px
F_onsite: (-7.370854398929361e-17+6.18155978952582e-19j)
F_swave: (1.457167719820518e-16-7.823723769885573e-19j), F_dwave: (0.1021851210423042-1.0243181993951807e-17j)
F_px: (2.595840209451694e-14-6.582402973036423e-18j), F_py: (-1.3877787807814457e-17+1.764150630233598e-17j)
Free_energy = -17102.31902430966
------------------------------------------
[{'stable': {'F_dwave': np.complex128(0.10218512104242915j)}, 'free': np.float64(-17102.319024313612)}, {'stable': {'F_dwave': np.complex128(-0.10218512104242915j)}, 'free': np.float64(-17102.319024313612)}, {'stable': {'F_dwave': np.complex128(0.017255432466970567+0.10071766981422783j)}, 'free': np.float64(-17102.31902430962)}, {'stable': {'F_dwave': np.complex128(0.10218512104242916+0j)}, 'free': np.float64(-17102.31902431361)}, {'stable': {'F_dwave': np.complex128(-0.10218512104242916+0j)}, 'free': np.float64(-17102.319024313612)}]
------------------------------------------
  Seed: s-wave+py
F_onsite: (-2.226539916178503e-17-3.531238575377143e-19j)
F_swave: (6.591949208711867e-17+5.282415445233953e-18j), F_dwave: (-0.10218512104230305-8.437654752672605e-18j)
F_px: (-2.0816681711721685e-17+1.6412409391395598e-17j), F_py: (2.5944524306709127e-14-1.578507741338451e-17j)
Free_energy = -17102.319024309632
------------------------------------------
[{'stable': {'F_dwave': np.complex128(0.10218512104242915j)}, 'free': np.float64(-17102.319024313612)}, {'stable': {'F_dwave': np.complex128(-0.10218512104242915j)}, 'free': np.float64(-17102.319024313612)}, {'stable': {'F_dwave': np.complex128(0.017255432466970567+0.10071766981422783j)}, 'free': np.float64(-17102.31902430962)}, {'stable': {'F_dwave': np.complex128(0.10218512104242916+0j)}, 'free': np.float64(-17102.31902431361)}, {'stable': {'F_dwave': np.complex128(-0.10218512104242916+0j)}, 'free': np.float64(-17102.319024313612)}]
------------------------------------------
====================================
mu=0.10, T=0.0526
====================================
  Seed: normal state
F_onsite: 0j
F_swave: 0j, F_dwave: 0j
F_px: 0j, F_py: 0j
Free_energy = -16270.717997789941
------------------------------------------
[{'stable': {}, 'free': np.float64(-16270.717997789941)}]
------------------------------------------
  Seed: px
F_onsite: 7.015907629005162e-17j
F_swave: 2.8449465006019636e-16j, F_dwave: 0.10208548741492934j
F_px: (2.688722409849103e-17+0j), F_py: (-1.626205946683846e-17+0j)
Free_energy = -17101.779535182857
------------------------------------------
[{'stable': {'F_dwave': np.complex128(0.10208548741492934j)}, 'free': np.float64(-17101.779535182857)}]
------------------------------------------
  Seed: py
F_onsite: -7.015907629005162e-17j
F_swave: -2.8449465006019636e-16j, F_dwave: -0.10208548741492934j
F_px: (-2.688722409849103e-17+0j), F_py: (1.626205946683846e-17+0j)
Free_energy = -17101.779535182857
------------------------------------------
[{'stable': {'F_dwave': np.complex128(0.10208548741492934j)}, 'free': np.float64(-17101.779535182857)}, {'stable': {'F_dwave': np.complex128(-0.10208548741492934j)}, 'free': np.float64(-17101.779535182857)}]
------------------------------------------
  Seed: px+py
F_onsite: 7.015907629005162e-17j
F_swave: 2.8449465006019636e-16j, F_dwave: 0.10208548741492934j
F_px: (2.688722409849103e-17+0j), F_py: (-1.626205946683846e-17+0j)
Free_energy = -17101.779535182857
------------------------------------------
[{'stable': {'F_dwave': np.complex128(0.10208548741492934j)}, 'free': np.float64(-17101.779535182857)}, {'stable': {'F_dwave': np.complex128(-0.10208548741492934j)}, 'free': np.float64(-17101.779535182857)}]
------------------------------------------
  Seed: px+i*py
F_onsite: (4.347910032788908e-17+5.576380858627847e-17j)
F_swave: (-3.9898639947466563e-17+7.28583859910259e-17j), F_dwave: (0.017238607891028067+0.10061946699677699j)
F_px: (9.71445146547012e-17+1.249000902703301e-16j), F_py: (-2.42861286636753e-17-3.469446951953614e-17j)
Free_energy = -17101.7795351817
------------------------------------------
[{'stable': {'F_dwave': np.complex128(0.10208548741492934j)}, 'free': np.float64(-17101.779535182857)}, {'stable': {'F_dwave': np.complex128(-0.10208548741492934j)}, 'free': np.float64(-17101.779535182857)}, {'stable': {'F_dwave': np.complex128(0.017238607891028067+0.10061946699677699j)}, 'free': np.float64(-17101.7795351817)}]
------------------------------------------
  Seed: d-wave
F_onsite: (3.402881279606859e-16+0j)
F_swave: (9.71445146547012e-17+0j), F_dwave: (0.10208548741489264+0j)
F_px: -1.9747656235524997e-17j, F_py: 1.8687022920232966e-17j
Free_energy = -17101.779535181708
------------------------------------------
[{'stable': {'F_dwave': np.complex128(0.10208548741492934j)}, 'free': np.float64(-17101.779535182857)}, {'stable': {'F_dwave': np.complex128(-0.10208548741492934j)}, 'free': np.float64(-17101.779535182857)}, {'stable': {'F_dwave': np.complex128(0.017238607891028067+0.10061946699677699j)}, 'free': np.float64(-17101.7795351817)}, {'stable': {'F_dwave': np.complex128(0.10208548741489264+0j)}, 'free': np.float64(-17101.779535181708)}]
------------------------------------------
  Seed: d-wave+px
F_onsite: (-1.3058790989369784e-16-1.7367055807061805e-20j)
F_swave: (1.4224732503009818e-16+6.892018922762344e-18j), F_dwave: (0.10208548859920363-1.1275299446698203e-17j)
F_px: (3.594347042223944e-15-1.408345385941658e-17j), F_py: (-3.469446951953614e-17+1.8680388724925138e-17j)
Free_energy = -17101.77957250466
------------------------------------------
[{'stable': {'F_dwave': np.complex128(0.10208548741492934j)}, 'free': np.float64(-17101.779535182857)}, {'stable': {'F_dwave': np.complex128(-0.10208548741492934j)}, 'free': np.float64(-17101.779535182857)}, {'stable': {'F_dwave': np.complex128(0.017238607891028067+0.10061946699677699j)}, 'free': np.float64(-17101.7795351817)}, {'stable': {'F_dwave': np.complex128(0.10208548741489264+0j)}, 'free': np.float64(-17101.779535181708)}]
------------------------------------------
  Seed: d-wave+py
F_onsite: (-1.116519815745786e-16-3.701326901499532e-20j)
F_swave: (1.0408340855860843e-16-1.0639488377708243e-18j), F_dwave: (0.10208548859920363+1.640163083481889e-17j)
F_px: (-2.0816681711721685e-17-1.7698033649884614e-17j), F_py: (3.2751579226442118e-15+1.6393871602943906e-17j)
Free_energy = -17101.77957250466
------------------------------------------
[{'stable': {'F_dwave': np.complex128(0.10208548741492934j)}, 'free': np.float64(-17101.779535182857)}, {'stable': {'F_dwave': np.complex128(-0.10208548741492934j)}, 'free': np.float64(-17101.779535182857)}, {'stable': {'F_dwave': np.complex128(0.017238607891028067+0.10061946699677699j)}, 'free': np.float64(-17101.7795351817)}, {'stable': {'F_dwave': np.complex128(0.10208548741489264+0j)}, 'free': np.float64(-17101.779535181708)}]
------------------------------------------
  Seed: s-wave
F_onsite: (-6.320048887012073e-17+0j)
F_swave: (-2.914335439641036e-16+0j), F_dwave: (-0.10208548741492934+0j)
F_px: 3.463922992709298e-17j, F_py: -1.789198908537215e-17j
Free_energy = -17101.779535182857
------------------------------------------
[{'stable': {'F_dwave': np.complex128(0.10208548741492934j)}, 'free': np.float64(-17101.779535182857)}, {'stable': {'F_dwave': np.complex128(-0.10208548741492934j)}, 'free': np.float64(-17101.779535182857)}, {'stable': {'F_dwave': np.complex128(0.017238607891028067+0.10061946699677699j)}, 'free': np.float64(-17101.7795351817)}, {'stable': {'F_dwave': np.complex128(0.10208548741489264+0j)}, 'free': np.float64(-17101.779535181708)}, {'stable': {'F_dwave': np.complex128(-0.10208548741492934+0j)}, 'free': np.float64(-17101.779535182857)}]
------------------------------------------
  Seed: s-wave+px
F_onsite: (-1.2399645500812003e-16+3.6631390874132913e-19j)
F_swave: (1.0755285551056204e-16+9.616612273783649e-18j), F_dwave: (0.1020854885992036-5.845584576275092e-18j)
F_px: (2.831068712794149e-15+6.759641590420303e-18j), F_py: (-6.938893903907228e-18+1.7155361531289964e-17j)
Free_energy = -17101.77957250466
------------------------------------------
[{'stable': {'F_dwave': np.complex128(0.10208548741492934j)}, 'free': np.float64(-17101.779535182857)}, {'stable': {'F_dwave': np.complex128(-0.10208548741492934j)}, 'free': np.float64(-17101.779535182857)}, {'stable': {'F_dwave': np.complex128(0.017238607891028067+0.10061946699677699j)}, 'free': np.float64(-17101.7795351817)}, {'stable': {'F_dwave': np.complex128(0.10208548741489264+0j)}, 'free': np.float64(-17101.779535181708)}, {'stable': {'F_dwave': np.complex128(-0.10208548741492934+0j)}, 'free': np.float64(-17101.779535182857)}]
------------------------------------------
  Seed: s-wave+py
F_onsite: (1.130426154424935e-16-9.863943664952411e-19j)
F_swave: (-1.1102230246251565e-16+3.8760263848202e-18j), F_dwave: (-0.10208548859920356+1.4997304957288052e-17j)
F_px: 2.0313744261844986e-17j, F_py: (2.9698465908722937e-15-1.6744524035610333e-17j)
Free_energy = -17101.779572504664
------------------------------------------
[{'stable': {'F_dwave': np.complex128(0.10208548741492934j)}, 'free': np.float64(-17101.779535182857)}, {'stable': {'F_dwave': np.complex128(-0.10208548741492934j)}, 'free': np.float64(-17101.779535182857)}, {'stable': {'F_dwave': np.complex128(0.017238607891028067+0.10061946699677699j)}, 'free': np.float64(-17101.7795351817)}, {'stable': {'F_dwave': np.complex128(0.10208548741489264+0j)}, 'free': np.float64(-17101.779535181708)}, {'stable': {'F_dwave': np.complex128(-0.10208548741492934+0j)}, 'free': np.float64(-17101.779535182857)}]
------------------------------------------
====================================
mu=0.10, T=0.0629
====================================
  Seed: normal state
F_onsite: 0j
F_swave: 0j, F_dwave: 0j
F_px: 0j, F_py: 0j
Free_energy = -16280.994717231602
------------------------------------------
[{'stable': {}, 'free': np.float64(-16280.994717231602)}]
------------------------------------------
  Seed: px
F_onsite: -4.149432197253484e-16j
F_swave: 6.245004513516506e-17j, F_dwave: 0.10192326787974784j
F_px: (-2.826453984653279e-17+0j), F_py: (-1.662982308245236e-17+0j)
Free_energy = -17100.829401362615
------------------------------------------
[{'stable': {'F_dwave': np.complex128(0.10192326787974784j)}, 'free': np.float64(-17100.829401362615)}]
------------------------------------------
  Seed: py
F_onsite: 4.149432197253484e-16j
F_swave: -6.245004513516506e-17j, F_dwave: -0.10192326787974784j
F_px: (2.826453984653279e-17+0j), F_py: (1.662982308245236e-17+0j)
Free_energy = -17100.829401362615
------------------------------------------
[{'stable': {'F_dwave': np.complex128(0.10192326787974784j)}, 'free': np.float64(-17100.829401362615)}, {'stable': {'F_dwave': np.complex128(-0.10192326787974784j)}, 'free': np.float64(-17100.829401362615)}]
------------------------------------------
  Seed: px+py
F_onsite: -4.149432197253484e-16j
F_swave: 6.245004513516506e-17j, F_dwave: 0.10192326787974784j
F_px: (-2.826453984653279e-17+0j), F_py: (-1.662982308245236e-17+0j)
Free_energy = -17100.829401362615
------------------------------------------
[{'stable': {'F_dwave': np.complex128(0.10192326787974784j)}, 'free': np.float64(-17100.829401362615)}, {'stable': {'F_dwave': np.complex128(-0.10192326787974784j)}, 'free': np.float64(-17100.829401362615)}]
------------------------------------------
  Seed: px+i*py
F_onsite: (-2.672879877628716e-17-2.453294250620276e-16j)
F_swave: (-3.122502256758253e-17-2.983724378680108e-16j), F_dwave: (0.01721121478129833+0.10045957704986912j)
F_px: (1.717376241217039e-16-5.065392549852277e-16j), F_py: (-9.71445146547012e-17-1.8041124150158794e-16j)
Free_energy = -17100.829401362593
------------------------------------------
[{'stable': {'F_dwave': np.complex128(0.10192326787974784j)}, 'free': np.float64(-17100.829401362615)}, {'stable': {'F_dwave': np.complex128(-0.10192326787974784j)}, 'free': np.float64(-17100.829401362615)}, {'stable': {'F_dwave': np.complex128(0.01721121478129833+0.10045957704986912j)}, 'free': np.float64(-17100.829401362593)}]
------------------------------------------
  Seed: d-wave
F_onsite: (-4.2190434824412107e-16+0j)
F_swave: (6.245004513516506e-17+0j), F_dwave: (0.10192326787974784+0j)
F_px: 2.9239527708381695e-17j, F_py: 1.6828955234395927e-17j
Free_energy = -17100.829401362615
------------------------------------------
[{'stable': {'F_dwave': np.complex128(0.10192326787974784j)}, 'free': np.float64(-17100.829401362615)}, {'stable': {'F_dwave': np.complex128(-0.10192326787974784j)}, 'free': np.float64(-17100.829401362615)}, {'stable': {'F_dwave': np.complex128(0.01721121478129833+0.10045957704986912j)}, 'free': np.float64(-17100.829401362593)}, {'stable': {'F_dwave': np.complex128(0.10192326787974784+0j)}, 'free': np.float64(-17100.829401362615)}]
------------------------------------------
  Seed: d-wave+px
F_onsite: (-4.1471620166059446e-16+2.1813364273123617e-19j)
F_swave: (5.204170427930421e-17-8.283434372087606e-18j), F_dwave: (0.10192326787974787-3.271765690314103e-17j)
F_px: (-1.3877787807814457e-17+2.4566270542114093e-18j), F_py: (-6.938893903907228e-18+1.8684172869432415e-17j)
Free_energy = -17100.829401362615
------------------------------------------
[{'stable': {'F_dwave': np.complex128(0.10192326787974784j)}, 'free': np.float64(-17100.829401362615)}, {'stable': {'F_dwave': np.complex128(-0.10192326787974784j)}, 'free': np.float64(-17100.829401362615)}, {'stable': {'F_dwave': np.complex128(0.01721121478129833+0.10045957704986912j)}, 'free': np.float64(-17100.829401362593)}, {'stable': {'F_dwave': np.complex128(0.10192326787974784+0j)}, 'free': np.float64(-17100.829401362615)}]
------------------------------------------
  Seed: d-wave+py
F_onsite: (-4.290585870399779e-16+1.3414640415194632e-19j)
F_swave: (4.5102810375396984e-17+7.509865919973554e-18j), F_dwave: (0.10192326787974787+2.9621033798347596e-17j)
F_px: (6.938893903907228e-18-2.510680825699912e-18j), F_py: (6.938893903907228e-18+1.8427051013850666e-17j)
Free_energy = -17100.829401362615
------------------------------------------
[{'stable': {'F_dwave': np.complex128(0.10192326787974784j)}, 'free': np.float64(-17100.829401362615)}, {'stable': {'F_dwave': np.complex128(-0.10192326787974784j)}, 'free': np.float64(-17100.829401362615)}, {'stable': {'F_dwave': np.complex128(0.01721121478129833+0.10045957704986912j)}, 'free': np.float64(-17100.829401362593)}, {'stable': {'F_dwave': np.complex128(0.10192326787974784+0j)}, 'free': np.float64(-17100.829401362615)}]
------------------------------------------
  Seed: s-wave
F_onsite: (4.1496545434021384e-16+0j)
F_swave: (-6.245004513516506e-17+0j), F_dwave: (-0.10192326787974784+0j)
F_px: -3.01068894463701e-17j, F_py: -1.7154215886141578e-17j
Free_energy = -17100.829401362615
------------------------------------------
[{'stable': {'F_dwave': np.complex128(0.10192326787974784j)}, 'free': np.float64(-17100.829401362615)}, {'stable': {'F_dwave': np.complex128(-0.10192326787974784j)}, 'free': np.float64(-17100.829401362615)}, {'stable': {'F_dwave': np.complex128(0.01721121478129833+0.10045957704986912j)}, 'free': np.float64(-17100.829401362593)}, {'stable': {'F_dwave': np.complex128(0.10192326787974784+0j)}, 'free': np.float64(-17100.829401362615)}, {'stable': {'F_dwave': np.complex128(-0.10192326787974784+0j)}, 'free': np.float64(-17100.829401362615)}]
------------------------------------------
  Seed: s-wave+px
F_onsite: (-4.1605100647145903e-16+3.0096708102696393e-19j)
F_swave: (3.469446951953614e-17-6.096056106527067e-18j), F_dwave: (0.10192326787974786-2.2245653487302327e-17j)
F_px: (6.938893903907228e-18+8.027490886987227e-18j), F_py: 1.7285518607470336e-17j
Free_energy = -17100.829401362615
------------------------------------------
[{'stable': {'F_dwave': np.complex128(0.10192326787974784j)}, 'free': np.float64(-17100.829401362615)}, {'stable': {'F_dwave': np.complex128(-0.10192326787974784j)}, 'free': np.float64(-17100.829401362615)}, {'stable': {'F_dwave': np.complex128(0.01721121478129833+0.10045957704986912j)}, 'free': np.float64(-17100.829401362593)}, {'stable': {'F_dwave': np.complex128(0.10192326787974784+0j)}, 'free': np.float64(-17100.829401362615)}, {'stable': {'F_dwave': np.complex128(-0.10192326787974784+0j)}, 'free': np.float64(-17100.829401362615)}]
------------------------------------------
  Seed: s-wave+py
F_onsite: (4.2252313228186994e-16-2.9059399631904623e-19j)
F_swave: (-4.5102810375396984e-17+6.729535369749458e-18j), F_dwave: (-0.10192326787974786+2.580045508701497e-17j)
F_px: (6.938893903907228e-18-1.4390552003054827e-17j), F_py: (6.938893903907228e-18-1.8194007765514876e-17j)
Free_energy = -17100.829401362615
------------------------------------------
[{'stable': {'F_dwave': np.complex128(0.10192326787974784j)}, 'free': np.float64(-17100.829401362615)}, {'stable': {'F_dwave': np.complex128(-0.10192326787974784j)}, 'free': np.float64(-17100.829401362615)}, {'stable': {'F_dwave': np.complex128(0.01721121478129833+0.10045957704986912j)}, 'free': np.float64(-17100.829401362593)}, {'stable': {'F_dwave': np.complex128(0.10192326787974784+0j)}, 'free': np.float64(-17100.829401362615)}, {'stable': {'F_dwave': np.complex128(-0.10192326787974784+0j)}, 'free': np.float64(-17100.829401362615)}]
------------------------------------------
====================================
mu=0.10, T=0.0732
====================================
  Seed: normal state
F_onsite: 0j
F_swave: 0j, F_dwave: 0j
F_px: 0j, F_py: 0j
Free_energy = -16292.948321079097
------------------------------------------
[{'stable': {}, 'free': np.float64(-16292.948321079097)}]
------------------------------------------
  Seed: px
F_onsite: -7.921707563563537e-17j
F_swave: -1.5265566588595902e-16j, F_dwave: 0.10167012677929432j
F_px: (-1.874509404676328e-18+0j), F_py: (-1.3553313034249456e-17+0j)
Free_energy = -17099.228561591546
------------------------------------------
[{'stable': {'F_dwave': np.complex128(0.10167012677929432j)}, 'free': np.float64(-17099.228561591546)}]
------------------------------------------
  Seed: py
F_onsite: 7.921707563563537e-17j
F_swave: 1.5265566588595902e-16j, F_dwave: -0.10167012677929432j
F_px: (1.874509404676328e-18+0j), F_py: (1.3553313034249456e-17+0j)
Free_energy = -17099.228561591546
------------------------------------------
[{'stable': {'F_dwave': np.complex128(0.10167012677929432j)}, 'free': np.float64(-17099.228561591546)}, {'stable': {'F_dwave': np.complex128(-0.10167012677929432j)}, 'free': np.float64(-17099.228561591546)}]
------------------------------------------
  Seed: px+py
F_onsite: -7.921707563563537e-17j
F_swave: -1.5265566588595902e-16j, F_dwave: 0.10167012677929432j
F_px: (-1.874509404676328e-18+0j), F_py: (-1.3553313034249456e-17+0j)
Free_energy = -17099.228561591546
------------------------------------------
[{'stable': {'F_dwave': np.complex128(0.10167012677929432j)}, 'free': np.float64(-17099.228561591546)}, {'stable': {'F_dwave': np.complex128(-0.10167012677929432j)}, 'free': np.float64(-17099.228561591546)}]
------------------------------------------
  Seed: px+i*py
F_onsite: (4.5223679691631754e-18-1.1454281754829577e-20j)
F_swave: (4.9439619065339e-17+2.740863092043355e-16j), F_dwave: (0.017168468253047284+0.10021007123618786j)
F_px: (-1.3704315460216776e-16-1.1796119636642288e-16j), F_py: (-5.204170427930421e-18+2.0816681711721685e-17j)
Free_energy = -17099.22856159155
------------------------------------------
[{'stable': {'F_dwave': np.complex128(0.10167012677929432j)}, 'free': np.float64(-17099.228561591546)}, {'stable': {'F_dwave': np.complex128(-0.10167012677929432j)}, 'free': np.float64(-17099.228561591546)}, {'stable': {'F_dwave': np.complex128(0.017168468253047284+0.10021007123618786j)}, 'free': np.float64(-17099.22856159155)}]
------------------------------------------
  Seed: d-wave
F_onsite: (-1.8163490728054027e-17+0j)
F_swave: (-1.1102230246251565e-16+0j), F_dwave: (0.10167012677929833+0j)
F_px: -5.928093735470103e-17j, F_py: 1.653098531497584e-17j
Free_energy = -17099.22856159168
------------------------------------------
[{'stable': {'F_dwave': np.complex128(0.10167012677929432j)}, 'free': np.float64(-17099.228561591546)}, {'stable': {'F_dwave': np.complex128(-0.10167012677929432j)}, 'free': np.float64(-17099.228561591546)}, {'stable': {'F_dwave': np.complex128(0.017168468253047284+0.10021007123618786j)}, 'free': np.float64(-17099.22856159155)}, {'stable': {'F_dwave': np.complex128(0.10167012677929833+0j)}, 'free': np.float64(-17099.22856159168)}]
------------------------------------------
  Seed: d-wave+px
F_onsite: (-2.4422510206545086e-17-1.0721274809496653e-19j)
F_swave: (-7.28583859910259e-17+1.030516480813735e-18j), F_dwave: (0.10167012677929832-2.0251832124657962e-17j)
F_px: (-4.163336342344337e-17-5.63652092546062e-17j), F_py: (-3.469446951953614e-17+1.827798723925751e-17j)
Free_energy = -17099.22856159168
------------------------------------------
[{'stable': {'F_dwave': np.complex128(0.10167012677929432j)}, 'free': np.float64(-17099.228561591546)}, {'stable': {'F_dwave': np.complex128(-0.10167012677929432j)}, 'free': np.float64(-17099.228561591546)}, {'stable': {'F_dwave': np.complex128(0.017168468253047284+0.10021007123618786j)}, 'free': np.float64(-17099.22856159155)}, {'stable': {'F_dwave': np.complex128(0.10167012677929833+0j)}, 'free': np.float64(-17099.22856159168)}]
------------------------------------------
  Seed: d-wave+py
F_onsite: (-1.277643542760904e-16+1.2128618549404845e-19j)
F_swave: (-1.8041124150158794e-16+1.6684036614025838e-19j), F_dwave: (0.10167012677929436+1.9196447683942883e-17j)
F_px: (6.938893903907228e-18-1.6654764051416676e-17j), F_py: 1.7374962241561386e-17j
Free_energy = -17099.228561591546
------------------------------------------
[{'stable': {'F_dwave': np.complex128(0.10167012677929432j)}, 'free': np.float64(-17099.228561591546)}, {'stable': {'F_dwave': np.complex128(-0.10167012677929432j)}, 'free': np.float64(-17099.228561591546)}, {'stable': {'F_dwave': np.complex128(0.017168468253047284+0.10021007123618786j)}, 'free': np.float64(-17099.22856159155)}, {'stable': {'F_dwave': np.complex128(0.10167012677929833+0j)}, 'free': np.float64(-17099.22856159168)}]
------------------------------------------
  Seed: s-wave
F_onsite: (8.092502234335712e-17+0j)
F_swave: (1.6653345369377348e-16+0j), F_dwave: (-0.10167012677929431+0j)
F_px: 1.3681882940873258e-17j, F_py: -1.4800435569766425e-17j
Free_energy = -17099.228561591546
------------------------------------------
[{'stable': {'F_dwave': np.complex128(0.10167012677929432j)}, 'free': np.float64(-17099.228561591546)}, {'stable': {'F_dwave': np.complex128(-0.10167012677929432j)}, 'free': np.float64(-17099.228561591546)}, {'stable': {'F_dwave': np.complex128(0.017168468253047284+0.10021007123618786j)}, 'free': np.float64(-17099.22856159155)}, {'stable': {'F_dwave': np.complex128(0.10167012677929833+0j)}, 'free': np.float64(-17099.22856159168)}, {'stable': {'F_dwave': np.complex128(-0.10167012677929431+0j)}, 'free': np.float64(-17099.228561591546)}]
------------------------------------------
  Seed: s-wave+px
F_onsite: (-6.880695432582905e-17+1.9899251632425632e-19j)
F_swave: (-1.5612511283791264e-16-1.0336694837669366e-18j), F_dwave: (0.10167012677929432-1.758423518845553e-17j)
F_px: (-6.938893903907228e-18-1.3536332922807213e-17j), F_py: (-6.938893903907228e-18+1.2802842821780945e-17j)
Free_energy = -17099.228561591546
------------------------------------------
[{'stable': {'F_dwave': np.complex128(0.10167012677929432j)}, 'free': np.float64(-17099.228561591546)}, {'stable': {'F_dwave': np.complex128(-0.10167012677929432j)}, 'free': np.float64(-17099.228561591546)}, {'stable': {'F_dwave': np.complex128(0.017168468253047284+0.10021007123618786j)}, 'free': np.float64(-17099.22856159155)}, {'stable': {'F_dwave': np.complex128(0.10167012677929833+0j)}, 'free': np.float64(-17099.22856159168)}, {'stable': {'F_dwave': np.complex128(-0.10167012677929431+0j)}, 'free': np.float64(-17099.228561591546)}]
------------------------------------------
  Seed: s-wave+py
F_onsite: (2.857055038579212e-17+3.1891448491711806e-19j)
F_swave: (1.0408340855860843e-16+1.524045256166139e-20j), F_dwave: (-0.1016701267792983+1.3511655645014677e-17j)
F_px: (6.938893903907228e-18+5.2598402962999874e-17j), F_py: (2.7755575615628914e-17-1.687527948905755e-17j)
Free_energy = -17099.22856159168
------------------------------------------
[{'stable': {'F_dwave': np.complex128(0.10167012677929432j)}, 'free': np.float64(-17099.228561591546)}, {'stable': {'F_dwave': np.complex128(-0.10167012677929432j)}, 'free': np.float64(-17099.228561591546)}, {'stable': {'F_dwave': np.complex128(0.017168468253047284+0.10021007123618786j)}, 'free': np.float64(-17099.22856159155)}, {'stable': {'F_dwave': np.complex128(0.10167012677929833+0j)}, 'free': np.float64(-17099.22856159168)}, {'stable': {'F_dwave': np.complex128(-0.10167012677929431+0j)}, 'free': np.float64(-17099.228561591546)}]
------------------------------------------
====================================
mu=0.10, T=0.0835
====================================
  Seed: normal state
F_onsite: 0j
F_swave: 0j, F_dwave: 0j
F_px: 0j, F_py: 0j
Free_energy = -16306.513347754064
------------------------------------------
[{'stable': {}, 'free': np.float64(-16306.513347754064)}]
------------------------------------------
  Seed: px
F_onsite: 1.822957409167185e-16j
F_swave: -1.249000902703301e-16j, F_dwave: 0.10129203999453504j
F_px: (2.283023081498756e-17+0j), F_py: (-1.5882266875663688e-17+0j)
Free_energy = -17096.69275201681
------------------------------------------
[{'stable': {'F_dwave': np.complex128(0.10129203999453504j)}, 'free': np.float64(-17096.69275201681)}]
------------------------------------------
  Seed: py
F_onsite: -1.822957409167185e-16j
F_swave: 1.249000902703301e-16j, F_dwave: -0.10129203999453504j
F_px: (-2.283023081498756e-17+0j), F_py: (1.5882266875663688e-17+0j)
Free_energy = -17096.69275201681
------------------------------------------
[{'stable': {'F_dwave': np.complex128(0.10129203999453504j)}, 'free': np.float64(-17096.69275201681)}, {'stable': {'F_dwave': np.complex128(-0.10129203999453504j)}, 'free': np.float64(-17096.69275201681)}]
------------------------------------------
  Seed: px+py
F_onsite: 1.822957409167185e-16j
F_swave: -1.249000902703301e-16j, F_dwave: 0.10129203999453504j
F_px: (2.283023081498756e-17+0j), F_py: (-1.5882266875663688e-17+0j)
Free_energy = -17096.69275201681
------------------------------------------
[{'stable': {'F_dwave': np.complex128(0.10129203999453504j)}, 'free': np.float64(-17096.69275201681)}, {'stable': {'F_dwave': np.complex128(-0.10129203999453504j)}, 'free': np.float64(-17096.69275201681)}]
------------------------------------------
  Seed: px+i*py
F_onsite: (1.7118134631471546e-18+3.3325612346334134e-17j)
F_swave: (2.688821387764051e-17-1.3530843112619095e-16j), F_dwave: (0.017104622761814698+0.0998374135750516j)
F_px: (1.5265566588595902e-16+2.220446049250313e-16j), F_py: (-3.642919299551295e-17-3.469446951953614e-17j)
Free_energy = -17096.692737619494
------------------------------------------
[{'stable': {'F_dwave': np.complex128(0.10129203999453504j)}, 'free': np.float64(-17096.69275201681)}, {'stable': {'F_dwave': np.complex128(-0.10129203999453504j)}, 'free': np.float64(-17096.69275201681)}, {'stable': {'F_dwave': np.complex128(0.017104622761814698+0.0998374135750516j)}, 'free': np.float64(-17096.692737619494)}]
------------------------------------------
  Seed: d-wave
F_onsite: (1.8877296546842518e-16+0j)
F_swave: (-1.3183898417423734e-16+0j), F_dwave: (0.10129203999453504+0j)
F_px: -2.2845088633150238e-17j, F_py: 1.6520681563709665e-17j
Free_energy = -17096.69275201681
------------------------------------------
[{'stable': {'F_dwave': np.complex128(0.10129203999453504j)}, 'free': np.float64(-17096.69275201681)}, {'stable': {'F_dwave': np.complex128(-0.10129203999453504j)}, 'free': np.float64(-17096.69275201681)}, {'stable': {'F_dwave': np.complex128(0.017104622761814698+0.0998374135750516j)}, 'free': np.float64(-17096.692737619494)}, {'stable': {'F_dwave': np.complex128(0.10129203999453504+0j)}, 'free': np.float64(-17096.69275201681)}]
------------------------------------------
  Seed: d-wave+px
F_onsite: (1.5779174710111855e-16+1.8893644324512124e-19j)
F_swave: (2.7755575615628914e-16+1.0316957896512204e-18j), F_dwave: (0.10129203951535308-7.048597440177367e-18j)
F_px: (-1.3877787807814457e-17-9.744625768953153e-18j), F_py: (1.3877787807814457e-17+1.6861832917861354e-17j)
Free_energy = -17096.69273761949
------------------------------------------
[{'stable': {'F_dwave': np.complex128(0.10129203999453504j)}, 'free': np.float64(-17096.69275201681)}, {'stable': {'F_dwave': np.complex128(-0.10129203999453504j)}, 'free': np.float64(-17096.69275201681)}, {'stable': {'F_dwave': np.complex128(0.017104622761814698+0.0998374135750516j)}, 'free': np.float64(-17096.692737619494)}, {'stable': {'F_dwave': np.complex128(0.10129203999453504+0j)}, 'free': np.float64(-17096.69275201681)}]
------------------------------------------
  Seed: d-wave+py
F_onsite: (1.653040760541393e-16-4.362055837800147e-19j)
F_swave: (2.8102520310824275e-16-2.8905972774346772e-18j), F_dwave: (0.10129203951535305+2.07852442989513e-17j)
F_px: (2.0816681711721685e-17+1.5738977386818872e-18j), F_py: (-6.938893903907228e-18+1.689097029976157e-17j)
Free_energy = -17096.69273761949
------------------------------------------
[{'stable': {'F_dwave': np.complex128(0.10129203999453504j)}, 'free': np.float64(-17096.69275201681)}, {'stable': {'F_dwave': np.complex128(-0.10129203999453504j)}, 'free': np.float64(-17096.69275201681)}, {'stable': {'F_dwave': np.complex128(0.017104622761814698+0.0998374135750516j)}, 'free': np.float64(-17096.692737619494)}, {'stable': {'F_dwave': np.complex128(0.10129203999453504+0j)}, 'free': np.float64(-17096.69275201681)}]
------------------------------------------
  Seed: s-wave
F_onsite: (-1.4657809111572474e-16+0j)
F_swave: (-2.914335439641036e-16+0j), F_dwave: (-0.10129203951535305+0j)
F_px: 5.558358713880207e-19j, F_py: -1.6368398161864826e-17j
Free_energy = -17096.69273761949
------------------------------------------
[{'stable': {'F_dwave': np.complex128(0.10129203999453504j)}, 'free': np.float64(-17096.69275201681)}, {'stable': {'F_dwave': np.complex128(-0.10129203999453504j)}, 'free': np.float64(-17096.69275201681)}, {'stable': {'F_dwave': np.complex128(0.017104622761814698+0.0998374135750516j)}, 'free': np.float64(-17096.692737619494)}, {'stable': {'F_dwave': np.complex128(0.10129203999453504+0j)}, 'free': np.float64(-17096.69275201681)}, {'stable': {'F_dwave': np.complex128(-0.10129203951535305+0j)}, 'free': np.float64(-17096.69273761949)}]
------------------------------------------
  Seed: s-wave+px
F_onsite: (1.7838227002939132e-16+2.798148871256181e-19j)
F_swave: (-1.1102230246251565e-16+1.960191559359201e-18j), F_dwave: (0.10129203999453504-1.163138596624762e-17j)
F_px: (6.938893903907228e-18-2.30348222555764e-17j), F_py: 1.6455498490669567e-17j
Free_energy = -17096.69275201681
------------------------------------------
[{'stable': {'F_dwave': np.complex128(0.10129203999453504j)}, 'free': np.float64(-17096.69275201681)}, {'stable': {'F_dwave': np.complex128(-0.10129203999453504j)}, 'free': np.float64(-17096.69275201681)}, {'stable': {'F_dwave': np.complex128(0.017104622761814698+0.0998374135750516j)}, 'free': np.float64(-17096.692737619494)}, {'stable': {'F_dwave': np.complex128(0.10129203999453504+0j)}, 'free': np.float64(-17096.69275201681)}, {'stable': {'F_dwave': np.complex128(-0.10129203951535305+0j)}, 'free': np.float64(-17096.69273761949)}]
------------------------------------------
  Seed: s-wave+py
F_onsite: (-1.78828080674888e-16-4.683762474582859e-19j)
F_swave: (1.3183898417423734e-16-2.061043022304103e-18j), F_dwave: (-0.10129203999453504+1.3960115956808517e-17j)
F_px: (6.938893903907228e-18+2.5193165706154503e-17j), F_py: (1.3877787807814457e-17-1.7934479434736058e-17j)
Free_energy = -17096.69275201681
------------------------------------------
[{'stable': {'F_dwave': np.complex128(0.10129203999453504j)}, 'free': np.float64(-17096.69275201681)}, {'stable': {'F_dwave': np.complex128(-0.10129203999453504j)}, 'free': np.float64(-17096.69275201681)}, {'stable': {'F_dwave': np.complex128(0.017104622761814698+0.0998374135750516j)}, 'free': np.float64(-17096.692737619494)}, {'stable': {'F_dwave': np.complex128(0.10129203999453504+0j)}, 'free': np.float64(-17096.69275201681)}, {'stable': {'F_dwave': np.complex128(-0.10129203951535305+0j)}, 'free': np.float64(-17096.69273761949)}]
------------------------------------------
====================================
mu=0.10, T=0.0938
====================================
  Seed: normal state
F_onsite: 0j
F_swave: 0j, F_dwave: 0j
F_px: 0j, F_py: 0j
Free_energy = -16321.632226437343
------------------------------------------
[{'stable': {}, 'free': np.float64(-16321.632226437343)}]
------------------------------------------
  Seed: px
F_onsite: -6.00469777476557e-17j
F_swave: -1.734723475976807e-16j, F_dwave: 0.10075278819735956j
F_px: (5.325567962984602e-17+0j), F_py: (-1.693983061002238e-17+0j)
Free_energy = -17092.939035531705
------------------------------------------
[{'stable': {'F_dwave': np.complex128(0.10075278819735956j)}, 'free': np.float64(-17092.939035531705)}]
------------------------------------------
  Seed: py
F_onsite: 6.00469777476557e-17j
F_swave: 1.734723475976807e-16j, F_dwave: -0.10075278819735956j
F_px: (-5.325567962984602e-17+0j), F_py: (1.693983061002238e-17+0j)
Free_energy = -17092.939035531705
------------------------------------------
[{'stable': {'F_dwave': np.complex128(0.10075278819735956j)}, 'free': np.float64(-17092.939035531705)}, {'stable': {'F_dwave': np.complex128(-0.10075278819735956j)}, 'free': np.float64(-17092.939035531705)}]
------------------------------------------
  Seed: px+py
F_onsite: -6.00469777476557e-17j
F_swave: -1.734723475976807e-16j, F_dwave: 0.10075278819735956j
F_px: (5.325567962984602e-17+0j), F_py: (-1.693983061002238e-17+0j)
Free_energy = -17092.939035531705
------------------------------------------
[{'stable': {'F_dwave': np.complex128(0.10075278819735956j)}, 'free': np.float64(-17092.939035531705)}, {'stable': {'F_dwave': np.complex128(-0.10075278819735956j)}, 'free': np.float64(-17092.939035531705)}]
------------------------------------------
  Seed: px+i*py
F_onsite: (-1.4798740045627576e-17+3.3635770031532395e-16j)
F_swave: (-4.597017211338539e-17+4.163336342344337e-16j), F_dwave: (0.01701356239406751+0.09930590629063735j)
F_px: (-2.6020852139652106e-17+9.575673587391975e-16j), F_py: (-8.673617379884035e-18+1.3877787807814457e-17j)
Free_energy = -17092.93903553167
------------------------------------------
[{'stable': {'F_dwave': np.complex128(0.10075278819735956j)}, 'free': np.float64(-17092.939035531705)}, {'stable': {'F_dwave': np.complex128(-0.10075278819735956j)}, 'free': np.float64(-17092.939035531705)}, {'stable': {'F_dwave': np.complex128(0.01701356239406751+0.09930590629063735j)}, 'free': np.float64(-17092.93903553167)}]
------------------------------------------
  Seed: d-wave
F_onsite: (-2.0190452287539786e-16+0j)
F_swave: (1.942890293094024e-16+0j), F_dwave: (0.10075278822734658+0j)
F_px: -1.754484424833012e-17j, F_py: 1.5652955069740084e-17j
Free_energy = -17092.93903640488
------------------------------------------
[{'stable': {'F_dwave': np.complex128(0.10075278819735956j)}, 'free': np.float64(-17092.939035531705)}, {'stable': {'F_dwave': np.complex128(-0.10075278819735956j)}, 'free': np.float64(-17092.939035531705)}, {'stable': {'F_dwave': np.complex128(0.01701356239406751+0.09930590629063735j)}, 'free': np.float64(-17092.93903553167)}, {'stable': {'F_dwave': np.complex128(0.10075278822734658+0j)}, 'free': np.float64(-17092.93903640488)}]
------------------------------------------
  Seed: d-wave+px
F_onsite: (-1.3806002248381966e-16+0j)
F_swave: (-1.8735013540549517e-16+0j), F_dwave: (0.10075278819735814+0j)
F_px: -1.265949565841475e-17j, F_py: 1.6434662501936264e-17j
Free_energy = -17092.939035531672
------------------------------------------
[{'stable': {'F_dwave': np.complex128(0.10075278819735956j)}, 'free': np.float64(-17092.939035531705)}, {'stable': {'F_dwave': np.complex128(-0.10075278819735956j)}, 'free': np.float64(-17092.939035531705)}, {'stable': {'F_dwave': np.complex128(0.01701356239406751+0.09930590629063735j)}, 'free': np.float64(-17092.93903553167)}, {'stable': {'F_dwave': np.complex128(0.10075278822734658+0j)}, 'free': np.float64(-17092.93903640488)}]
------------------------------------------
  Seed: d-wave+py
F_onsite: (-5.013542354428391e-17+6.231995160589197e-19j)
F_swave: (6.938893903907228e-17-2.2342046498444357e-18j), F_dwave: (0.10075278920623337+1.0696999023994964e-17j)
F_px: (6.938893903907228e-18-1.9797283246567846e-17j), F_py: 1.915119945687016e-17j
Free_energy = -17092.939064906546
------------------------------------------
[{'stable': {'F_dwave': np.complex128(0.10075278819735956j)}, 'free': np.float64(-17092.939035531705)}, {'stable': {'F_dwave': np.complex128(-0.10075278819735956j)}, 'free': np.float64(-17092.939035531705)}, {'stable': {'F_dwave': np.complex128(0.01701356239406751+0.09930590629063735j)}, 'free': np.float64(-17092.93903553167)}, {'stable': {'F_dwave': np.complex128(0.10075278822734658+0j)}, 'free': np.float64(-17092.93903640488)}]
------------------------------------------
  Seed: s-wave
F_onsite: (5.927127941135894e-17+0j)
F_swave: (1.734723475976807e-16+0j), F_dwave: (-0.10075278819735956+0j)
F_px: 4.854652139134027e-17j, F_py: -1.7173424539938255e-17j
Free_energy = -17092.939035531705
------------------------------------------
[{'stable': {'F_dwave': np.complex128(0.10075278819735956j)}, 'free': np.float64(-17092.939035531705)}, {'stable': {'F_dwave': np.complex128(-0.10075278819735956j)}, 'free': np.float64(-17092.939035531705)}, {'stable': {'F_dwave': np.complex128(0.01701356239406751+0.09930590629063735j)}, 'free': np.float64(-17092.93903553167)}, {'stable': {'F_dwave': np.complex128(0.10075278822734658+0j)}, 'free': np.float64(-17092.93903640488)}, {'stable': {'F_dwave': np.complex128(-0.10075278819735956+0j)}, 'free': np.float64(-17092.939035531705)}]
------------------------------------------
  Seed: s-wave+px
F_onsite: (6.825551882292372e-17+0j)
F_swave: (-1.734723475976807e-16+0j), F_dwave: (0.10075278819735775+0j)
F_px: -4.7912191846999e-17j, F_py: 1.826050767024767e-17j
Free_energy = -17092.93903553167
------------------------------------------
[{'stable': {'F_dwave': np.complex128(0.10075278819735956j)}, 'free': np.float64(-17092.939035531705)}, {'stable': {'F_dwave': np.complex128(-0.10075278819735956j)}, 'free': np.float64(-17092.939035531705)}, {'stable': {'F_dwave': np.complex128(0.01701356239406751+0.09930590629063735j)}, 'free': np.float64(-17092.93903553167)}, {'stable': {'F_dwave': np.complex128(0.10075278822734658+0j)}, 'free': np.float64(-17092.93903640488)}, {'stable': {'F_dwave': np.complex128(-0.10075278819735956+0j)}, 'free': np.float64(-17092.939035531705)}]
------------------------------------------
  Seed: s-wave+py
F_onsite: (6.100461363370022e-17+4.931394619691632e-20j)
F_swave: (1.734723475976807e-16-3.208746248432877e-19j), F_dwave: (-0.10075278819735956+3.8471131144196797e-19j)
F_px: 4.5141378213155024e-17j, F_py: -1.7661449216903817e-17j
Free_energy = -17092.939035531705
------------------------------------------
[{'stable': {'F_dwave': np.complex128(0.10075278819735956j)}, 'free': np.float64(-17092.939035531705)}, {'stable': {'F_dwave': np.complex128(-0.10075278819735956j)}, 'free': np.float64(-17092.939035531705)}, {'stable': {'F_dwave': np.complex128(0.01701356239406751+0.09930590629063735j)}, 'free': np.float64(-17092.93903553167)}, {'stable': {'F_dwave': np.complex128(0.10075278822734658+0j)}, 'free': np.float64(-17092.93903640488)}, {'stable': {'F_dwave': np.complex128(-0.10075278819735956+0j)}, 'free': np.float64(-17092.939035531705)}]
------------------------------------------
====================================
mu=0.10, T=0.1041
====================================
  Seed: normal state
F_onsite: 0j
F_swave: 0j, F_dwave: 0j
F_px: 0j, F_py: 0j
Free_energy = -16338.254609593787
------------------------------------------
[{'stable': {}, 'free': np.float64(-16338.254609593787)}]
------------------------------------------
  Seed: px
F_onsite: -1.8023846769912003e-16j
F_swave: 1.8041124150158794e-16j, F_dwave: 0.10001667904267528j
F_px: (4.367368957797874e-17+0j), F_py: (-1.7132981358566498e-17+0j)
Free_energy = -17087.72047352861
------------------------------------------
[{'stable': {'F_dwave': np.complex128(0.10001667904267528j)}, 'free': np.float64(-17087.72047352861)}]
------------------------------------------
  Seed: py
F_onsite: 1.8023846769912003e-16j
F_swave: -1.8041124150158794e-16j, F_dwave: -0.10001667904267528j
F_px: (-4.367368957797874e-17+0j), F_py: (1.7132981358566498e-17+0j)
Free_energy = -17087.72047352861
------------------------------------------
[{'stable': {'F_dwave': np.complex128(0.10001667904267528j)}, 'free': np.float64(-17087.72047352861)}, {'stable': {'F_dwave': np.complex128(-0.10001667904267528j)}, 'free': np.float64(-17087.72047352861)}]
------------------------------------------
  Seed: px+py
F_onsite: -1.8023846769912003e-16j
F_swave: 1.8041124150158794e-16j, F_dwave: 0.10001667904267528j
F_px: (4.367368957797874e-17+0j), F_py: (-1.7132981358566498e-17+0j)
Free_energy = -17087.72047352861
------------------------------------------
[{'stable': {'F_dwave': np.complex128(0.10001667904267528j)}, 'free': np.float64(-17087.72047352861)}, {'stable': {'F_dwave': np.complex128(-0.10001667904267528j)}, 'free': np.float64(-17087.72047352861)}]
------------------------------------------
  Seed: px+i*py
F_onsite: (7.914175414873588e-18+6.214548054234548e-17j)
F_swave: (-7.37257477290143e-17-1.457167719820518e-16j), F_dwave: (0.016889259739460982+0.09858036818849122j)
F_px: (1.214306433183765e-16-1.4779844015322396e-15j), F_py: (1.214306433183765e-17-5.551115123125783e-17j)
Free_energy = -17087.720473528614
------------------------------------------
[{'stable': {'F_dwave': np.complex128(0.10001667904267528j)}, 'free': np.float64(-17087.72047352861)}, {'stable': {'F_dwave': np.complex128(-0.10001667904267528j)}, 'free': np.float64(-17087.72047352861)}, {'stable': {'F_dwave': np.complex128(0.016889259739460982+0.09858036818849122j)}, 'free': np.float64(-17087.720473528614)}]
------------------------------------------
  Seed: d-wave
F_onsite: (-1.8715025654871512e-16+0j)
F_swave: (1.8041124150158794e-16+0j), F_dwave: (0.10001667904267528+0j)
F_px: -4.367199551208423e-17j, F_py: 1.6699300489572296e-17j
Free_energy = -17087.72047352861
------------------------------------------
[{'stable': {'F_dwave': np.complex128(0.10001667904267528j)}, 'free': np.float64(-17087.72047352861)}, {'stable': {'F_dwave': np.complex128(-0.10001667904267528j)}, 'free': np.float64(-17087.72047352861)}, {'stable': {'F_dwave': np.complex128(0.016889259739460982+0.09858036818849122j)}, 'free': np.float64(-17087.720473528614)}, {'stable': {'F_dwave': np.complex128(0.10001667904267528+0j)}, 'free': np.float64(-17087.72047352861)}]
------------------------------------------
  Seed: d-wave+px
F_onsite: (-1.8715025654871512e-16+0j)
F_swave: (1.8041124150158794e-16+0j), F_dwave: (0.10001667904267528+0j)
F_px: -4.367199551208423e-17j, F_py: 1.6699300489572296e-17j
Free_energy = -17087.72047352861
------------------------------------------
[{'stable': {'F_dwave': np.complex128(0.10001667904267528j)}, 'free': np.float64(-17087.72047352861)}, {'stable': {'F_dwave': np.complex128(-0.10001667904267528j)}, 'free': np.float64(-17087.72047352861)}, {'stable': {'F_dwave': np.complex128(0.016889259739460982+0.09858036818849122j)}, 'free': np.float64(-17087.720473528614)}, {'stable': {'F_dwave': np.complex128(0.10001667904267528+0j)}, 'free': np.float64(-17087.72047352861)}]
------------------------------------------
  Seed: d-wave+py
F_onsite: (-1.7610329102480764e-16-1.217257231580789e-19j)
F_swave: (1.8041124150158794e-16-1.0053404696501496e-19j), F_dwave: (0.10001667904267528+1.6734050889862552e-17j)
F_px: (-1.3877787807814457e-17-2.737169679030795e-17j), F_py: 1.6455586294678817e-17j
Free_energy = -17087.72047352861
------------------------------------------
[{'stable': {'F_dwave': np.complex128(0.10001667904267528j)}, 'free': np.float64(-17087.72047352861)}, {'stable': {'F_dwave': np.complex128(-0.10001667904267528j)}, 'free': np.float64(-17087.72047352861)}, {'stable': {'F_dwave': np.complex128(0.016889259739460982+0.09858036818849122j)}, 'free': np.float64(-17087.720473528614)}, {'stable': {'F_dwave': np.complex128(0.10001667904267528+0j)}, 'free': np.float64(-17087.72047352861)}]
------------------------------------------
  Seed: s-wave
F_onsite: (1.7615207708163438e-16+0j)
F_swave: (-1.8041124150158794e-16+0j), F_dwave: (-0.10001667904267528+0j)
F_px: 3.394782059359573e-17j, F_py: -1.4861822680306558e-17j
Free_energy = -17087.720473528614
------------------------------------------
[{'stable': {'F_dwave': np.complex128(0.10001667904267528j)}, 'free': np.float64(-17087.72047352861)}, {'stable': {'F_dwave': np.complex128(-0.10001667904267528j)}, 'free': np.float64(-17087.72047352861)}, {'stable': {'F_dwave': np.complex128(0.016889259739460982+0.09858036818849122j)}, 'free': np.float64(-17087.720473528614)}, {'stable': {'F_dwave': np.complex128(0.10001667904267528+0j)}, 'free': np.float64(-17087.72047352861)}, {'stable': {'F_dwave': np.complex128(-0.10001667904267528+0j)}, 'free': np.float64(-17087.720473528614)}]
------------------------------------------
  Seed: s-wave+px
F_onsite: (-1.8715025654871512e-16+0j)
F_swave: (1.8041124150158794e-16+0j), F_dwave: (0.10001667904267528+0j)
F_px: -4.367199551208423e-17j, F_py: 1.6699300489572296e-17j
Free_energy = -17087.72047352861
------------------------------------------
[{'stable': {'F_dwave': np.complex128(0.10001667904267528j)}, 'free': np.float64(-17087.72047352861)}, {'stable': {'F_dwave': np.complex128(-0.10001667904267528j)}, 'free': np.float64(-17087.72047352861)}, {'stable': {'F_dwave': np.complex128(0.016889259739460982+0.09858036818849122j)}, 'free': np.float64(-17087.720473528614)}, {'stable': {'F_dwave': np.complex128(0.10001667904267528+0j)}, 'free': np.float64(-17087.72047352861)}, {'stable': {'F_dwave': np.complex128(-0.10001667904267528+0j)}, 'free': np.float64(-17087.720473528614)}]
------------------------------------------
  Seed: s-wave+py
F_onsite: (1.7615207708163438e-16+0j)
F_swave: (-1.8041124150158794e-16+0j), F_dwave: (-0.10001667904267528+0j)
F_px: 3.394782059359573e-17j, F_py: -1.4861822680306558e-17j
Free_energy = -17087.720473528614
------------------------------------------
[{'stable': {'F_dwave': np.complex128(0.10001667904267528j)}, 'free': np.float64(-17087.72047352861)}, {'stable': {'F_dwave': np.complex128(-0.10001667904267528j)}, 'free': np.float64(-17087.72047352861)}, {'stable': {'F_dwave': np.complex128(0.016889259739460982+0.09858036818849122j)}, 'free': np.float64(-17087.720473528614)}, {'stable': {'F_dwave': np.complex128(0.10001667904267528+0j)}, 'free': np.float64(-17087.72047352861)}, {'stable': {'F_dwave': np.complex128(-0.10001667904267528+0j)}, 'free': np.float64(-17087.720473528614)}]
------------------------------------------
====================================
mu=0.10, T=0.1144
====================================
  Seed: normal state
F_onsite: 0j
F_swave: 0j, F_dwave: 0j
F_px: 0j, F_py: 0j
Free_energy = -16356.336190643166
------------------------------------------
[{'stable': {}, 'free': np.float64(-16356.336190643166)}]
------------------------------------------
  Seed: px
F_onsite: 3.1116978552076566e-16j
F_swave: 9.71445146547012e-17j, F_dwave: 0.09904972118814048j
F_px: (3.0278385907638573e-17+0j), F_py: (-1.697516643869988e-17+0j)
Free_energy = -17080.84211214193
------------------------------------------
[{'stable': {'F_dwave': np.complex128(0.09904972118814048j)}, 'free': np.float64(-17080.84211214193)}]
------------------------------------------
  Seed: py
F_onsite: -3.1116978552076566e-16j
F_swave: -9.71445146547012e-17j, F_dwave: -0.09904972118814048j
F_px: (-3.0278385907638573e-17+0j), F_py: (1.697516643869988e-17+0j)
Free_energy = -17080.84211214193
------------------------------------------
[{'stable': {'F_dwave': np.complex128(0.09904972118814048j)}, 'free': np.float64(-17080.84211214193)}, {'stable': {'F_dwave': np.complex128(-0.09904972118814048j)}, 'free': np.float64(-17080.84211214193)}]
------------------------------------------
  Seed: px+py
F_onsite: 3.1116978552076566e-16j
F_swave: 9.71445146547012e-17j, F_dwave: 0.09904972118814048j
F_px: (3.0278385907638573e-17+0j), F_py: (-1.697516643869988e-17+0j)
Free_energy = -17080.84211214193
------------------------------------------
[{'stable': {'F_dwave': np.complex128(0.09904972118814048j)}, 'free': np.float64(-17080.84211214193)}, {'stable': {'F_dwave': np.complex128(-0.09904972118814048j)}, 'free': np.float64(-17080.84211214193)}]
------------------------------------------
  Seed: px+i*py
F_onsite: (-2.2555236855906088e-17-2.453428057718919e-16j)
F_swave: (9.194034422677078e-17+3.0184188481996443e-16j), F_dwave: (0.016725974950176914+0.09762729653849164j)
F_px: (-2.6020852139652106e-16-1.2073675392798577e-15j), F_py: (-6.938893903907228e-17+6.245004513516506e-17j)
Free_energy = -17080.842112141934
------------------------------------------
[{'stable': {'F_dwave': np.complex128(0.09904972118814048j)}, 'free': np.float64(-17080.84211214193)}, {'stable': {'F_dwave': np.complex128(-0.09904972118814048j)}, 'free': np.float64(-17080.84211214193)}, {'stable': {'F_dwave': np.complex128(0.016725974950176914+0.09762729653849164j)}, 'free': np.float64(-17080.842112141934)}]
------------------------------------------
  Seed: d-wave
F_onsite: (3.111861967841187e-16+0j)
F_swave: (1.1102230246251565e-16+0j), F_dwave: (0.09904972118814051+0j)
F_px: -3.4340743308165856e-17j, F_py: 1.7258828591030547e-17j
Free_energy = -17080.84211214193
------------------------------------------
[{'stable': {'F_dwave': np.complex128(0.09904972118814048j)}, 'free': np.float64(-17080.84211214193)}, {'stable': {'F_dwave': np.complex128(-0.09904972118814048j)}, 'free': np.float64(-17080.84211214193)}, {'stable': {'F_dwave': np.complex128(0.016725974950176914+0.09762729653849164j)}, 'free': np.float64(-17080.842112141934)}, {'stable': {'F_dwave': np.complex128(0.09904972118814051+0j)}, 'free': np.float64(-17080.84211214193)}]
------------------------------------------
  Seed: d-wave+px
F_onsite: (3.111861967841187e-16+0j)
F_swave: (1.1102230246251565e-16+0j), F_dwave: (0.09904972118814051+0j)
F_px: -3.4340743308165856e-17j, F_py: 1.7258828591030547e-17j
Free_energy = -17080.84211214193
------------------------------------------
[{'stable': {'F_dwave': np.complex128(0.09904972118814048j)}, 'free': np.float64(-17080.84211214193)}, {'stable': {'F_dwave': np.complex128(-0.09904972118814048j)}, 'free': np.float64(-17080.84211214193)}, {'stable': {'F_dwave': np.complex128(0.016725974950176914+0.09762729653849164j)}, 'free': np.float64(-17080.842112141934)}, {'stable': {'F_dwave': np.complex128(0.09904972118814051+0j)}, 'free': np.float64(-17080.84211214193)}]
------------------------------------------
  Seed: d-wave+py
F_onsite: (3.088281133072444e-16-7.055424089227237e-19j)
F_swave: (1.1449174941446927e-16-1.6893453815479137e-18j), F_dwave: (0.09904972118814051+1.4579810410219077e-17j)
F_px: -3.338822353291027e-17j, F_py: (-6.938893903907228e-18+1.805385338445119e-17j)
Free_energy = -17080.84211214193
------------------------------------------
[{'stable': {'F_dwave': np.complex128(0.09904972118814048j)}, 'free': np.float64(-17080.84211214193)}, {'stable': {'F_dwave': np.complex128(-0.09904972118814048j)}, 'free': np.float64(-17080.84211214193)}, {'stable': {'F_dwave': np.complex128(0.016725974950176914+0.09762729653849164j)}, 'free': np.float64(-17080.842112141934)}, {'stable': {'F_dwave': np.complex128(0.09904972118814051+0j)}, 'free': np.float64(-17080.84211214193)}]
------------------------------------------
  Seed: s-wave
F_onsite: (-3.111861967841187e-16+0j)
F_swave: (-1.1796119636642288e-16+0j), F_dwave: (-0.09904972118814051+0j)
F_px: 3.4340743308165856e-17j, F_py: -1.6933567939284896e-17j
Free_energy = -17080.84211214193
------------------------------------------
[{'stable': {'F_dwave': np.complex128(0.09904972118814048j)}, 'free': np.float64(-17080.84211214193)}, {'stable': {'F_dwave': np.complex128(-0.09904972118814048j)}, 'free': np.float64(-17080.84211214193)}, {'stable': {'F_dwave': np.complex128(0.016725974950176914+0.09762729653849164j)}, 'free': np.float64(-17080.842112141934)}, {'stable': {'F_dwave': np.complex128(0.09904972118814051+0j)}, 'free': np.float64(-17080.84211214193)}, {'stable': {'F_dwave': np.complex128(-0.09904972118814051+0j)}, 'free': np.float64(-17080.84211214193)}]
------------------------------------------
  Seed: s-wave+px
F_onsite: (3.111861967841187e-16+0j)
F_swave: (1.1102230246251565e-16+0j), F_dwave: (0.09904972118814051+0j)
F_px: -3.4340743308165856e-17j, F_py: 1.7258828591030547e-17j
Free_energy = -17080.84211214193
------------------------------------------
[{'stable': {'F_dwave': np.complex128(0.09904972118814048j)}, 'free': np.float64(-17080.84211214193)}, {'stable': {'F_dwave': np.complex128(-0.09904972118814048j)}, 'free': np.float64(-17080.84211214193)}, {'stable': {'F_dwave': np.complex128(0.016725974950176914+0.09762729653849164j)}, 'free': np.float64(-17080.842112141934)}, {'stable': {'F_dwave': np.complex128(0.09904972118814051+0j)}, 'free': np.float64(-17080.84211214193)}, {'stable': {'F_dwave': np.complex128(-0.09904972118814051+0j)}, 'free': np.float64(-17080.84211214193)}]
------------------------------------------
  Seed: s-wave+py
F_onsite: (-3.111861967841187e-16+0j)
F_swave: (-1.1796119636642288e-16+0j), F_dwave: (-0.09904972118814051+0j)
F_px: 3.4340743308165856e-17j, F_py: -1.6933567939284896e-17j
Free_energy = -17080.84211214193
------------------------------------------
[{'stable': {'F_dwave': np.complex128(0.09904972118814048j)}, 'free': np.float64(-17080.84211214193)}, {'stable': {'F_dwave': np.complex128(-0.09904972118814048j)}, 'free': np.float64(-17080.84211214193)}, {'stable': {'F_dwave': np.complex128(0.016725974950176914+0.09762729653849164j)}, 'free': np.float64(-17080.842112141934)}, {'stable': {'F_dwave': np.complex128(0.09904972118814051+0j)}, 'free': np.float64(-17080.84211214193)}, {'stable': {'F_dwave': np.complex128(-0.09904972118814051+0j)}, 'free': np.float64(-17080.84211214193)}]
------------------------------------------
====================================
mu=0.10, T=0.1247
====================================
  Seed: normal state
F_onsite: 0j
F_swave: 0j, F_dwave: 0j
F_px: 0j, F_py: 0j
Free_energy = -16375.837613206833
------------------------------------------
[{'stable': {}, 'free': np.float64(-16375.837613206833)}]
------------------------------------------
  Seed: px
F_onsite: -1.2748587180912724e-16j
F_swave: -2.8449465006019636e-16j, F_dwave: 0.0978195229756798j
F_px: (3.6490474296498285e-17+0j), F_py: (-1.8037367015562896e-17+0j)
Free_energy = -17072.16316892604
------------------------------------------
[{'stable': {'F_dwave': np.complex128(0.0978195229756798j)}, 'free': np.float64(-17072.16316892604)}]
------------------------------------------
  Seed: py
F_onsite: 1.2748587180912724e-16j
F_swave: 2.8449465006019636e-16j, F_dwave: -0.0978195229756798j
F_px: (-3.6490474296498285e-17+0j), F_py: (1.8037367015562896e-17+0j)
Free_energy = -17072.16316892604
------------------------------------------
[{'stable': {'F_dwave': np.complex128(0.0978195229756798j)}, 'free': np.float64(-17072.16316892604)}, {'stable': {'F_dwave': np.complex128(-0.0978195229756798j)}, 'free': np.float64(-17072.16316892604)}]
------------------------------------------
  Seed: px+py
F_onsite: -1.2748587180912724e-16j
F_swave: -2.8449465006019636e-16j, F_dwave: 0.0978195229756798j
F_px: (3.6490474296498285e-17+0j), F_py: (-1.8037367015562896e-17+0j)
Free_energy = -17072.16316892604
------------------------------------------
[{'stable': {'F_dwave': np.complex128(0.0978195229756798j)}, 'free': np.float64(-17072.16316892604)}, {'stable': {'F_dwave': np.complex128(-0.0978195229756798j)}, 'free': np.float64(-17072.16316892604)}]
------------------------------------------
  Seed: px+i*py
F_onsite: (3.6659924944901075e-17-1.219388246204483e-16j)
F_swave: (-5.637851296924623e-17+2.740863092043355e-16j), F_dwave: (0.016518238227261155+0.09641476484987688j)
F_px: (2.1163626406917047e-16+2.498001805406602e-16j), F_py: (1.5612511283791264e-17-4.85722573273506e-17j)
Free_energy = -17072.163168926047
------------------------------------------
[{'stable': {'F_dwave': np.complex128(0.0978195229756798j)}, 'free': np.float64(-17072.16316892604)}, {'stable': {'F_dwave': np.complex128(-0.0978195229756798j)}, 'free': np.float64(-17072.16316892604)}, {'stable': {'F_dwave': np.complex128(0.016518238227261155+0.09641476484987688j)}, 'free': np.float64(-17072.163168926047)}]
------------------------------------------
  Seed: d-wave
F_onsite: (-3.388728251666485e-16+0j)
F_swave: (8.326672684688674e-17+0j), F_dwave: (0.09781952297568607+0j)
F_px: -3.792180489869727e-17j, F_py: 1.639109704670961e-17j
Free_energy = -17072.163168926225
------------------------------------------
[{'stable': {'F_dwave': np.complex128(0.0978195229756798j)}, 'free': np.float64(-17072.16316892604)}, {'stable': {'F_dwave': np.complex128(-0.0978195229756798j)}, 'free': np.float64(-17072.16316892604)}, {'stable': {'F_dwave': np.complex128(0.016518238227261155+0.09641476484987688j)}, 'free': np.float64(-17072.163168926047)}, {'stable': {'F_dwave': np.complex128(0.09781952297568607+0j)}, 'free': np.float64(-17072.163168926225)}]
------------------------------------------
  Seed: d-wave+px
F_onsite: (-3.388728251666485e-16+0j)
F_swave: (8.326672684688674e-17+0j), F_dwave: (0.09781952297568607+0j)
F_px: -3.792180489869727e-17j, F_py: 1.639109704670961e-17j
Free_energy = -17072.163168926225
------------------------------------------
[{'stable': {'F_dwave': np.complex128(0.0978195229756798j)}, 'free': np.float64(-17072.16316892604)}, {'stable': {'F_dwave': np.complex128(-0.0978195229756798j)}, 'free': np.float64(-17072.16316892604)}, {'stable': {'F_dwave': np.complex128(0.016518238227261155+0.09641476484987688j)}, 'free': np.float64(-17072.163168926047)}, {'stable': {'F_dwave': np.complex128(0.09781952297568607+0j)}, 'free': np.float64(-17072.163168926225)}]
------------------------------------------
  Seed: d-wave+py
F_onsite: (-3.3525984921820874e-16-8.230089632682109e-20j)
F_swave: (7.632783294297951e-17-1.004269641942974e-20j), F_dwave: (0.09781952297568605+8.509805736698908e-18j)
F_px: -3.617765584983685e-17j, F_py: 1.3850345884197857e-17j
Free_energy = -17072.163168926225
------------------------------------------
[{'stable': {'F_dwave': np.complex128(0.0978195229756798j)}, 'free': np.float64(-17072.16316892604)}, {'stable': {'F_dwave': np.complex128(-0.0978195229756798j)}, 'free': np.float64(-17072.16316892604)}, {'stable': {'F_dwave': np.complex128(0.016518238227261155+0.09641476484987688j)}, 'free': np.float64(-17072.163168926047)}, {'stable': {'F_dwave': np.complex128(0.09781952297568607+0j)}, 'free': np.float64(-17072.163168926225)}]
------------------------------------------
  Seed: s-wave
F_onsite: (3.2647273741122495e-16+0j)
F_swave: (-8.326672684688674e-17+0j), F_dwave: (-0.09781952297568607+0j)
F_px: 3.248318086557394e-17j, F_py: -1.3535304179053683e-17j
Free_energy = -17072.163168926225
------------------------------------------
[{'stable': {'F_dwave': np.complex128(0.0978195229756798j)}, 'free': np.float64(-17072.16316892604)}, {'stable': {'F_dwave': np.complex128(-0.0978195229756798j)}, 'free': np.float64(-17072.16316892604)}, {'stable': {'F_dwave': np.complex128(0.016518238227261155+0.09641476484987688j)}, 'free': np.float64(-17072.163168926047)}, {'stable': {'F_dwave': np.complex128(0.09781952297568607+0j)}, 'free': np.float64(-17072.163168926225)}, {'stable': {'F_dwave': np.complex128(-0.09781952297568607+0j)}, 'free': np.float64(-17072.163168926225)}]
------------------------------------------
  Seed: s-wave+px
F_onsite: (-3.388728251666485e-16+0j)
F_swave: (8.326672684688674e-17+0j), F_dwave: (0.09781952297568607+0j)
F_px: -3.792180489869727e-17j, F_py: 1.639109704670961e-17j
Free_energy = -17072.163168926225
------------------------------------------
[{'stable': {'F_dwave': np.complex128(0.0978195229756798j)}, 'free': np.float64(-17072.16316892604)}, {'stable': {'F_dwave': np.complex128(-0.0978195229756798j)}, 'free': np.float64(-17072.16316892604)}, {'stable': {'F_dwave': np.complex128(0.016518238227261155+0.09641476484987688j)}, 'free': np.float64(-17072.163168926047)}, {'stable': {'F_dwave': np.complex128(0.09781952297568607+0j)}, 'free': np.float64(-17072.163168926225)}, {'stable': {'F_dwave': np.complex128(-0.09781952297568607+0j)}, 'free': np.float64(-17072.163168926225)}]
------------------------------------------
  Seed: s-wave+py
F_onsite: (3.2647273741122495e-16+0j)
F_swave: (-8.326672684688674e-17+0j), F_dwave: (-0.09781952297568607+0j)
F_px: 3.248318086557394e-17j, F_py: -1.3535304179053683e-17j
Free_energy = -17072.163168926225
------------------------------------------
[{'stable': {'F_dwave': np.complex128(0.0978195229756798j)}, 'free': np.float64(-17072.16316892604)}, {'stable': {'F_dwave': np.complex128(-0.0978195229756798j)}, 'free': np.float64(-17072.16316892604)}, {'stable': {'F_dwave': np.complex128(0.016518238227261155+0.09641476484987688j)}, 'free': np.float64(-17072.163168926047)}, {'stable': {'F_dwave': np.complex128(0.09781952297568607+0j)}, 'free': np.float64(-17072.163168926225)}, {'stable': {'F_dwave': np.complex128(-0.09781952297568607+0j)}, 'free': np.float64(-17072.163168926225)}]
------------------------------------------
====================================
mu=0.10, T=0.1350
====================================
  Seed: normal state
F_onsite: 0j
F_swave: 0j, F_dwave: 0j
F_px: 0j, F_py: 0j
Free_energy = -16396.723581629794
------------------------------------------
[{'stable': {}, 'free': np.float64(-16396.723581629794)}]
------------------------------------------
  Seed: px
F_onsite: -2.6115640420405783e-17j
F_swave: 4.787836793695988e-16j, F_dwave: 0.09629437638800369j
F_px: (1.436483568159359e-17+0j), F_py: (-1.632795840715216e-17+0j)
Free_energy = -17061.591639614235
------------------------------------------
[{'stable': {'F_dwave': np.complex128(0.09629437638800369j)}, 'free': np.float64(-17061.591639614235)}]
------------------------------------------
  Seed: py
F_onsite: 2.6115640420405783e-17j
F_swave: -4.787836793695988e-16j, F_dwave: -0.09629437638800369j
F_px: (-1.436483568159359e-17+0j), F_py: (1.632795840715216e-17+0j)
Free_energy = -17061.591639614235
------------------------------------------
[{'stable': {'F_dwave': np.complex128(0.09629437638800369j)}, 'free': np.float64(-17061.591639614235)}, {'stable': {'F_dwave': np.complex128(-0.09629437638800369j)}, 'free': np.float64(-17061.591639614235)}]
------------------------------------------
  Seed: px+py
F_onsite: -2.6115640420405783e-17j
F_swave: 4.787836793695988e-16j, F_dwave: 0.09629437638800369j
F_px: (1.436483568159359e-17+0j), F_py: (-1.632795840715216e-17+0j)
Free_energy = -17061.591639614235
------------------------------------------
[{'stable': {'F_dwave': np.complex128(0.09629437638800369j)}, 'free': np.float64(-17061.591639614235)}, {'stable': {'F_dwave': np.complex128(-0.09629437638800369j)}, 'free': np.float64(-17061.591639614235)}]
------------------------------------------
  Seed: px+i*py
F_onsite: (2.1338125910489132e-17+2.934249691741598e-17j)
F_swave: (8.326672684688674e-17+2.5673907444456745e-16j), F_dwave: (0.01626069521380677+0.09491152045181865j)
F_px: (-1.6653345369377348e-16-2.706168622523819e-16j), F_py: (2.42861286636753e-17+5.551115123125783e-17j)
Free_energy = -17061.591639535716
------------------------------------------
[{'stable': {'F_dwave': np.complex128(0.09629437638800369j)}, 'free': np.float64(-17061.591639614235)}, {'stable': {'F_dwave': np.complex128(-0.09629437638800369j)}, 'free': np.float64(-17061.591639614235)}, {'stable': {'F_dwave': np.complex128(0.01626069521380677+0.09491152045181865j)}, 'free': np.float64(-17061.591639535716)}]
------------------------------------------
  Seed: d-wave
F_onsite: (1.2061087781683192e-16+0j)
F_swave: (-6.938893903907228e-18+0j), F_dwave: (0.09629438474371842+0j)
F_px: -2.2771670097124188e-17j, F_py: 1.8620891123837646e-17j
Free_energy = -17061.591836290223
------------------------------------------
[{'stable': {'F_dwave': np.complex128(0.09629437638800369j)}, 'free': np.float64(-17061.591639614235)}, {'stable': {'F_dwave': np.complex128(-0.09629437638800369j)}, 'free': np.float64(-17061.591639614235)}, {'stable': {'F_dwave': np.complex128(0.01626069521380677+0.09491152045181865j)}, 'free': np.float64(-17061.591639535716)}, {'stable': {'F_dwave': np.complex128(0.09629438474371842+0j)}, 'free': np.float64(-17061.591836290223)}]
------------------------------------------
  Seed: d-wave+px
F_onsite: (1.2061087781683192e-16+0j)
F_swave: (-6.938893903907228e-18+0j), F_dwave: (0.09629438474371842+0j)
F_px: -2.2771670097124188e-17j, F_py: 1.8620891123837646e-17j
Free_energy = -17061.591836290223
------------------------------------------
[{'stable': {'F_dwave': np.complex128(0.09629437638800369j)}, 'free': np.float64(-17061.591639614235)}, {'stable': {'F_dwave': np.complex128(-0.09629437638800369j)}, 'free': np.float64(-17061.591639614235)}, {'stable': {'F_dwave': np.complex128(0.01626069521380677+0.09491152045181865j)}, 'free': np.float64(-17061.591639535716)}, {'stable': {'F_dwave': np.complex128(0.09629438474371842+0j)}, 'free': np.float64(-17061.591836290223)}]
------------------------------------------
  Seed: d-wave+py
F_onsite: (1.242812682369784e-16+2.449152430679142e-19j)
F_swave: (-6.938893903907228e-18-2.0440654238815437e-19j), F_dwave: (0.09629438474371842-2.0336359436708145e-19j)
F_px: (-6.938893903907228e-18-2.7510301842656417e-17j), F_py: 1.784723197813622e-17j
Free_energy = -17061.591836290223
------------------------------------------
[{'stable': {'F_dwave': np.complex128(0.09629437638800369j)}, 'free': np.float64(-17061.591639614235)}, {'stable': {'F_dwave': np.complex128(-0.09629437638800369j)}, 'free': np.float64(-17061.591639614235)}, {'stable': {'F_dwave': np.complex128(0.01626069521380677+0.09491152045181865j)}, 'free': np.float64(-17061.591639535716)}, {'stable': {'F_dwave': np.complex128(0.09629438474371842+0j)}, 'free': np.float64(-17061.591836290223)}]
------------------------------------------
  Seed: s-wave
F_onsite: (-1.2080406822578942e-16+0j)
F_swave: (2.0816681711721685e-17+0j), F_dwave: (-0.0962943847437184+0j)
F_px: 3.101642215030394e-17j, F_py: -1.9314752445169727e-17j
Free_energy = -17061.591836290223
------------------------------------------
[{'stable': {'F_dwave': np.complex128(0.09629437638800369j)}, 'free': np.float64(-17061.591639614235)}, {'stable': {'F_dwave': np.complex128(-0.09629437638800369j)}, 'free': np.float64(-17061.591639614235)}, {'stable': {'F_dwave': np.complex128(0.01626069521380677+0.09491152045181865j)}, 'free': np.float64(-17061.591639535716)}, {'stable': {'F_dwave': np.complex128(0.09629438474371842+0j)}, 'free': np.float64(-17061.591836290223)}, {'stable': {'F_dwave': np.complex128(-0.0962943847437184+0j)}, 'free': np.float64(-17061.591836290223)}]
------------------------------------------
  Seed: s-wave+px
F_onsite: (1.2061087781683192e-16+0j)
F_swave: (-6.938893903907228e-18+0j), F_dwave: (0.09629438474371842+0j)
F_px: -2.2771670097124188e-17j, F_py: 1.8620891123837646e-17j
Free_energy = -17061.591836290223
------------------------------------------
[{'stable': {'F_dwave': np.complex128(0.09629437638800369j)}, 'free': np.float64(-17061.591639614235)}, {'stable': {'F_dwave': np.complex128(-0.09629437638800369j)}, 'free': np.float64(-17061.591639614235)}, {'stable': {'F_dwave': np.complex128(0.01626069521380677+0.09491152045181865j)}, 'free': np.float64(-17061.591639535716)}, {'stable': {'F_dwave': np.complex128(0.09629438474371842+0j)}, 'free': np.float64(-17061.591836290223)}, {'stable': {'F_dwave': np.complex128(-0.0962943847437184+0j)}, 'free': np.float64(-17061.591836290223)}]
------------------------------------------
  Seed: s-wave+py
F_onsite: (-1.2080406822578942e-16+0j)
F_swave: (2.0816681711721685e-17+0j), F_dwave: (-0.0962943847437184+0j)
F_px: 3.101642215030394e-17j, F_py: -1.9314752445169727e-17j
Free_energy = -17061.591836290223
------------------------------------------
[{'stable': {'F_dwave': np.complex128(0.09629437638800369j)}, 'free': np.float64(-17061.591639614235)}, {'stable': {'F_dwave': np.complex128(-0.09629437638800369j)}, 'free': np.float64(-17061.591639614235)}, {'stable': {'F_dwave': np.complex128(0.01626069521380677+0.09491152045181865j)}, 'free': np.float64(-17061.591639535716)}, {'stable': {'F_dwave': np.complex128(0.09629438474371842+0j)}, 'free': np.float64(-17061.591836290223)}, {'stable': {'F_dwave': np.complex128(-0.0962943847437184+0j)}, 'free': np.float64(-17061.591836290223)}]
------------------------------------------
====================================
mu=0.10, T=0.1453
====================================
  Seed: normal state
F_onsite: 0j
F_swave: 0j, F_dwave: 0j
F_px: 0j, F_py: 0j
Free_energy = -16418.96215932576
------------------------------------------
[{'stable': {}, 'free': np.float64(-16418.96215932576)}]
------------------------------------------
  Seed: px
F_onsite: -8.732856104003188e-18j
F_swave: -9.020562075079397e-17j, F_dwave: 0.0944418555517691j
F_px: (1.0664208847604693e-17+0j), F_py: (-1.8172870056966116e-17+0j)
Free_energy = -17049.076172366695
------------------------------------------
[{'stable': {'F_dwave': np.complex128(0.0944418555517691j)}, 'free': np.float64(-17049.076172366695)}]
------------------------------------------
  Seed: py
F_onsite: 8.732856104003188e-18j
F_swave: 9.020562075079397e-17j, F_dwave: -0.0944418555517691j
F_px: (-1.0664208847604693e-17+0j), F_py: (1.8172870056966116e-17+0j)
Free_energy = -17049.076172366695
------------------------------------------
[{'stable': {'F_dwave': np.complex128(0.0944418555517691j)}, 'free': np.float64(-17049.076172366695)}, {'stable': {'F_dwave': np.complex128(-0.0944418555517691j)}, 'free': np.float64(-17049.076172366695)}]
------------------------------------------
  Seed: px+py
F_onsite: -8.732856104003188e-18j
F_swave: -9.020562075079397e-17j, F_dwave: 0.0944418555517691j
F_px: (1.0664208847604693e-17+0j), F_py: (-1.8172870056966116e-17+0j)
Free_energy = -17049.076172366695
------------------------------------------
[{'stable': {'F_dwave': np.complex128(0.0944418555517691j)}, 'free': np.float64(-17049.076172366695)}, {'stable': {'F_dwave': np.complex128(-0.0944418555517691j)}, 'free': np.float64(-17049.076172366695)}]
------------------------------------------
  Seed: px+i*py
F_onsite: (-4.272781368851284e-18+7.711196146813047e-17j)
F_swave: (7.806255641895632e-18-1.6306400674181987e-16j), F_dwave: (0.015947870253692868+0.09308560266606264j)
F_px: (1.3183898417423734e-16+1.5959455978986625e-16j), F_py: (-5.377642775528102e-17+3.469446951953614e-17j)
Free_energy = -17049.07616185247
------------------------------------------
[{'stable': {'F_dwave': np.complex128(0.0944418555517691j)}, 'free': np.float64(-17049.076172366695)}, {'stable': {'F_dwave': np.complex128(-0.0944418555517691j)}, 'free': np.float64(-17049.076172366695)}, {'stable': {'F_dwave': np.complex128(0.015947870253692868+0.09308560266606264j)}, 'free': np.float64(-17049.07616185247)}]
------------------------------------------
  Seed: d-wave
F_onsite: (1.9007696466816177e-16+0j)
F_swave: (-2.636779683484747e-16+0j), F_dwave: (0.09444185507142812+0j)
F_px: 1.2139131944926691e-17j, F_py: 1.5115058955193407e-17j
Free_energy = -17049.076161852463
------------------------------------------
[{'stable': {'F_dwave': np.complex128(0.0944418555517691j)}, 'free': np.float64(-17049.076172366695)}, {'stable': {'F_dwave': np.complex128(-0.0944418555517691j)}, 'free': np.float64(-17049.076172366695)}, {'stable': {'F_dwave': np.complex128(0.015947870253692868+0.09308560266606264j)}, 'free': np.float64(-17049.07616185247)}, {'stable': {'F_dwave': np.complex128(0.09444185507142812+0j)}, 'free': np.float64(-17049.076161852463)}]
------------------------------------------
  Seed: d-wave+px
F_onsite: (1.9007696466816177e-16+0j)
F_swave: (-2.636779683484747e-16+0j), F_dwave: (0.09444185507142812+0j)
F_px: 1.2139131944926691e-17j, F_py: 1.5115058955193407e-17j
Free_energy = -17049.076161852463
------------------------------------------
[{'stable': {'F_dwave': np.complex128(0.0944418555517691j)}, 'free': np.float64(-17049.076172366695)}, {'stable': {'F_dwave': np.complex128(-0.0944418555517691j)}, 'free': np.float64(-17049.076172366695)}, {'stable': {'F_dwave': np.complex128(0.015947870253692868+0.09308560266606264j)}, 'free': np.float64(-17049.07616185247)}, {'stable': {'F_dwave': np.complex128(0.09444185507142812+0j)}, 'free': np.float64(-17049.076161852463)}]
------------------------------------------
  Seed: d-wave+py
F_onsite: (1.9007696466816177e-16+0j)
F_swave: (-2.636779683484747e-16+0j), F_dwave: (0.09444185507142812+0j)
F_px: 1.2139131944926691e-17j, F_py: 1.5115058955193407e-17j
Free_energy = -17049.076161852463
------------------------------------------
[{'stable': {'F_dwave': np.complex128(0.0944418555517691j)}, 'free': np.float64(-17049.076172366695)}, {'stable': {'F_dwave': np.complex128(-0.0944418555517691j)}, 'free': np.float64(-17049.076172366695)}, {'stable': {'F_dwave': np.complex128(0.015947870253692868+0.09308560266606264j)}, 'free': np.float64(-17049.07616185247)}, {'stable': {'F_dwave': np.complex128(0.09444185507142812+0j)}, 'free': np.float64(-17049.076161852463)}]
------------------------------------------
  Seed: s-wave
F_onsite: (-1.9702371937407619e-16+0j)
F_swave: (2.636779683484747e-16+0j), F_dwave: (-0.09444185507142812+0j)
F_px: -1.2329285575265239e-17j, F_py: -1.5051460043380285e-17j
Free_energy = -17049.076161852463
------------------------------------------
[{'stable': {'F_dwave': np.complex128(0.0944418555517691j)}, 'free': np.float64(-17049.076172366695)}, {'stable': {'F_dwave': np.complex128(-0.0944418555517691j)}, 'free': np.float64(-17049.076172366695)}, {'stable': {'F_dwave': np.complex128(0.015947870253692868+0.09308560266606264j)}, 'free': np.float64(-17049.07616185247)}, {'stable': {'F_dwave': np.complex128(0.09444185507142812+0j)}, 'free': np.float64(-17049.076161852463)}, {'stable': {'F_dwave': np.complex128(-0.09444185507142812+0j)}, 'free': np.float64(-17049.076161852463)}]
------------------------------------------
  Seed: s-wave+px
F_onsite: (1.9007696466816177e-16+0j)
F_swave: (-2.636779683484747e-16+0j), F_dwave: (0.09444185507142812+0j)
F_px: 1.2139131944926691e-17j, F_py: 1.5115058955193407e-17j
Free_energy = -17049.076161852463
------------------------------------------
[{'stable': {'F_dwave': np.complex128(0.0944418555517691j)}, 'free': np.float64(-17049.076172366695)}, {'stable': {'F_dwave': np.complex128(-0.0944418555517691j)}, 'free': np.float64(-17049.076172366695)}, {'stable': {'F_dwave': np.complex128(0.015947870253692868+0.09308560266606264j)}, 'free': np.float64(-17049.07616185247)}, {'stable': {'F_dwave': np.complex128(0.09444185507142812+0j)}, 'free': np.float64(-17049.076161852463)}, {'stable': {'F_dwave': np.complex128(-0.09444185507142812+0j)}, 'free': np.float64(-17049.076161852463)}]
------------------------------------------
  Seed: s-wave+py
F_onsite: (-1.9702371937407619e-16+0j)
F_swave: (2.636779683484747e-16+0j), F_dwave: (-0.09444185507142812+0j)
F_px: -1.2329285575265239e-17j, F_py: -1.5051460043380285e-17j
Free_energy = -17049.076161852463
------------------------------------------
[{'stable': {'F_dwave': np.complex128(0.0944418555517691j)}, 'free': np.float64(-17049.076172366695)}, {'stable': {'F_dwave': np.complex128(-0.0944418555517691j)}, 'free': np.float64(-17049.076172366695)}, {'stable': {'F_dwave': np.complex128(0.015947870253692868+0.09308560266606264j)}, 'free': np.float64(-17049.07616185247)}, {'stable': {'F_dwave': np.complex128(0.09444185507142812+0j)}, 'free': np.float64(-17049.076161852463)}, {'stable': {'F_dwave': np.complex128(-0.09444185507142812+0j)}, 'free': np.float64(-17049.076161852463)}]
------------------------------------------
====================================
mu=0.10, T=0.1557
====================================
  Seed: normal state
F_onsite: 0j
F_swave: 0j, F_dwave: 0j
F_px: 0j, F_py: 0j
Free_energy = -16442.524218238927
------------------------------------------
[{'stable': {}, 'free': np.float64(-16442.524218238927)}]
------------------------------------------
  Seed: px
F_onsite: 1.76594314954737e-16j
F_swave: -3.400058012914542e-16j, F_dwave: 0.0922270432677253j
F_px: (-2.776690029936742e-18+0j), F_py: (-1.7366833373572678e-17+0j)
Free_energy = -17034.59771139669
------------------------------------------
[{'stable': {'F_dwave': np.complex128(0.0922270432677253j)}, 'free': np.float64(-17034.59771139669)}]
------------------------------------------
  Seed: py
F_onsite: -1.76594314954737e-16j
F_swave: 3.400058012914542e-16j, F_dwave: -0.0922270432677253j
F_px: (2.776690029936742e-18+0j), F_py: (1.7366833373572678e-17+0j)
Free_energy = -17034.59771139669
------------------------------------------
[{'stable': {'F_dwave': np.complex128(0.0922270432677253j)}, 'free': np.float64(-17034.59771139669)}, {'stable': {'F_dwave': np.complex128(-0.0922270432677253j)}, 'free': np.float64(-17034.59771139669)}]
------------------------------------------
  Seed: px+py
F_onsite: 1.76594314954737e-16j
F_swave: -3.400058012914542e-16j, F_dwave: 0.0922270432677253j
F_px: (-2.776690029936742e-18+0j), F_py: (-1.7366833373572678e-17+0j)
Free_energy = -17034.59771139669
------------------------------------------
[{'stable': {'F_dwave': np.complex128(0.0922270432677253j)}, 'free': np.float64(-17034.59771139669)}, {'stable': {'F_dwave': np.complex128(-0.0922270432677253j)}, 'free': np.float64(-17034.59771139669)}]
------------------------------------------
  Seed: px+i*py
F_onsite: (-5.492172466062908e-17-4.0445234278796703e-17j)
F_swave: (3.382710778154774e-17-7.979727989493313e-17j), F_dwave: (0.015573867315535398+0.09090259713971366j)
F_px: (-1.1275702593849246e-17-8.326672684688674e-17j), F_py: (-1.734723475976807e-17+6.245004513516506e-17j)
Free_energy = -17034.597711396706
------------------------------------------
[{'stable': {'F_dwave': np.complex128(0.0922270432677253j)}, 'free': np.float64(-17034.59771139669)}, {'stable': {'F_dwave': np.complex128(-0.0922270432677253j)}, 'free': np.float64(-17034.59771139669)}, {'stable': {'F_dwave': np.complex128(0.015573867315535398+0.09090259713971366j)}, 'free': np.float64(-17034.597711396706)}]
------------------------------------------
  Seed: d-wave
F_onsite: (-2.669586460671988e-17+0j)
F_swave: (-7.632783294297951e-17+0j), F_dwave: (0.09222704326774714+0j)
F_px: 9.89253708206207e-18j, F_py: 1.839466792684498e-17j
Free_energy = -17034.597711397197
------------------------------------------
[{'stable': {'F_dwave': np.complex128(0.0922270432677253j)}, 'free': np.float64(-17034.59771139669)}, {'stable': {'F_dwave': np.complex128(-0.0922270432677253j)}, 'free': np.float64(-17034.59771139669)}, {'stable': {'F_dwave': np.complex128(0.015573867315535398+0.09090259713971366j)}, 'free': np.float64(-17034.597711396706)}, {'stable': {'F_dwave': np.complex128(0.09222704326774714+0j)}, 'free': np.float64(-17034.597711397197)}]
------------------------------------------
  Seed: d-wave+px
F_onsite: (-2.669586460671988e-17+0j)
F_swave: (-7.632783294297951e-17+0j), F_dwave: (0.09222704326774714+0j)
F_px: 9.89253708206207e-18j, F_py: 1.839466792684498e-17j
Free_energy = -17034.597711397197
------------------------------------------
[{'stable': {'F_dwave': np.complex128(0.0922270432677253j)}, 'free': np.float64(-17034.59771139669)}, {'stable': {'F_dwave': np.complex128(-0.0922270432677253j)}, 'free': np.float64(-17034.59771139669)}, {'stable': {'F_dwave': np.complex128(0.015573867315535398+0.09090259713971366j)}, 'free': np.float64(-17034.597711396706)}, {'stable': {'F_dwave': np.complex128(0.09222704326774714+0j)}, 'free': np.float64(-17034.597711397197)}]
------------------------------------------
  Seed: d-wave+py
F_onsite: (-2.669586460671988e-17+0j)
F_swave: (-7.632783294297951e-17+0j), F_dwave: (0.09222704326774714+0j)
F_px: 9.89253708206207e-18j, F_py: 1.839466792684498e-17j
Free_energy = -17034.597711397197
------------------------------------------
[{'stable': {'F_dwave': np.complex128(0.0922270432677253j)}, 'free': np.float64(-17034.59771139669)}, {'stable': {'F_dwave': np.complex128(-0.0922270432677253j)}, 'free': np.float64(-17034.59771139669)}, {'stable': {'F_dwave': np.complex128(0.015573867315535398+0.09090259713971366j)}, 'free': np.float64(-17034.597711396706)}, {'stable': {'F_dwave': np.complex128(0.09222704326774714+0j)}, 'free': np.float64(-17034.597711397197)}]
------------------------------------------
  Seed: s-wave
F_onsite: (3.366239296053128e-17+0j)
F_swave: (8.326672684688674e-17+0j), F_dwave: (-0.09222704326774714+0j)
F_px: -6.36715617708762e-18j, F_py: -1.7608422828445977e-17j
Free_energy = -17034.597711397197
------------------------------------------
[{'stable': {'F_dwave': np.complex128(0.0922270432677253j)}, 'free': np.float64(-17034.59771139669)}, {'stable': {'F_dwave': np.complex128(-0.0922270432677253j)}, 'free': np.float64(-17034.59771139669)}, {'stable': {'F_dwave': np.complex128(0.015573867315535398+0.09090259713971366j)}, 'free': np.float64(-17034.597711396706)}, {'stable': {'F_dwave': np.complex128(0.09222704326774714+0j)}, 'free': np.float64(-17034.597711397197)}, {'stable': {'F_dwave': np.complex128(-0.09222704326774714+0j)}, 'free': np.float64(-17034.597711397197)}]
------------------------------------------
  Seed: s-wave+px
F_onsite: (-2.669586460671988e-17+0j)
F_swave: (-7.632783294297951e-17+0j), F_dwave: (0.09222704326774714+0j)
F_px: 9.89253708206207e-18j, F_py: 1.839466792684498e-17j
Free_energy = -17034.597711397197
------------------------------------------
[{'stable': {'F_dwave': np.complex128(0.0922270432677253j)}, 'free': np.float64(-17034.59771139669)}, {'stable': {'F_dwave': np.complex128(-0.0922270432677253j)}, 'free': np.float64(-17034.59771139669)}, {'stable': {'F_dwave': np.complex128(0.015573867315535398+0.09090259713971366j)}, 'free': np.float64(-17034.597711396706)}, {'stable': {'F_dwave': np.complex128(0.09222704326774714+0j)}, 'free': np.float64(-17034.597711397197)}, {'stable': {'F_dwave': np.complex128(-0.09222704326774714+0j)}, 'free': np.float64(-17034.597711397197)}]
------------------------------------------
  Seed: s-wave+py
F_onsite: (3.366239296053128e-17+0j)
F_swave: (8.326672684688674e-17+0j), F_dwave: (-0.09222704326774714+0j)
F_px: -6.36715617708762e-18j, F_py: -1.7608422828445977e-17j
Free_energy = -17034.597711397197
------------------------------------------
[{'stable': {'F_dwave': np.complex128(0.0922270432677253j)}, 'free': np.float64(-17034.59771139669)}, {'stable': {'F_dwave': np.complex128(-0.0922270432677253j)}, 'free': np.float64(-17034.59771139669)}, {'stable': {'F_dwave': np.complex128(0.015573867315535398+0.09090259713971366j)}, 'free': np.float64(-17034.597711396706)}, {'stable': {'F_dwave': np.complex128(0.09222704326774714+0j)}, 'free': np.float64(-17034.597711397197)}, {'stable': {'F_dwave': np.complex128(-0.09222704326774714+0j)}, 'free': np.float64(-17034.597711397197)}]
------------------------------------------
====================================
mu=0.10, T=0.1660
====================================
  Seed: normal state
F_onsite: 0j
F_swave: 0j, F_dwave: 0j
F_px: 0j, F_py: 0j
Free_energy = -16467.383004703566
------------------------------------------
[{'stable': {}, 'free': np.float64(-16467.383004703566)}]
------------------------------------------
  Seed: px
F_onsite: -5.921541503706636e-18j
F_swave: 8.326672684688674e-17j, F_dwave: 0.08961032590122198j
F_px: (1.1454426216553766e-17+0j), F_py: (-1.8062482448177173e-17+0j)
Free_energy = -17018.162251432153
------------------------------------------
[{'stable': {'F_dwave': np.complex128(0.08961032590122198j)}, 'free': np.float64(-17018.162251432153)}]
------------------------------------------
  Seed: py
F_onsite: 5.921541503706636e-18j
F_swave: -8.326672684688674e-17j, F_dwave: -0.08961032590122198j
F_px: (-1.1454426216553766e-17+0j), F_py: (1.8062482448177173e-17+0j)
Free_energy = -17018.162251432153
------------------------------------------
[{'stable': {'F_dwave': np.complex128(0.08961032590122198j)}, 'free': np.float64(-17018.162251432153)}, {'stable': {'F_dwave': np.complex128(-0.08961032590122198j)}, 'free': np.float64(-17018.162251432153)}]
------------------------------------------
  Seed: px+py
F_onsite: -5.921541503706636e-18j
F_swave: 8.326672684688674e-17j, F_dwave: 0.08961032590122198j
F_px: (1.1454426216553766e-17+0j), F_py: (-1.8062482448177173e-17+0j)
Free_energy = -17018.162251432153
------------------------------------------
[{'stable': {'F_dwave': np.complex128(0.08961032590122198j)}, 'free': np.float64(-17018.162251432153)}, {'stable': {'F_dwave': np.complex128(-0.08961032590122198j)}, 'free': np.float64(-17018.162251432153)}]
------------------------------------------
  Seed: px+i*py
F_onsite: (-3.7166715140204164e-17-1.9635892674821994e-16j)
F_swave: (-3.8163916471489756e-17-2.3245294578089215e-16j), F_dwave: (0.015131996822617955+0.08832345770107446j)
F_px: (5.4643789493269423e-17-3.5388358909926865e-16j), F_py: (-1.3877787807814457e-17+2.0816681711721685e-17j)
Free_energy = -17018.162251431102
------------------------------------------
[{'stable': {'F_dwave': np.complex128(0.08961032590122198j)}, 'free': np.float64(-17018.162251432153)}, {'stable': {'F_dwave': np.complex128(-0.08961032590122198j)}, 'free': np.float64(-17018.162251432153)}, {'stable': {'F_dwave': np.complex128(0.015131996822617955+0.08832345770107446j)}, 'free': np.float64(-17018.162251431102)}]
------------------------------------------
  Seed: d-wave
F_onsite: (2.4657227977612427e-17+0j)
F_swave: (-1.1796119636642288e-16+0j), F_dwave: (0.08961032649192813+0j)
F_px: -2.2230353036131405e-17j, F_py: 1.8652923421439186e-17j
Free_energy = -17018.162262388458
------------------------------------------
[{'stable': {'F_dwave': np.complex128(0.08961032590122198j)}, 'free': np.float64(-17018.162251432153)}, {'stable': {'F_dwave': np.complex128(-0.08961032590122198j)}, 'free': np.float64(-17018.162251432153)}, {'stable': {'F_dwave': np.complex128(0.015131996822617955+0.08832345770107446j)}, 'free': np.float64(-17018.162251431102)}, {'stable': {'F_dwave': np.complex128(0.08961032649192813+0j)}, 'free': np.float64(-17018.162262388458)}]
------------------------------------------
  Seed: d-wave+px
F_onsite: (2.4657227977612427e-17+0j)
F_swave: (-1.1796119636642288e-16+0j), F_dwave: (0.08961032649192813+0j)
F_px: -2.2230353036131405e-17j, F_py: 1.8652923421439186e-17j
Free_energy = -17018.162262388458
------------------------------------------
[{'stable': {'F_dwave': np.complex128(0.08961032590122198j)}, 'free': np.float64(-17018.162251432153)}, {'stable': {'F_dwave': np.complex128(-0.08961032590122198j)}, 'free': np.float64(-17018.162251432153)}, {'stable': {'F_dwave': np.complex128(0.015131996822617955+0.08832345770107446j)}, 'free': np.float64(-17018.162251431102)}, {'stable': {'F_dwave': np.complex128(0.08961032649192813+0j)}, 'free': np.float64(-17018.162262388458)}]
------------------------------------------
  Seed: d-wave+py
F_onsite: (2.4657227977612427e-17+0j)
F_swave: (-1.1796119636642288e-16+0j), F_dwave: (0.08961032649192813+0j)
F_px: -2.2230353036131405e-17j, F_py: 1.8652923421439186e-17j
Free_energy = -17018.162262388458
------------------------------------------
[{'stable': {'F_dwave': np.complex128(0.08961032590122198j)}, 'free': np.float64(-17018.162251432153)}, {'stable': {'F_dwave': np.complex128(-0.08961032590122198j)}, 'free': np.float64(-17018.162251432153)}, {'stable': {'F_dwave': np.complex128(0.015131996822617955+0.08832345770107446j)}, 'free': np.float64(-17018.162251431102)}, {'stable': {'F_dwave': np.complex128(0.08961032649192813+0j)}, 'free': np.float64(-17018.162262388458)}]
------------------------------------------
  Seed: s-wave
F_onsite: (-1.1297882283921998e-16+0j)
F_swave: (1.6653345369377348e-16+0j), F_dwave: (-0.08961032590133217+0j)
F_px: 4.487008765954856e-18j, F_py: -1.9167241384079708e-17j
Free_energy = -17018.162251434125
------------------------------------------
[{'stable': {'F_dwave': np.complex128(0.08961032590122198j)}, 'free': np.float64(-17018.162251432153)}, {'stable': {'F_dwave': np.complex128(-0.08961032590122198j)}, 'free': np.float64(-17018.162251432153)}, {'stable': {'F_dwave': np.complex128(0.015131996822617955+0.08832345770107446j)}, 'free': np.float64(-17018.162251431102)}, {'stable': {'F_dwave': np.complex128(0.08961032649192813+0j)}, 'free': np.float64(-17018.162262388458)}, {'stable': {'F_dwave': np.complex128(-0.08961032590133217+0j)}, 'free': np.float64(-17018.162251434125)}]
------------------------------------------
  Seed: s-wave+px
F_onsite: (2.4657227977612427e-17+0j)
F_swave: (-1.1796119636642288e-16+0j), F_dwave: (0.08961032649192813+0j)
F_px: -2.2230353036131405e-17j, F_py: 1.8652923421439186e-17j
Free_energy = -17018.162262388458
------------------------------------------
[{'stable': {'F_dwave': np.complex128(0.08961032590122198j)}, 'free': np.float64(-17018.162251432153)}, {'stable': {'F_dwave': np.complex128(-0.08961032590122198j)}, 'free': np.float64(-17018.162251432153)}, {'stable': {'F_dwave': np.complex128(0.015131996822617955+0.08832345770107446j)}, 'free': np.float64(-17018.162251431102)}, {'stable': {'F_dwave': np.complex128(0.08961032649192813+0j)}, 'free': np.float64(-17018.162262388458)}, {'stable': {'F_dwave': np.complex128(-0.08961032590133217+0j)}, 'free': np.float64(-17018.162251434125)}]
------------------------------------------
  Seed: s-wave+py
F_onsite: (-1.1297882283921998e-16+0j)
F_swave: (1.6653345369377348e-16+0j), F_dwave: (-0.08961032590133217+0j)
F_px: 4.487008765954856e-18j, F_py: -1.9167241384079708e-17j
Free_energy = -17018.162251434125
------------------------------------------
[{'stable': {'F_dwave': np.complex128(0.08961032590122198j)}, 'free': np.float64(-17018.162251432153)}, {'stable': {'F_dwave': np.complex128(-0.08961032590122198j)}, 'free': np.float64(-17018.162251432153)}, {'stable': {'F_dwave': np.complex128(0.015131996822617955+0.08832345770107446j)}, 'free': np.float64(-17018.162251431102)}, {'stable': {'F_dwave': np.complex128(0.08961032649192813+0j)}, 'free': np.float64(-17018.162262388458)}, {'stable': {'F_dwave': np.complex128(-0.08961032590133217+0j)}, 'free': np.float64(-17018.162251434125)}]
------------------------------------------
====================================
mu=0.10, T=0.1763
====================================
  Seed: normal state
F_onsite: 0j
F_swave: 0j, F_dwave: 0j
F_px: 0j, F_py: 0j
Free_energy = -16493.513793949354
------------------------------------------
[{'stable': {}, 'free': np.float64(-16493.513793949354)}]
------------------------------------------
  Seed: px
F_onsite: -4.9657260210669054e-17j
F_swave: -2.983724378680108e-16j, F_dwave: 0.08654448391339752j
F_px: (-9.419955563220724e-18+0j), F_py: (-1.760381625961467e-17+0j)
Free_energy = -16999.7946658264
------------------------------------------
[{'stable': {'F_dwave': np.complex128(0.08654448391339752j)}, 'free': np.float64(-16999.7946658264)}]
------------------------------------------
  Seed: py
F_onsite: 4.9657260210669054e-17j
F_swave: 2.983724378680108e-16j, F_dwave: -0.08654448391339752j
F_px: (9.419955563220724e-18+0j), F_py: (1.760381625961467e-17+0j)
Free_energy = -16999.7946658264
------------------------------------------
[{'stable': {'F_dwave': np.complex128(0.08654448391339752j)}, 'free': np.float64(-16999.7946658264)}, {'stable': {'F_dwave': np.complex128(-0.08654448391339752j)}, 'free': np.float64(-16999.7946658264)}]
------------------------------------------
  Seed: px+py
F_onsite: -4.9657260210669054e-17j
F_swave: -2.983724378680108e-16j, F_dwave: 0.08654448391339752j
F_px: (-9.419955563220724e-18+0j), F_py: (-1.760381625961467e-17+0j)
Free_energy = -16999.7946658264
------------------------------------------
[{'stable': {'F_dwave': np.complex128(0.08654448391339752j)}, 'free': np.float64(-16999.7946658264)}, {'stable': {'F_dwave': np.complex128(-0.08654448391339752j)}, 'free': np.float64(-16999.7946658264)}]
------------------------------------------
  Seed: px+i*py
F_onsite: (5.728808366594168e-17+1.4643072149491366e-17j)
F_swave: (4.0332320816460765e-17+1.3530843112619095e-16j), F_dwave: (0.014614285155439428+0.08530164339107657j)
F_px: (7.19910242530375e-17+4.579669976578771e-16j), F_py: (-1.3010426069826053e-17+3.469446951953614e-17j)
Free_energy = -16999.79466582497
------------------------------------------
[{'stable': {'F_dwave': np.complex128(0.08654448391339752j)}, 'free': np.float64(-16999.7946658264)}, {'stable': {'F_dwave': np.complex128(-0.08654448391339752j)}, 'free': np.float64(-16999.7946658264)}, {'stable': {'F_dwave': np.complex128(0.014614285155439428+0.08530164339107657j)}, 'free': np.float64(-16999.79466582497)}]
------------------------------------------
  Seed: d-wave
F_onsite: (1.6357390985267672e-16+0j)
F_swave: (1.8041124150158794e-16+0j), F_dwave: (0.08654448391421384+0j)
F_px: -6.831537067178605e-18j, F_py: 1.6381006493968462e-17j
Free_energy = -16999.794665840014
------------------------------------------
[{'stable': {'F_dwave': np.complex128(0.08654448391339752j)}, 'free': np.float64(-16999.7946658264)}, {'stable': {'F_dwave': np.complex128(-0.08654448391339752j)}, 'free': np.float64(-16999.7946658264)}, {'stable': {'F_dwave': np.complex128(0.014614285155439428+0.08530164339107657j)}, 'free': np.float64(-16999.79466582497)}, {'stable': {'F_dwave': np.complex128(0.08654448391421384+0j)}, 'free': np.float64(-16999.794665840014)}]
------------------------------------------
  Seed: d-wave+px
F_onsite: (1.6357390985267672e-16+0j)
F_swave: (1.8041124150158794e-16+0j), F_dwave: (0.08654448391421384+0j)
F_px: -6.831537067178605e-18j, F_py: 1.6381006493968462e-17j
Free_energy = -16999.794665840014
------------------------------------------
[{'stable': {'F_dwave': np.complex128(0.08654448391339752j)}, 'free': np.float64(-16999.7946658264)}, {'stable': {'F_dwave': np.complex128(-0.08654448391339752j)}, 'free': np.float64(-16999.7946658264)}, {'stable': {'F_dwave': np.complex128(0.014614285155439428+0.08530164339107657j)}, 'free': np.float64(-16999.79466582497)}, {'stable': {'F_dwave': np.complex128(0.08654448391421384+0j)}, 'free': np.float64(-16999.794665840014)}]
------------------------------------------
  Seed: d-wave+py
F_onsite: (1.6357390985267672e-16+0j)
F_swave: (1.8041124150158794e-16+0j), F_dwave: (0.08654448391421384+0j)
F_px: -6.831537067178605e-18j, F_py: 1.6381006493968462e-17j
Free_energy = -16999.794665840014
------------------------------------------
[{'stable': {'F_dwave': np.complex128(0.08654448391339752j)}, 'free': np.float64(-16999.7946658264)}, {'stable': {'F_dwave': np.complex128(-0.08654448391339752j)}, 'free': np.float64(-16999.7946658264)}, {'stable': {'F_dwave': np.complex128(0.014614285155439428+0.08530164339107657j)}, 'free': np.float64(-16999.79466582497)}, {'stable': {'F_dwave': np.complex128(0.08654448391421384+0j)}, 'free': np.float64(-16999.794665840014)}]
------------------------------------------
  Seed: s-wave
F_onsite: (9.777373291804481e-17+0j)
F_swave: (2.0816681711721685e-16+0j), F_dwave: (-0.08654448391332023+0j)
F_px: 3.250716657721446e-17j, F_py: -1.7667029403921648e-17j
Free_energy = -16999.79466582497
------------------------------------------
[{'stable': {'F_dwave': np.complex128(0.08654448391339752j)}, 'free': np.float64(-16999.7946658264)}, {'stable': {'F_dwave': np.complex128(-0.08654448391339752j)}, 'free': np.float64(-16999.7946658264)}, {'stable': {'F_dwave': np.complex128(0.014614285155439428+0.08530164339107657j)}, 'free': np.float64(-16999.79466582497)}, {'stable': {'F_dwave': np.complex128(0.08654448391421384+0j)}, 'free': np.float64(-16999.794665840014)}, {'stable': {'F_dwave': np.complex128(-0.08654448391332023+0j)}, 'free': np.float64(-16999.79466582497)}]
------------------------------------------
  Seed: s-wave+px
F_onsite: (1.6357390985267672e-16+0j)
F_swave: (1.8041124150158794e-16+0j), F_dwave: (0.08654448391421384+0j)
F_px: -6.831537067178605e-18j, F_py: 1.6381006493968462e-17j
Free_energy = -16999.794665840014
------------------------------------------
[{'stable': {'F_dwave': np.complex128(0.08654448391339752j)}, 'free': np.float64(-16999.7946658264)}, {'stable': {'F_dwave': np.complex128(-0.08654448391339752j)}, 'free': np.float64(-16999.7946658264)}, {'stable': {'F_dwave': np.complex128(0.014614285155439428+0.08530164339107657j)}, 'free': np.float64(-16999.79466582497)}, {'stable': {'F_dwave': np.complex128(0.08654448391421384+0j)}, 'free': np.float64(-16999.794665840014)}, {'stable': {'F_dwave': np.complex128(-0.08654448391332023+0j)}, 'free': np.float64(-16999.79466582497)}]
------------------------------------------
  Seed: s-wave+py
F_onsite: (9.777373291804481e-17+0j)
F_swave: (2.0816681711721685e-16+0j), F_dwave: (-0.08654448391332023+0j)
F_px: 3.250716657721446e-17j, F_py: -1.7667029403921648e-17j
Free_energy = -16999.79466582497
------------------------------------------
[{'stable': {'F_dwave': np.complex128(0.08654448391339752j)}, 'free': np.float64(-16999.7946658264)}, {'stable': {'F_dwave': np.complex128(-0.08654448391339752j)}, 'free': np.float64(-16999.7946658264)}, {'stable': {'F_dwave': np.complex128(0.014614285155439428+0.08530164339107657j)}, 'free': np.float64(-16999.79466582497)}, {'stable': {'F_dwave': np.complex128(0.08654448391421384+0j)}, 'free': np.float64(-16999.794665840014)}, {'stable': {'F_dwave': np.complex128(-0.08654448391332023+0j)}, 'free': np.float64(-16999.79466582497)}]
------------------------------------------
====================================
mu=0.10, T=0.1866
====================================
  Seed: normal state
F_onsite: 0j
F_swave: 0j, F_dwave: 0j
F_px: 0j, F_py: 0j
Free_energy = -16520.893612211574
------------------------------------------
[{'stable': {}, 'free': np.float64(-16520.893612211574)}]
------------------------------------------
  Seed: px
F_onsite: 6.99211867498583e-17j
F_swave: 1.3877787807814457e-16j, F_dwave: 0.08297058502662552j
F_px: (1.1757823366309706e-17+0j), F_py: (-1.9080060269829375e-17+0j)
Free_energy = -16979.53399431772
------------------------------------------
[{'stable': {'F_dwave': np.complex128(0.08297058502662552j)}, 'free': np.float64(-16979.53399431772)}]
------------------------------------------
  Seed: py
F_onsite: -6.99211867498583e-17j
F_swave: -1.3877787807814457e-16j, F_dwave: -0.08297058502662552j
F_px: (-1.1757823366309706e-17+0j), F_py: (1.9080060269829375e-17+0j)
Free_energy = -16979.53399431772
------------------------------------------
[{'stable': {'F_dwave': np.complex128(0.08297058502662552j)}, 'free': np.float64(-16979.53399431772)}, {'stable': {'F_dwave': np.complex128(-0.08297058502662552j)}, 'free': np.float64(-16979.53399431772)}]
------------------------------------------
  Seed: px+py
F_onsite: 6.99211867498583e-17j
F_swave: 1.3877787807814457e-16j, F_dwave: 0.08297058502662552j
F_px: (1.1757823366309706e-17+0j), F_py: (-1.9080060269829375e-17+0j)
Free_energy = -16979.53399431772
------------------------------------------
[{'stable': {'F_dwave': np.complex128(0.08297058502662552j)}, 'free': np.float64(-16979.53399431772)}, {'stable': {'F_dwave': np.complex128(-0.08297058502662552j)}, 'free': np.float64(-16979.53399431772)}]
------------------------------------------
  Seed: px+i*py
F_onsite: (1.5384974163202933e-17-3.830156263414103e-17j)
F_swave: (-7.849623728795052e-17+1.3877787807814457e-17j), F_dwave: (0.014010780109161106+0.08177906451056552j)
F_px: (2.5760643618255585e-16+5.828670879282072e-16j), F_py: (-3.729655473350135e-17+0j)
Free_energy = -16979.533936490843
------------------------------------------
[{'stable': {'F_dwave': np.complex128(0.08297058502662552j)}, 'free': np.float64(-16979.53399431772)}, {'stable': {'F_dwave': np.complex128(-0.08297058502662552j)}, 'free': np.float64(-16979.53399431772)}, {'stable': {'F_dwave': np.complex128(0.014010780109161106+0.08177906451056552j)}, 'free': np.float64(-16979.533936490843)}]
------------------------------------------
  Seed: d-wave
F_onsite: (2.1490296574426488e-16+0j)
F_swave: (-1.942890293094024e-16+0j), F_dwave: (0.08297058136434901+0j)
F_px: 1.4202424351787937e-18j, F_py: 1.923840414576795e-17j
Free_energy = -16979.53393837321
------------------------------------------
[{'stable': {'F_dwave': np.complex128(0.08297058502662552j)}, 'free': np.float64(-16979.53399431772)}, {'stable': {'F_dwave': np.complex128(-0.08297058502662552j)}, 'free': np.float64(-16979.53399431772)}, {'stable': {'F_dwave': np.complex128(0.014010780109161106+0.08177906451056552j)}, 'free': np.float64(-16979.533936490843)}, {'stable': {'F_dwave': np.complex128(0.08297058136434901+0j)}, 'free': np.float64(-16979.53393837321)}]
------------------------------------------
  Seed: d-wave+px
F_onsite: (2.1490296574426488e-16+0j)
F_swave: (-1.942890293094024e-16+0j), F_dwave: (0.08297058136434901+0j)
F_px: 1.4202424351787937e-18j, F_py: 1.923840414576795e-17j
Free_energy = -16979.53393837321
------------------------------------------
[{'stable': {'F_dwave': np.complex128(0.08297058502662552j)}, 'free': np.float64(-16979.53399431772)}, {'stable': {'F_dwave': np.complex128(-0.08297058502662552j)}, 'free': np.float64(-16979.53399431772)}, {'stable': {'F_dwave': np.complex128(0.014010780109161106+0.08177906451056552j)}, 'free': np.float64(-16979.533936490843)}, {'stable': {'F_dwave': np.complex128(0.08297058136434901+0j)}, 'free': np.float64(-16979.53393837321)}]
------------------------------------------
  Seed: d-wave+py
F_onsite: (2.1490296574426488e-16+0j)
F_swave: (-1.942890293094024e-16+0j), F_dwave: (0.08297058136434901+0j)
F_px: 1.4202424351787937e-18j, F_py: 1.923840414576795e-17j
Free_energy = -16979.53393837321
------------------------------------------
[{'stable': {'F_dwave': np.complex128(0.08297058502662552j)}, 'free': np.float64(-16979.53399431772)}, {'stable': {'F_dwave': np.complex128(-0.08297058502662552j)}, 'free': np.float64(-16979.53399431772)}, {'stable': {'F_dwave': np.complex128(0.014010780109161106+0.08177906451056552j)}, 'free': np.float64(-16979.533936490843)}, {'stable': {'F_dwave': np.complex128(0.08297058136434901+0j)}, 'free': np.float64(-16979.53393837321)}]
------------------------------------------
  Seed: s-wave
F_onsite: (-6.566865452944564e-17+0j)
F_swave: (-1.3183898417423734e-16+0j), F_dwave: (-0.08297058502662552+0j)
F_px: 1.368876318257083e-17j, F_py: -1.921249808975371e-17j
Free_energy = -16979.53399431772
------------------------------------------
[{'stable': {'F_dwave': np.complex128(0.08297058502662552j)}, 'free': np.float64(-16979.53399431772)}, {'stable': {'F_dwave': np.complex128(-0.08297058502662552j)}, 'free': np.float64(-16979.53399431772)}, {'stable': {'F_dwave': np.complex128(0.014010780109161106+0.08177906451056552j)}, 'free': np.float64(-16979.533936490843)}, {'stable': {'F_dwave': np.complex128(0.08297058136434901+0j)}, 'free': np.float64(-16979.53393837321)}, {'stable': {'F_dwave': np.complex128(-0.08297058502662552+0j)}, 'free': np.float64(-16979.53399431772)}]
------------------------------------------
  Seed: s-wave+px
F_onsite: (2.1490296574426488e-16+0j)
F_swave: (-1.942890293094024e-16+0j), F_dwave: (0.08297058136434901+0j)
F_px: 1.4202424351787937e-18j, F_py: 1.923840414576795e-17j
Free_energy = -16979.53393837321
------------------------------------------
[{'stable': {'F_dwave': np.complex128(0.08297058502662552j)}, 'free': np.float64(-16979.53399431772)}, {'stable': {'F_dwave': np.complex128(-0.08297058502662552j)}, 'free': np.float64(-16979.53399431772)}, {'stable': {'F_dwave': np.complex128(0.014010780109161106+0.08177906451056552j)}, 'free': np.float64(-16979.533936490843)}, {'stable': {'F_dwave': np.complex128(0.08297058136434901+0j)}, 'free': np.float64(-16979.53393837321)}, {'stable': {'F_dwave': np.complex128(-0.08297058502662552+0j)}, 'free': np.float64(-16979.53399431772)}]
------------------------------------------
  Seed: s-wave+py
F_onsite: (-6.566865452944564e-17+0j)
F_swave: (-1.3183898417423734e-16+0j), F_dwave: (-0.08297058502662552+0j)
F_px: 1.368876318257083e-17j, F_py: -1.921249808975371e-17j
Free_energy = -16979.53399431772
------------------------------------------
[{'stable': {'F_dwave': np.complex128(0.08297058502662552j)}, 'free': np.float64(-16979.53399431772)}, {'stable': {'F_dwave': np.complex128(-0.08297058502662552j)}, 'free': np.float64(-16979.53399431772)}, {'stable': {'F_dwave': np.complex128(0.014010780109161106+0.08177906451056552j)}, 'free': np.float64(-16979.533936490843)}, {'stable': {'F_dwave': np.complex128(0.08297058136434901+0j)}, 'free': np.float64(-16979.53393837321)}, {'stable': {'F_dwave': np.complex128(-0.08297058502662552+0j)}, 'free': np.float64(-16979.53399431772)}]
------------------------------------------
====================================
mu=0.10, T=0.1969
====================================
  Seed: normal state
F_onsite: 0j
F_swave: 0j, F_dwave: 0j
F_px: 0j, F_py: 0j
Free_energy = -16549.501010747797
------------------------------------------
[{'stable': {}, 'free': np.float64(-16549.501010747797)}]
------------------------------------------
  Seed: px
F_onsite: -6.162296047556308e-17j
F_swave: 1.942890293094024e-16j, F_dwave: 0.07881166290122828j
F_px: (2.924900099434696e-17+0j), F_py: (-2.0053818114107412e-17+0j)
Free_energy = -16957.429410803168
------------------------------------------
[{'stable': {'F_dwave': np.complex128(0.07881166290122828j)}, 'free': np.float64(-16957.429410803168)}]
------------------------------------------
  Seed: py
F_onsite: 6.162296047556308e-17j
F_swave: -1.942890293094024e-16j, F_dwave: -0.07881166290122828j
F_px: (-2.924900099434696e-17+0j), F_py: (2.0053818114107412e-17+0j)
Free_energy = -16957.429410803168
------------------------------------------
[{'stable': {'F_dwave': np.complex128(0.07881166290122828j)}, 'free': np.float64(-16957.429410803168)}, {'stable': {'F_dwave': np.complex128(-0.07881166290122828j)}, 'free': np.float64(-16957.429410803168)}]
------------------------------------------
  Seed: px+py
F_onsite: -6.162296047556308e-17j
F_swave: 1.942890293094024e-16j, F_dwave: 0.07881166290122828j
F_px: (2.924900099434696e-17+0j), F_py: (-2.0053818114107412e-17+0j)
Free_energy = -16957.429410803168
------------------------------------------
[{'stable': {'F_dwave': np.complex128(0.07881166290122828j)}, 'free': np.float64(-16957.429410803168)}, {'stable': {'F_dwave': np.complex128(-0.07881166290122828j)}, 'free': np.float64(-16957.429410803168)}]
------------------------------------------
  Seed: px+i*py
F_onsite: (1.5541919276725682e-17+2.447302515999798e-17j)
F_swave: (-1.2576745200831851e-17-4.163336342344337e-17j), F_dwave: (0.013308488057351998+0.07767987898608421j)
F_px: (2.6020852139652106e-17-4.649058915617843e-16j), F_py: (-8.673617379884035e-19-2.7755575615628914e-17j)
Free_energy = -16957.429518830613
------------------------------------------
[{'stable': {'F_dwave': np.complex128(0.07881166290122828j)}, 'free': np.float64(-16957.429410803168)}, {'stable': {'F_dwave': np.complex128(-0.07881166290122828j)}, 'free': np.float64(-16957.429410803168)}, {'stable': {'F_dwave': np.complex128(0.013308488057351998+0.07767987898608421j)}, 'free': np.float64(-16957.429518830613)}]
------------------------------------------
  Seed: d-wave
F_onsite: (-3.6210433501994725e-17+0j)
F_swave: (-1.0408340855860843e-16+0j), F_dwave: (0.07881166142344143+0j)
F_px: -4.245226850755811e-17j, F_py: 1.694987456429046e-17j
Free_energy = -16957.429390582103
------------------------------------------
[{'stable': {'F_dwave': np.complex128(0.07881166290122828j)}, 'free': np.float64(-16957.429410803168)}, {'stable': {'F_dwave': np.complex128(-0.07881166290122828j)}, 'free': np.float64(-16957.429410803168)}, {'stable': {'F_dwave': np.complex128(0.013308488057351998+0.07767987898608421j)}, 'free': np.float64(-16957.429518830613)}, {'stable': {'F_dwave': np.complex128(0.07881166142344143+0j)}, 'free': np.float64(-16957.429390582103)}]
------------------------------------------
  Seed: d-wave+px
F_onsite: (-3.6210433501994725e-17+0j)
F_swave: (-1.0408340855860843e-16+0j), F_dwave: (0.07881166142344143+0j)
F_px: -4.245226850755811e-17j, F_py: 1.694987456429046e-17j
Free_energy = -16957.429390582103
------------------------------------------
[{'stable': {'F_dwave': np.complex128(0.07881166290122828j)}, 'free': np.float64(-16957.429410803168)}, {'stable': {'F_dwave': np.complex128(-0.07881166290122828j)}, 'free': np.float64(-16957.429410803168)}, {'stable': {'F_dwave': np.complex128(0.013308488057351998+0.07767987898608421j)}, 'free': np.float64(-16957.429518830613)}, {'stable': {'F_dwave': np.complex128(0.07881166142344143+0j)}, 'free': np.float64(-16957.429390582103)}]
------------------------------------------
  Seed: d-wave+py
F_onsite: (-3.6210433501994725e-17+0j)
F_swave: (-1.0408340855860843e-16+0j), F_dwave: (0.07881166142344143+0j)
F_px: -4.245226850755811e-17j, F_py: 1.694987456429046e-17j
Free_energy = -16957.429390582103
------------------------------------------
[{'stable': {'F_dwave': np.complex128(0.07881166290122828j)}, 'free': np.float64(-16957.429410803168)}, {'stable': {'F_dwave': np.complex128(-0.07881166290122828j)}, 'free': np.float64(-16957.429410803168)}, {'stable': {'F_dwave': np.complex128(0.013308488057351998+0.07767987898608421j)}, 'free': np.float64(-16957.429518830613)}, {'stable': {'F_dwave': np.complex128(0.07881166142344143+0j)}, 'free': np.float64(-16957.429390582103)}]
------------------------------------------
  Seed: s-wave
F_onsite: (8.402999948531392e-17+0j)
F_swave: (1.3877787807814457e-17+0j), F_dwave: (-0.07881166790099896+0j)
F_px: 2.5269997343375725e-17j, F_py: -2.0663597877298334e-17j
Free_energy = -16957.4294792166
------------------------------------------
[{'stable': {'F_dwave': np.complex128(0.07881166290122828j)}, 'free': np.float64(-16957.429410803168)}, {'stable': {'F_dwave': np.complex128(-0.07881166290122828j)}, 'free': np.float64(-16957.429410803168)}, {'stable': {'F_dwave': np.complex128(0.013308488057351998+0.07767987898608421j)}, 'free': np.float64(-16957.429518830613)}, {'stable': {'F_dwave': np.complex128(0.07881166142344143+0j)}, 'free': np.float64(-16957.429390582103)}, {'stable': {'F_dwave': np.complex128(-0.07881166790099896+0j)}, 'free': np.float64(-16957.4294792166)}]
------------------------------------------
  Seed: s-wave+px
F_onsite: (-3.6210433501994725e-17+0j)
F_swave: (-1.0408340855860843e-16+0j), F_dwave: (0.07881166142344143+0j)
F_px: -4.245226850755811e-17j, F_py: 1.694987456429046e-17j
Free_energy = -16957.429390582103
------------------------------------------
[{'stable': {'F_dwave': np.complex128(0.07881166290122828j)}, 'free': np.float64(-16957.429410803168)}, {'stable': {'F_dwave': np.complex128(-0.07881166290122828j)}, 'free': np.float64(-16957.429410803168)}, {'stable': {'F_dwave': np.complex128(0.013308488057351998+0.07767987898608421j)}, 'free': np.float64(-16957.429518830613)}, {'stable': {'F_dwave': np.complex128(0.07881166142344143+0j)}, 'free': np.float64(-16957.429390582103)}, {'stable': {'F_dwave': np.complex128(-0.07881166790099896+0j)}, 'free': np.float64(-16957.4294792166)}]
------------------------------------------
  Seed: s-wave+py
F_onsite: (8.402999948531392e-17+0j)
F_swave: (1.3877787807814457e-17+0j), F_dwave: (-0.07881166790099896+0j)
F_px: 2.5269997343375725e-17j, F_py: -2.0663597877298334e-17j
Free_energy = -16957.4294792166
------------------------------------------
[{'stable': {'F_dwave': np.complex128(0.07881166290122828j)}, 'free': np.float64(-16957.429410803168)}, {'stable': {'F_dwave': np.complex128(-0.07881166290122828j)}, 'free': np.float64(-16957.429410803168)}, {'stable': {'F_dwave': np.complex128(0.013308488057351998+0.07767987898608421j)}, 'free': np.float64(-16957.429518830613)}, {'stable': {'F_dwave': np.complex128(0.07881166142344143+0j)}, 'free': np.float64(-16957.429390582103)}, {'stable': {'F_dwave': np.complex128(-0.07881166790099896+0j)}, 'free': np.float64(-16957.4294792166)}]
------------------------------------------
====================================
mu=0.10, T=0.2072
====================================
  Seed: normal state
F_onsite: 0j
F_swave: 0j, F_dwave: 0j
F_px: 0j, F_py: 0j
Free_energy = -16579.31588007349
------------------------------------------
[{'stable': {}, 'free': np.float64(-16579.31588007349)}]
------------------------------------------
  Seed: px
F_onsite: -1.0956331129707166e-16j
F_swave: 8.326672684688674e-17j, F_dwave: 0.07396227090673431j
F_px: (1.9711102767264697e-17+0j), F_py: (-1.7319048110206296e-17+0j)
Free_energy = -16933.537814554336
------------------------------------------
[{'stable': {'F_dwave': np.complex128(0.07396227090673431j)}, 'free': np.float64(-16933.537814554336)}]
------------------------------------------
  Seed: py
F_onsite: 1.0956331129707166e-16j
F_swave: -8.326672684688674e-17j, F_dwave: -0.07396227090673431j
F_px: (-1.9711102767264697e-17+0j), F_py: (1.7319048110206296e-17+0j)
Free_energy = -16933.537814554336
------------------------------------------
[{'stable': {'F_dwave': np.complex128(0.07396227090673431j)}, 'free': np.float64(-16933.537814554336)}, {'stable': {'F_dwave': np.complex128(-0.07396227090673431j)}, 'free': np.float64(-16933.537814554336)}]
------------------------------------------
  Seed: px+py
F_onsite: -1.0956331129707166e-16j
F_swave: 8.326672684688674e-17j, F_dwave: 0.07396227090673431j
F_px: (1.9711102767264697e-17+0j), F_py: (-1.7319048110206296e-17+0j)
Free_energy = -16933.537814554336
------------------------------------------
[{'stable': {'F_dwave': np.complex128(0.07396227090673431j)}, 'free': np.float64(-16933.537814554336)}, {'stable': {'F_dwave': np.complex128(-0.07396227090673431j)}, 'free': np.float64(-16933.537814554336)}]
------------------------------------------
  Seed: px+i*py
F_onsite: (6.4295975599874104e-18-1.9012390691867943e-16j)
F_swave: (-1.0842021724855044e-17-8.326672684688674e-17j), F_dwave: (0.012489596897445901+0.07290011993831486j)
F_px: (-5.377642775528102e-17-6.106226635438361e-16j), F_py: (-2.5153490401663703e-17-6.938893903907228e-17j)
Free_energy = -16933.537814554355
------------------------------------------
[{'stable': {'F_dwave': np.complex128(0.07396227090673431j)}, 'free': np.float64(-16933.537814554336)}, {'stable': {'F_dwave': np.complex128(-0.07396227090673431j)}, 'free': np.float64(-16933.537814554336)}, {'stable': {'F_dwave': np.complex128(0.012489596897445901+0.07290011993831486j)}, 'free': np.float64(-16933.537814554355)}]
------------------------------------------
  Seed: d-wave
F_onsite: (5.860944555108135e-17+0j)
F_swave: (2.0816681711721685e-17+0j), F_dwave: (0.07396228829826865+0j)
F_px: -4.8853810169119254e-18j, F_py: 1.6318897470722254e-17j
Free_energy = -16933.538025246726
------------------------------------------
[{'stable': {'F_dwave': np.complex128(0.07396227090673431j)}, 'free': np.float64(-16933.537814554336)}, {'stable': {'F_dwave': np.complex128(-0.07396227090673431j)}, 'free': np.float64(-16933.537814554336)}, {'stable': {'F_dwave': np.complex128(0.012489596897445901+0.07290011993831486j)}, 'free': np.float64(-16933.537814554355)}, {'stable': {'F_dwave': np.complex128(0.07396228829826865+0j)}, 'free': np.float64(-16933.538025246726)}]
------------------------------------------
  Seed: d-wave+px
F_onsite: (5.860944555108135e-17+0j)
F_swave: (2.0816681711721685e-17+0j), F_dwave: (0.07396228829826865+0j)
F_px: -4.8853810169119254e-18j, F_py: 1.6318897470722254e-17j
Free_energy = -16933.538025246726
------------------------------------------
[{'stable': {'F_dwave': np.complex128(0.07396227090673431j)}, 'free': np.float64(-16933.537814554336)}, {'stable': {'F_dwave': np.complex128(-0.07396227090673431j)}, 'free': np.float64(-16933.537814554336)}, {'stable': {'F_dwave': np.complex128(0.012489596897445901+0.07290011993831486j)}, 'free': np.float64(-16933.537814554355)}, {'stable': {'F_dwave': np.complex128(0.07396228829826865+0j)}, 'free': np.float64(-16933.538025246726)}]
------------------------------------------
  Seed: d-wave+py
F_onsite: (5.860944555108135e-17+0j)
F_swave: (2.0816681711721685e-17+0j), F_dwave: (0.07396228829826865+0j)
F_px: -4.8853810169119254e-18j, F_py: 1.6318897470722254e-17j
Free_energy = -16933.538025246726
------------------------------------------
[{'stable': {'F_dwave': np.complex128(0.07396227090673431j)}, 'free': np.float64(-16933.537814554336)}, {'stable': {'F_dwave': np.complex128(-0.07396227090673431j)}, 'free': np.float64(-16933.537814554336)}, {'stable': {'F_dwave': np.complex128(0.012489596897445901+0.07290011993831486j)}, 'free': np.float64(-16933.537814554355)}, {'stable': {'F_dwave': np.complex128(0.07396228829826865+0j)}, 'free': np.float64(-16933.538025246726)}]
------------------------------------------
  Seed: s-wave
F_onsite: (-6.291893081102951e-17+0j)
F_swave: (2.0816681711721685e-17+0j), F_dwave: (-0.07396227457602175+0j)
F_px: 2.797078009366954e-17j, F_py: -1.6103380111614932e-17j
Free_energy = -16933.53785900655
------------------------------------------
[{'stable': {'F_dwave': np.complex128(0.07396227090673431j)}, 'free': np.float64(-16933.537814554336)}, {'stable': {'F_dwave': np.complex128(-0.07396227090673431j)}, 'free': np.float64(-16933.537814554336)}, {'stable': {'F_dwave': np.complex128(0.012489596897445901+0.07290011993831486j)}, 'free': np.float64(-16933.537814554355)}, {'stable': {'F_dwave': np.complex128(0.07396228829826865+0j)}, 'free': np.float64(-16933.538025246726)}, {'stable': {'F_dwave': np.complex128(-0.07396227457602175+0j)}, 'free': np.float64(-16933.53785900655)}]
------------------------------------------
  Seed: s-wave+px
F_onsite: (5.860944555108135e-17+0j)
F_swave: (2.0816681711721685e-17+0j), F_dwave: (0.07396228829826865+0j)
F_px: -4.8853810169119254e-18j, F_py: 1.6318897470722254e-17j
Free_energy = -16933.538025246726
------------------------------------------
[{'stable': {'F_dwave': np.complex128(0.07396227090673431j)}, 'free': np.float64(-16933.537814554336)}, {'stable': {'F_dwave': np.complex128(-0.07396227090673431j)}, 'free': np.float64(-16933.537814554336)}, {'stable': {'F_dwave': np.complex128(0.012489596897445901+0.07290011993831486j)}, 'free': np.float64(-16933.537814554355)}, {'stable': {'F_dwave': np.complex128(0.07396228829826865+0j)}, 'free': np.float64(-16933.538025246726)}, {'stable': {'F_dwave': np.complex128(-0.07396227457602175+0j)}, 'free': np.float64(-16933.53785900655)}]
------------------------------------------
  Seed: s-wave+py
F_onsite: (-6.291893081102951e-17+0j)
F_swave: (2.0816681711721685e-17+0j), F_dwave: (-0.07396227457602175+0j)
F_px: 2.797078009366954e-17j, F_py: -1.6103380111614932e-17j
Free_energy = -16933.53785900655
------------------------------------------
[{'stable': {'F_dwave': np.complex128(0.07396227090673431j)}, 'free': np.float64(-16933.537814554336)}, {'stable': {'F_dwave': np.complex128(-0.07396227090673431j)}, 'free': np.float64(-16933.537814554336)}, {'stable': {'F_dwave': np.complex128(0.012489596897445901+0.07290011993831486j)}, 'free': np.float64(-16933.537814554355)}, {'stable': {'F_dwave': np.complex128(0.07396228829826865+0j)}, 'free': np.float64(-16933.538025246726)}, {'stable': {'F_dwave': np.complex128(-0.07396227457602175+0j)}, 'free': np.float64(-16933.53785900655)}]
------------------------------------------
====================================
mu=0.10, T=0.2175
====================================
  Seed: normal state
F_onsite: 0j
F_swave: 0j, F_dwave: 0j
F_px: 0j, F_py: 0j
Free_energy = -16610.319295661942
------------------------------------------
[{'stable': {}, 'free': np.float64(-16610.319295661942)}]
------------------------------------------
  Seed: px
F_onsite: -4.04872682888042e-17j
F_swave: 6.938893903907228e-17j, F_dwave: 0.06826941420898758j
F_px: (1.5826985568146157e-17+0j), F_py: (-1.7353482041344378e-17+0j)
Free_energy = -16907.921254987763
------------------------------------------
[{'stable': {'F_dwave': np.complex128(0.06826941420898758j)}, 'free': np.float64(-16907.921254987763)}]
------------------------------------------
  Seed: py
F_onsite: 4.04872682888042e-17j
F_swave: -6.938893903907228e-17j, F_dwave: -0.06826941420898758j
F_px: (-1.5826985568146157e-17+0j), F_py: (1.7353482041344378e-17+0j)
Free_energy = -16907.921254987763
------------------------------------------
[{'stable': {'F_dwave': np.complex128(0.06826941420898758j)}, 'free': np.float64(-16907.921254987763)}, {'stable': {'F_dwave': np.complex128(-0.06826941420898758j)}, 'free': np.float64(-16907.921254987763)}]
------------------------------------------
  Seed: px+py
F_onsite: -4.04872682888042e-17j
F_swave: 6.938893903907228e-17j, F_dwave: 0.06826941420898758j
F_px: (1.5826985568146157e-17+0j), F_py: (-1.7353482041344378e-17+0j)
Free_energy = -16907.921254987763
------------------------------------------
[{'stable': {'F_dwave': np.complex128(0.06826941420898758j)}, 'free': np.float64(-16907.921254987763)}, {'stable': {'F_dwave': np.complex128(-0.06826941420898758j)}, 'free': np.float64(-16907.921254987763)}]
------------------------------------------
  Seed: px+i*py
F_onsite: (1.9478532609640564e-17+6.881229489044932e-17j)
F_swave: (3.2959746043559335e-17-2.7755575615628914e-17j), F_dwave: (0.011528275783784922+0.06728901614845689j)
F_px: (5.984795992119984e-17+5.620504062164855e-16j), F_py: (-2.949029909160572e-17-1.3877787807814457e-17j)
Free_energy = -16907.921248828643
------------------------------------------
[{'stable': {'F_dwave': np.complex128(0.06826941420898758j)}, 'free': np.float64(-16907.921254987763)}, {'stable': {'F_dwave': np.complex128(-0.06826941420898758j)}, 'free': np.float64(-16907.921254987763)}, {'stable': {'F_dwave': np.complex128(0.011528275783784922+0.06728901614845689j)}, 'free': np.float64(-16907.921248828643)}]
------------------------------------------
  Seed: d-wave
F_onsite: (-1.5103508340834718e-16+0j)
F_swave: (-2.498001805406602e-16+0j), F_dwave: (0.06826941934461658+0j)
F_px: -3.8349084987512814e-17j, F_py: 1.6206024126646024e-17j
Free_energy = -16907.9213092022
------------------------------------------
[{'stable': {'F_dwave': np.complex128(0.06826941420898758j)}, 'free': np.float64(-16907.921254987763)}, {'stable': {'F_dwave': np.complex128(-0.06826941420898758j)}, 'free': np.float64(-16907.921254987763)}, {'stable': {'F_dwave': np.complex128(0.011528275783784922+0.06728901614845689j)}, 'free': np.float64(-16907.921248828643)}, {'stable': {'F_dwave': np.complex128(0.06826941934461658+0j)}, 'free': np.float64(-16907.9213092022)}]
------------------------------------------
  Seed: d-wave+px
F_onsite: (-1.5103508340834718e-16+0j)
F_swave: (-2.498001805406602e-16+0j), F_dwave: (0.06826941934461658+0j)
F_px: -3.8349084987512814e-17j, F_py: 1.6206024126646024e-17j
Free_energy = -16907.9213092022
------------------------------------------
[{'stable': {'F_dwave': np.complex128(0.06826941420898758j)}, 'free': np.float64(-16907.921254987763)}, {'stable': {'F_dwave': np.complex128(-0.06826941420898758j)}, 'free': np.float64(-16907.921254987763)}, {'stable': {'F_dwave': np.complex128(0.011528275783784922+0.06728901614845689j)}, 'free': np.float64(-16907.921248828643)}, {'stable': {'F_dwave': np.complex128(0.06826941934461658+0j)}, 'free': np.float64(-16907.9213092022)}]
------------------------------------------
  Seed: d-wave+py
F_onsite: (-1.5103508340834718e-16+0j)
F_swave: (-2.498001805406602e-16+0j), F_dwave: (0.06826941934461658+0j)
F_px: -3.8349084987512814e-17j, F_py: 1.6206024126646024e-17j
Free_energy = -16907.9213092022
------------------------------------------
[{'stable': {'F_dwave': np.complex128(0.06826941420898758j)}, 'free': np.float64(-16907.921254987763)}, {'stable': {'F_dwave': np.complex128(-0.06826941420898758j)}, 'free': np.float64(-16907.921254987763)}, {'stable': {'F_dwave': np.complex128(0.011528275783784922+0.06728901614845689j)}, 'free': np.float64(-16907.921248828643)}, {'stable': {'F_dwave': np.complex128(0.06826941934461658+0j)}, 'free': np.float64(-16907.9213092022)}]
------------------------------------------
  Seed: s-wave
F_onsite: (-5.150396739797329e-17+0j)
F_swave: (-7.632783294297951e-17+0j), F_dwave: (-0.06826944738138749+0j)
F_px: 2.0147753571649546e-17j, F_py: -1.5061802556094285e-17j
Free_energy = -16907.921605172498
------------------------------------------
[{'stable': {'F_dwave': np.complex128(0.06826941420898758j)}, 'free': np.float64(-16907.921254987763)}, {'stable': {'F_dwave': np.complex128(-0.06826941420898758j)}, 'free': np.float64(-16907.921254987763)}, {'stable': {'F_dwave': np.complex128(0.011528275783784922+0.06728901614845689j)}, 'free': np.float64(-16907.921248828643)}, {'stable': {'F_dwave': np.complex128(0.06826941934461658+0j)}, 'free': np.float64(-16907.9213092022)}, {'stable': {'F_dwave': np.complex128(-0.06826944738138749+0j)}, 'free': np.float64(-16907.921605172498)}]
------------------------------------------
  Seed: s-wave+px
F_onsite: (-1.5103508340834718e-16+0j)
F_swave: (-2.498001805406602e-16+0j), F_dwave: (0.06826941934461658+0j)
F_px: -3.8349084987512814e-17j, F_py: 1.6206024126646024e-17j
Free_energy = -16907.9213092022
------------------------------------------
[{'stable': {'F_dwave': np.complex128(0.06826941420898758j)}, 'free': np.float64(-16907.921254987763)}, {'stable': {'F_dwave': np.complex128(-0.06826941420898758j)}, 'free': np.float64(-16907.921254987763)}, {'stable': {'F_dwave': np.complex128(0.011528275783784922+0.06728901614845689j)}, 'free': np.float64(-16907.921248828643)}, {'stable': {'F_dwave': np.complex128(0.06826941934461658+0j)}, 'free': np.float64(-16907.9213092022)}, {'stable': {'F_dwave': np.complex128(-0.06826944738138749+0j)}, 'free': np.float64(-16907.921605172498)}]
------------------------------------------
  Seed: s-wave+py
F_onsite: (-5.150396739797329e-17+0j)
F_swave: (-7.632783294297951e-17+0j), F_dwave: (-0.06826944738138749+0j)
F_px: 2.0147753571649546e-17j, F_py: -1.5061802556094285e-17j
Free_energy = -16907.921605172498
------------------------------------------
[{'stable': {'F_dwave': np.complex128(0.06826941420898758j)}, 'free': np.float64(-16907.921254987763)}, {'stable': {'F_dwave': np.complex128(-0.06826941420898758j)}, 'free': np.float64(-16907.921254987763)}, {'stable': {'F_dwave': np.complex128(0.011528275783784922+0.06728901614845689j)}, 'free': np.float64(-16907.921248828643)}, {'stable': {'F_dwave': np.complex128(0.06826941934461658+0j)}, 'free': np.float64(-16907.9213092022)}, {'stable': {'F_dwave': np.complex128(-0.06826944738138749+0j)}, 'free': np.float64(-16907.921605172498)}]
------------------------------------------
====================================
mu=0.10, T=0.2278
====================================
  Seed: normal state
F_onsite: 0j
F_swave: 0j, F_dwave: 0j
F_px: 0j, F_py: 0j
Free_energy = -16642.493388498857
------------------------------------------
[{'stable': {}, 'free': np.float64(-16642.493388498857)}]
------------------------------------------
  Seed: px
F_onsite: -1.6761587246485832e-16j
F_swave: 4.163336342344337e-17j, F_dwave: 0.06149388071073823j
F_px: (5.738102795431483e-18+0j), F_py: (-1.6866133487412582e-17+0j)
Free_energy = -16880.645309206237
------------------------------------------
[{'stable': {'F_dwave': np.complex128(0.06149388071073823j)}, 'free': np.float64(-16880.645309206237)}]
------------------------------------------
  Seed: py
F_onsite: 1.6761587246485832e-16j
F_swave: -4.163336342344337e-17j, F_dwave: -0.06149388071073823j
F_px: (-5.738102795431483e-18+0j), F_py: (1.6866133487412582e-17+0j)
Free_energy = -16880.645309206237
------------------------------------------
[{'stable': {'F_dwave': np.complex128(0.06149388071073823j)}, 'free': np.float64(-16880.645309206237)}, {'stable': {'F_dwave': np.complex128(-0.06149388071073823j)}, 'free': np.float64(-16880.645309206237)}]
------------------------------------------
  Seed: px+py
F_onsite: -1.6761587246485832e-16j
F_swave: 4.163336342344337e-17j, F_dwave: 0.06149388071073823j
F_px: (5.738102795431483e-18+0j), F_py: (-1.6866133487412582e-17+0j)
Free_energy = -16880.645309206237
------------------------------------------
[{'stable': {'F_dwave': np.complex128(0.06149388071073823j)}, 'free': np.float64(-16880.645309206237)}, {'stable': {'F_dwave': np.complex128(-0.06149388071073823j)}, 'free': np.float64(-16880.645309206237)}]
------------------------------------------
  Seed: px+i*py
F_onsite: (1.055357309190984e-17+4.748090004256651e-17j)
F_swave: (-8.673617379884035e-18-4.163336342344337e-17j), F_dwave: (0.010384129234441325+0.06061078454826794j)
F_px: (-5.637851296924623e-17-8.326672684688674e-17j), F_py: (-1.734723475976807e-17+6.938893903907228e-18j)
Free_energy = -16880.645307646515
------------------------------------------
[{'stable': {'F_dwave': np.complex128(0.06149388071073823j)}, 'free': np.float64(-16880.645309206237)}, {'stable': {'F_dwave': np.complex128(-0.06149388071073823j)}, 'free': np.float64(-16880.645309206237)}, {'stable': {'F_dwave': np.complex128(0.010384129234441325+0.06061078454826794j)}, 'free': np.float64(-16880.645307646515)}]
------------------------------------------
  Seed: d-wave
F_onsite: (-2.4149597540489747e-17+0j)
F_swave: (-9.020562075079397e-17+0j), F_dwave: (0.06149389138749286+0j)
F_px: -2.4735381207700812e-17j, F_py: 1.6674233789154874e-17j
Free_energy = -16880.645405131618
------------------------------------------
[{'stable': {'F_dwave': np.complex128(0.06149388071073823j)}, 'free': np.float64(-16880.645309206237)}, {'stable': {'F_dwave': np.complex128(-0.06149388071073823j)}, 'free': np.float64(-16880.645309206237)}, {'stable': {'F_dwave': np.complex128(0.010384129234441325+0.06061078454826794j)}, 'free': np.float64(-16880.645307646515)}, {'stable': {'F_dwave': np.complex128(0.06149389138749286+0j)}, 'free': np.float64(-16880.645405131618)}]
------------------------------------------
  Seed: d-wave+px
F_onsite: (-2.4149597540489747e-17+0j)
F_swave: (-9.020562075079397e-17+0j), F_dwave: (0.06149389138749286+0j)
F_px: -2.4735381207700812e-17j, F_py: 1.6674233789154874e-17j
Free_energy = -16880.645405131618
------------------------------------------
[{'stable': {'F_dwave': np.complex128(0.06149388071073823j)}, 'free': np.float64(-16880.645309206237)}, {'stable': {'F_dwave': np.complex128(-0.06149388071073823j)}, 'free': np.float64(-16880.645309206237)}, {'stable': {'F_dwave': np.complex128(0.010384129234441325+0.06061078454826794j)}, 'free': np.float64(-16880.645307646515)}, {'stable': {'F_dwave': np.complex128(0.06149389138749286+0j)}, 'free': np.float64(-16880.645405131618)}]
------------------------------------------
  Seed: d-wave+py
F_onsite: (-2.4149597540489747e-17+0j)
F_swave: (-9.020562075079397e-17+0j), F_dwave: (0.06149389138749286+0j)
F_px: -2.4735381207700812e-17j, F_py: 1.6674233789154874e-17j
Free_energy = -16880.645405131618
------------------------------------------
[{'stable': {'F_dwave': np.complex128(0.06149388071073823j)}, 'free': np.float64(-16880.645309206237)}, {'stable': {'F_dwave': np.complex128(-0.06149388071073823j)}, 'free': np.float64(-16880.645309206237)}, {'stable': {'F_dwave': np.complex128(0.010384129234441325+0.06061078454826794j)}, 'free': np.float64(-16880.645307646515)}, {'stable': {'F_dwave': np.complex128(0.06149389138749286+0j)}, 'free': np.float64(-16880.645405131618)}]
------------------------------------------
  Seed: s-wave
F_onsite: (-1.0419596633328097e-16+0j)
F_swave: (4.163336342344337e-17+0j), F_dwave: (-0.0614938805371347+0j)
F_px: 1.3153109038624739e-17j, F_py: -1.6359671271066524e-17j
Free_energy = -16880.645307646642
------------------------------------------
[{'stable': {'F_dwave': np.complex128(0.06149388071073823j)}, 'free': np.float64(-16880.645309206237)}, {'stable': {'F_dwave': np.complex128(-0.06149388071073823j)}, 'free': np.float64(-16880.645309206237)}, {'stable': {'F_dwave': np.complex128(0.010384129234441325+0.06061078454826794j)}, 'free': np.float64(-16880.645307646515)}, {'stable': {'F_dwave': np.complex128(0.06149389138749286+0j)}, 'free': np.float64(-16880.645405131618)}, {'stable': {'F_dwave': np.complex128(-0.0614938805371347+0j)}, 'free': np.float64(-16880.645307646642)}]
------------------------------------------
  Seed: s-wave+px
F_onsite: (-2.4149597540489747e-17+0j)
F_swave: (-9.020562075079397e-17+0j), F_dwave: (0.06149389138749286+0j)
F_px: -2.4735381207700812e-17j, F_py: 1.6674233789154874e-17j
Free_energy = -16880.645405131618
------------------------------------------
[{'stable': {'F_dwave': np.complex128(0.06149388071073823j)}, 'free': np.float64(-16880.645309206237)}, {'stable': {'F_dwave': np.complex128(-0.06149388071073823j)}, 'free': np.float64(-16880.645309206237)}, {'stable': {'F_dwave': np.complex128(0.010384129234441325+0.06061078454826794j)}, 'free': np.float64(-16880.645307646515)}, {'stable': {'F_dwave': np.complex128(0.06149389138749286+0j)}, 'free': np.float64(-16880.645405131618)}, {'stable': {'F_dwave': np.complex128(-0.0614938805371347+0j)}, 'free': np.float64(-16880.645307646642)}]
------------------------------------------
  Seed: s-wave+py
F_onsite: (-1.0419596633328097e-16+0j)
F_swave: (4.163336342344337e-17+0j), F_dwave: (-0.0614938805371347+0j)
F_px: 1.3153109038624739e-17j, F_py: -1.6359671271066524e-17j
Free_energy = -16880.645307646642
------------------------------------------
[{'stable': {'F_dwave': np.complex128(0.06149388071073823j)}, 'free': np.float64(-16880.645309206237)}, {'stable': {'F_dwave': np.complex128(-0.06149388071073823j)}, 'free': np.float64(-16880.645309206237)}, {'stable': {'F_dwave': np.complex128(0.010384129234441325+0.06061078454826794j)}, 'free': np.float64(-16880.645307646515)}, {'stable': {'F_dwave': np.complex128(0.06149389138749286+0j)}, 'free': np.float64(-16880.645405131618)}, {'stable': {'F_dwave': np.complex128(-0.0614938805371347+0j)}, 'free': np.float64(-16880.645307646642)}]
------------------------------------------
====================================
mu=0.10, T=0.2381
====================================
  Seed: normal state
F_onsite: 0j
F_swave: 0j, F_dwave: 0j
F_px: 0j, F_py: 0j
Free_energy = -16675.8212354484
------------------------------------------
[{'stable': {}, 'free': np.float64(-16675.8212354484)}]
------------------------------------------
  Seed: px
F_onsite: 5.915143414076079e-17j
F_swave: 4.85722573273506e-17j, F_dwave: 0.05321874780172296j
F_px: (3.125717600857065e-17+0j), F_py: (-1.791765458107673e-17+0j)
Free_energy = -16851.777903787013
------------------------------------------
[{'stable': {'F_dwave': np.complex128(0.05321874780172296j)}, 'free': np.float64(-16851.777903787013)}]
------------------------------------------
  Seed: py
F_onsite: -5.915143414076079e-17j
F_swave: -4.85722573273506e-17j, F_dwave: -0.05321874780172296j
F_px: (-3.125717600857065e-17+0j), F_py: (1.791765458107673e-17+0j)
Free_energy = -16851.777903787013
------------------------------------------
[{'stable': {'F_dwave': np.complex128(0.05321874780172296j)}, 'free': np.float64(-16851.777903787013)}, {'stable': {'F_dwave': np.complex128(-0.05321874780172296j)}, 'free': np.float64(-16851.777903787013)}]
------------------------------------------
  Seed: px+py
F_onsite: 5.915143414076079e-17j
F_swave: 4.85722573273506e-17j, F_dwave: 0.05321874780172296j
F_px: (3.125717600857065e-17+0j), F_py: (-1.791765458107673e-17+0j)
Free_energy = -16851.777903787013
------------------------------------------
[{'stable': {'F_dwave': np.complex128(0.05321874780172296j)}, 'free': np.float64(-16851.777903787013)}, {'stable': {'F_dwave': np.complex128(-0.05321874780172296j)}, 'free': np.float64(-16851.777903787013)}]
------------------------------------------
  Seed: px+i*py
F_onsite: (3.309032229351512e-18-4.1869136367800585e-18j)
F_swave: (1.5612511283791264e-17+7.28583859910259e-17j), F_dwave: (0.008986756543275397+0.05245450555696198j)
F_px: (-8.153200337090993e-17-1.8735013540549517e-16j), F_py: (-3.122502256758253e-17+0j)
Free_energy = -16851.778030144153
------------------------------------------
[{'stable': {'F_dwave': np.complex128(0.05321874780172296j)}, 'free': np.float64(-16851.777903787013)}, {'stable': {'F_dwave': np.complex128(-0.05321874780172296j)}, 'free': np.float64(-16851.777903787013)}, {'stable': {'F_dwave': np.complex128(0.008986756543275397+0.05245450555696198j)}, 'free': np.float64(-16851.778030144153)}]
------------------------------------------
  Seed: d-wave
F_onsite: (-9.473632223067964e-17+0j)
F_swave: (1.3877787807814457e-17+0j), F_dwave: (0.05321876765732155+0j)
F_px: -5.015256438093723e-18j, F_py: 1.9641856319661862e-17j
Free_energy = -16851.778049805765
------------------------------------------
[{'stable': {'F_dwave': np.complex128(0.05321874780172296j)}, 'free': np.float64(-16851.777903787013)}, {'stable': {'F_dwave': np.complex128(-0.05321874780172296j)}, 'free': np.float64(-16851.777903787013)}, {'stable': {'F_dwave': np.complex128(0.008986756543275397+0.05245450555696198j)}, 'free': np.float64(-16851.778030144153)}, {'stable': {'F_dwave': np.complex128(0.05321876765732155+0j)}, 'free': np.float64(-16851.778049805765)}]
------------------------------------------
  Seed: d-wave+px
F_onsite: (-9.473632223067964e-17+0j)
F_swave: (1.3877787807814457e-17+0j), F_dwave: (0.05321876765732155+0j)
F_px: -5.015256438093723e-18j, F_py: 1.9641856319661862e-17j
Free_energy = -16851.778049805765
------------------------------------------
[{'stable': {'F_dwave': np.complex128(0.05321874780172296j)}, 'free': np.float64(-16851.777903787013)}, {'stable': {'F_dwave': np.complex128(-0.05321874780172296j)}, 'free': np.float64(-16851.777903787013)}, {'stable': {'F_dwave': np.complex128(0.008986756543275397+0.05245450555696198j)}, 'free': np.float64(-16851.778030144153)}, {'stable': {'F_dwave': np.complex128(0.05321876765732155+0j)}, 'free': np.float64(-16851.778049805765)}]
------------------------------------------
  Seed: d-wave+py
F_onsite: (-9.473632223067964e-17+0j)
F_swave: (1.3877787807814457e-17+0j), F_dwave: (0.05321876765732155+0j)
F_px: -5.015256438093723e-18j, F_py: 1.9641856319661862e-17j
Free_energy = -16851.778049805765
------------------------------------------
[{'stable': {'F_dwave': np.complex128(0.05321874780172296j)}, 'free': np.float64(-16851.777903787013)}, {'stable': {'F_dwave': np.complex128(-0.05321874780172296j)}, 'free': np.float64(-16851.777903787013)}, {'stable': {'F_dwave': np.complex128(0.008986756543275397+0.05245450555696198j)}, 'free': np.float64(-16851.778030144153)}, {'stable': {'F_dwave': np.complex128(0.05321876765732155+0j)}, 'free': np.float64(-16851.778049805765)}]
------------------------------------------
  Seed: s-wave
F_onsite: (7.592775215046721e-18+0j)
F_swave: (2.42861286636753e-17+0j), F_dwave: (-0.05321874749799796+0j)
F_px: 2.7833215821898906e-17j, F_py: -1.8638433917461295e-17j
Free_energy = -16851.777901553538
------------------------------------------
[{'stable': {'F_dwave': np.complex128(0.05321874780172296j)}, 'free': np.float64(-16851.777903787013)}, {'stable': {'F_dwave': np.complex128(-0.05321874780172296j)}, 'free': np.float64(-16851.777903787013)}, {'stable': {'F_dwave': np.complex128(0.008986756543275397+0.05245450555696198j)}, 'free': np.float64(-16851.778030144153)}, {'stable': {'F_dwave': np.complex128(0.05321876765732155+0j)}, 'free': np.float64(-16851.778049805765)}, {'stable': {'F_dwave': np.complex128(-0.05321874749799796+0j)}, 'free': np.float64(-16851.777901553538)}]
------------------------------------------
  Seed: s-wave+px
F_onsite: (-9.473632223067964e-17+0j)
F_swave: (1.3877787807814457e-17+0j), F_dwave: (0.05321876765732155+0j)
F_px: -5.015256438093723e-18j, F_py: 1.9641856319661862e-17j
Free_energy = -16851.778049805765
------------------------------------------
[{'stable': {'F_dwave': np.complex128(0.05321874780172296j)}, 'free': np.float64(-16851.777903787013)}, {'stable': {'F_dwave': np.complex128(-0.05321874780172296j)}, 'free': np.float64(-16851.777903787013)}, {'stable': {'F_dwave': np.complex128(0.008986756543275397+0.05245450555696198j)}, 'free': np.float64(-16851.778030144153)}, {'stable': {'F_dwave': np.complex128(0.05321876765732155+0j)}, 'free': np.float64(-16851.778049805765)}, {'stable': {'F_dwave': np.complex128(-0.05321874749799796+0j)}, 'free': np.float64(-16851.777901553538)}]
------------------------------------------
  Seed: s-wave+py
F_onsite: (7.592775215046721e-18+0j)
F_swave: (2.42861286636753e-17+0j), F_dwave: (-0.05321874749799796+0j)
F_px: 2.7833215821898906e-17j, F_py: -1.8638433917461295e-17j
Free_energy = -16851.777901553538
------------------------------------------
[{'stable': {'F_dwave': np.complex128(0.05321874780172296j)}, 'free': np.float64(-16851.777903787013)}, {'stable': {'F_dwave': np.complex128(-0.05321874780172296j)}, 'free': np.float64(-16851.777903787013)}, {'stable': {'F_dwave': np.complex128(0.008986756543275397+0.05245450555696198j)}, 'free': np.float64(-16851.778030144153)}, {'stable': {'F_dwave': np.complex128(0.05321876765732155+0j)}, 'free': np.float64(-16851.778049805765)}, {'stable': {'F_dwave': np.complex128(-0.05321874749799796+0j)}, 'free': np.float64(-16851.777901553538)}]
------------------------------------------
====================================
mu=0.10, T=0.2484
====================================
  Seed: normal state
F_onsite: 0j
F_swave: 0j, F_dwave: 0j
F_px: 0j, F_py: 0j
Free_energy = -16710.28676554202
------------------------------------------
[{'stable': {}, 'free': np.float64(-16710.28676554202)}]
------------------------------------------
  Seed: px
F_onsite: -2.0318555201203477e-17j
F_swave: -1.0061396160665481e-16j, F_dwave: 0.04257349321795754j
F_px: (1.1265094933071443e-17+0j), F_py: (-1.8870995333090273e-17+0j)
Free_energy = -16821.388424729674
------------------------------------------
[{'stable': {'F_dwave': np.complex128(0.04257349321795754j)}, 'free': np.float64(-16821.388424729674)}]
------------------------------------------
  Seed: py
F_onsite: 2.0318555201203477e-17j
F_swave: 1.0061396160665481e-16j, F_dwave: -0.04257349321795754j
F_px: (-1.1265094933071443e-17+0j), F_py: (1.8870995333090273e-17+0j)
Free_energy = -16821.388424729674
------------------------------------------
[{'stable': {'F_dwave': np.complex128(0.04257349321795754j)}, 'free': np.float64(-16821.388424729674)}, {'stable': {'F_dwave': np.complex128(-0.04257349321795754j)}, 'free': np.float64(-16821.388424729674)}]
------------------------------------------
  Seed: px+py
F_onsite: -2.0318555201203477e-17j
F_swave: -1.0061396160665481e-16j, F_dwave: 0.04257349321795754j
F_px: (1.1265094933071443e-17+0j), F_py: (-1.8870995333090273e-17+0j)
Free_energy = -16821.388424729674
------------------------------------------
[{'stable': {'F_dwave': np.complex128(0.04257349321795754j)}, 'free': np.float64(-16821.388424729674)}, {'stable': {'F_dwave': np.complex128(-0.04257349321795754j)}, 'free': np.float64(-16821.388424729674)}]
------------------------------------------
  Seed: px+i*py
F_onsite: (1.8375204160236455e-17-2.4839317278848712e-17j)
F_swave: (-2.211772431870429e-17+4.683753385137379e-17j), F_dwave: (0.007189145244686276+0.04196208691882063j)
F_px: (1.0972125985553305e-16+1.1449174941446927e-16j), F_py: (-1.214306433183765e-17+1.734723475976807e-17j)
Free_energy = -16821.388308491056
------------------------------------------
[{'stable': {'F_dwave': np.complex128(0.04257349321795754j)}, 'free': np.float64(-16821.388424729674)}, {'stable': {'F_dwave': np.complex128(-0.04257349321795754j)}, 'free': np.float64(-16821.388424729674)}, {'stable': {'F_dwave': np.complex128(0.007189145244686276+0.04196208691882063j)}, 'free': np.float64(-16821.388308491056)}]
------------------------------------------
  Seed: d-wave
F_onsite: (4.072125783176075e-18+0j)
F_swave: (1.8735013540549517e-16+0j), F_dwave: (0.042573490754435915+0j)
F_px: -4.898222375536352e-19j, F_py: 1.6630940189869614e-17j
Free_energy = -16821.388411007534
------------------------------------------
[{'stable': {'F_dwave': np.complex128(0.04257349321795754j)}, 'free': np.float64(-16821.388424729674)}, {'stable': {'F_dwave': np.complex128(-0.04257349321795754j)}, 'free': np.float64(-16821.388424729674)}, {'stable': {'F_dwave': np.complex128(0.007189145244686276+0.04196208691882063j)}, 'free': np.float64(-16821.388308491056)}, {'stable': {'F_dwave': np.complex128(0.042573490754435915+0j)}, 'free': np.float64(-16821.388411007534)}]
------------------------------------------
  Seed: d-wave+px
F_onsite: (4.072125783176075e-18+0j)
F_swave: (1.8735013540549517e-16+0j), F_dwave: (0.042573490754435915+0j)
F_px: -4.898222375536352e-19j, F_py: 1.6630940189869614e-17j
Free_energy = -16821.388411007534
------------------------------------------
[{'stable': {'F_dwave': np.complex128(0.04257349321795754j)}, 'free': np.float64(-16821.388424729674)}, {'stable': {'F_dwave': np.complex128(-0.04257349321795754j)}, 'free': np.float64(-16821.388424729674)}, {'stable': {'F_dwave': np.complex128(0.007189145244686276+0.04196208691882063j)}, 'free': np.float64(-16821.388308491056)}, {'stable': {'F_dwave': np.complex128(0.042573490754435915+0j)}, 'free': np.float64(-16821.388411007534)}]
------------------------------------------
  Seed: d-wave+py
F_onsite: (4.072125783176075e-18+0j)
F_swave: (1.8735013540549517e-16+0j), F_dwave: (0.042573490754435915+0j)
F_px: -4.898222375536352e-19j, F_py: 1.6630940189869614e-17j
Free_energy = -16821.388411007534
------------------------------------------
[{'stable': {'F_dwave': np.complex128(0.04257349321795754j)}, 'free': np.float64(-16821.388424729674)}, {'stable': {'F_dwave': np.complex128(-0.04257349321795754j)}, 'free': np.float64(-16821.388424729674)}, {'stable': {'F_dwave': np.complex128(0.007189145244686276+0.04196208691882063j)}, 'free': np.float64(-16821.388308491056)}, {'stable': {'F_dwave': np.complex128(0.042573490754435915+0j)}, 'free': np.float64(-16821.388411007534)}]
------------------------------------------
  Seed: s-wave
F_onsite: (2.8132521798715366e-17+0j)
F_swave: (-6.938893903907228e-18+0j), F_dwave: (-0.04257356331834743+0j)
F_px: 1.9326623407890598e-17j, F_py: -1.659707031290688e-17j
Free_energy = -16821.38881520194
------------------------------------------
[{'stable': {'F_dwave': np.complex128(0.04257349321795754j)}, 'free': np.float64(-16821.388424729674)}, {'stable': {'F_dwave': np.complex128(-0.04257349321795754j)}, 'free': np.float64(-16821.388424729674)}, {'stable': {'F_dwave': np.complex128(0.007189145244686276+0.04196208691882063j)}, 'free': np.float64(-16821.388308491056)}, {'stable': {'F_dwave': np.complex128(0.042573490754435915+0j)}, 'free': np.float64(-16821.388411007534)}, {'stable': {'F_dwave': np.complex128(-0.04257356331834743+0j)}, 'free': np.float64(-16821.38881520194)}]
------------------------------------------
  Seed: s-wave+px
F_onsite: (4.072125783176075e-18+0j)
F_swave: (1.8735013540549517e-16+0j), F_dwave: (0.042573490754435915+0j)
F_px: -4.898222375536352e-19j, F_py: 1.6630940189869614e-17j
Free_energy = -16821.388411007534
------------------------------------------
[{'stable': {'F_dwave': np.complex128(0.04257349321795754j)}, 'free': np.float64(-16821.388424729674)}, {'stable': {'F_dwave': np.complex128(-0.04257349321795754j)}, 'free': np.float64(-16821.388424729674)}, {'stable': {'F_dwave': np.complex128(0.007189145244686276+0.04196208691882063j)}, 'free': np.float64(-16821.388308491056)}, {'stable': {'F_dwave': np.complex128(0.042573490754435915+0j)}, 'free': np.float64(-16821.388411007534)}, {'stable': {'F_dwave': np.complex128(-0.04257356331834743+0j)}, 'free': np.float64(-16821.38881520194)}]
------------------------------------------
  Seed: s-wave+py
F_onsite: (2.8132521798715366e-17+0j)
F_swave: (-6.938893903907228e-18+0j), F_dwave: (-0.04257356331834743+0j)
F_px: 1.9326623407890598e-17j, F_py: -1.659707031290688e-17j
Free_energy = -16821.38881520194
------------------------------------------
[{'stable': {'F_dwave': np.complex128(0.04257349321795754j)}, 'free': np.float64(-16821.388424729674)}, {'stable': {'F_dwave': np.complex128(-0.04257349321795754j)}, 'free': np.float64(-16821.388424729674)}, {'stable': {'F_dwave': np.complex128(0.007189145244686276+0.04196208691882063j)}, 'free': np.float64(-16821.388308491056)}, {'stable': {'F_dwave': np.complex128(0.042573490754435915+0j)}, 'free': np.float64(-16821.388411007534)}, {'stable': {'F_dwave': np.complex128(-0.04257356331834743+0j)}, 'free': np.float64(-16821.38881520194)}]
------------------------------------------
====================================
mu=0.10, T=0.2588
====================================
  Seed: normal state
F_onsite: 0j
F_swave: 0j, F_dwave: 0j
F_px: 0j, F_py: 0j
Free_energy = -16745.87467915247
------------------------------------------
[{'stable': {}, 'free': np.float64(-16745.87467915247)}]
------------------------------------------
  Seed: px
F_onsite: 2.1899289079986187e-17j
F_swave: -1.0408340855860843e-17j, F_dwave: 0.026869531031147413j
F_px: (1.5909280112927832e-17+0j), F_py: (-1.7067283649858048e-17+0j)
Free_energy = -16789.5470390206
------------------------------------------
[{'stable': {'F_dwave': np.complex128(0.026869531031147413j)}, 'free': np.float64(-16789.5470390206)}]
------------------------------------------
  Seed: py
F_onsite: -2.1899289079986187e-17j
F_swave: 1.0408340855860843e-17j, F_dwave: -0.026869531031147413j
F_px: (-1.5909280112927832e-17+0j), F_py: (1.7067283649858048e-17+0j)
Free_energy = -16789.5470390206
------------------------------------------
[{'stable': {'F_dwave': np.complex128(0.026869531031147413j)}, 'free': np.float64(-16789.5470390206)}, {'stable': {'F_dwave': np.complex128(-0.026869531031147413j)}, 'free': np.float64(-16789.5470390206)}]
------------------------------------------
  Seed: px+py
F_onsite: 2.1899289079986187e-17j
F_swave: -1.0408340855860843e-17j, F_dwave: 0.026869531031147413j
F_px: (1.5909280112927832e-17+0j), F_py: (-1.7067283649858048e-17+0j)
Free_energy = -16789.5470390206
------------------------------------------
[{'stable': {'F_dwave': np.complex128(0.026869531031147413j)}, 'free': np.float64(-16789.5470390206)}, {'stable': {'F_dwave': np.complex128(-0.026869531031147413j)}, 'free': np.float64(-16789.5470390206)}]
------------------------------------------
  Seed: px+i*py
F_onsite: (-6.472936447411207e-19-1.9846354185443906e-17j)
F_swave: (-1.3444106938820255e-17+3.2959746043559335e-17j), F_dwave: (0.004537301614444914+0.0264836275025844j)
F_px: (1.6046192152785466e-17-7.806255641895632e-17j), F_py: (-1.1275702593849246e-17+1.0408340855860843e-17j)
Free_energy = -16789.546910895966
------------------------------------------
[{'stable': {'F_dwave': np.complex128(0.026869531031147413j)}, 'free': np.float64(-16789.5470390206)}, {'stable': {'F_dwave': np.complex128(-0.026869531031147413j)}, 'free': np.float64(-16789.5470390206)}, {'stable': {'F_dwave': np.complex128(0.004537301614444914+0.0264836275025844j)}, 'free': np.float64(-16789.546910895966)}]
------------------------------------------
  Seed: d-wave
F_onsite: (-8.288280833636312e-17+0j)
F_swave: (-4.85722573273506e-17+0j), F_dwave: (0.026869400602285334+0j)
F_px: -2.1497314302365085e-17j, F_py: 1.7473076434692754e-17j
Free_energy = -16789.546604386724
------------------------------------------
[{'stable': {'F_dwave': np.complex128(0.026869531031147413j)}, 'free': np.float64(-16789.5470390206)}, {'stable': {'F_dwave': np.complex128(-0.026869531031147413j)}, 'free': np.float64(-16789.5470390206)}, {'stable': {'F_dwave': np.complex128(0.004537301614444914+0.0264836275025844j)}, 'free': np.float64(-16789.546910895966)}, {'stable': {'F_dwave': np.complex128(0.026869400602285334+0j)}, 'free': np.float64(-16789.546604386724)}]
------------------------------------------
  Seed: d-wave+px
F_onsite: (-8.288280833636312e-17+0j)
F_swave: (-4.85722573273506e-17+0j), F_dwave: (0.026869400602285334+0j)
F_px: -2.1497314302365085e-17j, F_py: 1.7473076434692754e-17j
Free_energy = -16789.546604386724
------------------------------------------
[{'stable': {'F_dwave': np.complex128(0.026869531031147413j)}, 'free': np.float64(-16789.5470390206)}, {'stable': {'F_dwave': np.complex128(-0.026869531031147413j)}, 'free': np.float64(-16789.5470390206)}, {'stable': {'F_dwave': np.complex128(0.004537301614444914+0.0264836275025844j)}, 'free': np.float64(-16789.546910895966)}, {'stable': {'F_dwave': np.complex128(0.026869400602285334+0j)}, 'free': np.float64(-16789.546604386724)}]
------------------------------------------
  Seed: d-wave+py
F_onsite: (-8.288280833636312e-17+0j)
F_swave: (-4.85722573273506e-17+0j), F_dwave: (0.026869400602285334+0j)
F_px: -2.1497314302365085e-17j, F_py: 1.7473076434692754e-17j
Free_energy = -16789.546604386724
------------------------------------------
[{'stable': {'F_dwave': np.complex128(0.026869531031147413j)}, 'free': np.float64(-16789.5470390206)}, {'stable': {'F_dwave': np.complex128(-0.026869531031147413j)}, 'free': np.float64(-16789.5470390206)}, {'stable': {'F_dwave': np.complex128(0.004537301614444914+0.0264836275025844j)}, 'free': np.float64(-16789.546910895966)}, {'stable': {'F_dwave': np.complex128(0.026869400602285334+0j)}, 'free': np.float64(-16789.546604386724)}]
------------------------------------------
  Seed: s-wave
F_onsite: (-3.417362614785539e-17+0j)
F_swave: (-6.938893903907228e-18+0j), F_dwave: (-0.02686950720476145+0j)
F_px: 7.016236790445797e-18j, F_py: -1.553570053288051e-17j
Free_energy = -16789.546959622785
------------------------------------------
[{'stable': {'F_dwave': np.complex128(0.026869531031147413j)}, 'free': np.float64(-16789.5470390206)}, {'stable': {'F_dwave': np.complex128(-0.026869531031147413j)}, 'free': np.float64(-16789.5470390206)}, {'stable': {'F_dwave': np.complex128(0.004537301614444914+0.0264836275025844j)}, 'free': np.float64(-16789.546910895966)}, {'stable': {'F_dwave': np.complex128(0.026869400602285334+0j)}, 'free': np.float64(-16789.546604386724)}, {'stable': {'F_dwave': np.complex128(-0.02686950720476145+0j)}, 'free': np.float64(-16789.546959622785)}]
------------------------------------------
  Seed: s-wave+px
F_onsite: (-8.288280833636312e-17+0j)
F_swave: (-4.85722573273506e-17+0j), F_dwave: (0.026869400602285334+0j)
F_px: -2.1497314302365085e-17j, F_py: 1.7473076434692754e-17j
Free_energy = -16789.546604386724
------------------------------------------
[{'stable': {'F_dwave': np.complex128(0.026869531031147413j)}, 'free': np.float64(-16789.5470390206)}, {'stable': {'F_dwave': np.complex128(-0.026869531031147413j)}, 'free': np.float64(-16789.5470390206)}, {'stable': {'F_dwave': np.complex128(0.004537301614444914+0.0264836275025844j)}, 'free': np.float64(-16789.546910895966)}, {'stable': {'F_dwave': np.complex128(0.026869400602285334+0j)}, 'free': np.float64(-16789.546604386724)}, {'stable': {'F_dwave': np.complex128(-0.02686950720476145+0j)}, 'free': np.float64(-16789.546959622785)}]
------------------------------------------
  Seed: s-wave+py
F_onsite: (-3.417362614785539e-17+0j)
F_swave: (-6.938893903907228e-18+0j), F_dwave: (-0.02686950720476145+0j)
F_px: 7.016236790445797e-18j, F_py: -1.553570053288051e-17j
Free_energy = -16789.546959622785
------------------------------------------
[{'stable': {'F_dwave': np.complex128(0.026869531031147413j)}, 'free': np.float64(-16789.5470390206)}, {'stable': {'F_dwave': np.complex128(-0.026869531031147413j)}, 'free': np.float64(-16789.5470390206)}, {'stable': {'F_dwave': np.complex128(0.004537301614444914+0.0264836275025844j)}, 'free': np.float64(-16789.546910895966)}, {'stable': {'F_dwave': np.complex128(0.026869400602285334+0j)}, 'free': np.float64(-16789.546604386724)}, {'stable': {'F_dwave': np.complex128(-0.02686950720476145+0j)}, 'free': np.float64(-16789.546959622785)}]
------------------------------------------
====================================
mu=0.10, T=0.2691
====================================
  Seed: normal state
F_onsite: 0j
F_swave: 0j, F_dwave: 0j
F_px: 0j, F_py: 0j
Free_energy = -16782.570377671836
------------------------------------------
[{'stable': {}, 'free': np.float64(-16782.570377671836)}]
------------------------------------------
  Seed: px
F_onsite: 1.905991691948582e-20j
F_swave: 2.3245781752041634e-20j, F_dwave: 8.877626200034796e-16j
F_px: (1.978609428274989e-19+0j), F_py: (1.0563591861394133e-19+0j)
Free_energy = -16782.570377671836
------------------------------------------
[{'stable': {}, 'free': np.float64(-16782.570377671836)}]
------------------------------------------
  Seed: py
F_onsite: -1.905991691948582e-20j
F_swave: -2.3245781752041634e-20j, F_dwave: -8.877626200034796e-16j
F_px: (-1.978609428274989e-19+0j), F_py: (-1.0563591861394133e-19+0j)
Free_energy = -16782.570377671836
------------------------------------------
[{'stable': {}, 'free': np.float64(-16782.570377671836)}]
------------------------------------------
  Seed: px+py
F_onsite: 1.905991691948582e-20j
F_swave: 2.3245781752041634e-20j, F_dwave: 8.877626200034796e-16j
F_px: (1.978609428274989e-19+0j), F_py: (1.0563591861394133e-19+0j)
Free_energy = -16782.570377671836
------------------------------------------
[{'stable': {}, 'free': np.float64(-16782.570377671836)}]
------------------------------------------
  Seed: px+i*py
F_onsite: (3.309454745352198e-20+1.2255863403704351e-20j)
F_swave: (-5.660840530842473e-21-3.525464192017213e-20j), F_dwave: (1.6574163616773155e-16+9.487736787401433e-16j)
F_px: (6.010895850821403e-21+1.043261799189301e-20j), F_py: (1.102097200088618e-19-2.6912543670931695e-20j)
Free_energy = -16782.570377671833
------------------------------------------
[{'stable': {}, 'free': np.float64(-16782.570377671836)}]
------------------------------------------
  Seed: d-wave
F_onsite: (-1.3681709747371164e-19+0j)
F_swave: (6.185775289964146e-20+0j), F_dwave: (9.006037507351282e-16+0j)
F_px: -4.487360334514161e-20j, F_py: -6.891425583361774e-20j
Free_energy = -16782.570377671836
------------------------------------------
[{'stable': {}, 'free': np.float64(-16782.570377671836)}]
------------------------------------------
  Seed: d-wave+px
F_onsite: (-1.3681709747371164e-19+0j)
F_swave: (6.185775289964146e-20+0j), F_dwave: (9.006037507351282e-16+0j)
F_px: -4.487360334514161e-20j, F_py: -6.891425583361774e-20j
Free_energy = -16782.570377671836
------------------------------------------
[{'stable': {}, 'free': np.float64(-16782.570377671836)}]
------------------------------------------
  Seed: d-wave+py
F_onsite: (-1.3681709747371164e-19+0j)
F_swave: (6.185775289964146e-20+0j), F_dwave: (9.006037507351282e-16+0j)
F_px: -4.487360334514161e-20j, F_py: -6.891425583361774e-20j
Free_energy = -16782.570377671836
------------------------------------------
[{'stable': {}, 'free': np.float64(-16782.570377671836)}]
------------------------------------------
  Seed: s-wave
F_onsite: (1.7167414715938027e-19+0j)
F_swave: (-6.408015951802888e-20+0j), F_dwave: (-8.909928957107942e-16+0j)
F_px: -2.909167944708252e-20j, F_py: -9.428335052477179e-20j
Free_energy = -16782.570377671836
------------------------------------------
[{'stable': {}, 'free': np.float64(-16782.570377671836)}]
------------------------------------------
  Seed: s-wave+px
F_onsite: (-1.3681709747371164e-19+0j)
F_swave: (6.185775289964146e-20+0j), F_dwave: (9.006037507351282e-16+0j)
F_px: -4.487360334514161e-20j, F_py: -6.891425583361774e-20j
Free_energy = -16782.570377671836
------------------------------------------
[{'stable': {}, 'free': np.float64(-16782.570377671836)}]
------------------------------------------
  Seed: s-wave+py
F_onsite: (1.7167414715938027e-19+0j)
F_swave: (-6.408015951802888e-20+0j), F_dwave: (-8.909928957107942e-16+0j)
F_px: -2.909167944708252e-20j, F_py: -9.428335052477179e-20j
Free_energy = -16782.570377671836
------------------------------------------
[{'stable': {}, 'free': np.float64(-16782.570377671836)}]
------------------------------------------
====================================
mu=0.10, T=0.2794
====================================
  Seed: normal state
F_onsite: 0j
F_swave: 0j, F_dwave: 0j
F_px: 0j, F_py: 0j
Free_energy = -16820.35990179379
------------------------------------------
[{'stable': {}, 'free': np.float64(-16820.35990179379)}]
------------------------------------------
  Seed: px
F_onsite: 3.7794852697389525e-22j
F_swave: 8.747580732927646e-22j, F_dwave: 1.6720366020324028e-17j
F_px: (1.869711032504558e-20+0j), F_py: (-1.9362188885988083e-20+0j)
Free_energy = -16820.35990179379
------------------------------------------
[{'stable': {}, 'free': np.float64(-16820.35990179379)}]
------------------------------------------
  Seed: py
F_onsite: -3.7794852697389525e-22j
F_swave: -8.747580732927646e-22j, F_dwave: -1.6720366020324028e-17j
F_px: (-1.869711032504558e-20+0j), F_py: (1.9362188885988083e-20+0j)
Free_energy = -16820.35990179379
------------------------------------------
[{'stable': {}, 'free': np.float64(-16820.35990179379)}]
------------------------------------------
  Seed: px+py
F_onsite: 3.7794852697389525e-22j
F_swave: 8.747580732927646e-22j, F_dwave: 1.6720366020324028e-17j
F_px: (1.869711032504558e-20+0j), F_py: (-1.9362188885988083e-20+0j)
Free_energy = -16820.35990179379
------------------------------------------
[{'stable': {}, 'free': np.float64(-16820.35990179379)}]
------------------------------------------
  Seed: px+i*py
F_onsite: (3.569223992732695e-20-9.42533087630483e-21j)
F_swave: (1.4658413989514672e-20+2.990966687857343e-21j), F_dwave: (2.3922870504694358e-17+1.2652959450930823e-16j)
F_px: (-5.26890966617896e-20-4.794702941780464e-20j), F_py: (-5.416839395696918e-20-5.792889070948763e-21j)
Free_energy = -16820.35990179379
------------------------------------------
[{'stable': {}, 'free': np.float64(-16820.35990179379)}]
------------------------------------------
  Seed: d-wave
F_onsite: (4.9790851291424005e-20+0j)
F_swave: (-5.092117196461843e-22+0j), F_dwave: (1.9897819420879015e-17+0j)
F_px: -7.0672309441615e-21j, F_py: -1.2774259423534652e-21j
Free_energy = -16820.35990179379
------------------------------------------
[{'stable': {}, 'free': np.float64(-16820.35990179379)}]
------------------------------------------
  Seed: d-wave+px
F_onsite: (4.9790851291424005e-20+0j)
F_swave: (-5.092117196461843e-22+0j), F_dwave: (1.9897819420879015e-17+0j)
F_px: -7.0672309441615e-21j, F_py: -1.2774259423534652e-21j
Free_energy = -16820.35990179379
------------------------------------------
[{'stable': {}, 'free': np.float64(-16820.35990179379)}]
------------------------------------------
  Seed: d-wave+py
F_onsite: (4.9790851291424005e-20+0j)
F_swave: (-5.092117196461843e-22+0j), F_dwave: (1.9897819420879015e-17+0j)
F_px: -7.0672309441615e-21j, F_py: -1.2774259423534652e-21j
Free_energy = -16820.35990179379
------------------------------------------
[{'stable': {}, 'free': np.float64(-16820.35990179379)}]
------------------------------------------
  Seed: s-wave
F_onsite: (-1.3062532926230801e-21+0j)
F_swave: (2.652700626650739e-21+0j), F_dwave: (-1.8248439896011978e-17+0j)
F_px: -1.0513851031458868e-20j, F_py: 2.81217415271224e-20j
Free_energy = -16820.35990179379
------------------------------------------
[{'stable': {}, 'free': np.float64(-16820.35990179379)}]
------------------------------------------
  Seed: s-wave+px
F_onsite: (4.9790851291424005e-20+0j)
F_swave: (-5.092117196461843e-22+0j), F_dwave: (1.9897819420879015e-17+0j)
F_px: -7.0672309441615e-21j, F_py: -1.2774259423534652e-21j
Free_energy = -16820.35990179379
------------------------------------------
[{'stable': {}, 'free': np.float64(-16820.35990179379)}]
------------------------------------------
  Seed: s-wave+py
F_onsite: (-1.3062532926230801e-21+0j)
F_swave: (2.652700626650739e-21+0j), F_dwave: (-1.8248439896011978e-17+0j)
F_px: -1.0513851031458868e-20j, F_py: 2.81217415271224e-20j
Free_energy = -16820.35990179379
------------------------------------------
[{'stable': {}, 'free': np.float64(-16820.35990179379)}]
------------------------------------------
====================================
mu=0.10, T=0.2897
====================================
  Seed: normal state
F_onsite: 0j
F_swave: 0j, F_dwave: 0j
F_px: 0j, F_py: 0j
Free_energy = -16859.22987689295
------------------------------------------
[{'stable': {}, 'free': np.float64(-16859.22987689295)}]
------------------------------------------
  Seed: px
F_onsite: 1.1262766891402372e-20j
F_swave: 3.0309800777147608e-22j, F_dwave: 8.34416383389616e-18j
F_px: (-8.433395998345072e-21+0j), F_py: (-2.7271364950786816e-21+0j)
Free_energy = -16859.22987689295
------------------------------------------
[{'stable': {}, 'free': np.float64(-16859.22987689295)}]
------------------------------------------
  Seed: py
F_onsite: -1.2251141644151237e-20j
F_swave: 6.260268633078959e-22j, F_dwave: -2.5578625421107936e-18j
F_px: (-2.1180487108380545e-21+0j), F_py: (5.470299566762209e-21+0j)
Free_energy = -16859.22987689295
------------------------------------------
[{'stable': {}, 'free': np.float64(-16859.22987689295)}]
------------------------------------------
  Seed: px+py
F_onsite: 1.2251141644151237e-20j
F_swave: -6.260268633078959e-22j, F_dwave: 2.5578625421107936e-18j
F_px: (2.1180487108380545e-21+0j), F_py: (-5.470299566762209e-21+0j)
Free_energy = -16859.22987689295
------------------------------------------
[{'stable': {}, 'free': np.float64(-16859.22987689295)}]
------------------------------------------
  Seed: px+i*py
F_onsite: (-1.4332694933728509e-19+1.0210638325311326e-19j)
F_swave: (2.5034499166814753e-21-1.6572510082249339e-21j), F_dwave: (2.7475581730102193e-18+1.2832662557602793e-17j)
F_px: (6.665778424935591e-20+1.7465884859193226e-20j), F_py: (-7.397462226310681e-21+4.257035695283665e-21j)
Free_energy = -16859.22987689295
------------------------------------------
[{'stable': {}, 'free': np.float64(-16859.22987689295)}]
------------------------------------------
  Seed: d-wave
F_onsite: (1.012829441574545e-20+0j)
F_swave: (3.945256031032956e-21+0j), F_dwave: (1.0718198945615533e-17+0j)
F_px: -1.0054668092104232e-20j, F_py: -1.4717322134800915e-20j
Free_energy = -16859.22987689295
------------------------------------------
[{'stable': {}, 'free': np.float64(-16859.22987689295)}]
------------------------------------------
  Seed: d-wave+px
F_onsite: (1.012829441574545e-20+0j)
F_swave: (3.945256031032956e-21+0j), F_dwave: (1.0718198945615533e-17+0j)
F_px: -1.0054668092104232e-20j, F_py: -1.4717322134800915e-20j
Free_energy = -16859.22987689295
------------------------------------------
[{'stable': {}, 'free': np.float64(-16859.22987689295)}]
------------------------------------------
  Seed: d-wave+py
F_onsite: (1.012829441574545e-20+0j)
F_swave: (3.945256031032956e-21+0j), F_dwave: (1.0718198945615533e-17+0j)
F_px: -1.0054668092104232e-20j, F_py: -1.4717322134800915e-20j
Free_energy = -16859.22987689295
------------------------------------------
[{'stable': {}, 'free': np.float64(-16859.22987689295)}]
------------------------------------------
  Seed: s-wave
F_onsite: (-3.804968519085264e-20+0j)
F_swave: (4.613212218405623e-21+0j), F_dwave: (-2.9580563637152207e-18+0j)
F_px: -4.3626338884569817e-20j, F_py: -3.4672702209774104e-20j
Free_energy = -16859.229876892947
------------------------------------------
[{'stable': {}, 'free': np.float64(-16859.22987689295)}]
------------------------------------------
  Seed: s-wave+px
F_onsite: (-1.0420022378935815e-20+0j)
F_swave: (1.3511794957917161e-21+0j), F_dwave: (3.969420741176572e-18+0j)
F_px: -1.3476822178780369e-21j, F_py: -4.01439168091742e-21j
Free_energy = -16859.22987689295
------------------------------------------
[{'stable': {}, 'free': np.float64(-16859.22987689295)}]
------------------------------------------
  Seed: s-wave+py
F_onsite: (-3.804968519085264e-20+0j)
F_swave: (4.613212218405623e-21+0j), F_dwave: (-2.9580563637152207e-18+0j)
F_px: -4.3626338884569817e-20j, F_py: -3.4672702209774104e-20j
Free_energy = -16859.229876892947
------------------------------------------
[{'stable': {}, 'free': np.float64(-16859.22987689295)}]
------------------------------------------
====================================
mu=0.10, T=0.3000
====================================
  Seed: normal state
F_onsite: 0j
F_swave: 0j, F_dwave: 0j
F_px: 0j, F_py: 0j
Free_energy = -16899.16746428232
------------------------------------------
[{'stable': {}, 'free': np.float64(-16899.16746428232)}]
------------------------------------------
  Seed: px
F_onsite: 1.2214910850686122e-20j
F_swave: -6.196972722158577e-22j, F_dwave: 2.467793365329924e-18j
F_px: (2.1490716420355637e-21+0j), F_py: (-5.383898635432514e-21+0j)
Free_energy = -16899.16746428232
------------------------------------------
[{'stable': {}, 'free': np.float64(-16899.16746428232)}]
------------------------------------------
  Seed: py
F_onsite: 4.31873376162799e-21j
F_swave: -1.1108688325494558e-22j, F_dwave: -1.082151064589564e-21j
F_px: (-3.1745040646865682e-21+0j), F_py: (-3.252434348037625e-21+0j)
Free_energy = -16899.16746428232
------------------------------------------
[{'stable': {}, 'free': np.float64(-16899.16746428232)}]
------------------------------------------
  Seed: px+py
F_onsite: -4.31873376162799e-21j
F_swave: 1.1108688325494558e-22j, F_dwave: 1.082151064589564e-21j
F_px: (3.1745040646865682e-21+0j), F_py: (3.252434348037625e-21+0j)
Free_energy = -16899.16746428232
------------------------------------------
[{'stable': {}, 'free': np.float64(-16899.16746428232)}]
------------------------------------------
  Seed: px+i*py
F_onsite: (-9.416394013354992e-20-8.931596342700535e-20j)
F_swave: (1.094997725830888e-21+3.351469839773083e-21j), F_dwave: (1.1932239031599416e-18+5.223568463620436e-18j)
F_px: (3.196355777715031e-20+2.4848188206163713e-20j), F_py: (2.3208583524520124e-20+6.710640377233717e-20j)
Free_energy = -16899.16746428232
------------------------------------------
[{'stable': {}, 'free': np.float64(-16899.16746428232)}]
------------------------------------------
  Seed: d-wave
F_onsite: (-1.068424731555553e-20+0j)
F_swave: (1.3844095170248795e-21+0j), F_dwave: (3.833233415152882e-18+0j)
F_px: -1.246725780542225e-21j, F_py: -4.124724962427906e-21j
Free_energy = -16899.16746428232
------------------------------------------
[{'stable': {}, 'free': np.float64(-16899.16746428232)}]
------------------------------------------
  Seed: d-wave+px
F_onsite: (-1.068424731555553e-20+0j)
F_swave: (1.3844095170248795e-21+0j), F_dwave: (3.833233415152882e-18+0j)
F_px: -1.246725780542225e-21j, F_py: -4.124724962427906e-21j
Free_energy = -16899.16746428232
------------------------------------------
[{'stable': {}, 'free': np.float64(-16899.16746428232)}]
------------------------------------------
  Seed: d-wave+py
F_onsite: (-1.068424731555553e-20+0j)
F_swave: (1.3844095170248795e-21+0j), F_dwave: (3.833233415152882e-18+0j)
F_px: -1.246725780542225e-21j, F_py: -4.124724962427906e-21j
Free_energy = -16899.16746428232
------------------------------------------
[{'stable': {}, 'free': np.float64(-16899.16746428232)}]
------------------------------------------
  Seed: s-wave
F_onsite: (8.325665347108093e-21+0j)
F_swave: (-2.0718963789562833e-22+0j), F_dwave: (-4.2759392969485806e-21+0j)
F_px: 5.33188573034815e-21j, F_py: 5.531070770435065e-21j
Free_energy = -16899.16746428232
------------------------------------------
[{'stable': {}, 'free': np.float64(-16899.16746428232)}]
------------------------------------------
  Seed: s-wave+px
F_onsite: (2.100340676393087e-20+0j)
F_swave: (-5.370415048031181e-22+0j), F_dwave: (-1.3601819685720685e-20+0j)
F_px: -4.390150009771626e-21j, F_py: 8.804438198447509e-21j
Free_energy = -16899.16746428232
------------------------------------------
[{'stable': {}, 'free': np.float64(-16899.16746428232)}]
------------------------------------------
  Seed: s-wave+py
F_onsite: (8.325665347108093e-21+0j)
F_swave: (-2.0718963789562833e-22+0j), F_dwave: (-4.2759392969485806e-21+0j)
F_px: 5.33188573034815e-21j, F_py: 5.531070770435065e-21j
Free_energy = -16899.16746428232
------------------------------------------
[{'stable': {}, 'free': np.float64(-16899.16746428232)}]
------------------------------------------
