/home/emilssp/D1/venv/bin/python
Python 3.10.12
Running job 3 out of 45
====================================
mu=0.31, T=0.0010
====================================
  Seed: normal state
F_onsite: 0j
F_swave: 0j, F_dwave: 0j
F_px: 0j, F_py: 0j
Free_energy = -16473.32568293547
------------------------------------------
[{'stable': {}, 'free': np.float64(-16473.32568293547)}]
------------------------------------------
  Seed: px
F_onsite: 7.255488578723573e-18j
F_swave: 4.85722573273506e-16j, F_dwave: 0.09690270558198633j
F_px: (6.0014316643383435e-09+0j), F_py: (-8.096233871726524e-18+0j)
Free_energy = -17206.881391431623
------------------------------------------
[{'stable': {'F_dwave': np.complex128(0.09690270558198633j)}, 'free': np.float64(-17206.881391431623)}]
------------------------------------------
  Seed: py
F_onsite: -1.1784553952782572e-17j
F_swave: -5.551115123125783e-17j, F_dwave: -0.09690270558200127j
F_px: (-1.5290501461879824e-17+0j), F_py: (6.429746501015849e-13+0j)
Free_energy = -17206.88139143199
------------------------------------------
[{'stable': {'F_dwave': np.complex128(0.09690270558198633j)}, 'free': np.float64(-17206.881391431623)}, {'stable': {'F_dwave': np.complex128(-0.09690270558200127j)}, 'free': np.float64(-17206.88139143199)}]
------------------------------------------
  Seed: px+py
F_onsite: 1.1710225201834782e-16j
F_swave: -9.7852687138165e-18j, F_dwave: 6.100215592330531e-09j
F_px: (0.03565280382924918+0j), F_py: (0.035652803867231+0j)
Free_energy = -16560.808234129046
------------------------------------------
[{'stable': {'F_dwave': np.complex128(0.09690270558198633j)}, 'free': np.float64(-17206.881391431623)}, {'stable': {'F_dwave': np.complex128(-0.09690270558200127j)}, 'free': np.float64(-17206.88139143199)}]
------------------------------------------
  Seed: px+i*py
F_onsite: (9.701531299038316e-18+4.655091300585474e-18j)
F_swave: (2.3418766925686896e-17-2.0816681711721685e-17j), F_dwave: (0.015569087081314704+0.09564380730902783j)
F_px: (2.2273849431542203e-14+1.3662682096793333e-13j), F_py: (3.248738084105085e-13+1.9958201757930283e-12j)
Free_energy = -17206.881391431984
------------------------------------------
[{'stable': {'F_dwave': np.complex128(0.09690270558198633j)}, 'free': np.float64(-17206.881391431623)}, {'stable': {'F_dwave': np.complex128(-0.09690270558200127j)}, 'free': np.float64(-17206.88139143199)}, {'stable': {'F_dwave': np.complex128(0.015569087081314704+0.09564380730902783j)}, 'free': np.float64(-17206.881391431984)}]
------------------------------------------
  Seed: d-wave
F_onsite: (4.535839496132662e-16+0j)
F_swave: (1.5265566588595902e-16+0j), F_dwave: (0.09690270558200234+0j)
F_px: -6.601678766858056e-18j, F_py: 8.878293160588683e-18j
Free_energy = -17206.881391432013
------------------------------------------
[{'stable': {'F_dwave': np.complex128(0.09690270558198633j)}, 'free': np.float64(-17206.881391431623)}, {'stable': {'F_dwave': np.complex128(-0.09690270558200127j)}, 'free': np.float64(-17206.88139143199)}, {'stable': {'F_dwave': np.complex128(0.015569087081314704+0.09564380730902783j)}, 'free': np.float64(-17206.881391431984)}, {'stable': {'F_dwave': np.complex128(0.09690270558200234+0j)}, 'free': np.float64(-17206.881391432013)}]
------------------------------------------
  Seed: d-wave+px
F_onsite: (3.6551623818409437e-16+1.017926303383345e-18j)
F_swave: (2.983724378680108e-16-7.085942181418744e-18j), F_dwave: (0.09690270558200081-2.7547858517999178e-17j)
F_px: (8.078641457187619e-09-5.136821411986573e-18j), F_py: (4.163336342344337e-17+1.037979596076476e-17j)
Free_energy = -17206.88139143199
------------------------------------------
[{'stable': {'F_dwave': np.complex128(0.09690270558198633j)}, 'free': np.float64(-17206.881391431623)}, {'stable': {'F_dwave': np.complex128(-0.09690270558200127j)}, 'free': np.float64(-17206.88139143199)}, {'stable': {'F_dwave': np.complex128(0.015569087081314704+0.09564380730902783j)}, 'free': np.float64(-17206.881391431984)}, {'stable': {'F_dwave': np.complex128(0.09690270558200234+0j)}, 'free': np.float64(-17206.881391432013)}]
------------------------------------------
  Seed: d-wave+py
F_onsite: (5.389857487185087e-16-1.4001399714404323e-19j)
F_swave: (-4.371503159461554e-16-7.500323976881489e-19j), F_dwave: (0.09690270558199704-1.1996011988248305e-17j)
F_px: (1.3877787807814457e-17-1.4371900592141012e-17j), F_py: (4.765047896537755e-08+1.0794624521615301e-17j)
Free_energy = -17206.881391431973
------------------------------------------
[{'stable': {'F_dwave': np.complex128(0.09690270558198633j)}, 'free': np.float64(-17206.881391431623)}, {'stable': {'F_dwave': np.complex128(-0.09690270558200127j)}, 'free': np.float64(-17206.88139143199)}, {'stable': {'F_dwave': np.complex128(0.015569087081314704+0.09564380730902783j)}, 'free': np.float64(-17206.881391431984)}, {'stable': {'F_dwave': np.complex128(0.09690270558200234+0j)}, 'free': np.float64(-17206.881391432013)}]
------------------------------------------
  Seed: s-wave
F_onsite: (-6.994982811551623e-17+0j)
F_swave: (-1.734723475976807e-16+0j), F_dwave: (0.09690270552248181+0j)
F_px: 1.2373926894891949e-15j, F_py: 7.693154325402258e-16j
Free_energy = -17206.881389837337
------------------------------------------
[{'stable': {'F_dwave': np.complex128(0.09690270558198633j)}, 'free': np.float64(-17206.881391431623)}, {'stable': {'F_dwave': np.complex128(-0.09690270558200127j)}, 'free': np.float64(-17206.88139143199)}, {'stable': {'F_dwave': np.complex128(0.015569087081314704+0.09564380730902783j)}, 'free': np.float64(-17206.881391431984)}, {'stable': {'F_dwave': np.complex128(0.09690270558200234+0j)}, 'free': np.float64(-17206.881391432013)}]
------------------------------------------
  Seed: s-wave+px
F_onsite: (-4.1379246065959704e-16-5.647439441492071e-19j)
F_swave: (-7.632783294297951e-17+7.411566260473085e-19j), F_dwave: (0.09690270558199755+1.1607110309070115e-16j)
F_px: (4.32689719262469e-08-1.477834433562935e-17j), F_py: (-4.163336342344337e-17+1.0068467923352128e-17j)
Free_energy = -17206.881391431984
------------------------------------------
[{'stable': {'F_dwave': np.complex128(0.09690270558198633j)}, 'free': np.float64(-17206.881391431623)}, {'stable': {'F_dwave': np.complex128(-0.09690270558200127j)}, 'free': np.float64(-17206.88139143199)}, {'stable': {'F_dwave': np.complex128(0.015569087081314704+0.09564380730902783j)}, 'free': np.float64(-17206.881391431984)}, {'stable': {'F_dwave': np.complex128(0.09690270558200234+0j)}, 'free': np.float64(-17206.881391432013)}]
------------------------------------------
  Seed: s-wave+py
F_onsite: (-3.7758769149922464e-16+1.611663271908025e-19j)
F_swave: (1.8041124150158794e-16+3.2696473881460478e-18j), F_dwave: (-0.09690270558200155-3.404767533678864e-17j)
F_px: (6.245004513516506e-17-5.952787615858344e-18j), F_py: (1.0033642389162267e-08-1.0136338660050798e-17j)
Free_energy = -17206.88139143199
------------------------------------------
[{'stable': {'F_dwave': np.complex128(0.09690270558198633j)}, 'free': np.float64(-17206.881391431623)}, {'stable': {'F_dwave': np.complex128(-0.09690270558200127j)}, 'free': np.float64(-17206.88139143199)}, {'stable': {'F_dwave': np.complex128(0.015569087081314704+0.09564380730902783j)}, 'free': np.float64(-17206.881391431984)}, {'stable': {'F_dwave': np.complex128(0.09690270558200234+0j)}, 'free': np.float64(-17206.881391432013)}, {'stable': {'F_dwave': np.complex128(-0.09690270558200155-3.404767533678864e-17j)}, 'free': np.float64(-17206.88139143199)}]
------------------------------------------
====================================
mu=0.31, T=0.0113
====================================
  Seed: normal state
F_onsite: 0j
F_swave: 0j, F_dwave: 0j
F_px: 0j, F_py: 0j
Free_energy = -16474.079382953507
------------------------------------------
[{'stable': {}, 'free': np.float64(-16474.079382953507)}]
------------------------------------------
  Seed: px
F_onsite: 9.938547597428291e-17j
F_swave: 1.0408340855860843e-16j, F_dwave: 0.09690247341323965j
F_px: (7.575028365197126e-17+0j), F_py: (-9.039804446796973e-18+0j)
Free_energy = -17206.880243164953
------------------------------------------
[{'stable': {'F_dwave': np.complex128(0.09690247341323965j)}, 'free': np.float64(-17206.880243164953)}]
------------------------------------------
  Seed: py
F_onsite: -1.2918024370575715e-16j
F_swave: -1.0408340855860843e-16j, F_dwave: -0.09690247341323982j
F_px: (-7.46721436794e-18+0j), F_py: (2.0127279197127634e-17+0j)
Free_energy = -17206.880243164953
------------------------------------------
[{'stable': {'F_dwave': np.complex128(0.09690247341323965j)}, 'free': np.float64(-17206.880243164953)}, {'stable': {'F_dwave': np.complex128(-0.09690247341323982j)}, 'free': np.float64(-17206.880243164953)}]
------------------------------------------
  Seed: px+py
F_onsite: 6.107336435721425e-18j
F_swave: 9.71445146547012e-17j, F_dwave: 0.0969024734132384j
F_px: (1.1664958571048619e-09+0j), F_py: (1.1665082836766577e-09+0j)
Free_energy = -17206.88024316492
------------------------------------------
[{'stable': {'F_dwave': np.complex128(0.09690247341323965j)}, 'free': np.float64(-17206.880243164953)}, {'stable': {'F_dwave': np.complex128(-0.09690247341323982j)}, 'free': np.float64(-17206.880243164953)}]
------------------------------------------
  Seed: px+i*py
F_onsite: (-1.1464766303376816e-17+1.243881051758292e-16j)
F_swave: (4.7704895589362195e-18+6.591949208711867e-17j), F_dwave: (0.015569049779408388+0.09564357815645531j)
F_px: (3.5561831257524545e-17+5.689893001203927e-16j), F_py: (3.703634621210483e-16+1.8943180357666733e-15j)
Free_energy = -17206.88024316495
------------------------------------------
[{'stable': {'F_dwave': np.complex128(0.09690247341323965j)}, 'free': np.float64(-17206.880243164953)}, {'stable': {'F_dwave': np.complex128(-0.09690247341323982j)}, 'free': np.float64(-17206.880243164953)}, {'stable': {'F_dwave': np.complex128(0.015569049779408388+0.09564357815645531j)}, 'free': np.float64(-17206.88024316495)}]
------------------------------------------
  Seed: d-wave
F_onsite: (1.180762241024045e-16+0j)
F_swave: (1.1102230246251565e-16+0j), F_dwave: (0.09690247341323983+0j)
F_px: -1.0928862661078465e-17j, F_py: 8.542766919555191e-18j
Free_energy = -17206.880243164956
------------------------------------------
[{'stable': {'F_dwave': np.complex128(0.09690247341323965j)}, 'free': np.float64(-17206.880243164953)}, {'stable': {'F_dwave': np.complex128(-0.09690247341323982j)}, 'free': np.float64(-17206.880243164953)}, {'stable': {'F_dwave': np.complex128(0.015569049779408388+0.09564357815645531j)}, 'free': np.float64(-17206.88024316495)}, {'stable': {'F_dwave': np.complex128(0.09690247341323983+0j)}, 'free': np.float64(-17206.880243164956)}]
------------------------------------------
  Seed: d-wave+px
F_onsite: (-4.7263227968190735e-18+1.3911034157712774e-18j)
F_swave: (4.926614671774132e-16+3.571501870201756e-19j), F_dwave: (0.09690247341327031-2.3331482155366053e-17j)
F_px: (1.1042459030496943e-09+7.14232169594872e-19j), F_py: (-2.7755575615628914e-17+1.0587402575372814e-17j)
Free_energy = -17206.880243165702
------------------------------------------
[{'stable': {'F_dwave': np.complex128(0.09690247341323965j)}, 'free': np.float64(-17206.880243164953)}, {'stable': {'F_dwave': np.complex128(-0.09690247341323982j)}, 'free': np.float64(-17206.880243164953)}, {'stable': {'F_dwave': np.complex128(0.015569049779408388+0.09564357815645531j)}, 'free': np.float64(-17206.88024316495)}, {'stable': {'F_dwave': np.complex128(0.09690247341323983+0j)}, 'free': np.float64(-17206.880243164956)}]
------------------------------------------
  Seed: d-wave+py
F_onsite: (1.2545582630251105e-16-9.804718262242194e-19j)
F_swave: (-6.938893903907228e-18+4.9550343482581994e-18j), F_dwave: (0.09690247341324042-4.725669759722011e-18j)
F_px: (-4.163336342344337e-17-2.1907369684288474e-18j), F_py: (3.4742951848798498e-09+1.0258756938316954e-17j)
Free_energy = -17206.880243164956
------------------------------------------
[{'stable': {'F_dwave': np.complex128(0.09690247341323965j)}, 'free': np.float64(-17206.880243164953)}, {'stable': {'F_dwave': np.complex128(-0.09690247341323982j)}, 'free': np.float64(-17206.880243164953)}, {'stable': {'F_dwave': np.complex128(0.015569049779408388+0.09564357815645531j)}, 'free': np.float64(-17206.88024316495)}, {'stable': {'F_dwave': np.complex128(0.09690247341323983+0j)}, 'free': np.float64(-17206.880243164956)}]
------------------------------------------
  Seed: s-wave
F_onsite: (1.180762241024045e-16+0j)
F_swave: (1.1102230246251565e-16+0j), F_dwave: (0.09690247341323983+0j)
F_px: -1.0928862661078465e-17j, F_py: 8.542766919555191e-18j
Free_energy = -17206.880243164956
------------------------------------------
[{'stable': {'F_dwave': np.complex128(0.09690247341323965j)}, 'free': np.float64(-17206.880243164953)}, {'stable': {'F_dwave': np.complex128(-0.09690247341323982j)}, 'free': np.float64(-17206.880243164953)}, {'stable': {'F_dwave': np.complex128(0.015569049779408388+0.09564357815645531j)}, 'free': np.float64(-17206.88024316495)}, {'stable': {'F_dwave': np.complex128(0.09690247341323983+0j)}, 'free': np.float64(-17206.880243164956)}]
------------------------------------------
  Seed: s-wave+px
F_onsite: (1.3743820878166492e-16+1.4270541310833634e-18j)
F_swave: (2.6020852139652106e-16-2.0085782619142715e-18j), F_dwave: (0.09690247341324033+1.3003657075097652e-16j)
F_px: (2.84110966003448e-09-6.4585751231963786e-18j), F_py: (-3.469446951953614e-17+1.0580599171688316e-17j)
Free_energy = -17206.880243164956
------------------------------------------
[{'stable': {'F_dwave': np.complex128(0.09690247341323965j)}, 'free': np.float64(-17206.880243164953)}, {'stable': {'F_dwave': np.complex128(-0.09690247341323982j)}, 'free': np.float64(-17206.880243164953)}, {'stable': {'F_dwave': np.complex128(0.015569049779408388+0.09564357815645531j)}, 'free': np.float64(-17206.88024316495)}, {'stable': {'F_dwave': np.complex128(0.09690247341323983+0j)}, 'free': np.float64(-17206.880243164956)}]
------------------------------------------
  Seed: s-wave+py
F_onsite: (1.8557737397917973e-16-6.181874795443724e-19j)
F_swave: (5.551115123125783e-17+3.817604100450637e-19j), F_dwave: (-0.0969024740863472-2.3418091791210688e-17j)
F_px: 3.2186492612943264e-17j, F_py: (4.819944748879479e-09-9.652967099418333e-18j)
Free_energy = -17206.880261199803
------------------------------------------
[{'stable': {'F_dwave': np.complex128(0.09690247341323965j)}, 'free': np.float64(-17206.880243164953)}, {'stable': {'F_dwave': np.complex128(-0.09690247341323982j)}, 'free': np.float64(-17206.880243164953)}, {'stable': {'F_dwave': np.complex128(0.015569049779408388+0.09564357815645531j)}, 'free': np.float64(-17206.88024316495)}, {'stable': {'F_dwave': np.complex128(0.09690247341323983+0j)}, 'free': np.float64(-17206.880243164956)}, {'stable': {'F_dwave': np.complex128(-0.0969024740863472-2.3418091791210688e-17j)}, 'free': np.float64(-17206.880261199803)}]
------------------------------------------
====================================
mu=0.31, T=0.0216
====================================
  Seed: normal state
F_onsite: 0j
F_swave: 0j, F_dwave: 0j
F_px: 0j, F_py: 0j
Free_energy = -16476.16812064069
------------------------------------------
[{'stable': {}, 'free': np.float64(-16476.16812064069)}]
------------------------------------------
  Seed: px
F_onsite: -3.0654531980972466e-16j
F_swave: -4.85722573273506e-17j, F_dwave: 0.09689423047582858j
F_px: (-3.0015164215424705e-17+0j), F_py: (-7.195555226682938e-18+0j)
Free_energy = -17206.837927126897
------------------------------------------
[{'stable': {'F_dwave': np.complex128(0.09689423047582858j)}, 'free': np.float64(-17206.837927126897)}]
------------------------------------------
  Seed: py
F_onsite: 3.0654531980972466e-16j
F_swave: 4.85722573273506e-17j, F_dwave: -0.09689423047582858j
F_px: (3.0015164215424705e-17+0j), F_py: (7.195555226682938e-18+0j)
Free_energy = -17206.837927126897
------------------------------------------
[{'stable': {'F_dwave': np.complex128(0.09689423047582858j)}, 'free': np.float64(-17206.837927126897)}, {'stable': {'F_dwave': np.complex128(-0.09689423047582858j)}, 'free': np.float64(-17206.837927126897)}]
------------------------------------------
  Seed: px+py
F_onsite: 3.645199401893569e-17j
F_swave: 2.7755575615628914e-16j, F_dwave: 0.09689423243504579j
F_px: (1.2721962210080151e-11+0j), F_py: (1.2722021851355141e-11+0j)
Free_energy = -17206.837979600357
------------------------------------------
[{'stable': {'F_dwave': np.complex128(0.09689423047582858j)}, 'free': np.float64(-17206.837927126897)}, {'stable': {'F_dwave': np.complex128(-0.09689423047582858j)}, 'free': np.float64(-17206.837927126897)}]
------------------------------------------
  Seed: px+i*py
F_onsite: (-2.74139992891312e-17+2.1192066726415635e-16j)
F_swave: (-4.7704895589362195e-18-2.255140518769849e-16j), F_dwave: (0.015567725409675002+0.0956354423060394j)
F_px: (-4.2760933682828295e-16-2.3522850334245504e-15j), F_py: (-4.336808689942018e-18-4.85722573273506e-17j)
Free_energy = -17206.83792712688
------------------------------------------
[{'stable': {'F_dwave': np.complex128(0.09689423047582858j)}, 'free': np.float64(-17206.837927126897)}, {'stable': {'F_dwave': np.complex128(-0.09689423047582858j)}, 'free': np.float64(-17206.837927126897)}, {'stable': {'F_dwave': np.complex128(0.015567725409675002+0.0956354423060394j)}, 'free': np.float64(-17206.83792712688)}]
------------------------------------------
  Seed: d-wave
F_onsite: (-2.9913378152124953e-16+0j)
F_swave: (-4.163336342344337e-17+0j), F_dwave: (0.0968942304758286+0j)
F_px: 3.1778633872048955e-17j, F_py: 7.65591763351565e-18j
Free_energy = -17206.837927126897
------------------------------------------
[{'stable': {'F_dwave': np.complex128(0.09689423047582858j)}, 'free': np.float64(-17206.837927126897)}, {'stable': {'F_dwave': np.complex128(-0.09689423047582858j)}, 'free': np.float64(-17206.837927126897)}, {'stable': {'F_dwave': np.complex128(0.015567725409675002+0.0956354423060394j)}, 'free': np.float64(-17206.83792712688)}, {'stable': {'F_dwave': np.complex128(0.0968942304758286+0j)}, 'free': np.float64(-17206.837927126897)}]
------------------------------------------
  Seed: d-wave+px
F_onsite: (-2.327957567694302e-16-5.48666497363161e-19j)
F_swave: (5.898059818321144e-17+2.6340086150333917e-18j), F_dwave: (0.09689423047582765-4.858968002579765e-19j)
F_px: (2.3385356151539582e-11-1.0321953758999418e-17j), F_py: (7.632783294297951e-17+7.97729650604331e-18j)
Free_energy = -17206.83792712688
------------------------------------------
[{'stable': {'F_dwave': np.complex128(0.09689423047582858j)}, 'free': np.float64(-17206.837927126897)}, {'stable': {'F_dwave': np.complex128(-0.09689423047582858j)}, 'free': np.float64(-17206.837927126897)}, {'stable': {'F_dwave': np.complex128(0.015567725409675002+0.0956354423060394j)}, 'free': np.float64(-17206.83792712688)}, {'stable': {'F_dwave': np.complex128(0.0968942304758286+0j)}, 'free': np.float64(-17206.837927126897)}]
------------------------------------------
  Seed: d-wave+py
F_onsite: (-3.114485003245576e-16+3.875183125109509e-19j)
F_swave: (1.3530843112619095e-16+4.642400225179556e-18j), F_dwave: (0.09689423047582812-3.694019405527766e-18j)
F_px: (3.469446951953614e-17-2.6738198216436074e-18j), F_py: (1.42465629571209e-10+9.477608857150602e-18j)
Free_energy = -17206.837927126897
------------------------------------------
[{'stable': {'F_dwave': np.complex128(0.09689423047582858j)}, 'free': np.float64(-17206.837927126897)}, {'stable': {'F_dwave': np.complex128(-0.09689423047582858j)}, 'free': np.float64(-17206.837927126897)}, {'stable': {'F_dwave': np.complex128(0.015567725409675002+0.0956354423060394j)}, 'free': np.float64(-17206.83792712688)}, {'stable': {'F_dwave': np.complex128(0.0968942304758286+0j)}, 'free': np.float64(-17206.837927126897)}]
------------------------------------------
  Seed: s-wave
F_onsite: (-2.9913378152124953e-16+0j)
F_swave: (-4.163336342344337e-17+0j), F_dwave: (0.0968942304758286+0j)
F_px: 3.1778633872048955e-17j, F_py: 7.65591763351565e-18j
Free_energy = -17206.837927126897
------------------------------------------
[{'stable': {'F_dwave': np.complex128(0.09689423047582858j)}, 'free': np.float64(-17206.837927126897)}, {'stable': {'F_dwave': np.complex128(-0.09689423047582858j)}, 'free': np.float64(-17206.837927126897)}, {'stable': {'F_dwave': np.complex128(0.015567725409675002+0.0956354423060394j)}, 'free': np.float64(-17206.83792712688)}, {'stable': {'F_dwave': np.complex128(0.0968942304758286+0j)}, 'free': np.float64(-17206.837927126897)}]
------------------------------------------
  Seed: s-wave+px
F_onsite: (-1.6514382252056532e-16+1.0573741220791546e-18j)
F_swave: (-3.157196726277789e-16-5.776934901275095e-18j), F_dwave: (0.09689423047582797+8.593247808464863e-17j)
F_px: (4.8269548080792646e-11-4.175636313591283e-18j), F_py: (-6.938893903907228e-18+7.884956870403911e-18j)
Free_energy = -17206.83792712686
------------------------------------------
[{'stable': {'F_dwave': np.complex128(0.09689423047582858j)}, 'free': np.float64(-17206.837927126897)}, {'stable': {'F_dwave': np.complex128(-0.09689423047582858j)}, 'free': np.float64(-17206.837927126897)}, {'stable': {'F_dwave': np.complex128(0.015567725409675002+0.0956354423060394j)}, 'free': np.float64(-17206.83792712688)}, {'stable': {'F_dwave': np.complex128(0.0968942304758286+0j)}, 'free': np.float64(-17206.837927126897)}]
------------------------------------------
  Seed: s-wave+py
F_onsite: (4.4794833957666797e-17-6.399766180893525e-19j)
F_swave: (1.249000902703301e-16-4.831821400716598e-18j), F_dwave: (-0.09689423084508132-4.411811766871009e-17j)
F_px: (1.3877787807814457e-17+2.4108950612588065e-18j), F_py: (1.2853949155067212e-09-8.457229485198691e-18j)
Free_energy = -17206.83793701662
------------------------------------------
[{'stable': {'F_dwave': np.complex128(0.09689423047582858j)}, 'free': np.float64(-17206.837927126897)}, {'stable': {'F_dwave': np.complex128(-0.09689423047582858j)}, 'free': np.float64(-17206.837927126897)}, {'stable': {'F_dwave': np.complex128(0.015567725409675002+0.0956354423060394j)}, 'free': np.float64(-17206.83792712688)}, {'stable': {'F_dwave': np.complex128(0.0968942304758286+0j)}, 'free': np.float64(-17206.837927126897)}, {'stable': {'F_dwave': np.complex128(-0.09689423084508132-4.411811766871009e-17j)}, 'free': np.float64(-17206.83793701662)}]
------------------------------------------
====================================
mu=0.31, T=0.0319
====================================
  Seed: normal state
F_onsite: 0j
F_swave: 0j, F_dwave: 0j
F_px: 0j, F_py: 0j
Free_energy = -16479.752452938028
------------------------------------------
[{'stable': {}, 'free': np.float64(-16479.752452938028)}]
------------------------------------------
  Seed: px
F_onsite: -1.6273492451564422e-16j
F_swave: 1.1102230246251565e-16j, F_dwave: 0.09686192498759366j
F_px: (5.310356430344466e-18+0j), F_py: (-8.450571022841255e-18+0j)
Free_energy = -17206.668520900042
------------------------------------------
[{'stable': {'F_dwave': np.complex128(0.09686192498759366j)}, 'free': np.float64(-17206.668520900042)}]
------------------------------------------
  Seed: py
F_onsite: 1.6273492451564422e-16j
F_swave: -1.1102230246251565e-16j, F_dwave: -0.09686192498759366j
F_px: (-5.310356430344466e-18+0j), F_py: (8.450571022841255e-18+0j)
Free_energy = -17206.668520900042
------------------------------------------
[{'stable': {'F_dwave': np.complex128(0.09686192498759366j)}, 'free': np.float64(-17206.668520900042)}, {'stable': {'F_dwave': np.complex128(-0.09686192498759366j)}, 'free': np.float64(-17206.668520900042)}]
------------------------------------------
  Seed: px+py
F_onsite: -2.836797912381146e-16j
F_swave: 1.734723475976807e-16j, F_dwave: 0.0968619249875654j
F_px: (3.3127051155116306e-17+0j), F_py: (1.510379952422167e-17+0j)
Free_energy = -17206.668520899257
------------------------------------------
[{'stable': {'F_dwave': np.complex128(0.09686192498759366j)}, 'free': np.float64(-17206.668520900042)}, {'stable': {'F_dwave': np.complex128(-0.09686192498759366j)}, 'free': np.float64(-17206.668520900042)}]
------------------------------------------
  Seed: px+i*py
F_onsite: (-3.17561469670967e-17+1.962303064017786e-16j)
F_swave: (7.936359902593892e-17-2.0816681711721685e-17j), F_dwave: (0.015562534977096873+0.09560355651011859j)
F_px: (-1.1796119636642288e-16-4.85722573273506e-16j), F_py: (-6.071532165918825e-18+4.163336342344337e-17j)
Free_energy = -17206.66852089925
------------------------------------------
[{'stable': {'F_dwave': np.complex128(0.09686192498759366j)}, 'free': np.float64(-17206.668520900042)}, {'stable': {'F_dwave': np.complex128(-0.09686192498759366j)}, 'free': np.float64(-17206.668520900042)}, {'stable': {'F_dwave': np.complex128(0.015562534977096873+0.09560355651011859j)}, 'free': np.float64(-17206.66852089925)}]
------------------------------------------
  Seed: d-wave
F_onsite: (-1.6581469660719145e-16+0j)
F_swave: (1.1102230246251565e-16+0j), F_dwave: (0.09686192498759368+0j)
F_px: 9.496041703914883e-19j, F_py: 9.399545708786591e-18j
Free_energy = -17206.668520900042
------------------------------------------
[{'stable': {'F_dwave': np.complex128(0.09686192498759366j)}, 'free': np.float64(-17206.668520900042)}, {'stable': {'F_dwave': np.complex128(-0.09686192498759366j)}, 'free': np.float64(-17206.668520900042)}, {'stable': {'F_dwave': np.complex128(0.015562534977096873+0.09560355651011859j)}, 'free': np.float64(-17206.66852089925)}, {'stable': {'F_dwave': np.complex128(0.09686192498759368+0j)}, 'free': np.float64(-17206.668520900042)}]
------------------------------------------
  Seed: d-wave+px
F_onsite: (-4.2491498323744953e-16+1.8849244442797092e-19j)
F_swave: (4.440892098500626e-16-6.903453746315425e-18j), F_dwave: (0.09686192498756528+6.843719381506278e-18j)
F_px: (4.341943471430909e-13-3.3846594988225125e-18j), F_py: (-2.7755575615628914e-17+9.211213116301286e-18j)
Free_energy = -17206.668520899246
------------------------------------------
[{'stable': {'F_dwave': np.complex128(0.09686192498759366j)}, 'free': np.float64(-17206.668520900042)}, {'stable': {'F_dwave': np.complex128(-0.09686192498759366j)}, 'free': np.float64(-17206.668520900042)}, {'stable': {'F_dwave': np.complex128(0.015562534977096873+0.09560355651011859j)}, 'free': np.float64(-17206.66852089925)}, {'stable': {'F_dwave': np.complex128(0.09686192498759368+0j)}, 'free': np.float64(-17206.668520900042)}]
------------------------------------------
  Seed: d-wave+py
F_onsite: (-4.317546819831514e-16+6.295885112518578e-20j)
F_swave: (-1.3877787807814457e-17-2.9411767006187225e-18j), F_dwave: (0.09686192498756503-9.471545628953528e-18j)
F_px: (1.3877787807814457e-17-3.327810466287766e-17j), F_py: (5.491301857674102e-13+7.434658954570358e-18j)
Free_energy = -17206.668520899246
------------------------------------------
[{'stable': {'F_dwave': np.complex128(0.09686192498759366j)}, 'free': np.float64(-17206.668520900042)}, {'stable': {'F_dwave': np.complex128(-0.09686192498759366j)}, 'free': np.float64(-17206.668520900042)}, {'stable': {'F_dwave': np.complex128(0.015562534977096873+0.09560355651011859j)}, 'free': np.float64(-17206.66852089925)}, {'stable': {'F_dwave': np.complex128(0.09686192498759368+0j)}, 'free': np.float64(-17206.668520900042)}]
------------------------------------------
  Seed: s-wave
F_onsite: (-1.6581469660719145e-16+0j)
F_swave: (1.1102230246251565e-16+0j), F_dwave: (0.09686192498759368+0j)
F_px: 9.496041703914883e-19j, F_py: 9.399545708786591e-18j
Free_energy = -17206.668520900042
------------------------------------------
[{'stable': {'F_dwave': np.complex128(0.09686192498759366j)}, 'free': np.float64(-17206.668520900042)}, {'stable': {'F_dwave': np.complex128(-0.09686192498759366j)}, 'free': np.float64(-17206.668520900042)}, {'stable': {'F_dwave': np.complex128(0.015562534977096873+0.09560355651011859j)}, 'free': np.float64(-17206.66852089925)}, {'stable': {'F_dwave': np.complex128(0.09686192498759368+0j)}, 'free': np.float64(-17206.668520900042)}]
------------------------------------------
  Seed: s-wave+px
F_onsite: (-2.678247651138749e-16+1.151336154237835e-19j)
F_swave: (-1.6306400674181987e-16-6.8570110267913224e-18j), F_dwave: (0.09686192498756532+4.8778370470073806e-17j)
F_px: (1.0111494974651691e-12-3.655334501463078e-17j), F_py: (2.0816681711721685e-17+1.018375546189897e-17j)
Free_energy = -17206.66852089925
------------------------------------------
[{'stable': {'F_dwave': np.complex128(0.09686192498759366j)}, 'free': np.float64(-17206.668520900042)}, {'stable': {'F_dwave': np.complex128(-0.09686192498759366j)}, 'free': np.float64(-17206.668520900042)}, {'stable': {'F_dwave': np.complex128(0.015562534977096873+0.09560355651011859j)}, 'free': np.float64(-17206.66852089925)}, {'stable': {'F_dwave': np.complex128(0.09686192498759368+0j)}, 'free': np.float64(-17206.668520900042)}]
------------------------------------------
  Seed: s-wave+py
F_onsite: (2.4342400817179704e-16-8.424564515970714e-19j)
F_swave: (7.632783294297951e-17+2.9913028843383116e-18j), F_dwave: (-0.0968619249875656-3.062618805825691e-17j)
F_px: (-2.7755575615628914e-17+1.0354895890228547e-17j), F_py: (1.305693053677004e-11-1.2684490024184885e-17j)
Free_energy = -17206.66852089925
------------------------------------------
[{'stable': {'F_dwave': np.complex128(0.09686192498759366j)}, 'free': np.float64(-17206.668520900042)}, {'stable': {'F_dwave': np.complex128(-0.09686192498759366j)}, 'free': np.float64(-17206.668520900042)}, {'stable': {'F_dwave': np.complex128(0.015562534977096873+0.09560355651011859j)}, 'free': np.float64(-17206.66852089925)}, {'stable': {'F_dwave': np.complex128(0.09686192498759368+0j)}, 'free': np.float64(-17206.668520900042)}, {'stable': {'F_dwave': np.complex128(-0.0968619249875656-3.062618805825691e-17j)}, 'free': np.float64(-17206.66852089925)}]
------------------------------------------
====================================
mu=0.31, T=0.0422
====================================
  Seed: normal state
F_onsite: 0j
F_swave: 0j, F_dwave: 0j
F_px: 0j, F_py: 0j
Free_energy = -16484.823569239335
------------------------------------------
[{'stable': {}, 'free': np.float64(-16484.823569239335)}]
------------------------------------------
  Seed: px
F_onsite: -2.0341100185041402e-16j
F_swave: 1.5959455978986625e-16j, F_dwave: 0.09679253322930247j
F_px: (4.650087191376833e-18+0j), F_py: (-7.592475180827217e-18+0j)
Free_energy = -17206.29187307998
------------------------------------------
[{'stable': {'F_dwave': np.complex128(0.09679253322930247j)}, 'free': np.float64(-17206.29187307998)}]
------------------------------------------
  Seed: py
F_onsite: 2.0341100185041402e-16j
F_swave: -1.5959455978986625e-16j, F_dwave: -0.09679253322930247j
F_px: (-4.650087191376833e-18+0j), F_py: (7.592475180827217e-18+0j)
Free_energy = -17206.29187307998
------------------------------------------
[{'stable': {'F_dwave': np.complex128(0.09679253322930247j)}, 'free': np.float64(-17206.29187307998)}, {'stable': {'F_dwave': np.complex128(-0.09679253322930247j)}, 'free': np.float64(-17206.29187307998)}]
------------------------------------------
  Seed: px+py
F_onsite: -1.9904362797224767e-16j
F_swave: 1.5265566588595902e-16j, F_dwave: 0.09679253322930245j
F_px: (-1.150617593235291e-17+0j), F_py: (-7.426195655670338e-18+0j)
Free_energy = -17206.29187307998
------------------------------------------
[{'stable': {'F_dwave': np.complex128(0.09679253322930247j)}, 'free': np.float64(-17206.29187307998)}, {'stable': {'F_dwave': np.complex128(-0.09679253322930247j)}, 'free': np.float64(-17206.29187307998)}]
------------------------------------------
  Seed: px+i*py
F_onsite: (1.213478921698967e-18-2.0859384083664123e-16j)
F_swave: (-2.6454533008646308e-17+1.0408340855860843e-17j), F_dwave: (0.015551385473517927+0.09553506302900389j)
F_px: (1.9081958235744878e-17+2.42861286636753e-16j), F_py: (-3.382710778154774e-17+1.0408340855860843e-16j)
Free_energy = -17206.291786239544
------------------------------------------
[{'stable': {'F_dwave': np.complex128(0.09679253322930247j)}, 'free': np.float64(-17206.29187307998)}, {'stable': {'F_dwave': np.complex128(-0.09679253322930247j)}, 'free': np.float64(-17206.29187307998)}, {'stable': {'F_dwave': np.complex128(0.015551385473517927+0.09553506302900389j)}, 'free': np.float64(-17206.291786239544)}]
------------------------------------------
  Seed: d-wave
F_onsite: (4.136110854692298e-17+0j)
F_swave: (1.0408340855860843e-16+0j), F_dwave: (0.09679253002181197+0j)
F_px: 8.46695257878316e-18j, F_py: 7.620680017306949e-18j
Free_energy = -17206.291787605343
------------------------------------------
[{'stable': {'F_dwave': np.complex128(0.09679253322930247j)}, 'free': np.float64(-17206.29187307998)}, {'stable': {'F_dwave': np.complex128(-0.09679253322930247j)}, 'free': np.float64(-17206.29187307998)}, {'stable': {'F_dwave': np.complex128(0.015551385473517927+0.09553506302900389j)}, 'free': np.float64(-17206.291786239544)}, {'stable': {'F_dwave': np.complex128(0.09679253002181197+0j)}, 'free': np.float64(-17206.291787605343)}]
------------------------------------------
  Seed: d-wave+px
F_onsite: (-1.7338187581139556e-16-5.932251614841959e-19j)
F_swave: (-1.4224732503009818e-16-3.3498566782249237e-18j), F_dwave: (0.09679252997055943+3.9309646716081216e-18j)
F_px: (2.942091015256665e-15+1.0444742763864481e-17j), F_py: (-3.469446951953614e-17+1.095703774090238e-17j)
Free_energy = -17206.291786239544
------------------------------------------
[{'stable': {'F_dwave': np.complex128(0.09679253322930247j)}, 'free': np.float64(-17206.29187307998)}, {'stable': {'F_dwave': np.complex128(-0.09679253322930247j)}, 'free': np.float64(-17206.29187307998)}, {'stable': {'F_dwave': np.complex128(0.015551385473517927+0.09553506302900389j)}, 'free': np.float64(-17206.291786239544)}, {'stable': {'F_dwave': np.complex128(0.09679253002181197+0j)}, 'free': np.float64(-17206.291787605343)}]
------------------------------------------
  Seed: d-wave+py
F_onsite: (1.1341015951160512e-16-4.798493531832046e-19j)
F_swave: (-3.95516952522712e-16+2.480434756549796e-18j), F_dwave: (0.09679252997071329-2.0125743743115544e-19j)
F_px: (2.0816681711721685e-17-1.5179308470112843e-17j), F_py: (2.1441182163073336e-14+8.635567643772754e-18j)
Free_energy = -17206.291786243557
------------------------------------------
[{'stable': {'F_dwave': np.complex128(0.09679253322930247j)}, 'free': np.float64(-17206.29187307998)}, {'stable': {'F_dwave': np.complex128(-0.09679253322930247j)}, 'free': np.float64(-17206.29187307998)}, {'stable': {'F_dwave': np.complex128(0.015551385473517927+0.09553506302900389j)}, 'free': np.float64(-17206.291786239544)}, {'stable': {'F_dwave': np.complex128(0.09679253002181197+0j)}, 'free': np.float64(-17206.291787605343)}]
------------------------------------------
  Seed: s-wave
F_onsite: (4.136110854692298e-17+0j)
F_swave: (1.0408340855860843e-16+0j), F_dwave: (0.09679253002181197+0j)
F_px: 8.46695257878316e-18j, F_py: 7.620680017306949e-18j
Free_energy = -17206.291787605343
------------------------------------------
[{'stable': {'F_dwave': np.complex128(0.09679253322930247j)}, 'free': np.float64(-17206.29187307998)}, {'stable': {'F_dwave': np.complex128(-0.09679253322930247j)}, 'free': np.float64(-17206.29187307998)}, {'stable': {'F_dwave': np.complex128(0.015551385473517927+0.09553506302900389j)}, 'free': np.float64(-17206.291786239544)}, {'stable': {'F_dwave': np.complex128(0.09679253002181197+0j)}, 'free': np.float64(-17206.291787605343)}]
------------------------------------------
  Seed: s-wave+px
F_onsite: (-8.71385536837504e-17-1.3070043738045432e-18j)
F_swave: (4.163336342344337e-17+3.113398827318152e-18j), F_dwave: (0.09679252997056166+4.245168456974443e-17j)
F_px: (2.0650148258027912e-14-1.0372455934352e-17j), F_py: (1.3877787807814457e-17+9.474867810167392e-18j)
Free_energy = -17206.291786239588
------------------------------------------
[{'stable': {'F_dwave': np.complex128(0.09679253322930247j)}, 'free': np.float64(-17206.29187307998)}, {'stable': {'F_dwave': np.complex128(-0.09679253322930247j)}, 'free': np.float64(-17206.29187307998)}, {'stable': {'F_dwave': np.complex128(0.015551385473517927+0.09553506302900389j)}, 'free': np.float64(-17206.291786239544)}, {'stable': {'F_dwave': np.complex128(0.09679253002181197+0j)}, 'free': np.float64(-17206.291787605343)}]
------------------------------------------
  Seed: s-wave+py
F_onsite: (1.6546497711010954e-16+1.3345089577036899e-18j)
F_swave: (-2.5673907444456745e-16+2.2067806597371002e-18j), F_dwave: (-0.09679253322930285-3.968111341835014e-17j)
F_px: (-2.0816681711721685e-17-7.198570356482016e-18j), F_py: (2.636391105426128e-12-8.045909257165384e-18j)
Free_energy = -17206.291873079972
------------------------------------------
[{'stable': {'F_dwave': np.complex128(0.09679253322930247j)}, 'free': np.float64(-17206.29187307998)}, {'stable': {'F_dwave': np.complex128(-0.09679253322930247j)}, 'free': np.float64(-17206.29187307998)}, {'stable': {'F_dwave': np.complex128(0.015551385473517927+0.09553506302900389j)}, 'free': np.float64(-17206.291786239544)}, {'stable': {'F_dwave': np.complex128(0.09679253002181197+0j)}, 'free': np.float64(-17206.291787605343)}, {'stable': {'F_dwave': np.complex128(-0.09679253322930285-3.968111341835014e-17j)}, 'free': np.float64(-17206.291873079972)}]
------------------------------------------
====================================
mu=0.31, T=0.0526
====================================
  Seed: normal state
F_onsite: 0j
F_swave: 0j, F_dwave: 0j
F_px: 0j, F_py: 0j
Free_energy = -16491.376662270315
------------------------------------------
[{'stable': {}, 'free': np.float64(-16491.376662270315)}]
------------------------------------------
  Seed: px
F_onsite: -9.204473781205693e-18j
F_swave: -3.5388358909926865e-16j, F_dwave: 0.09666909987163319j
F_px: (-9.806739928361485e-18+0j), F_py: (-8.883320160260363e-18+0j)
Free_energy = -17205.583913486666
------------------------------------------
[{'stable': {'F_dwave': np.complex128(0.09666909987163319j)}, 'free': np.float64(-17205.583913486666)}]
------------------------------------------
  Seed: py
F_onsite: 9.204473781205693e-18j
F_swave: 3.5388358909926865e-16j, F_dwave: -0.09666909987163319j
F_px: (9.806739928361485e-18+0j), F_py: (8.883320160260363e-18+0j)
Free_energy = -17205.583913486666
------------------------------------------
[{'stable': {'F_dwave': np.complex128(0.09666909987163319j)}, 'free': np.float64(-17205.583913486666)}, {'stable': {'F_dwave': np.complex128(-0.09666909987163319j)}, 'free': np.float64(-17205.583913486666)}]
------------------------------------------
  Seed: px+py
F_onsite: -9.204473781205693e-18j
F_swave: -3.5388358909926865e-16j, F_dwave: 0.09666909987163319j
F_px: (-9.806739928361485e-18+0j), F_py: (-8.883320160260363e-18+0j)
Free_energy = -17205.583913486666
------------------------------------------
[{'stable': {'F_dwave': np.complex128(0.09666909987163319j)}, 'free': np.float64(-17205.583913486666)}, {'stable': {'F_dwave': np.complex128(-0.09666909987163319j)}, 'free': np.float64(-17205.583913486666)}]
------------------------------------------
  Seed: px+i*py
F_onsite: (3.240109857254205e-18+1.2471113457231327e-16j)
F_swave: (-9.71445146547012e-17+3.157196726277789e-16j), F_dwave: (0.01553155430423219+0.0954132364553604j)
F_px: (3.0010716134398763e-16-1.8318679906315083e-15j), F_py: (-1.734723475976807e-17-1.0408340855860843e-16j)
Free_energy = -17205.583913486666
------------------------------------------
[{'stable': {'F_dwave': np.complex128(0.09666909987163319j)}, 'free': np.float64(-17205.583913486666)}, {'stable': {'F_dwave': np.complex128(-0.09666909987163319j)}, 'free': np.float64(-17205.583913486666)}, {'stable': {'F_dwave': np.complex128(0.01553155430423219+0.0954132364553604j)}, 'free': np.float64(-17205.583913486666)}]
------------------------------------------
  Seed: d-wave
F_onsite: (-3.6577212995662373e-16+0j)
F_swave: (-6.938893903907228e-17+0j), F_dwave: (0.09666910603596152+0j)
F_px: 1.427076353245523e-17j, F_py: 8.026953219589068e-18j
Free_energy = -17205.58407670023
------------------------------------------
[{'stable': {'F_dwave': np.complex128(0.09666909987163319j)}, 'free': np.float64(-17205.583913486666)}, {'stable': {'F_dwave': np.complex128(-0.09666909987163319j)}, 'free': np.float64(-17205.583913486666)}, {'stable': {'F_dwave': np.complex128(0.01553155430423219+0.0954132364553604j)}, 'free': np.float64(-17205.583913486666)}, {'stable': {'F_dwave': np.complex128(0.09666910603596152+0j)}, 'free': np.float64(-17205.58407670023)}]
------------------------------------------
  Seed: d-wave+px
F_onsite: (-4.3540709567092644e-17+1.2677866935280596e-19j)
F_swave: (-1.249000902703301e-16+2.951065062980667e-20j), F_dwave: (0.09666910009872419-7.862307313057392e-18j)
F_px: (1.8735013540549517e-16-2.1017398948514056e-18j), F_py: (1.3877787807814457e-17+1.0292268390765564e-17j)
Free_energy = -17205.583919499353
------------------------------------------
[{'stable': {'F_dwave': np.complex128(0.09666909987163319j)}, 'free': np.float64(-17205.583913486666)}, {'stable': {'F_dwave': np.complex128(-0.09666909987163319j)}, 'free': np.float64(-17205.583913486666)}, {'stable': {'F_dwave': np.complex128(0.01553155430423219+0.0954132364553604j)}, 'free': np.float64(-17205.583913486666)}, {'stable': {'F_dwave': np.complex128(0.09666910603596152+0j)}, 'free': np.float64(-17205.58407670023)}]
------------------------------------------
  Seed: d-wave+py
F_onsite: (-4.8859866189087575e-17+1.5851485363467851e-19j)
F_swave: (-1.97758476261356e-16-1.0888578192858947e-18j), F_dwave: (0.09666910009872431+2.613411126008651e-18j)
F_px: (3.469446951953614e-17-2.502448313429575e-18j), F_py: (1.4641066137244252e-15+7.455056878110905e-18j)
Free_energy = -17205.58391949935
------------------------------------------
[{'stable': {'F_dwave': np.complex128(0.09666909987163319j)}, 'free': np.float64(-17205.583913486666)}, {'stable': {'F_dwave': np.complex128(-0.09666909987163319j)}, 'free': np.float64(-17205.583913486666)}, {'stable': {'F_dwave': np.complex128(0.01553155430423219+0.0954132364553604j)}, 'free': np.float64(-17205.583913486666)}, {'stable': {'F_dwave': np.complex128(0.09666910603596152+0j)}, 'free': np.float64(-17205.58407670023)}]
------------------------------------------
  Seed: s-wave
F_onsite: (-3.6577212995662373e-16+0j)
F_swave: (-6.938893903907228e-17+0j), F_dwave: (0.09666910603596152+0j)
F_px: 1.427076353245523e-17j, F_py: 8.026953219589068e-18j
Free_energy = -17205.58407670023
------------------------------------------
[{'stable': {'F_dwave': np.complex128(0.09666909987163319j)}, 'free': np.float64(-17205.583913486666)}, {'stable': {'F_dwave': np.complex128(-0.09666909987163319j)}, 'free': np.float64(-17205.583913486666)}, {'stable': {'F_dwave': np.complex128(0.01553155430423219+0.0954132364553604j)}, 'free': np.float64(-17205.583913486666)}, {'stable': {'F_dwave': np.complex128(0.09666910603596152+0j)}, 'free': np.float64(-17205.58407670023)}]
------------------------------------------
  Seed: s-wave+px
F_onsite: (-7.817969683578075e-18+2.7881595982961184e-19j)
F_swave: (-3.608224830031759e-16+2.8980520022804216e-19j), F_dwave: (0.09666909987163319+9.23709488110669e-18j)
F_px: (6.938893903907228e-18-2.3306198154110495e-18j), F_py: 8.724347977617197e-18j
Free_energy = -17205.583913486666
------------------------------------------
[{'stable': {'F_dwave': np.complex128(0.09666909987163319j)}, 'free': np.float64(-17205.583913486666)}, {'stable': {'F_dwave': np.complex128(-0.09666909987163319j)}, 'free': np.float64(-17205.583913486666)}, {'stable': {'F_dwave': np.complex128(0.01553155430423219+0.0954132364553604j)}, 'free': np.float64(-17205.583913486666)}, {'stable': {'F_dwave': np.complex128(0.09666910603596152+0j)}, 'free': np.float64(-17205.58407670023)}]
------------------------------------------
  Seed: s-wave+py
F_onsite: (1.0037244006464545e-16+9.992660262045304e-21j)
F_swave: (3.0184188481996443e-16-3.0830577004372764e-19j), F_dwave: (-0.0966690998716329-5.358201523741874e-17j)
F_px: (2.7755575615628914e-17+2.6422129142429197e-17j), F_py: (4.794775687599895e-15-1.0932434009671697e-17j)
Free_energy = -17205.583913486662
------------------------------------------
[{'stable': {'F_dwave': np.complex128(0.09666909987163319j)}, 'free': np.float64(-17205.583913486666)}, {'stable': {'F_dwave': np.complex128(-0.09666909987163319j)}, 'free': np.float64(-17205.583913486666)}, {'stable': {'F_dwave': np.complex128(0.01553155430423219+0.0954132364553604j)}, 'free': np.float64(-17205.583913486666)}, {'stable': {'F_dwave': np.complex128(0.09666910603596152+0j)}, 'free': np.float64(-17205.58407670023)}, {'stable': {'F_dwave': np.complex128(-0.0966690998716329-5.358201523741874e-17j)}, 'free': np.float64(-17205.583913486662)}]
------------------------------------------
====================================
mu=0.31, T=0.0629
====================================
  Seed: normal state
F_onsite: 0j
F_swave: 0j, F_dwave: 0j
F_px: 0j, F_py: 0j
Free_energy = -16499.429409482862
------------------------------------------
[{'stable': {}, 'free': np.float64(-16499.429409482862)}]
------------------------------------------
  Seed: px
F_onsite: 2.2885579390577543e-16j
F_swave: -1.3183898417423734e-16j, F_dwave: 0.09646619494419555j
F_px: (1.0129489381953729e-17+0j), F_py: (-8.066396083551643e-18+0j)
Free_energy = -17204.34232187088
------------------------------------------
[{'stable': {'F_dwave': np.complex128(0.09646619494419555j)}, 'free': np.float64(-17204.34232187088)}]
------------------------------------------
  Seed: py
F_onsite: -2.2885579390577543e-16j
F_swave: 1.3183898417423734e-16j, F_dwave: -0.09646619494419555j
F_px: (-1.0129489381953729e-17+0j), F_py: (8.066396083551643e-18+0j)
Free_energy = -17204.34232187088
------------------------------------------
[{'stable': {'F_dwave': np.complex128(0.09646619494419555j)}, 'free': np.float64(-17204.34232187088)}, {'stable': {'F_dwave': np.complex128(-0.09646619494419555j)}, 'free': np.float64(-17204.34232187088)}]
------------------------------------------
  Seed: px+py
F_onsite: 2.2885579390577543e-16j
F_swave: -1.3183898417423734e-16j, F_dwave: 0.09646619494419555j
F_px: (1.0129489381953729e-17+0j), F_py: (-8.066396083551643e-18+0j)
Free_energy = -17204.34232187088
------------------------------------------
[{'stable': {'F_dwave': np.complex128(0.09646619494419555j)}, 'free': np.float64(-17204.34232187088)}, {'stable': {'F_dwave': np.complex128(-0.09646619494419555j)}, 'free': np.float64(-17204.34232187088)}]
------------------------------------------
  Seed: px+i*py
F_onsite: (4.2759073822594224e-19-1.3457192584038711e-16j)
F_swave: (3.0357660829594124e-17+1.8388068845354155e-16j), F_dwave: (0.015498954136202558+0.0952129675395934j)
F_px: (-1.2576745200831851e-16-7.632783294297951e-17j), F_py: (-2.6020852139652106e-17-6.245004513516506e-17j)
Free_energy = -17204.342321870874
------------------------------------------
[{'stable': {'F_dwave': np.complex128(0.09646619494419555j)}, 'free': np.float64(-17204.34232187088)}, {'stable': {'F_dwave': np.complex128(-0.09646619494419555j)}, 'free': np.float64(-17204.34232187088)}, {'stable': {'F_dwave': np.complex128(0.015498954136202558+0.0952129675395934j)}, 'free': np.float64(-17204.342321870874)}]
------------------------------------------
  Seed: d-wave
F_onsite: (2.307119118894988e-16+0j)
F_swave: (-1.3877787807814457e-16+0j), F_dwave: (0.09646619494419555+0j)
F_px: -1.0076872537972608e-17j, F_py: 8.487998966843428e-18j
Free_energy = -17204.34232187088
------------------------------------------
[{'stable': {'F_dwave': np.complex128(0.09646619494419555j)}, 'free': np.float64(-17204.34232187088)}, {'stable': {'F_dwave': np.complex128(-0.09646619494419555j)}, 'free': np.float64(-17204.34232187088)}, {'stable': {'F_dwave': np.complex128(0.015498954136202558+0.0952129675395934j)}, 'free': np.float64(-17204.342321870874)}, {'stable': {'F_dwave': np.complex128(0.09646619494419555+0j)}, 'free': np.float64(-17204.34232187088)}]
------------------------------------------
  Seed: d-wave+px
F_onsite: (2.307119118894988e-16+0j)
F_swave: (-1.3877787807814457e-16+0j), F_dwave: (0.09646619494419555+0j)
F_px: -1.0076872537972608e-17j, F_py: 8.487998966843428e-18j
Free_energy = -17204.34232187088
------------------------------------------
[{'stable': {'F_dwave': np.complex128(0.09646619494419555j)}, 'free': np.float64(-17204.34232187088)}, {'stable': {'F_dwave': np.complex128(-0.09646619494419555j)}, 'free': np.float64(-17204.34232187088)}, {'stable': {'F_dwave': np.complex128(0.015498954136202558+0.0952129675395934j)}, 'free': np.float64(-17204.342321870874)}, {'stable': {'F_dwave': np.complex128(0.09646619494419555+0j)}, 'free': np.float64(-17204.34232187088)}]
------------------------------------------
  Seed: d-wave+py
F_onsite: (2.307119118894988e-16+0j)
F_swave: (-1.3877787807814457e-16+0j), F_dwave: (0.09646619494419555+0j)
F_px: -1.0076872537972608e-17j, F_py: 8.487998966843428e-18j
Free_energy = -17204.34232187088
------------------------------------------
[{'stable': {'F_dwave': np.complex128(0.09646619494419555j)}, 'free': np.float64(-17204.34232187088)}, {'stable': {'F_dwave': np.complex128(-0.09646619494419555j)}, 'free': np.float64(-17204.34232187088)}, {'stable': {'F_dwave': np.complex128(0.015498954136202558+0.0952129675395934j)}, 'free': np.float64(-17204.342321870874)}, {'stable': {'F_dwave': np.complex128(0.09646619494419555+0j)}, 'free': np.float64(-17204.34232187088)}]
------------------------------------------
  Seed: s-wave
F_onsite: (2.307119118894988e-16+0j)
F_swave: (-1.3877787807814457e-16+0j), F_dwave: (0.09646619494419555+0j)
F_px: -1.0076872537972608e-17j, F_py: 8.487998966843428e-18j
Free_energy = -17204.34232187088
------------------------------------------
[{'stable': {'F_dwave': np.complex128(0.09646619494419555j)}, 'free': np.float64(-17204.34232187088)}, {'stable': {'F_dwave': np.complex128(-0.09646619494419555j)}, 'free': np.float64(-17204.34232187088)}, {'stable': {'F_dwave': np.complex128(0.015498954136202558+0.0952129675395934j)}, 'free': np.float64(-17204.342321870874)}, {'stable': {'F_dwave': np.complex128(0.09646619494419555+0j)}, 'free': np.float64(-17204.34232187088)}]
------------------------------------------
  Seed: s-wave+px
F_onsite: (2.2550774146156836e-16+0j)
F_swave: (-1.3877787807814457e-16+0j), F_dwave: (0.09646619494419555+0j)
F_px: -2.7042977650711786e-18j, F_py: 8.704839401340529e-18j
Free_energy = -17204.34232187088
------------------------------------------
[{'stable': {'F_dwave': np.complex128(0.09646619494419555j)}, 'free': np.float64(-17204.34232187088)}, {'stable': {'F_dwave': np.complex128(-0.09646619494419555j)}, 'free': np.float64(-17204.34232187088)}, {'stable': {'F_dwave': np.complex128(0.015498954136202558+0.0952129675395934j)}, 'free': np.float64(-17204.342321870874)}, {'stable': {'F_dwave': np.complex128(0.09646619494419555+0j)}, 'free': np.float64(-17204.34232187088)}]
------------------------------------------
  Seed: s-wave+py
F_onsite: (4.3237028403167276e-18+9.174947831550991e-19j)
F_swave: (2.3245294578089215e-16+1.2775634471868056e-18j), F_dwave: (-0.09646619494420004-2.33391241668527e-17j)
F_px: 2.1532647167133922e-17j, F_py: (-6.245004513516506e-17-8.774972027135311e-18j)
Free_energy = -17204.34232187102
------------------------------------------
[{'stable': {'F_dwave': np.complex128(0.09646619494419555j)}, 'free': np.float64(-17204.34232187088)}, {'stable': {'F_dwave': np.complex128(-0.09646619494419555j)}, 'free': np.float64(-17204.34232187088)}, {'stable': {'F_dwave': np.complex128(0.015498954136202558+0.0952129675395934j)}, 'free': np.float64(-17204.342321870874)}, {'stable': {'F_dwave': np.complex128(0.09646619494419555+0j)}, 'free': np.float64(-17204.34232187088)}, {'stable': {'F_dwave': np.complex128(-0.09646619494420004-2.33391241668527e-17j)}, 'free': np.float64(-17204.34232187102)}]
------------------------------------------
====================================
mu=0.31, T=0.0732
====================================
  Seed: normal state
F_onsite: 0j
F_swave: 0j, F_dwave: 0j
F_px: 0j, F_py: 0j
Free_energy = -16509.000415840877
------------------------------------------
[{'stable': {}, 'free': np.float64(-16509.000415840877)}]
------------------------------------------
  Seed: px
F_onsite: 1.6054556703730014e-16j
F_swave: 1.457167719820518e-16j, F_dwave: 0.09615036633406879j
F_px: (2.191283763711797e-17+0j), F_py: (-7.458032910852192e-18+0j)
Free_energy = -17202.297048554807
------------------------------------------
[{'stable': {'F_dwave': np.complex128(0.09615036633406879j)}, 'free': np.float64(-17202.297048554807)}]
------------------------------------------
  Seed: py
F_onsite: -1.6054556703730014e-16j
F_swave: -1.457167719820518e-16j, F_dwave: -0.09615036633406879j
F_px: (-2.191283763711797e-17+0j), F_py: (7.458032910852192e-18+0j)
Free_energy = -17202.297048554807
------------------------------------------
[{'stable': {'F_dwave': np.complex128(0.09615036633406879j)}, 'free': np.float64(-17202.297048554807)}, {'stable': {'F_dwave': np.complex128(-0.09615036633406879j)}, 'free': np.float64(-17202.297048554807)}]
------------------------------------------
  Seed: px+py
F_onsite: 1.6054556703730014e-16j
F_swave: 1.457167719820518e-16j, F_dwave: 0.09615036633406879j
F_px: (2.191283763711797e-17+0j), F_py: (-7.458032910852192e-18+0j)
Free_energy = -17202.297048554807
------------------------------------------
[{'stable': {'F_dwave': np.complex128(0.09615036633406879j)}, 'free': np.float64(-17202.297048554807)}, {'stable': {'F_dwave': np.complex128(-0.09615036633406879j)}, 'free': np.float64(-17202.297048554807)}]
------------------------------------------
  Seed: px+i*py
F_onsite: (4.245298951887319e-17+2.475438470347733e-16j)
F_swave: (-8.586881206085195e-17+2.1163626406917047e-16j), F_dwave: (0.015448210823329278+0.09490124189933138j)
F_px: (2.8275992658421956e-16+2.220446049250313e-16j), F_py: (2.42861286636753e-17+9.020562075079397e-17j)
Free_energy = -17202.297046614298
------------------------------------------
[{'stable': {'F_dwave': np.complex128(0.09615036633406879j)}, 'free': np.float64(-17202.297048554807)}, {'stable': {'F_dwave': np.complex128(-0.09615036633406879j)}, 'free': np.float64(-17202.297048554807)}, {'stable': {'F_dwave': np.complex128(0.015448210823329278+0.09490124189933138j)}, 'free': np.float64(-17202.297046614298)}]
------------------------------------------
  Seed: d-wave
F_onsite: (-9.462514692835397e-17+0j)
F_swave: (3.8163916471489756e-16+0j), F_dwave: (0.09615036625867596+0j)
F_px: 4.298914448417219e-18j, F_py: 6.847743293004428e-18j
Free_energy = -17202.2970466143
------------------------------------------
[{'stable': {'F_dwave': np.complex128(0.09615036633406879j)}, 'free': np.float64(-17202.297048554807)}, {'stable': {'F_dwave': np.complex128(-0.09615036633406879j)}, 'free': np.float64(-17202.297048554807)}, {'stable': {'F_dwave': np.complex128(0.015448210823329278+0.09490124189933138j)}, 'free': np.float64(-17202.297046614298)}, {'stable': {'F_dwave': np.complex128(0.09615036625867596+0j)}, 'free': np.float64(-17202.2970466143)}]
------------------------------------------
  Seed: d-wave+px
F_onsite: (-9.462514692835397e-17+0j)
F_swave: (3.8163916471489756e-16+0j), F_dwave: (0.09615036625867596+0j)
F_px: 4.298914448417219e-18j, F_py: 6.847743293004428e-18j
Free_energy = -17202.2970466143
------------------------------------------
[{'stable': {'F_dwave': np.complex128(0.09615036633406879j)}, 'free': np.float64(-17202.297048554807)}, {'stable': {'F_dwave': np.complex128(-0.09615036633406879j)}, 'free': np.float64(-17202.297048554807)}, {'stable': {'F_dwave': np.complex128(0.015448210823329278+0.09490124189933138j)}, 'free': np.float64(-17202.297046614298)}, {'stable': {'F_dwave': np.complex128(0.09615036625867596+0j)}, 'free': np.float64(-17202.2970466143)}]
------------------------------------------
  Seed: d-wave+py
F_onsite: (-9.462514692835397e-17+0j)
F_swave: (3.8163916471489756e-16+0j), F_dwave: (0.09615036625867596+0j)
F_px: 4.298914448417219e-18j, F_py: 6.847743293004428e-18j
Free_energy = -17202.2970466143
------------------------------------------
[{'stable': {'F_dwave': np.complex128(0.09615036633406879j)}, 'free': np.float64(-17202.297048554807)}, {'stable': {'F_dwave': np.complex128(-0.09615036633406879j)}, 'free': np.float64(-17202.297048554807)}, {'stable': {'F_dwave': np.complex128(0.015448210823329278+0.09490124189933138j)}, 'free': np.float64(-17202.297046614298)}, {'stable': {'F_dwave': np.complex128(0.09615036625867596+0j)}, 'free': np.float64(-17202.2970466143)}]
------------------------------------------
  Seed: s-wave
F_onsite: (-9.462514692835397e-17+0j)
F_swave: (3.8163916471489756e-16+0j), F_dwave: (0.09615036625867596+0j)
F_px: 4.298914448417219e-18j, F_py: 6.847743293004428e-18j
Free_energy = -17202.2970466143
------------------------------------------
[{'stable': {'F_dwave': np.complex128(0.09615036633406879j)}, 'free': np.float64(-17202.297048554807)}, {'stable': {'F_dwave': np.complex128(-0.09615036633406879j)}, 'free': np.float64(-17202.297048554807)}, {'stable': {'F_dwave': np.complex128(0.015448210823329278+0.09490124189933138j)}, 'free': np.float64(-17202.297046614298)}, {'stable': {'F_dwave': np.complex128(0.09615036625867596+0j)}, 'free': np.float64(-17202.2970466143)}]
------------------------------------------
  Seed: s-wave+px
F_onsite: (-9.462514692835397e-17+0j)
F_swave: (3.8163916471489756e-16+0j), F_dwave: (0.09615036625867596+0j)
F_px: 4.298914448417219e-18j, F_py: 6.847743293004428e-18j
Free_energy = -17202.2970466143
------------------------------------------
[{'stable': {'F_dwave': np.complex128(0.09615036633406879j)}, 'free': np.float64(-17202.297048554807)}, {'stable': {'F_dwave': np.complex128(-0.09615036633406879j)}, 'free': np.float64(-17202.297048554807)}, {'stable': {'F_dwave': np.complex128(0.015448210823329278+0.09490124189933138j)}, 'free': np.float64(-17202.297046614298)}, {'stable': {'F_dwave': np.complex128(0.09615036625867596+0j)}, 'free': np.float64(-17202.2970466143)}]
------------------------------------------
  Seed: s-wave+py
F_onsite: (-1.5676939237781522e-16+4.3963865527221467e-20j)
F_swave: (-1.3877787807814457e-16-1.2518504861468065e-18j), F_dwave: (-0.09615036633406879-1.5194398677708346e-17j)
F_px: 2.547983080477089e-17j, F_py: -9.484930319674612e-18j
Free_energy = -17202.297048554807
------------------------------------------
[{'stable': {'F_dwave': np.complex128(0.09615036633406879j)}, 'free': np.float64(-17202.297048554807)}, {'stable': {'F_dwave': np.complex128(-0.09615036633406879j)}, 'free': np.float64(-17202.297048554807)}, {'stable': {'F_dwave': np.complex128(0.015448210823329278+0.09490124189933138j)}, 'free': np.float64(-17202.297046614298)}, {'stable': {'F_dwave': np.complex128(0.09615036625867596+0j)}, 'free': np.float64(-17202.2970466143)}, {'stable': {'F_dwave': np.complex128(-0.09615036633406879-1.5194398677708346e-17j)}, 'free': np.float64(-17202.297048554807)}]
------------------------------------------
====================================
mu=0.31, T=0.0835
====================================
  Seed: normal state
F_onsite: 0j
F_swave: 0j, F_dwave: 0j
F_px: 0j, F_py: 0j
Free_energy = -16520.099075370068
------------------------------------------
[{'stable': {}, 'free': np.float64(-16520.099075370068)}]
------------------------------------------
  Seed: px
F_onsite: 5.4239208730158135e-17j
F_swave: -3.122502256758253e-16j, F_dwave: 0.09568371052388892j
F_px: (2.697320169694896e-17+0j), F_py: (-8.293897456902277e-18+0j)
Free_energy = -17199.15524032311
------------------------------------------
[{'stable': {'F_dwave': np.complex128(0.09568371052388892j)}, 'free': np.float64(-17199.15524032311)}]
------------------------------------------
  Seed: py
F_onsite: -5.4239208730158135e-17j
F_swave: 3.122502256758253e-16j, F_dwave: -0.09568371052388892j
F_px: (-2.697320169694896e-17+0j), F_py: (8.293897456902277e-18+0j)
Free_energy = -17199.15524032311
------------------------------------------
[{'stable': {'F_dwave': np.complex128(0.09568371052388892j)}, 'free': np.float64(-17199.15524032311)}, {'stable': {'F_dwave': np.complex128(-0.09568371052388892j)}, 'free': np.float64(-17199.15524032311)}]
------------------------------------------
  Seed: px+py
F_onsite: 5.4239208730158135e-17j
F_swave: -3.122502256758253e-16j, F_dwave: 0.09568371052388892j
F_px: (2.697320169694896e-17+0j), F_py: (-8.293897456902277e-18+0j)
Free_energy = -17199.15524032311
------------------------------------------
[{'stable': {'F_dwave': np.complex128(0.09568371052388892j)}, 'free': np.float64(-17199.15524032311)}, {'stable': {'F_dwave': np.complex128(-0.09568371052388892j)}, 'free': np.float64(-17199.15524032311)}]
------------------------------------------
  Seed: px+i*py
F_onsite: (-1.6030373564341308e-17-1.2878845788042753e-16j)
F_swave: (9.540979117872439e-18+1.3183898417423734e-16j), F_dwave: (0.01537323427614768+0.09444064697852445j)
F_px: (8.586881206085195e-17+3.3306690738754696e-16j), F_py: (-3.469446951953614e-18+6.938893903907228e-17j)
Free_energy = -17199.155197585707
------------------------------------------
[{'stable': {'F_dwave': np.complex128(0.09568371052388892j)}, 'free': np.float64(-17199.15524032311)}, {'stable': {'F_dwave': np.complex128(-0.09568371052388892j)}, 'free': np.float64(-17199.15524032311)}, {'stable': {'F_dwave': np.complex128(0.01537323427614768+0.09444064697852445j)}, 'free': np.float64(-17199.155197585707)}]
------------------------------------------
  Seed: d-wave
F_onsite: (1.3215530139077294e-16+0j)
F_swave: (-3.122502256758253e-16+0j), F_dwave: (0.09568371052388869+0j)
F_px: -5.685079723292893e-18j, F_py: 7.48004649187344e-18j
Free_energy = -17199.155240323103
------------------------------------------
[{'stable': {'F_dwave': np.complex128(0.09568371052388892j)}, 'free': np.float64(-17199.15524032311)}, {'stable': {'F_dwave': np.complex128(-0.09568371052388892j)}, 'free': np.float64(-17199.15524032311)}, {'stable': {'F_dwave': np.complex128(0.01537323427614768+0.09444064697852445j)}, 'free': np.float64(-17199.155197585707)}, {'stable': {'F_dwave': np.complex128(0.09568371052388869+0j)}, 'free': np.float64(-17199.155240323103)}]
------------------------------------------
  Seed: d-wave+px
F_onsite: (1.3215530139077294e-16+0j)
F_swave: (-3.122502256758253e-16+0j), F_dwave: (0.09568371052388869+0j)
F_px: -5.685079723292893e-18j, F_py: 7.48004649187344e-18j
Free_energy = -17199.155240323103
------------------------------------------
[{'stable': {'F_dwave': np.complex128(0.09568371052388892j)}, 'free': np.float64(-17199.15524032311)}, {'stable': {'F_dwave': np.complex128(-0.09568371052388892j)}, 'free': np.float64(-17199.15524032311)}, {'stable': {'F_dwave': np.complex128(0.01537323427614768+0.09444064697852445j)}, 'free': np.float64(-17199.155197585707)}, {'stable': {'F_dwave': np.complex128(0.09568371052388869+0j)}, 'free': np.float64(-17199.155240323103)}]
------------------------------------------
  Seed: d-wave+py
F_onsite: (1.3215530139077294e-16+0j)
F_swave: (-3.122502256758253e-16+0j), F_dwave: (0.09568371052388869+0j)
F_px: -5.685079723292893e-18j, F_py: 7.48004649187344e-18j
Free_energy = -17199.155240323103
------------------------------------------
[{'stable': {'F_dwave': np.complex128(0.09568371052388892j)}, 'free': np.float64(-17199.15524032311)}, {'stable': {'F_dwave': np.complex128(-0.09568371052388892j)}, 'free': np.float64(-17199.15524032311)}, {'stable': {'F_dwave': np.complex128(0.01537323427614768+0.09444064697852445j)}, 'free': np.float64(-17199.155197585707)}, {'stable': {'F_dwave': np.complex128(0.09568371052388869+0j)}, 'free': np.float64(-17199.155240323103)}]
------------------------------------------
  Seed: s-wave
F_onsite: (1.3215530139077294e-16+0j)
F_swave: (-3.122502256758253e-16+0j), F_dwave: (0.09568371052388869+0j)
F_px: -5.685079723292893e-18j, F_py: 7.48004649187344e-18j
Free_energy = -17199.155240323103
------------------------------------------
[{'stable': {'F_dwave': np.complex128(0.09568371052388892j)}, 'free': np.float64(-17199.15524032311)}, {'stable': {'F_dwave': np.complex128(-0.09568371052388892j)}, 'free': np.float64(-17199.15524032311)}, {'stable': {'F_dwave': np.complex128(0.01537323427614768+0.09444064697852445j)}, 'free': np.float64(-17199.155197585707)}, {'stable': {'F_dwave': np.complex128(0.09568371052388869+0j)}, 'free': np.float64(-17199.155240323103)}]
------------------------------------------
  Seed: s-wave+px
F_onsite: (1.3215530139077294e-16+0j)
F_swave: (-3.122502256758253e-16+0j), F_dwave: (0.09568371052388869+0j)
F_px: -5.685079723292893e-18j, F_py: 7.48004649187344e-18j
Free_energy = -17199.155240323103
------------------------------------------
[{'stable': {'F_dwave': np.complex128(0.09568371052388892j)}, 'free': np.float64(-17199.15524032311)}, {'stable': {'F_dwave': np.complex128(-0.09568371052388892j)}, 'free': np.float64(-17199.15524032311)}, {'stable': {'F_dwave': np.complex128(0.01537323427614768+0.09444064697852445j)}, 'free': np.float64(-17199.155197585707)}, {'stable': {'F_dwave': np.complex128(0.09568371052388869+0j)}, 'free': np.float64(-17199.155240323103)}]
------------------------------------------
  Seed: s-wave+py
F_onsite: (-6.286867451766653e-17-6.575639719455604e-20j)
F_swave: (3.191891195797325e-16-2.2821791373518605e-18j), F_dwave: (-0.09568371052388892-1.1117434508334295e-17j)
F_px: (-6.938893903907228e-18+3.252728565401126e-17j), F_py: -9.818528017433731e-18j
Free_energy = -17199.15524032311
------------------------------------------
[{'stable': {'F_dwave': np.complex128(0.09568371052388892j)}, 'free': np.float64(-17199.15524032311)}, {'stable': {'F_dwave': np.complex128(-0.09568371052388892j)}, 'free': np.float64(-17199.15524032311)}, {'stable': {'F_dwave': np.complex128(0.01537323427614768+0.09444064697852445j)}, 'free': np.float64(-17199.155197585707)}, {'stable': {'F_dwave': np.complex128(0.09568371052388869+0j)}, 'free': np.float64(-17199.155240323103)}, {'stable': {'F_dwave': np.complex128(-0.09568371052388892-1.1117434508334295e-17j)}, 'free': np.float64(-17199.15524032311)}]
------------------------------------------
====================================
mu=0.31, T=0.0938
====================================
  Seed: normal state
F_onsite: 0j
F_swave: 0j, F_dwave: 0j
F_px: 0j, F_py: 0j
Free_energy = -16532.723862627292
------------------------------------------
[{'stable': {}, 'free': np.float64(-16532.723862627292)}]
------------------------------------------
  Seed: px
F_onsite: 3.47629653949e-18j
F_swave: 1.3877787807814457e-16j, F_dwave: 0.09502753607310967j
F_px: (3.8738209466239454e-18+0j), F_py: (-8.539348047304625e-18+0j)
Free_energy = -17194.645481420324
------------------------------------------
[{'stable': {'F_dwave': np.complex128(0.09502753607310967j)}, 'free': np.float64(-17194.645481420324)}]
------------------------------------------
  Seed: py
F_onsite: -3.47629653949e-18j
F_swave: -1.3877787807814457e-16j, F_dwave: -0.09502753607310967j
F_px: (-3.8738209466239454e-18+0j), F_py: (8.539348047304625e-18+0j)
Free_energy = -17194.645481420324
------------------------------------------
[{'stable': {'F_dwave': np.complex128(0.09502753607310967j)}, 'free': np.float64(-17194.645481420324)}, {'stable': {'F_dwave': np.complex128(-0.09502753607310967j)}, 'free': np.float64(-17194.645481420324)}]
------------------------------------------
  Seed: px+py
F_onsite: 3.47629653949e-18j
F_swave: 1.3877787807814457e-16j, F_dwave: 0.09502753607310967j
F_px: (3.8738209466239454e-18+0j), F_py: (-8.539348047304625e-18+0j)
Free_energy = -17194.645481420324
------------------------------------------
[{'stable': {'F_dwave': np.complex128(0.09502753607310967j)}, 'free': np.float64(-17194.645481420324)}, {'stable': {'F_dwave': np.complex128(-0.09502753607310967j)}, 'free': np.float64(-17194.645481420324)}]
------------------------------------------
  Seed: px+i*py
F_onsite: (-1.3875328599853337e-17-1.4736384409160003e-16j)
F_swave: (-5.204170427930421e-18+4.85722573273506e-17j), F_dwave: (0.015267808833159917+0.09379299880866881j)
F_px: (-1.9255430583342559e-16-2.8380076066980564e-15j), F_py: (1.0408340855860843e-17-5.551115123125783e-17j)
Free_energy = -17194.645481415435
------------------------------------------
[{'stable': {'F_dwave': np.complex128(0.09502753607310967j)}, 'free': np.float64(-17194.645481420324)}, {'stable': {'F_dwave': np.complex128(-0.09502753607310967j)}, 'free': np.float64(-17194.645481420324)}, {'stable': {'F_dwave': np.complex128(0.015267808833159917+0.09379299880866881j)}, 'free': np.float64(-17194.645481415435)}]
------------------------------------------
  Seed: d-wave
F_onsite: (3.920959058296456e-18+0j)
F_swave: (1.3877787807814457e-16+0j), F_dwave: (0.09502753607310967+0j)
F_px: 8.648976982223269e-18j, F_py: 8.649458608134928e-18j
Free_energy = -17194.645481420324
------------------------------------------
[{'stable': {'F_dwave': np.complex128(0.09502753607310967j)}, 'free': np.float64(-17194.645481420324)}, {'stable': {'F_dwave': np.complex128(-0.09502753607310967j)}, 'free': np.float64(-17194.645481420324)}, {'stable': {'F_dwave': np.complex128(0.015267808833159917+0.09379299880866881j)}, 'free': np.float64(-17194.645481415435)}, {'stable': {'F_dwave': np.complex128(0.09502753607310967+0j)}, 'free': np.float64(-17194.645481420324)}]
------------------------------------------
  Seed: d-wave+px
F_onsite: (3.920959058296456e-18+0j)
F_swave: (1.3877787807814457e-16+0j), F_dwave: (0.09502753607310967+0j)
F_px: 8.648976982223269e-18j, F_py: 8.649458608134928e-18j
Free_energy = -17194.645481420324
------------------------------------------
[{'stable': {'F_dwave': np.complex128(0.09502753607310967j)}, 'free': np.float64(-17194.645481420324)}, {'stable': {'F_dwave': np.complex128(-0.09502753607310967j)}, 'free': np.float64(-17194.645481420324)}, {'stable': {'F_dwave': np.complex128(0.015267808833159917+0.09379299880866881j)}, 'free': np.float64(-17194.645481415435)}, {'stable': {'F_dwave': np.complex128(0.09502753607310967+0j)}, 'free': np.float64(-17194.645481420324)}]
------------------------------------------
  Seed: d-wave+py
F_onsite: (3.920959058296456e-18+0j)
F_swave: (1.3877787807814457e-16+0j), F_dwave: (0.09502753607310967+0j)
F_px: 8.648976982223269e-18j, F_py: 8.649458608134928e-18j
Free_energy = -17194.645481420324
------------------------------------------
[{'stable': {'F_dwave': np.complex128(0.09502753607310967j)}, 'free': np.float64(-17194.645481420324)}, {'stable': {'F_dwave': np.complex128(-0.09502753607310967j)}, 'free': np.float64(-17194.645481420324)}, {'stable': {'F_dwave': np.complex128(0.015267808833159917+0.09379299880866881j)}, 'free': np.float64(-17194.645481415435)}, {'stable': {'F_dwave': np.complex128(0.09502753607310967+0j)}, 'free': np.float64(-17194.645481420324)}]
------------------------------------------
  Seed: s-wave
F_onsite: (3.920959058296456e-18+0j)
F_swave: (1.3877787807814457e-16+0j), F_dwave: (0.09502753607310967+0j)
F_px: 8.648976982223269e-18j, F_py: 8.649458608134928e-18j
Free_energy = -17194.645481420324
------------------------------------------
[{'stable': {'F_dwave': np.complex128(0.09502753607310967j)}, 'free': np.float64(-17194.645481420324)}, {'stable': {'F_dwave': np.complex128(-0.09502753607310967j)}, 'free': np.float64(-17194.645481420324)}, {'stable': {'F_dwave': np.complex128(0.015267808833159917+0.09379299880866881j)}, 'free': np.float64(-17194.645481415435)}, {'stable': {'F_dwave': np.complex128(0.09502753607310967+0j)}, 'free': np.float64(-17194.645481420324)}]
------------------------------------------
  Seed: s-wave+px
F_onsite: (3.920959058296456e-18+0j)
F_swave: (1.3877787807814457e-16+0j), F_dwave: (0.09502753607310967+0j)
F_px: 8.648976982223269e-18j, F_py: 8.649458608134928e-18j
Free_energy = -17194.645481420324
------------------------------------------
[{'stable': {'F_dwave': np.complex128(0.09502753607310967j)}, 'free': np.float64(-17194.645481420324)}, {'stable': {'F_dwave': np.complex128(-0.09502753607310967j)}, 'free': np.float64(-17194.645481420324)}, {'stable': {'F_dwave': np.complex128(0.015267808833159917+0.09379299880866881j)}, 'free': np.float64(-17194.645481415435)}, {'stable': {'F_dwave': np.complex128(0.09502753607310967+0j)}, 'free': np.float64(-17194.645481420324)}]
------------------------------------------
  Seed: s-wave+py
F_onsite: (-3.968392903342697e-18-1.4992619057530018e-20j)
F_swave: (-1.3877787807814457e-16+2.5719777457820836e-20j), F_dwave: (-0.09502753607310967-2.8719710867841506e-20j)
F_px: -1.7132594518682448e-18j, F_py: -9.65171034297358e-18j
Free_energy = -17194.645481420324
------------------------------------------
[{'stable': {'F_dwave': np.complex128(0.09502753607310967j)}, 'free': np.float64(-17194.645481420324)}, {'stable': {'F_dwave': np.complex128(-0.09502753607310967j)}, 'free': np.float64(-17194.645481420324)}, {'stable': {'F_dwave': np.complex128(0.015267808833159917+0.09379299880866881j)}, 'free': np.float64(-17194.645481415435)}, {'stable': {'F_dwave': np.complex128(0.09502753607310967+0j)}, 'free': np.float64(-17194.645481420324)}, {'stable': {'F_dwave': np.complex128(-0.09502753607310967-2.8719710867841506e-20j)}, 'free': np.float64(-17194.645481420324)}]
------------------------------------------
====================================
mu=0.31, T=0.1041
====================================
  Seed: normal state
F_onsite: 0j
F_swave: 0j, F_dwave: 0j
F_px: 0j, F_py: 0j
Free_energy = -16546.863980130034
------------------------------------------
[{'stable': {}, 'free': np.float64(-16546.863980130034)}]
------------------------------------------
  Seed: px
F_onsite: -3.744357450685408e-17j
F_swave: -1.8041124150158794e-16j, F_dwave: 0.09414447354440157j
F_px: (3.474479518800387e-18+0j), F_py: (-7.521191832016995e-18+0j)
Free_energy = -17188.54447634389
------------------------------------------
[{'stable': {'F_dwave': np.complex128(0.09414447354440157j)}, 'free': np.float64(-17188.54447634389)}]
------------------------------------------
  Seed: py
F_onsite: 3.744357450685408e-17j
F_swave: 1.8041124150158794e-16j, F_dwave: -0.09414447354440157j
F_px: (-3.474479518800387e-18+0j), F_py: (7.521191832016995e-18+0j)
Free_energy = -17188.54447634389
------------------------------------------
[{'stable': {'F_dwave': np.complex128(0.09414447354440157j)}, 'free': np.float64(-17188.54447634389)}, {'stable': {'F_dwave': np.complex128(-0.09414447354440157j)}, 'free': np.float64(-17188.54447634389)}]
------------------------------------------
  Seed: px+py
F_onsite: -3.744357450685408e-17j
F_swave: -1.8041124150158794e-16j, F_dwave: 0.09414447354440157j
F_px: (3.474479518800387e-18+0j), F_py: (-7.521191832016995e-18+0j)
Free_energy = -17188.54447634389
------------------------------------------
[{'stable': {'F_dwave': np.complex128(0.09414447354440157j)}, 'free': np.float64(-17188.54447634389)}, {'stable': {'F_dwave': np.complex128(-0.09414447354440157j)}, 'free': np.float64(-17188.54447634389)}]
------------------------------------------
  Seed: px+i*py
F_onsite: (3.477931757086877e-18+1.6459761283238298e-16j)
F_swave: (9.540979117872439e-18+1.1449174941446927e-16j), F_dwave: (0.015125929634454638+0.09292140841475521j)
F_px: (1.7694179454963432e-16+2.5326962749261384e-15j), F_py: (-3.2959746043559335e-17+6.938893903907228e-18j)
Free_energy = -17188.54447512448
------------------------------------------
[{'stable': {'F_dwave': np.complex128(0.09414447354440157j)}, 'free': np.float64(-17188.54447634389)}, {'stable': {'F_dwave': np.complex128(-0.09414447354440157j)}, 'free': np.float64(-17188.54447634389)}, {'stable': {'F_dwave': np.complex128(0.015125929634454638+0.09292140841475521j)}, 'free': np.float64(-17188.54447512448)}]
------------------------------------------
  Seed: d-wave
F_onsite: (-2.919374822456056e-17+0j)
F_swave: (-1.8735013540549517e-16+0j), F_dwave: (0.09414447354440157+0j)
F_px: -6.405315673105916e-18j, F_py: 7.149487056828023e-18j
Free_energy = -17188.54447634389
------------------------------------------
[{'stable': {'F_dwave': np.complex128(0.09414447354440157j)}, 'free': np.float64(-17188.54447634389)}, {'stable': {'F_dwave': np.complex128(-0.09414447354440157j)}, 'free': np.float64(-17188.54447634389)}, {'stable': {'F_dwave': np.complex128(0.015125929634454638+0.09292140841475521j)}, 'free': np.float64(-17188.54447512448)}, {'stable': {'F_dwave': np.complex128(0.09414447354440157+0j)}, 'free': np.float64(-17188.54447634389)}]
------------------------------------------
  Seed: d-wave+px
F_onsite: (-2.919374822456056e-17+0j)
F_swave: (-1.8735013540549517e-16+0j), F_dwave: (0.09414447354440157+0j)
F_px: -6.405315673105916e-18j, F_py: 7.149487056828023e-18j
Free_energy = -17188.54447634389
------------------------------------------
[{'stable': {'F_dwave': np.complex128(0.09414447354440157j)}, 'free': np.float64(-17188.54447634389)}, {'stable': {'F_dwave': np.complex128(-0.09414447354440157j)}, 'free': np.float64(-17188.54447634389)}, {'stable': {'F_dwave': np.complex128(0.015125929634454638+0.09292140841475521j)}, 'free': np.float64(-17188.54447512448)}, {'stable': {'F_dwave': np.complex128(0.09414447354440157+0j)}, 'free': np.float64(-17188.54447634389)}]
------------------------------------------
  Seed: d-wave+py
F_onsite: (-2.919374822456056e-17+0j)
F_swave: (-1.8735013540549517e-16+0j), F_dwave: (0.09414447354440157+0j)
F_px: -6.405315673105916e-18j, F_py: 7.149487056828023e-18j
Free_energy = -17188.54447634389
------------------------------------------
[{'stable': {'F_dwave': np.complex128(0.09414447354440157j)}, 'free': np.float64(-17188.54447634389)}, {'stable': {'F_dwave': np.complex128(-0.09414447354440157j)}, 'free': np.float64(-17188.54447634389)}, {'stable': {'F_dwave': np.complex128(0.015125929634454638+0.09292140841475521j)}, 'free': np.float64(-17188.54447512448)}, {'stable': {'F_dwave': np.complex128(0.09414447354440157+0j)}, 'free': np.float64(-17188.54447634389)}]
------------------------------------------
  Seed: s-wave
F_onsite: (-2.919374822456056e-17+0j)
F_swave: (-1.8735013540549517e-16+0j), F_dwave: (0.09414447354440157+0j)
F_px: -6.405315673105916e-18j, F_py: 7.149487056828023e-18j
Free_energy = -17188.54447634389
------------------------------------------
[{'stable': {'F_dwave': np.complex128(0.09414447354440157j)}, 'free': np.float64(-17188.54447634389)}, {'stable': {'F_dwave': np.complex128(-0.09414447354440157j)}, 'free': np.float64(-17188.54447634389)}, {'stable': {'F_dwave': np.complex128(0.015125929634454638+0.09292140841475521j)}, 'free': np.float64(-17188.54447512448)}, {'stable': {'F_dwave': np.complex128(0.09414447354440157+0j)}, 'free': np.float64(-17188.54447634389)}]
------------------------------------------
  Seed: s-wave+px
F_onsite: (-2.919374822456056e-17+0j)
F_swave: (-1.8735013540549517e-16+0j), F_dwave: (0.09414447354440157+0j)
F_px: -6.405315673105916e-18j, F_py: 7.149487056828023e-18j
Free_energy = -17188.54447634389
------------------------------------------
[{'stable': {'F_dwave': np.complex128(0.09414447354440157j)}, 'free': np.float64(-17188.54447634389)}, {'stable': {'F_dwave': np.complex128(-0.09414447354440157j)}, 'free': np.float64(-17188.54447634389)}, {'stable': {'F_dwave': np.complex128(0.015125929634454638+0.09292140841475521j)}, 'free': np.float64(-17188.54447512448)}, {'stable': {'F_dwave': np.complex128(0.09414447354440157+0j)}, 'free': np.float64(-17188.54447634389)}]
------------------------------------------
  Seed: s-wave+py
F_onsite: (-2.337203122107765e-17+0j)
F_swave: (-4.85722573273506e-17+0j), F_dwave: (-0.09414448175901056+0j)
F_px: -1.1226067207602695e-18j, F_py: -8.759558963986457e-18j
Free_energy = -17188.544667574653
------------------------------------------
[{'stable': {'F_dwave': np.complex128(0.09414447354440157j)}, 'free': np.float64(-17188.54447634389)}, {'stable': {'F_dwave': np.complex128(-0.09414447354440157j)}, 'free': np.float64(-17188.54447634389)}, {'stable': {'F_dwave': np.complex128(0.015125929634454638+0.09292140841475521j)}, 'free': np.float64(-17188.54447512448)}, {'stable': {'F_dwave': np.complex128(0.09414447354440157+0j)}, 'free': np.float64(-17188.54447634389)}, {'stable': {'F_dwave': np.complex128(-0.09414448175901056+0j)}, 'free': np.float64(-17188.544667574653)}]
------------------------------------------
====================================
mu=0.31, T=0.1144
====================================
  Seed: normal state
F_onsite: 0j
F_swave: 0j, F_dwave: 0j
F_px: 0j, F_py: 0j
Free_energy = -16562.501825489475
------------------------------------------
[{'stable': {}, 'free': np.float64(-16562.501825489475)}]
------------------------------------------
  Seed: px
F_onsite: -1.2920089344256892e-16j
F_swave: 3.469446951953614e-17j, F_dwave: 0.09299887084689544j
F_px: (3.882141959294131e-17+0j), F_py: (-1.0218263850082895e-17+0j)
Free_energy = -17180.684869652563
------------------------------------------
[{'stable': {'F_dwave': np.complex128(0.09299887084689544j)}, 'free': np.float64(-17180.684869652563)}]
------------------------------------------
  Seed: py
F_onsite: 1.2920089344256892e-16j
F_swave: -3.469446951953614e-17j, F_dwave: -0.09299887084689544j
F_px: (-3.882141959294131e-17+0j), F_py: (1.0218263850082895e-17+0j)
Free_energy = -17180.684869652563
------------------------------------------
[{'stable': {'F_dwave': np.complex128(0.09299887084689544j)}, 'free': np.float64(-17180.684869652563)}, {'stable': {'F_dwave': np.complex128(-0.09299887084689544j)}, 'free': np.float64(-17180.684869652563)}]
------------------------------------------
  Seed: px+py
F_onsite: -1.2920089344256892e-16j
F_swave: 3.469446951953614e-17j, F_dwave: 0.09299887084689544j
F_px: (3.882141959294131e-17+0j), F_py: (-1.0218263850082895e-17+0j)
Free_energy = -17180.684869652563
------------------------------------------
[{'stable': {'F_dwave': np.complex128(0.09299887084689544j)}, 'free': np.float64(-17180.684869652563)}, {'stable': {'F_dwave': np.complex128(-0.09299887084689544j)}, 'free': np.float64(-17180.684869652563)}]
------------------------------------------
  Seed: px+i*py
F_onsite: (1.49672946604701e-17-4.0949632983997304e-17j)
F_swave: (-2.7321894746634712e-17-9.020562075079397e-17j), F_dwave: (0.014941868856839796+0.09179068871003518j)
F_px: (1.1449174941446927e-16+1.8735013540549517e-16j), F_py: (-1.8214596497756474e-17-4.163336342344337e-17j)
Free_energy = -17180.68486965256
------------------------------------------
[{'stable': {'F_dwave': np.complex128(0.09299887084689544j)}, 'free': np.float64(-17180.684869652563)}, {'stable': {'F_dwave': np.complex128(-0.09299887084689544j)}, 'free': np.float64(-17180.684869652563)}, {'stable': {'F_dwave': np.complex128(0.014941868856839796+0.09179068871003518j)}, 'free': np.float64(-17180.68486965256)}]
------------------------------------------
  Seed: d-wave
F_onsite: (-9.989505005759462e-17+0j)
F_swave: (1.6653345369377348e-16+0j), F_dwave: (0.09299887088710988+0j)
F_px: -1.504043328415687e-17j, F_py: 6.62785216808893e-18j
Free_energy = -17180.684870542438
------------------------------------------
[{'stable': {'F_dwave': np.complex128(0.09299887084689544j)}, 'free': np.float64(-17180.684869652563)}, {'stable': {'F_dwave': np.complex128(-0.09299887084689544j)}, 'free': np.float64(-17180.684869652563)}, {'stable': {'F_dwave': np.complex128(0.014941868856839796+0.09179068871003518j)}, 'free': np.float64(-17180.68486965256)}, {'stable': {'F_dwave': np.complex128(0.09299887088710988+0j)}, 'free': np.float64(-17180.684870542438)}]
------------------------------------------
  Seed: d-wave+px
F_onsite: (-9.989505005759462e-17+0j)
F_swave: (1.6653345369377348e-16+0j), F_dwave: (0.09299887088710988+0j)
F_px: -1.504043328415687e-17j, F_py: 6.62785216808893e-18j
Free_energy = -17180.684870542438
------------------------------------------
[{'stable': {'F_dwave': np.complex128(0.09299887084689544j)}, 'free': np.float64(-17180.684869652563)}, {'stable': {'F_dwave': np.complex128(-0.09299887084689544j)}, 'free': np.float64(-17180.684869652563)}, {'stable': {'F_dwave': np.complex128(0.014941868856839796+0.09179068871003518j)}, 'free': np.float64(-17180.68486965256)}, {'stable': {'F_dwave': np.complex128(0.09299887088710988+0j)}, 'free': np.float64(-17180.684870542438)}]
------------------------------------------
  Seed: d-wave+py
F_onsite: (-9.989505005759462e-17+0j)
F_swave: (1.6653345369377348e-16+0j), F_dwave: (0.09299887088710988+0j)
F_px: -1.504043328415687e-17j, F_py: 6.62785216808893e-18j
Free_energy = -17180.684870542438
------------------------------------------
[{'stable': {'F_dwave': np.complex128(0.09299887084689544j)}, 'free': np.float64(-17180.684869652563)}, {'stable': {'F_dwave': np.complex128(-0.09299887084689544j)}, 'free': np.float64(-17180.684869652563)}, {'stable': {'F_dwave': np.complex128(0.014941868856839796+0.09179068871003518j)}, 'free': np.float64(-17180.68486965256)}, {'stable': {'F_dwave': np.complex128(0.09299887088710988+0j)}, 'free': np.float64(-17180.684870542438)}]
------------------------------------------
  Seed: s-wave
F_onsite: (-9.989505005759462e-17+0j)
F_swave: (1.6653345369377348e-16+0j), F_dwave: (0.09299887088710988+0j)
F_px: -1.504043328415687e-17j, F_py: 6.62785216808893e-18j
Free_energy = -17180.684870542438
------------------------------------------
[{'stable': {'F_dwave': np.complex128(0.09299887084689544j)}, 'free': np.float64(-17180.684869652563)}, {'stable': {'F_dwave': np.complex128(-0.09299887084689544j)}, 'free': np.float64(-17180.684869652563)}, {'stable': {'F_dwave': np.complex128(0.014941868856839796+0.09179068871003518j)}, 'free': np.float64(-17180.68486965256)}, {'stable': {'F_dwave': np.complex128(0.09299887088710988+0j)}, 'free': np.float64(-17180.684870542438)}]
------------------------------------------
  Seed: s-wave+px
F_onsite: (-9.989505005759462e-17+0j)
F_swave: (1.6653345369377348e-16+0j), F_dwave: (0.09299887088710988+0j)
F_px: -1.504043328415687e-17j, F_py: 6.62785216808893e-18j
Free_energy = -17180.684870542438
------------------------------------------
[{'stable': {'F_dwave': np.complex128(0.09299887084689544j)}, 'free': np.float64(-17180.684869652563)}, {'stable': {'F_dwave': np.complex128(-0.09299887084689544j)}, 'free': np.float64(-17180.684869652563)}, {'stable': {'F_dwave': np.complex128(0.014941868856839796+0.09179068871003518j)}, 'free': np.float64(-17180.68486965256)}, {'stable': {'F_dwave': np.complex128(0.09299887088710988+0j)}, 'free': np.float64(-17180.684870542438)}]
------------------------------------------
  Seed: s-wave+py
F_onsite: (1.4543391708942365e-16+0j)
F_swave: (4.163336342344337e-17+0j), F_dwave: (-0.09299887084822778+0j)
F_px: 4.292254582649288e-17j, F_py: -8.73599102228391e-18j
Free_energy = -17180.684869681874
------------------------------------------
[{'stable': {'F_dwave': np.complex128(0.09299887084689544j)}, 'free': np.float64(-17180.684869652563)}, {'stable': {'F_dwave': np.complex128(-0.09299887084689544j)}, 'free': np.float64(-17180.684869652563)}, {'stable': {'F_dwave': np.complex128(0.014941868856839796+0.09179068871003518j)}, 'free': np.float64(-17180.68486965256)}, {'stable': {'F_dwave': np.complex128(0.09299887088710988+0j)}, 'free': np.float64(-17180.684870542438)}, {'stable': {'F_dwave': np.complex128(-0.09299887084822778+0j)}, 'free': np.float64(-17180.684869681874)}]
------------------------------------------
====================================
mu=0.31, T=0.1247
====================================
  Seed: normal state
F_onsite: 0j
F_swave: 0j, F_dwave: 0j
F_px: 0j, F_py: 0j
Free_energy = -16579.615282972318
------------------------------------------
[{'stable': {}, 'free': np.float64(-16579.615282972318)}]
------------------------------------------
  Seed: px
F_onsite: -1.3957152809738715e-16j
F_swave: -1.6653345369377348e-16j, F_dwave: 0.09155604654124966j
F_px: (5.522010855991166e-18+0j), F_py: (-5.855498232518963e-18+0j)
Free_energy = -17170.9526205048
------------------------------------------
[{'stable': {'F_dwave': np.complex128(0.09155604654124966j)}, 'free': np.float64(-17170.9526205048)}]
------------------------------------------
  Seed: py
F_onsite: 1.3957152809738715e-16j
F_swave: 1.6653345369377348e-16j, F_dwave: -0.09155604654124966j
F_px: (-5.522010855991166e-18+0j), F_py: (5.855498232518963e-18+0j)
Free_energy = -17170.9526205048
------------------------------------------
[{'stable': {'F_dwave': np.complex128(0.09155604654124966j)}, 'free': np.float64(-17170.9526205048)}, {'stable': {'F_dwave': np.complex128(-0.09155604654124966j)}, 'free': np.float64(-17170.9526205048)}]
------------------------------------------
  Seed: px+py
F_onsite: -1.3957152809738715e-16j
F_swave: -1.6653345369377348e-16j, F_dwave: 0.09155604654124966j
F_px: (5.522010855991166e-18+0j), F_py: (-5.855498232518963e-18+0j)
Free_energy = -17170.9526205048
------------------------------------------
[{'stable': {'F_dwave': np.complex128(0.09155604654124966j)}, 'free': np.float64(-17170.9526205048)}, {'stable': {'F_dwave': np.complex128(-0.09155604654124966j)}, 'free': np.float64(-17170.9526205048)}]
------------------------------------------
  Seed: px+i*py
F_onsite: (5.805443052111542e-18-1.6602937644592857e-17j)
F_swave: (-4.0766001685454967e-17-3.469446951953614e-17j), F_dwave: (0.014710054913197036+0.09036661239512342j)
F_px: (9.280770596475918e-17-1.3877787807814457e-17j), F_py: (-5.204170427930421e-18-1.3877787807814457e-17j)
Free_energy = -17170.952699490765
------------------------------------------
[{'stable': {'F_dwave': np.complex128(0.09155604654124966j)}, 'free': np.float64(-17170.9526205048)}, {'stable': {'F_dwave': np.complex128(-0.09155604654124966j)}, 'free': np.float64(-17170.9526205048)}, {'stable': {'F_dwave': np.complex128(0.014710054913197036+0.09036661239512342j)}, 'free': np.float64(-17170.952699490765)}]
------------------------------------------
  Seed: d-wave
F_onsite: (-1.2765578954149132e-16+0j)
F_swave: (1.3877787807814457e-16+0j), F_dwave: (0.09155604654742734+0j)
F_px: -1.2226446825919986e-17j, F_py: 8.091847193005078e-18j
Free_energy = -17170.952620633652
------------------------------------------
[{'stable': {'F_dwave': np.complex128(0.09155604654124966j)}, 'free': np.float64(-17170.9526205048)}, {'stable': {'F_dwave': np.complex128(-0.09155604654124966j)}, 'free': np.float64(-17170.9526205048)}, {'stable': {'F_dwave': np.complex128(0.014710054913197036+0.09036661239512342j)}, 'free': np.float64(-17170.952699490765)}, {'stable': {'F_dwave': np.complex128(0.09155604654742734+0j)}, 'free': np.float64(-17170.952620633652)}]
------------------------------------------
  Seed: d-wave+px
F_onsite: (-1.2765578954149132e-16+0j)
F_swave: (1.3877787807814457e-16+0j), F_dwave: (0.09155604654742734+0j)
F_px: -1.2226446825919986e-17j, F_py: 8.091847193005078e-18j
Free_energy = -17170.952620633652
------------------------------------------
[{'stable': {'F_dwave': np.complex128(0.09155604654124966j)}, 'free': np.float64(-17170.9526205048)}, {'stable': {'F_dwave': np.complex128(-0.09155604654124966j)}, 'free': np.float64(-17170.9526205048)}, {'stable': {'F_dwave': np.complex128(0.014710054913197036+0.09036661239512342j)}, 'free': np.float64(-17170.952699490765)}, {'stable': {'F_dwave': np.complex128(0.09155604654742734+0j)}, 'free': np.float64(-17170.952620633652)}]
------------------------------------------
  Seed: d-wave+py
F_onsite: (-1.2765578954149132e-16+0j)
F_swave: (1.3877787807814457e-16+0j), F_dwave: (0.09155604654742734+0j)
F_px: -1.2226446825919986e-17j, F_py: 8.091847193005078e-18j
Free_energy = -17170.952620633652
------------------------------------------
[{'stable': {'F_dwave': np.complex128(0.09155604654124966j)}, 'free': np.float64(-17170.9526205048)}, {'stable': {'F_dwave': np.complex128(-0.09155604654124966j)}, 'free': np.float64(-17170.9526205048)}, {'stable': {'F_dwave': np.complex128(0.014710054913197036+0.09036661239512342j)}, 'free': np.float64(-17170.952699490765)}, {'stable': {'F_dwave': np.complex128(0.09155604654742734+0j)}, 'free': np.float64(-17170.952620633652)}]
------------------------------------------
  Seed: s-wave
F_onsite: (-1.2765578954149132e-16+0j)
F_swave: (1.3877787807814457e-16+0j), F_dwave: (0.09155604654742734+0j)
F_px: -1.2226446825919986e-17j, F_py: 8.091847193005078e-18j
Free_energy = -17170.952620633652
------------------------------------------
[{'stable': {'F_dwave': np.complex128(0.09155604654124966j)}, 'free': np.float64(-17170.9526205048)}, {'stable': {'F_dwave': np.complex128(-0.09155604654124966j)}, 'free': np.float64(-17170.9526205048)}, {'stable': {'F_dwave': np.complex128(0.014710054913197036+0.09036661239512342j)}, 'free': np.float64(-17170.952699490765)}, {'stable': {'F_dwave': np.complex128(0.09155604654742734+0j)}, 'free': np.float64(-17170.952620633652)}]
------------------------------------------
  Seed: s-wave+px
F_onsite: (-1.2765578954149132e-16+0j)
F_swave: (1.3877787807814457e-16+0j), F_dwave: (0.09155604654742734+0j)
F_px: -1.2226446825919986e-17j, F_py: 8.091847193005078e-18j
Free_energy = -17170.952620633652
------------------------------------------
[{'stable': {'F_dwave': np.complex128(0.09155604654124966j)}, 'free': np.float64(-17170.9526205048)}, {'stable': {'F_dwave': np.complex128(-0.09155604654124966j)}, 'free': np.float64(-17170.9526205048)}, {'stable': {'F_dwave': np.complex128(0.014710054913197036+0.09036661239512342j)}, 'free': np.float64(-17170.952699490765)}, {'stable': {'F_dwave': np.complex128(0.09155604654742734+0j)}, 'free': np.float64(-17170.952620633652)}]
------------------------------------------
  Seed: s-wave+py
F_onsite: (1.1957720288088608e-16+0j)
F_swave: (-1.3877787807814457e-16+0j), F_dwave: (-0.09155604654742734+0j)
F_px: 7.074197284268599e-18j, F_py: -7.077325060959815e-18j
Free_energy = -17170.952620633652
------------------------------------------
[{'stable': {'F_dwave': np.complex128(0.09155604654124966j)}, 'free': np.float64(-17170.9526205048)}, {'stable': {'F_dwave': np.complex128(-0.09155604654124966j)}, 'free': np.float64(-17170.9526205048)}, {'stable': {'F_dwave': np.complex128(0.014710054913197036+0.09036661239512342j)}, 'free': np.float64(-17170.952699490765)}, {'stable': {'F_dwave': np.complex128(0.09155604654742734+0j)}, 'free': np.float64(-17170.952620633652)}, {'stable': {'F_dwave': np.complex128(-0.09155604654742734+0j)}, 'free': np.float64(-17170.952620633652)}]
------------------------------------------
====================================
mu=0.31, T=0.1350
====================================
  Seed: normal state
F_onsite: 0j
F_swave: 0j, F_dwave: 0j
F_px: 0j, F_py: 0j
Free_energy = -16598.179544550254
------------------------------------------
[{'stable': {}, 'free': np.float64(-16598.179544550254)}]
------------------------------------------
  Seed: px
F_onsite: -3.568767843277256e-17j
F_swave: -1.1796119636642288e-16j, F_dwave: 0.08978082236824374j
F_px: (1.1032594483228409e-17+0j), F_py: (-9.420342825929208e-18+0j)
Free_energy = -17159.279237164286
------------------------------------------
[{'stable': {'F_dwave': np.complex128(0.08978082236824374j)}, 'free': np.float64(-17159.279237164286)}]
------------------------------------------
  Seed: py
F_onsite: 3.568767843277256e-17j
F_swave: 1.1796119636642288e-16j, F_dwave: -0.08978082236824374j
F_px: (-1.1032594483228409e-17+0j), F_py: (9.420342825929208e-18+0j)
Free_energy = -17159.279237164286
------------------------------------------
[{'stable': {'F_dwave': np.complex128(0.08978082236824374j)}, 'free': np.float64(-17159.279237164286)}, {'stable': {'F_dwave': np.complex128(-0.08978082236824374j)}, 'free': np.float64(-17159.279237164286)}]
------------------------------------------
  Seed: px+py
F_onsite: -3.568767843277256e-17j
F_swave: -1.1796119636642288e-16j, F_dwave: 0.08978082236824374j
F_px: (1.1032594483228409e-17+0j), F_py: (-9.420342825929208e-18+0j)
Free_energy = -17159.279237164286
------------------------------------------
[{'stable': {'F_dwave': np.complex128(0.08978082236824374j)}, 'free': np.float64(-17159.279237164286)}, {'stable': {'F_dwave': np.complex128(-0.08978082236824374j)}, 'free': np.float64(-17159.279237164286)}]
------------------------------------------
  Seed: px+i*py
F_onsite: (2.8703004959845487e-17-7.87624384410764e-17j)
F_swave: (4.0766001685454967e-17+2.0469737016526324e-16j), F_dwave: (0.014424833989993313+0.08861444703841737j)
F_px: (-4.336808689942018e-18+8.465450562766819e-16j), F_py: (1.734723475976807e-18-6.938893903907228e-18j)
Free_energy = -17159.27923656029
------------------------------------------
[{'stable': {'F_dwave': np.complex128(0.08978082236824374j)}, 'free': np.float64(-17159.279237164286)}, {'stable': {'F_dwave': np.complex128(-0.08978082236824374j)}, 'free': np.float64(-17159.279237164286)}, {'stable': {'F_dwave': np.complex128(0.014424833989993313+0.08861444703841737j)}, 'free': np.float64(-17159.27923656029)}]
------------------------------------------
  Seed: d-wave
F_onsite: (-9.807526432375336e-17+0j)
F_swave: (-1.6653345369377348e-16+0j), F_dwave: (0.0897808288675552+0j)
F_px: -2.0810738275913318e-17j, F_py: 7.463173940550006e-18j
Free_energy = -17159.27936407047
------------------------------------------
[{'stable': {'F_dwave': np.complex128(0.08978082236824374j)}, 'free': np.float64(-17159.279237164286)}, {'stable': {'F_dwave': np.complex128(-0.08978082236824374j)}, 'free': np.float64(-17159.279237164286)}, {'stable': {'F_dwave': np.complex128(0.014424833989993313+0.08861444703841737j)}, 'free': np.float64(-17159.27923656029)}, {'stable': {'F_dwave': np.complex128(0.0897808288675552+0j)}, 'free': np.float64(-17159.27936407047)}]
------------------------------------------
  Seed: d-wave+px
F_onsite: (-9.807526432375336e-17+0j)
F_swave: (-1.6653345369377348e-16+0j), F_dwave: (0.0897808288675552+0j)
F_px: -2.0810738275913318e-17j, F_py: 7.463173940550006e-18j
Free_energy = -17159.27936407047
------------------------------------------
[{'stable': {'F_dwave': np.complex128(0.08978082236824374j)}, 'free': np.float64(-17159.279237164286)}, {'stable': {'F_dwave': np.complex128(-0.08978082236824374j)}, 'free': np.float64(-17159.279237164286)}, {'stable': {'F_dwave': np.complex128(0.014424833989993313+0.08861444703841737j)}, 'free': np.float64(-17159.27923656029)}, {'stable': {'F_dwave': np.complex128(0.0897808288675552+0j)}, 'free': np.float64(-17159.27936407047)}]
------------------------------------------
  Seed: d-wave+py
F_onsite: (-9.807526432375336e-17+0j)
F_swave: (-1.6653345369377348e-16+0j), F_dwave: (0.0897808288675552+0j)
F_px: -2.0810738275913318e-17j, F_py: 7.463173940550006e-18j
Free_energy = -17159.27936407047
------------------------------------------
[{'stable': {'F_dwave': np.complex128(0.08978082236824374j)}, 'free': np.float64(-17159.279237164286)}, {'stable': {'F_dwave': np.complex128(-0.08978082236824374j)}, 'free': np.float64(-17159.279237164286)}, {'stable': {'F_dwave': np.complex128(0.014424833989993313+0.08861444703841737j)}, 'free': np.float64(-17159.27923656029)}, {'stable': {'F_dwave': np.complex128(0.0897808288675552+0j)}, 'free': np.float64(-17159.27936407047)}]
------------------------------------------
  Seed: s-wave
F_onsite: (-9.807526432375336e-17+0j)
F_swave: (-1.6653345369377348e-16+0j), F_dwave: (0.0897808288675552+0j)
F_px: -2.0810738275913318e-17j, F_py: 7.463173940550006e-18j
Free_energy = -17159.27936407047
------------------------------------------
[{'stable': {'F_dwave': np.complex128(0.08978082236824374j)}, 'free': np.float64(-17159.279237164286)}, {'stable': {'F_dwave': np.complex128(-0.08978082236824374j)}, 'free': np.float64(-17159.279237164286)}, {'stable': {'F_dwave': np.complex128(0.014424833989993313+0.08861444703841737j)}, 'free': np.float64(-17159.27923656029)}, {'stable': {'F_dwave': np.complex128(0.0897808288675552+0j)}, 'free': np.float64(-17159.27936407047)}]
------------------------------------------
  Seed: s-wave+px
F_onsite: (-9.807526432375336e-17+0j)
F_swave: (-1.6653345369377348e-16+0j), F_dwave: (0.0897808288675552+0j)
F_px: -2.0810738275913318e-17j, F_py: 7.463173940550006e-18j
Free_energy = -17159.27936407047
------------------------------------------
[{'stable': {'F_dwave': np.complex128(0.08978082236824374j)}, 'free': np.float64(-17159.279237164286)}, {'stable': {'F_dwave': np.complex128(-0.08978082236824374j)}, 'free': np.float64(-17159.279237164286)}, {'stable': {'F_dwave': np.complex128(0.014424833989993313+0.08861444703841737j)}, 'free': np.float64(-17159.27923656029)}, {'stable': {'F_dwave': np.complex128(0.0897808288675552+0j)}, 'free': np.float64(-17159.27936407047)}]
------------------------------------------
  Seed: s-wave+py
F_onsite: (-2.4637663132200266e-17+0j)
F_swave: (-2.42861286636753e-16+0j), F_dwave: (-0.08978082233757403+0j)
F_px: -6.648027811486259e-20j, F_py: -8.079095976146548e-18j
Free_energy = -17159.27923656561
------------------------------------------
[{'stable': {'F_dwave': np.complex128(0.08978082236824374j)}, 'free': np.float64(-17159.279237164286)}, {'stable': {'F_dwave': np.complex128(-0.08978082236824374j)}, 'free': np.float64(-17159.279237164286)}, {'stable': {'F_dwave': np.complex128(0.014424833989993313+0.08861444703841737j)}, 'free': np.float64(-17159.27923656029)}, {'stable': {'F_dwave': np.complex128(0.0897808288675552+0j)}, 'free': np.float64(-17159.27936407047)}, {'stable': {'F_dwave': np.complex128(-0.08978082233757403+0j)}, 'free': np.float64(-17159.27923656561)}]
------------------------------------------
====================================
mu=0.31, T=0.1453
====================================
  Seed: normal state
F_onsite: 0j
F_swave: 0j, F_dwave: 0j
F_px: 0j, F_py: 0j
Free_energy = -16618.168446009615
------------------------------------------
[{'stable': {}, 'free': np.float64(-16618.168446009615)}]
------------------------------------------
  Seed: px
F_onsite: -1.299529542754345e-16j
F_swave: -7.632783294297951e-17j, F_dwave: 0.08763555917521985j
F_px: (2.0298819676514565e-17+0j), F_py: (-8.518307424886314e-18+0j)
Free_energy = -17145.63296692436
------------------------------------------
[{'stable': {'F_dwave': np.complex128(0.08763555917521985j)}, 'free': np.float64(-17145.63296692436)}]
------------------------------------------
  Seed: py
F_onsite: 1.299529542754345e-16j
F_swave: 7.632783294297951e-17j, F_dwave: -0.08763555917521985j
F_px: (-2.0298819676514565e-17+0j), F_py: (8.518307424886314e-18+0j)
Free_energy = -17145.63296692436
------------------------------------------
[{'stable': {'F_dwave': np.complex128(0.08763555917521985j)}, 'free': np.float64(-17145.63296692436)}, {'stable': {'F_dwave': np.complex128(-0.08763555917521985j)}, 'free': np.float64(-17145.63296692436)}]
------------------------------------------
  Seed: px+py
F_onsite: -1.299529542754345e-16j
F_swave: -7.632783294297951e-17j, F_dwave: 0.08763555917521985j
F_px: (2.0298819676514565e-17+0j), F_py: (-8.518307424886314e-18+0j)
Free_energy = -17145.63296692436
------------------------------------------
[{'stable': {'F_dwave': np.complex128(0.08763555917521985j)}, 'free': np.float64(-17145.63296692436)}, {'stable': {'F_dwave': np.complex128(-0.08763555917521985j)}, 'free': np.float64(-17145.63296692436)}]
------------------------------------------
  Seed: px+i*py
F_onsite: (1.5116576781109784e-17+1.9691082429187363e-17j)
F_swave: (-5.767955557622884e-17-3.677613769070831e-16j), F_dwave: (0.014080160469766862+0.08649705328367549j)
F_px: (9.540979117872439e-17+2.983724378680108e-16j), F_py: (-1.8214596497756474e-17+0j)
Free_energy = -17145.632957992002
------------------------------------------
[{'stable': {'F_dwave': np.complex128(0.08763555917521985j)}, 'free': np.float64(-17145.63296692436)}, {'stable': {'F_dwave': np.complex128(-0.08763555917521985j)}, 'free': np.float64(-17145.63296692436)}, {'stable': {'F_dwave': np.complex128(0.014080160469766862+0.08649705328367549j)}, 'free': np.float64(-17145.632957992002)}]
------------------------------------------
  Seed: d-wave
F_onsite: (-8.589329526022778e-17+0j)
F_swave: (-5.134781488891349e-16+0j), F_dwave: (0.08763557163191024+0j)
F_px: -2.3578257484451085e-17j, F_py: 8.419361908218473e-18j
Free_energy = -17145.63319279658
------------------------------------------
[{'stable': {'F_dwave': np.complex128(0.08763555917521985j)}, 'free': np.float64(-17145.63296692436)}, {'stable': {'F_dwave': np.complex128(-0.08763555917521985j)}, 'free': np.float64(-17145.63296692436)}, {'stable': {'F_dwave': np.complex128(0.014080160469766862+0.08649705328367549j)}, 'free': np.float64(-17145.632957992002)}, {'stable': {'F_dwave': np.complex128(0.08763557163191024+0j)}, 'free': np.float64(-17145.63319279658)}]
------------------------------------------
  Seed: d-wave+px
F_onsite: (-8.589329526022778e-17+0j)
F_swave: (-5.134781488891349e-16+0j), F_dwave: (0.08763557163191024+0j)
F_px: -2.3578257484451085e-17j, F_py: 8.419361908218473e-18j
Free_energy = -17145.63319279658
------------------------------------------
[{'stable': {'F_dwave': np.complex128(0.08763555917521985j)}, 'free': np.float64(-17145.63296692436)}, {'stable': {'F_dwave': np.complex128(-0.08763555917521985j)}, 'free': np.float64(-17145.63296692436)}, {'stable': {'F_dwave': np.complex128(0.014080160469766862+0.08649705328367549j)}, 'free': np.float64(-17145.632957992002)}, {'stable': {'F_dwave': np.complex128(0.08763557163191024+0j)}, 'free': np.float64(-17145.63319279658)}]
------------------------------------------
  Seed: d-wave+py
F_onsite: (-8.589329526022778e-17+0j)
F_swave: (-5.134781488891349e-16+0j), F_dwave: (0.08763557163191024+0j)
F_px: -2.3578257484451085e-17j, F_py: 8.419361908218473e-18j
Free_energy = -17145.63319279658
------------------------------------------
[{'stable': {'F_dwave': np.complex128(0.08763555917521985j)}, 'free': np.float64(-17145.63296692436)}, {'stable': {'F_dwave': np.complex128(-0.08763555917521985j)}, 'free': np.float64(-17145.63296692436)}, {'stable': {'F_dwave': np.complex128(0.014080160469766862+0.08649705328367549j)}, 'free': np.float64(-17145.632957992002)}, {'stable': {'F_dwave': np.complex128(0.08763557163191024+0j)}, 'free': np.float64(-17145.63319279658)}]
------------------------------------------
  Seed: s-wave
F_onsite: (-8.589329526022778e-17+0j)
F_swave: (-5.134781488891349e-16+0j), F_dwave: (0.08763557163191024+0j)
F_px: -2.3578257484451085e-17j, F_py: 8.419361908218473e-18j
Free_energy = -17145.63319279658
------------------------------------------
[{'stable': {'F_dwave': np.complex128(0.08763555917521985j)}, 'free': np.float64(-17145.63296692436)}, {'stable': {'F_dwave': np.complex128(-0.08763555917521985j)}, 'free': np.float64(-17145.63296692436)}, {'stable': {'F_dwave': np.complex128(0.014080160469766862+0.08649705328367549j)}, 'free': np.float64(-17145.632957992002)}, {'stable': {'F_dwave': np.complex128(0.08763557163191024+0j)}, 'free': np.float64(-17145.63319279658)}]
------------------------------------------
  Seed: s-wave+px
F_onsite: (-8.589329526022778e-17+0j)
F_swave: (-5.134781488891349e-16+0j), F_dwave: (0.08763557163191024+0j)
F_px: -2.3578257484451085e-17j, F_py: 8.419361908218473e-18j
Free_energy = -17145.63319279658
------------------------------------------
[{'stable': {'F_dwave': np.complex128(0.08763555917521985j)}, 'free': np.float64(-17145.63296692436)}, {'stable': {'F_dwave': np.complex128(-0.08763555917521985j)}, 'free': np.float64(-17145.63296692436)}, {'stable': {'F_dwave': np.complex128(0.014080160469766862+0.08649705328367549j)}, 'free': np.float64(-17145.632957992002)}, {'stable': {'F_dwave': np.complex128(0.08763557163191024+0j)}, 'free': np.float64(-17145.63319279658)}]
------------------------------------------
  Seed: s-wave+py
F_onsite: (-6.323251257012673e-18+0j)
F_swave: (5.342948306008566e-16+0j), F_dwave: (-0.08763555884828446+0j)
F_px: 2.0463687035148115e-17j, F_py: -9.343075228798449e-18j
Free_energy = -17145.632960996023
------------------------------------------
[{'stable': {'F_dwave': np.complex128(0.08763555917521985j)}, 'free': np.float64(-17145.63296692436)}, {'stable': {'F_dwave': np.complex128(-0.08763555917521985j)}, 'free': np.float64(-17145.63296692436)}, {'stable': {'F_dwave': np.complex128(0.014080160469766862+0.08649705328367549j)}, 'free': np.float64(-17145.632957992002)}, {'stable': {'F_dwave': np.complex128(0.08763557163191024+0j)}, 'free': np.float64(-17145.63319279658)}, {'stable': {'F_dwave': np.complex128(-0.08763555884828446+0j)}, 'free': np.float64(-17145.632960996023)}]
------------------------------------------
====================================
mu=0.31, T=0.1557
====================================
  Seed: normal state
F_onsite: 0j
F_swave: 0j, F_dwave: 0j
F_px: 0j, F_py: 0j
Free_energy = -16639.555397466902
------------------------------------------
[{'stable': {}, 'free': np.float64(-16639.555397466902)}]
------------------------------------------
  Seed: px
F_onsite: -1.4099439124754166e-17j
F_swave: 2.7755575615628914e-17j, F_dwave: 0.08507765153884697j
F_px: (3.6103453199397476e-17+0j), F_py: (-6.053133187553808e-18+0j)
Free_energy = -17130.010599426278
------------------------------------------
[{'stable': {'F_dwave': np.complex128(0.08507765153884697j)}, 'free': np.float64(-17130.010599426278)}]
------------------------------------------
  Seed: py
F_onsite: 1.4099439124754166e-17j
F_swave: -2.7755575615628914e-17j, F_dwave: -0.08507765153884697j
F_px: (-3.6103453199397476e-17+0j), F_py: (6.053133187553808e-18+0j)
Free_energy = -17130.010599426278
------------------------------------------
[{'stable': {'F_dwave': np.complex128(0.08507765153884697j)}, 'free': np.float64(-17130.010599426278)}, {'stable': {'F_dwave': np.complex128(-0.08507765153884697j)}, 'free': np.float64(-17130.010599426278)}]
------------------------------------------
  Seed: px+py
F_onsite: -1.4099439124754166e-17j
F_swave: 2.7755575615628914e-17j, F_dwave: 0.08507765153884697j
F_px: (3.6103453199397476e-17+0j), F_py: (-6.053133187553808e-18+0j)
Free_energy = -17130.010599426278
------------------------------------------
[{'stable': {'F_dwave': np.complex128(0.08507765153884697j)}, 'free': np.float64(-17130.010599426278)}, {'stable': {'F_dwave': np.complex128(-0.08507765153884697j)}, 'free': np.float64(-17130.010599426278)}]
------------------------------------------
  Seed: px+i*py
F_onsite: (-3.157285201516164e-17-1.1610882795500574e-16j)
F_swave: (-8.933825901280557e-17+9.71445146547012e-17j), F_dwave: (0.01366918867255976+0.08397237684142965j)
F_px: (3.408731630294426e-16-6.661338147750939e-16j), F_py: (4.5102810375396984e-17+4.163336342344337e-17j)
Free_energy = -17130.01059942625
------------------------------------------
[{'stable': {'F_dwave': np.complex128(0.08507765153884697j)}, 'free': np.float64(-17130.010599426278)}, {'stable': {'F_dwave': np.complex128(-0.08507765153884697j)}, 'free': np.float64(-17130.010599426278)}, {'stable': {'F_dwave': np.complex128(0.01366918867255976+0.08397237684142965j)}, 'free': np.float64(-17130.01059942625)}]
------------------------------------------
  Seed: d-wave
F_onsite: (-1.951469942756322e-17+0j)
F_swave: (2.0816681711721685e-17+0j), F_dwave: (0.08507765153884723+0j)
F_px: -2.0569792080317217e-17j, F_py: 7.849992403194067e-18j
Free_energy = -17130.010599426285
------------------------------------------
[{'stable': {'F_dwave': np.complex128(0.08507765153884697j)}, 'free': np.float64(-17130.010599426278)}, {'stable': {'F_dwave': np.complex128(-0.08507765153884697j)}, 'free': np.float64(-17130.010599426278)}, {'stable': {'F_dwave': np.complex128(0.01366918867255976+0.08397237684142965j)}, 'free': np.float64(-17130.01059942625)}, {'stable': {'F_dwave': np.complex128(0.08507765153884723+0j)}, 'free': np.float64(-17130.010599426285)}]
------------------------------------------
  Seed: d-wave+px
F_onsite: (-1.951469942756322e-17+0j)
F_swave: (2.0816681711721685e-17+0j), F_dwave: (0.08507765153884723+0j)
F_px: -2.0569792080317217e-17j, F_py: 7.849992403194067e-18j
Free_energy = -17130.010599426285
------------------------------------------
[{'stable': {'F_dwave': np.complex128(0.08507765153884697j)}, 'free': np.float64(-17130.010599426278)}, {'stable': {'F_dwave': np.complex128(-0.08507765153884697j)}, 'free': np.float64(-17130.010599426278)}, {'stable': {'F_dwave': np.complex128(0.01366918867255976+0.08397237684142965j)}, 'free': np.float64(-17130.01059942625)}, {'stable': {'F_dwave': np.complex128(0.08507765153884723+0j)}, 'free': np.float64(-17130.010599426285)}]
------------------------------------------
  Seed: d-wave+py
F_onsite: (-1.951469942756322e-17+0j)
F_swave: (2.0816681711721685e-17+0j), F_dwave: (0.08507765153884723+0j)
F_px: -2.0569792080317217e-17j, F_py: 7.849992403194067e-18j
Free_energy = -17130.010599426285
------------------------------------------
[{'stable': {'F_dwave': np.complex128(0.08507765153884697j)}, 'free': np.float64(-17130.010599426278)}, {'stable': {'F_dwave': np.complex128(-0.08507765153884697j)}, 'free': np.float64(-17130.010599426278)}, {'stable': {'F_dwave': np.complex128(0.01366918867255976+0.08397237684142965j)}, 'free': np.float64(-17130.01059942625)}, {'stable': {'F_dwave': np.complex128(0.08507765153884723+0j)}, 'free': np.float64(-17130.010599426285)}]
------------------------------------------
  Seed: s-wave
F_onsite: (-1.951469942756322e-17+0j)
F_swave: (2.0816681711721685e-17+0j), F_dwave: (0.08507765153884723+0j)
F_px: -2.0569792080317217e-17j, F_py: 7.849992403194067e-18j
Free_energy = -17130.010599426285
------------------------------------------
[{'stable': {'F_dwave': np.complex128(0.08507765153884697j)}, 'free': np.float64(-17130.010599426278)}, {'stable': {'F_dwave': np.complex128(-0.08507765153884697j)}, 'free': np.float64(-17130.010599426278)}, {'stable': {'F_dwave': np.complex128(0.01366918867255976+0.08397237684142965j)}, 'free': np.float64(-17130.01059942625)}, {'stable': {'F_dwave': np.complex128(0.08507765153884723+0j)}, 'free': np.float64(-17130.010599426285)}]
------------------------------------------
  Seed: s-wave+px
F_onsite: (-1.951469942756322e-17+0j)
F_swave: (2.0816681711721685e-17+0j), F_dwave: (0.08507765153884723+0j)
F_px: -2.0569792080317217e-17j, F_py: 7.849992403194067e-18j
Free_energy = -17130.010599426285
------------------------------------------
[{'stable': {'F_dwave': np.complex128(0.08507765153884697j)}, 'free': np.float64(-17130.010599426278)}, {'stable': {'F_dwave': np.complex128(-0.08507765153884697j)}, 'free': np.float64(-17130.010599426278)}, {'stable': {'F_dwave': np.complex128(0.01366918867255976+0.08397237684142965j)}, 'free': np.float64(-17130.01059942625)}, {'stable': {'F_dwave': np.complex128(0.08507765153884723+0j)}, 'free': np.float64(-17130.010599426285)}]
------------------------------------------
  Seed: s-wave+py
F_onsite: (-1.1615015058968703e-16+0j)
F_swave: (1.8735013540549517e-16+0j), F_dwave: (-0.08507765247018872+0j)
F_px: -1.6920293551609798e-17j, F_py: -8.088322162824683e-18j
Free_energy = -17130.010614990944
------------------------------------------
[{'stable': {'F_dwave': np.complex128(0.08507765153884697j)}, 'free': np.float64(-17130.010599426278)}, {'stable': {'F_dwave': np.complex128(-0.08507765153884697j)}, 'free': np.float64(-17130.010599426278)}, {'stable': {'F_dwave': np.complex128(0.01366918867255976+0.08397237684142965j)}, 'free': np.float64(-17130.01059942625)}, {'stable': {'F_dwave': np.complex128(0.08507765153884723+0j)}, 'free': np.float64(-17130.010599426285)}, {'stable': {'F_dwave': np.complex128(-0.08507765247018872+0j)}, 'free': np.float64(-17130.010614990944)}]
------------------------------------------
====================================
mu=0.31, T=0.1660
====================================
  Seed: normal state
F_onsite: 0j
F_swave: 0j, F_dwave: 0j
F_px: 0j, F_py: 0j
Free_energy = -16662.314004484124
------------------------------------------
[{'stable': {}, 'free': np.float64(-16662.314004484124)}]
------------------------------------------
  Seed: px
F_onsite: 2.548493174694635e-17j
F_swave: 2.7755575615628914e-17j, F_dwave: 0.08205621700964555j
F_px: (1.3604551233129256e-17+0j), F_py: (-1.019146402541679e-17+0j)
Free_energy = -17112.430883117366
------------------------------------------
[{'stable': {'F_dwave': np.complex128(0.08205621700964555j)}, 'free': np.float64(-17112.430883117366)}]
------------------------------------------
  Seed: py
F_onsite: -2.548493174694635e-17j
F_swave: -2.7755575615628914e-17j, F_dwave: -0.08205621700964555j
F_px: (-1.3604551233129256e-17+0j), F_py: (1.019146402541679e-17+0j)
Free_energy = -17112.430883117366
------------------------------------------
[{'stable': {'F_dwave': np.complex128(0.08205621700964555j)}, 'free': np.float64(-17112.430883117366)}, {'stable': {'F_dwave': np.complex128(-0.08205621700964555j)}, 'free': np.float64(-17112.430883117366)}]
------------------------------------------
  Seed: px+py
F_onsite: 2.548493174694635e-17j
F_swave: 2.7755575615628914e-17j, F_dwave: 0.08205621700964555j
F_px: (1.3604551233129256e-17+0j), F_py: (-1.019146402541679e-17+0j)
Free_energy = -17112.430883117366
------------------------------------------
[{'stable': {'F_dwave': np.complex128(0.08205621700964555j)}, 'free': np.float64(-17112.430883117366)}, {'stable': {'F_dwave': np.complex128(-0.08205621700964555j)}, 'free': np.float64(-17112.430883117366)}]
------------------------------------------
  Seed: px+i*py
F_onsite: (-3.365071584406846e-17-4.793517137819388e-17j)
F_swave: (-2.5587171270657905e-17+3.469446951953614e-17j), F_dwave: (0.013183741135145697+0.08099018202907174j)
F_px: (9.540979117872439e-17+8.534839501805891e-16j), F_py: (-1.6479873021779667e-17-1.3877787807814457e-17j)
Free_energy = -17112.430684368395
------------------------------------------
[{'stable': {'F_dwave': np.complex128(0.08205621700964555j)}, 'free': np.float64(-17112.430883117366)}, {'stable': {'F_dwave': np.complex128(-0.08205621700964555j)}, 'free': np.float64(-17112.430883117366)}, {'stable': {'F_dwave': np.complex128(0.013183741135145697+0.08099018202907174j)}, 'free': np.float64(-17112.430684368395)}]
------------------------------------------
  Seed: d-wave
F_onsite: (1.6639430867985226e-16+0j)
F_swave: (3.469446951953614e-17+0j), F_dwave: (0.08205620400322955+0j)
F_px: 1.6686571808376562e-18j, F_py: 7.175887766848571e-18j
Free_energy = -17112.430684368304
------------------------------------------
[{'stable': {'F_dwave': np.complex128(0.08205621700964555j)}, 'free': np.float64(-17112.430883117366)}, {'stable': {'F_dwave': np.complex128(-0.08205621700964555j)}, 'free': np.float64(-17112.430883117366)}, {'stable': {'F_dwave': np.complex128(0.013183741135145697+0.08099018202907174j)}, 'free': np.float64(-17112.430684368395)}, {'stable': {'F_dwave': np.complex128(0.08205620400322955+0j)}, 'free': np.float64(-17112.430684368304)}]
------------------------------------------
  Seed: d-wave+px
F_onsite: (1.6639430867985226e-16+0j)
F_swave: (3.469446951953614e-17+0j), F_dwave: (0.08205620400322955+0j)
F_px: 1.6686571808376562e-18j, F_py: 7.175887766848571e-18j
Free_energy = -17112.430684368304
------------------------------------------
[{'stable': {'F_dwave': np.complex128(0.08205621700964555j)}, 'free': np.float64(-17112.430883117366)}, {'stable': {'F_dwave': np.complex128(-0.08205621700964555j)}, 'free': np.float64(-17112.430883117366)}, {'stable': {'F_dwave': np.complex128(0.013183741135145697+0.08099018202907174j)}, 'free': np.float64(-17112.430684368395)}, {'stable': {'F_dwave': np.complex128(0.08205620400322955+0j)}, 'free': np.float64(-17112.430684368304)}]
------------------------------------------
  Seed: d-wave+py
F_onsite: (1.6639430867985226e-16+0j)
F_swave: (3.469446951953614e-17+0j), F_dwave: (0.08205620400322955+0j)
F_px: 1.6686571808376562e-18j, F_py: 7.175887766848571e-18j
Free_energy = -17112.430684368304
------------------------------------------
[{'stable': {'F_dwave': np.complex128(0.08205621700964555j)}, 'free': np.float64(-17112.430883117366)}, {'stable': {'F_dwave': np.complex128(-0.08205621700964555j)}, 'free': np.float64(-17112.430883117366)}, {'stable': {'F_dwave': np.complex128(0.013183741135145697+0.08099018202907174j)}, 'free': np.float64(-17112.430684368395)}, {'stable': {'F_dwave': np.complex128(0.08205620400322955+0j)}, 'free': np.float64(-17112.430684368304)}]
------------------------------------------
  Seed: s-wave
F_onsite: (1.6639430867985226e-16+0j)
F_swave: (3.469446951953614e-17+0j), F_dwave: (0.08205620400322955+0j)
F_px: 1.6686571808376562e-18j, F_py: 7.175887766848571e-18j
Free_energy = -17112.430684368304
------------------------------------------
[{'stable': {'F_dwave': np.complex128(0.08205621700964555j)}, 'free': np.float64(-17112.430883117366)}, {'stable': {'F_dwave': np.complex128(-0.08205621700964555j)}, 'free': np.float64(-17112.430883117366)}, {'stable': {'F_dwave': np.complex128(0.013183741135145697+0.08099018202907174j)}, 'free': np.float64(-17112.430684368395)}, {'stable': {'F_dwave': np.complex128(0.08205620400322955+0j)}, 'free': np.float64(-17112.430684368304)}]
------------------------------------------
  Seed: s-wave+px
F_onsite: (1.6639430867985226e-16+0j)
F_swave: (3.469446951953614e-17+0j), F_dwave: (0.08205620400322955+0j)
F_px: 1.6686571808376562e-18j, F_py: 7.175887766848571e-18j
Free_energy = -17112.430684368304
------------------------------------------
[{'stable': {'F_dwave': np.complex128(0.08205621700964555j)}, 'free': np.float64(-17112.430883117366)}, {'stable': {'F_dwave': np.complex128(-0.08205621700964555j)}, 'free': np.float64(-17112.430883117366)}, {'stable': {'F_dwave': np.complex128(0.013183741135145697+0.08099018202907174j)}, 'free': np.float64(-17112.430684368395)}, {'stable': {'F_dwave': np.complex128(0.08205620400322955+0j)}, 'free': np.float64(-17112.430684368304)}]
------------------------------------------
  Seed: s-wave+py
F_onsite: (-7.485712239905077e-17+0j)
F_swave: (-2.636779683484747e-16+0j), F_dwave: (-0.0820562041636748+0j)
F_px: -2.713016635281902e-19j, F_py: -9.457084670081837e-18j
Free_energy = -17112.430686820047
------------------------------------------
[{'stable': {'F_dwave': np.complex128(0.08205621700964555j)}, 'free': np.float64(-17112.430883117366)}, {'stable': {'F_dwave': np.complex128(-0.08205621700964555j)}, 'free': np.float64(-17112.430883117366)}, {'stable': {'F_dwave': np.complex128(0.013183741135145697+0.08099018202907174j)}, 'free': np.float64(-17112.430684368395)}, {'stable': {'F_dwave': np.complex128(0.08205620400322955+0j)}, 'free': np.float64(-17112.430684368304)}, {'stable': {'F_dwave': np.complex128(-0.0820562041636748+0j)}, 'free': np.float64(-17112.430686820047)}]
------------------------------------------
====================================
mu=0.31, T=0.1763
====================================
  Seed: normal state
F_onsite: 0j
F_swave: 0j, F_dwave: 0j
F_px: 0j, F_py: 0j
Free_energy = -16686.41846497459
------------------------------------------
[{'stable': {}, 'free': np.float64(-16686.41846497459)}]
------------------------------------------
  Seed: px
F_onsite: 4.619193063130799e-17j
F_swave: 2.498001805406602e-16j, F_dwave: 0.07850725196317847j
F_px: (1.4969206346730982e-17+0j), F_py: (-1.00741656358866e-17+0j)
Free_energy = -17092.927941864655
------------------------------------------
[{'stable': {'F_dwave': np.complex128(0.07850725196317847j)}, 'free': np.float64(-17092.927941864655)}]
------------------------------------------
  Seed: py
F_onsite: -4.619193063130799e-17j
F_swave: -2.498001805406602e-16j, F_dwave: -0.07850725196317847j
F_px: (-1.4969206346730982e-17+0j), F_py: (1.00741656358866e-17+0j)
Free_energy = -17092.927941864655
------------------------------------------
[{'stable': {'F_dwave': np.complex128(0.07850725196317847j)}, 'free': np.float64(-17092.927941864655)}, {'stable': {'F_dwave': np.complex128(-0.07850725196317847j)}, 'free': np.float64(-17092.927941864655)}]
------------------------------------------
  Seed: px+py
F_onsite: 4.619193063130799e-17j
F_swave: 2.498001805406602e-16j, F_dwave: 0.07850725196317847j
F_px: (1.4969206346730982e-17+0j), F_py: (-1.00741656358866e-17+0j)
Free_energy = -17092.927941864655
------------------------------------------
[{'stable': {'F_dwave': np.complex128(0.07850725196317847j)}, 'free': np.float64(-17092.927941864655)}, {'stable': {'F_dwave': np.complex128(-0.07850725196317847j)}, 'free': np.float64(-17092.927941864655)}]
------------------------------------------
  Seed: px+i*py
F_onsite: (1.0855034103071116e-17+6.463784521113921e-17j)
F_swave: (-3.122502256758253e-17-1.0408340855860843e-17j), F_dwave: (0.012613540920624035+0.07748733570542558j)
F_px: (2.8015784137025435e-16+1.6028844918025698e-15j), F_py: (1.9081958235744878e-17+1.5959455978986625e-16j)
Free_energy = -17092.927941729875
------------------------------------------
[{'stable': {'F_dwave': np.complex128(0.07850725196317847j)}, 'free': np.float64(-17092.927941864655)}, {'stable': {'F_dwave': np.complex128(-0.07850725196317847j)}, 'free': np.float64(-17092.927941864655)}, {'stable': {'F_dwave': np.complex128(0.012613540920624035+0.07748733570542558j)}, 'free': np.float64(-17092.927941729875)}]
------------------------------------------
  Seed: d-wave
F_onsite: (5.029344151106114e-18+0j)
F_swave: (4.163336342344337e-17+0j), F_dwave: (0.07850725199891558+0j)
F_px: -1.5050331008564246e-17j, F_py: 7.84100384506776e-18j
Free_energy = -17092.927942359624
------------------------------------------
[{'stable': {'F_dwave': np.complex128(0.07850725196317847j)}, 'free': np.float64(-17092.927941864655)}, {'stable': {'F_dwave': np.complex128(-0.07850725196317847j)}, 'free': np.float64(-17092.927941864655)}, {'stable': {'F_dwave': np.complex128(0.012613540920624035+0.07748733570542558j)}, 'free': np.float64(-17092.927941729875)}, {'stable': {'F_dwave': np.complex128(0.07850725199891558+0j)}, 'free': np.float64(-17092.927942359624)}]
------------------------------------------
  Seed: d-wave+px
F_onsite: (5.029344151106114e-18+0j)
F_swave: (4.163336342344337e-17+0j), F_dwave: (0.07850725199891558+0j)
F_px: -1.5050331008564246e-17j, F_py: 7.84100384506776e-18j
Free_energy = -17092.927942359624
------------------------------------------
[{'stable': {'F_dwave': np.complex128(0.07850725196317847j)}, 'free': np.float64(-17092.927941864655)}, {'stable': {'F_dwave': np.complex128(-0.07850725196317847j)}, 'free': np.float64(-17092.927941864655)}, {'stable': {'F_dwave': np.complex128(0.012613540920624035+0.07748733570542558j)}, 'free': np.float64(-17092.927941729875)}, {'stable': {'F_dwave': np.complex128(0.07850725199891558+0j)}, 'free': np.float64(-17092.927942359624)}]
------------------------------------------
  Seed: d-wave+py
F_onsite: (5.029344151106114e-18+0j)
F_swave: (4.163336342344337e-17+0j), F_dwave: (0.07850725199891558+0j)
F_px: -1.5050331008564246e-17j, F_py: 7.84100384506776e-18j
Free_energy = -17092.927942359624
------------------------------------------
[{'stable': {'F_dwave': np.complex128(0.07850725196317847j)}, 'free': np.float64(-17092.927941864655)}, {'stable': {'F_dwave': np.complex128(-0.07850725196317847j)}, 'free': np.float64(-17092.927941864655)}, {'stable': {'F_dwave': np.complex128(0.012613540920624035+0.07748733570542558j)}, 'free': np.float64(-17092.927941729875)}, {'stable': {'F_dwave': np.complex128(0.07850725199891558+0j)}, 'free': np.float64(-17092.927942359624)}]
------------------------------------------
  Seed: s-wave
F_onsite: (5.029344151106114e-18+0j)
F_swave: (4.163336342344337e-17+0j), F_dwave: (0.07850725199891558+0j)
F_px: -1.5050331008564246e-17j, F_py: 7.84100384506776e-18j
Free_energy = -17092.927942359624
------------------------------------------
[{'stable': {'F_dwave': np.complex128(0.07850725196317847j)}, 'free': np.float64(-17092.927941864655)}, {'stable': {'F_dwave': np.complex128(-0.07850725196317847j)}, 'free': np.float64(-17092.927941864655)}, {'stable': {'F_dwave': np.complex128(0.012613540920624035+0.07748733570542558j)}, 'free': np.float64(-17092.927941729875)}, {'stable': {'F_dwave': np.complex128(0.07850725199891558+0j)}, 'free': np.float64(-17092.927942359624)}]
------------------------------------------
  Seed: s-wave+px
F_onsite: (5.029344151106114e-18+0j)
F_swave: (4.163336342344337e-17+0j), F_dwave: (0.07850725199891558+0j)
F_px: -1.5050331008564246e-17j, F_py: 7.84100384506776e-18j
Free_energy = -17092.927942359624
------------------------------------------
[{'stable': {'F_dwave': np.complex128(0.07850725196317847j)}, 'free': np.float64(-17092.927941864655)}, {'stable': {'F_dwave': np.complex128(-0.07850725196317847j)}, 'free': np.float64(-17092.927941864655)}, {'stable': {'F_dwave': np.complex128(0.012613540920624035+0.07748733570542558j)}, 'free': np.float64(-17092.927941729875)}, {'stable': {'F_dwave': np.complex128(0.07850725199891558+0j)}, 'free': np.float64(-17092.927942359624)}]
------------------------------------------
  Seed: s-wave+py
F_onsite: (6.298791917047431e-17+0j)
F_swave: (-1.0408340855860843e-16+0j), F_dwave: (-0.07850725209792422+0j)
F_px: 1.5837472812589e-17j, F_py: -8.237943377362145e-18j
Free_energy = -17092.92794373068
------------------------------------------
[{'stable': {'F_dwave': np.complex128(0.07850725196317847j)}, 'free': np.float64(-17092.927941864655)}, {'stable': {'F_dwave': np.complex128(-0.07850725196317847j)}, 'free': np.float64(-17092.927941864655)}, {'stable': {'F_dwave': np.complex128(0.012613540920624035+0.07748733570542558j)}, 'free': np.float64(-17092.927941729875)}, {'stable': {'F_dwave': np.complex128(0.07850725199891558+0j)}, 'free': np.float64(-17092.927942359624)}, {'stable': {'F_dwave': np.complex128(-0.07850725209792422+0j)}, 'free': np.float64(-17092.92794373068)}]
------------------------------------------
====================================
mu=0.31, T=0.1866
====================================
  Seed: normal state
F_onsite: 0j
F_swave: 0j, F_dwave: 0j
F_px: 0j, F_py: 0j
Free_energy = -16711.84380891718
------------------------------------------
[{'stable': {}, 'free': np.float64(-16711.84380891718)}]
------------------------------------------
  Seed: px
F_onsite: -1.658729727193479e-17j
F_swave: -8.326672684688674e-17j, F_dwave: 0.07434631174645294j
F_px: (1.1997312555273064e-17+0j), F_py: (-8.211266708744803e-18+0j)
Free_energy = -17071.549010974653
------------------------------------------
[{'stable': {'F_dwave': np.complex128(0.07434631174645294j)}, 'free': np.float64(-17071.549010974653)}]
------------------------------------------
  Seed: py
F_onsite: 1.658729727193479e-17j
F_swave: 8.326672684688674e-17j, F_dwave: -0.07434631174645294j
F_px: (-1.1997312555273064e-17+0j), F_py: (8.211266708744803e-18+0j)
Free_energy = -17071.549010974653
------------------------------------------
[{'stable': {'F_dwave': np.complex128(0.07434631174645294j)}, 'free': np.float64(-17071.549010974653)}, {'stable': {'F_dwave': np.complex128(-0.07434631174645294j)}, 'free': np.float64(-17071.549010974653)}]
------------------------------------------
  Seed: px+py
F_onsite: -1.658729727193479e-17j
F_swave: -8.326672684688674e-17j, F_dwave: 0.07434631174645294j
F_px: (1.1997312555273064e-17+0j), F_py: (-8.211266708744803e-18+0j)
Free_energy = -17071.549010974653
------------------------------------------
[{'stable': {'F_dwave': np.complex128(0.07434631174645294j)}, 'free': np.float64(-17071.549010974653)}, {'stable': {'F_dwave': np.complex128(-0.07434631174645294j)}, 'free': np.float64(-17071.549010974653)}]
------------------------------------------
  Seed: px+i*py
F_onsite: (6.185079301645466e-18+6.211611147329229e-17j)
F_swave: (3.165870343657673e-17+6.591949208711867e-17j), F_dwave: (0.011945015819512694+0.07338046125491748j)
F_px: (-2.42861286636753e-17+1.3877787807814457e-17j), F_py: (-6.071532165918825e-18+3.469446951953614e-17j)
Free_energy = -17071.549130129086
------------------------------------------
[{'stable': {'F_dwave': np.complex128(0.07434631174645294j)}, 'free': np.float64(-17071.549010974653)}, {'stable': {'F_dwave': np.complex128(-0.07434631174645294j)}, 'free': np.float64(-17071.549010974653)}, {'stable': {'F_dwave': np.complex128(0.011945015819512694+0.07338046125491748j)}, 'free': np.float64(-17071.549130129086)}]
------------------------------------------
  Seed: d-wave
F_onsite: (-2.0155923969107233e-17+0j)
F_swave: (-9.020562075079397e-17+0j), F_dwave: (0.07434631174645295+0j)
F_px: -1.9816561021856996e-17j, F_py: 8.677318785409186e-18j
Free_energy = -17071.549010974653
------------------------------------------
[{'stable': {'F_dwave': np.complex128(0.07434631174645294j)}, 'free': np.float64(-17071.549010974653)}, {'stable': {'F_dwave': np.complex128(-0.07434631174645294j)}, 'free': np.float64(-17071.549010974653)}, {'stable': {'F_dwave': np.complex128(0.011945015819512694+0.07338046125491748j)}, 'free': np.float64(-17071.549130129086)}, {'stable': {'F_dwave': np.complex128(0.07434631174645295+0j)}, 'free': np.float64(-17071.549010974653)}]
------------------------------------------
  Seed: d-wave+px
F_onsite: (-2.0155923969107233e-17+0j)
F_swave: (-9.020562075079397e-17+0j), F_dwave: (0.07434631174645295+0j)
F_px: -1.9816561021856996e-17j, F_py: 8.677318785409186e-18j
Free_energy = -17071.549010974653
------------------------------------------
[{'stable': {'F_dwave': np.complex128(0.07434631174645294j)}, 'free': np.float64(-17071.549010974653)}, {'stable': {'F_dwave': np.complex128(-0.07434631174645294j)}, 'free': np.float64(-17071.549010974653)}, {'stable': {'F_dwave': np.complex128(0.011945015819512694+0.07338046125491748j)}, 'free': np.float64(-17071.549130129086)}, {'stable': {'F_dwave': np.complex128(0.07434631174645295+0j)}, 'free': np.float64(-17071.549010974653)}]
------------------------------------------
  Seed: d-wave+py
F_onsite: (-2.0155923969107233e-17+0j)
F_swave: (-9.020562075079397e-17+0j), F_dwave: (0.07434631174645295+0j)
F_px: -1.9816561021856996e-17j, F_py: 8.677318785409186e-18j
Free_energy = -17071.549010974653
------------------------------------------
[{'stable': {'F_dwave': np.complex128(0.07434631174645294j)}, 'free': np.float64(-17071.549010974653)}, {'stable': {'F_dwave': np.complex128(-0.07434631174645294j)}, 'free': np.float64(-17071.549010974653)}, {'stable': {'F_dwave': np.complex128(0.011945015819512694+0.07338046125491748j)}, 'free': np.float64(-17071.549130129086)}, {'stable': {'F_dwave': np.complex128(0.07434631174645295+0j)}, 'free': np.float64(-17071.549010974653)}]
------------------------------------------
  Seed: s-wave
F_onsite: (-2.0155923969107233e-17+0j)
F_swave: (-9.020562075079397e-17+0j), F_dwave: (0.07434631174645295+0j)
F_px: -1.9816561021856996e-17j, F_py: 8.677318785409186e-18j
Free_energy = -17071.549010974653
------------------------------------------
[{'stable': {'F_dwave': np.complex128(0.07434631174645294j)}, 'free': np.float64(-17071.549010974653)}, {'stable': {'F_dwave': np.complex128(-0.07434631174645294j)}, 'free': np.float64(-17071.549010974653)}, {'stable': {'F_dwave': np.complex128(0.011945015819512694+0.07338046125491748j)}, 'free': np.float64(-17071.549130129086)}, {'stable': {'F_dwave': np.complex128(0.07434631174645295+0j)}, 'free': np.float64(-17071.549010974653)}]
------------------------------------------
  Seed: s-wave+px
F_onsite: (-2.0155923969107233e-17+0j)
F_swave: (-9.020562075079397e-17+0j), F_dwave: (0.07434631174645295+0j)
F_px: -1.9816561021856996e-17j, F_py: 8.677318785409186e-18j
Free_energy = -17071.549010974653
------------------------------------------
[{'stable': {'F_dwave': np.complex128(0.07434631174645294j)}, 'free': np.float64(-17071.549010974653)}, {'stable': {'F_dwave': np.complex128(-0.07434631174645294j)}, 'free': np.float64(-17071.549010974653)}, {'stable': {'F_dwave': np.complex128(0.011945015819512694+0.07338046125491748j)}, 'free': np.float64(-17071.549130129086)}, {'stable': {'F_dwave': np.complex128(0.07434631174645295+0j)}, 'free': np.float64(-17071.549010974653)}]
------------------------------------------
  Seed: s-wave+py
F_onsite: (1.1866436330058147e-17+0j)
F_swave: (6.938893903907228e-18+0j), F_dwave: (-0.07434631863728869+0j)
F_px: 2.5231657220400867e-17j, F_py: -9.480150004774386e-18j
Free_energy = -17071.549096553445
------------------------------------------
[{'stable': {'F_dwave': np.complex128(0.07434631174645294j)}, 'free': np.float64(-17071.549010974653)}, {'stable': {'F_dwave': np.complex128(-0.07434631174645294j)}, 'free': np.float64(-17071.549010974653)}, {'stable': {'F_dwave': np.complex128(0.011945015819512694+0.07338046125491748j)}, 'free': np.float64(-17071.549130129086)}, {'stable': {'F_dwave': np.complex128(0.07434631174645295+0j)}, 'free': np.float64(-17071.549010974653)}, {'stable': {'F_dwave': np.complex128(-0.07434631863728869+0j)}, 'free': np.float64(-17071.549096553445)}]
------------------------------------------
====================================
mu=0.31, T=0.1969
====================================
  Seed: normal state
F_onsite: 0j
F_swave: 0j, F_dwave: 0j
F_px: 0j, F_py: 0j
Free_energy = -16738.566030544018
------------------------------------------
[{'stable': {}, 'free': np.float64(-16738.566030544018)}]
------------------------------------------
  Seed: px
F_onsite: -4.8571797373179845e-17j
F_swave: 6.938893903907228e-17j, F_dwave: 0.06945569168206012j
F_px: (2.0211891637689933e-17+0j), F_py: (-1.020679361441468e-17+0j)
Free_energy = -17048.349333066653
------------------------------------------
[{'stable': {'F_dwave': np.complex128(0.06945569168206012j)}, 'free': np.float64(-17048.349333066653)}]
------------------------------------------
  Seed: py
F_onsite: 4.8571797373179845e-17j
F_swave: -6.938893903907228e-17j, F_dwave: -0.06945569168206012j
F_px: (-2.0211891637689933e-17+0j), F_py: (1.020679361441468e-17+0j)
Free_energy = -17048.349333066653
------------------------------------------
[{'stable': {'F_dwave': np.complex128(0.06945569168206012j)}, 'free': np.float64(-17048.349333066653)}, {'stable': {'F_dwave': np.complex128(-0.06945569168206012j)}, 'free': np.float64(-17048.349333066653)}]
------------------------------------------
  Seed: px+py
F_onsite: -4.8571797373179845e-17j
F_swave: 6.938893903907228e-17j, F_dwave: 0.06945569168206012j
F_px: (2.0211891637689933e-17+0j), F_py: (-1.020679361441468e-17+0j)
Free_energy = -17048.349333066653
------------------------------------------
[{'stable': {'F_dwave': np.complex128(0.06945569168206012j)}, 'free': np.float64(-17048.349333066653)}, {'stable': {'F_dwave': np.complex128(-0.06945569168206012j)}, 'free': np.float64(-17048.349333066653)}]
------------------------------------------
  Seed: px+i*py
F_onsite: (1.2103966399414412e-17-1.506912575149334e-16j)
F_swave: (-2.168404344971009e-17+4.85722573273506e-17j), F_dwave: (0.011159249180984947+0.06855335016146644j)
F_px: (3.469446951953614e-18-2.220446049250313e-16j), F_py: (1.734723475976807e-17-1.249000902703301e-16j)
Free_energy = -17048.34913956989
------------------------------------------
[{'stable': {'F_dwave': np.complex128(0.06945569168206012j)}, 'free': np.float64(-17048.349333066653)}, {'stable': {'F_dwave': np.complex128(-0.06945569168206012j)}, 'free': np.float64(-17048.349333066653)}, {'stable': {'F_dwave': np.complex128(0.011159249180984947+0.06855335016146644j)}, 'free': np.float64(-17048.34913956989)}]
------------------------------------------
  Seed: d-wave
F_onsite: (-4.863842101865816e-17+0j)
F_swave: (6.245004513516506e-17+0j), F_dwave: (0.06945569168206012+0j)
F_px: -1.8736414745481593e-17j, F_py: 1.0194010043649753e-17j
Free_energy = -17048.349333066653
------------------------------------------
[{'stable': {'F_dwave': np.complex128(0.06945569168206012j)}, 'free': np.float64(-17048.349333066653)}, {'stable': {'F_dwave': np.complex128(-0.06945569168206012j)}, 'free': np.float64(-17048.349333066653)}, {'stable': {'F_dwave': np.complex128(0.011159249180984947+0.06855335016146644j)}, 'free': np.float64(-17048.34913956989)}, {'stable': {'F_dwave': np.complex128(0.06945569168206012+0j)}, 'free': np.float64(-17048.349333066653)}]
------------------------------------------
  Seed: d-wave+px
F_onsite: (-4.863842101865816e-17+0j)
F_swave: (6.245004513516506e-17+0j), F_dwave: (0.06945569168206012+0j)
F_px: -1.8736414745481593e-17j, F_py: 1.0194010043649753e-17j
Free_energy = -17048.349333066653
------------------------------------------
[{'stable': {'F_dwave': np.complex128(0.06945569168206012j)}, 'free': np.float64(-17048.349333066653)}, {'stable': {'F_dwave': np.complex128(-0.06945569168206012j)}, 'free': np.float64(-17048.349333066653)}, {'stable': {'F_dwave': np.complex128(0.011159249180984947+0.06855335016146644j)}, 'free': np.float64(-17048.34913956989)}, {'stable': {'F_dwave': np.complex128(0.06945569168206012+0j)}, 'free': np.float64(-17048.349333066653)}]
------------------------------------------
  Seed: d-wave+py
F_onsite: (-4.863842101865816e-17+0j)
F_swave: (6.245004513516506e-17+0j), F_dwave: (0.06945569168206012+0j)
F_px: -1.8736414745481593e-17j, F_py: 1.0194010043649753e-17j
Free_energy = -17048.349333066653
------------------------------------------
[{'stable': {'F_dwave': np.complex128(0.06945569168206012j)}, 'free': np.float64(-17048.349333066653)}, {'stable': {'F_dwave': np.complex128(-0.06945569168206012j)}, 'free': np.float64(-17048.349333066653)}, {'stable': {'F_dwave': np.complex128(0.011159249180984947+0.06855335016146644j)}, 'free': np.float64(-17048.34913956989)}, {'stable': {'F_dwave': np.complex128(0.06945569168206012+0j)}, 'free': np.float64(-17048.349333066653)}]
------------------------------------------
  Seed: s-wave
F_onsite: (-4.863842101865816e-17+0j)
F_swave: (6.245004513516506e-17+0j), F_dwave: (0.06945569168206012+0j)
F_px: -1.8736414745481593e-17j, F_py: 1.0194010043649753e-17j
Free_energy = -17048.349333066653
------------------------------------------
[{'stable': {'F_dwave': np.complex128(0.06945569168206012j)}, 'free': np.float64(-17048.349333066653)}, {'stable': {'F_dwave': np.complex128(-0.06945569168206012j)}, 'free': np.float64(-17048.349333066653)}, {'stable': {'F_dwave': np.complex128(0.011159249180984947+0.06855335016146644j)}, 'free': np.float64(-17048.34913956989)}, {'stable': {'F_dwave': np.complex128(0.06945569168206012+0j)}, 'free': np.float64(-17048.349333066653)}]
------------------------------------------
  Seed: s-wave+px
F_onsite: (-4.863842101865816e-17+0j)
F_swave: (6.245004513516506e-17+0j), F_dwave: (0.06945569168206012+0j)
F_px: -1.8736414745481593e-17j, F_py: 1.0194010043649753e-17j
Free_energy = -17048.349333066653
------------------------------------------
[{'stable': {'F_dwave': np.complex128(0.06945569168206012j)}, 'free': np.float64(-17048.349333066653)}, {'stable': {'F_dwave': np.complex128(-0.06945569168206012j)}, 'free': np.float64(-17048.349333066653)}, {'stable': {'F_dwave': np.complex128(0.011159249180984947+0.06855335016146644j)}, 'free': np.float64(-17048.34913956989)}, {'stable': {'F_dwave': np.complex128(0.06945569168206012+0j)}, 'free': np.float64(-17048.349333066653)}]
------------------------------------------
  Seed: s-wave+py
F_onsite: (-3.401227381602896e-17+0j)
F_swave: (-6.245004513516506e-17+0j), F_dwave: (-0.06945567518132714+0j)
F_px: -1.093334846154034e-17j, F_py: -9.644541303383466e-18j
Free_energy = -17048.34915177029
------------------------------------------
[{'stable': {'F_dwave': np.complex128(0.06945569168206012j)}, 'free': np.float64(-17048.349333066653)}, {'stable': {'F_dwave': np.complex128(-0.06945569168206012j)}, 'free': np.float64(-17048.349333066653)}, {'stable': {'F_dwave': np.complex128(0.011159249180984947+0.06855335016146644j)}, 'free': np.float64(-17048.34913956989)}, {'stable': {'F_dwave': np.complex128(0.06945569168206012+0j)}, 'free': np.float64(-17048.349333066653)}, {'stable': {'F_dwave': np.complex128(-0.06945567518132714+0j)}, 'free': np.float64(-17048.34915177029)}]
------------------------------------------
====================================
mu=0.31, T=0.2072
====================================
  Seed: normal state
F_onsite: 0j
F_swave: 0j, F_dwave: 0j
F_px: 0j, F_py: 0j
Free_energy = -16766.562148521174
------------------------------------------
[{'stable': {}, 'free': np.float64(-16766.562148521174)}]
------------------------------------------
  Seed: px
F_onsite: 1.7717451023444754e-17j
F_swave: -3.469446951953614e-17j, F_dwave: 0.06366050794836216j
F_px: (3.1784155095842594e-17+0j), F_py: (-8.831802023554695e-18+0j)
Free_energy = -17023.389903867002
------------------------------------------
[{'stable': {'F_dwave': np.complex128(0.06366050794836216j)}, 'free': np.float64(-17023.389903867002)}]
------------------------------------------
  Seed: py
F_onsite: -1.7717451023444754e-17j
F_swave: 3.469446951953614e-17j, F_dwave: -0.06366050794836216j
F_px: (-3.1784155095842594e-17+0j), F_py: (8.831802023554695e-18+0j)
Free_energy = -17023.389903867002
------------------------------------------
[{'stable': {'F_dwave': np.complex128(0.06366050794836216j)}, 'free': np.float64(-17023.389903867002)}, {'stable': {'F_dwave': np.complex128(-0.06366050794836216j)}, 'free': np.float64(-17023.389903867002)}]
------------------------------------------
  Seed: px+py
F_onsite: 1.7717451023444754e-17j
F_swave: -3.469446951953614e-17j, F_dwave: 0.06366050794836216j
F_px: (3.1784155095842594e-17+0j), F_py: (-8.831802023554695e-18+0j)
Free_energy = -17023.389903867002
------------------------------------------
[{'stable': {'F_dwave': np.complex128(0.06366050794836216j)}, 'free': np.float64(-17023.389903867002)}, {'stable': {'F_dwave': np.complex128(-0.06366050794836216j)}, 'free': np.float64(-17023.389903867002)}]
------------------------------------------
  Seed: px+i*py
F_onsite: (-2.1075066051713343e-17-1.9701609158775702e-17j)
F_swave: (-2.7755575615628914e-17-8.673617379884035e-17j), F_dwave: (0.010228151990422044+0.06283344636652746j)
F_px: (-3.469446951953614e-17-1.0408340855860843e-16j), F_py: (1.0408340855860843e-17-7.632783294297951e-17j)
Free_energy = -17023.389664340415
------------------------------------------
[{'stable': {'F_dwave': np.complex128(0.06366050794836216j)}, 'free': np.float64(-17023.389903867002)}, {'stable': {'F_dwave': np.complex128(-0.06366050794836216j)}, 'free': np.float64(-17023.389903867002)}, {'stable': {'F_dwave': np.complex128(0.010228151990422044+0.06283344636652746j)}, 'free': np.float64(-17023.389664340415)}]
------------------------------------------
  Seed: d-wave
F_onsite: (1.1428541748247404e-16+0j)
F_swave: (-4.85722573273506e-17+0j), F_dwave: (0.06366049893824932+0j)
F_px: -3.243214564024979e-17j, F_py: 1.1740662470526528e-17j
Free_energy = -17023.389817912714
------------------------------------------
[{'stable': {'F_dwave': np.complex128(0.06366050794836216j)}, 'free': np.float64(-17023.389903867002)}, {'stable': {'F_dwave': np.complex128(-0.06366050794836216j)}, 'free': np.float64(-17023.389903867002)}, {'stable': {'F_dwave': np.complex128(0.010228151990422044+0.06283344636652746j)}, 'free': np.float64(-17023.389664340415)}, {'stable': {'F_dwave': np.complex128(0.06366049893824932+0j)}, 'free': np.float64(-17023.389817912714)}]
------------------------------------------
  Seed: d-wave+px
F_onsite: (1.1428541748247404e-16+0j)
F_swave: (-4.85722573273506e-17+0j), F_dwave: (0.06366049893824932+0j)
F_px: -3.243214564024979e-17j, F_py: 1.1740662470526528e-17j
Free_energy = -17023.389817912714
------------------------------------------
[{'stable': {'F_dwave': np.complex128(0.06366050794836216j)}, 'free': np.float64(-17023.389903867002)}, {'stable': {'F_dwave': np.complex128(-0.06366050794836216j)}, 'free': np.float64(-17023.389903867002)}, {'stable': {'F_dwave': np.complex128(0.010228151990422044+0.06283344636652746j)}, 'free': np.float64(-17023.389664340415)}, {'stable': {'F_dwave': np.complex128(0.06366049893824932+0j)}, 'free': np.float64(-17023.389817912714)}]
------------------------------------------
  Seed: d-wave+py
F_onsite: (1.1428541748247404e-16+0j)
F_swave: (-4.85722573273506e-17+0j), F_dwave: (0.06366049893824932+0j)
F_px: -3.243214564024979e-17j, F_py: 1.1740662470526528e-17j
Free_energy = -17023.389817912714
------------------------------------------
[{'stable': {'F_dwave': np.complex128(0.06366050794836216j)}, 'free': np.float64(-17023.389903867002)}, {'stable': {'F_dwave': np.complex128(-0.06366050794836216j)}, 'free': np.float64(-17023.389903867002)}, {'stable': {'F_dwave': np.complex128(0.010228151990422044+0.06283344636652746j)}, 'free': np.float64(-17023.389664340415)}, {'stable': {'F_dwave': np.complex128(0.06366049893824932+0j)}, 'free': np.float64(-17023.389817912714)}]
------------------------------------------
  Seed: s-wave
F_onsite: (1.1428541748247404e-16+0j)
F_swave: (-4.85722573273506e-17+0j), F_dwave: (0.06366049893824932+0j)
F_px: -3.243214564024979e-17j, F_py: 1.1740662470526528e-17j
Free_energy = -17023.389817912714
------------------------------------------
[{'stable': {'F_dwave': np.complex128(0.06366050794836216j)}, 'free': np.float64(-17023.389903867002)}, {'stable': {'F_dwave': np.complex128(-0.06366050794836216j)}, 'free': np.float64(-17023.389903867002)}, {'stable': {'F_dwave': np.complex128(0.010228151990422044+0.06283344636652746j)}, 'free': np.float64(-17023.389664340415)}, {'stable': {'F_dwave': np.complex128(0.06366049893824932+0j)}, 'free': np.float64(-17023.389817912714)}]
------------------------------------------
  Seed: s-wave+px
F_onsite: (1.1428541748247404e-16+0j)
F_swave: (-4.85722573273506e-17+0j), F_dwave: (0.06366049893824932+0j)
F_px: -3.243214564024979e-17j, F_py: 1.1740662470526528e-17j
Free_energy = -17023.389817912714
------------------------------------------
[{'stable': {'F_dwave': np.complex128(0.06366050794836216j)}, 'free': np.float64(-17023.389903867002)}, {'stable': {'F_dwave': np.complex128(-0.06366050794836216j)}, 'free': np.float64(-17023.389903867002)}, {'stable': {'F_dwave': np.complex128(0.010228151990422044+0.06283344636652746j)}, 'free': np.float64(-17023.389664340415)}, {'stable': {'F_dwave': np.complex128(0.06366049893824932+0j)}, 'free': np.float64(-17023.389817912714)}]
------------------------------------------
  Seed: s-wave+py
F_onsite: (1.0536513484392669e-16+0j)
F_swave: (-4.163336342344337e-17+0j), F_dwave: (-0.06366048288989815+0j)
F_px: -8.397277637130842e-18j, F_py: -1.1050438151993905e-17j
Free_energy = -17023.38966481545
------------------------------------------
[{'stable': {'F_dwave': np.complex128(0.06366050794836216j)}, 'free': np.float64(-17023.389903867002)}, {'stable': {'F_dwave': np.complex128(-0.06366050794836216j)}, 'free': np.float64(-17023.389903867002)}, {'stable': {'F_dwave': np.complex128(0.010228151990422044+0.06283344636652746j)}, 'free': np.float64(-17023.389664340415)}, {'stable': {'F_dwave': np.complex128(0.06366049893824932+0j)}, 'free': np.float64(-17023.389817912714)}, {'stable': {'F_dwave': np.complex128(-0.06366048288989815+0j)}, 'free': np.float64(-17023.38966481545)}]
------------------------------------------
====================================
mu=0.31, T=0.2175
====================================
  Seed: normal state
F_onsite: 0j
F_swave: 0j, F_dwave: 0j
F_px: 0j, F_py: 0j
Free_energy = -16795.810218966286
------------------------------------------
[{'stable': {}, 'free': np.float64(-16795.810218966286)}]
------------------------------------------
  Seed: px
F_onsite: 6.366145114224896e-17j
F_swave: 7.979727989493313e-17j, F_dwave: 0.05667770722573986j
F_px: (1.816162953819529e-17+0j), F_py: (-8.974247694915155e-18+0j)
Free_energy = -16996.736205594327
------------------------------------------
[{'stable': {'F_dwave': np.complex128(0.05667770722573986j)}, 'free': np.float64(-16996.736205594327)}]
------------------------------------------
  Seed: py
F_onsite: -6.366145114224896e-17j
F_swave: -7.979727989493313e-17j, F_dwave: -0.05667770722573986j
F_px: (-1.816162953819529e-17+0j), F_py: (8.974247694915155e-18+0j)
Free_energy = -16996.736205594327
------------------------------------------
[{'stable': {'F_dwave': np.complex128(0.05667770722573986j)}, 'free': np.float64(-16996.736205594327)}, {'stable': {'F_dwave': np.complex128(-0.05667770722573986j)}, 'free': np.float64(-16996.736205594327)}]
------------------------------------------
  Seed: px+py
F_onsite: 6.366145114224896e-17j
F_swave: 7.979727989493313e-17j, F_dwave: 0.05667770722573986j
F_px: (1.816162953819529e-17+0j), F_py: (-8.974247694915155e-18+0j)
Free_energy = -16996.736205594327
------------------------------------------
[{'stable': {'F_dwave': np.complex128(0.05667770722573986j)}, 'free': np.float64(-16996.736205594327)}, {'stable': {'F_dwave': np.complex128(-0.05667770722573986j)}, 'free': np.float64(-16996.736205594327)}]
------------------------------------------
  Seed: px+i*py
F_onsite: (-2.395123962959953e-17+4.6361488100127074e-17j)
F_swave: (-1.3444106938820255e-17-4.683753385137379e-17j), F_dwave: (0.009106246887738607+0.05594137396050585j)
F_px: (2.168404344971009e-17+2.463307335887066e-16j), F_py: (6.071532165918825e-18-3.469446951953614e-18j)
Free_energy = -16996.736103087893
------------------------------------------
[{'stable': {'F_dwave': np.complex128(0.05667770722573986j)}, 'free': np.float64(-16996.736205594327)}, {'stable': {'F_dwave': np.complex128(-0.05667770722573986j)}, 'free': np.float64(-16996.736205594327)}, {'stable': {'F_dwave': np.complex128(0.009106246887738607+0.05594137396050585j)}, 'free': np.float64(-16996.736103087893)}]
------------------------------------------
  Seed: d-wave
F_onsite: (1.3739389076241882e-16+0j)
F_swave: (2.0816681711721685e-17+0j), F_dwave: (0.056677693866915596+0j)
F_px: -1.6052820557829006e-17j, F_py: 1.0974492838799033e-17j
Free_energy = -16996.736098052792
------------------------------------------
[{'stable': {'F_dwave': np.complex128(0.05667770722573986j)}, 'free': np.float64(-16996.736205594327)}, {'stable': {'F_dwave': np.complex128(-0.05667770722573986j)}, 'free': np.float64(-16996.736205594327)}, {'stable': {'F_dwave': np.complex128(0.009106246887738607+0.05594137396050585j)}, 'free': np.float64(-16996.736103087893)}, {'stable': {'F_dwave': np.complex128(0.056677693866915596+0j)}, 'free': np.float64(-16996.736098052792)}]
------------------------------------------
  Seed: d-wave+px
F_onsite: (1.3739389076241882e-16+0j)
F_swave: (2.0816681711721685e-17+0j), F_dwave: (0.056677693866915596+0j)
F_px: -1.6052820557829006e-17j, F_py: 1.0974492838799033e-17j
Free_energy = -16996.736098052792
------------------------------------------
[{'stable': {'F_dwave': np.complex128(0.05667770722573986j)}, 'free': np.float64(-16996.736205594327)}, {'stable': {'F_dwave': np.complex128(-0.05667770722573986j)}, 'free': np.float64(-16996.736205594327)}, {'stable': {'F_dwave': np.complex128(0.009106246887738607+0.05594137396050585j)}, 'free': np.float64(-16996.736103087893)}, {'stable': {'F_dwave': np.complex128(0.056677693866915596+0j)}, 'free': np.float64(-16996.736098052792)}]
------------------------------------------
  Seed: d-wave+py
F_onsite: (1.3739389076241882e-16+0j)
F_swave: (2.0816681711721685e-17+0j), F_dwave: (0.056677693866915596+0j)
F_px: -1.6052820557829006e-17j, F_py: 1.0974492838799033e-17j
Free_energy = -16996.736098052792
------------------------------------------
[{'stable': {'F_dwave': np.complex128(0.05667770722573986j)}, 'free': np.float64(-16996.736205594327)}, {'stable': {'F_dwave': np.complex128(-0.05667770722573986j)}, 'free': np.float64(-16996.736205594327)}, {'stable': {'F_dwave': np.complex128(0.009106246887738607+0.05594137396050585j)}, 'free': np.float64(-16996.736103087893)}, {'stable': {'F_dwave': np.complex128(0.056677693866915596+0j)}, 'free': np.float64(-16996.736098052792)}]
------------------------------------------
  Seed: s-wave
F_onsite: (1.3739389076241882e-16+0j)
F_swave: (2.0816681711721685e-17+0j), F_dwave: (0.056677693866915596+0j)
F_px: -1.6052820557829006e-17j, F_py: 1.0974492838799033e-17j
Free_energy = -16996.736098052792
------------------------------------------
[{'stable': {'F_dwave': np.complex128(0.05667770722573986j)}, 'free': np.float64(-16996.736205594327)}, {'stable': {'F_dwave': np.complex128(-0.05667770722573986j)}, 'free': np.float64(-16996.736205594327)}, {'stable': {'F_dwave': np.complex128(0.009106246887738607+0.05594137396050585j)}, 'free': np.float64(-16996.736103087893)}, {'stable': {'F_dwave': np.complex128(0.056677693866915596+0j)}, 'free': np.float64(-16996.736098052792)}]
------------------------------------------
  Seed: s-wave+px
F_onsite: (1.3739389076241882e-16+0j)
F_swave: (2.0816681711721685e-17+0j), F_dwave: (0.056677693866915596+0j)
F_px: -1.6052820557829006e-17j, F_py: 1.0974492838799033e-17j
Free_energy = -16996.736098052792
------------------------------------------
[{'stable': {'F_dwave': np.complex128(0.05667770722573986j)}, 'free': np.float64(-16996.736205594327)}, {'stable': {'F_dwave': np.complex128(-0.05667770722573986j)}, 'free': np.float64(-16996.736205594327)}, {'stable': {'F_dwave': np.complex128(0.009106246887738607+0.05594137396050585j)}, 'free': np.float64(-16996.736103087893)}, {'stable': {'F_dwave': np.complex128(0.056677693866915596+0j)}, 'free': np.float64(-16996.736098052792)}]
------------------------------------------
  Seed: s-wave+py
F_onsite: (-8.236734825610886e-17+0j)
F_swave: (4.5102810375396984e-17+0j), F_dwave: (-0.05667770722569968+0j)
F_px: 5.397251133307702e-18j, F_py: -1.183471766246233e-17j
Free_energy = -16996.73620559395
------------------------------------------
[{'stable': {'F_dwave': np.complex128(0.05667770722573986j)}, 'free': np.float64(-16996.736205594327)}, {'stable': {'F_dwave': np.complex128(-0.05667770722573986j)}, 'free': np.float64(-16996.736205594327)}, {'stable': {'F_dwave': np.complex128(0.009106246887738607+0.05594137396050585j)}, 'free': np.float64(-16996.736103087893)}, {'stable': {'F_dwave': np.complex128(0.056677693866915596+0j)}, 'free': np.float64(-16996.736098052792)}, {'stable': {'F_dwave': np.complex128(-0.05667770722569968+0j)}, 'free': np.float64(-16996.73620559395)}]
------------------------------------------
====================================
mu=0.31, T=0.2278
====================================
  Seed: normal state
F_onsite: 0j
F_swave: 0j, F_dwave: 0j
F_px: 0j, F_py: 0j
Free_energy = -16826.289318391464
------------------------------------------
[{'stable': {}, 'free': np.float64(-16826.289318391464)}]
------------------------------------------
  Seed: px
F_onsite: 3.944469315346481e-17j
F_swave: 4.5102810375396984e-17j, F_dwave: 0.04798579254358731j
F_px: (3.0490390747672266e-17+0j), F_py: (-1.2993390491905677e-17+0j)
Free_energy = -16968.45708388726
------------------------------------------
[{'stable': {'F_dwave': np.complex128(0.04798579254358731j)}, 'free': np.float64(-16968.45708388726)}]
------------------------------------------
  Seed: py
F_onsite: -3.944469315346481e-17j
F_swave: -4.5102810375396984e-17j, F_dwave: -0.04798579254358731j
F_px: (-3.0490390747672266e-17+0j), F_py: (1.2993390491905677e-17+0j)
Free_energy = -16968.45708388726
------------------------------------------
[{'stable': {'F_dwave': np.complex128(0.04798579254358731j)}, 'free': np.float64(-16968.45708388726)}, {'stable': {'F_dwave': np.complex128(-0.04798579254358731j)}, 'free': np.float64(-16968.45708388726)}]
------------------------------------------
  Seed: px+py
F_onsite: 3.944469315346481e-17j
F_swave: 4.5102810375396984e-17j, F_dwave: 0.04798579254358731j
F_px: (3.0490390747672266e-17+0j), F_py: (-1.2993390491905677e-17+0j)
Free_energy = -16968.45708388726
------------------------------------------
[{'stable': {'F_dwave': np.complex128(0.04798579254358731j)}, 'free': np.float64(-16968.45708388726)}, {'stable': {'F_dwave': np.complex128(-0.04798579254358731j)}, 'free': np.float64(-16968.45708388726)}]
------------------------------------------
  Seed: px+i*py
F_onsite: (-8.95359857848884e-18+2.5545420156419903e-17j)
F_swave: (7.37257477290143e-18+3.9898639947466563e-17j), F_dwave: (0.007709734637592818+0.04736233860280909j)
F_px: (1.951563910473908e-17+2.740863092043355e-16j), F_py: (-2.6020852139652106e-18+3.469446951953614e-18j)
Free_energy = -16968.45673631421
------------------------------------------
[{'stable': {'F_dwave': np.complex128(0.04798579254358731j)}, 'free': np.float64(-16968.45708388726)}, {'stable': {'F_dwave': np.complex128(-0.04798579254358731j)}, 'free': np.float64(-16968.45708388726)}, {'stable': {'F_dwave': np.complex128(0.007709734637592818+0.04736233860280909j)}, 'free': np.float64(-16968.45673631421)}]
------------------------------------------
  Seed: d-wave
F_onsite: (5.723159426113952e-17+0j)
F_swave: (-1.0061396160665481e-16+0j), F_dwave: (0.04798577936155868+0j)
F_px: 4.939693489137004e-18j, F_py: 1.1821334914126987e-17j
Free_energy = -16968.456998670095
------------------------------------------
[{'stable': {'F_dwave': np.complex128(0.04798579254358731j)}, 'free': np.float64(-16968.45708388726)}, {'stable': {'F_dwave': np.complex128(-0.04798579254358731j)}, 'free': np.float64(-16968.45708388726)}, {'stable': {'F_dwave': np.complex128(0.007709734637592818+0.04736233860280909j)}, 'free': np.float64(-16968.45673631421)}, {'stable': {'F_dwave': np.complex128(0.04798577936155868+0j)}, 'free': np.float64(-16968.456998670095)}]
------------------------------------------
  Seed: d-wave+px
F_onsite: (5.723159426113952e-17+0j)
F_swave: (-1.0061396160665481e-16+0j), F_dwave: (0.04798577936155868+0j)
F_px: 4.939693489137004e-18j, F_py: 1.1821334914126987e-17j
Free_energy = -16968.456998670095
------------------------------------------
[{'stable': {'F_dwave': np.complex128(0.04798579254358731j)}, 'free': np.float64(-16968.45708388726)}, {'stable': {'F_dwave': np.complex128(-0.04798579254358731j)}, 'free': np.float64(-16968.45708388726)}, {'stable': {'F_dwave': np.complex128(0.007709734637592818+0.04736233860280909j)}, 'free': np.float64(-16968.45673631421)}, {'stable': {'F_dwave': np.complex128(0.04798577936155868+0j)}, 'free': np.float64(-16968.456998670095)}]
------------------------------------------
  Seed: d-wave+py
F_onsite: (5.723159426113952e-17+0j)
F_swave: (-1.0061396160665481e-16+0j), F_dwave: (0.04798577936155868+0j)
F_px: 4.939693489137004e-18j, F_py: 1.1821334914126987e-17j
Free_energy = -16968.456998670095
------------------------------------------
[{'stable': {'F_dwave': np.complex128(0.04798579254358731j)}, 'free': np.float64(-16968.45708388726)}, {'stable': {'F_dwave': np.complex128(-0.04798579254358731j)}, 'free': np.float64(-16968.45708388726)}, {'stable': {'F_dwave': np.complex128(0.007709734637592818+0.04736233860280909j)}, 'free': np.float64(-16968.45673631421)}, {'stable': {'F_dwave': np.complex128(0.04798577936155868+0j)}, 'free': np.float64(-16968.456998670095)}]
------------------------------------------
  Seed: s-wave
F_onsite: (5.723159426113952e-17+0j)
F_swave: (-1.0061396160665481e-16+0j), F_dwave: (0.04798577936155868+0j)
F_px: 4.939693489137004e-18j, F_py: 1.1821334914126987e-17j
Free_energy = -16968.456998670095
------------------------------------------
[{'stable': {'F_dwave': np.complex128(0.04798579254358731j)}, 'free': np.float64(-16968.45708388726)}, {'stable': {'F_dwave': np.complex128(-0.04798579254358731j)}, 'free': np.float64(-16968.45708388726)}, {'stable': {'F_dwave': np.complex128(0.007709734637592818+0.04736233860280909j)}, 'free': np.float64(-16968.45673631421)}, {'stable': {'F_dwave': np.complex128(0.04798577936155868+0j)}, 'free': np.float64(-16968.456998670095)}]
------------------------------------------
  Seed: s-wave+px
F_onsite: (5.723159426113952e-17+0j)
F_swave: (-1.0061396160665481e-16+0j), F_dwave: (0.04798577936155868+0j)
F_px: 4.939693489137004e-18j, F_py: 1.1821334914126987e-17j
Free_energy = -16968.456998670095
------------------------------------------
[{'stable': {'F_dwave': np.complex128(0.04798579254358731j)}, 'free': np.float64(-16968.45708388726)}, {'stable': {'F_dwave': np.complex128(-0.04798579254358731j)}, 'free': np.float64(-16968.45708388726)}, {'stable': {'F_dwave': np.complex128(0.007709734637592818+0.04736233860280909j)}, 'free': np.float64(-16968.45673631421)}, {'stable': {'F_dwave': np.complex128(0.04798577936155868+0j)}, 'free': np.float64(-16968.456998670095)}]
------------------------------------------
  Seed: s-wave+py
F_onsite: (-3.4051420965698643e-17+0j)
F_swave: (-3.469446951953614e-17+0j), F_dwave: (-0.0479857925435873+0j)
F_px: 3.184894608527234e-17j, F_py: -1.1903709488632927e-17j
Free_energy = -16968.45708388726
------------------------------------------
[{'stable': {'F_dwave': np.complex128(0.04798579254358731j)}, 'free': np.float64(-16968.45708388726)}, {'stable': {'F_dwave': np.complex128(-0.04798579254358731j)}, 'free': np.float64(-16968.45708388726)}, {'stable': {'F_dwave': np.complex128(0.007709734637592818+0.04736233860280909j)}, 'free': np.float64(-16968.45673631421)}, {'stable': {'F_dwave': np.complex128(0.04798577936155868+0j)}, 'free': np.float64(-16968.456998670095)}, {'stable': {'F_dwave': np.complex128(-0.0479857925435873+0j)}, 'free': np.float64(-16968.45708388726)}]
------------------------------------------
====================================
mu=0.31, T=0.2381
====================================
  Seed: normal state
F_onsite: 0j
F_swave: 0j, F_dwave: 0j
F_px: 0j, F_py: 0j
Free_energy = -16857.97950816829
------------------------------------------
[{'stable': {}, 'free': np.float64(-16857.97950816829)}]
------------------------------------------
  Seed: px
F_onsite: 1.7405964583259336e-18j
F_swave: 1.0408340855860843e-16j, F_dwave: 0.03637331731325867j
F_px: (3.891121170279517e-17+0j), F_py: (-1.1636873017142203e-17+0j)
Free_energy = -16938.621793240967
------------------------------------------
[{'stable': {'F_dwave': np.complex128(0.03637331731325867j)}, 'free': np.float64(-16938.621793240967)}]
------------------------------------------
  Seed: py
F_onsite: -1.7405964583259336e-18j
F_swave: -1.0408340855860843e-16j, F_dwave: -0.03637331731325867j
F_px: (-3.891121170279517e-17+0j), F_py: (1.1636873017142203e-17+0j)
Free_energy = -16938.621793240967
------------------------------------------
[{'stable': {'F_dwave': np.complex128(0.03637331731325867j)}, 'free': np.float64(-16938.621793240967)}, {'stable': {'F_dwave': np.complex128(-0.03637331731325867j)}, 'free': np.float64(-16938.621793240967)}]
------------------------------------------
  Seed: px+py
F_onsite: 1.7405964583259336e-18j
F_swave: 1.0408340855860843e-16j, F_dwave: 0.03637331731325867j
F_px: (3.891121170279517e-17+0j), F_py: (-1.1636873017142203e-17+0j)
Free_energy = -16938.621793240967
------------------------------------------
[{'stable': {'F_dwave': np.complex128(0.03637331731325867j)}, 'free': np.float64(-16938.621793240967)}, {'stable': {'F_dwave': np.complex128(-0.03637331731325867j)}, 'free': np.float64(-16938.621793240967)}]
------------------------------------------
  Seed: px+i*py
F_onsite: (6.1472785421763775e-18+2.4681501144140945e-17j)
F_swave: (-3.122502256758253e-17-6.591949208711867e-17j), F_dwave: (0.005843983152385256+0.0359006790587552j)
F_px: (1.6479873021779667e-17-3.5388358909926865e-16j), F_py: (-1.474514954580286e-17-1.3877787807814457e-17j)
Free_energy = -16938.621325401306
------------------------------------------
[{'stable': {'F_dwave': np.complex128(0.03637331731325867j)}, 'free': np.float64(-16938.621793240967)}, {'stable': {'F_dwave': np.complex128(-0.03637331731325867j)}, 'free': np.float64(-16938.621793240967)}, {'stable': {'F_dwave': np.complex128(0.005843983152385256+0.0359006790587552j)}, 'free': np.float64(-16938.621325401306)}]
------------------------------------------
  Seed: d-wave
F_onsite: (-2.870949518727609e-17+0j)
F_swave: 0j, F_dwave: (0.03637326168533512+0j)
F_px: -1.6998160198572477e-17j, F_py: 1.236652055687395e-17j
Free_energy = -16938.621534476424
------------------------------------------
[{'stable': {'F_dwave': np.complex128(0.03637331731325867j)}, 'free': np.float64(-16938.621793240967)}, {'stable': {'F_dwave': np.complex128(-0.03637331731325867j)}, 'free': np.float64(-16938.621793240967)}, {'stable': {'F_dwave': np.complex128(0.005843983152385256+0.0359006790587552j)}, 'free': np.float64(-16938.621325401306)}, {'stable': {'F_dwave': np.complex128(0.03637326168533512+0j)}, 'free': np.float64(-16938.621534476424)}]
------------------------------------------
  Seed: d-wave+px
F_onsite: (-2.870949518727609e-17+0j)
F_swave: 0j, F_dwave: (0.03637326168533512+0j)
F_px: -1.6998160198572477e-17j, F_py: 1.236652055687395e-17j
Free_energy = -16938.621534476424
------------------------------------------
[{'stable': {'F_dwave': np.complex128(0.03637331731325867j)}, 'free': np.float64(-16938.621793240967)}, {'stable': {'F_dwave': np.complex128(-0.03637331731325867j)}, 'free': np.float64(-16938.621793240967)}, {'stable': {'F_dwave': np.complex128(0.005843983152385256+0.0359006790587552j)}, 'free': np.float64(-16938.621325401306)}, {'stable': {'F_dwave': np.complex128(0.03637326168533512+0j)}, 'free': np.float64(-16938.621534476424)}]
------------------------------------------
  Seed: d-wave+py
F_onsite: (-2.870949518727609e-17+0j)
F_swave: 0j, F_dwave: (0.03637326168533512+0j)
F_px: -1.6998160198572477e-17j, F_py: 1.236652055687395e-17j
Free_energy = -16938.621534476424
------------------------------------------
[{'stable': {'F_dwave': np.complex128(0.03637331731325867j)}, 'free': np.float64(-16938.621793240967)}, {'stable': {'F_dwave': np.complex128(-0.03637331731325867j)}, 'free': np.float64(-16938.621793240967)}, {'stable': {'F_dwave': np.complex128(0.005843983152385256+0.0359006790587552j)}, 'free': np.float64(-16938.621325401306)}, {'stable': {'F_dwave': np.complex128(0.03637326168533512+0j)}, 'free': np.float64(-16938.621534476424)}]
------------------------------------------
  Seed: s-wave
F_onsite: (-2.870949518727609e-17+0j)
F_swave: 0j, F_dwave: (0.03637326168533512+0j)
F_px: -1.6998160198572477e-17j, F_py: 1.236652055687395e-17j
Free_energy = -16938.621534476424
------------------------------------------
[{'stable': {'F_dwave': np.complex128(0.03637331731325867j)}, 'free': np.float64(-16938.621793240967)}, {'stable': {'F_dwave': np.complex128(-0.03637331731325867j)}, 'free': np.float64(-16938.621793240967)}, {'stable': {'F_dwave': np.complex128(0.005843983152385256+0.0359006790587552j)}, 'free': np.float64(-16938.621325401306)}, {'stable': {'F_dwave': np.complex128(0.03637326168533512+0j)}, 'free': np.float64(-16938.621534476424)}]
------------------------------------------
  Seed: s-wave+px
F_onsite: (-2.870949518727609e-17+0j)
F_swave: 0j, F_dwave: (0.03637326168533512+0j)
F_px: -1.6998160198572477e-17j, F_py: 1.236652055687395e-17j
Free_energy = -16938.621534476424
------------------------------------------
[{'stable': {'F_dwave': np.complex128(0.03637331731325867j)}, 'free': np.float64(-16938.621793240967)}, {'stable': {'F_dwave': np.complex128(-0.03637331731325867j)}, 'free': np.float64(-16938.621793240967)}, {'stable': {'F_dwave': np.complex128(0.005843983152385256+0.0359006790587552j)}, 'free': np.float64(-16938.621325401306)}, {'stable': {'F_dwave': np.complex128(0.03637326168533512+0j)}, 'free': np.float64(-16938.621534476424)}]
------------------------------------------
  Seed: s-wave+py
F_onsite: (1.617275740395098e-17+0j)
F_swave: (3.8163916471489756e-17+0j), F_dwave: (-0.036373303186521065+0j)
F_px: 1.7794224861420674e-17j, F_py: -1.2628239882300268e-17j
Free_energy = -16938.621727527752
------------------------------------------
[{'stable': {'F_dwave': np.complex128(0.03637331731325867j)}, 'free': np.float64(-16938.621793240967)}, {'stable': {'F_dwave': np.complex128(-0.03637331731325867j)}, 'free': np.float64(-16938.621793240967)}, {'stable': {'F_dwave': np.complex128(0.005843983152385256+0.0359006790587552j)}, 'free': np.float64(-16938.621325401306)}, {'stable': {'F_dwave': np.complex128(0.03637326168533512+0j)}, 'free': np.float64(-16938.621534476424)}, {'stable': {'F_dwave': np.complex128(-0.036373303186521065+0j)}, 'free': np.float64(-16938.621727527752)}]
------------------------------------------
====================================
mu=0.31, T=0.2484
====================================
  Seed: normal state
F_onsite: 0j
F_swave: 0j, F_dwave: 0j
F_px: 0j, F_py: 0j
Free_energy = -16890.861788297127
------------------------------------------
[{'stable': {}, 'free': np.float64(-16890.861788297127)}]
------------------------------------------
  Seed: px
F_onsite: 3.555307472356006e-18j
F_swave: -1.3877787807814457e-17j, F_dwave: 0.01652779481923245j
F_px: (1.1203009599726568e-17+0j), F_py: (-9.027005584576517e-18+0j)
Free_energy = -16907.30198652512
------------------------------------------
[{'stable': {'F_dwave': np.complex128(0.01652779481923245j)}, 'free': np.float64(-16907.30198652512)}]
------------------------------------------
  Seed: py
F_onsite: -3.555307472356006e-18j
F_swave: 1.3877787807814457e-17j, F_dwave: -0.01652779481923245j
F_px: (-1.1203009599726568e-17+0j), F_py: (9.027005584576517e-18+0j)
Free_energy = -16907.30198652512
------------------------------------------
[{'stable': {'F_dwave': np.complex128(0.01652779481923245j)}, 'free': np.float64(-16907.30198652512)}, {'stable': {'F_dwave': np.complex128(-0.01652779481923245j)}, 'free': np.float64(-16907.30198652512)}]
------------------------------------------
  Seed: px+py
F_onsite: 3.555307472356006e-18j
F_swave: -1.3877787807814457e-17j, F_dwave: 0.01652779481923245j
F_px: (1.1203009599726568e-17+0j), F_py: (-9.027005584576517e-18+0j)
Free_energy = -16907.30198652512
------------------------------------------
[{'stable': {'F_dwave': np.complex128(0.01652779481923245j)}, 'free': np.float64(-16907.30198652512)}, {'stable': {'F_dwave': np.complex128(-0.01652779481923245j)}, 'free': np.float64(-16907.30198652512)}]
------------------------------------------
  Seed: px+i*py
F_onsite: (-1.6293312567580836e-18-1.3386571564133517e-17j)
F_swave: (8.673617379884035e-19+9.540979117872439e-18j), F_dwave: (0.0026554657071348516+0.01631302137899927j)
F_px: (1.0842021724855044e-18-2.6020852139652106e-17j), F_py: (-4.336808689942018e-18+8.673617379884035e-18j)
Free_energy = -16907.301874918943
------------------------------------------
[{'stable': {'F_dwave': np.complex128(0.01652779481923245j)}, 'free': np.float64(-16907.30198652512)}, {'stable': {'F_dwave': np.complex128(-0.01652779481923245j)}, 'free': np.float64(-16907.30198652512)}, {'stable': {'F_dwave': np.complex128(0.0026554657071348516+0.01631302137899927j)}, 'free': np.float64(-16907.301874918943)}]
------------------------------------------
  Seed: d-wave
F_onsite: (-3.341127995171427e-17+0j)
F_swave: (-2.6020852139652106e-17+0j), F_dwave: (0.016527757305908386+0j)
F_px: -2.8445907881231475e-18j, F_py: 1.0058241314488719e-17j
Free_energy = -16907.30191118611
------------------------------------------
[{'stable': {'F_dwave': np.complex128(0.01652779481923245j)}, 'free': np.float64(-16907.30198652512)}, {'stable': {'F_dwave': np.complex128(-0.01652779481923245j)}, 'free': np.float64(-16907.30198652512)}, {'stable': {'F_dwave': np.complex128(0.0026554657071348516+0.01631302137899927j)}, 'free': np.float64(-16907.301874918943)}, {'stable': {'F_dwave': np.complex128(0.016527757305908386+0j)}, 'free': np.float64(-16907.30191118611)}]
------------------------------------------
  Seed: d-wave+px
F_onsite: (-3.341127995171427e-17+0j)
F_swave: (-2.6020852139652106e-17+0j), F_dwave: (0.016527757305908386+0j)
F_px: -2.8445907881231475e-18j, F_py: 1.0058241314488719e-17j
Free_energy = -16907.30191118611
------------------------------------------
[{'stable': {'F_dwave': np.complex128(0.01652779481923245j)}, 'free': np.float64(-16907.30198652512)}, {'stable': {'F_dwave': np.complex128(-0.01652779481923245j)}, 'free': np.float64(-16907.30198652512)}, {'stable': {'F_dwave': np.complex128(0.0026554657071348516+0.01631302137899927j)}, 'free': np.float64(-16907.301874918943)}, {'stable': {'F_dwave': np.complex128(0.016527757305908386+0j)}, 'free': np.float64(-16907.30191118611)}]
------------------------------------------
  Seed: d-wave+py
F_onsite: (-3.341127995171427e-17+0j)
F_swave: (-2.6020852139652106e-17+0j), F_dwave: (0.016527757305908386+0j)
F_px: -2.8445907881231475e-18j, F_py: 1.0058241314488719e-17j
Free_energy = -16907.30191118611
------------------------------------------
[{'stable': {'F_dwave': np.complex128(0.01652779481923245j)}, 'free': np.float64(-16907.30198652512)}, {'stable': {'F_dwave': np.complex128(-0.01652779481923245j)}, 'free': np.float64(-16907.30198652512)}, {'stable': {'F_dwave': np.complex128(0.0026554657071348516+0.01631302137899927j)}, 'free': np.float64(-16907.301874918943)}, {'stable': {'F_dwave': np.complex128(0.016527757305908386+0j)}, 'free': np.float64(-16907.30191118611)}]
------------------------------------------
  Seed: s-wave
F_onsite: (-3.341127995171427e-17+0j)
F_swave: (-2.6020852139652106e-17+0j), F_dwave: (0.016527757305908386+0j)
F_px: -2.8445907881231475e-18j, F_py: 1.0058241314488719e-17j
Free_energy = -16907.30191118611
------------------------------------------
[{'stable': {'F_dwave': np.complex128(0.01652779481923245j)}, 'free': np.float64(-16907.30198652512)}, {'stable': {'F_dwave': np.complex128(-0.01652779481923245j)}, 'free': np.float64(-16907.30198652512)}, {'stable': {'F_dwave': np.complex128(0.0026554657071348516+0.01631302137899927j)}, 'free': np.float64(-16907.301874918943)}, {'stable': {'F_dwave': np.complex128(0.016527757305908386+0j)}, 'free': np.float64(-16907.30191118611)}]
------------------------------------------
  Seed: s-wave+px
F_onsite: (-3.341127995171427e-17+0j)
F_swave: (-2.6020852139652106e-17+0j), F_dwave: (0.016527757305908386+0j)
F_px: -2.8445907881231475e-18j, F_py: 1.0058241314488719e-17j
Free_energy = -16907.30191118611
------------------------------------------
[{'stable': {'F_dwave': np.complex128(0.01652779481923245j)}, 'free': np.float64(-16907.30198652512)}, {'stable': {'F_dwave': np.complex128(-0.01652779481923245j)}, 'free': np.float64(-16907.30198652512)}, {'stable': {'F_dwave': np.complex128(0.0026554657071348516+0.01631302137899927j)}, 'free': np.float64(-16907.301874918943)}, {'stable': {'F_dwave': np.complex128(0.016527757305908386+0j)}, 'free': np.float64(-16907.30191118611)}]
------------------------------------------
  Seed: s-wave+py
F_onsite: (-1.389542081693225e-17+0j)
F_swave: (3.9898639947466563e-17+0j), F_dwave: (-0.016527804496956663+0j)
F_px: 1.1869474964621195e-17j, F_py: -8.263571956122618e-18j
Free_energy = -16907.302005961203
------------------------------------------
[{'stable': {'F_dwave': np.complex128(0.01652779481923245j)}, 'free': np.float64(-16907.30198652512)}, {'stable': {'F_dwave': np.complex128(-0.01652779481923245j)}, 'free': np.float64(-16907.30198652512)}, {'stable': {'F_dwave': np.complex128(0.0026554657071348516+0.01631302137899927j)}, 'free': np.float64(-16907.301874918943)}, {'stable': {'F_dwave': np.complex128(0.016527757305908386+0j)}, 'free': np.float64(-16907.30191118611)}, {'stable': {'F_dwave': np.complex128(-0.016527804496956663+0j)}, 'free': np.float64(-16907.302005961203)}]
------------------------------------------
====================================
mu=0.31, T=0.2588
====================================
  Seed: normal state
F_onsite: 0j
F_swave: 0j, F_dwave: 0j
F_px: 0j, F_py: 0j
Free_energy = -16924.918045619615
------------------------------------------
[{'stable': {}, 'free': np.float64(-16924.918045619615)}]
------------------------------------------
  Seed: px
F_onsite: 1.7338723703133878e-19j
F_swave: -6.982515023429571e-20j, F_dwave: 3.850461255249513e-16j
F_px: (1.678678221035316e-21+0j), F_py: (7.201991624630114e-20+0j)
Free_energy = -16924.918045619615
------------------------------------------
[{'stable': {}, 'free': np.float64(-16924.918045619615)}]
------------------------------------------
  Seed: py
F_onsite: -1.7338723703133878e-19j
F_swave: 6.982515023429571e-20j, F_dwave: -3.850461255249513e-16j
F_px: (-1.678678221035316e-21+0j), F_py: (-7.201991624630114e-20+0j)
Free_energy = -16924.918045619615
------------------------------------------
[{'stable': {}, 'free': np.float64(-16924.918045619615)}]
------------------------------------------
  Seed: px+py
F_onsite: 1.7338723703133878e-19j
F_swave: -6.982515023429571e-20j, F_dwave: 3.850461255249513e-16j
F_px: (1.678678221035316e-21+0j), F_py: (7.201991624630114e-20+0j)
Free_energy = -16924.918045619615
------------------------------------------
[{'stable': {}, 'free': np.float64(-16924.918045619615)}]
------------------------------------------
  Seed: px+i*py
F_onsite: (-3.359723156526111e-20-1.8377539748637374e-19j)
F_swave: (9.730788466060333e-21+8.791432156877287e-20j), F_dwave: (7.205341822426558e-17+4.30654998164655e-16j)
F_px: (2.6956344531744607e-21+1.1600656481152921e-20j), F_py: (-3.570631444446878e-20-1.0309738364230265e-19j)
Free_energy = -16924.918045619615
------------------------------------------
[{'stable': {}, 'free': np.float64(-16924.918045619615)}]
------------------------------------------
  Seed: d-wave
F_onsite: (-2.0402060020354722e-19+0j)
F_swave: (3.429488202497727e-20+0j), F_dwave: (3.860062362221035e-16+0j)
F_px: -5.374702541846015e-20j, F_py: -1.3461846741743646e-19j
Free_energy = -16924.918045619615
------------------------------------------
[{'stable': {}, 'free': np.float64(-16924.918045619615)}]
------------------------------------------
  Seed: d-wave+px
F_onsite: (-2.0402060020354722e-19+0j)
F_swave: (3.429488202497727e-20+0j), F_dwave: (3.860062362221035e-16+0j)
F_px: -5.374702541846015e-20j, F_py: -1.3461846741743646e-19j
Free_energy = -16924.918045619615
------------------------------------------
[{'stable': {}, 'free': np.float64(-16924.918045619615)}]
------------------------------------------
  Seed: d-wave+py
F_onsite: (-2.0402060020354722e-19+0j)
F_swave: (3.429488202497727e-20+0j), F_dwave: (3.860062362221035e-16+0j)
F_px: -5.374702541846015e-20j, F_py: -1.3461846741743646e-19j
Free_energy = -16924.918045619615
------------------------------------------
[{'stable': {}, 'free': np.float64(-16924.918045619615)}]
------------------------------------------
  Seed: s-wave
F_onsite: (-2.0402060020354722e-19+0j)
F_swave: (3.429488202497727e-20+0j), F_dwave: (3.860062362221035e-16+0j)
F_px: -5.374702541846015e-20j, F_py: -1.3461846741743646e-19j
Free_energy = -16924.918045619615
------------------------------------------
[{'stable': {}, 'free': np.float64(-16924.918045619615)}]
------------------------------------------
  Seed: s-wave+px
F_onsite: (-2.0402060020354722e-19+0j)
F_swave: (3.429488202497727e-20+0j), F_dwave: (3.860062362221035e-16+0j)
F_px: -5.374702541846015e-20j, F_py: -1.3461846741743646e-19j
Free_energy = -16924.918045619615
------------------------------------------
[{'stable': {}, 'free': np.float64(-16924.918045619615)}]
------------------------------------------
  Seed: s-wave+py
F_onsite: (-4.5280081216073384e-20+0j)
F_swave: (2.8263648653303524e-20+0j), F_dwave: (-3.86751691728584e-16+0j)
F_px: -2.271221096839295e-19j, F_py: 1.4431111420819842e-19j
Free_energy = -16924.918045619615
------------------------------------------
[{'stable': {}, 'free': np.float64(-16924.918045619615)}]
------------------------------------------
====================================
mu=0.31, T=0.2691
====================================
  Seed: normal state
F_onsite: 0j
F_swave: 0j, F_dwave: 0j
F_px: 0j, F_py: 0j
Free_energy = -16960.130999820307
------------------------------------------
[{'stable': {}, 'free': np.float64(-16960.130999820307)}]
------------------------------------------
  Seed: px
F_onsite: -4.605066336046364e-20j
F_swave: 1.1739851765908644e-20j, F_dwave: 1.3465746942251269e-17j
F_px: (2.3763040518899727e-20+0j), F_py: (6.029718965834883e-20+0j)
Free_energy = -16960.130999820307
------------------------------------------
[{'stable': {}, 'free': np.float64(-16960.130999820307)}]
------------------------------------------
  Seed: py
F_onsite: 4.605066336046364e-20j
F_swave: -1.1739851765908644e-20j, F_dwave: -1.3465746942251269e-17j
F_px: (-2.3763040518899727e-20+0j), F_py: (-6.029718965834883e-20+0j)
Free_energy = -16960.130999820307
------------------------------------------
[{'stable': {}, 'free': np.float64(-16960.130999820307)}]
------------------------------------------
  Seed: px+py
F_onsite: -4.605066336046364e-20j
F_swave: 1.1739851765908644e-20j, F_dwave: 1.3465746942251269e-17j
F_px: (2.3763040518899727e-20+0j), F_py: (6.029718965834883e-20+0j)
Free_energy = -16960.130999820307
------------------------------------------
[{'stable': {}, 'free': np.float64(-16960.130999820307)}]
------------------------------------------
  Seed: px+i*py
F_onsite: (-1.2267194278091602e-19+4.5033622740398213e-20j)
F_swave: (6.956265488871938e-21-4.989690779852051e-21j), F_dwave: (2.177964980096537e-18+1.1297045948184339e-17j)
F_px: (-2.993872073917041e-20+1.4911356902335455e-20j), F_py: (4.4080358224742436e-21-1.8485486174623772e-20j)
Free_energy = -16960.130999820307
------------------------------------------
[{'stable': {}, 'free': np.float64(-16960.130999820307)}]
------------------------------------------
  Seed: d-wave
F_onsite: (2.0148981999603287e-20+0j)
F_swave: (8.230472043121791e-22+0j), F_dwave: (1.423378502719979e-17+0j)
F_px: -3.032842499019078e-20j, F_py: -8.715960866414487e-21j
Free_energy = -16960.130999820307
------------------------------------------
[{'stable': {}, 'free': np.float64(-16960.130999820307)}]
------------------------------------------
  Seed: d-wave+px
F_onsite: (2.0148981999603287e-20+0j)
F_swave: (8.230472043121791e-22+0j), F_dwave: (1.423378502719979e-17+0j)
F_px: -3.032842499019078e-20j, F_py: -8.715960866414487e-21j
Free_energy = -16960.130999820307
------------------------------------------
[{'stable': {}, 'free': np.float64(-16960.130999820307)}]
------------------------------------------
  Seed: d-wave+py
F_onsite: (2.0148981999603287e-20+0j)
F_swave: (8.230472043121791e-22+0j), F_dwave: (1.423378502719979e-17+0j)
F_px: -3.032842499019078e-20j, F_py: -8.715960866414487e-21j
Free_energy = -16960.130999820307
------------------------------------------
[{'stable': {}, 'free': np.float64(-16960.130999820307)}]
------------------------------------------
  Seed: s-wave
F_onsite: (2.0148981999603287e-20+0j)
F_swave: (8.230472043121791e-22+0j), F_dwave: (1.423378502719979e-17+0j)
F_px: -3.032842499019078e-20j, F_py: -8.715960866414487e-21j
Free_energy = -16960.130999820307
------------------------------------------
[{'stable': {}, 'free': np.float64(-16960.130999820307)}]
------------------------------------------
  Seed: s-wave+px
F_onsite: (2.0148981999603287e-20+0j)
F_swave: (8.230472043121791e-22+0j), F_dwave: (1.423378502719979e-17+0j)
F_px: -3.032842499019078e-20j, F_py: -8.715960866414487e-21j
Free_energy = -16960.130999820307
------------------------------------------
[{'stable': {}, 'free': np.float64(-16960.130999820307)}]
------------------------------------------
  Seed: s-wave+py
F_onsite: (2.242652164390341e-20+0j)
F_swave: (-3.89491481999639e-21+0j), F_dwave: (-1.447304657363551e-17+0j)
F_px: 1.0120906351315305e-20j, F_py: 5.344252187760143e-20j
Free_energy = -16960.130999820307
------------------------------------------
[{'stable': {}, 'free': np.float64(-16960.130999820307)}]
------------------------------------------
====================================
mu=0.31, T=0.2794
====================================
  Seed: normal state
F_onsite: 0j
F_swave: 0j, F_dwave: 0j
F_px: 0j, F_py: 0j
Free_energy = -16996.484149341235
------------------------------------------
[{'stable': {}, 'free': np.float64(-16996.484149341235)}]
------------------------------------------
  Seed: px
F_onsite: 2.8294719489489327e-20j
F_swave: -2.108160906230007e-21j, F_dwave: 5.041599165072698e-18j
F_px: (1.0826340463978264e-20+0j), F_py: (2.3772391033727225e-20+0j)
Free_energy = -16996.484149341235
------------------------------------------
[{'stable': {}, 'free': np.float64(-16996.484149341235)}]
------------------------------------------
  Seed: py
F_onsite: 3.2585408688426e-20j
F_swave: -2.617400062460834e-21j, F_dwave: -5.11020907240514e-19j
F_px: (-1.361820481459271e-20+0j), F_py: (-8.674658872810214e-21+0j)
Free_energy = -16996.484149341235
------------------------------------------
[{'stable': {}, 'free': np.float64(-16996.484149341235)}]
------------------------------------------
  Seed: px+py
F_onsite: -3.2585408688426e-20j
F_swave: 2.617400062460834e-21j, F_dwave: 5.11020907240514e-19j
F_px: (1.361820481459271e-20+0j), F_py: (8.674658872810214e-21+0j)
Free_energy = -16996.484149341235
------------------------------------------
[{'stable': {}, 'free': np.float64(-16996.484149341235)}]
------------------------------------------
  Seed: px+i*py
F_onsite: (-1.722716396518855e-19-4.705821621952652e-20j)
F_swave: (1.1946731006044745e-20-5.796106129675778e-22j), F_dwave: (7.239490344304211e-19+3.588853902422305e-18j)
F_px: (4.603280915659125e-20+1.5961913670563696e-20j), F_py: (-1.7337154776306245e-20-1.4691976381440232e-21j)
Free_energy = -16996.484149341235
------------------------------------------
[{'stable': {}, 'free': np.float64(-16996.484149341235)}]
------------------------------------------
  Seed: d-wave
F_onsite: (-9.321748433236674e-21+0j)
F_swave: (3.028718395307158e-21+0j), F_dwave: (5.748316787645372e-18+0j)
F_px: 3.7871903220644394e-20j, F_py: 3.474174280727709e-21j
Free_energy = -16996.484149341235
------------------------------------------
[{'stable': {}, 'free': np.float64(-16996.484149341235)}]
------------------------------------------
  Seed: d-wave+px
F_onsite: (-9.321748433236674e-21+0j)
F_swave: (3.028718395307158e-21+0j), F_dwave: (5.748316787645372e-18+0j)
F_px: 3.7871903220644394e-20j, F_py: 3.474174280727709e-21j
Free_energy = -16996.484149341235
------------------------------------------
[{'stable': {}, 'free': np.float64(-16996.484149341235)}]
------------------------------------------
  Seed: d-wave+py
F_onsite: (-9.321748433236674e-21+0j)
F_swave: (3.028718395307158e-21+0j), F_dwave: (5.748316787645372e-18+0j)
F_px: 3.7871903220644394e-20j, F_py: 3.474174280727709e-21j
Free_energy = -16996.484149341235
------------------------------------------
[{'stable': {}, 'free': np.float64(-16996.484149341235)}]
------------------------------------------
  Seed: s-wave
F_onsite: (-9.321748433236674e-21+0j)
F_swave: (3.028718395307158e-21+0j), F_dwave: (5.748316787645372e-18+0j)
F_px: 3.7871903220644394e-20j, F_py: 3.474174280727709e-21j
Free_energy = -16996.484149341235
------------------------------------------
[{'stable': {}, 'free': np.float64(-16996.484149341235)}]
------------------------------------------
  Seed: s-wave+px
F_onsite: (-9.321748433236674e-21+0j)
F_swave: (3.028718395307158e-21+0j), F_dwave: (5.748316787645372e-18+0j)
F_px: 3.7871903220644394e-20j, F_py: 3.474174280727709e-21j
Free_energy = -16996.484149341235
------------------------------------------
[{'stable': {}, 'free': np.float64(-16996.484149341235)}]
------------------------------------------
  Seed: s-wave+py
F_onsite: (-6.457325638754343e-21+0j)
F_swave: (1.2525016085680106e-22+0j), F_dwave: (-7.004998146134625e-19+0j)
F_px: -3.885799842604863e-20j, F_py: -2.553109911416866e-20j
Free_energy = -16996.484149341235
------------------------------------------
[{'stable': {}, 'free': np.float64(-16996.484149341235)}]
------------------------------------------
====================================
mu=0.31, T=0.2897
====================================
  Seed: normal state
F_onsite: 0j
F_swave: 0j, F_dwave: 0j
F_px: 0j, F_py: 0j
Free_energy = -17033.96171852377
------------------------------------------
[{'stable': {}, 'free': np.float64(-17033.96171852377)}]
------------------------------------------
  Seed: px
F_onsite: -3.257024997269147e-20j
F_swave: 2.6147367439278674e-21j, F_dwave: 4.899302204419002e-19j
F_px: (1.357615422904082e-20+0j), F_py: (8.641036828025962e-21+0j)
Free_energy = -17033.96171852377
------------------------------------------
[{'stable': {}, 'free': np.float64(-17033.96171852377)}]
------------------------------------------
  Seed: py
F_onsite: 0j
F_swave: 0j, F_dwave: 0j
F_px: 0j, F_py: 0j
Free_energy = -17033.96171852377
------------------------------------------
[{'stable': {}, 'free': np.float64(-17033.96171852377)}]
------------------------------------------
  Seed: px+py
F_onsite: 0j
F_swave: 0j, F_dwave: 0j
F_px: 0j, F_py: 0j
Free_energy = -17033.96171852377
------------------------------------------
[{'stable': {}, 'free': np.float64(-17033.96171852377)}]
------------------------------------------
  Seed: px+i*py
F_onsite: (-2.7071884326040177e-19+2.6400717707514908e-21j)
F_swave: (1.536238312047057e-20+4.429556784632106e-22j), F_dwave: (9.327804901599995e-21-2.6780478742552882e-20j)
F_px: (5.513899598723696e-21+2.806040475858241e-20j), F_py: (1.2403532749073464e-20+8.194807126049725e-21j)
Free_energy = -17033.96171852377
------------------------------------------
[{'stable': {}, 'free': np.float64(-17033.96171852377)}]
------------------------------------------
  Seed: d-wave
F_onsite: (-3.423731953357755e-20+0j)
F_swave: (2.640343690245892e-21+0j), F_dwave: (6.972270253892294e-19+0j)
F_px: -5.053643574501485e-22j, F_py: 7.371146155364548e-21j
Free_energy = -17033.96171852377
------------------------------------------
[{'stable': {}, 'free': np.float64(-17033.96171852377)}]
------------------------------------------
  Seed: d-wave+px
F_onsite: (-3.423731953357755e-20+0j)
F_swave: (2.640343690245892e-21+0j), F_dwave: (6.972270253892294e-19+0j)
F_px: -5.053643574501485e-22j, F_py: 7.371146155364548e-21j
Free_energy = -17033.96171852377
------------------------------------------
[{'stable': {}, 'free': np.float64(-17033.96171852377)}]
------------------------------------------
  Seed: d-wave+py
F_onsite: (-3.423731953357755e-20+0j)
F_swave: (2.640343690245892e-21+0j), F_dwave: (6.972270253892294e-19+0j)
F_px: -5.053643574501485e-22j, F_py: 7.371146155364548e-21j
Free_energy = -17033.96171852377
------------------------------------------
[{'stable': {}, 'free': np.float64(-17033.96171852377)}]
------------------------------------------
  Seed: s-wave
F_onsite: (-3.423731953357755e-20+0j)
F_swave: (2.640343690245892e-21+0j), F_dwave: (6.972270253892294e-19+0j)
F_px: -5.053643574501485e-22j, F_py: 7.371146155364548e-21j
Free_energy = -17033.96171852377
------------------------------------------
[{'stable': {}, 'free': np.float64(-17033.96171852377)}]
------------------------------------------
  Seed: s-wave+px
F_onsite: (-3.423731953357755e-20+0j)
F_swave: (2.640343690245892e-21+0j), F_dwave: (6.972270253892294e-19+0j)
F_px: -5.053643574501485e-22j, F_py: 7.371146155364548e-21j
Free_energy = -17033.96171852377
------------------------------------------
[{'stable': {}, 'free': np.float64(-17033.96171852377)}]
------------------------------------------
  Seed: s-wave+py
F_onsite: 0j
F_swave: 0j, F_dwave: 0j
F_px: 0j, F_py: 0j
Free_energy = -17033.96171852377
------------------------------------------
[{'stable': {}, 'free': np.float64(-17033.96171852377)}]
------------------------------------------
====================================
mu=0.31, T=0.3000
====================================
  Seed: normal state
F_onsite: 0j
F_swave: 0j, F_dwave: 0j
F_px: 0j, F_py: 0j
Free_energy = -17072.548606738907
------------------------------------------
[{'stable': {}, 'free': np.float64(-17072.548606738907)}]
------------------------------------------
  Seed: px
F_onsite: -5.127581435608125e-22j
F_swave: 3.9413890902242404e-23j, F_dwave: 6.024188705290397e-21j
F_px: (-9.8697656782983e-23+0j), F_py: (4.0033155162801203e-22+0j)
Free_energy = -17072.548606738907
------------------------------------------
[{'stable': {}, 'free': np.float64(-17072.548606738907)}]
------------------------------------------
  Seed: py
F_onsite: 0j
F_swave: 0j, F_dwave: 0j
F_px: 0j, F_py: 0j
Free_energy = -17072.548606738907
------------------------------------------
[{'stable': {}, 'free': np.float64(-17072.548606738907)}]
------------------------------------------
  Seed: px+py
F_onsite: 0j
F_swave: 0j, F_dwave: 0j
F_px: 0j, F_py: 0j
Free_energy = -17072.548606738907
------------------------------------------
[{'stable': {}, 'free': np.float64(-17072.548606738907)}]
------------------------------------------
  Seed: px+i*py
F_onsite: (-1.953040462597947e-19-1.3689949377442576e-20j)
F_swave: (6.810524501418488e-21+1.5049557551982693e-22j), F_dwave: (-3.816808801277192e-20-3.3316141614541572e-21j)
F_px: (-1.5731261416043952e-21+5.603160591954996e-20j), F_py: (-9.721497423526174e-21-1.5206127480307856e-20j)
Free_energy = -17072.548606738907
------------------------------------------
[{'stable': {}, 'free': np.float64(-17072.548606738907)}]
------------------------------------------
  Seed: d-wave
F_onsite: (-1.7075195271316924e-20+0j)
F_swave: (1.2968359502552283e-21+0j), F_dwave: (2.035937794924298e-20+0j)
F_px: -5.938206174893396e-21j, F_py: -1.0760284707118551e-20j
Free_energy = -17072.548606738907
------------------------------------------
[{'stable': {}, 'free': np.float64(-17072.548606738907)}]
------------------------------------------
  Seed: d-wave+px
F_onsite: (-1.7075195271316924e-20+0j)
F_swave: (1.2968359502552283e-21+0j), F_dwave: (2.035937794924298e-20+0j)
F_px: -5.938206174893396e-21j, F_py: -1.0760284707118551e-20j
Free_energy = -17072.548606738907
------------------------------------------
[{'stable': {}, 'free': np.float64(-17072.548606738907)}]
------------------------------------------
  Seed: d-wave+py
F_onsite: (-1.7075195271316924e-20+0j)
F_swave: (1.2968359502552283e-21+0j), F_dwave: (2.035937794924298e-20+0j)
F_px: -5.938206174893396e-21j, F_py: -1.0760284707118551e-20j
Free_energy = -17072.548606738907
------------------------------------------
[{'stable': {}, 'free': np.float64(-17072.548606738907)}]
------------------------------------------
  Seed: s-wave
F_onsite: (-1.7075195271316924e-20+0j)
F_swave: (1.2968359502552283e-21+0j), F_dwave: (2.035937794924298e-20+0j)
F_px: -5.938206174893396e-21j, F_py: -1.0760284707118551e-20j
Free_energy = -17072.548606738907
------------------------------------------
[{'stable': {}, 'free': np.float64(-17072.548606738907)}]
------------------------------------------
  Seed: s-wave+px
F_onsite: (-1.7075195271316924e-20+0j)
F_swave: (1.2968359502552283e-21+0j), F_dwave: (2.035937794924298e-20+0j)
F_px: -5.938206174893396e-21j, F_py: -1.0760284707118551e-20j
Free_energy = -17072.548606738907
------------------------------------------
[{'stable': {}, 'free': np.float64(-17072.548606738907)}]
------------------------------------------
  Seed: s-wave+py
F_onsite: 0j
F_swave: 0j, F_dwave: 0j
F_px: 0j, F_py: 0j
Free_energy = -17072.548606738907
------------------------------------------
[{'stable': {}, 'free': np.float64(-17072.548606738907)}]
------------------------------------------
