/home/emilssp/D1/venv/bin/python
Python 3.10.12
Running job 27 out of 45
====================================
mu=2.76, T=0.0010
====================================
  Seed: normal state
F_onsite: 0j
F_swave: 0j, F_dwave: 0j
F_px: 0j, F_py: 0j
Free_energy = -28907.770848737782
------------------------------------------
[{'stable': {}, 'free': np.float64(-28907.770848737782)}]
------------------------------------------
  Seed: px
F_onsite: 0.026860173970955595j
F_swave: -0.02142636102207615j, F_dwave: 5.204170427930421e-17j
F_px: (2.0250593711203875e-16+0j), F_py: (2.155804729880601e-18+0j)
Free_energy = -28938.917370775787
------------------------------------------
[{'stable': {'F_onsite': np.complex128(0.026860173970955595j), 'F_swave': np.complex128(-0.02142636102207615j)}, 'free': np.float64(-28938.917370775787)}]
------------------------------------------
  Seed: py
F_onsite: 0.026860173857294514j
F_swave: -0.021426360926047938j, F_dwave: 0j
F_px: (2.7983850994913947e-19+0j), F_py: (1.926029572883335e-16+0j)
Free_energy = -28938.91737043684
------------------------------------------
[{'stable': {'F_onsite': np.complex128(0.026860173970955595j), 'F_swave': np.complex128(-0.02142636102207615j)}, 'free': np.float64(-28938.917370775787)}]
------------------------------------------
  Seed: px+py
F_onsite: 0.026860169540703062j
F_swave: -0.021426357279116133j, F_dwave: -6.938893903907228e-18j
F_px: (1.3802777746379168e-16+0j), F_py: (1.770226861960971e-16+0j)
Free_energy = -28938.917357562183
------------------------------------------
[{'stable': {'F_onsite': np.complex128(0.026860173970955595j), 'F_swave': np.complex128(-0.02142636102207615j)}, 'free': np.float64(-28938.917370775787)}]
------------------------------------------
  Seed: px+i*py
F_onsite: (-0.021091441607270136+0.01663189654064254j)
F_swave: (0.01682464312552761-0.01326726399301944j), F_dwave: (1.474514954580286e-17-3.469446951953614e-18j)
F_px: (4.470172496051639e-12-3.5249112656510206e-12j), F_py: (-3.4362356710060382e-12+2.709917359955405e-12j)
Free_energy = -28938.91736777008
------------------------------------------
[{'stable': {'F_onsite': np.complex128(0.026860173970955595j), 'F_swave': np.complex128(-0.02142636102207615j)}, 'free': np.float64(-28938.917370775787)}, {'stable': {'F_onsite': np.complex128(-0.021091441607270136+0.01663189654064254j), 'F_swave': np.complex128(0.01682464312552761-0.01326726399301944j)}, 'free': np.float64(-28938.91736777008)}]
------------------------------------------
  Seed: d-wave
F_onsite: (0.026860170126990775+0j)
F_swave: (-0.02142635777444956+0j), F_dwave: (3.469446951953614e-18+0j)
F_px: -1.0483673848607272e-17j, F_py: -2.1852920643568915e-18j
Free_energy = -28938.917359310937
------------------------------------------
[{'stable': {'F_onsite': np.complex128(0.026860173970955595j), 'F_swave': np.complex128(-0.02142636102207615j)}, 'free': np.float64(-28938.917370775787)}, {'stable': {'F_onsite': np.complex128(-0.021091441607270136+0.01663189654064254j), 'F_swave': np.complex128(0.01682464312552761-0.01326726399301944j)}, 'free': np.float64(-28938.91736777008)}, {'stable': {'F_onsite': np.complex128(0.026860170126990775+0j), 'F_swave': np.complex128(-0.02142635777444956+0j)}, 'free': np.float64(-28938.917359310937)}]
------------------------------------------
  Seed: d-wave+px
F_onsite: (-0.026860173252581897+4.4863734033520476e-17j)
F_swave: (0.021426360415148248-3.3668990553097e-17j), F_dwave: (9.80118763926896e-17+3.5438137977445816e-18j)
F_px: (4.8165698859903294e-11+5.11414670750505e-18j), F_py: (5.204170427930421e-18+2.8711240538368578e-18j)
Free_energy = -28938.917368633407
------------------------------------------
[{'stable': {'F_onsite': np.complex128(0.026860173970955595j), 'F_swave': np.complex128(-0.02142636102207615j)}, 'free': np.float64(-28938.917370775787)}, {'stable': {'F_onsite': np.complex128(-0.021091441607270136+0.01663189654064254j), 'F_swave': np.complex128(0.01682464312552761-0.01326726399301944j)}, 'free': np.float64(-28938.91736777008)}, {'stable': {'F_onsite': np.complex128(0.026860170126990775+0j), 'F_swave': np.complex128(-0.02142635777444956+0j)}, 'free': np.float64(-28938.917359310937)}, {'stable': {'F_onsite': np.complex128(-0.026860173252581897+4.4863734033520476e-17j), 'F_swave': np.complex128(0.021426360415148248-3.3668990553097e-17j)}, 'free': np.float64(-28938.917368633407)}]
------------------------------------------
  Seed: d-wave+py
F_onsite: (0.02686017325258196+5.065021864908103e-17j)
F_swave: (-0.021426360415148372-4.1229421351831675e-17j), F_dwave: (-4.9439619065339e-17-1.1118630921692777e-19j)
F_px: (-5.204170427930421e-18-1.3435001334637271e-18j), F_py: (4.8165664165433775e-11-2.6734212699917837e-18j)
Free_energy = -28938.917368633407
------------------------------------------
[{'stable': {'F_onsite': np.complex128(0.026860173970955595j), 'F_swave': np.complex128(-0.02142636102207615j)}, 'free': np.float64(-28938.917370775787)}, {'stable': {'F_onsite': np.complex128(-0.021091441607270136+0.01663189654064254j), 'F_swave': np.complex128(0.01682464312552761-0.01326726399301944j)}, 'free': np.float64(-28938.91736777008)}, {'stable': {'F_onsite': np.complex128(0.026860170126990775+0j), 'F_swave': np.complex128(-0.02142635777444956+0j)}, 'free': np.float64(-28938.917359310937)}, {'stable': {'F_onsite': np.complex128(-0.026860173252581897+4.4863734033520476e-17j), 'F_swave': np.complex128(0.021426360415148248-3.3668990553097e-17j)}, 'free': np.float64(-28938.917368633407)}]
------------------------------------------
  Seed: s-wave
F_onsite: (-0.026860218428057532+0j)
F_swave: (0.021426398582275616+0j), F_dwave: (-6.938893903907228e-18+0j)
F_px: 1.555740120266053e-17j, F_py: 2.451578047149962e-18j
Free_energy = -28938.917503374447
------------------------------------------
[{'stable': {'F_onsite': np.complex128(0.026860173970955595j), 'F_swave': np.complex128(-0.02142636102207615j)}, 'free': np.float64(-28938.917370775787)}, {'stable': {'F_onsite': np.complex128(-0.021091441607270136+0.01663189654064254j), 'F_swave': np.complex128(0.01682464312552761-0.01326726399301944j)}, 'free': np.float64(-28938.91736777008)}, {'stable': {'F_onsite': np.complex128(0.026860170126990775+0j), 'F_swave': np.complex128(-0.02142635777444956+0j)}, 'free': np.float64(-28938.917359310937)}, {'stable': {'F_onsite': np.complex128(-0.026860173252581897+4.4863734033520476e-17j), 'F_swave': np.complex128(0.021426360415148248-3.3668990553097e-17j)}, 'free': np.float64(-28938.917368633407)}]
------------------------------------------
  Seed: s-wave+px
F_onsite: (-0.026860215362113166+1.9661919117823217e-17j)
F_swave: (0.021426395991969716-1.3393880532026035e-17j), F_dwave: (-5.898059818321144e-17+2.6049571850519948e-18j)
F_px: (1.6964605241420738e-10+4.018218422655994e-18j), F_py: 3.1749706538847363e-18j
Free_energy = -28938.917494229892
------------------------------------------
[{'stable': {'F_onsite': np.complex128(0.026860173970955595j), 'F_swave': np.complex128(-0.02142636102207615j)}, 'free': np.float64(-28938.917370775787)}, {'stable': {'F_onsite': np.complex128(-0.021091441607270136+0.01663189654064254j), 'F_swave': np.complex128(0.01682464312552761-0.01326726399301944j)}, 'free': np.float64(-28938.91736777008)}, {'stable': {'F_onsite': np.complex128(0.026860170126990775+0j), 'F_swave': np.complex128(-0.02142635777444956+0j)}, 'free': np.float64(-28938.917359310937)}, {'stable': {'F_onsite': np.complex128(-0.026860173252581897+4.4863734033520476e-17j), 'F_swave': np.complex128(0.021426360415148248-3.3668990553097e-17j)}, 'free': np.float64(-28938.917368633407)}]
------------------------------------------
  Seed: s-wave+py
F_onsite: (-0.026860215362113117-3.4168838277603203e-18j)
F_swave: (0.021426395991969736+2.4931753057940288e-18j), F_dwave: (2.6020852139652106e-17-8.692543272299249e-19j)
F_px: (-1.734723475976807e-18+8.583726008356673e-18j), F_py: (1.6964598822943877e-10+2.9784590101217387e-18j)
Free_energy = -28938.917494229892
------------------------------------------
[{'stable': {'F_onsite': np.complex128(0.026860173970955595j), 'F_swave': np.complex128(-0.02142636102207615j)}, 'free': np.float64(-28938.917370775787)}, {'stable': {'F_onsite': np.complex128(-0.021091441607270136+0.01663189654064254j), 'F_swave': np.complex128(0.01682464312552761-0.01326726399301944j)}, 'free': np.float64(-28938.91736777008)}, {'stable': {'F_onsite': np.complex128(0.026860170126990775+0j), 'F_swave': np.complex128(-0.02142635777444956+0j)}, 'free': np.float64(-28938.917359310937)}, {'stable': {'F_onsite': np.complex128(-0.026860173252581897+4.4863734033520476e-17j), 'F_swave': np.complex128(0.021426360415148248-3.3668990553097e-17j)}, 'free': np.float64(-28938.917368633407)}]
------------------------------------------
====================================
mu=2.76, T=0.0113
====================================
  Seed: normal state
F_onsite: 0j
F_swave: 0j, F_dwave: 0j
F_px: 0j, F_py: 0j
Free_energy = -28908.102496408945
------------------------------------------
[{'stable': {}, 'free': np.float64(-28908.102496408945)}]
------------------------------------------
  Seed: px
F_onsite: 0.02685135515103955j
F_swave: -0.02141934473089056j, F_dwave: 1.1275702593849246e-16j
F_px: (5.95914148173002e-18+0j), F_py: (2.307582446116731e-18+0j)
Free_energy = -28938.90004293824
------------------------------------------
[{'stable': {'F_onsite': np.complex128(0.02685135515103955j), 'F_swave': np.complex128(-0.02141934473089056j)}, 'free': np.float64(-28938.90004293824)}]
------------------------------------------
  Seed: py
F_onsite: 0.026851355150759128j
F_swave: -0.021419344730653864j, F_dwave: -1.5612511283791264e-17j
F_px: (1.557111254849421e-18+0j), F_py: (2.3273818412588004e-18+0j)
Free_energy = -28938.900042937414
------------------------------------------
[{'stable': {'F_onsite': np.complex128(0.02685135515103955j), 'F_swave': np.complex128(-0.02141934473089056j)}, 'free': np.float64(-28938.90004293824)}]
------------------------------------------
  Seed: px+py
F_onsite: 0.026851355140121626j
F_swave: -0.021419344721668444j, F_dwave: 8.673617379884035e-18j
F_px: (-4.3991714906836156e-18+0j), F_py: (2.1687749218854326e-18+0j)
Free_energy = -28938.90004290553
------------------------------------------
[{'stable': {'F_onsite': np.complex128(0.02685135515103955j), 'F_swave': np.complex128(-0.02141934473089056j)}, 'free': np.float64(-28938.90004293824)}]
------------------------------------------
  Seed: px+i*py
F_onsite: (-0.021084517585509888+0.01662643652440915j)
F_swave: (0.016819134382817836-0.013262920011203298j), F_dwave: (-2.5153490401663703e-17+1.5612511283791264e-17j)
F_px: (1.2160411566597418e-15-9.39352762241441e-16j), F_py: (-8.968520370800093e-16+7.164407955784213e-16j)
Free_energy = -28938.90004293077
------------------------------------------
[{'stable': {'F_onsite': np.complex128(0.02685135515103955j), 'F_swave': np.complex128(-0.02141934473089056j)}, 'free': np.float64(-28938.90004293824)}, {'stable': {'F_onsite': np.complex128(-0.021084517585509888+0.01662643652440915j), 'F_swave': np.complex128(0.016819134382817836-0.013262920011203298j)}, 'free': np.float64(-28938.90004293077)}]
------------------------------------------
  Seed: d-wave
F_onsite: (0.026851355141566446+0j)
F_swave: (-0.0214193447228889+0j), F_dwave: (6.418476861114186e-17+0j)
F_px: 3.876552162227712e-18j, F_py: -2.626596229876382e-18j
Free_energy = -28938.90004290996
------------------------------------------
[{'stable': {'F_onsite': np.complex128(0.02685135515103955j), 'F_swave': np.complex128(-0.02141934473089056j)}, 'free': np.float64(-28938.90004293824)}, {'stable': {'F_onsite': np.complex128(-0.021084517585509888+0.01662643652440915j), 'F_swave': np.complex128(0.016819134382817836-0.013262920011203298j)}, 'free': np.float64(-28938.90004293077)}, {'stable': {'F_onsite': np.complex128(0.026851355141566446+0j), 'F_swave': np.complex128(-0.0214193447228889+0j)}, 'free': np.float64(-28938.90004290996)}]
------------------------------------------
  Seed: d-wave+px
F_onsite: (-0.026851355149268927+4.221339940113897e-17j)
F_swave: (0.021419344729395166-3.642559310548712e-17j), F_dwave: (-8.933825901280557e-17-6.657943663214818e-19j)
F_px: (1.2861239850892048e-14-4.3166651876651264e-18j), F_py: (-1.734723475976807e-18+3.0103286247621817e-18j)
Free_energy = -28938.900042932793
------------------------------------------
[{'stable': {'F_onsite': np.complex128(0.02685135515103955j), 'F_swave': np.complex128(-0.02141934473089056j)}, 'free': np.float64(-28938.90004293824)}, {'stable': {'F_onsite': np.complex128(-0.021084517585509888+0.01662643652440915j), 'F_swave': np.complex128(0.016819134382817836-0.013262920011203298j)}, 'free': np.float64(-28938.90004293077)}, {'stable': {'F_onsite': np.complex128(0.026851355141566446+0j), 'F_swave': np.complex128(-0.0214193447228889+0j)}, 'free': np.float64(-28938.90004290996)}, {'stable': {'F_onsite': np.complex128(-0.026851355149268927+4.221339940113897e-17j), 'F_swave': np.complex128(0.021419344729395166-3.642559310548712e-17j)}, 'free': np.float64(-28938.900042932793)}]
------------------------------------------
  Seed: d-wave+py
F_onsite: (0.02685135514926901+4.0910013291256675e-17j)
F_swave: (-0.021419344729395204-3.1850834331815646e-17j), F_dwave: (-3.8163916471489756e-17+1.7677842306993265e-19j)
F_px: (1.0408340855860843e-17-2.556133676576665e-18j), F_py: (1.2885525979555723e-14-2.7642655535848075e-18j)
Free_energy = -28938.900042932804
------------------------------------------
[{'stable': {'F_onsite': np.complex128(0.02685135515103955j), 'F_swave': np.complex128(-0.02141934473089056j)}, 'free': np.float64(-28938.90004293824)}, {'stable': {'F_onsite': np.complex128(-0.021084517585509888+0.01662643652440915j), 'F_swave': np.complex128(0.016819134382817836-0.013262920011203298j)}, 'free': np.float64(-28938.90004293077)}, {'stable': {'F_onsite': np.complex128(0.026851355141566446+0j), 'F_swave': np.complex128(-0.0214193447228889+0j)}, 'free': np.float64(-28938.90004290996)}, {'stable': {'F_onsite': np.complex128(-0.026851355149268927+4.221339940113897e-17j), 'F_swave': np.complex128(0.021419344729395166-3.642559310548712e-17j)}, 'free': np.float64(-28938.900042932793)}]
------------------------------------------
  Seed: s-wave
F_onsite: (-0.02685135526059961+0j)
F_swave: (0.0214193448234328+0j), F_dwave: (6.591949208711867e-17+0j)
F_px: -4.07634605866132e-18j, F_py: 2.5299815343301883e-18j
Free_energy = -28938.900043264235
------------------------------------------
[{'stable': {'F_onsite': np.complex128(0.02685135515103955j), 'F_swave': np.complex128(-0.02141934473089056j)}, 'free': np.float64(-28938.90004293824)}, {'stable': {'F_onsite': np.complex128(-0.021084517585509888+0.01662643652440915j), 'F_swave': np.complex128(0.016819134382817836-0.013262920011203298j)}, 'free': np.float64(-28938.90004293077)}, {'stable': {'F_onsite': np.complex128(0.026851355141566446+0j), 'F_swave': np.complex128(-0.0214193447228889+0j)}, 'free': np.float64(-28938.90004290996)}, {'stable': {'F_onsite': np.complex128(-0.026851355149268927+4.221339940113897e-17j), 'F_swave': np.complex128(0.021419344729395166-3.642559310548712e-17j)}, 'free': np.float64(-28938.900042932793)}]
------------------------------------------
  Seed: s-wave+px
F_onsite: (-0.0268513552530438+8.008959002281723e-18j)
F_swave: (0.021419344817050705-3.5051414497465024e-18j), F_dwave: (3.2959746043559335e-17+3.2881951361309948e-18j)
F_px: (4.5031686712881935e-14-6.422097926963698e-18j), F_py: (-1.0408340855860843e-17+1.944390600201848e-18j)
Free_energy = -28938.90004324172
------------------------------------------
[{'stable': {'F_onsite': np.complex128(0.02685135515103955j), 'F_swave': np.complex128(-0.02141934473089056j)}, 'free': np.float64(-28938.90004293824)}, {'stable': {'F_onsite': np.complex128(-0.021084517585509888+0.01662643652440915j), 'F_swave': np.complex128(0.016819134382817836-0.013262920011203298j)}, 'free': np.float64(-28938.90004293077)}, {'stable': {'F_onsite': np.complex128(0.026851355141566446+0j), 'F_swave': np.complex128(-0.0214193447228889+0j)}, 'free': np.float64(-28938.90004290996)}, {'stable': {'F_onsite': np.complex128(-0.026851355149268927+4.221339940113897e-17j), 'F_swave': np.complex128(0.021419344729395166-3.642559310548712e-17j)}, 'free': np.float64(-28938.900042932793)}]
------------------------------------------
  Seed: s-wave+py
F_onsite: (-0.026851355253043704+1.9438757653104176e-19j)
F_swave: (0.021419344817050656+1.8253560013330172e-19j), F_dwave: (-2.7755575615628914e-17-1.7980921283432694e-19j)
F_px: (-1.734723475976807e-18+1.1167838241972331e-17j), F_py: (4.5102810375396984e-14+3.2657090583593533e-18j)
Free_energy = -28938.90004324172
------------------------------------------
[{'stable': {'F_onsite': np.complex128(0.02685135515103955j), 'F_swave': np.complex128(-0.02141934473089056j)}, 'free': np.float64(-28938.90004293824)}, {'stable': {'F_onsite': np.complex128(-0.021084517585509888+0.01662643652440915j), 'F_swave': np.complex128(0.016819134382817836-0.013262920011203298j)}, 'free': np.float64(-28938.90004293077)}, {'stable': {'F_onsite': np.complex128(0.026851355141566446+0j), 'F_swave': np.complex128(-0.0214193447228889+0j)}, 'free': np.float64(-28938.90004290996)}, {'stable': {'F_onsite': np.complex128(-0.026851355149268927+4.221339940113897e-17j), 'F_swave': np.complex128(0.021419344729395166-3.642559310548712e-17j)}, 'free': np.float64(-28938.900042932793)}]
------------------------------------------
====================================
mu=2.76, T=0.0216
====================================
  Seed: normal state
F_onsite: 0j
F_swave: 0j, F_dwave: 0j
F_px: 0j, F_py: 0j
Free_energy = -28909.09933160259
------------------------------------------
[{'stable': {}, 'free': np.float64(-28909.09933160259)}]
------------------------------------------
  Seed: px
F_onsite: 0.026295301507644444j
F_swave: -0.020976673143842536j, F_dwave: -1.734723475976807e-17j
F_px: (-3.7947076036992655e-19+0j), F_py: (1.7953922108238964e-18+0j)
Free_energy = -28937.85617119564
------------------------------------------
[{'stable': {'F_onsite': np.complex128(0.026295301507644444j), 'F_swave': np.complex128(-0.020976673143842536j)}, 'free': np.float64(-28937.85617119564)}]
------------------------------------------
  Seed: py
F_onsite: 0.026295301507644447j
F_swave: -0.020976673143842526j, F_dwave: -1.3877787807814457e-17j
F_px: (2.7101348542993373e-18+0j), F_py: (1.907624076335091e-18+0j)
Free_energy = -28937.85617119564
------------------------------------------
[{'stable': {'F_onsite': np.complex128(0.026295301507644444j), 'F_swave': np.complex128(-0.020976673143842536j)}, 'free': np.float64(-28937.85617119564)}]
------------------------------------------
  Seed: px+py
F_onsite: 0.02629530150764403j
F_swave: -0.02097667314384212j, F_dwave: -2.2551405187698492e-17j
F_px: (7.179504200486653e-18+0j), F_py: (3.057736000028821e-18+0j)
Free_energy = -28937.85617119564
------------------------------------------
[{'stable': {'F_onsite': np.complex128(0.026295301507644444j), 'F_swave': np.complex128(-0.020976673143842536j)}, 'free': np.float64(-28937.85617119564)}]
------------------------------------------
  Seed: px+i*py
F_onsite: (-0.020647887005584856+0.016282126506771466j)
F_swave: (0.016471534912852512-0.012988816489514231j), F_dwave: (-3.122502256758253e-17-1.0408340855860843e-17j)
F_px: (5.898059818321144e-17-1.214306433183765e-17j), F_py: 1.734723475976807e-18j
Free_energy = -28937.85617119564
------------------------------------------
[{'stable': {'F_onsite': np.complex128(0.026295301507644444j), 'F_swave': np.complex128(-0.020976673143842536j)}, 'free': np.float64(-28937.85617119564)}, {'stable': {'F_onsite': np.complex128(-0.020647887005584856+0.016282126506771466j), 'F_swave': np.complex128(0.016471534912852512-0.012988816489514231j)}, 'free': np.float64(-28937.85617119564)}]
------------------------------------------
  Seed: d-wave
F_onsite: (0.026295301507644066+0j)
F_swave: (-0.020976673143842176+0j), F_dwave: (-4.5102810375396984e-17+0j)
F_px: -1.0633439861593673e-17j, F_py: -2.622149306903297e-18j
Free_energy = -28937.85617119564
------------------------------------------
[{'stable': {'F_onsite': np.complex128(0.026295301507644444j), 'F_swave': np.complex128(-0.020976673143842536j)}, 'free': np.float64(-28937.85617119564)}, {'stable': {'F_onsite': np.complex128(-0.020647887005584856+0.016282126506771466j), 'F_swave': np.complex128(0.016471534912852512-0.012988816489514231j)}, 'free': np.float64(-28937.85617119564)}, {'stable': {'F_onsite': np.complex128(0.026295301507644066+0j), 'F_swave': np.complex128(-0.020976673143842176+0j)}, 'free': np.float64(-28937.85617119564)}]
------------------------------------------
  Seed: d-wave+px
F_onsite: (-0.02629530150764435+2.2197996752247354e-17j)
F_swave: (0.020976673143842453-1.7177854640096813e-17j), F_dwave: (3.729655473350135e-17+6.5486234734598095e-19j)
F_px: (5.204170427930421e-18-2.298503311713349e-18j), F_py: (5.204170427930421e-18+2.516137839598501e-18j)
Free_energy = -28937.856171195635
------------------------------------------
[{'stable': {'F_onsite': np.complex128(0.026295301507644444j), 'F_swave': np.complex128(-0.020976673143842536j)}, 'free': np.float64(-28937.85617119564)}, {'stable': {'F_onsite': np.complex128(-0.020647887005584856+0.016282126506771466j), 'F_swave': np.complex128(0.016471534912852512-0.012988816489514231j)}, 'free': np.float64(-28937.85617119564)}, {'stable': {'F_onsite': np.complex128(0.026295301507644066+0j), 'F_swave': np.complex128(-0.020976673143842176+0j)}, 'free': np.float64(-28937.85617119564)}, {'stable': {'F_onsite': np.complex128(-0.02629530150764435+2.2197996752247354e-17j), 'F_swave': np.complex128(0.020976673143842453-1.7177854640096813e-17j)}, 'free': np.float64(-28937.856171195635)}]
------------------------------------------
  Seed: d-wave+py
F_onsite: (0.026295301507644357+1.750881313594702e-17j)
F_swave: (-0.020976673143842457-1.434002956899889e-17j), F_dwave: (-3.209238430557093e-17-5.625357560952622e-19j)
F_px: (-1.734723475976807e-18+3.1912230985601782e-18j), F_py: (1.734723475976807e-18-2.606770364954711e-18j)
Free_energy = -28937.856171195635
------------------------------------------
[{'stable': {'F_onsite': np.complex128(0.026295301507644444j), 'F_swave': np.complex128(-0.020976673143842536j)}, 'free': np.float64(-28937.85617119564)}, {'stable': {'F_onsite': np.complex128(-0.020647887005584856+0.016282126506771466j), 'F_swave': np.complex128(0.016471534912852512-0.012988816489514231j)}, 'free': np.float64(-28937.85617119564)}, {'stable': {'F_onsite': np.complex128(0.026295301507644066+0j), 'F_swave': np.complex128(-0.020976673143842176+0j)}, 'free': np.float64(-28937.85617119564)}, {'stable': {'F_onsite': np.complex128(-0.02629530150764435+2.2197996752247354e-17j), 'F_swave': np.complex128(0.020976673143842453-1.7177854640096813e-17j)}, 'free': np.float64(-28937.856171195635)}]
------------------------------------------
  Seed: s-wave
F_onsite: (-0.026295301507649804+0j)
F_swave: (0.020976673143847064+0j), F_dwave: (8.326672684688674e-17+0j)
F_px: -1.3770108744394754e-18j, F_py: 2.8248019395338882e-18j
Free_energy = -28937.85617119566
------------------------------------------
[{'stable': {'F_onsite': np.complex128(0.026295301507644444j), 'F_swave': np.complex128(-0.020976673143842536j)}, 'free': np.float64(-28937.85617119564)}, {'stable': {'F_onsite': np.complex128(-0.020647887005584856+0.016282126506771466j), 'F_swave': np.complex128(0.016471534912852512-0.012988816489514231j)}, 'free': np.float64(-28937.85617119564)}, {'stable': {'F_onsite': np.complex128(0.026295301507644066+0j), 'F_swave': np.complex128(-0.020976673143842176+0j)}, 'free': np.float64(-28937.85617119564)}, {'stable': {'F_onsite': np.complex128(-0.02629530150764435+2.2197996752247354e-17j), 'F_swave': np.complex128(0.020976673143842453-1.7177854640096813e-17j)}, 'free': np.float64(-28937.856171195635)}]
------------------------------------------
  Seed: s-wave+px
F_onsite: (-0.02629530150764944-2.049142342213202e-18j)
F_swave: (0.020976673143846745+1.4062732157891513e-18j), F_dwave: (9.71445146547012e-17+6.917876898903481e-20j)
F_px: (-3.469446951953614e-18-3.4242100986143142e-18j), F_py: 2.1164706373924796e-18j
Free_energy = -28937.85617119566
------------------------------------------
[{'stable': {'F_onsite': np.complex128(0.026295301507644444j), 'F_swave': np.complex128(-0.020976673143842536j)}, 'free': np.float64(-28937.85617119564)}, {'stable': {'F_onsite': np.complex128(-0.020647887005584856+0.016282126506771466j), 'F_swave': np.complex128(0.016471534912852512-0.012988816489514231j)}, 'free': np.float64(-28937.85617119564)}, {'stable': {'F_onsite': np.complex128(0.026295301507644066+0j), 'F_swave': np.complex128(-0.020976673143842176+0j)}, 'free': np.float64(-28937.85617119564)}, {'stable': {'F_onsite': np.complex128(-0.02629530150764435+2.2197996752247354e-17j), 'F_swave': np.complex128(0.020976673143842453-1.7177854640096813e-17j)}, 'free': np.float64(-28937.856171195635)}]
------------------------------------------
  Seed: s-wave+py
F_onsite: (-0.02629530150764943+4.3360037090435436e-18j)
F_swave: (0.02097667314384674-2.569580324614327e-18j), F_dwave: (9.80118763926896e-17+1.1060132708773027e-18j)
F_px: (-5.204170427930421e-18+1.9645870420379428e-19j), F_py: (1.734723475976807e-18+2.4082205481623827e-18j)
Free_energy = -28937.85617119566
------------------------------------------
[{'stable': {'F_onsite': np.complex128(0.026295301507644444j), 'F_swave': np.complex128(-0.020976673143842536j)}, 'free': np.float64(-28937.85617119564)}, {'stable': {'F_onsite': np.complex128(-0.020647887005584856+0.016282126506771466j), 'F_swave': np.complex128(0.016471534912852512-0.012988816489514231j)}, 'free': np.float64(-28937.85617119564)}, {'stable': {'F_onsite': np.complex128(0.026295301507644066+0j), 'F_swave': np.complex128(-0.020976673143842176+0j)}, 'free': np.float64(-28937.85617119564)}, {'stable': {'F_onsite': np.complex128(-0.02629530150764435+2.2197996752247354e-17j), 'F_swave': np.complex128(0.020976673143842453-1.7177854640096813e-17j)}, 'free': np.float64(-28937.856171195635)}]
------------------------------------------
====================================
mu=2.76, T=0.0319
====================================
  Seed: normal state
F_onsite: 0j
F_swave: 0j, F_dwave: 0j
F_px: 0j, F_py: 0j
Free_energy = -28910.805521456597
------------------------------------------
[{'stable': {}, 'free': np.float64(-28910.805521456597)}]
------------------------------------------
  Seed: px
F_onsite: 0.023769572106640928j
F_swave: -0.018965029571238474j, F_dwave: -4.683753385137379e-17j
F_px: (5.948765328126155e-18+0j), F_py: (3.018613665777513e-18+0j)
Free_energy = -28933.57550495933
------------------------------------------
[{'stable': {'F_onsite': np.complex128(0.023769572106640928j), 'F_swave': np.complex128(-0.018965029571238474j)}, 'free': np.float64(-28933.57550495933)}]
------------------------------------------
  Seed: py
F_onsite: 0.023769572106640928j
F_swave: -0.018965029571238474j, F_dwave: -4.683753385137379e-17j
F_px: (5.948765328126155e-18+0j), F_py: (3.018613665777513e-18+0j)
Free_energy = -28933.57550495933
------------------------------------------
[{'stable': {'F_onsite': np.complex128(0.023769572106640928j), 'F_swave': np.complex128(-0.018965029571238474j)}, 'free': np.float64(-28933.57550495933)}]
------------------------------------------
  Seed: px+py
F_onsite: 0.023769572106640928j
F_swave: -0.018965029571238474j, F_dwave: -4.683753385137379e-17j
F_px: (5.948765328126155e-18+0j), F_py: (3.018613665777513e-18+0j)
Free_energy = -28933.57550495933
------------------------------------------
[{'stable': {'F_onsite': np.complex128(0.023769572106640928j), 'F_swave': np.complex128(-0.018965029571238474j)}, 'free': np.float64(-28933.57550495933)}]
------------------------------------------
  Seed: px+i*py
F_onsite: (-0.018664605875933816+0.014718187579619584j)
F_swave: (0.014891929933972137-0.011743200989492466j), F_dwave: (4.336808689942018e-19+0j)
F_px: (-3.8163916471489756e-17-5.117434254131581e-17j), F_py: (2.6020852139652106e-18+8.673617379884035e-18j)
Free_energy = -28933.575504959335
------------------------------------------
[{'stable': {'F_onsite': np.complex128(0.023769572106640928j), 'F_swave': np.complex128(-0.018965029571238474j)}, 'free': np.float64(-28933.57550495933)}, {'stable': {'F_onsite': np.complex128(-0.018664605875933816+0.014718187579619584j), 'F_swave': np.complex128(0.014891929933972137-0.011743200989492466j)}, 'free': np.float64(-28933.575504959335)}]
------------------------------------------
  Seed: d-wave
F_onsite: (0.023769572106640928+0j)
F_swave: (-0.018965029571238474+0j), F_dwave: (-4.683753385137379e-17+0j)
F_px: -5.088126914156582e-18j, F_py: -3.239795144129292e-18j
Free_energy = -28933.57550495933
------------------------------------------
[{'stable': {'F_onsite': np.complex128(0.023769572106640928j), 'F_swave': np.complex128(-0.018965029571238474j)}, 'free': np.float64(-28933.57550495933)}, {'stable': {'F_onsite': np.complex128(-0.018664605875933816+0.014718187579619584j), 'F_swave': np.complex128(0.014891929933972137-0.011743200989492466j)}, 'free': np.float64(-28933.575504959335)}, {'stable': {'F_onsite': np.complex128(0.023769572106640928+0j), 'F_swave': np.complex128(-0.018965029571238474+0j)}, 'free': np.float64(-28933.57550495933)}]
------------------------------------------
  Seed: d-wave+px
F_onsite: (-0.023769572106640928+2.6792878636061756e-17j)
F_swave: (0.018965029571238468-2.1079261925370518e-17j), F_dwave: (4.85722573273506e-17+1.0601940823867654e-18j)
F_px: (-1.734723475976807e-18+3.8367151439271585e-18j), F_py: (3.469446951953614e-18+2.9313428024307182e-18j)
Free_energy = -28933.57550495933
------------------------------------------
[{'stable': {'F_onsite': np.complex128(0.023769572106640928j), 'F_swave': np.complex128(-0.018965029571238474j)}, 'free': np.float64(-28933.57550495933)}, {'stable': {'F_onsite': np.complex128(-0.018664605875933816+0.014718187579619584j), 'F_swave': np.complex128(0.014891929933972137-0.011743200989492466j)}, 'free': np.float64(-28933.575504959335)}, {'stable': {'F_onsite': np.complex128(0.023769572106640928+0j), 'F_swave': np.complex128(-0.018965029571238474+0j)}, 'free': np.float64(-28933.57550495933)}, {'stable': {'F_onsite': np.complex128(-0.023769572106640928+2.6792878636061756e-17j), 'F_swave': np.complex128(0.018965029571238468-2.1079261925370518e-17j)}, 'free': np.float64(-28933.57550495933)}]
------------------------------------------
  Seed: d-wave+py
F_onsite: (0.02376957210664093+2.0651512142302737e-17j)
F_swave: (-0.018965029571238468-1.7514642880859003e-17j), F_dwave: (-4.85722573273506e-17-2.926366483865599e-19j)
F_px: -3.148792041858658e-18j, F_py: (3.469446951953614e-18-3.3872582862903454e-18j)
Free_energy = -28933.57550495933
------------------------------------------
[{'stable': {'F_onsite': np.complex128(0.023769572106640928j), 'F_swave': np.complex128(-0.018965029571238474j)}, 'free': np.float64(-28933.57550495933)}, {'stable': {'F_onsite': np.complex128(-0.018664605875933816+0.014718187579619584j), 'F_swave': np.complex128(0.014891929933972137-0.011743200989492466j)}, 'free': np.float64(-28933.575504959335)}, {'stable': {'F_onsite': np.complex128(0.023769572106640928+0j), 'F_swave': np.complex128(-0.018965029571238474+0j)}, 'free': np.float64(-28933.57550495933)}, {'stable': {'F_onsite': np.complex128(-0.023769572106640928+2.6792878636061756e-17j), 'F_swave': np.complex128(0.018965029571238468-2.1079261925370518e-17j)}, 'free': np.float64(-28933.57550495933)}]
------------------------------------------
  Seed: s-wave
F_onsite: (-0.023769572106640928+0j)
F_swave: (0.018965029571238474+0j), F_dwave: (4.683753385137379e-17+0j)
F_px: 5.955488652144986e-18j, F_py: 2.7984909786098015e-18j
Free_energy = -28933.57550495933
------------------------------------------
[{'stable': {'F_onsite': np.complex128(0.023769572106640928j), 'F_swave': np.complex128(-0.018965029571238474j)}, 'free': np.float64(-28933.57550495933)}, {'stable': {'F_onsite': np.complex128(-0.018664605875933816+0.014718187579619584j), 'F_swave': np.complex128(0.014891929933972137-0.011743200989492466j)}, 'free': np.float64(-28933.575504959335)}, {'stable': {'F_onsite': np.complex128(0.023769572106640928+0j), 'F_swave': np.complex128(-0.018965029571238474+0j)}, 'free': np.float64(-28933.57550495933)}, {'stable': {'F_onsite': np.complex128(-0.023769572106640928+2.6792878636061756e-17j), 'F_swave': np.complex128(0.018965029571238468-2.1079261925370518e-17j)}, 'free': np.float64(-28933.57550495933)}]
------------------------------------------
  Seed: s-wave+px
F_onsite: (-0.023769572106640924-1.6666596388351863e-17j)
F_swave: (0.018965029571238468+1.4682998503298076e-17j), F_dwave: (4.7704895589362195e-17+1.1483119786808143e-18j)
F_px: (1.734723475976807e-18+2.898864382859436e-18j), F_py: (-5.204170427930421e-18+3.264676736954887e-18j)
Free_energy = -28933.57550495933
------------------------------------------
[{'stable': {'F_onsite': np.complex128(0.023769572106640928j), 'F_swave': np.complex128(-0.018965029571238474j)}, 'free': np.float64(-28933.57550495933)}, {'stable': {'F_onsite': np.complex128(-0.018664605875933816+0.014718187579619584j), 'F_swave': np.complex128(0.014891929933972137-0.011743200989492466j)}, 'free': np.float64(-28933.575504959335)}, {'stable': {'F_onsite': np.complex128(0.023769572106640928+0j), 'F_swave': np.complex128(-0.018965029571238474+0j)}, 'free': np.float64(-28933.57550495933)}, {'stable': {'F_onsite': np.complex128(-0.023769572106640928+2.6792878636061756e-17j), 'F_swave': np.complex128(0.018965029571238468-2.1079261925370518e-17j)}, 'free': np.float64(-28933.57550495933)}]
------------------------------------------
  Seed: s-wave+py
F_onsite: (-0.023769572106640928+1.577417482663196e-17j)
F_swave: (0.01896502957123847-1.3271431331588585e-17j), F_dwave: (4.683753385137379e-17-7.386391997853516e-20j)
F_px: (-1.734723475976807e-18+3.872449346389449e-18j), F_py: 2.984467650091324e-18j
Free_energy = -28933.57550495933
------------------------------------------
[{'stable': {'F_onsite': np.complex128(0.023769572106640928j), 'F_swave': np.complex128(-0.018965029571238474j)}, 'free': np.float64(-28933.57550495933)}, {'stable': {'F_onsite': np.complex128(-0.018664605875933816+0.014718187579619584j), 'F_swave': np.complex128(0.014891929933972137-0.011743200989492466j)}, 'free': np.float64(-28933.575504959335)}, {'stable': {'F_onsite': np.complex128(0.023769572106640928+0j), 'F_swave': np.complex128(-0.018965029571238474+0j)}, 'free': np.float64(-28933.57550495933)}, {'stable': {'F_onsite': np.complex128(-0.023769572106640928+2.6792878636061756e-17j), 'F_swave': np.complex128(0.018965029571238468-2.1079261925370518e-17j)}, 'free': np.float64(-28933.57550495933)}]
------------------------------------------
====================================
mu=2.76, T=0.0422
====================================
  Seed: normal state
F_onsite: 0j
F_swave: 0j, F_dwave: 0j
F_px: 0j, F_py: 0j
Free_energy = -28913.190844137443
------------------------------------------
[{'stable': {}, 'free': np.float64(-28913.190844137443)}]
------------------------------------------
  Seed: px
F_onsite: 0.01756325108236666j
F_swave: -0.014017858177813569j, F_dwave: -3.2959746043559335e-17j
F_px: (6.365293779938457e-18+0j), F_py: (5.7405011022200036e-18+0j)
Free_energy = -28925.254522896004
------------------------------------------
[{'stable': {'F_onsite': np.complex128(0.01756325108236666j), 'F_swave': np.complex128(-0.014017858177813569j)}, 'free': np.float64(-28925.254522896004)}]
------------------------------------------
  Seed: py
F_onsite: 0.01756325108236666j
F_swave: -0.014017858177813569j, F_dwave: -3.2959746043559335e-17j
F_px: (6.365293779938457e-18+0j), F_py: (5.7405011022200036e-18+0j)
Free_energy = -28925.254522896004
------------------------------------------
[{'stable': {'F_onsite': np.complex128(0.01756325108236666j), 'F_swave': np.complex128(-0.014017858177813569j)}, 'free': np.float64(-28925.254522896004)}]
------------------------------------------
  Seed: px+py
F_onsite: 0.01756325108236666j
F_swave: -0.014017858177813569j, F_dwave: -3.2959746043559335e-17j
F_px: (6.365293779938457e-18+0j), F_py: (5.7405011022200036e-18+0j)
Free_energy = -28925.254522896004
------------------------------------------
[{'stable': {'F_onsite': np.complex128(0.01756325108236666j), 'F_swave': np.complex128(-0.014017858177813569j)}, 'free': np.float64(-28925.254522896004)}]
------------------------------------------
  Seed: px+i*py
F_onsite: (-0.013791209950340439+0.010875215707648945j)
F_swave: (0.01100725738518975-0.008679898199258004j), F_dwave: (-1.5612511283791264e-17+1.9949319973733282e-17j)
F_px: (1.1275702593849246e-17-5.637851296924623e-17j), F_py: (-1.734723475976807e-18+8.673617379884035e-18j)
Free_energy = -28925.254522895997
------------------------------------------
[{'stable': {'F_onsite': np.complex128(0.01756325108236666j), 'F_swave': np.complex128(-0.014017858177813569j)}, 'free': np.float64(-28925.254522896004)}, {'stable': {'F_onsite': np.complex128(-0.013791209950340439+0.010875215707648945j), 'F_swave': np.complex128(0.01100725738518975-0.008679898199258004j)}, 'free': np.float64(-28925.254522895997)}]
------------------------------------------
  Seed: d-wave
F_onsite: (0.01756325108236666+0j)
F_swave: (-0.01401785817781357+0j), F_dwave: (-3.2959746043559335e-17+0j)
F_px: -3.057974228045236e-18j, F_py: -5.445045422305863e-18j
Free_energy = -28925.254522896004
------------------------------------------
[{'stable': {'F_onsite': np.complex128(0.01756325108236666j), 'F_swave': np.complex128(-0.014017858177813569j)}, 'free': np.float64(-28925.254522896004)}, {'stable': {'F_onsite': np.complex128(-0.013791209950340439+0.010875215707648945j), 'F_swave': np.complex128(0.01100725738518975-0.008679898199258004j)}, 'free': np.float64(-28925.254522895997)}, {'stable': {'F_onsite': np.complex128(0.01756325108236666+0j), 'F_swave': np.complex128(-0.01401785817781357+0j)}, 'free': np.float64(-28925.254522896004)}]
------------------------------------------
  Seed: d-wave+px
F_onsite: (-0.01756325108236667+0j)
F_swave: (0.014017858177813581+0j), F_dwave: (3.0357660829594124e-17+0j)
F_px: 1.0595588076763246e-18j, F_py: 5.603784690577239e-18j
Free_energy = -28925.254522896004
------------------------------------------
[{'stable': {'F_onsite': np.complex128(0.01756325108236666j), 'F_swave': np.complex128(-0.014017858177813569j)}, 'free': np.float64(-28925.254522896004)}, {'stable': {'F_onsite': np.complex128(-0.013791209950340439+0.010875215707648945j), 'F_swave': np.complex128(0.01100725738518975-0.008679898199258004j)}, 'free': np.float64(-28925.254522895997)}, {'stable': {'F_onsite': np.complex128(0.01756325108236666+0j), 'F_swave': np.complex128(-0.01401785817781357+0j)}, 'free': np.float64(-28925.254522896004)}, {'stable': {'F_onsite': np.complex128(-0.01756325108236667+0j), 'F_swave': np.complex128(0.014017858177813581+0j)}, 'free': np.float64(-28925.254522896004)}]
------------------------------------------
  Seed: d-wave+py
F_onsite: (0.01756325108236666+0j)
F_swave: (-0.01401785817781357+0j), F_dwave: (-3.2959746043559335e-17+0j)
F_px: -3.057974228045236e-18j, F_py: -5.445045422305863e-18j
Free_energy = -28925.254522896004
------------------------------------------
[{'stable': {'F_onsite': np.complex128(0.01756325108236666j), 'F_swave': np.complex128(-0.014017858177813569j)}, 'free': np.float64(-28925.254522896004)}, {'stable': {'F_onsite': np.complex128(-0.013791209950340439+0.010875215707648945j), 'F_swave': np.complex128(0.01100725738518975-0.008679898199258004j)}, 'free': np.float64(-28925.254522895997)}, {'stable': {'F_onsite': np.complex128(0.01756325108236666+0j), 'F_swave': np.complex128(-0.01401785817781357+0j)}, 'free': np.float64(-28925.254522896004)}, {'stable': {'F_onsite': np.complex128(-0.01756325108236667+0j), 'F_swave': np.complex128(0.014017858177813581+0j)}, 'free': np.float64(-28925.254522896004)}]
------------------------------------------
  Seed: s-wave
F_onsite: (-0.01756325108236667+0j)
F_swave: (0.014017858177813581+0j), F_dwave: (3.0357660829594124e-17+0j)
F_px: 1.0595588076763246e-18j, F_py: 5.603784690577239e-18j
Free_energy = -28925.254522896004
------------------------------------------
[{'stable': {'F_onsite': np.complex128(0.01756325108236666j), 'F_swave': np.complex128(-0.014017858177813569j)}, 'free': np.float64(-28925.254522896004)}, {'stable': {'F_onsite': np.complex128(-0.013791209950340439+0.010875215707648945j), 'F_swave': np.complex128(0.01100725738518975-0.008679898199258004j)}, 'free': np.float64(-28925.254522895997)}, {'stable': {'F_onsite': np.complex128(0.01756325108236666+0j), 'F_swave': np.complex128(-0.01401785817781357+0j)}, 'free': np.float64(-28925.254522896004)}, {'stable': {'F_onsite': np.complex128(-0.01756325108236667+0j), 'F_swave': np.complex128(0.014017858177813581+0j)}, 'free': np.float64(-28925.254522896004)}]
------------------------------------------
  Seed: s-wave+px
F_onsite: (-0.01756325108236667-3.1634682482393667e-18j)
F_swave: (0.014017858177813576+2.1547327038067324e-18j), F_dwave: (3.2959746043559335e-17-1.7778427469479713e-19j)
F_px: 2.2291524891569032e-18j, F_py: 5.4654271525991695e-18j
Free_energy = -28925.254522896004
------------------------------------------
[{'stable': {'F_onsite': np.complex128(0.01756325108236666j), 'F_swave': np.complex128(-0.014017858177813569j)}, 'free': np.float64(-28925.254522896004)}, {'stable': {'F_onsite': np.complex128(-0.013791209950340439+0.010875215707648945j), 'F_swave': np.complex128(0.01100725738518975-0.008679898199258004j)}, 'free': np.float64(-28925.254522895997)}, {'stable': {'F_onsite': np.complex128(0.01756325108236666+0j), 'F_swave': np.complex128(-0.01401785817781357+0j)}, 'free': np.float64(-28925.254522896004)}, {'stable': {'F_onsite': np.complex128(-0.01756325108236667+0j), 'F_swave': np.complex128(0.014017858177813581+0j)}, 'free': np.float64(-28925.254522896004)}]
------------------------------------------
  Seed: s-wave+py
F_onsite: (-0.01756325108236667+0j)
F_swave: (0.014017858177813581+0j), F_dwave: (3.0357660829594124e-17+0j)
F_px: 1.0595588076763246e-18j, F_py: 5.603784690577239e-18j
Free_energy = -28925.254522896004
------------------------------------------
[{'stable': {'F_onsite': np.complex128(0.01756325108236666j), 'F_swave': np.complex128(-0.014017858177813569j)}, 'free': np.float64(-28925.254522896004)}, {'stable': {'F_onsite': np.complex128(-0.013791209950340439+0.010875215707648945j), 'F_swave': np.complex128(0.01100725738518975-0.008679898199258004j)}, 'free': np.float64(-28925.254522895997)}, {'stable': {'F_onsite': np.complex128(0.01756325108236666+0j), 'F_swave': np.complex128(-0.01401785817781357+0j)}, 'free': np.float64(-28925.254522896004)}, {'stable': {'F_onsite': np.complex128(-0.01756325108236667+0j), 'F_swave': np.complex128(0.014017858177813581+0j)}, 'free': np.float64(-28925.254522896004)}]
------------------------------------------
====================================
mu=2.76, T=0.0526
====================================
  Seed: normal state
F_onsite: 0j
F_swave: 0j, F_dwave: 0j
F_px: 0j, F_py: 0j
Free_energy = -28916.244267829934
------------------------------------------
[{'stable': {}, 'free': np.float64(-28916.244267829934)}]
------------------------------------------
  Seed: px
F_onsite: 2.66774164672821e-18j
F_swave: -1.844472572546419e-18j, F_dwave: -9.793492246175068e-23j
F_px: (2.8726065779981872e-21+0j), F_py: (-4.2953219049474365e-21+0j)
Free_energy = -28916.244267829934
------------------------------------------
[{'stable': {}, 'free': np.float64(-28916.244267829934)}]
------------------------------------------
  Seed: py
F_onsite: 2.66774164672821e-18j
F_swave: -1.844472572546419e-18j, F_dwave: -9.793492246175068e-23j
F_px: (2.8726065779981872e-21+0j), F_py: (-4.2953219049474365e-21+0j)
Free_energy = -28916.244267829934
------------------------------------------
[{'stable': {}, 'free': np.float64(-28916.244267829934)}]
------------------------------------------
  Seed: px+py
F_onsite: 2.66774164672821e-18j
F_swave: -1.844472572546419e-18j, F_dwave: -9.793492246175068e-23j
F_px: (2.8726065779981872e-21+0j), F_py: (-4.2953219049474365e-21+0j)
Free_energy = -28916.244267829934
------------------------------------------
[{'stable': {}, 'free': np.float64(-28916.244267829934)}]
------------------------------------------
  Seed: px+i*py
F_onsite: (-5.720540685750908e-16+4.511342360865745e-16j)
F_swave: (4.533448262299212e-16-3.57517895618669e-16j), F_dwave: (-1.710721311894964e-20+6.418055998709511e-22j)
F_px: (1.5126805014072977e-20+6.052628616761975e-20j), F_py: (-1.005984080280406e-21+2.7571705690448004e-20j)
Free_energy = -28916.244267829938
------------------------------------------
[{'stable': {}, 'free': np.float64(-28916.244267829934)}]
------------------------------------------
  Seed: d-wave
F_onsite: (5.636725518705627e-17+0j)
F_swave: (-4.06243402455442e-17+0j), F_dwave: (-1.1893505673772673e-20+0j)
F_px: -1.7061366627726382e-20j, F_py: 5.275135273157067e-21j
Free_energy = -28916.244267829934
------------------------------------------
[{'stable': {}, 'free': np.float64(-28916.244267829934)}]
------------------------------------------
  Seed: d-wave+px
F_onsite: (-5.684544623450113e-17+0j)
F_swave: (4.097615737497799e-17+0j), F_dwave: (-5.765015347763984e-21+0j)
F_px: -7.597597402482361e-21j, F_py: -1.3355863950717e-20j
Free_energy = -28916.244267829934
------------------------------------------
[{'stable': {}, 'free': np.float64(-28916.244267829934)}]
------------------------------------------
  Seed: d-wave+py
F_onsite: (5.636725518705627e-17+0j)
F_swave: (-4.06243402455442e-17+0j), F_dwave: (-1.1893505673772673e-20+0j)
F_px: -1.7061366627726382e-20j, F_py: 5.275135273157067e-21j
Free_energy = -28916.244267829934
------------------------------------------
[{'stable': {}, 'free': np.float64(-28916.244267829934)}]
------------------------------------------
  Seed: s-wave
F_onsite: (-5.684544623450113e-17+0j)
F_swave: (4.097615737497799e-17+0j), F_dwave: (-5.765015347763984e-21+0j)
F_px: -7.597597402482361e-21j, F_py: -1.3355863950717e-20j
Free_energy = -28916.244267829934
------------------------------------------
[{'stable': {}, 'free': np.float64(-28916.244267829934)}]
------------------------------------------
  Seed: s-wave+px
F_onsite: (-2.9518243730872116e-18+0j)
F_swave: (2.0409497309066753e-18+0j), F_dwave: (-4.712607772221017e-22+0j)
F_px: 7.983169895178002e-22j, F_py: -5.983385177856181e-21j
Free_energy = -28916.244267829934
------------------------------------------
[{'stable': {}, 'free': np.float64(-28916.244267829934)}]
------------------------------------------
  Seed: s-wave+py
F_onsite: (-5.684544623450113e-17+0j)
F_swave: (4.097615737497799e-17+0j), F_dwave: (-5.765015347763984e-21+0j)
F_px: -7.597597402482361e-21j, F_py: -1.3355863950717e-20j
Free_energy = -28916.244267829934
------------------------------------------
[{'stable': {}, 'free': np.float64(-28916.244267829934)}]
------------------------------------------
====================================
mu=2.76, T=0.0629
====================================
  Seed: normal state
F_onsite: 0j
F_swave: 0j, F_dwave: 0j
F_px: 0j, F_py: 0j
Free_energy = -28919.963434169986
------------------------------------------
[{'stable': {}, 'free': np.float64(-28919.963434169986)}]
------------------------------------------
  Seed: px
F_onsite: 1.9215345782754302e-19j
F_swave: -1.3254558883671197e-19j, F_dwave: -6.927403900308743e-25j
F_px: (1.0356376462784863e-22+0j), F_py: (-1.5485577173648772e-22+0j)
Free_energy = -28919.963434169986
------------------------------------------
[{'stable': {}, 'free': np.float64(-28919.963434169986)}]
------------------------------------------
  Seed: py
F_onsite: 1.9215345782754302e-19j
F_swave: -1.3254558883671197e-19j, F_dwave: -6.927403900308743e-25j
F_px: (1.0356376462784863e-22+0j), F_py: (-1.5485577173648772e-22+0j)
Free_energy = -28919.963434169986
------------------------------------------
[{'stable': {}, 'free': np.float64(-28919.963434169986)}]
------------------------------------------
  Seed: px+py
F_onsite: 1.9215345782754302e-19j
F_swave: -1.3254558883671197e-19j, F_dwave: -6.927403900308743e-25j
F_px: (1.0356376462784863e-22+0j), F_py: (-1.5485577173648772e-22+0j)
Free_energy = -28919.963434169986
------------------------------------------
[{'stable': {}, 'free': np.float64(-28919.963434169986)}]
------------------------------------------
  Seed: px+i*py
F_onsite: (-4.2596954898978916e-18+3.319830714095631e-18j)
F_swave: (2.949568696889526e-18-2.2981562400888163e-18j), F_dwave: (-4.889868874611014e-21+3.433910574768691e-21j)
F_px: (2.2194345535572005e-20+2.2004923383425925e-20j), F_py: (7.622265842488816e-21+2.151308180099055e-20j)
Free_energy = -28919.963434169986
------------------------------------------
[{'stable': {}, 'free': np.float64(-28919.963434169986)}]
------------------------------------------
  Seed: d-wave
F_onsite: (5.174164748311175e-18+0j)
F_swave: (-3.579299906501159e-18+0j), F_dwave: (-4.4467163812065256e-21+0j)
F_px: -1.5837997916770515e-20j, F_py: -1.6964828366099296e-20j
Free_energy = -28919.963434169986
------------------------------------------
[{'stable': {}, 'free': np.float64(-28919.963434169986)}]
------------------------------------------
  Seed: d-wave+px
F_onsite: (-5.40176163077327e-18+0j)
F_swave: (3.739174306507171e-18+0j), F_dwave: (7.417962332447724e-21+0j)
F_px: -2.8738288293104398e-21j, F_py: 2.985848838880954e-20j
Free_energy = -28919.963434169986
------------------------------------------
[{'stable': {}, 'free': np.float64(-28919.963434169986)}]
------------------------------------------
  Seed: d-wave+py
F_onsite: (5.174164748311175e-18+0j)
F_swave: (-3.579299906501159e-18+0j), F_dwave: (-4.4467163812065256e-21+0j)
F_px: -1.5837997916770515e-20j, F_py: -1.6964828366099296e-20j
Free_energy = -28919.963434169986
------------------------------------------
[{'stable': {}, 'free': np.float64(-28919.963434169986)}]
------------------------------------------
  Seed: s-wave
F_onsite: (-5.40176163077327e-18+0j)
F_swave: (3.739174306507171e-18+0j), F_dwave: (7.417962332447724e-21+0j)
F_px: -2.8738288293104398e-21j, F_py: 2.985848838880954e-20j
Free_energy = -28919.963434169986
------------------------------------------
[{'stable': {}, 'free': np.float64(-28919.963434169986)}]
------------------------------------------
  Seed: s-wave+px
F_onsite: (-2.1498065644736205e-19+0j)
F_swave: (1.482381737203738e-19+0j), F_dwave: (3.4589834025133882e-22+0j)
F_px: 1.3197828019933417e-21j, F_py: -2.5442037598550594e-21j
Free_energy = -28919.963434169986
------------------------------------------
[{'stable': {}, 'free': np.float64(-28919.963434169986)}]
------------------------------------------
  Seed: s-wave+py
F_onsite: (-5.40176163077327e-18+0j)
F_swave: (3.739174306507171e-18+0j), F_dwave: (7.417962332447724e-21+0j)
F_px: -2.8738288293104398e-21j, F_py: 2.985848838880954e-20j
Free_energy = -28919.963434169986
------------------------------------------
[{'stable': {}, 'free': np.float64(-28919.963434169986)}]
------------------------------------------
====================================
mu=2.76, T=0.0732
====================================
  Seed: normal state
F_onsite: 0j
F_swave: 0j, F_dwave: 0j
F_px: 0j, F_py: 0j
Free_energy = -28924.348181311692
------------------------------------------
[{'stable': {}, 'free': np.float64(-28924.348181311692)}]
------------------------------------------
  Seed: px
F_onsite: 1.499971114785887e-21j
F_swave: -1.0350961073284545e-21j, F_dwave: -2.7029865362776857e-28j
F_px: (4.2458794058933e-25+0j), F_py: (-6.348735831806474e-25+0j)
Free_energy = -28924.348181311692
------------------------------------------
[{'stable': {}, 'free': np.float64(-28924.348181311692)}]
------------------------------------------
  Seed: py
F_onsite: 1.499971114785887e-21j
F_swave: -1.0350961073284545e-21j, F_dwave: -2.7029865362776857e-28j
F_px: (4.2458794058933e-25+0j), F_py: (-6.348735831806474e-25+0j)
Free_energy = -28924.348181311692
------------------------------------------
[{'stable': {}, 'free': np.float64(-28924.348181311692)}]
------------------------------------------
  Seed: px+py
F_onsite: 1.499971114785887e-21j
F_swave: -1.0350961073284545e-21j, F_dwave: -2.7029865362776857e-28j
F_px: (4.2458794058933e-25+0j), F_py: (-6.348735831806474e-25+0j)
Free_energy = -28924.348181311692
------------------------------------------
[{'stable': {}, 'free': np.float64(-28924.348181311692)}]
------------------------------------------
  Seed: px+i*py
F_onsite: (-5.491729055385949e-19+4.550401522612749e-19j)
F_swave: (3.799081795740942e-19-3.142833494340328e-19j), F_dwave: (-5.581237153781058e-21+3.1554801246400995e-21j)
F_px: (-3.3167107931472456e-21+3.800148838148985e-21j), F_py: (-8.03846539372245e-21+1.850668647351097e-21j)
Free_energy = -28924.34818131169
------------------------------------------
[{'stable': {}, 'free': np.float64(-28924.348181311692)}]
------------------------------------------
  Seed: d-wave
F_onsite: (7.115966201488161e-19+0j)
F_swave: (-4.917519156113749e-19+0j), F_dwave: (-6.968552740427794e-22+0j)
F_px: -5.982577227343871e-21j, F_py: 3.240690864363935e-21j
Free_energy = -28924.348181311692
------------------------------------------
[{'stable': {}, 'free': np.float64(-28924.348181311692)}]
------------------------------------------
  Seed: d-wave+px
F_onsite: (-1.0856552297597212e-20+0j)
F_swave: (7.482270572588468e-21+0j), F_dwave: (1.1150221706131395e-22+0j)
F_px: 6.0870217495309975e-22j, F_py: -3.656857360365612e-22j
Free_energy = -28924.348181311692
------------------------------------------
[{'stable': {}, 'free': np.float64(-28924.348181311692)}]
------------------------------------------
  Seed: d-wave+py
F_onsite: (1.450558319676564e-20+0j)
F_swave: (-1.0000770974699535e-20+0j), F_dwave: (5.22537442541744e-22+0j)
F_px: -2.9129625557140515e-21j, F_py: 1.844261171062829e-21j
Free_energy = -28924.348181311692
------------------------------------------
[{'stable': {}, 'free': np.float64(-28924.348181311692)}]
------------------------------------------
  Seed: s-wave
F_onsite: (-1.0856552297597212e-20+0j)
F_swave: (7.482270572588468e-21+0j), F_dwave: (1.1150221706131395e-22+0j)
F_px: 6.0870217495309975e-22j, F_py: -3.656857360365612e-22j
Free_energy = -28924.348181311692
------------------------------------------
[{'stable': {}, 'free': np.float64(-28924.348181311692)}]
------------------------------------------
  Seed: s-wave+px
F_onsite: (-3.10747672454094e-21+0j)
F_swave: (2.1443993350800243e-21+0j), F_dwave: (2.2070066020955987e-22+0j)
F_px: 7.71599311678627e-22j, F_py: -1.2177505501070042e-21j
Free_energy = -28924.348181311692
------------------------------------------
[{'stable': {}, 'free': np.float64(-28924.348181311692)}]
------------------------------------------
  Seed: s-wave+py
F_onsite: (-7.416468150685016e-19+0j)
F_swave: (5.124183805561501e-19+0j), F_dwave: (1.350980139473751e-22+0j)
F_px: -6.476938383254822e-23j, F_py: 2.6683473867076022e-21j
Free_energy = -28924.348181311692
------------------------------------------
[{'stable': {}, 'free': np.float64(-28924.348181311692)}]
------------------------------------------
====================================
mu=2.76, T=0.0835
====================================
  Seed: normal state
F_onsite: 0j
F_swave: 0j, F_dwave: 0j
F_px: 0j, F_py: 0j
Free_energy = -28929.398863989547
------------------------------------------
[{'stable': {}, 'free': np.float64(-28929.398863989547)}]
------------------------------------------
  Seed: px
F_onsite: 0j
F_swave: 0j, F_dwave: 0j
F_px: 0j, F_py: 0j
Free_energy = -28929.398863989547
------------------------------------------
[{'stable': {}, 'free': np.float64(-28929.398863989547)}]
------------------------------------------
  Seed: py
F_onsite: 0j
F_swave: 0j, F_dwave: 0j
F_px: 0j, F_py: 0j
Free_energy = -28929.398863989547
------------------------------------------
[{'stable': {}, 'free': np.float64(-28929.398863989547)}]
------------------------------------------
  Seed: px+py
F_onsite: 0j
F_swave: 0j, F_dwave: 0j
F_px: 0j, F_py: 0j
Free_energy = -28929.398863989547
------------------------------------------
[{'stable': {}, 'free': np.float64(-28929.398863989547)}]
------------------------------------------
  Seed: px+i*py
F_onsite: (-4.3544032126652215e-20+1.4272654966266462e-20j)
F_swave: (3.0412585254654417e-20-9.651704873023862e-21j), F_dwave: (-6.686354485026968e-22+4.253736852327099e-21j)
F_px: (1.0459149197402047e-20+3.2020042535419143e-20j), F_py: (-1.4479249925041953e-20-1.448480938584899e-21j)
Free_energy = -28929.398863989547
------------------------------------------
[{'stable': {}, 'free': np.float64(-28929.398863989547)}]
------------------------------------------
  Seed: d-wave
F_onsite: (1.3138676080554222e-20+0j)
F_swave: (-9.058634091138851e-21+0j), F_dwave: (5.23310933329658e-22+0j)
F_px: -2.910690197776119e-21j, F_py: 1.843357249969042e-21j
Free_energy = -28929.398863989547
------------------------------------------
[{'stable': {}, 'free': np.float64(-28929.398863989547)}]
------------------------------------------
  Seed: d-wave+px
F_onsite: 0j
F_swave: 0j, F_dwave: 0j
F_px: 0j, F_py: 0j
Free_energy = -28929.398863989547
------------------------------------------
[{'stable': {}, 'free': np.float64(-28929.398863989547)}]
------------------------------------------
  Seed: d-wave+py
F_onsite: 0j
F_swave: 0j, F_dwave: 0j
F_px: 0j, F_py: 0j
Free_energy = -28929.398863989547
------------------------------------------
[{'stable': {}, 'free': np.float64(-28929.398863989547)}]
------------------------------------------
  Seed: s-wave
F_onsite: 0j
F_swave: 0j, F_dwave: 0j
F_px: 0j, F_py: 0j
Free_energy = -28929.398863989547
------------------------------------------
[{'stable': {}, 'free': np.float64(-28929.398863989547)}]
------------------------------------------
  Seed: s-wave+px
F_onsite: 0j
F_swave: 0j, F_dwave: 0j
F_px: 0j, F_py: 0j
Free_energy = -28929.398863989547
------------------------------------------
[{'stable': {}, 'free': np.float64(-28929.398863989547)}]
------------------------------------------
  Seed: s-wave+py
F_onsite: (-9.426970967537504e-21+0j)
F_swave: (6.496931323089886e-21+0j), F_dwave: (1.1161352132256854e-22+0j)
F_px: 6.095127917247204e-22j, F_py: -3.6874326512327147e-22j
Free_energy = -28929.398863989547
------------------------------------------
[{'stable': {}, 'free': np.float64(-28929.398863989547)}]
------------------------------------------
====================================
mu=2.76, T=0.0938
====================================
  Seed: normal state
F_onsite: 0j
F_swave: 0j, F_dwave: 0j
F_px: 0j, F_py: 0j
Free_energy = -28935.115985378812
------------------------------------------
[{'stable': {}, 'free': np.float64(-28935.115985378812)}]
------------------------------------------
  Seed: px
F_onsite: 0j
F_swave: 0j, F_dwave: 0j
F_px: 0j, F_py: 0j
Free_energy = -28935.115985378812
------------------------------------------
[{'stable': {}, 'free': np.float64(-28935.115985378812)}]
------------------------------------------
  Seed: py
F_onsite: 0j
F_swave: 0j, F_dwave: 0j
F_px: 0j, F_py: 0j
Free_energy = -28935.115985378812
------------------------------------------
[{'stable': {}, 'free': np.float64(-28935.115985378812)}]
------------------------------------------
  Seed: px+py
F_onsite: 0j
F_swave: 0j, F_dwave: 0j
F_px: 0j, F_py: 0j
Free_energy = -28935.115985378812
------------------------------------------
[{'stable': {}, 'free': np.float64(-28935.115985378812)}]
------------------------------------------
  Seed: px+i*py
F_onsite: (-3.690786961222062e-20-3.0734778659752594e-22j)
F_swave: (2.5277932191692858e-20+1.9816728555381942e-22j), F_dwave: (2.2634035903518753e-21+2.7749975329553117e-22j)
F_px: (7.254571018445011e-21+4.575341808481855e-20j), F_py: (-6.583852887812694e-21+1.2167238534958155e-20j)
Free_energy = -28935.11598537881
------------------------------------------
[{'stable': {}, 'free': np.float64(-28935.115985378812)}]
------------------------------------------
  Seed: d-wave
F_onsite: 0j
F_swave: 0j, F_dwave: 0j
F_px: 0j, F_py: 0j
Free_energy = -28935.115985378812
------------------------------------------
[{'stable': {}, 'free': np.float64(-28935.115985378812)}]
------------------------------------------
  Seed: d-wave+px
F_onsite: 0j
F_swave: 0j, F_dwave: 0j
F_px: 0j, F_py: 0j
Free_energy = -28935.115985378812
------------------------------------------
[{'stable': {}, 'free': np.float64(-28935.115985378812)}]
------------------------------------------
  Seed: d-wave+py
F_onsite: 0j
F_swave: 0j, F_dwave: 0j
F_px: 0j, F_py: 0j
Free_energy = -28935.115985378812
------------------------------------------
[{'stable': {}, 'free': np.float64(-28935.115985378812)}]
------------------------------------------
  Seed: s-wave
F_onsite: 0j
F_swave: 0j, F_dwave: 0j
F_px: 0j, F_py: 0j
Free_energy = -28935.115985378812
------------------------------------------
[{'stable': {}, 'free': np.float64(-28935.115985378812)}]
------------------------------------------
  Seed: s-wave+px
F_onsite: 0j
F_swave: 0j, F_dwave: 0j
F_px: 0j, F_py: 0j
Free_energy = -28935.115985378812
------------------------------------------
[{'stable': {}, 'free': np.float64(-28935.115985378812)}]
------------------------------------------
  Seed: s-wave+py
F_onsite: 0j
F_swave: 0j, F_dwave: 0j
F_px: 0j, F_py: 0j
Free_energy = -28935.115985378812
------------------------------------------
[{'stable': {}, 'free': np.float64(-28935.115985378812)}]
------------------------------------------
====================================
mu=2.76, T=0.1041
====================================
  Seed: normal state
F_onsite: 0j
F_swave: 0j, F_dwave: 0j
F_px: 0j, F_py: 0j
Free_energy = -28941.500103420745
------------------------------------------
[{'stable': {}, 'free': np.float64(-28941.500103420745)}]
------------------------------------------
  Seed: px
F_onsite: 0j
F_swave: 0j, F_dwave: 0j
F_px: 0j, F_py: 0j
Free_energy = -28941.500103420745
------------------------------------------
[{'stable': {}, 'free': np.float64(-28941.500103420745)}]
------------------------------------------
  Seed: py
F_onsite: 0j
F_swave: 0j, F_dwave: 0j
F_px: 0j, F_py: 0j
Free_energy = -28941.500103420745
------------------------------------------
[{'stable': {}, 'free': np.float64(-28941.500103420745)}]
------------------------------------------
  Seed: px+py
F_onsite: 0j
F_swave: 0j, F_dwave: 0j
F_px: 0j, F_py: 0j
Free_energy = -28941.500103420745
------------------------------------------
[{'stable': {}, 'free': np.float64(-28941.500103420745)}]
------------------------------------------
  Seed: px+i*py
F_onsite: (-1.7686901728176345e-20+6.681349693802752e-23j)
F_swave: (1.2400738328527396e-20-4.0972358642266743e-23j), F_dwave: (-6.608365210122139e-21+6.4069512483845875e-22j)
F_px: (5.826342939398561e-22+6.408190493056227e-21j), F_py: (-1.8672984841222922e-21-1.8899622436859295e-20j)
Free_energy = -28941.500103420745
------------------------------------------
[{'stable': {}, 'free': np.float64(-28941.500103420745)}]
------------------------------------------
  Seed: d-wave
F_onsite: 0j
F_swave: 0j, F_dwave: 0j
F_px: 0j, F_py: 0j
Free_energy = -28941.500103420745
------------------------------------------
[{'stable': {}, 'free': np.float64(-28941.500103420745)}]
------------------------------------------
  Seed: d-wave+px
F_onsite: 0j
F_swave: 0j, F_dwave: 0j
F_px: 0j, F_py: 0j
Free_energy = -28941.500103420745
------------------------------------------
[{'stable': {}, 'free': np.float64(-28941.500103420745)}]
------------------------------------------
  Seed: d-wave+py
F_onsite: 0j
F_swave: 0j, F_dwave: 0j
F_px: 0j, F_py: 0j
Free_energy = -28941.500103420745
------------------------------------------
[{'stable': {}, 'free': np.float64(-28941.500103420745)}]
------------------------------------------
  Seed: s-wave
F_onsite: 0j
F_swave: 0j, F_dwave: 0j
F_px: 0j, F_py: 0j
Free_energy = -28941.500103420745
------------------------------------------
[{'stable': {}, 'free': np.float64(-28941.500103420745)}]
------------------------------------------
  Seed: s-wave+px
F_onsite: 0j
F_swave: 0j, F_dwave: 0j
F_px: 0j, F_py: 0j
Free_energy = -28941.500103420745
------------------------------------------
[{'stable': {}, 'free': np.float64(-28941.500103420745)}]
------------------------------------------
  Seed: s-wave+py
F_onsite: 0j
F_swave: 0j, F_dwave: 0j
F_px: 0j, F_py: 0j
Free_energy = -28941.500103420745
------------------------------------------
[{'stable': {}, 'free': np.float64(-28941.500103420745)}]
------------------------------------------
====================================
mu=2.76, T=0.1144
====================================
  Seed: normal state
F_onsite: 0j
F_swave: 0j, F_dwave: 0j
F_px: 0j, F_py: 0j
Free_energy = -28948.55177359738
------------------------------------------
[{'stable': {}, 'free': np.float64(-28948.55177359738)}]
------------------------------------------
  Seed: px
F_onsite: 0j
F_swave: 0j, F_dwave: 0j
F_px: 0j, F_py: 0j
Free_energy = -28948.55177359738
------------------------------------------
[{'stable': {}, 'free': np.float64(-28948.55177359738)}]
------------------------------------------
  Seed: py
F_onsite: 0j
F_swave: 0j, F_dwave: 0j
F_px: 0j, F_py: 0j
Free_energy = -28948.55177359738
------------------------------------------
[{'stable': {}, 'free': np.float64(-28948.55177359738)}]
------------------------------------------
  Seed: px+py
F_onsite: 0j
F_swave: 0j, F_dwave: 0j
F_px: 0j, F_py: 0j
Free_energy = -28948.55177359738
------------------------------------------
[{'stable': {}, 'free': np.float64(-28948.55177359738)}]
------------------------------------------
  Seed: px+i*py
F_onsite: (6.750697457103572e-21-1.3908274258281127e-21j)
F_swave: (-4.1219035149327535e-21+9.82058074898182e-22j), F_dwave: (-8.213759564812878e-21+2.163000125201587e-22j)
F_px: (5.484116669300995e-22+1.4620862963173487e-20j), F_py: (7.955511070660292e-22+7.3790807295838e-21j)
Free_energy = -28948.55177359738
------------------------------------------
[{'stable': {}, 'free': np.float64(-28948.55177359738)}]
------------------------------------------
  Seed: d-wave
F_onsite: 0j
F_swave: 0j, F_dwave: 0j
F_px: 0j, F_py: 0j
Free_energy = -28948.55177359738
------------------------------------------
[{'stable': {}, 'free': np.float64(-28948.55177359738)}]
------------------------------------------
  Seed: d-wave+px
F_onsite: 0j
F_swave: 0j, F_dwave: 0j
F_px: 0j, F_py: 0j
Free_energy = -28948.55177359738
------------------------------------------
[{'stable': {}, 'free': np.float64(-28948.55177359738)}]
------------------------------------------
  Seed: d-wave+py
F_onsite: 0j
F_swave: 0j, F_dwave: 0j
F_px: 0j, F_py: 0j
Free_energy = -28948.55177359738
------------------------------------------
[{'stable': {}, 'free': np.float64(-28948.55177359738)}]
------------------------------------------
  Seed: s-wave
F_onsite: 0j
F_swave: 0j, F_dwave: 0j
F_px: 0j, F_py: 0j
Free_energy = -28948.55177359738
------------------------------------------
[{'stable': {}, 'free': np.float64(-28948.55177359738)}]
------------------------------------------
  Seed: s-wave+px
F_onsite: 0j
F_swave: 0j, F_dwave: 0j
F_px: 0j, F_py: 0j
Free_energy = -28948.55177359738
------------------------------------------
[{'stable': {}, 'free': np.float64(-28948.55177359738)}]
------------------------------------------
  Seed: s-wave+py
F_onsite: 0j
F_swave: 0j, F_dwave: 0j
F_px: 0j, F_py: 0j
Free_energy = -28948.55177359738
------------------------------------------
[{'stable': {}, 'free': np.float64(-28948.55177359738)}]
------------------------------------------
====================================
mu=2.76, T=0.1247
====================================
  Seed: normal state
F_onsite: 0j
F_swave: 0j, F_dwave: 0j
F_px: 0j, F_py: 0j
Free_energy = -28956.27148128579
------------------------------------------
[{'stable': {}, 'free': np.float64(-28956.27148128579)}]
------------------------------------------
  Seed: px
F_onsite: 0j
F_swave: 0j, F_dwave: 0j
F_px: 0j, F_py: 0j
Free_energy = -28956.27148128579
------------------------------------------
[{'stable': {}, 'free': np.float64(-28956.27148128579)}]
------------------------------------------
  Seed: py
F_onsite: 0j
F_swave: 0j, F_dwave: 0j
F_px: 0j, F_py: 0j
Free_energy = -28956.27148128579
------------------------------------------
[{'stable': {}, 'free': np.float64(-28956.27148128579)}]
------------------------------------------
  Seed: px+py
F_onsite: 0j
F_swave: 0j, F_dwave: 0j
F_px: 0j, F_py: 0j
Free_energy = -28956.27148128579
------------------------------------------
[{'stable': {}, 'free': np.float64(-28956.27148128579)}]
------------------------------------------
  Seed: px+i*py
F_onsite: (8.538127743015844e-20-2.12435226603886e-21j)
F_swave: (-5.687101848331303e-20+1.287463844180651e-21j), F_dwave: (2.4600824290489752e-20+3.458931675295937e-22j)
F_px: (-1.6316898736518627e-21-2.331263974620025e-20j), F_py: (-1.1023643317121385e-21+3.696244983109947e-20j)
Free_energy = -28956.271481285792
------------------------------------------
[{'stable': {}, 'free': np.float64(-28956.27148128579)}]
------------------------------------------
  Seed: d-wave
F_onsite: 0j
F_swave: 0j, F_dwave: 0j
F_px: 0j, F_py: 0j
Free_energy = -28956.27148128579
------------------------------------------
[{'stable': {}, 'free': np.float64(-28956.27148128579)}]
------------------------------------------
  Seed: d-wave+px
F_onsite: 0j
F_swave: 0j, F_dwave: 0j
F_px: 0j, F_py: 0j
Free_energy = -28956.27148128579
------------------------------------------
[{'stable': {}, 'free': np.float64(-28956.27148128579)}]
------------------------------------------
  Seed: d-wave+py
F_onsite: 0j
F_swave: 0j, F_dwave: 0j
F_px: 0j, F_py: 0j
Free_energy = -28956.27148128579
------------------------------------------
[{'stable': {}, 'free': np.float64(-28956.27148128579)}]
------------------------------------------
  Seed: s-wave
F_onsite: 0j
F_swave: 0j, F_dwave: 0j
F_px: 0j, F_py: 0j
Free_energy = -28956.27148128579
------------------------------------------
[{'stable': {}, 'free': np.float64(-28956.27148128579)}]
------------------------------------------
  Seed: s-wave+px
F_onsite: 0j
F_swave: 0j, F_dwave: 0j
F_px: 0j, F_py: 0j
Free_energy = -28956.27148128579
------------------------------------------
[{'stable': {}, 'free': np.float64(-28956.27148128579)}]
------------------------------------------
  Seed: s-wave+py
F_onsite: 0j
F_swave: 0j, F_dwave: 0j
F_px: 0j, F_py: 0j
Free_energy = -28956.27148128579
------------------------------------------
[{'stable': {}, 'free': np.float64(-28956.27148128579)}]
------------------------------------------
====================================
mu=2.76, T=0.1350
====================================
  Seed: normal state
F_onsite: 0j
F_swave: 0j, F_dwave: 0j
F_px: 0j, F_py: 0j
Free_energy = -28964.65956208738
------------------------------------------
[{'stable': {}, 'free': np.float64(-28964.65956208738)}]
------------------------------------------
  Seed: px
F_onsite: 0j
F_swave: 0j, F_dwave: 0j
F_px: 0j, F_py: 0j
Free_energy = -28964.65956208738
------------------------------------------
[{'stable': {}, 'free': np.float64(-28964.65956208738)}]
------------------------------------------
  Seed: py
F_onsite: 0j
F_swave: 0j, F_dwave: 0j
F_px: 0j, F_py: 0j
Free_energy = -28964.65956208738
------------------------------------------
[{'stable': {}, 'free': np.float64(-28964.65956208738)}]
------------------------------------------
  Seed: px+py
F_onsite: 0j
F_swave: 0j, F_dwave: 0j
F_px: 0j, F_py: 0j
Free_energy = -28964.65956208738
------------------------------------------
[{'stable': {}, 'free': np.float64(-28964.65956208738)}]
------------------------------------------
  Seed: px+i*py
F_onsite: (1.2980972151200656e-20+1.1206621524800066e-21j)
F_swave: (-9.358623485315777e-21-7.779259513657761e-22j), F_dwave: (1.284608315400038e-21-1.336641167644723e-22j)
F_px: (-1.8737113267640772e-22+4.95393444612209e-21j), F_py: (-9.557124292223887e-22+4.8872377856010394e-21j)
Free_energy = -28964.65956208738
------------------------------------------
[{'stable': {}, 'free': np.float64(-28964.65956208738)}]
------------------------------------------
  Seed: d-wave
F_onsite: 0j
F_swave: 0j, F_dwave: 0j
F_px: 0j, F_py: 0j
Free_energy = -28964.65956208738
------------------------------------------
[{'stable': {}, 'free': np.float64(-28964.65956208738)}]
------------------------------------------
  Seed: d-wave+px
F_onsite: 0j
F_swave: 0j, F_dwave: 0j
F_px: 0j, F_py: 0j
Free_energy = -28964.65956208738
------------------------------------------
[{'stable': {}, 'free': np.float64(-28964.65956208738)}]
------------------------------------------
  Seed: d-wave+py
F_onsite: 0j
F_swave: 0j, F_dwave: 0j
F_px: 0j, F_py: 0j
Free_energy = -28964.65956208738
------------------------------------------
[{'stable': {}, 'free': np.float64(-28964.65956208738)}]
------------------------------------------
  Seed: s-wave
F_onsite: 0j
F_swave: 0j, F_dwave: 0j
F_px: 0j, F_py: 0j
Free_energy = -28964.65956208738
------------------------------------------
[{'stable': {}, 'free': np.float64(-28964.65956208738)}]
------------------------------------------
  Seed: s-wave+px
F_onsite: 0j
F_swave: 0j, F_dwave: 0j
F_px: 0j, F_py: 0j
Free_energy = -28964.65956208738
------------------------------------------
[{'stable': {}, 'free': np.float64(-28964.65956208738)}]
------------------------------------------
  Seed: s-wave+py
F_onsite: 0j
F_swave: 0j, F_dwave: 0j
F_px: 0j, F_py: 0j
Free_energy = -28964.65956208738
------------------------------------------
[{'stable': {}, 'free': np.float64(-28964.65956208738)}]
------------------------------------------
====================================
mu=2.76, T=0.1453
====================================
  Seed: normal state
F_onsite: 0j
F_swave: 0j, F_dwave: 0j
F_px: 0j, F_py: 0j
Free_energy = -28973.71611990344
------------------------------------------
[{'stable': {}, 'free': np.float64(-28973.71611990344)}]
------------------------------------------
  Seed: px
F_onsite: 0j
F_swave: 0j, F_dwave: 0j
F_px: 0j, F_py: 0j
Free_energy = -28973.71611990344
------------------------------------------
[{'stable': {}, 'free': np.float64(-28973.71611990344)}]
------------------------------------------
  Seed: py
F_onsite: 0j
F_swave: 0j, F_dwave: 0j
F_px: 0j, F_py: 0j
Free_energy = -28973.71611990344
------------------------------------------
[{'stable': {}, 'free': np.float64(-28973.71611990344)}]
------------------------------------------
  Seed: px+py
F_onsite: 0j
F_swave: 0j, F_dwave: 0j
F_px: 0j, F_py: 0j
Free_energy = -28973.71611990344
------------------------------------------
[{'stable': {}, 'free': np.float64(-28973.71611990344)}]
------------------------------------------
  Seed: px+i*py
F_onsite: (-1.1731365285340293e-20+2.3088921694677894e-21j)
F_swave: (8.621633480939556e-21-1.5522406563620415e-21j), F_dwave: (-1.6369516733137261e-21+5.2896932799653274e-23j)
F_px: (-2.755035988801461e-22-9.044376282800653e-21j), F_py: (1.4494742846196973e-21+6.498363531009391e-21j)
Free_energy = -28973.716119903438
------------------------------------------
[{'stable': {}, 'free': np.float64(-28973.71611990344)}]
------------------------------------------
  Seed: d-wave
F_onsite: 0j
F_swave: 0j, F_dwave: 0j
F_px: 0j, F_py: 0j
Free_energy = -28973.71611990344
------------------------------------------
[{'stable': {}, 'free': np.float64(-28973.71611990344)}]
------------------------------------------
  Seed: d-wave+px
F_onsite: 0j
F_swave: 0j, F_dwave: 0j
F_px: 0j, F_py: 0j
Free_energy = -28973.71611990344
------------------------------------------
[{'stable': {}, 'free': np.float64(-28973.71611990344)}]
------------------------------------------
  Seed: d-wave+py
F_onsite: 0j
F_swave: 0j, F_dwave: 0j
F_px: 0j, F_py: 0j
Free_energy = -28973.71611990344
------------------------------------------
[{'stable': {}, 'free': np.float64(-28973.71611990344)}]
------------------------------------------
  Seed: s-wave
F_onsite: 0j
F_swave: 0j, F_dwave: 0j
F_px: 0j, F_py: 0j
Free_energy = -28973.71611990344
------------------------------------------
[{'stable': {}, 'free': np.float64(-28973.71611990344)}]
------------------------------------------
  Seed: s-wave+px
F_onsite: 0j
F_swave: 0j, F_dwave: 0j
F_px: 0j, F_py: 0j
Free_energy = -28973.71611990344
------------------------------------------
[{'stable': {}, 'free': np.float64(-28973.71611990344)}]
------------------------------------------
  Seed: s-wave+py
F_onsite: 0j
F_swave: 0j, F_dwave: 0j
F_px: 0j, F_py: 0j
Free_energy = -28973.71611990344
------------------------------------------
[{'stable': {}, 'free': np.float64(-28973.71611990344)}]
------------------------------------------
====================================
mu=2.76, T=0.1557
====================================
  Seed: normal state
F_onsite: 0j
F_swave: 0j, F_dwave: 0j
F_px: 0j, F_py: 0j
Free_energy = -28983.440953870002
------------------------------------------
[{'stable': {}, 'free': np.float64(-28983.440953870002)}]
------------------------------------------
  Seed: px
F_onsite: 0j
F_swave: 0j, F_dwave: 0j
F_px: 0j, F_py: 0j
Free_energy = -28983.440953870002
------------------------------------------
[{'stable': {}, 'free': np.float64(-28983.440953870002)}]
------------------------------------------
  Seed: py
F_onsite: 0j
F_swave: 0j, F_dwave: 0j
F_px: 0j, F_py: 0j
Free_energy = -28983.440953870002
------------------------------------------
[{'stable': {}, 'free': np.float64(-28983.440953870002)}]
------------------------------------------
  Seed: px+py
F_onsite: 0j
F_swave: 0j, F_dwave: 0j
F_px: 0j, F_py: 0j
Free_energy = -28983.440953870002
------------------------------------------
[{'stable': {}, 'free': np.float64(-28983.440953870002)}]
------------------------------------------
  Seed: px+i*py
F_onsite: (7.423150387281792e-21+2.6874461542928174e-21j)
F_swave: (-4.275532820866972e-21-1.8055610253708202e-21j), F_dwave: (-1.1493924315903978e-21-1.2660123125273842e-21j)
F_px: (-3.363247905748371e-21+2.4538505061699885e-20j), F_py: (-3.8475536602519845e-22-8.290801332516264e-21j)
Free_energy = -28983.440953870006
------------------------------------------
[{'stable': {}, 'free': np.float64(-28983.440953870002)}]
------------------------------------------
  Seed: d-wave
F_onsite: 0j
F_swave: 0j, F_dwave: 0j
F_px: 0j, F_py: 0j
Free_energy = -28983.440953870002
------------------------------------------
[{'stable': {}, 'free': np.float64(-28983.440953870002)}]
------------------------------------------
  Seed: d-wave+px
F_onsite: 0j
F_swave: 0j, F_dwave: 0j
F_px: 0j, F_py: 0j
Free_energy = -28983.440953870002
------------------------------------------
[{'stable': {}, 'free': np.float64(-28983.440953870002)}]
------------------------------------------
  Seed: d-wave+py
F_onsite: 0j
F_swave: 0j, F_dwave: 0j
F_px: 0j, F_py: 0j
Free_energy = -28983.440953870002
------------------------------------------
[{'stable': {}, 'free': np.float64(-28983.440953870002)}]
------------------------------------------
  Seed: s-wave
F_onsite: 0j
F_swave: 0j, F_dwave: 0j
F_px: 0j, F_py: 0j
Free_energy = -28983.440953870002
------------------------------------------
[{'stable': {}, 'free': np.float64(-28983.440953870002)}]
------------------------------------------
  Seed: s-wave+px
F_onsite: 0j
F_swave: 0j, F_dwave: 0j
F_px: 0j, F_py: 0j
Free_energy = -28983.440953870002
------------------------------------------
[{'stable': {}, 'free': np.float64(-28983.440953870002)}]
------------------------------------------
  Seed: s-wave+py
F_onsite: 0j
F_swave: 0j, F_dwave: 0j
F_px: 0j, F_py: 0j
Free_energy = -28983.440953870002
------------------------------------------
[{'stable': {}, 'free': np.float64(-28983.440953870002)}]
------------------------------------------
====================================
mu=2.76, T=0.1660
====================================
  Seed: normal state
F_onsite: 0j
F_swave: 0j, F_dwave: 0j
F_px: 0j, F_py: 0j
Free_energy = -28993.833502678663
------------------------------------------
[{'stable': {}, 'free': np.float64(-28993.833502678663)}]
------------------------------------------
  Seed: px
F_onsite: 0j
F_swave: 0j, F_dwave: 0j
F_px: 0j, F_py: 0j
Free_energy = -28993.833502678663
------------------------------------------
[{'stable': {}, 'free': np.float64(-28993.833502678663)}]
------------------------------------------
  Seed: py
F_onsite: 0j
F_swave: 0j, F_dwave: 0j
F_px: 0j, F_py: 0j
Free_energy = -28993.833502678663
------------------------------------------
[{'stable': {}, 'free': np.float64(-28993.833502678663)}]
------------------------------------------
  Seed: px+py
F_onsite: 0j
F_swave: 0j, F_dwave: 0j
F_px: 0j, F_py: 0j
Free_energy = -28993.833502678663
------------------------------------------
[{'stable': {}, 'free': np.float64(-28993.833502678663)}]
------------------------------------------
  Seed: px+i*py
F_onsite: (2.4902042696571262e-20+1.0085497173329223e-20j)
F_swave: (-1.75579893757387e-20-6.647455227529048e-21j), F_dwave: (-1.0403190414600038e-20-1.5295799193712817e-21j)
F_px: (3.279296747450657e-21-4.2010891996902446e-20j), F_py: (2.2011603799709265e-21+4.250184823699271e-20j)
Free_energy = -28993.833502678663
------------------------------------------
[{'stable': {}, 'free': np.float64(-28993.833502678663)}]
------------------------------------------
  Seed: d-wave
F_onsite: 0j
F_swave: 0j, F_dwave: 0j
F_px: 0j, F_py: 0j
Free_energy = -28993.833502678663
------------------------------------------
[{'stable': {}, 'free': np.float64(-28993.833502678663)}]
------------------------------------------
  Seed: d-wave+px
F_onsite: 0j
F_swave: 0j, F_dwave: 0j
F_px: 0j, F_py: 0j
Free_energy = -28993.833502678663
------------------------------------------
[{'stable': {}, 'free': np.float64(-28993.833502678663)}]
------------------------------------------
  Seed: d-wave+py
F_onsite: 0j
F_swave: 0j, F_dwave: 0j
F_px: 0j, F_py: 0j
Free_energy = -28993.833502678663
------------------------------------------
[{'stable': {}, 'free': np.float64(-28993.833502678663)}]
------------------------------------------
  Seed: s-wave
F_onsite: 0j
F_swave: 0j, F_dwave: 0j
F_px: 0j, F_py: 0j
Free_energy = -28993.833502678663
------------------------------------------
[{'stable': {}, 'free': np.float64(-28993.833502678663)}]
------------------------------------------
  Seed: s-wave+px
F_onsite: 0j
F_swave: 0j, F_dwave: 0j
F_px: 0j, F_py: 0j
Free_energy = -28993.833502678663
------------------------------------------
[{'stable': {}, 'free': np.float64(-28993.833502678663)}]
------------------------------------------
  Seed: s-wave+py
F_onsite: 0j
F_swave: 0j, F_dwave: 0j
F_px: 0j, F_py: 0j
Free_energy = -28993.833502678663
------------------------------------------
[{'stable': {}, 'free': np.float64(-28993.833502678663)}]
------------------------------------------
====================================
mu=2.76, T=0.1763
====================================
  Seed: normal state
F_onsite: 0j
F_swave: 0j, F_dwave: 0j
F_px: 0j, F_py: 0j
Free_energy = -29004.89281097716
------------------------------------------
[{'stable': {}, 'free': np.float64(-29004.89281097716)}]
------------------------------------------
  Seed: px
F_onsite: 0j
F_swave: 0j, F_dwave: 0j
F_px: 0j, F_py: 0j
Free_energy = -29004.89281097716
------------------------------------------
[{'stable': {}, 'free': np.float64(-29004.89281097716)}]
------------------------------------------
  Seed: py
F_onsite: 0j
F_swave: 0j, F_dwave: 0j
F_px: 0j, F_py: 0j
Free_energy = -29004.89281097716
------------------------------------------
[{'stable': {}, 'free': np.float64(-29004.89281097716)}]
------------------------------------------
  Seed: px+py
F_onsite: 0j
F_swave: 0j, F_dwave: 0j
F_px: 0j, F_py: 0j
Free_energy = -29004.89281097716
------------------------------------------
[{'stable': {}, 'free': np.float64(-29004.89281097716)}]
------------------------------------------
  Seed: px+i*py
F_onsite: (3.160504491681018e-20-4.713019140415788e-21j)
F_swave: (-1.8498404227588214e-20+3.1311317587582445e-21j), F_dwave: (1.0407851680273032e-20+5.390424467448995e-22j)
F_px: (-1.9164803432837428e-21+2.717253794570667e-21j), F_py: (3.3516054928556765e-21-6.793355131925498e-20j)
Free_energy = -29004.89281097716
------------------------------------------
[{'stable': {}, 'free': np.float64(-29004.89281097716)}]
------------------------------------------
  Seed: d-wave
F_onsite: 0j
F_swave: 0j, F_dwave: 0j
F_px: 0j, F_py: 0j
Free_energy = -29004.89281097716
------------------------------------------
[{'stable': {}, 'free': np.float64(-29004.89281097716)}]
------------------------------------------
  Seed: d-wave+px
F_onsite: 0j
F_swave: 0j, F_dwave: 0j
F_px: 0j, F_py: 0j
Free_energy = -29004.89281097716
------------------------------------------
[{'stable': {}, 'free': np.float64(-29004.89281097716)}]
------------------------------------------
  Seed: d-wave+py
F_onsite: 0j
F_swave: 0j, F_dwave: 0j
F_px: 0j, F_py: 0j
Free_energy = -29004.89281097716
------------------------------------------
[{'stable': {}, 'free': np.float64(-29004.89281097716)}]
------------------------------------------
  Seed: s-wave
F_onsite: 0j
F_swave: 0j, F_dwave: 0j
F_px: 0j, F_py: 0j
Free_energy = -29004.89281097716
------------------------------------------
[{'stable': {}, 'free': np.float64(-29004.89281097716)}]
------------------------------------------
  Seed: s-wave+px
F_onsite: 0j
F_swave: 0j, F_dwave: 0j
F_px: 0j, F_py: 0j
Free_energy = -29004.89281097716
------------------------------------------
[{'stable': {}, 'free': np.float64(-29004.89281097716)}]
------------------------------------------
  Seed: s-wave+py
F_onsite: 0j
F_swave: 0j, F_dwave: 0j
F_px: 0j, F_py: 0j
Free_energy = -29004.89281097716
------------------------------------------
[{'stable': {}, 'free': np.float64(-29004.89281097716)}]
------------------------------------------
====================================
mu=2.76, T=0.1866
====================================
  Seed: normal state
F_onsite: 0j
F_swave: 0j, F_dwave: 0j
F_px: 0j, F_py: 0j
Free_energy = -29016.617518932402
------------------------------------------
[{'stable': {}, 'free': np.float64(-29016.617518932402)}]
------------------------------------------
  Seed: px
F_onsite: 0j
F_swave: 0j, F_dwave: 0j
F_px: 0j, F_py: 0j
Free_energy = -29016.617518932402
------------------------------------------
[{'stable': {}, 'free': np.float64(-29016.617518932402)}]
------------------------------------------
  Seed: py
F_onsite: 0j
F_swave: 0j, F_dwave: 0j
F_px: 0j, F_py: 0j
Free_energy = -29016.617518932402
------------------------------------------
[{'stable': {}, 'free': np.float64(-29016.617518932402)}]
------------------------------------------
  Seed: px+py
F_onsite: 0j
F_swave: 0j, F_dwave: 0j
F_px: 0j, F_py: 0j
Free_energy = -29016.617518932402
------------------------------------------
[{'stable': {}, 'free': np.float64(-29016.617518932402)}]
------------------------------------------
  Seed: px+i*py
F_onsite: (1.160394128538761e-20+2.736603860753218e-21j)
F_swave: (-7.836216496567665e-21-2.029322850921384e-21j), F_dwave: (-2.8331771787082545e-21-1.4401477445373803e-21j)
F_px: (1.0249225617989403e-21-4.265381483116406e-20j), F_py: (3.716781736879855e-21-1.369956117040704e-20j)
Free_energy = -29016.617518932402
------------------------------------------
[{'stable': {}, 'free': np.float64(-29016.617518932402)}]
------------------------------------------
  Seed: d-wave
F_onsite: 0j
F_swave: 0j, F_dwave: 0j
F_px: 0j, F_py: 0j
Free_energy = -29016.617518932402
------------------------------------------
[{'stable': {}, 'free': np.float64(-29016.617518932402)}]
------------------------------------------
  Seed: d-wave+px
F_onsite: 0j
F_swave: 0j, F_dwave: 0j
F_px: 0j, F_py: 0j
Free_energy = -29016.617518932402
------------------------------------------
[{'stable': {}, 'free': np.float64(-29016.617518932402)}]
------------------------------------------
  Seed: d-wave+py
F_onsite: 0j
F_swave: 0j, F_dwave: 0j
F_px: 0j, F_py: 0j
Free_energy = -29016.617518932402
------------------------------------------
[{'stable': {}, 'free': np.float64(-29016.617518932402)}]
------------------------------------------
  Seed: s-wave
F_onsite: 0j
F_swave: 0j, F_dwave: 0j
F_px: 0j, F_py: 0j
Free_energy = -29016.617518932402
------------------------------------------
[{'stable': {}, 'free': np.float64(-29016.617518932402)}]
------------------------------------------
  Seed: s-wave+px
F_onsite: 0j
F_swave: 0j, F_dwave: 0j
F_px: 0j, F_py: 0j
Free_energy = -29016.617518932402
------------------------------------------
[{'stable': {}, 'free': np.float64(-29016.617518932402)}]
------------------------------------------
  Seed: s-wave+py
F_onsite: 0j
F_swave: 0j, F_dwave: 0j
F_px: 0j, F_py: 0j
Free_energy = -29016.617518932402
------------------------------------------
[{'stable': {}, 'free': np.float64(-29016.617518932402)}]
------------------------------------------
====================================
mu=2.76, T=0.1969
====================================
  Seed: normal state
F_onsite: 0j
F_swave: 0j, F_dwave: 0j
F_px: 0j, F_py: 0j
Free_energy = -29029.005873294274
------------------------------------------
[{'stable': {}, 'free': np.float64(-29029.005873294274)}]
------------------------------------------
  Seed: px
F_onsite: 0j
F_swave: 0j, F_dwave: 0j
F_px: 0j, F_py: 0j
Free_energy = -29029.005873294274
------------------------------------------
[{'stable': {}, 'free': np.float64(-29029.005873294274)}]
------------------------------------------
  Seed: py
F_onsite: 0j
F_swave: 0j, F_dwave: 0j
F_px: 0j, F_py: 0j
Free_energy = -29029.005873294274
------------------------------------------
[{'stable': {}, 'free': np.float64(-29029.005873294274)}]
------------------------------------------
  Seed: px+py
F_onsite: 0j
F_swave: 0j, F_dwave: 0j
F_px: 0j, F_py: 0j
Free_energy = -29029.005873294274
------------------------------------------
[{'stable': {}, 'free': np.float64(-29029.005873294274)}]
------------------------------------------
  Seed: px+i*py
F_onsite: (7.659336819985383e-21+3.111785291678623e-21j)
F_swave: (-2.685599565004483e-21-2.0880761551770123e-21j), F_dwave: (5.297608659122584e-21-6.303100241571263e-22j)
F_px: (9.149888945501826e-23-2.0762898930195625e-20j), F_py: (-7.689299252509467e-22-2.30310173719778e-21j)
Free_energy = -29029.005873294274
------------------------------------------
[{'stable': {}, 'free': np.float64(-29029.005873294274)}]
------------------------------------------
  Seed: d-wave
F_onsite: 0j
F_swave: 0j, F_dwave: 0j
F_px: 0j, F_py: 0j
Free_energy = -29029.005873294274
------------------------------------------
[{'stable': {}, 'free': np.float64(-29029.005873294274)}]
------------------------------------------
  Seed: d-wave+px
F_onsite: 0j
F_swave: 0j, F_dwave: 0j
F_px: 0j, F_py: 0j
Free_energy = -29029.005873294274
------------------------------------------
[{'stable': {}, 'free': np.float64(-29029.005873294274)}]
------------------------------------------
  Seed: d-wave+py
F_onsite: 0j
F_swave: 0j, F_dwave: 0j
F_px: 0j, F_py: 0j
Free_energy = -29029.005873294274
------------------------------------------
[{'stable': {}, 'free': np.float64(-29029.005873294274)}]
------------------------------------------
  Seed: s-wave
F_onsite: 0j
F_swave: 0j, F_dwave: 0j
F_px: 0j, F_py: 0j
Free_energy = -29029.005873294274
------------------------------------------
[{'stable': {}, 'free': np.float64(-29029.005873294274)}]
------------------------------------------
  Seed: s-wave+px
F_onsite: 0j
F_swave: 0j, F_dwave: 0j
F_px: 0j, F_py: 0j
Free_energy = -29029.005873294274
------------------------------------------
[{'stable': {}, 'free': np.float64(-29029.005873294274)}]
------------------------------------------
  Seed: s-wave+py
F_onsite: 0j
F_swave: 0j, F_dwave: 0j
F_px: 0j, F_py: 0j
Free_energy = -29029.005873294274
------------------------------------------
[{'stable': {}, 'free': np.float64(-29029.005873294274)}]
------------------------------------------
====================================
mu=2.76, T=0.2072
====================================
  Seed: normal state
F_onsite: 0j
F_swave: 0j, F_dwave: 0j
F_px: 0j, F_py: 0j
Free_energy = -29042.055756573583
------------------------------------------
[{'stable': {}, 'free': np.float64(-29042.055756573583)}]
------------------------------------------
  Seed: px
F_onsite: 0j
F_swave: 0j, F_dwave: 0j
F_px: 0j, F_py: 0j
Free_energy = -29042.055756573583
------------------------------------------
[{'stable': {}, 'free': np.float64(-29042.055756573583)}]
------------------------------------------
  Seed: py
F_onsite: 0j
F_swave: 0j, F_dwave: 0j
F_px: 0j, F_py: 0j
Free_energy = -29042.055756573583
------------------------------------------
[{'stable': {}, 'free': np.float64(-29042.055756573583)}]
------------------------------------------
  Seed: px+py
F_onsite: 0j
F_swave: 0j, F_dwave: 0j
F_px: 0j, F_py: 0j
Free_energy = -29042.055756573583
------------------------------------------
[{'stable': {}, 'free': np.float64(-29042.055756573583)}]
------------------------------------------
  Seed: px+i*py
F_onsite: (1.7140818748961003e-19-5.235955528838274e-21j)
F_swave: (-1.1547396439252305e-19+3.2442227204907177e-21j), F_dwave: (-3.750328479549069e-21+1.96870321976607e-21j)
F_px: (2.903939289570449e-23+7.865971859221837e-20j), F_py: (-4.9412083116109145e-21+3.286627420858555e-20j)
Free_energy = -29042.055756573583
------------------------------------------
[{'stable': {}, 'free': np.float64(-29042.055756573583)}]
------------------------------------------
  Seed: d-wave
F_onsite: 0j
F_swave: 0j, F_dwave: 0j
F_px: 0j, F_py: 0j
Free_energy = -29042.055756573583
------------------------------------------
[{'stable': {}, 'free': np.float64(-29042.055756573583)}]
------------------------------------------
  Seed: d-wave+px
F_onsite: 0j
F_swave: 0j, F_dwave: 0j
F_px: 0j, F_py: 0j
Free_energy = -29042.055756573583
------------------------------------------
[{'stable': {}, 'free': np.float64(-29042.055756573583)}]
------------------------------------------
  Seed: d-wave+py
F_onsite: 0j
F_swave: 0j, F_dwave: 0j
F_px: 0j, F_py: 0j
Free_energy = -29042.055756573583
------------------------------------------
[{'stable': {}, 'free': np.float64(-29042.055756573583)}]
------------------------------------------
  Seed: s-wave
F_onsite: 0j
F_swave: 0j, F_dwave: 0j
F_px: 0j, F_py: 0j
Free_energy = -29042.055756573583
------------------------------------------
[{'stable': {}, 'free': np.float64(-29042.055756573583)}]
------------------------------------------
  Seed: s-wave+px
F_onsite: 0j
F_swave: 0j, F_dwave: 0j
F_px: 0j, F_py: 0j
Free_energy = -29042.055756573583
------------------------------------------
[{'stable': {}, 'free': np.float64(-29042.055756573583)}]
------------------------------------------
  Seed: s-wave+py
F_onsite: 0j
F_swave: 0j, F_dwave: 0j
F_px: 0j, F_py: 0j
Free_energy = -29042.055756573583
------------------------------------------
[{'stable': {}, 'free': np.float64(-29042.055756573583)}]
------------------------------------------
====================================
mu=2.76, T=0.2175
====================================
  Seed: normal state
F_onsite: 0j
F_swave: 0j, F_dwave: 0j
F_px: 0j, F_py: 0j
Free_energy = -29055.764730109076
------------------------------------------
[{'stable': {}, 'free': np.float64(-29055.764730109076)}]
------------------------------------------
  Seed: px
F_onsite: 0j
F_swave: 0j, F_dwave: 0j
F_px: 0j, F_py: 0j
Free_energy = -29055.764730109076
------------------------------------------
[{'stable': {}, 'free': np.float64(-29055.764730109076)}]
------------------------------------------
  Seed: py
F_onsite: 0j
F_swave: 0j, F_dwave: 0j
F_px: 0j, F_py: 0j
Free_energy = -29055.764730109076
------------------------------------------
[{'stable': {}, 'free': np.float64(-29055.764730109076)}]
------------------------------------------
  Seed: px+py
F_onsite: 0j
F_swave: 0j, F_dwave: 0j
F_px: 0j, F_py: 0j
Free_energy = -29055.764730109076
------------------------------------------
[{'stable': {}, 'free': np.float64(-29055.764730109076)}]
------------------------------------------
  Seed: px+i*py
F_onsite: (7.365605988911448e-20+2.5036406079495533e-21j)
F_swave: (-4.8611161796077345e-20-1.7566812107156297e-21j), F_dwave: (-5.787087304854631e-21+2.1344975022172318e-22j)
F_px: (-2.9467822819347886e-22+3.127807161439885e-20j), F_py: (4.262971351542687e-22+5.572886248442761e-20j)
Free_energy = -29055.764730109076
------------------------------------------
[{'stable': {}, 'free': np.float64(-29055.764730109076)}]
------------------------------------------
  Seed: d-wave
F_onsite: 0j
F_swave: 0j, F_dwave: 0j
F_px: 0j, F_py: 0j
Free_energy = -29055.764730109076
------------------------------------------
[{'stable': {}, 'free': np.float64(-29055.764730109076)}]
------------------------------------------
  Seed: d-wave+px
F_onsite: 0j
F_swave: 0j, F_dwave: 0j
F_px: 0j, F_py: 0j
Free_energy = -29055.764730109076
------------------------------------------
[{'stable': {}, 'free': np.float64(-29055.764730109076)}]
------------------------------------------
  Seed: d-wave+py
F_onsite: 0j
F_swave: 0j, F_dwave: 0j
F_px: 0j, F_py: 0j
Free_energy = -29055.764730109076
------------------------------------------
[{'stable': {}, 'free': np.float64(-29055.764730109076)}]
------------------------------------------
  Seed: s-wave
F_onsite: 0j
F_swave: 0j, F_dwave: 0j
F_px: 0j, F_py: 0j
Free_energy = -29055.764730109076
------------------------------------------
[{'stable': {}, 'free': np.float64(-29055.764730109076)}]
------------------------------------------
  Seed: s-wave+px
F_onsite: 0j
F_swave: 0j, F_dwave: 0j
F_px: 0j, F_py: 0j
Free_energy = -29055.764730109076
------------------------------------------
[{'stable': {}, 'free': np.float64(-29055.764730109076)}]
------------------------------------------
  Seed: s-wave+py
F_onsite: 0j
F_swave: 0j, F_dwave: 0j
F_px: 0j, F_py: 0j
Free_energy = -29055.764730109076
------------------------------------------
[{'stable': {}, 'free': np.float64(-29055.764730109076)}]
------------------------------------------
====================================
mu=2.76, T=0.2278
====================================
  Seed: normal state
F_onsite: 0j
F_swave: 0j, F_dwave: 0j
F_px: 0j, F_py: 0j
Free_energy = -29070.130086650595
------------------------------------------
[{'stable': {}, 'free': np.float64(-29070.130086650595)}]
------------------------------------------
  Seed: px
F_onsite: 0j
F_swave: 0j, F_dwave: 0j
F_px: 0j, F_py: 0j
Free_energy = -29070.130086650595
------------------------------------------
[{'stable': {}, 'free': np.float64(-29070.130086650595)}]
------------------------------------------
  Seed: py
F_onsite: 0j
F_swave: 0j, F_dwave: 0j
F_px: 0j, F_py: 0j
Free_energy = -29070.130086650595
------------------------------------------
[{'stable': {}, 'free': np.float64(-29070.130086650595)}]
------------------------------------------
  Seed: px+py
F_onsite: 0j
F_swave: 0j, F_dwave: 0j
F_px: 0j, F_py: 0j
Free_energy = -29070.130086650595
------------------------------------------
[{'stable': {}, 'free': np.float64(-29070.130086650595)}]
------------------------------------------
  Seed: px+i*py
F_onsite: (2.1340309577815147e-20-2.6714979550112453e-21j)
F_swave: (-1.2493214648689059e-20+1.796787624960292e-21j), F_dwave: (-9.99329387943397e-21+1.817766123585959e-22j)
F_px: (2.3162751919442374e-21+1.2148411390295377e-20j), F_py: (2.0090177883747713e-21+2.5802805651870497e-20j)
Free_energy = -29070.130086650595
------------------------------------------
[{'stable': {}, 'free': np.float64(-29070.130086650595)}]
------------------------------------------
  Seed: d-wave
F_onsite: 0j
F_swave: 0j, F_dwave: 0j
F_px: 0j, F_py: 0j
Free_energy = -29070.130086650595
------------------------------------------
[{'stable': {}, 'free': np.float64(-29070.130086650595)}]
------------------------------------------
  Seed: d-wave+px
F_onsite: 0j
F_swave: 0j, F_dwave: 0j
F_px: 0j, F_py: 0j
Free_energy = -29070.130086650595
------------------------------------------
[{'stable': {}, 'free': np.float64(-29070.130086650595)}]
------------------------------------------
  Seed: d-wave+py
F_onsite: 0j
F_swave: 0j, F_dwave: 0j
F_px: 0j, F_py: 0j
Free_energy = -29070.130086650595
------------------------------------------
[{'stable': {}, 'free': np.float64(-29070.130086650595)}]
------------------------------------------
  Seed: s-wave
F_onsite: 0j
F_swave: 0j, F_dwave: 0j
F_px: 0j, F_py: 0j
Free_energy = -29070.130086650595
------------------------------------------
[{'stable': {}, 'free': np.float64(-29070.130086650595)}]
------------------------------------------
  Seed: s-wave+px
F_onsite: 0j
F_swave: 0j, F_dwave: 0j
F_px: 0j, F_py: 0j
Free_energy = -29070.130086650595
------------------------------------------
[{'stable': {}, 'free': np.float64(-29070.130086650595)}]
------------------------------------------
  Seed: s-wave+py
F_onsite: 0j
F_swave: 0j, F_dwave: 0j
F_px: 0j, F_py: 0j
Free_energy = -29070.130086650595
------------------------------------------
[{'stable': {}, 'free': np.float64(-29070.130086650595)}]
------------------------------------------
====================================
mu=2.76, T=0.2381
====================================
  Seed: normal state
F_onsite: 0j
F_swave: 0j, F_dwave: 0j
F_px: 0j, F_py: 0j
Free_energy = -29085.148908358147
------------------------------------------
[{'stable': {}, 'free': np.float64(-29085.148908358147)}]
------------------------------------------
  Seed: px
F_onsite: 0j
F_swave: 0j, F_dwave: 0j
F_px: 0j, F_py: 0j
Free_energy = -29085.148908358147
------------------------------------------
[{'stable': {}, 'free': np.float64(-29085.148908358147)}]
------------------------------------------
  Seed: py
F_onsite: 0j
F_swave: 0j, F_dwave: 0j
F_px: 0j, F_py: 0j
Free_energy = -29085.148908358147
------------------------------------------
[{'stable': {}, 'free': np.float64(-29085.148908358147)}]
------------------------------------------
  Seed: px+py
F_onsite: 0j
F_swave: 0j, F_dwave: 0j
F_px: 0j, F_py: 0j
Free_energy = -29085.148908358147
------------------------------------------
[{'stable': {}, 'free': np.float64(-29085.148908358147)}]
------------------------------------------
  Seed: px+i*py
F_onsite: (-2.1555291780831638e-20-6.893276643814926e-21j)
F_swave: (1.2325477018596005e-20+4.2910447082871926e-21j), F_dwave: (1.532676807296937e-20+6.970773282425307e-22j)
F_px: (-2.5639010429933936e-21+1.8919623412301414e-20j), F_py: (3.157281019294316e-21-8.139049630977851e-21j)
Free_energy = -29085.148908358147
------------------------------------------
[{'stable': {}, 'free': np.float64(-29085.148908358147)}]
------------------------------------------
  Seed: d-wave
F_onsite: 0j
F_swave: 0j, F_dwave: 0j
F_px: 0j, F_py: 0j
Free_energy = -29085.148908358147
------------------------------------------
[{'stable': {}, 'free': np.float64(-29085.148908358147)}]
------------------------------------------
  Seed: d-wave+px
F_onsite: 0j
F_swave: 0j, F_dwave: 0j
F_px: 0j, F_py: 0j
Free_energy = -29085.148908358147
------------------------------------------
[{'stable': {}, 'free': np.float64(-29085.148908358147)}]
------------------------------------------
  Seed: d-wave+py
F_onsite: 0j
F_swave: 0j, F_dwave: 0j
F_px: 0j, F_py: 0j
Free_energy = -29085.148908358147
------------------------------------------
[{'stable': {}, 'free': np.float64(-29085.148908358147)}]
------------------------------------------
  Seed: s-wave
F_onsite: 0j
F_swave: 0j, F_dwave: 0j
F_px: 0j, F_py: 0j
Free_energy = -29085.148908358147
------------------------------------------
[{'stable': {}, 'free': np.float64(-29085.148908358147)}]
------------------------------------------
  Seed: s-wave+px
F_onsite: 0j
F_swave: 0j, F_dwave: 0j
F_px: 0j, F_py: 0j
Free_energy = -29085.148908358147
------------------------------------------
[{'stable': {}, 'free': np.float64(-29085.148908358147)}]
------------------------------------------
  Seed: s-wave+py
F_onsite: 0j
F_swave: 0j, F_dwave: 0j
F_px: 0j, F_py: 0j
Free_energy = -29085.148908358147
------------------------------------------
[{'stable': {}, 'free': np.float64(-29085.148908358147)}]
------------------------------------------
====================================
mu=2.76, T=0.2484
====================================
  Seed: normal state
F_onsite: 0j
F_swave: 0j, F_dwave: 0j
F_px: 0j, F_py: 0j
Free_energy = -29100.81812665936
------------------------------------------
[{'stable': {}, 'free': np.float64(-29100.81812665936)}]
------------------------------------------
  Seed: px
F_onsite: 0j
F_swave: 0j, F_dwave: 0j
F_px: 0j, F_py: 0j
Free_energy = -29100.81812665936
------------------------------------------
[{'stable': {}, 'free': np.float64(-29100.81812665936)}]
------------------------------------------
  Seed: py
F_onsite: 0j
F_swave: 0j, F_dwave: 0j
F_px: 0j, F_py: 0j
Free_energy = -29100.81812665936
------------------------------------------
[{'stable': {}, 'free': np.float64(-29100.81812665936)}]
------------------------------------------
  Seed: px+py
F_onsite: 0j
F_swave: 0j, F_dwave: 0j
F_px: 0j, F_py: 0j
Free_energy = -29100.81812665936
------------------------------------------
[{'stable': {}, 'free': np.float64(-29100.81812665936)}]
------------------------------------------
  Seed: px+i*py
F_onsite: (-3.4074451171863584e-21+8.014778797388568e-21j)
F_swave: (3.231186323535003e-21-5.362359179054669e-21j), F_dwave: (-2.9091888828720745e-21+1.5124343065752112e-21j)
F_px: (-1.2226773752020925e-21-1.367078261065808e-20j), F_py: (4.6543068550555676e-21-2.5924841466842838e-20j)
Free_energy = -29100.818126659367
------------------------------------------
[{'stable': {}, 'free': np.float64(-29100.81812665936)}]
------------------------------------------
  Seed: d-wave
F_onsite: 0j
F_swave: 0j, F_dwave: 0j
F_px: 0j, F_py: 0j
Free_energy = -29100.81812665936
------------------------------------------
[{'stable': {}, 'free': np.float64(-29100.81812665936)}]
------------------------------------------
  Seed: d-wave+px
F_onsite: 0j
F_swave: 0j, F_dwave: 0j
F_px: 0j, F_py: 0j
Free_energy = -29100.81812665936
------------------------------------------
[{'stable': {}, 'free': np.float64(-29100.81812665936)}]
------------------------------------------
  Seed: d-wave+py
F_onsite: 0j
F_swave: 0j, F_dwave: 0j
F_px: 0j, F_py: 0j
Free_energy = -29100.81812665936
------------------------------------------
[{'stable': {}, 'free': np.float64(-29100.81812665936)}]
------------------------------------------
  Seed: s-wave
F_onsite: 0j
F_swave: 0j, F_dwave: 0j
F_px: 0j, F_py: 0j
Free_energy = -29100.81812665936
------------------------------------------
[{'stable': {}, 'free': np.float64(-29100.81812665936)}]
------------------------------------------
  Seed: s-wave+px
F_onsite: 0j
F_swave: 0j, F_dwave: 0j
F_px: 0j, F_py: 0j
Free_energy = -29100.81812665936
------------------------------------------
[{'stable': {}, 'free': np.float64(-29100.81812665936)}]
------------------------------------------
  Seed: s-wave+py
F_onsite: 0j
F_swave: 0j, F_dwave: 0j
F_px: 0j, F_py: 0j
Free_energy = -29100.81812665936
------------------------------------------
[{'stable': {}, 'free': np.float64(-29100.81812665936)}]
------------------------------------------
====================================
mu=2.76, T=0.2588
====================================
  Seed: normal state
F_onsite: 0j
F_swave: 0j, F_dwave: 0j
F_px: 0j, F_py: 0j
Free_energy = -29117.134581057166
------------------------------------------
[{'stable': {}, 'free': np.float64(-29117.134581057166)}]
------------------------------------------
  Seed: px
F_onsite: 0j
F_swave: 0j, F_dwave: 0j
F_px: 0j, F_py: 0j
Free_energy = -29117.134581057166
------------------------------------------
[{'stable': {}, 'free': np.float64(-29117.134581057166)}]
------------------------------------------
  Seed: py
F_onsite: 0j
F_swave: 0j, F_dwave: 0j
F_px: 0j, F_py: 0j
Free_energy = -29117.134581057166
------------------------------------------
[{'stable': {}, 'free': np.float64(-29117.134581057166)}]
------------------------------------------
  Seed: px+py
F_onsite: 0j
F_swave: 0j, F_dwave: 0j
F_px: 0j, F_py: 0j
Free_energy = -29117.134581057166
------------------------------------------
[{'stable': {}, 'free': np.float64(-29117.134581057166)}]
------------------------------------------
  Seed: px+i*py
F_onsite: (-4.7229756477441893e-20-2.0035165337893824e-21j)
F_swave: (3.0592515406529313e-20+1.4298538148586195e-21j), F_dwave: (-3.3566076574538933e-21-8.65159264443489e-22j)
F_px: (-4.906631085363714e-21-1.2166519323783902e-20j), F_py: (-1.3238611651967264e-21-1.1167843657842086e-21j)
Free_energy = -29117.13458105717
------------------------------------------
[{'stable': {}, 'free': np.float64(-29117.134581057166)}]
------------------------------------------
  Seed: d-wave
F_onsite: 0j
F_swave: 0j, F_dwave: 0j
F_px: 0j, F_py: 0j
Free_energy = -29117.134581057166
------------------------------------------
[{'stable': {}, 'free': np.float64(-29117.134581057166)}]
------------------------------------------
  Seed: d-wave+px
F_onsite: 0j
F_swave: 0j, F_dwave: 0j
F_px: 0j, F_py: 0j
Free_energy = -29117.134581057166
------------------------------------------
[{'stable': {}, 'free': np.float64(-29117.134581057166)}]
------------------------------------------
  Seed: d-wave+py
F_onsite: 0j
F_swave: 0j, F_dwave: 0j
F_px: 0j, F_py: 0j
Free_energy = -29117.134581057166
------------------------------------------
[{'stable': {}, 'free': np.float64(-29117.134581057166)}]
------------------------------------------
  Seed: s-wave
F_onsite: 0j
F_swave: 0j, F_dwave: 0j
F_px: 0j, F_py: 0j
Free_energy = -29117.134581057166
------------------------------------------
[{'stable': {}, 'free': np.float64(-29117.134581057166)}]
------------------------------------------
  Seed: s-wave+px
F_onsite: 0j
F_swave: 0j, F_dwave: 0j
F_px: 0j, F_py: 0j
Free_energy = -29117.134581057166
------------------------------------------
[{'stable': {}, 'free': np.float64(-29117.134581057166)}]
------------------------------------------
  Seed: s-wave+py
F_onsite: 0j
F_swave: 0j, F_dwave: 0j
F_px: 0j, F_py: 0j
Free_energy = -29117.134581057166
------------------------------------------
[{'stable': {}, 'free': np.float64(-29117.134581057166)}]
------------------------------------------
====================================
mu=2.76, T=0.2691
====================================
  Seed: normal state
F_onsite: 0j
F_swave: 0j, F_dwave: 0j
F_px: 0j, F_py: 0j
Free_energy = -29134.09507466567
------------------------------------------
[{'stable': {}, 'free': np.float64(-29134.09507466567)}]
------------------------------------------
  Seed: px
F_onsite: 0j
F_swave: 0j, F_dwave: 0j
F_px: 0j, F_py: 0j
Free_energy = -29134.09507466567
------------------------------------------
[{'stable': {}, 'free': np.float64(-29134.09507466567)}]
------------------------------------------
  Seed: py
F_onsite: 0j
F_swave: 0j, F_dwave: 0j
F_px: 0j, F_py: 0j
Free_energy = -29134.09507466567
------------------------------------------
[{'stable': {}, 'free': np.float64(-29134.09507466567)}]
------------------------------------------
  Seed: px+py
F_onsite: 0j
F_swave: 0j, F_dwave: 0j
F_px: 0j, F_py: 0j
Free_energy = -29134.09507466567
------------------------------------------
[{'stable': {}, 'free': np.float64(-29134.09507466567)}]
------------------------------------------
  Seed: px+i*py
F_onsite: (6.441897850290245e-20+4.565182766453159e-21j)
F_swave: (-4.162258806067515e-20-3.337156237016503e-21j), F_dwave: (-2.0127793301896095e-22+9.541077163955727e-22j)
F_px: (-5.395250823240269e-21+4.1394735913474376e-20j), F_py: (-7.752468076064622e-22+3.903401753748137e-20j)
Free_energy = -29134.09507466567
------------------------------------------
[{'stable': {}, 'free': np.float64(-29134.09507466567)}]
------------------------------------------
  Seed: d-wave
F_onsite: 0j
F_swave: 0j, F_dwave: 0j
F_px: 0j, F_py: 0j
Free_energy = -29134.09507466567
------------------------------------------
[{'stable': {}, 'free': np.float64(-29134.09507466567)}]
------------------------------------------
  Seed: d-wave+px
F_onsite: 0j
F_swave: 0j, F_dwave: 0j
F_px: 0j, F_py: 0j
Free_energy = -29134.09507466567
------------------------------------------
[{'stable': {}, 'free': np.float64(-29134.09507466567)}]
------------------------------------------
  Seed: d-wave+py
F_onsite: 0j
F_swave: 0j, F_dwave: 0j
F_px: 0j, F_py: 0j
Free_energy = -29134.09507466567
------------------------------------------
[{'stable': {}, 'free': np.float64(-29134.09507466567)}]
------------------------------------------
  Seed: s-wave
F_onsite: 0j
F_swave: 0j, F_dwave: 0j
F_px: 0j, F_py: 0j
Free_energy = -29134.09507466567
------------------------------------------
[{'stable': {}, 'free': np.float64(-29134.09507466567)}]
------------------------------------------
  Seed: s-wave+px
F_onsite: 0j
F_swave: 0j, F_dwave: 0j
F_px: 0j, F_py: 0j
Free_energy = -29134.09507466567
------------------------------------------
[{'stable': {}, 'free': np.float64(-29134.09507466567)}]
------------------------------------------
  Seed: s-wave+py
F_onsite: 0j
F_swave: 0j, F_dwave: 0j
F_px: 0j, F_py: 0j
Free_energy = -29134.09507466567
------------------------------------------
[{'stable': {}, 'free': np.float64(-29134.09507466567)}]
------------------------------------------
====================================
mu=2.76, T=0.2794
====================================
  Seed: normal state
F_onsite: 0j
F_swave: 0j, F_dwave: 0j
F_px: 0j, F_py: 0j
Free_energy = -29151.69642487015
------------------------------------------
[{'stable': {}, 'free': np.float64(-29151.69642487015)}]
------------------------------------------
  Seed: px
F_onsite: 0j
F_swave: 0j, F_dwave: 0j
F_px: 0j, F_py: 0j
Free_energy = -29151.69642487015
------------------------------------------
[{'stable': {}, 'free': np.float64(-29151.69642487015)}]
------------------------------------------
  Seed: py
F_onsite: 0j
F_swave: 0j, F_dwave: 0j
F_px: 0j, F_py: 0j
Free_energy = -29151.69642487015
------------------------------------------
[{'stable': {}, 'free': np.float64(-29151.69642487015)}]
------------------------------------------
  Seed: px+py
F_onsite: 0j
F_swave: 0j, F_dwave: 0j
F_px: 0j, F_py: 0j
Free_energy = -29151.69642487015
------------------------------------------
[{'stable': {}, 'free': np.float64(-29151.69642487015)}]
------------------------------------------
  Seed: px+i*py
F_onsite: (1.872180830887003e-21-9.47515230904483e-22j)
F_swave: (3.3147067524463375e-21+5.659301698264506e-22j), F_dwave: (3.4001328439564115e-21+1.7394986089239265e-23j)
F_px: (-9.858251419519164e-22+2.095630306985384e-20j), F_py: (-2.3445308334997004e-22-2.677123342430693e-20j)
Free_energy = -29151.69642487015
------------------------------------------
[{'stable': {}, 'free': np.float64(-29151.69642487015)}]
------------------------------------------
  Seed: d-wave
F_onsite: 0j
F_swave: 0j, F_dwave: 0j
F_px: 0j, F_py: 0j
Free_energy = -29151.69642487015
------------------------------------------
[{'stable': {}, 'free': np.float64(-29151.69642487015)}]
------------------------------------------
  Seed: d-wave+px
F_onsite: 0j
F_swave: 0j, F_dwave: 0j
F_px: 0j, F_py: 0j
Free_energy = -29151.69642487015
------------------------------------------
[{'stable': {}, 'free': np.float64(-29151.69642487015)}]
------------------------------------------
  Seed: d-wave+py
F_onsite: 0j
F_swave: 0j, F_dwave: 0j
F_px: 0j, F_py: 0j
Free_energy = -29151.69642487015
------------------------------------------
[{'stable': {}, 'free': np.float64(-29151.69642487015)}]
------------------------------------------
  Seed: s-wave
F_onsite: 0j
F_swave: 0j, F_dwave: 0j
F_px: 0j, F_py: 0j
Free_energy = -29151.69642487015
------------------------------------------
[{'stable': {}, 'free': np.float64(-29151.69642487015)}]
------------------------------------------
  Seed: s-wave+px
F_onsite: 0j
F_swave: 0j, F_dwave: 0j
F_px: 0j, F_py: 0j
Free_energy = -29151.69642487015
------------------------------------------
[{'stable': {}, 'free': np.float64(-29151.69642487015)}]
------------------------------------------
  Seed: s-wave+py
F_onsite: 0j
F_swave: 0j, F_dwave: 0j
F_px: 0j, F_py: 0j
Free_energy = -29151.69642487015
------------------------------------------
[{'stable': {}, 'free': np.float64(-29151.69642487015)}]
------------------------------------------
====================================
mu=2.76, T=0.2897
====================================
  Seed: normal state
F_onsite: 0j
F_swave: 0j, F_dwave: 0j
F_px: 0j, F_py: 0j
Free_energy = -29169.93550807898
------------------------------------------
[{'stable': {}, 'free': np.float64(-29169.93550807898)}]
------------------------------------------
  Seed: px
F_onsite: 0j
F_swave: 0j, F_dwave: 0j
F_px: 0j, F_py: 0j
Free_energy = -29169.93550807898
------------------------------------------
[{'stable': {}, 'free': np.float64(-29169.93550807898)}]
------------------------------------------
  Seed: py
F_onsite: 0j
F_swave: 0j, F_dwave: 0j
F_px: 0j, F_py: 0j
Free_energy = -29169.93550807898
------------------------------------------
[{'stable': {}, 'free': np.float64(-29169.93550807898)}]
------------------------------------------
  Seed: px+py
F_onsite: 0j
F_swave: 0j, F_dwave: 0j
F_px: 0j, F_py: 0j
Free_energy = -29169.93550807898
------------------------------------------
[{'stable': {}, 'free': np.float64(-29169.93550807898)}]
------------------------------------------
  Seed: px+i*py
F_onsite: (-3.800187613907043e-20+5.424990693026326e-22j)
F_swave: (2.7290696552065275e-20-8.728377651304894e-22j), F_dwave: (3.303968388244426e-21+3.1914770509480685e-22j)
F_px: (-3.3505046117334594e-21-1.1323806837167999e-20j), F_py: (-1.1928790213777542e-21-9.574477947194376e-21j)
Free_energy = -29169.935508078983
------------------------------------------
[{'stable': {}, 'free': np.float64(-29169.93550807898)}]
------------------------------------------
  Seed: d-wave
F_onsite: 0j
F_swave: 0j, F_dwave: 0j
F_px: 0j, F_py: 0j
Free_energy = -29169.93550807898
------------------------------------------
[{'stable': {}, 'free': np.float64(-29169.93550807898)}]
------------------------------------------
  Seed: d-wave+px
F_onsite: 0j
F_swave: 0j, F_dwave: 0j
F_px: 0j, F_py: 0j
Free_energy = -29169.93550807898
------------------------------------------
[{'stable': {}, 'free': np.float64(-29169.93550807898)}]
------------------------------------------
  Seed: d-wave+py
F_onsite: 0j
F_swave: 0j, F_dwave: 0j
F_px: 0j, F_py: 0j
Free_energy = -29169.93550807898
------------------------------------------
[{'stable': {}, 'free': np.float64(-29169.93550807898)}]
------------------------------------------
  Seed: s-wave
F_onsite: 0j
F_swave: 0j, F_dwave: 0j
F_px: 0j, F_py: 0j
Free_energy = -29169.93550807898
------------------------------------------
[{'stable': {}, 'free': np.float64(-29169.93550807898)}]
------------------------------------------
  Seed: s-wave+px
F_onsite: 0j
F_swave: 0j, F_dwave: 0j
F_px: 0j, F_py: 0j
Free_energy = -29169.93550807898
------------------------------------------
[{'stable': {}, 'free': np.float64(-29169.93550807898)}]
------------------------------------------
  Seed: s-wave+py
F_onsite: 0j
F_swave: 0j, F_dwave: 0j
F_px: 0j, F_py: 0j
Free_energy = -29169.93550807898
------------------------------------------
[{'stable': {}, 'free': np.float64(-29169.93550807898)}]
------------------------------------------
====================================
mu=2.76, T=0.3000
====================================
  Seed: normal state
F_onsite: 0j
F_swave: 0j, F_dwave: 0j
F_px: 0j, F_py: 0j
Free_energy = -29188.809297996442
------------------------------------------
[{'stable': {}, 'free': np.float64(-29188.809297996442)}]
------------------------------------------
  Seed: px
F_onsite: 0j
F_swave: 0j, F_dwave: 0j
F_px: 0j, F_py: 0j
Free_energy = -29188.809297996442
------------------------------------------
[{'stable': {}, 'free': np.float64(-29188.809297996442)}]
------------------------------------------
  Seed: py
F_onsite: 0j
F_swave: 0j, F_dwave: 0j
F_px: 0j, F_py: 0j
Free_energy = -29188.809297996442
------------------------------------------
[{'stable': {}, 'free': np.float64(-29188.809297996442)}]
------------------------------------------
  Seed: px+py
F_onsite: 0j
F_swave: 0j, F_dwave: 0j
F_px: 0j, F_py: 0j
Free_energy = -29188.809297996442
------------------------------------------
[{'stable': {}, 'free': np.float64(-29188.809297996442)}]
------------------------------------------
  Seed: px+i*py
F_onsite: (3.98534175361187e-20+2.619161393185755e-21j)
F_swave: (-2.824366613520135e-20-1.4897341023605751e-21j), F_dwave: (-9.768040870448939e-21+3.371200283969562e-22j)
F_px: (-9.09586066959924e-22-4.743891651271186e-20j), F_py: (7.351079842363251e-22-1.3300624003035736e-20j)
Free_energy = -29188.809297996442
------------------------------------------
[{'stable': {}, 'free': np.float64(-29188.809297996442)}]
------------------------------------------
  Seed: d-wave
F_onsite: 0j
F_swave: 0j, F_dwave: 0j
F_px: 0j, F_py: 0j
Free_energy = -29188.809297996442
------------------------------------------
[{'stable': {}, 'free': np.float64(-29188.809297996442)}]
------------------------------------------
  Seed: d-wave+px
F_onsite: 0j
F_swave: 0j, F_dwave: 0j
F_px: 0j, F_py: 0j
Free_energy = -29188.809297996442
------------------------------------------
[{'stable': {}, 'free': np.float64(-29188.809297996442)}]
------------------------------------------
  Seed: d-wave+py
F_onsite: 0j
F_swave: 0j, F_dwave: 0j
F_px: 0j, F_py: 0j
Free_energy = -29188.809297996442
------------------------------------------
[{'stable': {}, 'free': np.float64(-29188.809297996442)}]
------------------------------------------
  Seed: s-wave
F_onsite: 0j
F_swave: 0j, F_dwave: 0j
F_px: 0j, F_py: 0j
Free_energy = -29188.809297996442
------------------------------------------
[{'stable': {}, 'free': np.float64(-29188.809297996442)}]
------------------------------------------
  Seed: s-wave+px
F_onsite: 0j
F_swave: 0j, F_dwave: 0j
F_px: 0j, F_py: 0j
Free_energy = -29188.809297996442
------------------------------------------
[{'stable': {}, 'free': np.float64(-29188.809297996442)}]
------------------------------------------
  Seed: s-wave+py
F_onsite: 0j
F_swave: 0j, F_dwave: 0j
F_px: 0j, F_py: 0j
Free_energy = -29188.809297996442
------------------------------------------
[{'stable': {}, 'free': np.float64(-29188.809297996442)}]
------------------------------------------
