/home/emilssp/D1/venv/bin/python
Python 3.10.12
Running job 21 out of 50
====================================
mu=-0.57, T=0.0010
====================================
  Seed: normal state
  Seed uu: [0.+0.j 0.+0.j 0.+0.j 0.+0.j], Seed dd: [0.+0.j 0.+0.j 0.+0.j 0.+0.j]
F_onsite: 0j
F_swave: 0j, F_dwave: 0j
F_px: 0j, F_py: 0j
Free_energy = -9568.343766174467
------------------------------------------
[{'stable': {}, 'free': np.float64(-9568.343766174467)}]
------------------------------------------
  Seed: uu:px
  Seed uu: [ 0.1+0.j -0.1+0.j  0. +0.j  0. +0.j], Seed dd: [0.+0.j 0.+0.j 0.+0.j 0.+0.j]
F_onsite: (-3.49144325945167e-47-9.594281876521291e-34j)
F_swave: (-4.1053665947016125e-48-1.2959677853068883e-34j), F_dwave: (-2.873756616291129e-47-8.289898276187234e-34j)
F_px: (9.334620886002079e-32+3.236397332156438e-46j), F_py: (6.5677378921797515e-34-2.627434620609032e-46j)
Free_energy = -9602.518779831267
------------------------------------------
[{'stable': {'Fuu_px': np.complex128(0.05926836634987094+2.0580340990592014e-16j)}, 'free': np.float64(-9602.518779831267)}]
------------------------------------------
  Seed: uu:px+py
  Seed uu: [ 0.1+0.j -0.1+0.j  0.1+0.j -0.1+0.j], Seed dd: [0.+0.j 0.+0.j 0.+0.j 0.+0.j]
F_onsite: (7.299385543263301e-32+7.712097487253531e-26j)
F_swave: (1.0653810350322036e-32+1.1256178674249702e-26j), F_dwave: (3.023892401427161e-33+3.194465658087755e-27j)
F_px: (7.575487593761619e-26-7.170095152413811e-32j), F_py: (-7.669829126396099e-26+7.259401223429377e-32j)
Free_energy = -9589.975071946883
------------------------------------------
[{'stable': {'Fuu_px': np.complex128(0.05926836634987094+2.0580340990592014e-16j)}, 'free': np.float64(-9602.518779831267)}]
------------------------------------------
  Seed: uu:px+ipy
  Seed uu: [ 0.1+0.j  -0.1+0.j   0. +0.1j -0. -0.1j], Seed dd: [0.+0.j 0.+0.j 0.+0.j 0.+0.j]
F_onsite: (-4.432644102601578e-31-3.1904557070777737e-31j)
F_swave: (-6.045695106802234e-32-4.3606258742603544e-32j), F_dwave: (-2.6711215676543797e-31+8.800607523725773e-31j)
F_px: (-4.135226825961845e-25-2.3033283742408064e-25j), F_py: (-4.521170127616956e-25-2.518284079935113e-25j)
Free_energy = -9605.93879915339
------------------------------------------
[{'stable': {'Fuu_px': np.complex128(0.04398251085626814+8.780163536736786e-17j), 'Fuu_py': np.complex128(-8.816797711705534e-17+0.04398251085626799j)}, 'free': np.float64(-9605.93879915339)}]
------------------------------------------
  Seed: dd:px
  Seed uu: [0.+0.j 0.+0.j 0.+0.j 0.+0.j], Seed dd: [ 0.1+0.j -0.1+0.j  0. +0.j  0. +0.j]
F_onsite: (1.7336229045003187e-24-1.2918555484800843e-40j)
F_swave: (2.5126063613507757e-25+0j), F_dwave: (-2.131409035102344e-25+0j)
F_px: (-3.271639550628437e-40+1.7291695634564428e-24j), F_py: (3.2142423655296924e-40-1.6673876631610814e-24j)
Free_energy = -9602.518779831267
------------------------------------------
[{'stable': {'Fuu_px': np.complex128(0.04398251085626814+8.780163536736786e-17j), 'Fuu_py': np.complex128(-8.816797711705534e-17+0.04398251085626799j)}, 'free': np.float64(-9605.93879915339)}]
------------------------------------------
  Seed: dd:px+py
  Seed uu: [0.+0.j 0.+0.j 0.+0.j 0.+0.j], Seed dd: [ 0.1+0.j -0.1+0.j  0.1+0.j -0.1+0.j]
F_onsite: (1.477755795120263e-21-6.494193029639637e-29j)
F_swave: (2.1115795396794902e-22-9.279602170986969e-30j), F_dwave: (3.038500801731654e-22-1.3357353731475977e-29j)
F_px: (2.0586094164637006e-29-1.6466165705791026e-24j), F_py: (-2.1920271859790638e-29-1.5533517318235744e-24j)
Free_energy = -9589.975071946903
------------------------------------------
[{'stable': {'Fuu_px': np.complex128(0.04398251085626814+8.780163536736786e-17j), 'Fuu_py': np.complex128(-8.816797711705534e-17+0.04398251085626799j)}, 'free': np.float64(-9605.93879915339)}]
------------------------------------------
  Seed: dd:px+ipy
  Seed uu: [0.+0.j 0.+0.j 0.+0.j 0.+0.j], Seed dd: [ 0.1+0.j  -0.1+0.j   0. +0.1j -0. -0.1j]
F_onsite: (-4.4181669695812815e-23-1.2131178287359637e-24j)
F_swave: (-6.367474168932867e-24-1.7488477509468529e-25j), F_dwave: (-3.802933088544258e-25+1.2850695512669308e-24j)
F_px: (9.196359187692223e-25-2.1795825396785034e-23j), F_py: (-2.0774158536284145e-25+2.2220213877210858e-23j)
Free_energy = -9605.93879915339
------------------------------------------
[{'stable': {'Fuu_px': np.complex128(0.04398251085626814+8.780163536736786e-17j), 'Fuu_py': np.complex128(-8.816797711705534e-17+0.04398251085626799j)}, 'free': np.float64(-9605.93879915339)}, {'stable': {'Fdd_px': np.complex128(0.04398251085626815+8.268934154443493e-17j), 'Fdd_py': np.complex128(-8.587206784374296e-17+0.04398251085626799j)}, 'free': np.float64(-9605.93879915339)}]
------------------------------------------
  Seed: uu+dd:px
  Seed uu: [ 0.1+0.j -0.1+0.j  0. +0.j  0. +0.j], Seed dd: [ 0.1+0.j -0.1+0.j  0. +0.j  0. +0.j]
F_onsite: (8.017058042065917e-21+8.245243407591356e-20j)
F_swave: (8.065339080303637e-22+1.479810359326808e-20j), F_dwave: (-4.5945197106751754e-21-7.951232435053885e-21j)
F_px: (-1.4147946358608415e-19-3.3674029571729818e-21j), F_py: (1.8902508954862935e-20+3.959236238032802e-21j)
Free_energy = -9636.693793488177
------------------------------------------
[{'stable': {'Fuu_px': np.complex128(0.059268366349870955+2.1127370749796602e-16j), 'Fdd_px': np.complex128(0.05926836634987091+2.163368469401786e-16j)}, 'free': np.float64(-9636.693793488177)}]
------------------------------------------
  Seed: uu+dd:px+py
  Seed uu: [ 0.1+0.j -0.1+0.j  0.1+0.j -0.1+0.j], Seed dd: [ 0.1+0.j -0.1+0.j  0.1+0.j -0.1+0.j]
F_onsite: (1.6074322800138972e-22+2.6686047440303727e-20j)
F_swave: (-1.2055541723021839e-23+4.451114920334835e-21j), F_dwave: (7.406396275016275e-24+1.9870633406312873e-20j)
F_px: (2.4055630087805158e-21-4.4118014535981143e-23j), F_py: (-3.1075837288324406e-21-4.894863443342046e-23j)
Free_energy = -9611.606377719469
------------------------------------------
[{'stable': {'Fuu_px': np.complex128(0.059268366349870955+2.1127370749796602e-16j), 'Fdd_px': np.complex128(0.05926836634987091+2.163368469401786e-16j)}, 'free': np.float64(-9636.693793488177)}]
------------------------------------------
  Seed: uu+dd:px+ipy
  Seed uu: [ 0.1+0.j  -0.1+0.j   0. +0.1j -0. -0.1j], Seed dd: [ 0.1+0.j  -0.1+0.j   0. +0.1j -0. -0.1j]
F_onsite: (5.497789316203602e-20-2.2743091881188035e-20j)
F_swave: (2.216640396613258e-21+1.3080097051404672e-21j), F_dwave: (2.2761042432515316e-20-4.181601377889332e-20j)
F_px: (1.808463126747093e-20+2.0623569061342348e-20j), F_py: (2.5129046090345018e-20+3.5241256598258855e-21j)
Free_energy = -9643.533832132509
------------------------------------------
[{'stable': {'Fuu_px': np.complex128(0.04398251085626812+8.12772317422436e-17j), 'Fuu_py': np.complex128(-8.523569463744876e-17+0.04398251085626798j), 'Fdd_px': np.complex128(0.04398251085626814+9.79354713738693e-17j), 'Fdd_py': np.complex128(-1.0065567797930709e-16+0.04398251085626796j)}, 'free': np.float64(-9643.533832132509)}]
------------------------------------------
====================================
mu=-0.57, T=0.0051
====================================
  Seed: normal state
  Seed uu: [0.+0.j 0.+0.j 0.+0.j 0.+0.j], Seed dd: [0.+0.j 0.+0.j 0.+0.j 0.+0.j]
F_onsite: 0j
F_swave: 0j, F_dwave: 0j
F_px: 0j, F_py: 0j
Free_energy = -9568.459274993224
------------------------------------------
[{'stable': {}, 'free': np.float64(-9568.459274993224)}]
------------------------------------------
  Seed: uu:px
  Seed uu: [ 5.92683663e-02+2.08320289e-16j -5.92683663e-02-2.03286531e-16j
 -2.43422711e-19-2.10643383e-16j -1.77172161e-19+2.02191264e-16j], Seed dd: [0.+0.j 0.+0.j 0.+0.j 0.+0.j]
F_onsite: (-2.1996358039764257e-36+5.857848582418561e-22j)
F_swave: (-2.952740812990916e-37+8.002724966546975e-23j), F_dwave: (1.5177882061542706e-36-4.090722402036282e-22j)
F_px: (5.161912326690338e-22+1.9278107353485515e-36j), F_py: (2.0171935376847978e-39-9.4039548065783e-37j)
Free_energy = -9602.575802156478
------------------------------------------
[{'stable': {'Fuu_px': np.complex128(0.05926779184685319+2.179310688260296e-16j)}, 'free': np.float64(-9602.575802156478)}]
------------------------------------------
  Seed: uu:px+py
  Seed uu: [ 0.03338613+6.50201185e-10j -0.03338613-6.50201186e-10j
  0.03338613-6.50201405e-10j -0.03338613+6.50201407e-10j], Seed dd: [0.+0.j 0.+0.j 0.+0.j 0.+0.j]
F_onsite: (-4.805010538655303e-27-2.140820537483681e-22j)
F_swave: (-6.550917830772952e-28-2.941915603187759e-23j), F_dwave: (-4.676549283465326e-28-3.026933655461906e-23j)
F_px: (3.629604480215159e-21+1.2298392727138664e-25j), F_py: (-3.362203720483126e-21-1.1194350517369779e-25j)
Free_energy = -9590.015880057792
------------------------------------------
[{'stable': {'Fuu_px': np.complex128(0.05926779184685319+2.179310688260296e-16j)}, 'free': np.float64(-9602.575802156478)}]
------------------------------------------
  Seed: uu:px+ipy
  Seed uu: [ 4.39825109e-02+9.42227539e-17j -4.39825109e-02-8.13805168e-17j
 -9.13755850e-17+4.39825109e-02j  8.49603692e-17-4.39825109e-02j], Seed dd: [0.+0.j 0.+0.j 0.+0.j 0.+0.j]
F_onsite: (-1.5099763503449766e-21-2.1864125359537564e-21j)
F_swave: (-2.1050012865637583e-22-3.056840007485012e-22j), F_dwave: (-7.445486538333182e-22-5.251597881359388e-22j)
F_px: (1.1928766806030092e-20-2.449362418904274e-21j), F_py: (-1.457871184617408e-21+1.3448421854931447e-20j)
Free_energy = -9605.995272588496
------------------------------------------
[{'stable': {'Fuu_px': np.complex128(0.04398189785088573+8.968302789211767e-17j), 'Fuu_py': np.complex128(-9.206638008234426e-17+0.0439818978508858j)}, 'free': np.float64(-9605.995272588496)}]
------------------------------------------
  Seed: dd:px
  Seed uu: [0.+0.j 0.+0.j 0.+0.j 0.+0.j], Seed dd: [ 5.92683663e-02+2.11703550e-16j -5.92683663e-02-2.05796078e-16j
  1.89093488e-19-2.38958900e-16j -5.35599447e-19+2.44779446e-16j]
F_onsite: (2.9836578160875344e-21+2.0717784029131822e-36j)
F_swave: (4.324486290300481e-22+3.0562853121379475e-37j), F_dwave: (2.1911239859063165e-22+1.3870833339702993e-36j)
F_px: (1.410593220986745e-37-1.7121698094570907e-21j), F_py: (-6.58276836460481e-37+8.096964332048752e-22j)
Free_energy = -9602.575802156478
------------------------------------------
[{'stable': {'Fuu_px': np.complex128(0.04398189785088573+8.968302789211767e-17j), 'Fuu_py': np.complex128(-9.206638008234426e-17+0.0439818978508858j)}, 'free': np.float64(-9605.995272588496)}]
------------------------------------------
  Seed: dd:px+py
  Seed uu: [0.+0.j 0.+0.j 0.+0.j 0.+0.j], Seed dd: [ 0.03338613-3.95127085e-10j -0.03338613+3.95127075e-10j
  0.03338613+3.95127049e-10j -0.03338613-3.95127044e-10j]
F_onsite: (-7.846590688494932e-22+1.2643775507799726e-27j)
F_swave: (-1.140202875299528e-22+1.6741856491563775e-28j), F_dwave: (-2.4112806143972465e-22-8.521133060631654e-28j)
F_px: (-1.1103202742791066e-26+5.6272154766776284e-21j), F_py: (1.0845447282531268e-26-6.257308746028622e-21j)
Free_energy = -9590.015880057737
------------------------------------------
[{'stable': {'Fuu_px': np.complex128(0.04398189785088573+8.968302789211767e-17j), 'Fuu_py': np.complex128(-9.206638008234426e-17+0.0439818978508858j)}, 'free': np.float64(-9605.995272588496)}]
------------------------------------------
  Seed: dd:px+ipy
  Seed uu: [0.+0.j 0.+0.j 0.+0.j 0.+0.j], Seed dd: [ 4.39825109e-02+8.73352908e-17j -4.39825109e-02-7.80433923e-17j
 -8.88930638e-17+4.39825109e-02j  8.28510719e-17-4.39825109e-02j]
F_onsite: (-1.4689211587200341e-21+7.685943646272919e-23j)
F_swave: (-2.123177787509367e-22+1.118039735090412e-23j), F_dwave: (-5.16655766584708e-22-2.989676156025669e-23j)
F_px: (-1.0172065817819338e-23-1.3045981664269966e-21j), F_py: (-5.272619782600108e-23-3.734101316471215e-22j)
Free_energy = -9605.995272588496
------------------------------------------
[{'stable': {'Fuu_px': np.complex128(0.04398189785088573+8.968302789211767e-17j), 'Fuu_py': np.complex128(-9.206638008234426e-17+0.0439818978508858j)}, 'free': np.float64(-9605.995272588496)}, {'stable': {'Fdd_px': np.complex128(0.04398189785088574+8.387678909225685e-17j), 'Fdd_py': np.complex128(-8.912843306990291e-17+0.0439818978508858j)}, 'free': np.float64(-9605.995272588496)}]
------------------------------------------
  Seed: uu+dd:px
  Seed uu: [ 5.92683663e-02+2.16430682e-16j -5.92683663e-02-2.06116733e-16j
 -2.23643168e-19-2.03386481e-16j  6.41892155e-21+2.06297574e-16j], Seed dd: [ 5.92683663e-02+2.20457265e-16j -5.92683663e-02-2.12216429e-16j
 -3.57037622e-19-2.52697616e-16j -7.00982630e-19+2.47253047e-16j]
F_onsite: (3.2168259601308824e-21+3.0001523178543774e-21j)
F_swave: (-2.3919130302298587e-22-1.255481643175811e-21j), F_dwave: (-3.6683621918423064e-21-9.966862662820368e-22j)
F_px: (-7.786868363375155e-20+8.2724721032099e-22j), F_py: (3.056725834867898e-22-1.571182871625439e-22j)
Free_energy = -9636.69232931994
------------------------------------------
[{'stable': {'Fuu_px': np.complex128(0.0592677918468532+2.2681734441523367e-16j), 'Fdd_px': np.complex128(0.05926779184685317+2.294179208517616e-16j)}, 'free': np.float64(-9636.69232931994)}]
------------------------------------------
  Seed: uu+dd:px+py
  Seed uu: [ 0.03338613+1.88134279e-10j -0.03338613-1.88134277e-10j
  0.03338613-1.88134422e-10j -0.03338613+1.88134424e-10j], Seed dd: [ 0.03338613-1.91919794e-10j -0.03338613+1.91919791e-10j
  0.03338613+1.91919826e-10j -0.03338613-1.91919834e-10j]
F_onsite: (-8.642392610571346e-23+7.42659067159572e-20j)
F_swave: (-1.0629071936471345e-23+9.044003410046795e-21j), F_dwave: (6.535571985944462e-25+8.481998244590901e-21j)
F_px: (-7.96184888633116e-21-8.548181483109372e-23j), F_py: (7.397218527733244e-21-8.57166394693713e-23j)
Free_energy = -9611.572485122311
------------------------------------------
[{'stable': {'Fuu_px': np.complex128(0.0592677918468532+2.2681734441523367e-16j), 'Fdd_px': np.complex128(0.05926779184685317+2.294179208517616e-16j)}, 'free': np.float64(-9636.69232931994)}]
------------------------------------------
  Seed: uu+dd:px+ipy
  Seed uu: [ 4.39825109e-02+9.13365686e-17j -4.39825109e-02-7.12178949e-17j
 -8.93291269e-17+4.39825109e-02j  8.11422623e-17-4.39825109e-02j], Seed dd: [ 4.39825109e-02+1.04157921e-16j -4.39825109e-02-9.17130218e-17j
 -1.04265918e-16+4.39825109e-02j  9.70454383e-17-4.39825109e-02j]
F_onsite: (-4.02905855808731e-21+6.862536265200021e-20j)
F_swave: (-3.3447613624893145e-21+1.2795590495865978e-20j), F_dwave: (-1.83541400833857e-20-4.0843771193795854e-20j)
F_px: (-6.259413717001821e-20+7.080298921033948e-20j), F_py: (7.027831179357683e-20-3.677504373256184e-20j)
Free_energy = -9643.53127018394
------------------------------------------
[{'stable': {'Fuu_px': np.complex128(0.04398189785088572+8.484523891854413e-17j), 'Fuu_py': np.complex128(-9.064896308934279e-17+0.043981897850885784j), 'Fdd_px': np.complex128(0.043981897850885736+1.042655338771579e-16j), 'Fdd_py': np.complex128(-1.05524343950786e-16+0.04398189785088577j)}, 'free': np.float64(-9643.53127018394)}]
------------------------------------------
====================================
mu=-0.57, T=0.0093
====================================
  Seed: normal state
  Seed uu: [0.+0.j 0.+0.j 0.+0.j 0.+0.j], Seed dd: [0.+0.j 0.+0.j 0.+0.j 0.+0.j]
F_onsite: 0j
F_swave: 0j, F_dwave: 0j
F_px: 0j, F_py: 0j
Free_energy = -9568.7142997918
------------------------------------------
[{'stable': {}, 'free': np.float64(-9568.7142997918)}]
------------------------------------------
  Seed: uu:px
  Seed uu: [ 5.92677918e-02+2.22806140e-16j -5.92677918e-02-2.13055997e-16j
 -7.52486203e-19-2.08175129e-16j  6.11190520e-19+1.99878811e-16j], Seed dd: [0.+0.j 0.+0.j 0.+0.j 0.+0.j]
F_onsite: (3.790915797096567e-47+1.2685448057385109e-41j)
F_swave: (-1.110004704100166e-50+3.3859855321774587e-43j), F_dwave: (-3.7898057927334454e-47-1.231843766017432e-41j)
F_px: (4.171810621257362e-42+1.9117102933589427e-56j), F_py: (-1.3826399587830687e-48+1.7169294694147723e-48j)
Free_energy = -9602.701169558271
------------------------------------------
[{'stable': {'Fuu_px': np.complex128(0.05926382622362528+2.3104266239349334e-16j)}, 'free': np.float64(-9602.701169558271)}]
------------------------------------------
  Seed: uu:px+py
  Seed uu: [ 0.03336081+9.48995414e-08j -0.03336081-9.48995414e-08j
  0.03336081-9.48995411e-08j -0.03336081+9.48995411e-08j], Seed dd: [0.+0.j 0.+0.j 0.+0.j 0.+0.j]
F_onsite: (-2.843608426256251e-22+2.4878680396190327e-21j)
F_swave: (-3.8762059783134716e-23+3.400460269289304e-22j), F_dwave: (-1.2705460882571496e-21-1.1392658907547005e-21j)
F_px: (1.9201293407447618e-21-5.3261680705323816e-21j), F_py: (6.297673640310025e-21+1.2692738077556169e-21j)
Free_energy = -9606.11885438509
------------------------------------------
[{'stable': {'Fuu_px': np.complex128(0.03108299013386143+0.031107796942353542j), 'Fuu_py': np.complex128(0.03111735022595349-0.031086011686431866j)}, 'free': np.float64(-9606.11885438509)}]
------------------------------------------
  Seed: uu:px+ipy
  Seed uu: [ 4.39818979e-02+9.28620484e-17j -4.39818979e-02-8.65040074e-17j
 -9.55275023e-17+4.39818979e-02j  8.86052579e-17-4.39818979e-02j], Seed dd: [0.+0.j 0.+0.j 0.+0.j 0.+0.j]
F_onsite: (-1.2560518048200153e-21+1.023701203569196e-21j)
F_swave: (-1.7176551946334178e-22+1.417821406208082e-22j), F_dwave: (-3.569764205917329e-21+4.983218067803589e-21j)
F_px: (-1.852654542028561e-20+1.885060040910721e-21j), F_py: (7.449489213458977e-22-1.8315326844666588e-20j)
Free_energy = -9606.121880843533
------------------------------------------
[{'stable': {'Fuu_px': np.complex128(0.03108299013386143+0.031107796942353542j), 'Fuu_py': np.complex128(0.03111735022595349-0.031086011686431866j)}, 'free': np.float64(-9606.11885438509)}, {'stable': {'Fuu_px': np.complex128(0.043981426330726985+9.714725427688997e-17j), 'Fuu_py': np.complex128(-9.508848775902919e-17+0.043981426330727j)}, 'free': np.float64(-9606.121880843533)}]
------------------------------------------
  Seed: dd:px
  Seed uu: [0.+0.j 0.+0.j 0.+0.j 0.+0.j], Seed dd: [ 5.92677918e-02+2.25150992e-16j -5.92677918e-02-2.20105376e-16j
 -4.21299630e-20-2.33305167e-16j  1.86356844e-18+2.30017885e-16j]
F_onsite: (2.081341894702018e-21+2.795544919166973e-37j)
F_swave: (3.0318818683221894e-22+3.76158192263132e-37j), F_dwave: (-1.561566641950834e-21+3.385423730368188e-36j)
F_px: (-8.46355932592047e-37-1.6578447620033517e-21j), F_py: (-1.128474576789396e-36-8.37495563552109e-21j)
Free_energy = -9602.701169558271
------------------------------------------
[{'stable': {'Fuu_px': np.complex128(0.03108299013386143+0.031107796942353542j), 'Fuu_py': np.complex128(0.03111735022595349-0.031086011686431866j)}, 'free': np.float64(-9606.11885438509)}, {'stable': {'Fuu_px': np.complex128(0.043981426330726985+9.714725427688997e-17j), 'Fuu_py': np.complex128(-9.508848775902919e-17+0.043981426330727j)}, 'free': np.float64(-9606.121880843533)}]
------------------------------------------
  Seed: dd:px+py
  Seed uu: [0.+0.j 0.+0.j 0.+0.j 0.+0.j], Seed dd: [ 0.03336081-5.76704133e-08j -0.03336081+5.76704133e-08j
  0.03336081+5.76704132e-08j -0.03336081-5.76704132e-08j]
F_onsite: (-3.343987072333135e-22-1.7951795957285483e-22j)
F_swave: (-5.124407827124622e-23-2.638682995730056e-23j), F_dwave: (-5.641564691327633e-22-1.7181153053452083e-23j)
F_px: (-2.230151392091837e-22-4.744411164553596e-21j), F_py: (6.132746946076012e-23+4.130158112298725e-21j)
Free_energy = -9606.118856285408
------------------------------------------
[{'stable': {'Fuu_px': np.complex128(0.03108299013386143+0.031107796942353542j), 'Fuu_py': np.complex128(0.03111735022595349-0.031086011686431866j)}, 'free': np.float64(-9606.11885438509)}, {'stable': {'Fuu_px': np.complex128(0.043981426330726985+9.714725427688997e-17j), 'Fuu_py': np.complex128(-9.508848775902919e-17+0.043981426330727j)}, 'free': np.float64(-9606.121880843533)}, {'stable': {'Fdd_px': np.complex128(0.031076218959332883-0.031112090562090182j), 'Fdd_py': np.complex128(0.03112411004805697+0.031081719405859777j)}, 'free': np.float64(-9606.118856285408)}]
------------------------------------------
  Seed: dd:px+ipy
  Seed uu: [0.+0.j 0.+0.j 0.+0.j 0.+0.j], Seed dd: [ 4.39818979e-02+8.67413089e-17j -4.39818979e-02-8.10122692e-17j
 -9.21978422e-17+4.39818979e-02j  8.60590239e-17-4.39818979e-02j]
F_onsite: (-2.460562859164981e-22-1.7725064763362295e-22j)
F_swave: (-3.2912131100084806e-23-2.619766834555194e-23j), F_dwave: (-1.4366965305586779e-21+3.589505847192337e-23j)
F_px: (-2.3513149014459315e-22+1.69958324278876e-21j), F_py: (-1.4425439611540903e-22-1.5257050028103985e-21j)
Free_energy = -9606.121880843533
------------------------------------------
[{'stable': {'Fuu_px': np.complex128(0.03108299013386143+0.031107796942353542j), 'Fuu_py': np.complex128(0.03111735022595349-0.031086011686431866j)}, 'free': np.float64(-9606.11885438509)}, {'stable': {'Fuu_px': np.complex128(0.043981426330726985+9.714725427688997e-17j), 'Fuu_py': np.complex128(-9.508848775902919e-17+0.043981426330727j)}, 'free': np.float64(-9606.121880843533)}, {'stable': {'Fdd_px': np.complex128(0.031076218959332883-0.031112090562090182j), 'Fdd_py': np.complex128(0.03112411004805697+0.031081719405859777j)}, 'free': np.float64(-9606.118856285408)}, {'stable': {'Fdd_px': np.complex128(0.043981426330726985+9.30466619001135e-17j), 'Fdd_py': np.complex128(-9.169620021461452e-17+0.043981426330727005j)}, 'free': np.float64(-9606.121880843533)}]
------------------------------------------
  Seed: uu+dd:px
  Seed uu: [ 5.92677918e-02+2.27616335e-16j -5.92677918e-02-2.26018354e-16j
  6.36965468e-19-2.05669552e-16j  2.70709745e-19+1.95459629e-16j], Seed dd: [ 5.92677918e-02+2.32262893e-16j -5.92677918e-02-2.26572949e-16j
 -1.57631839e-18-2.49481061e-16j -1.05443360e-18+2.48740066e-16j]
F_onsite: (1.3316457999995306e-20+8.703307585175811e-20j)
F_swave: (1.9073275927230124e-21+1.796831168424993e-21j), F_dwave: (1.4773387166893467e-22+2.170403850114699e-20j)
F_px: (-7.949681616480662e-20-2.3001871730489698e-20j), F_py: (5.070071672663064e-20-4.854473211134464e-21j)
Free_energy = -9636.688039324903
------------------------------------------
[{'stable': {'Fuu_px': np.complex128(0.05926382622362529+2.341195625139538e-16j), 'Fdd_px': np.complex128(0.059263826223625304+2.4571404066354627e-16j)}, 'free': np.float64(-9636.688039324903)}]
------------------------------------------
  Seed: uu+dd:px+py
  Seed uu: [ 0.03336081+2.74589792e-08j -0.03336081-2.74589792e-08j
  0.03336081-2.74589793e-08j -0.03336081+2.74589793e-08j], Seed dd: [ 0.03336081-2.80114805e-08j -0.03336081+2.80114805e-08j
  0.03336081+2.80114805e-08j -0.03336081-2.80114805e-08j]
F_onsite: (4.958226928040855e-21-2.0726552516770913e-20j)
F_swave: (-7.320541740478224e-22-3.5185168151993664e-21j), F_dwave: (5.4076203306673374e-21-4.825586068741814e-21j)
F_px: (-4.592161262818528e-20+2.5112792605223824e-20j), F_py: (-2.4737193172571524e-20-8.024473596743918e-21j)
Free_energy = -9643.52361833469
------------------------------------------
[{'stable': {'Fuu_px': np.complex128(0.031055259208253094+0.0311258249328022j), 'Fuu_py': np.complex128(0.03114467607426434-0.031068448246935665j), 'Fdd_px': np.complex128(0.031054620606585266-0.031126268295925224j), 'Fdd_py': np.complex128(0.031145287715269237+0.03106803847667282j)}, 'free': np.float64(-9643.52361833469)}]
------------------------------------------
  Seed: uu+dd:px+ipy
  Seed uu: [ 4.39818979e-02+9.01279849e-17j -4.39818979e-02-7.95624929e-17j
 -9.40792083e-17+4.39818979e-02j  8.72187179e-17-4.39818979e-02j], Seed dd: [ 4.39818979e-02+1.10086940e-16j -4.39818979e-02-9.84441279e-17j
 -1.09761520e-16+4.39818979e-02j  1.01287168e-16-4.39818979e-02j]
F_onsite: (-3.2061396034398933e-20+7.61291709033342e-20j)
F_swave: (-1.085626262429762e-20+1.0373311283983196e-20j), F_dwave: (-2.3497864748781155e-21+2.256584722467498e-21j)
F_px: (1.371853864473074e-20-2.2252677069999297e-20j), F_py: (-1.1087112863979956e-19+1.7234833299865883e-21j)
Free_energy = -9643.529461895474
------------------------------------------
[{'stable': {'Fuu_px': np.complex128(0.031055259208253094+0.0311258249328022j), 'Fuu_py': np.complex128(0.03114467607426434-0.031068448246935665j), 'Fdd_px': np.complex128(0.031054620606585266-0.031126268295925224j), 'Fdd_py': np.complex128(0.031145287715269237+0.03106803847667282j)}, 'free': np.float64(-9643.52361833469)}, {'stable': {'Fuu_px': np.complex128(0.04398142633072697+9.475196421606302e-17j), 'Fuu_py': np.complex128(-9.311422601254683e-17+0.04398142633072699j), 'Fdd_px': np.complex128(0.04398142633072699+1.1520327032505268e-16j), 'Fdd_py': np.complex128(-1.1091549690182281e-16+0.043981426330726964j)}, 'free': np.float64(-9643.529461895474)}]
------------------------------------------
====================================
mu=-0.57, T=0.0134
====================================
  Seed: normal state
  Seed uu: [0.+0.j 0.+0.j 0.+0.j 0.+0.j], Seed dd: [0.+0.j 0.+0.j 0.+0.j 0.+0.j]
F_onsite: 0j
F_swave: 0j, F_dwave: 0j
F_px: 0j, F_py: 0j
Free_energy = -9569.075820498294
------------------------------------------
[{'stable': {}, 'free': np.float64(-9569.075820498294)}]
------------------------------------------
  Seed: uu:px
  Seed uu: [ 5.92638262e-02+2.35765374e-16j -5.92638262e-02-2.26319951e-16j
 -1.18815892e-18-2.52654735e-16j  3.92351617e-19+2.50838537e-16j], Seed dd: [0.+0.j 0.+0.j 0.+0.j 0.+0.j]
F_onsite: (-4.651715069344696e-34+8.241320519996489e-21j)
F_swave: (-6.58276836460481e-35+1.1319373050742073e-21j), F_dwave: (-3.0732124307897885e-34-8.536184186560553e-21j)
F_px: (6.813205362790928e-20+3.5885491541902793e-34j), F_py: (1.3124914462634825e-21-6.0711932231269505e-34j)
Free_energy = -9602.862461094635
------------------------------------------
[{'stable': {'Fuu_px': np.complex128(0.05923769502748569+3.269228744952991e-16j)}, 'free': np.float64(-9602.862461094635)}]
------------------------------------------
  Seed: uu:px+py
  Seed uu: [ 0.03108299+0.0311078j  -0.03108299-0.0311078j   0.03111735-0.03108601j
 -0.03111735+0.03108601j], Seed dd: [0.+0.j 0.+0.j 0.+0.j 0.+0.j]
F_onsite: (2.2759056101671584e-20-5.557149127918089e-21j)
F_swave: (3.0762861818006558e-21-7.497375036925348e-22j), F_dwave: (3.7673465311143495e-21+3.9705588053171054e-21j)
F_px: (-2.948633877977032e-20-3.621761697365543e-20j), F_py: (-2.8493135748010596e-20+3.430525137755431e-20j)
Free_energy = -9606.297166258832
------------------------------------------
[{'stable': {'Fuu_px': np.complex128(0.031080704198664048+0.031107355437577644j), 'Fuu_py': np.complex128(0.03111421816629607-0.031084726992185563j)}, 'free': np.float64(-9606.297166258832)}]
------------------------------------------
  Seed: uu:px+ipy
  Seed uu: [ 4.39814263e-02+1.02701210e-16j -4.39814263e-02-9.15932989e-17j
 -9.85472277e-17+4.39814263e-02j  9.16297478e-17-4.39814263e-02j], Seed dd: [0.+0.j 0.+0.j 0.+0.j 0.+0.j]
F_onsite: (-1.575010935085476e-20-2.8424109286984097e-21j)
F_swave: (-2.1722375830553413e-21-4.3020733585719125e-22j), F_dwave: (7.844034300794624e-21+2.2599334312752876e-21j)
F_px: (2.2220552514408573e-20+2.487180100837528e-20j), F_py: (1.4138439786491342e-20+1.2529545465787696e-20j)
Free_energy = -9606.298250999218
------------------------------------------
[{'stable': {'Fuu_px': np.complex128(0.031080704198664048+0.031107355437577644j), 'Fuu_py': np.complex128(0.03111421816629607-0.031084726992185563j)}, 'free': np.float64(-9606.297166258832)}, {'stable': {'Fuu_px': np.complex128(0.04397797127921062+9.088267800833597e-17j), 'Fuu_py': np.complex128(-1.032968458228542e-16+0.04397797127921074j)}, 'free': np.float64(-9606.298250999218)}]
------------------------------------------
  Seed: dd:px
  Seed uu: [0.+0.j 0.+0.j 0.+0.j 0.+0.j], Seed dd: [ 5.92638262e-02+2.40908664e-16j -5.92638262e-02-2.29419562e-16j
 -1.36387194e-18-2.72947738e-16j  1.57286739e-19+2.76320729e-16j]
F_onsite: (6.665899362595813e-21-5.803024563364728e-36j)
F_swave: (9.61407514973219e-22-7.52316384526264e-37j), F_dwave: (3.498184782701055e-21+7.52316384526264e-37j)
F_px: (-2.633107345841924e-36-9.073485993462225e-22j), F_py: (5.266214691683848e-36+2.554768101723874e-21j)
Free_energy = -9602.862461094635
------------------------------------------
[{'stable': {'Fuu_px': np.complex128(0.031080704198664048+0.031107355437577644j), 'Fuu_py': np.complex128(0.03111421816629607-0.031084726992185563j)}, 'free': np.float64(-9606.297166258832)}, {'stable': {'Fuu_px': np.complex128(0.04397797127921062+9.088267800833597e-17j), 'Fuu_py': np.complex128(-1.032968458228542e-16+0.04397797127921074j)}, 'free': np.float64(-9606.298250999218)}]
------------------------------------------
  Seed: dd:px+py
  Seed uu: [0.+0.j 0.+0.j 0.+0.j 0.+0.j], Seed dd: [ 0.03107622-0.03111209j -0.03107622+0.03111209j  0.03112411+0.03108172j
 -0.03112411-0.03108172j]
F_onsite: (-2.51314009068814e-21-5.620166038938135e-22j)
F_swave: (-3.6175457270133723e-22-8.253320935181976e-23j), F_dwave: (5.200301165628705e-22-2.649167054252197e-22j)
F_px: (2.2445478286641876e-23+4.357589581896651e-21j), F_py: (4.016161355163172e-24-4.833649517348948e-21j)
Free_energy = -9606.297166869586
------------------------------------------
[{'stable': {'Fuu_px': np.complex128(0.031080704198664048+0.031107355437577644j), 'Fuu_py': np.complex128(0.03111421816629607-0.031084726992185563j)}, 'free': np.float64(-9606.297166258832)}, {'stable': {'Fuu_px': np.complex128(0.04397797127921062+9.088267800833597e-17j), 'Fuu_py': np.complex128(-1.032968458228542e-16+0.04397797127921074j)}, 'free': np.float64(-9606.298250999218)}, {'stable': {'Fdd_px': np.complex128(0.03107410137134828-0.031111812083304463j), 'Fdd_py': np.complex128(0.031120813590095393+0.031080266150551317j)}, 'free': np.float64(-9606.297166869586)}]
------------------------------------------
  Seed: dd:px+ipy
  Seed uu: [0.+0.j 0.+0.j 0.+0.j 0.+0.j], Seed dd: [ 4.39814263e-02+9.98199212e-17j -4.39814263e-02-8.62734026e-17j
 -9.51447757e-17+4.39814263e-02j  8.82476247e-17-4.39814263e-02j]
F_onsite: (5.5013664980586834e-21-3.4438204408420464e-22j)
F_swave: (8.361712842851747e-22-5.27321843369924e-23j), F_dwave: (-2.4087222733234058e-21+1.4286487929383267e-22j)
F_px: (2.2647388892629123e-22-7.650025112707078e-22j), F_py: (8.441980955770688e-24-4.033445975489732e-22j)
Free_energy = -9606.298250999214
------------------------------------------
[{'stable': {'Fuu_px': np.complex128(0.031080704198664048+0.031107355437577644j), 'Fuu_py': np.complex128(0.03111421816629607-0.031084726992185563j)}, 'free': np.float64(-9606.297166258832)}, {'stable': {'Fuu_px': np.complex128(0.04397797127921062+9.088267800833597e-17j), 'Fuu_py': np.complex128(-1.032968458228542e-16+0.04397797127921074j)}, 'free': np.float64(-9606.298250999218)}, {'stable': {'Fdd_px': np.complex128(0.03107410137134828-0.031111812083304463j), 'Fdd_py': np.complex128(0.031120813590095393+0.031080266150551317j)}, 'free': np.float64(-9606.297166869586)}, {'stable': {'Fdd_px': np.complex128(0.04397797127921062+8.54952308264434e-17j), 'Fdd_py': np.complex128(-1.005249305029645e-16+0.04397797127921075j)}, 'free': np.float64(-9606.298250999214)}]
------------------------------------------
  Seed: uu+dd:px
  Seed uu: [ 5.92638262e-02+2.42073546e-16j -5.92638262e-02-2.26165579e-16j
 -1.05817576e-18-2.57069894e-16j  9.52515019e-20+2.52162026e-16j], Seed dd: [ 5.92638262e-02+2.52371455e-16j -5.92638262e-02-2.39056626e-16j
 -1.17213809e-18-2.96276137e-16j  4.37793611e-19+2.92055531e-16j]
F_onsite: (-1.4403674672322437e-20+1.8393206179522206e-20j)
F_swave: (-1.8343748105283184e-21+6.999710847669455e-21j), F_dwave: (6.5453953580271e-21+1.5752893711298495e-20j)
F_px: (-3.6144305930570294e-20-9.453711257848297e-21j), F_py: (-9.447774215202601e-21+5.385235390698703e-21j)
Free_energy = -9636.649101691037
------------------------------------------
[{'stable': {'Fuu_px': np.complex128(0.0592376950274857+3.4105328987963214e-16j), 'Fdd_px': np.complex128(0.059237695027485694+3.6671558238479966e-16j)}, 'free': np.float64(-9636.649101691037)}]
------------------------------------------
  Seed: uu+dd:px+py
  Seed uu: [ 0.03105526+0.03112582j -0.03105526-0.03112582j  0.03114468-0.03106845j
 -0.03114468+0.03106845j], Seed dd: [ 0.03105462-0.03112627j -0.03105462+0.03112627j  0.03114529+0.03106804j
 -0.03114529-0.03106804j]
F_onsite: (1.6012196871263396e-21-3.87202459628166e-21j)
F_swave: (1.7185445671956447e-21-6.096337774901068e-22j), F_dwave: (-9.717676291273372e-21+5.631864031432405e-21j)
F_px: (1.753705118518874e-20-1.752548483597026e-20j), F_py: (2.2157609761496178e-20+2.4115462647960296e-20j)
Free_energy = -9643.516856583294
------------------------------------------
[{'stable': {'Fuu_px': np.complex128(0.03105361764295944+0.031126069004198238j), 'Fuu_py': np.complex128(0.031140226385861104-0.031065893367834194j), 'Fdd_px': np.complex128(0.031053005026427327-0.031126517710324104j), 'Fdd_py': np.complex128(0.031140829174150127+0.031065454252043732j)}, 'free': np.float64(-9643.516856583294)}]
------------------------------------------
  Seed: uu+dd:px+ipy
  Seed uu: [ 4.39814263e-02+9.86610742e-17j -4.39814263e-02-9.08428542e-17j
 -9.62323660e-17+4.39814263e-02j  8.99960860e-17-4.39814263e-02j], Seed dd: [ 4.39814263e-02+1.14474703e-16j -4.39814263e-02-1.15931838e-16j
 -1.13979506e-16+4.39814263e-02j  1.07851488e-16-4.39814263e-02j]
F_onsite: (-5.929752009782701e-20-5.695633094963103e-20j)
F_swave: (-1.3065807208831531e-20-1.5424399406132297e-20j), F_dwave: (2.2496388246053963e-20-1.688675215475178e-20j)
F_px: (3.032702580338312e-20-6.341001391016474e-20j), F_py: (-4.7143223501438156e-20+3.5332099301502823e-20j)
Free_energy = -9643.520681500375
------------------------------------------
[{'stable': {'Fuu_px': np.complex128(0.03105361764295944+0.031126069004198238j), 'Fuu_py': np.complex128(0.031140226385861104-0.031065893367834194j), 'Fdd_px': np.complex128(0.031053005026427327-0.031126517710324104j), 'Fdd_py': np.complex128(0.031140829174150127+0.031065454252043732j)}, 'free': np.float64(-9643.516856583294)}, {'stable': {'Fuu_px': np.complex128(0.04397797127921064+9.177870651763301e-17j), 'Fuu_py': np.complex128(-1.0186345431786311e-16+0.043977971279210715j), 'Fdd_px': np.complex128(0.04397797127921062+1.0431128689119943e-16j), 'Fdd_py': np.complex128(-1.2081277248802389e-16+0.04397797127921072j)}, 'free': np.float64(-9643.520681500375)}]
------------------------------------------
====================================
mu=-0.57, T=0.0175
====================================
  Seed: normal state
  Seed uu: [0.+0.j 0.+0.j 0.+0.j 0.+0.j], Seed dd: [0.+0.j 0.+0.j 0.+0.j 0.+0.j]
F_onsite: 0j
F_swave: 0j, F_dwave: 0j
F_px: 0j, F_py: 0j
Free_energy = -9569.535451302087
------------------------------------------
[{'stable': {}, 'free': np.float64(-9569.535451302087)}]
------------------------------------------
  Seed: uu:px
  Seed uu: [ 5.92376950e-02+3.35195448e-16j -5.92376950e-02-3.18650301e-16j
  4.06542727e-19-4.75249381e-16j -4.32675017e-19+4.68963444e-16j], Seed dd: [0.+0.j 0.+0.j 0.+0.j 0.+0.j]
F_onsite: (4.4874811065348514e-35-1.0029971651173352e-20j)
F_swave: (-9.208769060141809e-38-1.3362513944747636e-21j), F_dwave: (-3.30098332285542e-35-6.412483471772518e-21j)
F_px: (3.994689177440774e-20+2.3697966112577316e-34j), F_py: (-1.4718471531255644e-35-9.464140117340401e-34j)
Free_energy = -9603.041255555578
------------------------------------------
[{'stable': {'Fuu_px': np.complex128(0.059170399542462004+3.327494553207838e-16j)}, 'free': np.float64(-9603.041255555578)}]
------------------------------------------
  Seed: uu:px+py
  Seed uu: [ 0.0310807 +0.03110736j -0.0310807 -0.03110736j  0.03111422-0.03108473j
 -0.03111422+0.03108473j], Seed dd: [0.+0.j 0.+0.j 0.+0.j 0.+0.j]
F_onsite: (-4.226208423969657e-21-8.184629396959638e-22j)
F_swave: (-6.211011272573148e-22-1.6319532852462e-22j), F_dwave: (1.2977353121568008e-21+6.4971270599666665e-21j)
F_px: (-5.071745634963557e-21-5.4441517395528996e-21j), F_py: (6.596418072183522e-21-5.317901142601848e-21j)
Free_energy = -9606.489826002406
------------------------------------------
[{'stable': {'Fuu_px': np.complex128(0.031062016115234427+0.031089914532551756j), 'Fuu_py': np.complex128(0.031093792185072078-0.031065582194557913j)}, 'free': np.float64(-9606.489826002406)}]
------------------------------------------
  Seed: uu:px+ipy
  Seed uu: [ 4.39779713e-02+9.32111583e-17j -4.39779713e-02-8.85541977e-17j
 -1.06398376e-16+4.39779713e-02j  1.00195316e-16-4.39779713e-02j], Seed dd: [0.+0.j 0.+0.j 0.+0.j 0.+0.j]
F_onsite: (-1.086731705792616e-20+7.840995644084261e-21j)
F_swave: (-1.493970657159409e-21+1.0664375241417845e-21j), F_dwave: (-4.043236775601411e-21-1.765756868846282e-21j)
F_px: (1.6777861848082303e-20-8.999671116094707e-21j), F_py: (-1.6416058763508645e-21+3.4623811296311054e-20j)
Free_energy = -9606.48989710061
------------------------------------------
[{'stable': {'Fuu_px': np.complex128(0.031062016115234427+0.031089914532551756j), 'Fuu_py': np.complex128(0.031093792185072078-0.031065582194557913j)}, 'free': np.float64(-9606.489826002406)}, {'stable': {'Fuu_px': np.complex128(0.043950722054363775+1.1539462036179335e-16j), 'Fuu_py': np.complex128(-1.2775091200321247e-16+0.043950722054364066j)}, 'free': np.float64(-9606.48989710061)}]
------------------------------------------
  Seed: dd:px
  Seed uu: [0.+0.j 0.+0.j 0.+0.j 0.+0.j], Seed dd: [ 5.92376950e-02+3.36059422e-16j -5.92376950e-02-3.18635901e-16j
  2.17330125e-19-4.78824549e-16j -1.61598004e-19+4.80213736e-16j]
F_onsite: (2.0489646977184966e-20-3.8895774664527973e-35j)
F_swave: (3.029814505139147e-21-4.325819211026018e-36j), F_dwave: (1.2108793080910406e-20-2.9340338996524296e-35j)
F_px: (9.027796614315168e-36-1.6087794672466073e-21j), F_py: (4.5891299456102104e-35-2.77250827481722e-21j)
Free_energy = -9603.041255555578
------------------------------------------
[{'stable': {'Fuu_px': np.complex128(0.031062016115234427+0.031089914532551756j), 'Fuu_py': np.complex128(0.031093792185072078-0.031065582194557913j)}, 'free': np.float64(-9606.489826002406)}, {'stable': {'Fuu_px': np.complex128(0.043950722054363775+1.1539462036179335e-16j), 'Fuu_py': np.complex128(-1.2775091200321247e-16+0.043950722054364066j)}, 'free': np.float64(-9606.48989710061)}]
------------------------------------------
  Seed: dd:px+py
  Seed uu: [0.+0.j 0.+0.j 0.+0.j 0.+0.j], Seed dd: [ 0.0310741 -0.03111181j -0.0310741 +0.03111181j  0.03112081+0.03108027j
 -0.03112081-0.03108027j]
F_onsite: (-2.831250541670847e-21-2.0721594879085795e-22j)
F_swave: (-3.6778419949867825e-22-2.958485611170415e-23j), F_dwave: (-3.9368797541128184e-21+2.4238558808133995e-22j)
F_px: (9.90579882911929e-23+1.9361915115795107e-22j), F_py: (9.753628405840168e-23+2.2811065956792246e-22j)
Free_energy = -9606.489825987086
------------------------------------------
[{'stable': {'Fuu_px': np.complex128(0.031062016115234427+0.031089914532551756j), 'Fuu_py': np.complex128(0.031093792185072078-0.031065582194557913j)}, 'free': np.float64(-9606.489826002406)}, {'stable': {'Fuu_px': np.complex128(0.043950722054363775+1.1539462036179335e-16j), 'Fuu_py': np.complex128(-1.2775091200321247e-16+0.043950722054364066j)}, 'free': np.float64(-9606.48989710061)}, {'stable': {'Fdd_px': np.complex128(0.03105575624478362-0.03109470467646311j), 'Fdd_py': np.complex128(0.031100047119184175+0.03106078480106063j)}, 'free': np.float64(-9606.489825987086)}]
------------------------------------------
  Seed: dd:px+ipy
  Seed uu: [0.+0.j 0.+0.j 0.+0.j 0.+0.j], Seed dd: [ 4.39779713e-02+8.79132055e-17j -4.39779713e-02-8.30772562e-17j
 -1.03008550e-16+4.39779713e-02j  9.80413108e-17-4.39779713e-02j]
F_onsite: (-1.3018978438587146e-22-1.2508714870241614e-22j)
F_swave: (-1.992205614741572e-23-1.8047666655443373e-23j), F_dwave: (3.1693124893845784e-22+2.861349943440934e-23j)
F_px: (4.41511080137178e-22-1.5951979115975099e-21j), F_py: (-1.5635070638030068e-22-4.838249471611974e-21j)
Free_energy = -9606.48989710061
------------------------------------------
[{'stable': {'Fuu_px': np.complex128(0.031062016115234427+0.031089914532551756j), 'Fuu_py': np.complex128(0.031093792185072078-0.031065582194557913j)}, 'free': np.float64(-9606.489826002406)}, {'stable': {'Fuu_px': np.complex128(0.043950722054363775+1.1539462036179335e-16j), 'Fuu_py': np.complex128(-1.2775091200321247e-16+0.043950722054364066j)}, 'free': np.float64(-9606.48989710061)}, {'stable': {'Fdd_px': np.complex128(0.03105575624478362-0.03109470467646311j), 'Fdd_py': np.complex128(0.031100047119184175+0.03106078480106063j)}, 'free': np.float64(-9606.489825987086)}, {'stable': {'Fdd_px': np.complex128(0.04395072205436376+1.1000628644228412e-16j), 'Fdd_py': np.complex128(-1.2356847506790755e-16+0.043950722054364066j)}, 'free': np.float64(-9606.48989710061)}]
------------------------------------------
  Seed: uu+dd:px
  Seed uu: [ 5.92376950e-02+3.47718936e-16j -5.92376950e-02-3.34387644e-16j
  1.53190541e-19-4.79921350e-16j  7.42768485e-19+4.84317293e-16j], Seed dd: [ 5.92376950e-02+3.70256630e-16j -5.92376950e-02-3.63174535e-16j
 -1.10030242e-18-5.23909730e-16j  5.28604807e-19+5.22791170e-16j]
F_onsite: (-2.0673739538661363e-21-1.6069414980959056e-20j)
F_swave: (-2.357767091531172e-22-3.817129014147773e-21j), F_dwave: (-1.1065368829701805e-21-1.583673883958907e-20j)
F_px: (-2.5134832079339243e-20-1.4450162254825665e-21j), F_py: (-6.4077092445276924e-21+6.245926206365676e-22j)
Free_energy = -9636.547059809142
------------------------------------------
[{'stable': {'Fuu_px': np.complex128(0.059170399542462004+3.328525286425528e-16j), 'Fdd_px': np.complex128(0.059170399542462+3.2756201379356166e-16j)}, 'free': np.float64(-9636.547059809142)}]
------------------------------------------
  Seed: uu+dd:px+py
  Seed uu: [ 0.03105362+0.03112607j -0.03105362-0.03112607j  0.03114023-0.03106589j
 -0.03114023+0.03106589j], Seed dd: [ 0.03105301-0.03112652j -0.03105301+0.03112652j  0.03114083+0.03106545j
 -0.03114083-0.03106545j]
F_onsite: (-1.2272942836600289e-20+5.482902827904673e-21j)
F_swave: (-3.603938351379092e-21+6.767795117301769e-22j), F_dwave: (3.3770978900055278e-21+1.3144860435887147e-20j)
F_px: (-1.4255554172903177e-20-2.2511630003069076e-20j), F_py: (-3.569677595870928e-20-2.178043098384281e-21j)
Free_energy = -9643.44186131094
------------------------------------------
[{'stable': {'Fuu_px': np.complex128(0.031036470818166732+0.031109731799399j), 'Fuu_py': np.complex128(0.031118436944030166-0.03104500316207432j), 'Fdd_px': np.complex128(0.031035891042850566-0.031110203553322793j), 'Fdd_py': np.complex128(0.031119014942410907+0.03104453075308465j)}, 'free': np.float64(-9643.44186131094)}]
------------------------------------------
  Seed: uu+dd:px+ipy
  Seed uu: [ 4.39779713e-02+9.16700084e-17j -4.39779713e-02-9.18874047e-17j
 -1.05278228e-16+4.39779713e-02j  9.84486807e-17-4.39779713e-02j], Seed dd: [ 4.39779713e-02+1.05998735e-16j -4.39779713e-02-1.02623838e-16j
 -1.23346208e-16+4.39779713e-02j  1.18279337e-16-4.39779713e-02j]
F_onsite: (-4.141453473045379e-20-1.5416092375053413e-20j)
F_swave: (-9.335694551859559e-22-2.400677314600301e-21j), F_dwave: (1.7182527893961792e-20+3.823606174603693e-20j)
F_px: (5.863940633328796e-20-3.5052596189946136e-20j), F_py: (2.126703251882909e-20-4.842510212000983e-20j)
Free_energy = -9643.444342899338
------------------------------------------
[{'stable': {'Fuu_px': np.complex128(0.031036470818166732+0.031109731799399j), 'Fuu_py': np.complex128(0.031118436944030166-0.03104500316207432j), 'Fdd_px': np.complex128(0.031035891042850566-0.031110203553322793j), 'Fdd_py': np.complex128(0.031119014942410907+0.03104453075308465j)}, 'free': np.float64(-9643.44186131094)}, {'stable': {'Fuu_px': np.complex128(0.04395072205436379+1.2339082314211076e-16j), 'Fuu_py': np.complex128(-1.312237735567347e-16+0.04395072205436407j), 'Fdd_px': np.complex128(0.04395072205436378+1.4075829404838433e-16j), 'Fdd_py': np.complex128(-1.4857655373532933e-16+0.04395072205436405j)}, 'free': np.float64(-9643.444342899338)}]
------------------------------------------
====================================
mu=-0.57, T=0.0216
====================================
  Seed: normal state
  Seed uu: [0.+0.j 0.+0.j 0.+0.j 0.+0.j], Seed dd: [0.+0.j 0.+0.j 0.+0.j 0.+0.j]
F_onsite: 0j
F_swave: 0j, F_dwave: 0j
F_px: 0j, F_py: 0j
Free_energy = -9570.09206084029
------------------------------------------
[{'stable': {}, 'free': np.float64(-9570.09206084029)}]
------------------------------------------
  Seed: uu:px
  Seed uu: [ 5.91703995e-02+3.40056994e-16j -5.91703995e-02-3.25441917e-16j
  4.64203834e-19-1.10754841e-15j -3.85750716e-19+1.09119189e-15j], Seed dd: [0.+0.j 0.+0.j 0.+0.j 0.+0.j]
F_onsite: (-1.121206777111258e-31+6.6243004253213825e-21j)
F_swave: (2.8012780831857316e-34+9.300301680052486e-22j), F_dwave: (1.0981432210099525e-31+5.59831581503974e-21j)
F_px: (1.6244224360384597e-21+6.808463279962689e-35j), F_py: (7.055047201744232e-34-1.126556170008854e-32j)
Free_energy = -9603.212070323392
------------------------------------------
[{'stable': {'Fuu_px': np.complex128(0.05903236770583495+2.770016642598868e-16j)}, 'free': np.float64(-9603.212070323392)}]
------------------------------------------
  Seed: uu:px+py
  Seed uu: [ 0.03106202+0.03108991j -0.03106202-0.03108991j  0.03109379-0.03106558j
 -0.03109379+0.03106558j], Seed dd: [0.+0.j 0.+0.j 0.+0.j 0.+0.j]
F_onsite: (-7.951570060300003e-21-4.953515955591326e-20j)
F_swave: (-1.0857429810658442e-21-6.64317628411204e-21j), F_dwave: (1.1344882471431133e-20+6.785843053102552e-21j)
F_px: (-3.8292034234760774e-20+1.7335897430813176e-21j), F_py: (-2.983748095859364e-20-9.070496951540157e-21j)
Free_energy = -9606.653212167173
------------------------------------------
[{'stable': {'Fuu_px': np.complex128(0.03100366750137024+0.031031659969381953j), 'Fuu_py': np.complex128(0.03103390781409461-0.03100589845839747j)}, 'free': np.float64(-9606.653212167173)}]
------------------------------------------
  Seed: uu:px+ipy
  Seed uu: [ 4.39507221e-02+1.15501916e-16j -4.39507221e-02-1.15287325e-16j
 -1.31406627e-16+4.39507221e-02j  1.24095197e-16-4.39507221e-02j], Seed dd: [0.+0.j 0.+0.j 0.+0.j 0.+0.j]
F_onsite: (1.080078737035306e-20+2.84855333408963e-21j)
F_swave: (1.4274501111202828e-21+4.298765942890716e-22j), F_dwave: (1.029060651588389e-20+1.0074541229682188e-20j)
F_px: (1.0808350410484888e-19-3.4135100573302e-20j), F_py: (-2.7878546449399726e-20+7.568497869994266e-20j)
Free_energy = -9606.65321393237
------------------------------------------
[{'stable': {'Fuu_px': np.complex128(0.03100366750137024+0.031031659969381953j), 'Fuu_py': np.complex128(0.03103390781409461-0.03100589845839747j)}, 'free': np.float64(-9606.653212167173)}, {'stable': {'Fuu_px': np.complex128(0.04386718957407598+1.6793341386712763e-16j), 'Fuu_py': np.complex128(-1.7631361374012685e-16+0.04386718957407573j)}, 'free': np.float64(-9606.65321393237)}]
------------------------------------------
  Seed: dd:px
  Seed uu: [0.+0.j 0.+0.j 0.+0.j 0.+0.j], Seed dd: [ 5.91703995e-02+3.41178677e-16j -5.91703995e-02-3.29616413e-16j
  9.71354885e-19-1.11165705e-15j -5.21216430e-19+1.10008918e-15j]
F_onsite: (1.2597019753678868e-20-3.1579164778019177e-35j)
F_swave: (1.894835723791894e-21-4.984096047486499e-36j), F_dwave: (9.798993936208429e-21-2.4356242949037797e-35j)
F_px: (-1.0532429383367696e-35-4.080779310862889e-21j), F_py: (-6.018531076210112e-36-2.132014561169715e-21j)
Free_energy = -9603.212070323392
------------------------------------------
[{'stable': {'Fuu_px': np.complex128(0.03100366750137024+0.031031659969381953j), 'Fuu_py': np.complex128(0.03103390781409461-0.03100589845839747j)}, 'free': np.float64(-9606.653212167173)}, {'stable': {'Fuu_px': np.complex128(0.04386718957407598+1.6793341386712763e-16j), 'Fuu_py': np.complex128(-1.7631361374012685e-16+0.04386718957407573j)}, 'free': np.float64(-9606.65321393237)}]
------------------------------------------
  Seed: dd:px+py
  Seed uu: [0.+0.j 0.+0.j 0.+0.j 0.+0.j], Seed dd: [ 0.03105576-0.0310947j  -0.03105576+0.0310947j   0.03110005+0.03106078j
 -0.03110005-0.03106078j]
F_onsite: (-6.6218354280362e-21+1.7677933528723537e-22j)
F_swave: (-9.651564399076158e-22+2.5330138399693028e-23j), F_dwave: (-4.228535586074562e-21+5.79228475823687e-22j)
F_px: (1.2192070325682315e-22-5.552231174817453e-21j), F_py: (-9.808913791043088e-23+3.1690914336941744e-21j)
Free_energy = -9606.653212144798
------------------------------------------
[{'stable': {'Fuu_px': np.complex128(0.03100366750137024+0.031031659969381953j), 'Fuu_py': np.complex128(0.03103390781409461-0.03100589845839747j)}, 'free': np.float64(-9606.653212167173)}, {'stable': {'Fuu_px': np.complex128(0.04386718957407598+1.6793341386712763e-16j), 'Fuu_py': np.complex128(-1.7631361374012685e-16+0.04386718957407573j)}, 'free': np.float64(-9606.65321393237)}, {'stable': {'Fdd_px': np.complex128(0.030997709545495418-0.03103673125990544j), 'Fdd_py': np.complex128(0.031039860686475036+0.031000820221020575j)}, 'free': np.float64(-9606.653212144798)}]
------------------------------------------
  Seed: dd:px+ipy
  Seed uu: [0.+0.j 0.+0.j 0.+0.j 0.+0.j], Seed dd: [ 4.39507221e-02+1.11465645e-16j -4.39507221e-02-1.08546928e-16j
 -1.27235757e-16+4.39507221e-02j  1.19901193e-16-4.39507221e-02j]
F_onsite: (4.600424920754324e-21-8.800466436082814e-23j)
F_swave: (7.113193274481608e-22-1.380188312061896e-23j), F_dwave: (-2.5783239123795257e-21-2.0920155821045245e-22j)
F_px: (4.607971238059636e-22-2.9107587204113808e-21j), F_py: (-1.1372510809040306e-21-4.007341882539048e-21j)
Free_energy = -9606.65321393237
------------------------------------------
[{'stable': {'Fuu_px': np.complex128(0.03100366750137024+0.031031659969381953j), 'Fuu_py': np.complex128(0.03103390781409461-0.03100589845839747j)}, 'free': np.float64(-9606.653212167173)}, {'stable': {'Fuu_px': np.complex128(0.04386718957407598+1.6793341386712763e-16j), 'Fuu_py': np.complex128(-1.7631361374012685e-16+0.04386718957407573j)}, 'free': np.float64(-9606.65321393237)}, {'stable': {'Fdd_px': np.complex128(0.030997709545495418-0.03103673125990544j), 'Fdd_py': np.complex128(0.031039860686475036+0.031000820221020575j)}, 'free': np.float64(-9606.653212144798)}, {'stable': {'Fdd_px': np.complex128(0.04386718957407598+1.7977952697650364e-16j), 'Fdd_py': np.complex128(-1.7902433092957743e-16+0.043867189574075746j)}, 'free': np.float64(-9606.65321393237)}]
------------------------------------------
  Seed: uu+dd:px
  Seed uu: [ 5.91703995e-02+3.40006225e-16j -5.91703995e-02-3.25698832e-16j
  3.88401002e-19-1.13223249e-15j  3.85853286e-19+1.11868780e-15j], Seed dd: [ 5.91703995e-02+3.31696143e-16j -5.91703995e-02-3.23427884e-16j
  2.65320167e-18-1.19679360e-15j  1.22760220e-19+1.19775033e-15j]
F_onsite: (-5.6494045125171365e-21-3.827348507919829e-21j)
F_swave: (-1.4563864187317761e-21+3.591465098427847e-21j), F_dwave: (3.621350972914243e-21-2.2881677027541753e-20j)
F_px: (-1.1482450864309833e-19-6.863699098132947e-21j), F_py: (5.465028530783898e-21+1.4584489003136549e-21j)
Free_energy = -9636.328092115702
------------------------------------------
[{'stable': {'Fuu_px': np.complex128(0.059030937808458875+2.8368983641140677e-16j), 'Fdd_px': np.complex128(0.05903093780845883+2.481045529291551e-16j)}, 'free': np.float64(-9636.328092115702)}]
------------------------------------------
  Seed: uu+dd:px+py
  Seed uu: [ 0.03103647+0.03110973j -0.03103647-0.03110973j  0.03111844-0.031045j
 -0.03111844+0.031045j  ], Seed dd: [ 0.03103589-0.0311102j  -0.03103589+0.0311102j   0.03111901+0.03104453j
 -0.03111901-0.03104453j]
F_onsite: (1.555813333764523e-20+1.56233981945382e-20j)
F_swave: (4.1141331185915405e-21+2.607058854163088e-21j), F_dwave: (-2.5677188615956957e-20-4.2949272476482563e-20j)
F_px: (-1.6416684985857466e-21-3.349540296364435e-20j), F_py: (7.415661800059313e-21+4.0135712764147434e-20j)
Free_energy = -9643.211821290033
------------------------------------------
[{'stable': {'Fuu_px': np.complex128(0.03097925518248787+0.031052454498620624j), 'Fuu_py': np.complex128(0.03105741575393963-0.030984199165400107j), 'Fdd_px': np.complex128(0.030978699447322577-0.03105294760714123j), 'Fdd_py': np.complex128(0.031057970362613187+0.030983704677099516j)}, 'free': np.float64(-9643.211821290033)}]
------------------------------------------
  Seed: uu+dd:px+ipy
  Seed uu: [ 4.39507221e-02+1.23598783e-16j -4.39507221e-02-1.23182863e-16j
 -1.34499541e-16+4.39507221e-02j  1.27948006e-16-4.39507221e-02j], Seed dd: [ 4.39507221e-02+1.38498754e-16j -4.39507221e-02-1.43017834e-16j
 -1.51601692e-16+4.39507221e-02j  1.45551415e-16-4.39507221e-02j]
F_onsite: (-2.760903732086548e-20+4.584418351950116e-20j)
F_swave: (-3.4136795190974e-21+1.2700307833557576e-20j), F_dwave: (-7.161692090293891e-20-1.4775092260945196e-20j)
F_px: (-2.610576829361071e-20+6.225283437739344e-20j), F_py: (1.0550702899156163e-20+1.6651533803389998e-20j)
Free_energy = -9643.214367024588
------------------------------------------
[{'stable': {'Fuu_px': np.complex128(0.03097925518248787+0.031052454498620624j), 'Fuu_py': np.complex128(0.03105741575393963-0.030984199165400107j), 'Fdd_px': np.complex128(0.030978699447322577-0.03105294760714123j), 'Fdd_py': np.complex128(0.031057970362613187+0.030983704677099516j)}, 'free': np.float64(-9643.211821290033)}, {'stable': {'Fuu_px': np.complex128(0.04386718957407598+1.84870261163951e-16j), 'Fuu_py': np.complex128(-1.8505843482713945e-16+0.043867189574075746j), 'Fdd_px': np.complex128(0.04386718957407597+2.121750431980732e-16j), 'Fdd_py': np.complex128(-2.0882996450557816e-16+0.04386718957407572j)}, 'free': np.float64(-9643.214367024588)}]
------------------------------------------
====================================
mu=-0.57, T=0.0258
====================================
  Seed: normal state
  Seed uu: [0.+0.j 0.+0.j 0.+0.j 0.+0.j], Seed dd: [0.+0.j 0.+0.j 0.+0.j 0.+0.j]
F_onsite: 0j
F_swave: 0j, F_dwave: 0j
F_px: 0j, F_py: 0j
Free_energy = -9570.745789214223
------------------------------------------
[{'stable': {}, 'free': np.float64(-9570.745789214223)}]
------------------------------------------
  Seed: uu:px
  Seed uu: [ 5.90323677e-02+2.84669351e-16j -5.90323677e-02-2.69333978e-16j
 -6.77179680e-19-2.06131095e-15j  1.40976061e-18+2.04842631e-15j], Seed dd: [0.+0.j 0.+0.j 0.+0.j 0.+0.j]
F_onsite: (1.3942912073884588e-20+2.5758667913451968e-20j)
F_swave: (2.1158596743804453e-21+3.3972474906690575e-21j), F_dwave: (-1.8611301109060453e-20+6.507261221076846e-21j)
F_px: (8.575170234191118e-20-3.8426647398503456e-20j), F_py: (6.416821158945328e-20-6.82807804851389e-20j)
Free_energy = -9606.736141109695
------------------------------------------
[{'stable': {'Fuu_px': np.complex128(0.0437098962272787+3.673557209172422e-15j), 'Fuu_py': np.complex128(3.6448988023141384e-15-0.043666295916875375j)}, 'free': np.float64(-9606.736141109695)}]
------------------------------------------
  Seed: uu:px+py
  Seed uu: [ 0.03100367+0.03103166j -0.03100367-0.03103166j  0.03103391-0.0310059j
 -0.03103391+0.0310059j ], Seed dd: [0.+0.j 0.+0.j 0.+0.j 0.+0.j]
F_onsite: (-6.111965126870824e-21-1.903492082505669e-20j)
F_swave: (-7.215442412634414e-22-2.456728678249606e-21j), F_dwave: (-8.018444093365024e-21-1.3375815767309494e-20j)
F_px: (-4.877210926472421e-20+2.067562673551487e-20j), F_py: (-6.119017241309588e-20-4.188231666083115e-21j)
Free_energy = -9606.739785508014
------------------------------------------
[{'stable': {'Fuu_px': np.complex128(0.0437098962272787+3.673557209172422e-15j), 'Fuu_py': np.complex128(3.6448988023141384e-15-0.043666295916875375j)}, 'free': np.float64(-9606.736141109695)}, {'stable': {'Fuu_px': np.complex128(0.03087886030155905+0.03090674732545475j), 'Fuu_py': np.complex128(0.030907955634283578-0.030880067189671297j)}, 'free': np.float64(-9606.739785508014)}]
------------------------------------------
  Seed: uu:px+ipy
  Seed uu: [ 4.38671896e-02+1.68875235e-16j -4.38671896e-02-1.66991593e-16j
 -1.78641843e-16+4.38671896e-02j  1.73985385e-16-4.38671896e-02j], Seed dd: [0.+0.j 0.+0.j 0.+0.j 0.+0.j]
F_onsite: (2.3216388630448798e-20-1.694245516048384e-20j)
F_swave: (3.0609154184280744e-21-2.3985164300686237e-21j), F_dwave: (-1.0536747548071065e-20+3.1699071012422136e-20j)
F_px: (2.192301815732874e-20+2.2452661277668578e-20j), F_py: (1.874270728213277e-20+5.469976380884084e-20j)
Free_energy = -9606.741205100243
------------------------------------------
[{'stable': {'Fuu_px': np.complex128(0.0437098962272787+3.673557209172422e-15j), 'Fuu_py': np.complex128(3.6448988023141384e-15-0.043666295916875375j)}, 'free': np.float64(-9606.736141109695)}, {'stable': {'Fuu_px': np.complex128(0.03087886030155905+0.03090674732545475j), 'Fuu_py': np.complex128(0.030907955634283578-0.030880067189671297j)}, 'free': np.float64(-9606.739785508014)}, {'stable': {'Fuu_px': np.complex128(0.04369057326464719+1.9885093700507724e-16j), 'Fuu_py': np.complex128(-2.0877514559202305e-16+0.043690573264646745j)}, 'free': np.float64(-9606.741205100243)}]
------------------------------------------
  Seed: dd:px
  Seed uu: [0.+0.j 0.+0.j 0.+0.j 0.+0.j], Seed dd: [ 5.90323677e-02+2.91816191e-16j -5.90323677e-02-2.77075224e-16j
 -7.23574586e-19-2.05867181e-15j  1.75016528e-18+2.04150245e-15j]
F_onsite: (2.1742583452032956e-20-6.321864327201149e-22j)
F_swave: (3.2331297522041974e-21-9.160378414058962e-23j), F_dwave: (-2.5619967567845756e-21+4.02222995655545e-22j)
F_px: (1.3469862194239003e-22+2.691161557863764e-21j), F_py: (8.890484715748984e-23-9.203317934124002e-21j)
Free_energy = -9606.736141073286
------------------------------------------
[{'stable': {'Fuu_px': np.complex128(0.0437098962272787+3.673557209172422e-15j), 'Fuu_py': np.complex128(3.6448988023141384e-15-0.043666295916875375j)}, 'free': np.float64(-9606.736141109695)}, {'stable': {'Fuu_px': np.complex128(0.03087886030155905+0.03090674732545475j), 'Fuu_py': np.complex128(0.030907955634283578-0.030880067189671297j)}, 'free': np.float64(-9606.739785508014)}, {'stable': {'Fuu_px': np.complex128(0.04369057326464719+1.9885093700507724e-16j), 'Fuu_py': np.complex128(-2.0877514559202305e-16+0.043690573264646745j)}, 'free': np.float64(-9606.741205100243)}, {'stable': {'Fdd_px': np.complex128(0.04370997869399547+3.0681084743333214e-15j), 'Fdd_py': np.complex128(3.044801264293766e-15-0.04366621332591124j)}, 'free': np.float64(-9606.736141073286)}]
------------------------------------------
  Seed: dd:px+py
  Seed uu: [0.+0.j 0.+0.j 0.+0.j 0.+0.j], Seed dd: [ 0.03099771-0.03103673j -0.03099771+0.03103673j  0.03103986+0.03100082j
 -0.03103986-0.03100082j]
F_onsite: (-8.827162479505399e-21-1.6455199384523046e-22j)
F_swave: (-1.22303530840764e-21-2.3965236824692125e-23j), F_dwave: (4.20609942448897e-22-7.403940785782383e-23j)
F_px: (-1.7317675673959088e-22-5.190527920671829e-21j), F_py: (3.0162319994423326e-22+1.3310694245865554e-21j)
Free_energy = -9606.739785501135
------------------------------------------
[{'stable': {'Fuu_px': np.complex128(0.0437098962272787+3.673557209172422e-15j), 'Fuu_py': np.complex128(3.6448988023141384e-15-0.043666295916875375j)}, 'free': np.float64(-9606.736141109695)}, {'stable': {'Fuu_px': np.complex128(0.03087886030155905+0.03090674732545475j), 'Fuu_py': np.complex128(0.030907955634283578-0.030880067189671297j)}, 'free': np.float64(-9606.739785508014)}, {'stable': {'Fuu_px': np.complex128(0.04369057326464719+1.9885093700507724e-16j), 'Fuu_py': np.complex128(-2.0877514559202305e-16+0.043690573264646745j)}, 'free': np.float64(-9606.741205100243)}, {'stable': {'Fdd_px': np.complex128(0.04370997869399547+3.0681084743333214e-15j), 'Fdd_py': np.complex128(3.044801264293766e-15-0.04366621332591124j)}, 'free': np.float64(-9606.736141073286)}, {'stable': {'Fdd_px': np.complex128(0.030873127339137777-0.03091199944494557j), 'Fdd_py': np.complex128(0.030913683158020643+0.030874808605433825j)}, 'free': np.float64(-9606.739785501135)}]
------------------------------------------
  Seed: dd:px+ipy
  Seed uu: [0.+0.j 0.+0.j 0.+0.j 0.+0.j], Seed dd: [ 4.38671896e-02+1.81036775e-16j -4.38671896e-02-1.78522279e-16j
 -1.81671203e-16+4.38671896e-02j  1.76377459e-16-4.38671896e-02j]
F_onsite: (3.3599557467336598e-21-4.693774667424642e-23j)
F_swave: (5.5853967425583325e-22-7.26010454418083e-24j), F_dwave: (3.627611690725934e-21+2.9430854636691526e-22j)
F_px: (1.9069723978742429e-22-2.550319389047623e-21j), F_py: (-2.2117075979666363e-22-4.0836943449811866e-22j)
Free_energy = -9606.741205100245
------------------------------------------
[{'stable': {'Fuu_px': np.complex128(0.0437098962272787+3.673557209172422e-15j), 'Fuu_py': np.complex128(3.6448988023141384e-15-0.043666295916875375j)}, 'free': np.float64(-9606.736141109695)}, {'stable': {'Fuu_px': np.complex128(0.03087886030155905+0.03090674732545475j), 'Fuu_py': np.complex128(0.030907955634283578-0.030880067189671297j)}, 'free': np.float64(-9606.739785508014)}, {'stable': {'Fuu_px': np.complex128(0.04369057326464719+1.9885093700507724e-16j), 'Fuu_py': np.complex128(-2.0877514559202305e-16+0.043690573264646745j)}, 'free': np.float64(-9606.741205100243)}, {'stable': {'Fdd_px': np.complex128(0.04370997869399547+3.0681084743333214e-15j), 'Fdd_py': np.complex128(3.044801264293766e-15-0.04366621332591124j)}, 'free': np.float64(-9606.736141073286)}, {'stable': {'Fdd_px': np.complex128(0.030873127339137777-0.03091199944494557j), 'Fdd_py': np.complex128(0.030913683158020643+0.030874808605433825j)}, 'free': np.float64(-9606.739785501135)}, {'stable': {'Fdd_px': np.complex128(0.04369057326464722+2.1815176061345875e-16j), 'Fdd_py': np.complex128(-2.2120556585121672e-16+0.04369057326464673j)}, 'free': np.float64(-9606.741205100245)}]
------------------------------------------
  Seed: uu+dd:px
  Seed uu: [ 5.90309378e-02+2.86268125e-16j -5.90309378e-02-2.81111548e-16j
 -7.68354836e-19-2.79192944e-15j  8.24487312e-19+2.79517310e-15j], Seed dd: [ 5.90309378e-02+2.52078911e-16j -5.90309378e-02-2.44130195e-16j
  9.14137147e-19-2.92128937e-15j -5.71552025e-19+2.93836942e-15j]
F_onsite: (3.3329668816198953e-20-2.242483320264792e-20j)
F_swave: (5.083501095301756e-21-3.76542471779091e-21j), F_dwave: (1.2812227673320954e-20+1.3750848927856092e-20j)
F_px: (2.1106729450854487e-20-4.5588815515518136e-20j), F_py: (2.055509491989406e-20-6.127347886408656e-20j)
Free_energy = -9642.726493377679
------------------------------------------
[{'stable': {'Fuu_px': np.complex128(0.04370973011091525+3.1592291288951664e-15j), 'Fuu_py': np.complex128(3.1494950659699894e-15-0.0436664622820888j), 'Fdd_px': np.complex128(0.04370920596843378+3.3634049782278272e-15j), 'Fdd_py': np.complex128(3.346746778300871e-15-0.043666987197264445j)}, 'free': np.float64(-9642.726493377679)}]
------------------------------------------
  Seed: uu+dd:px+py
  Seed uu: [ 0.03097926+0.03105245j -0.03097926-0.03105245j  0.03105742-0.0309842j
 -0.03105742+0.0309842j ], Seed dd: [ 0.0309787 -0.03105295j -0.0309787 +0.03105295j  0.03105797+0.0309837j
 -0.03105797-0.0309837j ]
F_onsite: (1.897644001643145e-21+7.893536149354671e-21j)
F_swave: (-5.61889195341858e-22+8.421986643744295e-22j), F_dwave: (-2.3476649644184574e-20+1.5143706008151594e-20j)
F_px: (1.5553762244962782e-20-9.068178971116136e-20j), F_py: (4.198763099680237e-21+7.09079982194917e-20j)
Free_energy = -9642.733756888687
------------------------------------------
[{'stable': {'Fuu_px': np.complex128(0.04370973011091525+3.1592291288951664e-15j), 'Fuu_py': np.complex128(3.1494950659699894e-15-0.0436664622820888j), 'Fdd_px': np.complex128(0.04370920596843378+3.3634049782278272e-15j), 'Fdd_py': np.complex128(3.346746778300871e-15-0.043666987197264445j)}, 'free': np.float64(-9642.726493377679)}, {'stable': {'Fuu_px': np.complex128(0.03085559463144539+0.030928504478190812j), 'Fuu_py': np.complex128(0.030931178433896717-0.030858262159623215j), 'Fdd_px': np.complex128(0.030855055131006066-0.030929009638590736j), 'Fdd_py': np.complex128(0.030931716774563148+0.030857755671260353j)}, 'free': np.float64(-9642.733756888687)}]
------------------------------------------
  Seed: uu+dd:px+ipy
  Seed uu: [ 4.38671896e-02+1.88469489e-16j -4.38671896e-02-1.81271033e-16j
 -1.87540638e-16+4.38671896e-02j  1.82576231e-16-4.38671896e-02j], Seed dd: [ 4.38671896e-02+2.14835905e-16j -4.38671896e-02-2.09514182e-16j
 -2.11950910e-16+4.38671896e-02j  2.05709019e-16-4.38671896e-02j]
F_onsite: (3.47424492577092e-20+3.700705656232474e-20j)
F_swave: (5.8988015008358706e-21+2.674046696864634e-21j), F_dwave: (1.904727462181675e-20+2.3691712693296986e-20j)
F_px: (-2.6974552259291693e-20+5.551127561074759e-21j), F_py: (3.7100543614554704e-20+4.6325266713736786e-20j)
Free_energy = -9642.736620986381
------------------------------------------
[{'stable': {'Fuu_px': np.complex128(0.04370973011091525+3.1592291288951664e-15j), 'Fuu_py': np.complex128(3.1494950659699894e-15-0.0436664622820888j), 'Fdd_px': np.complex128(0.04370920596843378+3.3634049782278272e-15j), 'Fdd_py': np.complex128(3.346746778300871e-15-0.043666987197264445j)}, 'free': np.float64(-9642.726493377679)}, {'stable': {'Fuu_px': np.complex128(0.03085559463144539+0.030928504478190812j), 'Fuu_py': np.complex128(0.030931178433896717-0.030858262159623215j), 'Fdd_px': np.complex128(0.030855055131006066-0.030929009638590736j), 'Fdd_py': np.complex128(0.030931716774563148+0.030857755671260353j)}, 'free': np.float64(-9642.733756888687)}, {'stable': {'Fuu_px': np.complex128(0.04369057326464715+2.4880821231519683e-16j), 'Fuu_py': np.complex128(-2.319745045145915e-16+0.04369057326464676j), 'Fdd_px': np.complex128(0.043690573264647176+2.6611725118299965e-16j), 'Fdd_py': np.complex128(-2.5033389070676924e-16+0.043690573264646745j)}, 'free': np.float64(-9642.736620986381)}]
------------------------------------------
====================================
mu=-0.57, T=0.0299
====================================
  Seed: normal state
  Seed uu: [0.+0.j 0.+0.j 0.+0.j 0.+0.j], Seed dd: [0.+0.j 0.+0.j 0.+0.j 0.+0.j]
F_onsite: 0j
F_swave: 0j, F_dwave: 0j
F_px: 0j, F_py: 0j
Free_energy = -9571.497542297842
------------------------------------------
[{'stable': {}, 'free': np.float64(-9571.497542297842)}]
------------------------------------------
  Seed: uu:px
  Seed uu: [ 4.37098962e-02+3.67113563e-15j -4.37098962e-02-3.67597878e-15j
  3.64768492e-15-4.36662959e-02j -3.64211269e-15+4.36662959e-02j], Seed dd: [0.+0.j 0.+0.j 0.+0.j 0.+0.j]
F_onsite: (-1.352708433105267e-20+4.3959612592111064e-21j)
F_swave: (-1.8835844521228156e-21+5.066176545039512e-22j), F_dwave: (7.335964023794122e-21+8.771294984976165e-21j)
F_px: (4.575598744217478e-20-5.4404471084672376e-21j), F_py: (-7.184949440959249e-21-5.386202974971233e-20j)
Free_energy = -9606.712769851938
------------------------------------------
[{'stable': {'Fuu_px': np.complex128(0.043397169383359344+3.678684604004618e-15j), 'Fuu_py': np.complex128(3.686647772499992e-15-0.04337561871806653j)}, 'free': np.float64(-9606.712769851938)}]
------------------------------------------
  Seed: uu:px+py
  Seed uu: [ 0.03087886+0.03090675j -0.03087886-0.03090675j  0.03090796-0.03088007j
 -0.03090796+0.03088007j], Seed dd: [0.+0.j 0.+0.j 0.+0.j 0.+0.j]
F_onsite: (-1.967643317561945e-21-3.266370862474869e-20j)
F_swave: (-3.96813584221666e-22-4.353886976918442e-21j), F_dwave: (6.007576261562294e-21-4.4288692658033156e-21j)
F_px: (5.618694434689877e-20+1.9470866620433828e-20j), F_py: (3.6127940348527515e-20-7.822742776495272e-21j)
Free_energy = -9606.7151984726
------------------------------------------
[{'stable': {'Fuu_px': np.complex128(0.043397169383359344+3.678684604004618e-15j), 'Fuu_py': np.complex128(3.686647772499992e-15-0.04337561871806653j)}, 'free': np.float64(-9606.712769851938)}, {'stable': {'Fuu_px': np.complex128(0.030665492999107178+0.030693187489908416j), 'Fuu_py': np.complex128(0.03069383566475501-0.030666140582961438j)}, 'free': np.float64(-9606.7151984726)}]
------------------------------------------
  Seed: uu:px+ipy
  Seed uu: [ 4.36905733e-02+2.04722861e-16j -4.36905733e-02-1.92979013e-16j
 -2.11831320e-16+4.36905733e-02j  2.05718971e-16-4.36905733e-02j], Seed dd: [0.+0.j 0.+0.j 0.+0.j 0.+0.j]
F_onsite: (-6.639322478473159e-20-1.355182093081067e-20j)
F_swave: (-8.889962675025281e-21-2.0059501014647536e-21j), F_dwave: (-1.3481266647643624e-20-1.270362578851703e-20j)
F_px: (2.7757947932245284e-20-3.646240113085009e-20j), F_py: (-1.6734743231729932e-20+1.8498153578165162e-20j)
Free_energy = -9606.715210035587
------------------------------------------
[{'stable': {'Fuu_px': np.complex128(0.043397169383359344+3.678684604004618e-15j), 'Fuu_py': np.complex128(3.686647772499992e-15-0.04337561871806653j)}, 'free': np.float64(-9606.712769851938)}, {'stable': {'Fuu_px': np.complex128(0.030665492999107178+0.030693187489908416j), 'Fuu_py': np.complex128(0.03069383566475501-0.030666140582961438j)}, 'free': np.float64(-9606.7151984726)}, {'stable': {'Fuu_px': np.complex128(0.043387607342727036+2.3900739260586433e-16j), 'Fuu_py': np.complex128(-2.374529415638649e-16+0.043387607342726515j)}, 'free': np.float64(-9606.715210035587)}]
------------------------------------------
  Seed: dd:px
  Seed uu: [0.+0.j 0.+0.j 0.+0.j 0.+0.j], Seed dd: [ 4.37099787e-02+3.06873012e-15j -4.37099787e-02-3.06748683e-15j
  3.04749246e-15-4.36662133e-02j -3.04211007e-15+4.36662133e-02j]
F_onsite: (5.157695673044011e-21-9.345397063946268e-22j)
F_swave: (6.799106800836536e-22-1.4619192899448648e-22j), F_dwave: (1.577201288185817e-21+2.462488568210643e-23j)
F_px: (3.516509685066677e-23-9.83836899021265e-22j), F_py: (-9.067362446550085e-23+7.685281955824167e-21j)
Free_energy = -9606.712769843107
------------------------------------------
[{'stable': {'Fuu_px': np.complex128(0.043397169383359344+3.678684604004618e-15j), 'Fuu_py': np.complex128(3.686647772499992e-15-0.04337561871806653j)}, 'free': np.float64(-9606.712769851938)}, {'stable': {'Fuu_px': np.complex128(0.030665492999107178+0.030693187489908416j), 'Fuu_py': np.complex128(0.03069383566475501-0.030666140582961438j)}, 'free': np.float64(-9606.7151984726)}, {'stable': {'Fuu_px': np.complex128(0.043387607342727036+2.3900739260586433e-16j), 'Fuu_py': np.complex128(-2.374529415638649e-16+0.043387607342726515j)}, 'free': np.float64(-9606.715210035587)}, {'stable': {'Fdd_px': np.complex128(0.04339721016022394+3.0580047741708965e-15j), 'Fdd_py': np.complex128(3.0690080762628646e-15-0.043375577910531066j)}, 'free': np.float64(-9606.712769843107)}]
------------------------------------------
  Seed: dd:px+py
  Seed uu: [0.+0.j 0.+0.j 0.+0.j 0.+0.j], Seed dd: [ 0.03087313-0.030912j   -0.03087313+0.030912j    0.03091368+0.03087481j
 -0.03091368-0.03087481j]
F_onsite: (-4.285656349566678e-21+6.036816757901759e-22j)
F_swave: (-7.051666931311351e-22+9.338000316834627e-23j), F_dwave: (5.010185851615266e-21-5.305458711048364e-22j)
F_px: (-7.158166338830929e-22+1.4888711476451585e-20j), F_py: (-4.186866187172248e-23-1.6968214370206907e-20j)
Free_energy = -9606.71519847057
------------------------------------------
[{'stable': {'Fuu_px': np.complex128(0.043397169383359344+3.678684604004618e-15j), 'Fuu_py': np.complex128(3.686647772499992e-15-0.04337561871806653j)}, 'free': np.float64(-9606.712769851938)}, {'stable': {'Fuu_px': np.complex128(0.030665492999107178+0.030693187489908416j), 'Fuu_py': np.complex128(0.03069383566475501-0.030666140582961438j)}, 'free': np.float64(-9606.7151984726)}, {'stable': {'Fuu_px': np.complex128(0.043387607342727036+2.3900739260586433e-16j), 'Fuu_py': np.complex128(-2.374529415638649e-16+0.043387607342726515j)}, 'free': np.float64(-9606.715210035587)}, {'stable': {'Fdd_px': np.complex128(0.04339721016022394+3.0580047741708965e-15j), 'Fdd_py': np.complex128(3.0690080762628646e-15-0.043375577910531066j)}, 'free': np.float64(-9606.712769843107)}, {'stable': {'Fdd_px': np.complex128(0.030659908003087426-0.03069851180689631j), 'Fdd_py': np.complex128(0.03069941503744858+0.030660810091689677j)}, 'free': np.float64(-9606.71519847057)}]
------------------------------------------
  Seed: dd:px+ipy
  Seed uu: [0.+0.j 0.+0.j 0.+0.j 0.+0.j], Seed dd: [ 4.36905733e-02+2.25033070e-16j -4.36905733e-02-2.11270452e-16j
 -2.24777371e-16+4.36905733e-02j  2.17633760e-16-4.36905733e-02j]
F_onsite: (9.172951017961674e-21-1.7538598826296293e-23j)
F_swave: (1.4993091678344725e-21-8.776205291322251e-24j), F_dwave: (-3.353294296291575e-21+9.118573403962021e-23j)
F_px: (-3.485017119118986e-22-2.4165746875554146e-21j), F_py: (7.071266360430094e-22+5.169307293493764e-21j)
Free_energy = -9606.715210035587
------------------------------------------
[{'stable': {'Fuu_px': np.complex128(0.043397169383359344+3.678684604004618e-15j), 'Fuu_py': np.complex128(3.686647772499992e-15-0.04337561871806653j)}, 'free': np.float64(-9606.712769851938)}, {'stable': {'Fuu_px': np.complex128(0.030665492999107178+0.030693187489908416j), 'Fuu_py': np.complex128(0.03069383566475501-0.030666140582961438j)}, 'free': np.float64(-9606.7151984726)}, {'stable': {'Fuu_px': np.complex128(0.043387607342727036+2.3900739260586433e-16j), 'Fuu_py': np.complex128(-2.374529415638649e-16+0.043387607342726515j)}, 'free': np.float64(-9606.715210035587)}, {'stable': {'Fdd_px': np.complex128(0.04339721016022394+3.0580047741708965e-15j), 'Fdd_py': np.complex128(3.0690080762628646e-15-0.043375577910531066j)}, 'free': np.float64(-9606.712769843107)}, {'stable': {'Fdd_px': np.complex128(0.030659908003087426-0.03069851180689631j), 'Fdd_py': np.complex128(0.03069941503744858+0.030660810091689677j)}, 'free': np.float64(-9606.71519847057)}, {'stable': {'Fdd_px': np.complex128(0.043387607342727064+2.7291077305733436e-16j), 'Fdd_py': np.complex128(-2.592202589402019e-16+0.04338760734272651j)}, 'free': np.float64(-9606.715210035587)}]
------------------------------------------
  Seed: uu+dd:px
  Seed uu: [ 4.37097301e-02+3.16235690e-15j -4.37097301e-02-3.15610135e-15j
  3.15278085e-15-4.36664623e-02j -3.14620928e-15+4.36664623e-02j], Seed dd: [ 4.37092060e-02+3.36172675e-15j -4.37092060e-02-3.36508320e-15j
  3.35085241e-15-4.36669872e-02j -3.34264114e-15+4.36669872e-02j]
F_onsite: (2.6092505710838624e-20+4.089216520619214e-20j)
F_swave: (1.6442324806322728e-21+3.2021361956037335e-21j), F_dwave: (-6.01638301249872e-21-1.0091000004607196e-20j)
F_px: (2.17564601201808e-20+7.58393903108899e-21j), F_py: (-9.531207034075142e-21-2.1725767669167103e-20j)
Free_energy = -9641.927997497058
------------------------------------------
[{'stable': {'Fuu_px': np.complex128(0.04339708724489087+3.1925593062693617e-15j), 'Fuu_py': np.complex128(3.1638257649416787e-15-0.04337570091796461j), 'Fdd_px': np.complex128(0.04339682807715149+3.332908020183079e-15j), 'Fdd_py': np.complex128(3.3735456169676863e-15-0.043375960276447786j)}, 'free': np.float64(-9641.927997497058)}]
------------------------------------------
  Seed: uu+dd:px+py
  Seed uu: [ 0.03085559+0.0309285j  -0.03085559-0.0309285j   0.03093118-0.03085826j
 -0.03093118+0.03085826j], Seed dd: [ 0.03085506-0.03092901j -0.03085506+0.03092901j  0.03093172+0.03085776j
 -0.03093172-0.03085776j]
F_onsite: (-9.036293337792028e-22+1.0753575136040496e-20j)
F_swave: (-1.0833977090953384e-21+1.3203496354274743e-21j), F_dwave: (-2.5791739113729177e-20+5.417785465383687e-21j)
F_px: (4.383417870227294e-21+1.8935757090826126e-20j), F_py: (-1.6359029535419776e-20-4.0725038808403086e-20j)
Free_energy = -9641.932854428263
------------------------------------------
[{'stable': {'Fuu_px': np.complex128(0.04339708724489087+3.1925593062693617e-15j), 'Fuu_py': np.complex128(3.1638257649416787e-15-0.04337570091796461j), 'Fdd_px': np.complex128(0.04339682807715149+3.332908020183079e-15j), 'Fdd_py': np.complex128(3.3735456169676863e-15-0.043375960276447786j)}, 'free': np.float64(-9641.927997497058)}, {'stable': {'Fuu_px': np.complex128(0.03064272601602236+0.03071513292807588j), 'Fuu_py': np.complex128(0.030716567479468878-0.03064415718334221j), 'Fdd_px': np.complex128(0.030642197785413952-0.030715642168760493j), 'Fdd_py': np.complex128(0.03071709452179636+0.030643646663438065j)}, 'free': np.float64(-9641.932854428263)}]
------------------------------------------
  Seed: uu+dd:px+ipy
  Seed uu: [ 4.36905733e-02+2.49444797e-16j -4.36905733e-02-2.48171627e-16j
 -2.35008232e-16+4.36905733e-02j  2.28940777e-16-4.36905733e-02j], Seed dd: [ 4.36905733e-02+2.71483271e-16j -4.36905733e-02-2.60751231e-16j
 -2.53483397e-16+4.36905733e-02j  2.47184384e-16-4.36905733e-02j]
F_onsite: (9.98593423914984e-21-3.146973611304694e-21j)
F_swave: (-8.832339159870503e-21+5.5238950798413225e-21j), F_dwave: (-1.7999856849849352e-20-1.2309117350751318e-20j)
F_px: (6.170526400160446e-20-3.6289499278707446e-20j), F_py: (-2.8715139607303434e-20+1.293682831490551e-22j)
Free_energy = -9641.932877773485
------------------------------------------
[{'stable': {'Fuu_px': np.complex128(0.04339708724489087+3.1925593062693617e-15j), 'Fuu_py': np.complex128(3.1638257649416787e-15-0.04337570091796461j), 'Fdd_px': np.complex128(0.04339682807715149+3.332908020183079e-15j), 'Fdd_py': np.complex128(3.3735456169676863e-15-0.043375960276447786j)}, 'free': np.float64(-9641.927997497058)}, {'stable': {'Fuu_px': np.complex128(0.03064272601602236+0.03071513292807588j), 'Fuu_py': np.complex128(0.030716567479468878-0.03064415718334221j), 'Fdd_px': np.complex128(0.030642197785413952-0.030715642168760493j), 'Fdd_py': np.complex128(0.03071709452179636+0.030643646663438065j)}, 'free': np.float64(-9641.932854428263)}, {'stable': {'Fuu_px': np.complex128(0.043387607342727064+2.8967044488439377e-16j), 'Fuu_py': np.complex128(-2.7337089723615066e-16+0.04338760734272652j), 'Fdd_px': np.complex128(0.04338760734272708+2.96010499729482e-16j), 'Fdd_py': np.complex128(-2.8874833040729925e-16+0.043387607342726495j)}, 'free': np.float64(-9641.932877773485)}]
------------------------------------------
====================================
mu=-0.57, T=0.0340
====================================
  Seed: normal state
  Seed uu: [0.+0.j 0.+0.j 0.+0.j 0.+0.j], Seed dd: [0.+0.j 0.+0.j 0.+0.j 0.+0.j]
F_onsite: 0j
F_swave: 0j, F_dwave: 0j
F_px: 0j, F_py: 0j
Free_energy = -9572.348788323447
------------------------------------------
[{'stable': {}, 'free': np.float64(-9572.348788323447)}]
------------------------------------------
  Seed: uu:px
  Seed uu: [ 4.33971694e-02+3.68222189e-15j -4.33971694e-02-3.67514732e-15j
  3.69000221e-15-4.33756187e-02j -3.68329334e-15+4.33756187e-02j], Seed dd: [0.+0.j 0.+0.j 0.+0.j 0.+0.j]
F_onsite: (2.189849060865339e-20-2.6060225456516636e-20j)
F_swave: (2.9152798151812403e-21-3.5856933033877385e-21j), F_dwave: (-4.030224669391045e-20+1.1911274582402205e-20j)
F_px: (1.0392736498680037e-19+5.84613775692462e-20j), F_py: (-5.0627025742588116e-20-6.390750325773277e-20j)
Free_energy = -9606.547748867351
------------------------------------------
[{'stable': {'Fuu_px': np.complex128(0.04293562459224824+3.7268989766768635e-15j), 'Fuu_py': np.complex128(3.6988889470699235e-15-0.04292484077453151j)}, 'free': np.float64(-9606.547748867351)}]
------------------------------------------
  Seed: uu:px+py
  Seed uu: [ 0.03066549+0.03069319j -0.03066549-0.03069319j  0.03069384-0.03066614j
 -0.03069384+0.03066614j], Seed dd: [0.+0.j 0.+0.j 0.+0.j 0.+0.j]
F_onsite: (3.461816912462765e-21-1.0957179307052303e-20j)
F_swave: (5.902651319041949e-22-1.4308941897967884e-21j), F_dwave: (4.5839855184131124e-21-2.142398456523373e-20j)
F_px: (-3.084700722581749e-20+4.20091973879799e-20j), F_py: (-5.680900513579943e-20-9.073230153969426e-21j)
Free_energy = -9606.54907640886
------------------------------------------
[{'stable': {'Fuu_px': np.complex128(0.04293562459224824+3.7268989766768635e-15j), 'Fuu_py': np.complex128(3.6988889470699235e-15-0.04292484077453151j)}, 'free': np.float64(-9606.547748867351)}, {'stable': {'Fuu_px': np.complex128(0.030342863626129597+0.03037026674825452j), 'Fuu_py': np.complex128(0.03037060357882697-0.030343200152701196j)}, 'free': np.float64(-9606.54907640886)}]
------------------------------------------
  Seed: uu:px+ipy
  Seed uu: [ 4.33876073e-02+2.43617608e-16j -4.33876073e-02-2.34397178e-16j
 -2.41044295e-16+4.33876073e-02j  2.33861588e-16-4.33876073e-02j], Seed dd: [0.+0.j 0.+0.j 0.+0.j 0.+0.j]
F_onsite: (2.5647190067445637e-21+2.4046155648872435e-20j)
F_swave: (2.9314864710760585e-22+3.3662753454053013e-21j), F_dwave: (2.6064059182952428e-20+2.3901888322429373e-21j)
F_px: (1.1830266474336271e-19-3.514629899732314e-20j), F_py: (-2.2157568405937656e-20+9.28413767783956e-20j)
Free_energy = -9606.549076471592
------------------------------------------
[{'stable': {'Fuu_px': np.complex128(0.04293562459224824+3.7268989766768635e-15j), 'Fuu_py': np.complex128(3.6988889470699235e-15-0.04292484077453151j)}, 'free': np.float64(-9606.547748867351)}, {'stable': {'Fuu_px': np.complex128(0.030342863626129597+0.03037026674825452j), 'Fuu_py': np.complex128(0.03037060357882697-0.030343200152701196j)}, 'free': np.float64(-9606.54907640886)}, {'stable': {'Fuu_px': np.complex128(0.04293090866804242+2.8882922205376204e-16j), 'Fuu_py': np.complex128(-2.8027497014499185e-16+0.04293090866804149j)}, 'free': np.float64(-9606.549076471592)}]
------------------------------------------
  Seed: dd:px
  Seed uu: [0.+0.j 0.+0.j 0.+0.j 0.+0.j], Seed dd: [ 4.33972102e-02+3.06096897e-15j -4.33972102e-02-3.05504058e-15j
  3.07294310e-15-4.33755779e-02j -3.06507305e-15+4.33755779e-02j]
F_onsite: (-1.3349326265335824e-20-4.005858160831273e-22j)
F_swave: (-2.1547852190250077e-21-6.085539322976954e-23j), F_dwave: (2.6325965348801836e-20+8.484435273770943e-22j)
F_px: (1.6788168111901691e-21-1.896084833362441e-20j), F_py: (-6.500251273996896e-22-5.828522767089331e-21j)
Free_energy = -9606.547748865138
------------------------------------------
[{'stable': {'Fuu_px': np.complex128(0.04293562459224824+3.7268989766768635e-15j), 'Fuu_py': np.complex128(3.6988889470699235e-15-0.04292484077453151j)}, 'free': np.float64(-9606.547748867351)}, {'stable': {'Fuu_px': np.complex128(0.030342863626129597+0.03037026674825452j), 'Fuu_py': np.complex128(0.03037060357882697-0.030343200152701196j)}, 'free': np.float64(-9606.54907640886)}, {'stable': {'Fuu_px': np.complex128(0.04293090866804242+2.8882922205376204e-16j), 'Fuu_py': np.complex128(-2.8027497014499185e-16+0.04293090866804149j)}, 'free': np.float64(-9606.549076471592)}, {'stable': {'Fdd_px': np.complex128(0.04293564500052799+3.086271547405083e-15j), 'Fdd_py': np.complex128(3.0918504769726144e-15-0.04292482035848422j)}, 'free': np.float64(-9606.547748865138)}]
------------------------------------------
  Seed: dd:px+py
  Seed uu: [0.+0.j 0.+0.j 0.+0.j 0.+0.j], Seed dd: [ 0.03065991-0.03069851j -0.03065991+0.03069851j  0.03069942+0.03066081j
 -0.03069942-0.03066081j]
F_onsite: (9.004037523376281e-21-8.542615094478918e-22j)
F_swave: (1.423792111811436e-21-1.2587295878497189e-22j), F_dwave: (6.976284126760977e-21-3.3542423001937504e-22j)
F_px: (1.5971000227900187e-22+2.0051780026087797e-21j), F_py: (-3.842794493291521e-23+9.733061103495707e-21j)
Free_energy = -9606.549076408406
------------------------------------------
[{'stable': {'Fuu_px': np.complex128(0.04293562459224824+3.7268989766768635e-15j), 'Fuu_py': np.complex128(3.6988889470699235e-15-0.04292484077453151j)}, 'free': np.float64(-9606.547748867351)}, {'stable': {'Fuu_px': np.complex128(0.030342863626129597+0.03037026674825452j), 'Fuu_py': np.complex128(0.03037060357882697-0.030343200152701196j)}, 'free': np.float64(-9606.54907640886)}, {'stable': {'Fuu_px': np.complex128(0.04293090866804242+2.8882922205376204e-16j), 'Fuu_py': np.complex128(-2.8027497014499185e-16+0.04293090866804149j)}, 'free': np.float64(-9606.549076471592)}, {'stable': {'Fdd_px': np.complex128(0.04293564500052799+3.086271547405083e-15j), 'Fdd_py': np.complex128(3.0918504769726144e-15-0.04292482035848422j)}, 'free': np.float64(-9606.547748865138)}, {'stable': {'Fdd_px': np.complex128(0.030337397203535517-0.03037559493790036j), 'Fdd_py': np.complex128(0.030376064311350273+0.030337865986663843j)}, 'free': np.float64(-9606.549076408406)}]
------------------------------------------
  Seed: dd:px+ipy
  Seed uu: [0.+0.j 0.+0.j 0.+0.j 0.+0.j], Seed dd: [ 4.33876073e-02+2.78132030e-16j -4.33876073e-02-2.67689516e-16j
 -2.62686093e-16+4.33876073e-02j  2.55754425e-16-4.33876073e-02j]
F_onsite: (6.432250488308687e-22-1.0342706036590691e-21j)
F_swave: (1.3410247933980681e-22-1.5752208264497594e-22j), F_dwave: (2.995405628913712e-21+1.385158404255739e-21j)
F_px: (-1.0159419017261795e-21+1.4700673955338887e-20j), F_py: (1.0201467189913833e-21-7.870540191240518e-21j)
Free_energy = -9606.549076471594
------------------------------------------
[{'stable': {'Fuu_px': np.complex128(0.04293562459224824+3.7268989766768635e-15j), 'Fuu_py': np.complex128(3.6988889470699235e-15-0.04292484077453151j)}, 'free': np.float64(-9606.547748867351)}, {'stable': {'Fuu_px': np.complex128(0.030342863626129597+0.03037026674825452j), 'Fuu_py': np.complex128(0.03037060357882697-0.030343200152701196j)}, 'free': np.float64(-9606.54907640886)}, {'stable': {'Fuu_px': np.complex128(0.04293090866804242+2.8882922205376204e-16j), 'Fuu_py': np.complex128(-2.8027497014499185e-16+0.04293090866804149j)}, 'free': np.float64(-9606.549076471592)}, {'stable': {'Fdd_px': np.complex128(0.04293564500052799+3.086271547405083e-15j), 'Fdd_py': np.complex128(3.0918504769726144e-15-0.04292482035848422j)}, 'free': np.float64(-9606.547748865138)}, {'stable': {'Fdd_px': np.complex128(0.030337397203535517-0.03037559493790036j), 'Fdd_py': np.complex128(0.030376064311350273+0.030337865986663843j)}, 'free': np.float64(-9606.549076408406)}, {'stable': {'Fdd_px': np.complex128(0.04293090866804242+3.560432451820813e-16j), 'Fdd_py': np.complex128(-3.213119561991192e-16+0.042930908668041515j)}, 'free': np.float64(-9606.549076471594)}]
------------------------------------------
  Seed: uu+dd:px
  Seed uu: [ 4.33970872e-02+3.19424833e-15j -4.33970872e-02-3.19087028e-15j
  3.16601331e-15-4.33757009e-02j -3.16163822e-15+4.33757009e-02j], Seed dd: [ 4.33968281e-02+3.33626166e-15j -4.33968281e-02-3.32955438e-15j
  3.37718574e-15-4.33759603e-02j -3.36990549e-15+4.33759603e-02j]
F_onsite: (7.205690809961437e-21+1.4744327089001615e-20j)
F_swave: (3.984710451495853e-22+1.6447072113878712e-21j), F_dwave: (6.615935134111858e-21-1.2540139284677944e-20j)
F_px: (-5.7804587173971514e-21-7.690380834888766e-21j), F_py: (5.196181843560223e-21-1.4854814214351626e-20j)
Free_energy = -9640.746709433863
------------------------------------------
[{'stable': {'Fuu_px': np.complex128(0.04293558348307597+3.1262345353867614e-15j), 'Fuu_py': np.complex128(3.1613650151158967e-15-0.04292488189926157j), 'Fdd_px': np.complex128(0.04293545377357502+3.3361806907934738e-15j), 'Fdd_py': np.complex128(3.336091037649963e-15-0.042925011657069106j)}, 'free': np.float64(-9640.746709433863)}]
------------------------------------------
  Seed: uu+dd:px+py
  Seed uu: [ 0.03064273+0.03071513j -0.03064273-0.03071513j  0.03071657-0.03064416j
 -0.03071657+0.03064416j], Seed dd: [ 0.0306422 -0.03071564j -0.0306422 +0.03071564j  0.03071709+0.03064365j
 -0.03071709-0.03064365j]
F_onsite: (4.893441875803058e-20-1.0708032097228161e-20j)
F_swave: (6.532895024362937e-21-2.268223199931596e-21j), F_dwave: (2.92306288189172e-20+3.3422964577927955e-22j)
F_px: (3.0404151780428563e-21+2.060608342155003e-20j), F_py: (1.6347421979990634e-20-3.142534224997148e-21j)
Free_energy = -9640.749364488902
------------------------------------------
[{'stable': {'Fuu_px': np.complex128(0.04293558348307597+3.1262345353867614e-15j), 'Fuu_py': np.complex128(3.1613650151158967e-15-0.04292488189926157j), 'Fdd_px': np.complex128(0.04293545377357502+3.3361806907934738e-15j), 'Fdd_py': np.complex128(3.336091037649963e-15-0.042925011657069106j)}, 'free': np.float64(-9640.746709433863)}, {'stable': {'Fuu_px': np.complex128(0.030320520396655434+0.03039216595740672j), 'Fuu_py': np.complex128(0.03039291143931636-0.030321264121159597j), 'Fdd_px': np.complex128(0.030320001886718056-0.030392674019815123j), 'Fdd_py': np.complex128(0.030393428752576588+0.03032075481480386j)}, 'free': np.float64(-9640.749364488902)}]
------------------------------------------
  Seed: uu+dd:px+ipy
  Seed uu: [ 4.33876073e-02+2.98287523e-16j -4.33876073e-02-2.81053367e-16j
 -2.76046952e-16+4.33876073e-02j  2.70694842e-16-4.33876073e-02j], Seed dd: [ 4.33876073e-02+3.00678459e-16j -4.33876073e-02-2.91342541e-16j
 -2.91796842e-16+4.33876073e-02j  2.85699819e-16-4.33876073e-02j]
F_onsite: (1.7338296511524902e-22+3.021944161479642e-20j)
F_swave: (-1.5057937030914344e-21-1.4482280469559196e-22j), F_dwave: (-1.1491075659829891e-20-5.718505872941358e-20j)
F_px: (2.563844662163042e-20-2.6035409312080995e-20j), F_py: (-1.6016594840175677e-20-3.125263634992506e-20j)
Free_energy = -9640.749364619784
------------------------------------------
[{'stable': {'Fuu_px': np.complex128(0.04293558348307597+3.1262345353867614e-15j), 'Fuu_py': np.complex128(3.1613650151158967e-15-0.04292488189926157j), 'Fdd_px': np.complex128(0.04293545377357502+3.3361806907934738e-15j), 'Fdd_py': np.complex128(3.336091037649963e-15-0.042925011657069106j)}, 'free': np.float64(-9640.746709433863)}, {'stable': {'Fuu_px': np.complex128(0.030320520396655434+0.03039216595740672j), 'Fuu_py': np.complex128(0.03039291143931636-0.030321264121159597j), 'Fdd_px': np.complex128(0.030320001886718056-0.030392674019815123j), 'Fdd_py': np.complex128(0.030393428752576588+0.03032075481480386j)}, 'free': np.float64(-9640.749364488902)}, {'stable': {'Fuu_px': np.complex128(0.04293090866804239+3.6649389798063545e-16j), 'Fuu_py': np.complex128(-3.2968969438261546e-16+0.042930908668041556j), 'Fdd_px': np.complex128(0.04293090866804242+3.7531327120189623e-16j), 'Fdd_py': np.complex128(-3.4016599639760366e-16+0.042930908668041515j)}, 'free': np.float64(-9640.749364619784)}]
------------------------------------------
====================================
mu=-0.57, T=0.0381
====================================
  Seed: normal state
  Seed uu: [0.+0.j 0.+0.j 0.+0.j 0.+0.j], Seed dd: [0.+0.j 0.+0.j 0.+0.j 0.+0.j]
F_onsite: 0j
F_swave: 0j, F_dwave: 0j
F_px: 0j, F_py: 0j
Free_energy = -9573.301236756743
------------------------------------------
[{'stable': {}, 'free': np.float64(-9573.301236756743)}]
------------------------------------------
  Seed: uu:px
  Seed uu: [ 4.29356246e-02+3.73057548e-15j -4.29356246e-02-3.72322247e-15j
  3.70206552e-15-4.29248408e-02j -3.69571237e-15+4.29248408e-02j], Seed dd: [0.+0.j 0.+0.j 0.+0.j 0.+0.j]
F_onsite: (4.3341889584915514e-20-1.8543659270442398e-20j)
F_swave: (5.842144909341028e-21-2.527490033549213e-21j), F_dwave: (8.356993761881504e-21+1.1953117538339045e-20j)
F_px: (4.409510036086309e-20+1.3468520638503988e-20j), F_py: (-2.4436762579115028e-20-4.5476136244558065e-20j)
Free_energy = -9606.225993655353
------------------------------------------
[{'stable': {'Fuu_px': np.complex128(0.04229961796468674+3.692148629452588e-15j), 'Fuu_py': np.complex128(3.693649293902437e-15-0.042294101161078436j)}, 'free': np.float64(-9606.225993655353)}]
------------------------------------------
  Seed: uu:px+py
  Seed uu: [ 0.03034286+0.03037027j -0.03034286-0.03037027j  0.0303706 -0.0303432j
 -0.0303706 +0.0303432j ], Seed dd: [0.+0.j 0.+0.j 0.+0.j 0.+0.j]
F_onsite: (1.4560180243418926e-20+3.480669436895543e-20j)
F_swave: (1.800030844808815e-21+4.6167300180757435e-21j), F_dwave: (1.6548964584817002e-20-1.2144082259532005e-21j)
F_px: (-1.3629689539992727e-20+1.5745038281216234e-20j), F_py: (5.269833658709983e-21-2.717502802779285e-20j)
Free_energy = -9606.225998978089
------------------------------------------
[{'stable': {'Fuu_px': np.complex128(0.04229961796468674+3.692148629452588e-15j), 'Fuu_py': np.complex128(3.693649293902437e-15-0.042294101161078436j)}, 'free': np.float64(-9606.225993655353)}, {'stable': {'Fuu_px': np.complex128(0.029894809861976526+0.029921808339668184j), 'Fuu_py': np.complex128(0.02992198065289907-0.029894982019728088j)}, 'free': np.float64(-9606.225998978089)}]
------------------------------------------
  Seed: uu:px+ipy
  Seed uu: [ 4.29309087e-02+2.93873608e-16j -4.29309087e-02-2.83784836e-16j
 -2.83107634e-16+4.29309087e-02j  2.77442307e-16-4.29309087e-02j], Seed dd: [0.+0.j 0.+0.j 0.+0.j 0.+0.j]
F_onsite: (6.309328456701533e-20+5.0130995637871435e-20j)
F_swave: (8.786930783624731e-21+6.523301866535379e-21j), F_dwave: (-1.534226110718247e-20+3.465014922376811e-21j)
F_px: (-1.496175942478871e-20-2.713895590177141e-20j), F_py: (-1.8078571104985687e-20-3.316723238137603e-20j)
Free_energy = -9606.225998978529
------------------------------------------
[{'stable': {'Fuu_px': np.complex128(0.04229961796468674+3.692148629452588e-15j), 'Fuu_py': np.complex128(3.693649293902437e-15-0.042294101161078436j)}, 'free': np.float64(-9606.225993655353)}, {'stable': {'Fuu_px': np.complex128(0.029894809861976526+0.029921808339668184j), 'Fuu_py': np.complex128(0.02992198065289907-0.029894982019728088j)}, 'free': np.float64(-9606.225998978089)}, {'stable': {'Fuu_px': np.complex128(0.042296862455676695+3.9931463797661647e-16j), 'Fuu_py': np.complex128(-3.798957326814318e-16+0.042296862455676314j)}, 'free': np.float64(-9606.225998978529)}]
------------------------------------------
  Seed: dd:px
  Seed uu: [0.+0.j 0.+0.j 0.+0.j 0.+0.j], Seed dd: [ 4.29356450e-02+3.09144323e-15j -4.29356450e-02-3.08109987e-15j
  3.09505693e-15-4.29248204e-02j -3.08864402e-15+4.29248204e-02j]
F_onsite: (6.768350690986252e-21+2.173836175060024e-21j)
F_swave: (1.2809594262378243e-21+3.5421735500228907e-22j), F_dwave: (-7.670000006535898e-21-3.5073912327392566e-22j)
F_px: (-1.0964498321349981e-21+9.225551518471064e-21j), F_py: (6.930433256994157e-22-4.754733069895052e-21j)
Free_energy = -9606.225993654782
------------------------------------------
[{'stable': {'Fuu_px': np.complex128(0.04229961796468674+3.692148629452588e-15j), 'Fuu_py': np.complex128(3.693649293902437e-15-0.042294101161078436j)}, 'free': np.float64(-9606.225993655353)}, {'stable': {'Fuu_px': np.complex128(0.029894809861976526+0.029921808339668184j), 'Fuu_py': np.complex128(0.02992198065289907-0.029894982019728088j)}, 'free': np.float64(-9606.225998978089)}, {'stable': {'Fuu_px': np.complex128(0.042296862455676695+3.9931463797661647e-16j), 'Fuu_py': np.complex128(-3.798957326814318e-16+0.042296862455676314j)}, 'free': np.float64(-9606.225998978529)}, {'stable': {'Fdd_px': np.complex128(0.042299628406146+3.0107136674111578e-15j), 'Fdd_py': np.complex128(3.0267028965982404e-15-0.04229409071755918j)}, 'free': np.float64(-9606.225993654782)}]
------------------------------------------
  Seed: dd:px+py
  Seed uu: [0.+0.j 0.+0.j 0.+0.j 0.+0.j], Seed dd: [ 0.0303374 -0.03037559j -0.0303374 +0.03037559j  0.03037606+0.03033787j
 -0.03037606-0.03033787j]
F_onsite: (-2.1137666604329998e-20-4.712747753731871e-22j)
F_swave: (-3.362414228642341e-21-6.554227940220562e-23j), F_dwave: (-7.814713508556157e-21-1.2111608249199112e-21j)
F_px: (4.769217705646228e-22+1.1257382946681092e-20j), F_py: (-5.571019955362611e-22+3.68961346386258e-21j)
Free_energy = -9606.225998977987
------------------------------------------
[{'stable': {'Fuu_px': np.complex128(0.04229961796468674+3.692148629452588e-15j), 'Fuu_py': np.complex128(3.693649293902437e-15-0.042294101161078436j)}, 'free': np.float64(-9606.225993655353)}, {'stable': {'Fuu_px': np.complex128(0.029894809861976526+0.029921808339668184j), 'Fuu_py': np.complex128(0.02992198065289907-0.029894982019728088j)}, 'free': np.float64(-9606.225998978089)}, {'stable': {'Fuu_px': np.complex128(0.042296862455676695+3.9931463797661647e-16j), 'Fuu_py': np.complex128(-3.798957326814318e-16+0.042296862455676314j)}, 'free': np.float64(-9606.225998978529)}, {'stable': {'Fdd_px': np.complex128(0.042299628406146+3.0107136674111578e-15j), 'Fdd_py': np.complex128(3.0267028965982404e-15-0.04229409071755918j)}, 'free': np.float64(-9606.225993654782)}, {'stable': {'Fdd_px': np.complex128(0.029889455495626913-0.029927089227842655j), 'Fdd_py': np.complex128(0.029927329346361678+0.029889695312192967j)}, 'free': np.float64(-9606.225998977987)}]
------------------------------------------
  Seed: dd:px+ipy
  Seed uu: [0.+0.j 0.+0.j 0.+0.j 0.+0.j], Seed dd: [ 4.29309087e-02+3.54799549e-16j -4.29309087e-02-3.57286941e-16j
 -3.24096749e-16+4.29309087e-02j  3.18527163e-16-4.29309087e-02j]
F_onsite: (-1.9296815128600968e-20-8.134962004609263e-22j)
F_swave: (-2.969543270028892e-21-1.2479134995454883e-22j), F_dwave: (-3.1377462787659747e-21+1.4668370305404276e-22j)
F_px: (3.80623559565612e-22+4.534776086830316e-23j), F_py: (-1.0632488949589894e-21-1.8813007833765267e-20j)
Free_energy = -9606.225998978529
------------------------------------------
[{'stable': {'Fuu_px': np.complex128(0.04229961796468674+3.692148629452588e-15j), 'Fuu_py': np.complex128(3.693649293902437e-15-0.042294101161078436j)}, 'free': np.float64(-9606.225993655353)}, {'stable': {'Fuu_px': np.complex128(0.029894809861976526+0.029921808339668184j), 'Fuu_py': np.complex128(0.02992198065289907-0.029894982019728088j)}, 'free': np.float64(-9606.225998978089)}, {'stable': {'Fuu_px': np.complex128(0.042296862455676695+3.9931463797661647e-16j), 'Fuu_py': np.complex128(-3.798957326814318e-16+0.042296862455676314j)}, 'free': np.float64(-9606.225998978529)}, {'stable': {'Fdd_px': np.complex128(0.042299628406146+3.0107136674111578e-15j), 'Fdd_py': np.complex128(3.0267028965982404e-15-0.04229409071755918j)}, 'free': np.float64(-9606.225993654782)}, {'stable': {'Fdd_px': np.complex128(0.029889455495626913-0.029927089227842655j), 'Fdd_py': np.complex128(0.029927329346361678+0.029889695312192967j)}, 'free': np.float64(-9606.225998977987)}, {'stable': {'Fdd_px': np.complex128(0.04229686245567668+4.449891029471815e-16j), 'Fdd_py': np.complex128(-4.1948869961405796e-16+0.042296862455676314j)}, 'free': np.float64(-9606.225998978529)}]
------------------------------------------
  Seed: uu+dd:px
  Seed uu: [ 4.29355835e-02+3.13228898e-15j -4.29355835e-02-3.12018009e-15j
  3.16408395e-15-4.29248819e-02j -3.15864608e-15+4.29248819e-02j], Seed dd: [ 4.29354538e-02+3.33552297e-15j -4.29354538e-02-3.33683841e-15j
  3.33918342e-15-4.29250117e-02j -3.33299865e-15+4.29250117e-02j]
F_onsite: (-3.941933454410968e-21+5.332101097474538e-20j)
F_swave: (-3.724354855255248e-21+1.06896442724926e-20j), F_dwave: (-2.027324322105633e-20+4.782434043785592e-21j)
F_px: (-7.412116069198072e-21-1.9607968949009328e-20j), F_py: (2.896887253427526e-21-2.1056403007975088e-20j)
Free_energy = -9639.150750559873
------------------------------------------
[{'stable': {'Fuu_px': np.complex128(0.04229959693206983+3.099995532558522e-15j), 'Fuu_py': np.complex128(3.1133668476034375e-15-0.04229412219782155j), 'Fdd_px': np.complex128(0.04229953056911162+3.3940239884263187e-15j), 'Fdd_py': np.complex128(3.3604999331514308e-15-0.04229418857359099j)}, 'free': np.float64(-9639.150750559873)}]
------------------------------------------
  Seed: uu+dd:px+py
  Seed uu: [ 0.03032052+0.03039217j -0.03032052-0.03039217j  0.03039291-0.03032126j
 -0.03039291+0.03032126j], Seed dd: [ 0.03032   -0.03039267j -0.03032   +0.03039267j  0.03039343+0.03032075j
 -0.03039343-0.03032075j]
F_onsite: (9.46695436919499e-21-3.2375965291510454e-20j)
F_swave: (1.9227013292734624e-21-4.467540787758721e-21j), F_dwave: (2.045347347609259e-20+1.0456763732735157e-20j)
F_px: (4.9959765435556126e-20-2.877379043827575e-20j), F_py: (2.837711552882556e-20+1.391886279943382e-21j)
Free_energy = -9639.150761198374
------------------------------------------
[{'stable': {'Fuu_px': np.complex128(0.04229959693206983+3.099995532558522e-15j), 'Fuu_py': np.complex128(3.1133668476034375e-15-0.04229412219782155j), 'Fdd_px': np.complex128(0.04229953056911162+3.3940239884263187e-15j), 'Fdd_py': np.complex128(3.3604999331514308e-15-0.04229418857359099j)}, 'free': np.float64(-9639.150750559873)}, {'stable': {'Fuu_px': np.complex128(0.02987289305800553+0.029943480902370978j), 'Fuu_py': np.complex128(0.02994386227039165-0.029873273527000664j), 'Fdd_px': np.complex128(0.02987238438567609-0.029943983652144922j), 'Fdd_py': np.complex128(0.029944369752646534+0.029872769562969984j)}, 'free': np.float64(-9639.150761198374)}]
------------------------------------------
  Seed: uu+dd:px+ipy
  Seed uu: [ 4.29309087e-02+3.69437443e-16j -4.29309087e-02-3.63550353e-16j
 -3.32250474e-16+4.29309087e-02j  3.27128915e-16-4.29309087e-02j], Seed dd: [ 4.29309087e-02+3.77996923e-16j -4.29309087e-02-3.72629619e-16j
 -3.43185642e-16+4.29309087e-02j  3.37146350e-16-4.29309087e-02j]
F_onsite: (-4.967353972776213e-20-1.1283733376953788e-20j)
F_swave: (-1.0916055235348976e-20+1.998489665352877e-21j), F_dwave: (5.193165110893489e-21+3.103209346152947e-20j)
F_px: (-5.338456605913085e-20+1.909494056068921e-20j), F_py: (-9.874386058569264e-21-1.1976597336252078e-19j)
Free_energy = -9639.150761200317
------------------------------------------
[{'stable': {'Fuu_px': np.complex128(0.04229959693206983+3.099995532558522e-15j), 'Fuu_py': np.complex128(3.1133668476034375e-15-0.04229412219782155j), 'Fdd_px': np.complex128(0.04229953056911162+3.3940239884263187e-15j), 'Fdd_py': np.complex128(3.3604999331514308e-15-0.04229418857359099j)}, 'free': np.float64(-9639.150750559873)}, {'stable': {'Fuu_px': np.complex128(0.02987289305800553+0.029943480902370978j), 'Fuu_py': np.complex128(0.02994386227039165-0.029873273527000664j), 'Fdd_px': np.complex128(0.02987238438567609-0.029943983652144922j), 'Fdd_py': np.complex128(0.029944369752646534+0.029872769562969984j)}, 'free': np.float64(-9639.150761198374)}, {'stable': {'Fuu_px': np.complex128(0.04229686245567668+4.507797510468569e-16j), 'Fuu_py': np.complex128(-4.2271744362520355e-16+0.04229686245567632j), 'Fdd_px': np.complex128(0.042296862455676675+4.520934329735993e-16j), 'Fdd_py': np.complex128(-4.2784776336804523e-16+0.042296862455676335j)}, 'free': np.float64(-9639.150761200317)}]
------------------------------------------
====================================
mu=-0.57, T=0.0423
====================================
  Seed: normal state
  Seed uu: [0.+0.j 0.+0.j 0.+0.j 0.+0.j], Seed dd: [0.+0.j 0.+0.j 0.+0.j 0.+0.j]
F_onsite: 0j
F_swave: 0j, F_dwave: 0j
F_px: 0j, F_py: 0j
Free_energy = -9574.356577225382
------------------------------------------
[{'stable': {}, 'free': np.float64(-9574.356577225382)}]
------------------------------------------
  Seed: uu:px
  Seed uu: [ 4.22996180e-02+3.68746789e-15j -4.22996180e-02-3.69682937e-15j
  3.69720689e-15-4.22941012e-02j -3.69009170e-15+4.22941012e-02j], Seed dd: [0.+0.j 0.+0.j 0.+0.j 0.+0.j]
F_onsite: (-1.3882470410824731e-19-2.941639766932707e-20j)
F_swave: (-1.8604438830040832e-20-3.48252235575557e-21j), F_dwave: (-1.1209614294786957e-19+3.6303944711103875e-20j)
F_px: (-3.6122445549657945e-20-7.861329624557173e-20j), F_py: (8.66020962451085e-20-3.459443992665503e-20j)
Free_energy = -9605.736065088691
------------------------------------------
[{'stable': {'Fuu_px': np.complex128(0.04146484680817561+3.66001221266865e-15j), 'Fuu_py': np.complex128(3.647326901666782e-15-0.04146202724533184j)}, 'free': np.float64(-9605.736065088691)}]
------------------------------------------
  Seed: uu:px+py
  Seed uu: [ 0.02989481+0.02992181j -0.02989481-0.02992181j  0.02992198-0.02989498j
 -0.02992198+0.02989498j], Seed dd: [0.+0.j 0.+0.j 0.+0.j 0.+0.j]
F_onsite: (-2.323165545566271e-20+2.6746062096111928e-20j)
F_swave: (-2.8719893577791626e-21+3.2002308013152195e-21j), F_dwave: (2.260348838569101e-20-1.6994348791293438e-20j)
F_px: (1.0674832296841636e-19+8.3696128103836e-22j), F_py: (6.575587501277054e-20+2.127288858083602e-20j)
Free_energy = -9605.736065124915
------------------------------------------
[{'stable': {'Fuu_px': np.complex128(0.04146484680817561+3.66001221266865e-15j), 'Fuu_py': np.complex128(3.647326901666782e-15-0.04146202724533184j)}, 'free': np.float64(-9605.736065088691)}, {'stable': {'Fuu_px': np.complex128(0.02930579725944152+0.02933226379049512j), 'Fuu_py': np.complex128(0.029332351857422473-0.02930588524690593j)}, 'free': np.float64(-9605.736065124915)}]
------------------------------------------
  Seed: uu:px+ipy
  Seed uu: [ 4.22968625e-02+3.98226373e-16j -4.22968625e-02-4.00402903e-16j
 -3.83523045e-16+4.22968625e-02j  3.76268420e-16-4.22968625e-02j], Seed dd: [0.+0.j 0.+0.j 0.+0.j 0.+0.j]
F_onsite: (2.598667728168423e-20+3.786603243186103e-21j)
F_swave: (3.846854496467245e-21+7.294674436343717e-22j), F_dwave: (1.7449593562250257e-20-4.5038183988042025e-21j)
F_px: (2.5888462569284294e-20-3.0985678808292063e-20j), F_py: (-3.946313377239724e-20+2.0299996985453932e-20j)
Free_energy = -9605.736065124882
------------------------------------------
[{'stable': {'Fuu_px': np.complex128(0.04146484680817561+3.66001221266865e-15j), 'Fuu_py': np.complex128(3.647326901666782e-15-0.04146202724533184j)}, 'free': np.float64(-9605.736065088691)}, {'stable': {'Fuu_px': np.complex128(0.02930579725944152+0.02933226379049512j), 'Fuu_py': np.complex128(0.029332351857422473-0.02930588524690593j)}, 'free': np.float64(-9605.736065124915)}, {'stable': {'Fuu_px': np.complex128(0.041463437072215406+4.761964437019901e-16j), 'Fuu_py': np.complex128(-4.497398195807553e-16+0.041463437072214476j)}, 'free': np.float64(-9605.736065124882)}]
------------------------------------------
  Seed: dd:px
  Seed uu: [0.+0.j 0.+0.j 0.+0.j 0.+0.j], Seed dd: [ 4.22996284e-02+3.01392065e-15j -4.22996284e-02-3.00750668e-15j
  3.02930259e-15-4.22940907e-02j -3.02410321e-15+4.22940907e-02j]
F_onsite: (8.004331893238713e-22-1.7952278169293958e-22j)
F_swave: (1.918882163223826e-22-6.062175638032898e-23j), F_dwave: (1.4435893755138612e-20+5.035761455235241e-22j)
F_px: (1.1984276857327754e-21+4.252948551658576e-21j), F_py: (2.653802580272681e-21-2.0721957445805282e-21j)
Free_energy = -9605.736065088426
------------------------------------------
[{'stable': {'Fuu_px': np.complex128(0.04146484680817561+3.66001221266865e-15j), 'Fuu_py': np.complex128(3.647326901666782e-15-0.04146202724533184j)}, 'free': np.float64(-9605.736065088691)}, {'stable': {'Fuu_px': np.complex128(0.02930579725944152+0.02933226379049512j), 'Fuu_py': np.complex128(0.029332351857422473-0.02930588524690593j)}, 'free': np.float64(-9605.736065124915)}, {'stable': {'Fuu_px': np.complex128(0.041463437072215406+4.761964437019901e-16j), 'Fuu_py': np.complex128(-4.497398195807553e-16+0.041463437072214476j)}, 'free': np.float64(-9605.736065124882)}, {'stable': {'Fdd_px': np.complex128(0.041464852144916034+3.003686351208491e-15j), 'Fdd_py': np.complex128(2.9902655906152795e-15-0.04146202190804453j)}, 'free': np.float64(-9605.736065088426)}]
------------------------------------------
  Seed: dd:px+py
  Seed uu: [0.+0.j 0.+0.j 0.+0.j 0.+0.j], Seed dd: [ 0.02988946-0.02992709j -0.02988946+0.02992709j  0.02992733+0.0298897j
 -0.02992733-0.0298897j ]
F_onsite: (2.416895061820181e-21-1.3438039529869665e-21j)
F_swave: (6.392584075011524e-22-2.1982736961945306e-22j), F_dwave: (3.644300272897776e-21-7.032792055784618e-22j)
F_px: (1.0324657707950254e-22+2.1415859018774542e-20j), F_py: (-2.8450345913100745e-22+2.7674766527899814e-21j)
Free_energy = -9605.736065124756
------------------------------------------
[{'stable': {'Fuu_px': np.complex128(0.04146484680817561+3.66001221266865e-15j), 'Fuu_py': np.complex128(3.647326901666782e-15-0.04146202724533184j)}, 'free': np.float64(-9605.736065088691)}, {'stable': {'Fuu_px': np.complex128(0.02930579725944152+0.02933226379049512j), 'Fuu_py': np.complex128(0.029332351857422473-0.02930588524690593j)}, 'free': np.float64(-9605.736065124915)}, {'stable': {'Fuu_px': np.complex128(0.041463437072215406+4.761964437019901e-16j), 'Fuu_py': np.complex128(-4.497398195807553e-16+0.041463437072214476j)}, 'free': np.float64(-9605.736065124882)}, {'stable': {'Fdd_px': np.complex128(0.041464852144916034+3.003686351208491e-15j), 'Fdd_py': np.complex128(2.9902655906152795e-15-0.04146202190804453j)}, 'free': np.float64(-9605.736065088426)}, {'stable': {'Fdd_px': np.complex128(0.029300564269746192-0.02933745653061951j), 'Fdd_py': np.complex128(0.029337579251898963+0.029300686836702033j)}, 'free': np.float64(-9605.736065124756)}]
------------------------------------------
  Seed: dd:px+ipy
  Seed uu: [0.+0.j 0.+0.j 0.+0.j 0.+0.j], Seed dd: [ 4.22968625e-02+4.48245601e-16j -4.22968625e-02-4.41732605e-16j
 -4.22834109e-16+4.22968625e-02j  4.16143290e-16-4.22968625e-02j]
F_onsite: (9.051712370094289e-21+6.478084859803672e-22j)
F_swave: (1.2563077725576761e-21+1.1358197811238231e-22j), F_dwave: (-3.714637004647186e-21+6.841169505887773e-23j)
F_px: (9.29574260426805e-23-1.0821069558716508e-20j), F_py: (2.8884346772835026e-21+9.37430428700204e-22j)
Free_energy = -9605.736065124882
------------------------------------------
[{'stable': {'Fuu_px': np.complex128(0.04146484680817561+3.66001221266865e-15j), 'Fuu_py': np.complex128(3.647326901666782e-15-0.04146202724533184j)}, 'free': np.float64(-9605.736065088691)}, {'stable': {'Fuu_px': np.complex128(0.02930579725944152+0.02933226379049512j), 'Fuu_py': np.complex128(0.029332351857422473-0.02930588524690593j)}, 'free': np.float64(-9605.736065124915)}, {'stable': {'Fuu_px': np.complex128(0.041463437072215406+4.761964437019901e-16j), 'Fuu_py': np.complex128(-4.497398195807553e-16+0.041463437072214476j)}, 'free': np.float64(-9605.736065124882)}, {'stable': {'Fdd_px': np.complex128(0.041464852144916034+3.003686351208491e-15j), 'Fdd_py': np.complex128(2.9902655906152795e-15-0.04146202190804453j)}, 'free': np.float64(-9605.736065088426)}, {'stable': {'Fdd_px': np.complex128(0.029300564269746192-0.02933745653061951j), 'Fdd_py': np.complex128(0.029337579251898963+0.029300686836702033j)}, 'free': np.float64(-9605.736065124756)}, {'stable': {'Fdd_px': np.complex128(0.041463437072215434+5.097155888327619e-16j), 'Fdd_py': np.complex128(-4.927625155610427e-16+0.04146343707221442j)}, 'free': np.float64(-9605.736065124882)}]
------------------------------------------
  Seed: uu+dd:px
  Seed uu: [ 4.22995969e-02+3.10379172e-15j -4.22995969e-02-3.09619934e-15j
  3.11580162e-15-4.22941222e-02j -3.11093208e-15+4.22941222e-02j], Seed dd: [ 4.22995306e-02+3.39210625e-15j -4.22995306e-02-3.39594172e-15j
  3.36349007e-15-4.22941886e-02j -3.35750980e-15+4.22941886e-02j]
F_onsite: (1.4427479062617888e-20-8.9633503370078e-21j)
F_swave: (1.1670451292318627e-21-4.184830478389029e-22j), F_dwave: (1.5171546598158355e-20-1.597477066685419e-20j)
F_px: (1.5923991677363598e-20+1.5071655706007897e-20j), F_py: (-3.775166350716654e-20-2.6492873529174085e-20j)
Free_energy = -9637.115552953406
------------------------------------------
[{'stable': {'Fuu_px': np.complex128(0.04146483605818563+3.162554977292781e-15j), 'Fuu_py': np.complex128(3.127656518416744e-15-0.04146203799641693j), 'Fdd_px': np.complex128(0.041464802139412386+3.47199981661241e-15j), 'Fdd_py': np.complex128(3.421010696353857e-15-0.04146207191859251j)}, 'free': np.float64(-9637.115552953406)}]
------------------------------------------
  Seed: uu+dd:px+py
  Seed uu: [ 0.02987289+0.02994348j -0.02987289-0.02994348j  0.02994386-0.02987327j
 -0.02994386+0.02987327j], Seed dd: [ 0.02987238-0.02994398j -0.02987238+0.02994398j  0.02994437+0.02987277j
 -0.02994437-0.02987277j]
F_onsite: (1.1227115424765625e-20+9.470783493548071e-21j)
F_swave: (1.608230543262933e-23+3.744496887691479e-23j), F_dwave: (3.457494288822186e-21+1.832564382424459e-20j)
F_px: (2.3302190906330415e-21+1.781517299123747e-20j), F_py: (1.8241122503936654e-21-1.5832870442811377e-20j)
Free_energy = -9637.115553024138
------------------------------------------
[{'stable': {'Fuu_px': np.complex128(0.04146483605818563+3.162554977292781e-15j), 'Fuu_py': np.complex128(3.127656518416744e-15-0.04146203799641693j), 'Fdd_px': np.complex128(0.041464802139412386+3.47199981661241e-15j), 'Fdd_py': np.complex128(3.421010696353857e-15-0.04146207191859251j)}, 'free': np.float64(-9637.115552953406)}, {'stable': {'Fuu_px': np.complex128(0.029284361179655508+0.029353558358692543j), 'Fuu_py': np.complex128(0.02935375327065441-0.029284555632137922j), 'Fdd_px': np.complex128(0.029283863634907488-0.02935405231246907j), 'Fdd_py': np.complex128(0.029354249643136723+0.029284060493736382j)}, 'free': np.float64(-9637.115553024138)}]
------------------------------------------
  Seed: uu+dd:px+ipy
  Seed uu: [ 4.22968625e-02+4.54504698e-16j -4.22968625e-02-4.47054805e-16j
 -4.25974563e-16+4.22968625e-02j  4.19460324e-16-4.22968625e-02j], Seed dd: [ 4.22968625e-02+4.53530954e-16j -4.22968625e-02-4.50655912e-16j
 -4.31598809e-16+4.22968625e-02j  4.24096718e-16-4.22968625e-02j]
F_onsite: (9.486710041403878e-20-6.223294241695712e-21j)
F_swave: (6.091490147084783e-21-1.343231569613645e-21j), F_dwave: (2.0979327808889138e-20-3.2353470619864914e-20j)
F_px: (-4.809582287418913e-20-8.902690795694467e-21j), F_py: (4.272082937919106e-21-3.813100845288642e-20j)
Free_energy = -9637.115553024554
------------------------------------------
[{'stable': {'Fuu_px': np.complex128(0.04146483605818563+3.162554977292781e-15j), 'Fuu_py': np.complex128(3.127656518416744e-15-0.04146203799641693j), 'Fdd_px': np.complex128(0.041464802139412386+3.47199981661241e-15j), 'Fdd_py': np.complex128(3.421010696353857e-15-0.04146207191859251j)}, 'free': np.float64(-9637.115552953406)}, {'stable': {'Fuu_px': np.complex128(0.029284361179655508+0.029353558358692543j), 'Fuu_py': np.complex128(0.02935375327065441-0.029284555632137922j), 'Fdd_px': np.complex128(0.029283863634907488-0.02935405231246907j), 'Fdd_py': np.complex128(0.029354249643136723+0.029284060493736382j)}, 'free': np.float64(-9637.115553024138)}, {'stable': {'Fuu_px': np.complex128(0.04146343707221543+5.240357395972799e-16j), 'Fuu_py': np.complex128(-5.027616865638205e-16+0.041463437072214414j), 'Fdd_px': np.complex128(0.041463437072215434+5.207664174140049e-16j), 'Fdd_py': np.complex128(-5.011779467106918e-16+0.04146343707221441j)}, 'free': np.float64(-9637.115553024554)}]
------------------------------------------
====================================
mu=-0.57, T=0.0464
====================================
  Seed: normal state
  Seed uu: [0.+0.j 0.+0.j 0.+0.j 0.+0.j], Seed dd: [0.+0.j 0.+0.j 0.+0.j 0.+0.j]
F_onsite: 0j
F_swave: 0j, F_dwave: 0j
F_px: 0j, F_py: 0j
Free_energy = -9575.516339923135
------------------------------------------
[{'stable': {}, 'free': np.float64(-9575.516339923135)}]
------------------------------------------
  Seed: uu:px
  Seed uu: [ 4.14648468e-02+3.66014382e-15j -4.14648468e-02-3.65988060e-15j
  3.65014817e-15-4.14620272e-02j -3.64450563e-15+4.14620272e-02j], Seed dd: [0.+0.j 0.+0.j 0.+0.j 0.+0.j]
F_onsite: (4.358101517188399e-20-3.860666773045033e-21j)
F_swave: (5.837734311016761e-21-8.484301878243105e-22j), F_dwave: (2.066487850928169e-20+9.990249103080465e-21j)
F_px: (7.97325002167472e-21+6.507294479151525e-22j), F_py: (-8.390442829844423e-22+7.677004589080982e-21j)
Free_energy = -9605.072895531594
------------------------------------------
[{'stable': {'Fuu_px': np.complex128(0.04040787558968037+3.633414981078171e-15j), 'Fuu_py': np.complex128(3.621464735855842e-15-0.04040645637062436j)}, 'free': np.float64(-9605.072895531594)}]
------------------------------------------
  Seed: uu:px+py
  Seed uu: [ 0.0293058 +0.02933226j -0.0293058 -0.02933226j  0.02933235-0.02930589j
 -0.02933235+0.02930589j], Seed dd: [0.+0.j 0.+0.j 0.+0.j 0.+0.j]
F_onsite: (3.450444723735727e-20+1.2956249647993208e-20j)
F_swave: (4.461609808306753e-21+1.2336711489189068e-21j), F_dwave: (-1.0076213760805196e-21+1.8872902129912423e-20j)
F_px: (7.501484223082503e-20+3.445716056257976e-20j), F_py: (8.3752471377201e-20-4.304800012892361e-20j)
Free_energy = -9605.07423932705
------------------------------------------
[{'stable': {'Fuu_px': np.complex128(0.04040787558968037+3.633414981078171e-15j), 'Fuu_py': np.complex128(3.621464735855842e-15-0.04040645637062436j)}, 'free': np.float64(-9605.072895531594)}, {'stable': {'Fuu_px': np.complex128(0.02855980341652834+0.028585596228691765j), 'Fuu_py': np.complex128(0.028585641787126755-0.02855984893385621j)}, 'free': np.float64(-9605.07423932705)}]
------------------------------------------
  Seed: uu:px+ipy
  Seed uu: [ 4.14634371e-02+4.74953132e-16j -4.14634371e-02-4.77439756e-16j
 -4.52858198e-16+4.14634371e-02j  4.46621441e-16-4.14634371e-02j], Seed dd: [0.+0.j 0.+0.j 0.+0.j 0.+0.j]
F_onsite: (-1.4671807646052445e-20-2.4373134340922192e-20j)
F_swave: (-1.6683057955060586e-21-2.7921299456997254e-21j), F_dwave: (-1.6158379816107604e-20+6.832460060974693e-20j)
F_px: (-3.244380167776393e-20-3.0852766792393576e-20j), F_py: (-3.6541832749557117e-20+4.2074206598503914e-21j)
Free_energy = -9605.074239327038
------------------------------------------
[{'stable': {'Fuu_px': np.complex128(0.04040787558968037+3.633414981078171e-15j), 'Fuu_py': np.complex128(3.621464735855842e-15-0.04040645637062436j)}, 'free': np.float64(-9605.072895531594)}, {'stable': {'Fuu_px': np.complex128(0.02855980341652834+0.028585596228691765j), 'Fuu_py': np.complex128(0.028585641787126755-0.02855984893385621j)}, 'free': np.float64(-9605.07423932705)}, {'stable': {'Fuu_px': np.complex128(0.04040793591887793+5.503007886886475e-16j), 'Fuu_py': np.complex128(-5.358526433048655e-16+0.04040793591887677j)}, 'free': np.float64(-9605.074239327038)}]
------------------------------------------
  Seed: dd:px
  Seed uu: [0.+0.j 0.+0.j 0.+0.j 0.+0.j], Seed dd: [ 4.14648521e-02+3.00533349e-15j -4.14648521e-02-3.00203922e-15j
  2.99266306e-15-4.14620219e-02j -2.98786812e-15+4.14620219e-02j]
F_onsite: (5.666447839712269e-20-4.235963925434952e-21j)
F_swave: (9.406532227309994e-21-6.593638814035773e-22j), F_dwave: (2.201571615408172e-20-4.0259889313636953e-22j)
F_px: (4.2523369187723685e-22-3.8821051078930226e-21j), F_py: (2.6940399743628543e-21-2.5702899250545546e-20j)
Free_energy = -9605.07289553145
------------------------------------------
[{'stable': {'Fuu_px': np.complex128(0.04040787558968037+3.633414981078171e-15j), 'Fuu_py': np.complex128(3.621464735855842e-15-0.04040645637062436j)}, 'free': np.float64(-9605.072895531594)}, {'stable': {'Fuu_px': np.complex128(0.02855980341652834+0.028585596228691765j), 'Fuu_py': np.complex128(0.028585641787126755-0.02855984893385621j)}, 'free': np.float64(-9605.07423932705)}, {'stable': {'Fuu_px': np.complex128(0.04040793591887793+5.503007886886475e-16j), 'Fuu_py': np.complex128(-5.358526433048655e-16+0.04040793591887677j)}, 'free': np.float64(-9605.074239327038)}, {'stable': {'Fdd_px': np.complex128(0.04040787827598022+3.0104030842522013e-15j), 'Fdd_py': np.complex128(3.006973222855642e-15-0.04040645368418323j)}, 'free': np.float64(-9605.07289553145)}]
------------------------------------------
  Seed: dd:px+py
  Seed uu: [0.+0.j 0.+0.j 0.+0.j 0.+0.j], Seed dd: [ 0.02930056-0.02933746j -0.02930056+0.02933746j  0.02933758+0.02930069j
 -0.02933758-0.02930069j]
F_onsite: (-1.9237845140969946e-20+1.0168376429838336e-21j)
F_swave: (-3.1461907824157777e-21+1.5474442450112002e-22j), F_dwave: (-2.462727010940558e-21+1.7441460541541006e-21j)
F_px: (-2.9902619840520857e-22-2.5127501960601356e-21j), F_py: (-4.773142863321643e-22+3.626371924351516e-21j)
Free_energy = -9605.074239327043
------------------------------------------
[{'stable': {'Fuu_px': np.complex128(0.04040787558968037+3.633414981078171e-15j), 'Fuu_py': np.complex128(3.621464735855842e-15-0.04040645637062436j)}, 'free': np.float64(-9605.072895531594)}, {'stable': {'Fuu_px': np.complex128(0.02855980341652834+0.028585596228691765j), 'Fuu_py': np.complex128(0.028585641787126755-0.02855984893385621j)}, 'free': np.float64(-9605.07423932705)}, {'stable': {'Fuu_px': np.complex128(0.04040793591887793+5.503007886886475e-16j), 'Fuu_py': np.complex128(-5.358526433048655e-16+0.04040793591887677j)}, 'free': np.float64(-9605.074239327038)}, {'stable': {'Fdd_px': np.complex128(0.04040787827598022+3.0104030842522013e-15j), 'Fdd_py': np.complex128(3.006973222855642e-15-0.04040645368418323j)}, 'free': np.float64(-9605.07289553145)}, {'stable': {'Fdd_px': np.complex128(0.02855471154420019-0.028590664703932733j), 'Fdd_py': np.complex128(0.02859072818962078+0.028554774950054033j)}, 'free': np.float64(-9605.074239327043)}]
------------------------------------------
  Seed: dd:px+ipy
  Seed uu: [0.+0.j 0.+0.j 0.+0.j 0.+0.j], Seed dd: [ 4.14634371e-02+5.09986414e-16j -4.14634371e-02-5.09444763e-16j
 -4.95532962e-16+4.14634371e-02j  4.89992069e-16-4.14634371e-02j]
F_onsite: (-4.78755661417052e-21-1.0098489388466663e-22j)
F_swave: (-7.171735335342282e-22+1.008618832605101e-23j), F_dwave: (-3.568933302654176e-21-2.860660698169859e-21j)
F_px: (3.9836548631598946e-22+5.657499365093218e-21j), F_py: (4.979426090568101e-21-1.7217700920909257e-20j)
Free_energy = -9605.07423932704
------------------------------------------
[{'stable': {'Fuu_px': np.complex128(0.04040787558968037+3.633414981078171e-15j), 'Fuu_py': np.complex128(3.621464735855842e-15-0.04040645637062436j)}, 'free': np.float64(-9605.072895531594)}, {'stable': {'Fuu_px': np.complex128(0.02855980341652834+0.028585596228691765j), 'Fuu_py': np.complex128(0.028585641787126755-0.02855984893385621j)}, 'free': np.float64(-9605.07423932705)}, {'stable': {'Fuu_px': np.complex128(0.04040793591887793+5.503007886886475e-16j), 'Fuu_py': np.complex128(-5.358526433048655e-16+0.04040793591887677j)}, 'free': np.float64(-9605.074239327038)}, {'stable': {'Fdd_px': np.complex128(0.04040787827598022+3.0104030842522013e-15j), 'Fdd_py': np.complex128(3.006973222855642e-15-0.04040645368418323j)}, 'free': np.float64(-9605.07289553145)}, {'stable': {'Fdd_px': np.complex128(0.02855471154420019-0.028590664703932733j), 'Fdd_py': np.complex128(0.02859072818962078+0.028554774950054033j)}, 'free': np.float64(-9605.074239327043)}, {'stable': {'Fdd_px': np.complex128(0.040407935918877924+5.901473493447477e-16j), 'Fdd_py': np.complex128(-5.725620056825726e-16+0.040407935918876786j)}, 'free': np.float64(-9605.07423932704)}]
------------------------------------------
  Seed: uu+dd:px
  Seed uu: [ 4.14648361e-02+3.16018336e-15j -4.14648361e-02-3.16492659e-15j
  3.13042069e-15-4.14620380e-02j -3.12489235e-15+4.14620380e-02j], Seed dd: [ 4.14648021e-02+3.47744395e-15j -4.14648021e-02-3.46655568e-15j
  3.42441055e-15-4.14620719e-02j -3.41761084e-15+4.14620719e-02j]
F_onsite: (-2.2405674469877715e-20-4.494366943956684e-20j)
F_swave: (-2.55611013831101e-21-4.1677835452443044e-21j), F_dwave: (-4.2714955512558215e-20+2.531389303074692e-21j)
F_px: (-1.655270711754137e-20-8.730486019819466e-21j), F_py: (-1.4138865860979454e-20-7.706835260760406e-21j)
Free_energy = -9634.62945114028
------------------------------------------
[{'stable': {'Fuu_px': np.complex128(0.040407870178568964+3.139468631094222e-15j), 'Fuu_py': np.complex128(3.1265906598015227e-15-0.04040646178201936j), 'Fdd_px': np.complex128(0.04040785310523315+3.417175900268951e-15j), 'Fdd_py': np.complex128(3.4350199992616226e-15-0.040406478856235696j)}, 'free': np.float64(-9634.62945114028)}]
------------------------------------------
  Seed: uu+dd:px+py
  Seed uu: [ 0.02928436+0.02935356j -0.02928436-0.02935356j  0.02935375-0.02928456j
 -0.02935375+0.02928456j], Seed dd: [ 0.02928386-0.02935405j -0.02928386+0.02935405j  0.02935425+0.02928406j
 -0.02935425-0.02928406j]
F_onsite: (-4.588957994368519e-20+3.790852914037386e-21j)
F_swave: (-6.91745728158456e-21-1.108215385682081e-23j), F_dwave: (1.4707233871062105e-20+2.5421019654295155e-20j)
F_px: (4.616289265479103e-20-2.1103387552673114e-20j), F_py: (3.462813582556399e-20+1.6119629623147902e-20j)
Free_energy = -9634.63213873096
------------------------------------------
[{'stable': {'Fuu_px': np.complex128(0.040407870178568964+3.139468631094222e-15j), 'Fuu_py': np.complex128(3.1265906598015227e-15-0.04040646178201936j), 'Fdd_px': np.complex128(0.04040785310523315+3.417175900268951e-15j), 'Fdd_py': np.complex128(3.4350199992616226e-15-0.040406478856235696j)}, 'free': np.float64(-9634.62945114028)}, {'stable': {'Fuu_px': np.complex128(0.0285389373571895+0.028606373144697845j), 'Fuu_py': np.complex128(0.028606473975784388-0.028539037950579913j), 'Fdd_px': np.complex128(0.028538453028163872-0.02860685507724684j), 'Fdd_py': np.complex128(0.02860695715956878+0.028538554866395942j)}, 'free': np.float64(-9634.63213873096)}]
------------------------------------------
  Seed: uu+dd:px+ipy
  Seed uu: [ 4.14634371e-02+5.21853161e-16j -4.14634371e-02-5.26218319e-16j
 -5.05412251e-16+4.14634371e-02j  5.00111122e-16-4.14634371e-02j], Seed dd: [ 4.14634371e-02+5.18850985e-16j -4.14634371e-02-5.22681850e-16j
 -5.04049455e-16+4.14634371e-02j  4.98306439e-16-4.14634371e-02j]
F_onsite: (-5.860229538381101e-21-1.4434324326165416e-20j)
F_swave: (-7.572254581299296e-21-7.940303692879113e-21j), F_dwave: (-7.607207776377272e-21+1.5536931145395854e-20j)
F_px: (-4.88618275236101e-20-1.414498185475463e-20j), F_py: (5.825568489074066e-20-6.171075392642474e-20j)
Free_energy = -9634.632138731025
------------------------------------------
[{'stable': {'Fuu_px': np.complex128(0.040407870178568964+3.139468631094222e-15j), 'Fuu_py': np.complex128(3.1265906598015227e-15-0.04040646178201936j), 'Fdd_px': np.complex128(0.04040785310523315+3.417175900268951e-15j), 'Fdd_py': np.complex128(3.4350199992616226e-15-0.040406478856235696j)}, 'free': np.float64(-9634.62945114028)}, {'stable': {'Fuu_px': np.complex128(0.0285389373571895+0.028606373144697845j), 'Fuu_py': np.complex128(0.028606473975784388-0.028539037950579913j), 'Fdd_px': np.complex128(0.028538453028163872-0.02860685507724684j), 'Fdd_py': np.complex128(0.02860695715956878+0.028538554866395942j)}, 'free': np.float64(-9634.63213873096)}, {'stable': {'Fuu_px': np.complex128(0.04040793591887791+5.876250308116122e-16j), 'Fuu_py': np.complex128(-5.716515114387232e-16+0.04040793591887676j), 'Fdd_px': np.complex128(0.0404079359188779+5.886397101079738e-16j), 'Fdd_py': np.complex128(-5.71161542583406e-16+0.04040793591887677j)}, 'free': np.float64(-9634.632138731025)}]
------------------------------------------
====================================
mu=-0.57, T=0.0505
====================================
  Seed: normal state
  Seed uu: [0.+0.j 0.+0.j 0.+0.j 0.+0.j], Seed dd: [0.+0.j 0.+0.j 0.+0.j 0.+0.j]
F_onsite: 0j
F_swave: 0j, F_dwave: 0j
F_px: 0j, F_py: 0j
Free_energy = -9576.781853510958
------------------------------------------
[{'stable': {}, 'free': np.float64(-9576.781853510958)}]
------------------------------------------
  Seed: uu:px
  Seed uu: [ 4.04078756e-02+3.63405370e-15j -4.04078756e-02-3.63277627e-15j
  3.62421258e-15-4.04064564e-02j -3.61871689e-15+4.04064564e-02j], Seed dd: [0.+0.j 0.+0.j 0.+0.j 0.+0.j]
F_onsite: (-4.895803629047548e-20+7.158816936127365e-21j)
F_swave: (-6.258039329167649e-21+1.3180734937806296e-21j), F_dwave: (-3.0599079404241384e-20-4.2497176150960146e-21j)
F_px: (5.220644347550781e-20+2.308861344589944e-21j), F_py: (-1.322004696884015e-20-6.610061862830993e-20j)
Free_energy = -9604.237358999288
------------------------------------------
[{'stable': {'Fuu_px': np.complex128(0.03910406609947278+3.556845201114742e-15j), 'Fuu_py': np.complex128(3.577260150981449e-15-0.03910333225612827j)}, 'free': np.float64(-9604.237358999288)}]
------------------------------------------
  Seed: uu:px+py
  Seed uu: [ 0.0285598 +0.0285856j  -0.0285598 -0.0285856j   0.02858564-0.02855985j
 -0.02858564+0.02855985j], Seed dd: [0.+0.j 0.+0.j 0.+0.j 0.+0.j]
F_onsite: (2.429436194378434e-20+9.460874927824058e-20j)
F_swave: (3.1417127794439176e-21+1.2122212273972523e-20j), F_dwave: (5.0681732720244586e-20-1.66879208885794e-20j)
F_px: (6.529544504800749e-20+1.1685767334738198e-19j), F_py: (6.408112994902256e-20-1.1791864803811947e-19j)
Free_energy = -9604.237362536538
------------------------------------------
[{'stable': {'Fuu_px': np.complex128(0.03910406609947278+3.556845201114742e-15j), 'Fuu_py': np.complex128(3.577260150981449e-15-0.03910333225612827j)}, 'free': np.float64(-9604.237358999288)}, {'stable': {'Fuu_px': np.complex128(0.02763799762857344+0.027662957943285826j), 'Fuu_py': np.complex128(0.027662981499911483-0.02763802116394397j)}, 'free': np.float64(-9604.237362536538)}]
------------------------------------------
  Seed: uu:px+ipy
  Seed uu: [ 4.04079359e-02+5.50285463e-16j -4.04079359e-02-5.50316115e-16j
 -5.38463477e-16+4.04079359e-02j  5.33241810e-16-4.04079359e-02j], Seed dd: [0.+0.j 0.+0.j 0.+0.j 0.+0.j]
F_onsite: (-2.0033378329398853e-20-1.1351946254140996e-19j)
F_swave: (-3.1370604737687122e-21-1.4773145344578575e-20j), F_dwave: (2.547399779247504e-20+1.0369844170670865e-19j)
F_px: (1.2702257920806453e-19+1.0090788337290572e-19j), F_py: (1.1764468702559954e-19+6.678848558480423e-20j)
Free_energy = -9604.237362536473
------------------------------------------
[{'stable': {'Fuu_px': np.complex128(0.03910406609947278+3.556845201114742e-15j), 'Fuu_py': np.complex128(3.577260150981449e-15-0.03910333225612827j)}, 'free': np.float64(-9604.237358999288)}, {'stable': {'Fuu_px': np.complex128(0.02763799762857344+0.027662957943285826j), 'Fuu_py': np.complex128(0.027662981499911483-0.02763802116394397j)}, 'free': np.float64(-9604.237362536538)}, {'stable': {'Fuu_px': np.complex128(0.03910370132361191+5.971403474781608e-16j), 'Fuu_py': np.complex128(-6.065594464958572e-16+0.03910370132361023j)}, 'free': np.float64(-9604.237362536473)}]
------------------------------------------
  Seed: dd:px
  Seed uu: [0.+0.j 0.+0.j 0.+0.j 0.+0.j], Seed dd: [ 4.04078783e-02+3.01690054e-15j -4.04078783e-02-3.00390563e-15j
  3.01003820e-15-4.04064537e-02j -3.00390825e-15+4.04064537e-02j]
F_onsite: (-3.2924927967582667e-20+1.2092222230850786e-21j)
F_swave: (-4.952009824010879e-21+1.1334469524192383e-22j), F_dwave: (1.827350635011331e-20+2.904609707687977e-22j)
F_px: (6.902389329060396e-22+2.292432230793932e-22j), F_py: (-2.21987657630237e-21-1.3909200620454678e-20j)
Free_energy = -9604.237358999259
------------------------------------------
[{'stable': {'Fuu_px': np.complex128(0.03910406609947278+3.556845201114742e-15j), 'Fuu_py': np.complex128(3.577260150981449e-15-0.03910333225612827j)}, 'free': np.float64(-9604.237358999288)}, {'stable': {'Fuu_px': np.complex128(0.02763799762857344+0.027662957943285826j), 'Fuu_py': np.complex128(0.027662981499911483-0.02763802116394397j)}, 'free': np.float64(-9604.237362536538)}, {'stable': {'Fuu_px': np.complex128(0.03910370132361191+5.971403474781608e-16j), 'Fuu_py': np.complex128(-6.065594464958572e-16+0.03910370132361023j)}, 'free': np.float64(-9604.237362536473)}, {'stable': {'Fdd_px': np.complex128(0.03910406748850986+2.8953208866990468e-15j), 'Fdd_py': np.complex128(2.923883075908478e-15-0.03910333086705221j)}, 'free': np.float64(-9604.237358999259)}]
------------------------------------------
  Seed: dd:px+py
  Seed uu: [0.+0.j 0.+0.j 0.+0.j 0.+0.j], Seed dd: [ 0.02855471-0.02859066j -0.02855471+0.02859066j  0.02859073+0.02855477j
 -0.02859073-0.02855477j]
F_onsite: (1.3426882022673244e-20-2.3212178766379697e-21j)
F_swave: (1.7458076714248543e-21-3.9540703478399335e-22j), F_dwave: (1.154586764306425e-20+9.897659289079245e-22j)
F_px: (1.5258314595419296e-21+1.4623203249096026e-21j), F_py: (4.509170921261164e-22+3.755523231992928e-20j)
Free_energy = -9604.237362536534
------------------------------------------
[{'stable': {'Fuu_px': np.complex128(0.03910406609947278+3.556845201114742e-15j), 'Fuu_py': np.complex128(3.577260150981449e-15-0.03910333225612827j)}, 'free': np.float64(-9604.237358999288)}, {'stable': {'Fuu_px': np.complex128(0.02763799762857344+0.027662957943285826j), 'Fuu_py': np.complex128(0.027662981499911483-0.02763802116394397j)}, 'free': np.float64(-9604.237362536538)}, {'stable': {'Fuu_px': np.complex128(0.03910370132361191+5.971403474781608e-16j), 'Fuu_py': np.complex128(-6.065594464958572e-16+0.03910370132361023j)}, 'free': np.float64(-9604.237362536473)}, {'stable': {'Fdd_px': np.complex128(0.03910406748850986+2.8953208866990468e-15j), 'Fdd_py': np.complex128(2.923883075908478e-15-0.03910333086705221j)}, 'free': np.float64(-9604.237358999259)}, {'stable': {'Fdd_px': np.complex128(0.0276330741358762-0.027667866864451662j), 'Fdd_py': np.complex128(0.027667899690613996+0.027633106920759085j)}, 'free': np.float64(-9604.237362536534)}]
------------------------------------------
  Seed: dd:px+ipy
  Seed uu: [0.+0.j 0.+0.j 0.+0.j 0.+0.j], Seed dd: [ 4.04079359e-02+5.93249780e-16j -4.04079359e-02-5.87044919e-16j
 -5.76237599e-16+4.04079359e-02j  5.68886412e-16-4.04079359e-02j]
F_onsite: (1.126320117889524e-20-1.836475960781027e-21j)
F_swave: (1.9345876800262794e-21-3.2935409908910453e-22j), F_dwave: (-8.783341776488239e-21+2.4458380371057547e-21j)
F_px: (-7.147324574605082e-22-5.890864449256355e-21j), F_py: (-3.60602773604815e-23-1.702132868040506e-20j)
Free_energy = -9604.237362536474
------------------------------------------
[{'stable': {'Fuu_px': np.complex128(0.03910406609947278+3.556845201114742e-15j), 'Fuu_py': np.complex128(3.577260150981449e-15-0.03910333225612827j)}, 'free': np.float64(-9604.237358999288)}, {'stable': {'Fuu_px': np.complex128(0.02763799762857344+0.027662957943285826j), 'Fuu_py': np.complex128(0.027662981499911483-0.02763802116394397j)}, 'free': np.float64(-9604.237362536538)}, {'stable': {'Fuu_px': np.complex128(0.03910370132361191+5.971403474781608e-16j), 'Fuu_py': np.complex128(-6.065594464958572e-16+0.03910370132361023j)}, 'free': np.float64(-9604.237362536473)}, {'stable': {'Fdd_px': np.complex128(0.03910406748850986+2.8953208866990468e-15j), 'Fdd_py': np.complex128(2.923883075908478e-15-0.03910333086705221j)}, 'free': np.float64(-9604.237358999259)}, {'stable': {'Fdd_px': np.complex128(0.0276330741358762-0.027667866864451662j), 'Fdd_py': np.complex128(0.027667899690613996+0.027633106920759085j)}, 'free': np.float64(-9604.237362536534)}, {'stable': {'Fdd_px': np.complex128(0.03910370132361185+6.591571352608053e-16j), 'Fdd_py': np.complex128(-6.695091219558941e-16+0.03910370132361034j)}, 'free': np.float64(-9604.237362536474)}]
------------------------------------------
  Seed: uu+dd:px
  Seed uu: [ 4.04078702e-02+3.14423000e-15j -4.04078702e-02-3.13470726e-15j
  3.12946140e-15-4.04064618e-02j -3.12371992e-15+4.04064618e-02j], Seed dd: [ 4.04078531e-02+3.41868093e-15j -4.04078531e-02-3.41567087e-15j
  3.43749568e-15-4.04064789e-02j -3.43254432e-15+4.04064789e-02j]
F_onsite: (-3.0166335291045167e-20+3.130804014891897e-20j)
F_swave: (-5.534032793936682e-21+5.036530986083743e-21j), F_dwave: (-3.7492989456261145e-20-3.2193403259971544e-20j)
F_px: (1.5317706610815464e-20-4.374043306151302e-21j), F_py: (-4.242056480518524e-21-1.305598933248715e-20j)
Free_energy = -9631.692864487737
------------------------------------------
[{'stable': {'Fuu_px': np.complex128(0.03910406330148612+3.1482446203467154e-15j), 'Fuu_py': np.complex128(3.1376585613906088e-15-0.03910333505419279j), 'Fdd_px': np.complex128(0.039104054473175665+3.406489057627011e-15j), 'Fdd_py': np.complex128(3.3955585606638373e-15-0.03910334388274454j)}, 'free': np.float64(-9631.692864487737)}]
------------------------------------------
  Seed: uu+dd:px+py
  Seed uu: [ 0.02853894+0.02860637j -0.02853894-0.02860637j  0.02860647-0.02853904j
 -0.02860647+0.02853904j], Seed dd: [ 0.02853845-0.02860686j -0.02853845+0.02860686j  0.02860696+0.02853855j
 -0.02860696-0.02853855j]
F_onsite: (-1.751016884241758e-20+5.206026779824135e-21j)
F_swave: (-4.103881230533734e-21+1.3886091953161132e-21j), F_dwave: (2.836342213794195e-20+2.0491100571954497e-21j)
F_px: (1.5136687490454332e-20-5.0253667858693255e-20j), F_py: (1.2067397433554804e-20+4.349876901007379e-20j)
Free_energy = -9631.692871562156
------------------------------------------
[{'stable': {'Fuu_px': np.complex128(0.03910406330148612+3.1482446203467154e-15j), 'Fuu_py': np.complex128(3.1376585613906088e-15-0.03910333505419279j), 'Fdd_px': np.complex128(0.039104054473175665+3.406489057627011e-15j), 'Fdd_py': np.complex128(3.3955585606638373e-15-0.03910334388274454j)}, 'free': np.float64(-9631.692864487737)}, {'stable': {'Fuu_px': np.complex128(0.027617817466960612+0.027683076703730193j), 'Fuu_py': np.complex128(0.02768312883985251-0.027617869480178837j), 'Fdd_px': np.complex128(0.02761734905097548-0.027683543363031013j), 'Fdd_py': np.complex128(0.027683596146122723+0.027617401707857134j)}, 'free': np.float64(-9631.692871562156)}]
------------------------------------------
  Seed: uu+dd:px+ipy
  Seed uu: [ 4.04079359e-02+5.87159666e-16j -4.04079359e-02-5.88090396e-16j
 -5.74824881e-16+4.04079359e-02j  5.68478142e-16-4.04079359e-02j], Seed dd: [ 4.04079359e-02+5.88333600e-16j -4.04079359e-02-5.88945820e-16j
 -5.74207500e-16+4.04079359e-02j  5.68115586e-16-4.04079359e-02j]
F_onsite: (-7.962138729257064e-20-1.9314261879344178e-20j)
F_swave: (-1.6387278665535723e-20+2.4666173736383824e-23j), F_dwave: (-7.92102182161337e-20+8.906032632178501e-21j)
F_px: (-3.0989725628422083e-20+1.4398955460168543e-20j), F_py: (1.2878802204917684e-20-3.366683881919583e-20j)
Free_energy = -9631.69287156217
------------------------------------------
[{'stable': {'Fuu_px': np.complex128(0.03910406330148612+3.1482446203467154e-15j), 'Fuu_py': np.complex128(3.1376585613906088e-15-0.03910333505419279j), 'Fdd_px': np.complex128(0.039104054473175665+3.406489057627011e-15j), 'Fdd_py': np.complex128(3.3955585606638373e-15-0.03910334388274454j)}, 'free': np.float64(-9631.692864487737)}, {'stable': {'Fuu_px': np.complex128(0.027617817466960612+0.027683076703730193j), 'Fuu_py': np.complex128(0.02768312883985251-0.027617869480178837j), 'Fdd_px': np.complex128(0.02761734905097548-0.027683543363031013j), 'Fdd_py': np.complex128(0.027683596146122723+0.027617401707857134j)}, 'free': np.float64(-9631.692871562156)}, {'stable': {'Fuu_px': np.complex128(0.03910370132361185+6.563052812065185e-16j), 'Fuu_py': np.complex128(-6.617537412303929e-16+0.039103701323610324j), 'Fdd_px': np.complex128(0.039103701323611906+6.549430007644273e-16j), 'Fdd_py': np.complex128(-6.517026365200366e-16+0.039103701323610254j)}, 'free': np.float64(-9631.69287156217)}]
------------------------------------------
====================================
mu=-0.57, T=0.0546
====================================
  Seed: normal state
  Seed uu: [0.+0.j 0.+0.j 0.+0.j 0.+0.j], Seed dd: [0.+0.j 0.+0.j 0.+0.j 0.+0.j]
F_onsite: 0j
F_swave: 0j, F_dwave: 0j
F_px: 0j, F_py: 0j
Free_energy = -9578.154258999923
------------------------------------------
[{'stable': {}, 'free': np.float64(-9578.154258999923)}]
------------------------------------------
  Seed: uu:px
  Seed uu: [ 3.91040661e-02+3.55682629e-15j -3.91040661e-02-3.55686411e-15j
  3.57980867e-15-3.91033323e-02j -3.57471163e-15+3.91033323e-02j], Seed dd: [0.+0.j 0.+0.j 0.+0.j 0.+0.j]
F_onsite: (1.2908306033255607e-21+4.6351661287915927e-20j)
F_swave: (3.7572086233739813e-22+6.5360954893263295e-21j), F_dwave: (9.3160449644747e-21+1.2385936386314375e-20j)
F_px: (5.1394461677655953e-20-2.8364434909771506e-20j), F_py: (2.6416889138411958e-20-6.352193346923046e-20j)
Free_energy = -9603.226155766499
------------------------------------------
[{'stable': {'Fuu_px': np.complex128(0.03751909022015258+3.5151263270682953e-15j), 'Fuu_py': np.complex128(3.502846149278121e-15-0.03751871258691886j)}, 'free': np.float64(-9603.226155766499)}]
------------------------------------------
  Seed: uu:px+py
  Seed uu: [ 0.027638  +0.02766296j -0.027638  -0.02766296j  0.02766298-0.02763802j
 -0.02766298+0.02763802j], Seed dd: [0.+0.j 0.+0.j 0.+0.j 0.+0.j]
F_onsite: (-1.380014527684822e-19-6.28168864809314e-20j)
F_swave: (-1.813073595493327e-20-8.120415264239743e-21j), F_dwave: (-1.6552395091341466e-20-9.384297954365872e-20j)
F_px: (-2.284132125732256e-20-1.3556132956504065e-20j), F_py: (-2.9152009619158824e-20+2.5352792819826518e-20j)
Free_energy = -9603.226155774606
------------------------------------------
[{'stable': {'Fuu_px': np.complex128(0.03751909022015258+3.5151263270682953e-15j), 'Fuu_py': np.complex128(3.502846149278121e-15-0.03751871258691886j)}, 'free': np.float64(-9603.226155766499)}, {'stable': {'Fuu_px': np.complex128(0.02651788648620778+0.026541835210753803j), 'Fuu_py': np.complex128(0.026541847332910665-0.026517898597426613j)}, 'free': np.float64(-9603.226155774606)}]
------------------------------------------
  Seed: uu:px+ipy
  Seed uu: [ 3.91037013e-02+5.98659276e-16j -3.91037013e-02-5.95621419e-16j
 -6.10002530e-16+3.91037013e-02j  6.03116363e-16-3.91037013e-02j], Seed dd: [0.+0.j 0.+0.j 0.+0.j 0.+0.j]
F_onsite: (7.515048371700729e-20+9.468820745853557e-20j)
F_swave: (9.948862157338617e-21+1.276929532094192e-20j), F_dwave: (1.4091109087659115e-20-5.1182645181539916e-20j)
F_px: (1.0629696318712136e-19-5.65402188598987e-20j), F_py: (-5.1956481583560783e-20+1.4323034882032838e-19j)
Free_energy = -9603.226155774597
------------------------------------------
[{'stable': {'Fuu_px': np.complex128(0.03751909022015258+3.5151263270682953e-15j), 'Fuu_py': np.complex128(3.502846149278121e-15-0.03751871258691886j)}, 'free': np.float64(-9603.226155766499)}, {'stable': {'Fuu_px': np.complex128(0.02651788648620778+0.026541835210753803j), 'Fuu_py': np.complex128(0.026541847332910665-0.026517898597426613j)}, 'free': np.float64(-9603.226155774606)}, {'stable': {'Fuu_px': np.complex128(0.03751890140927215+6.728851305858537e-16j), 'Fuu_py': np.complex128(-6.707037692837677e-16+0.03751890140926997j)}, 'free': np.float64(-9603.226155774597)}]
------------------------------------------
  Seed: dd:px
  Seed uu: [0.+0.j 0.+0.j 0.+0.j 0.+0.j], Seed dd: [ 3.91040675e-02+2.89796809e-15j -3.91040675e-02-2.89267368e-15j
  2.92605459e-15-3.91033309e-02j -2.92171156e-15+3.91033309e-02j]
F_onsite: (4.813310888745335e-20-5.6290740987905084e-21j)
F_swave: (7.866711293724587e-21-9.521264182472555e-22j), F_dwave: (2.5669363971129613e-20+6.754410777968919e-22j)
F_px: (-1.6121301551285139e-21+8.490304724959519e-22j), F_py: (1.5102646251507991e-21-3.977561848878669e-20j)
Free_energy = -9603.226155766486
------------------------------------------
[{'stable': {'Fuu_px': np.complex128(0.03751909022015258+3.5151263270682953e-15j), 'Fuu_py': np.complex128(3.502846149278121e-15-0.03751871258691886j)}, 'free': np.float64(-9603.226155766499)}, {'stable': {'Fuu_px': np.complex128(0.02651788648620778+0.026541835210753803j), 'Fuu_py': np.complex128(0.026541847332910665-0.026517898597426613j)}, 'free': np.float64(-9603.226155774606)}, {'stable': {'Fuu_px': np.complex128(0.03751890140927215+6.728851305858537e-16j), 'Fuu_py': np.complex128(-6.707037692837677e-16+0.03751890140926997j)}, 'free': np.float64(-9603.226155774597)}, {'stable': {'Fdd_px': np.complex128(0.037519090934950414+2.875264615580833e-15j), 'Fdd_py': np.complex128(2.873106627094135e-15-0.03751871187211065j)}, 'free': np.float64(-9603.226155766486)}]
------------------------------------------
  Seed: dd:px+py
  Seed uu: [0.+0.j 0.+0.j 0.+0.j 0.+0.j], Seed dd: [ 0.02763307-0.02766787j -0.02763307+0.02766787j  0.0276679 +0.02763311j
 -0.0276679 -0.02763311j]
F_onsite: (-2.395002202663401e-20-1.5405505295856712e-21j)
F_swave: (-3.672052241985023e-21-2.5483468236455456e-22j), F_dwave: (6.139189633622139e-21-7.819101678131966e-22j)
F_px: (1.4873516649783908e-21-2.211833225691563e-21j), F_py: (-1.715730088240622e-21+8.746436638656593e-21j)
Free_energy = -9603.226155774566
------------------------------------------
[{'stable': {'Fuu_px': np.complex128(0.03751909022015258+3.5151263270682953e-15j), 'Fuu_py': np.complex128(3.502846149278121e-15-0.03751871258691886j)}, 'free': np.float64(-9603.226155766499)}, {'stable': {'Fuu_px': np.complex128(0.02651788648620778+0.026541835210753803j), 'Fuu_py': np.complex128(0.026541847332910665-0.026517898597426613j)}, 'free': np.float64(-9603.226155774606)}, {'stable': {'Fuu_px': np.complex128(0.03751890140927215+6.728851305858537e-16j), 'Fuu_py': np.complex128(-6.707037692837677e-16+0.03751890140926997j)}, 'free': np.float64(-9603.226155774597)}, {'stable': {'Fdd_px': np.complex128(0.037519090934950414+2.875264615580833e-15j), 'Fdd_py': np.complex128(2.873106627094135e-15-0.03751871187211065j)}, 'free': np.float64(-9603.226155766486)}, {'stable': {'Fdd_px': np.complex128(0.02651316459090829-0.026546547244418125j), 'Fdd_py': np.complex128(0.026546564136645953+0.02651318146189384j)}, 'free': np.float64(-9603.226155774566)}]
------------------------------------------
  Seed: dd:px+ipy
  Seed uu: [0.+0.j 0.+0.j 0.+0.j 0.+0.j], Seed dd: [ 3.91037013e-02+6.60739644e-16j -3.91037013e-02-6.57574626e-16j
 -6.72530793e-16+3.91037013e-02j  6.66487451e-16-3.91037013e-02j]
F_onsite: (2.479195118491746e-20-2.5278148736161184e-21j)
F_swave: (3.8140322477768214e-21-4.0110230172237603e-22j), F_dwave: (-5.1625353226327294e-21-2.0067819714442942e-21j)
F_px: (-5.483063972349547e-22+2.82640626873133e-20j), F_py: (-2.2886480153004875e-21+1.3761936454949637e-20j)
Free_energy = -9603.226155774595
------------------------------------------
[{'stable': {'Fuu_px': np.complex128(0.03751909022015258+3.5151263270682953e-15j), 'Fuu_py': np.complex128(3.502846149278121e-15-0.03751871258691886j)}, 'free': np.float64(-9603.226155766499)}, {'stable': {'Fuu_px': np.complex128(0.02651788648620778+0.026541835210753803j), 'Fuu_py': np.complex128(0.026541847332910665-0.026517898597426613j)}, 'free': np.float64(-9603.226155774606)}, {'stable': {'Fuu_px': np.complex128(0.03751890140927215+6.728851305858537e-16j), 'Fuu_py': np.complex128(-6.707037692837677e-16+0.03751890140926997j)}, 'free': np.float64(-9603.226155774597)}, {'stable': {'Fdd_px': np.complex128(0.037519090934950414+2.875264615580833e-15j), 'Fdd_py': np.complex128(2.873106627094135e-15-0.03751871187211065j)}, 'free': np.float64(-9603.226155766486)}, {'stable': {'Fdd_px': np.complex128(0.02651316459090829-0.026546547244418125j), 'Fdd_py': np.complex128(0.026546564136645953+0.02651318146189384j)}, 'free': np.float64(-9603.226155774566)}, {'stable': {'Fdd_px': np.complex128(0.03751890140927201+7.709077007695024e-16j), 'Fdd_py': np.complex128(-7.656223607624234e-16+0.03751890140927001j)}, 'free': np.float64(-9603.226155774595)}]
------------------------------------------
  Seed: uu+dd:px
  Seed uu: [ 3.91040633e-02+3.14975202e-15j -3.91040633e-02-3.14673722e-15j
  3.13952357e-15-3.91033351e-02j -3.13579355e-15+3.91033351e-02j], Seed dd: [ 3.91040545e-02+3.40715334e-15j -3.91040545e-02-3.40582477e-15j
  3.39794493e-15-3.91033439e-02j -3.39317219e-15+3.91033439e-02j]
F_onsite: (-2.156142188248396e-20-1.714877419832124e-20j)
F_swave: (-5.628535884797275e-22-9.067889538366569e-24j), F_dwave: (1.8248901777660254e-20+6.366883930189207e-21j)
F_px: (2.6038270344184573e-20-3.421292012264038e-20j), F_py: (4.692154162593731e-20-5.107508553008738e-20j)
Free_energy = -9628.29805253312
------------------------------------------
[{'stable': {'Fuu_px': np.complex128(0.037519088780308005+3.04941171756523e-15j), 'Fuu_py': np.complex128(3.0813552623001008e-15-0.037518714026785006j), 'Fdd_px': np.complex128(0.03751908423726137+3.354070529565297e-15j), 'Fdd_py': np.complex128(3.3746998052374387e-15-0.03751871856989804j)}, 'free': np.float64(-9628.29805253312)}]
------------------------------------------
  Seed: uu+dd:px+py
  Seed uu: [ 0.02761782+0.02768308j -0.02761782-0.02768308j  0.02768313-0.02761787j
 -0.02768313+0.02761787j], Seed dd: [ 0.02761735-0.02768354j -0.02761735+0.02768354j  0.0276836 +0.0276174j
 -0.0276836 -0.0276174j ]
F_onsite: (-5.584368185450638e-21+7.0554804936015e-21j)
F_swave: (-3.078771391263019e-22+7.051113425886177e-22j), F_dwave: (-1.5823156777776063e-20+3.277967667819047e-20j)
F_px: (2.1046399370671587e-20+1.87244834193378e-20j), F_py: (5.795950436878007e-20-2.1286082438850578e-20j)
Free_energy = -9628.298052549268
------------------------------------------
[{'stable': {'Fuu_px': np.complex128(0.037519088780308005+3.04941171756523e-15j), 'Fuu_py': np.complex128(3.0813552623001008e-15-0.037518714026785006j), 'Fdd_px': np.complex128(0.03751908423726137+3.354070529565297e-15j), 'Fdd_py': np.complex128(3.3746998052374387e-15-0.03751871856989804j)}, 'free': np.float64(-9628.29805253312)}, {'stable': {'Fuu_px': np.complex128(0.026498530523377136+0.026561144952614538j), 'Fuu_py': np.complex128(0.026561171781679896-0.02649855728919623j), 'Fdd_px': np.complex128(0.026498081234591665-0.02656159284299664j), 'Fdd_py': np.complex128(0.026561620004990225+0.02649810833163784j)}, 'free': np.float64(-9628.298052549268)}]
------------------------------------------
  Seed: uu+dd:px+ipy
  Seed uu: [ 3.91037013e-02+6.60099367e-16j -3.91037013e-02-6.52511196e-16j
 -6.64787535e-16+3.91037013e-02j  6.58719947e-16-3.91037013e-02j], Seed dd: [ 3.91037013e-02+6.57260430e-16j -3.91037013e-02-6.52625572e-16j
 -6.53615277e-16+3.91037013e-02j  6.49789996e-16-3.91037013e-02j]
F_onsite: (-6.9715409458963e-20-8.004232965882396e-20j)
F_swave: (-4.751274628751899e-21-5.966643963678329e-21j), F_dwave: (-5.861395220339652e-21+4.006465572526706e-20j)
F_px: (8.639599544607989e-20+7.670338232403952e-20j), F_py: (1.818593520340544e-20+1.295182401878809e-19j)
Free_energy = -9628.298052549233
------------------------------------------
[{'stable': {'Fuu_px': np.complex128(0.037519088780308005+3.04941171756523e-15j), 'Fuu_py': np.complex128(3.0813552623001008e-15-0.037518714026785006j), 'Fdd_px': np.complex128(0.03751908423726137+3.354070529565297e-15j), 'Fdd_py': np.complex128(3.3746998052374387e-15-0.03751871856989804j)}, 'free': np.float64(-9628.29805253312)}, {'stable': {'Fuu_px': np.complex128(0.026498530523377136+0.026561144952614538j), 'Fuu_py': np.complex128(0.026561171781679896-0.02649855728919623j), 'Fdd_px': np.complex128(0.026498081234591665-0.02656159284299664j), 'Fdd_py': np.complex128(0.026561620004990225+0.02649810833163784j)}, 'free': np.float64(-9628.298052549268)}, {'stable': {'Fuu_px': np.complex128(0.03751890140927208+7.143005947836159e-16j), 'Fuu_py': np.complex128(-7.278168980462998e-16+0.03751890140927j), 'Fdd_px': np.complex128(0.037518901409272075+7.060511820916287e-16j), 'Fdd_py': np.complex128(-7.291913148823383e-16+0.037518901409269986j)}, 'free': np.float64(-9628.298052549233)}]
------------------------------------------
====================================
mu=-0.57, T=0.0588
====================================
  Seed: normal state
  Seed uu: [0.+0.j 0.+0.j 0.+0.j 0.+0.j], Seed dd: [0.+0.j 0.+0.j 0.+0.j 0.+0.j]
F_onsite: 0j
F_swave: 0j, F_dwave: 0j
F_px: 0j, F_py: 0j
Free_energy = -9579.63454704304
------------------------------------------
[{'stable': {}, 'free': np.float64(-9579.63454704304)}]
------------------------------------------
  Seed: uu:px
  Seed uu: [ 3.75190902e-02+3.52156460e-15j -3.75190902e-02-3.50868806e-15j
  3.50604428e-15-3.75187126e-02j -3.49964802e-15+3.75187126e-02j], Seed dd: [0.+0.j 0.+0.j 0.+0.j 0.+0.j]
F_onsite: (7.990900564859554e-20-9.577215142993865e-20j)
F_swave: (1.1149564975927864e-20-1.2945155237397902e-20j), F_dwave: (4.788131323728632e-20+2.078757600321524e-20j)
F_px: (3.255579406815163e-20+2.1170108842474653e-20j), F_py: (-2.627638031283926e-20-1.2327386141296253e-20j)
Free_energy = -9602.044046396511
------------------------------------------
[{'stable': {'Fuu_px': np.complex128(0.035612480235188274+3.4370709968991703e-15j), 'Fuu_py': np.complex128(3.411600213249421e-15-0.03561228283913958j)}, 'free': np.float64(-9602.044046396511)}]
------------------------------------------
  Seed: uu:px+py
  Seed uu: [ 0.02651789+0.02654184j -0.02651789-0.02654184j  0.02654185-0.0265179j
 -0.02654185+0.0265179j ], Seed dd: [0.+0.j 0.+0.j 0.+0.j 0.+0.j]
F_onsite: (6.04260775129697e-20+3.395834166410392e-20j)
F_swave: (8.062873469315481e-21+3.7328735100180705e-21j), F_dwave: (1.3160479778928907e-20-4.7824845856103384e-21j)
F_px: (8.766633797190383e-20-2.517620276451475e-20j), F_py: (8.372472945113977e-20+2.124131810271346e-20j)
Free_energy = -9602.044046396615
------------------------------------------
[{'stable': {'Fuu_px': np.complex128(0.035612480235188274+3.4370709968991703e-15j), 'Fuu_py': np.complex128(3.411600213249421e-15-0.03561228283913958j)}, 'free': np.float64(-9602.044046396511)}, {'stable': {'Fuu_px': np.complex128(0.02517038486023987+0.02519311663466134j), 'Fuu_py': np.complex128(0.02519312297114254-0.025170391191003685j)}, 'free': np.float64(-9602.044046396615)}]
------------------------------------------
  Seed: uu:px+ipy
  Seed uu: [ 3.75189014e-02+6.72009735e-16j -3.75189014e-02-6.73760526e-16j
 -6.73120381e-16+3.75189014e-02j  6.68287158e-16-3.75189014e-02j], Seed dd: [0.+0.j 0.+0.j 0.+0.j 0.+0.j]
F_onsite: (6.145722635671226e-20+5.433694582271826e-20j)
F_swave: (7.571380107985316e-21+7.481105513200505e-21j), F_dwave: (6.023298538021694e-20+2.7446822939584345e-20j)
F_px: (7.682634182486192e-20+4.358318481470113e-21j), F_py: (-5.329997849021815e-21+7.437659340731693e-20j)
Free_energy = -9602.044046396613
------------------------------------------
[{'stable': {'Fuu_px': np.complex128(0.035612480235188274+3.4370709968991703e-15j), 'Fuu_py': np.complex128(3.411600213249421e-15-0.03561228283913958j)}, 'free': np.float64(-9602.044046396511)}, {'stable': {'Fuu_px': np.complex128(0.02517038486023987+0.02519311663466134j), 'Fuu_py': np.complex128(0.02519312297114254-0.025170391191003685j)}, 'free': np.float64(-9602.044046396615)}, {'stable': {'Fuu_px': np.complex128(0.03561238153737833+7.231022332525436e-16j), 'Fuu_py': np.complex128(-7.362711074230654e-16+0.03561238153737663j)}, 'free': np.float64(-9602.044046396613)}]
------------------------------------------
  Seed: dd:px
  Seed uu: [0.+0.j 0.+0.j 0.+0.j 0.+0.j], Seed dd: [ 3.75190909e-02+2.87716779e-15j -3.75190909e-02-2.87336144e-15j
  2.87582641e-15-3.75187119e-02j -2.87038684e-15+3.75187119e-02j]
F_onsite: (1.0102373189250366e-20+2.1033272179391355e-21j)
F_swave: (2.0870704367850944e-21+3.725476907578538e-22j), F_dwave: (-2.448623589424032e-20+4.52541271873431e-22j)
F_px: (-8.926804746910698e-22-2.675204813044649e-20j), F_py: (-2.6017338075102773e-21+2.872340792513034e-21j)
Free_energy = -9602.044046396482
------------------------------------------
[{'stable': {'Fuu_px': np.complex128(0.035612480235188274+3.4370709968991703e-15j), 'Fuu_py': np.complex128(3.411600213249421e-15-0.03561228283913958j)}, 'free': np.float64(-9602.044046396511)}, {'stable': {'Fuu_px': np.complex128(0.02517038486023987+0.02519311663466134j), 'Fuu_py': np.complex128(0.02519312297114254-0.025170391191003685j)}, 'free': np.float64(-9602.044046396615)}, {'stable': {'Fuu_px': np.complex128(0.03561238153737833+7.231022332525436e-16j), 'Fuu_py': np.complex128(-7.362711074230654e-16+0.03561238153737663j)}, 'free': np.float64(-9602.044046396613)}, {'stable': {'Fdd_px': np.complex128(0.035612480608827476+2.836805971348368e-15j), 'Fdd_py': np.complex128(2.8592879992437304e-15-0.035612282465497566j)}, 'free': np.float64(-9602.044046396482)}]
------------------------------------------
  Seed: dd:px+py
  Seed uu: [0.+0.j 0.+0.j 0.+0.j 0.+0.j], Seed dd: [ 0.02651316-0.02654655j -0.02651316+0.02654655j  0.02654656+0.02651318j
 -0.02654656-0.02651318j]
F_onsite: (3.0743891783882815e-20+2.671344585080029e-21j)
F_swave: (5.276585355408731e-21+4.435740861654179e-22j), F_dwave: (2.2564058808910708e-20+3.988220624812855e-21j)
F_px: (-3.7610510208981954e-22+1.5636204839308822e-20j), F_py: (-9.723209788019924e-23-3.3353717992024736e-20j)
Free_energy = -9602.04404639668
------------------------------------------
[{'stable': {'Fuu_px': np.complex128(0.035612480235188274+3.4370709968991703e-15j), 'Fuu_py': np.complex128(3.411600213249421e-15-0.03561228283913958j)}, 'free': np.float64(-9602.044046396511)}, {'stable': {'Fuu_px': np.complex128(0.02517038486023987+0.02519311663466134j), 'Fuu_py': np.complex128(0.02519312297114254-0.025170391191003685j)}, 'free': np.float64(-9602.044046396615)}, {'stable': {'Fuu_px': np.complex128(0.03561238153737833+7.231022332525436e-16j), 'Fuu_py': np.complex128(-7.362711074230654e-16+0.03561238153737663j)}, 'free': np.float64(-9602.044046396613)}, {'stable': {'Fdd_px': np.complex128(0.035612480608827476+2.836805971348368e-15j), 'Fdd_py': np.complex128(2.8592879992437304e-15-0.035612282465497566j)}, 'free': np.float64(-9602.044046396482)}, {'stable': {'Fdd_px': np.complex128(0.025165903922600236-0.025197590243862027j), 'Fdd_py': np.complex128(0.025197599073749334+0.02516591274138418j)}, 'free': np.float64(-9602.04404639668)}]
------------------------------------------
  Seed: dd:px+ipy
  Seed uu: [0.+0.j 0.+0.j 0.+0.j 0.+0.j], Seed dd: [ 3.75189014e-02+7.69029313e-16j -3.75189014e-02-7.72786089e-16j
 -7.68031322e-16+3.75189014e-02j  7.63213399e-16-3.75189014e-02j]
F_onsite: (3.632090131159525e-20-2.0955765585020797e-22j)
F_swave: (5.9740914505394304e-21-5.839240743341918e-24j), F_dwave: (-2.2268402764261345e-20+2.3287790067546493e-21j)
F_px: (1.3458352529694505e-21-4.899899102571465e-20j), F_py: (-3.150339626170579e-22+1.2507948822535102e-20j)
Free_energy = -9602.044046396613
------------------------------------------
[{'stable': {'Fuu_px': np.complex128(0.035612480235188274+3.4370709968991703e-15j), 'Fuu_py': np.complex128(3.411600213249421e-15-0.03561228283913958j)}, 'free': np.float64(-9602.044046396511)}, {'stable': {'Fuu_px': np.complex128(0.02517038486023987+0.02519311663466134j), 'Fuu_py': np.complex128(0.02519312297114254-0.025170391191003685j)}, 'free': np.float64(-9602.044046396615)}, {'stable': {'Fuu_px': np.complex128(0.03561238153737833+7.231022332525436e-16j), 'Fuu_py': np.complex128(-7.362711074230654e-16+0.03561238153737663j)}, 'free': np.float64(-9602.044046396613)}, {'stable': {'Fdd_px': np.complex128(0.035612480608827476+2.836805971348368e-15j), 'Fdd_py': np.complex128(2.8592879992437304e-15-0.035612282465497566j)}, 'free': np.float64(-9602.044046396482)}, {'stable': {'Fdd_px': np.complex128(0.025165903922600236-0.025197590243862027j), 'Fdd_py': np.complex128(0.025197599073749334+0.02516591274138418j)}, 'free': np.float64(-9602.04404639668)}, {'stable': {'Fdd_px': np.complex128(0.03561238153737828+7.800640607548724e-16j), 'Fdd_py': np.complex128(-8.211089083335414e-16+0.03561238153737664j)}, 'free': np.float64(-9602.044046396613)}]
------------------------------------------
  Seed: uu+dd:px
  Seed uu: [ 3.75190888e-02+3.05081161e-15j -3.75190888e-02-3.04801182e-15j
  3.08376916e-15-3.75187140e-02j -3.07894136e-15+3.75187140e-02j], Seed dd: [ 3.75190842e-02+3.35260842e-15j -3.75190842e-02-3.35553264e-15j
  3.37699918e-15-3.75187186e-02j -3.37240043e-15+3.75187186e-02j]
F_onsite: (4.465022543063499e-21+2.770625954542047e-22j)
F_swave: (1.843154476181009e-21-7.23607412596283e-22j), F_dwave: (1.0647710337589997e-20-1.250205357910182e-20j)
F_px: (-3.7659760557868004e-20-1.422666746260489e-20j), F_py: (1.1034195028852987e-20+4.028300874508272e-20j)
Free_energy = -9624.453545750064
------------------------------------------
[{'stable': {'Fuu_px': np.complex128(0.035612479482551467+2.9481709251078276e-15j), 'Fuu_py': np.complex128(2.9643927971878295e-15-0.03561228359178281j), 'Fdd_px': np.complex128(0.03561247710780688+3.3260054428167855e-15j), 'Fdd_py': np.complex128(3.3017560542071973e-15-0.03561228596654679j)}, 'free': np.float64(-9624.453545750064)}]
------------------------------------------
  Seed: uu+dd:px+py
  Seed uu: [ 0.02649853+0.02656114j -0.02649853-0.02656114j  0.02656117-0.02649856j
 -0.02656117+0.02649856j], Seed dd: [ 0.02649808-0.02656159j -0.02649808+0.02656159j  0.02656162+0.02649811j
 -0.02656162-0.02649811j]
F_onsite: (4.588552861155222e-20+2.091495206468742e-20j)
F_swave: (4.2916199362239406e-21+3.0811694041233695e-21j), F_dwave: (-4.421354157307379e-21+8.247139523105284e-21j)
F_px: (1.754439435037988e-21+1.2325900715922962e-20j), F_py: (5.4118318301880674e-21-3.147320206636467e-20j)
Free_energy = -9624.453545750226
------------------------------------------
[{'stable': {'Fuu_px': np.complex128(0.035612479482551467+2.9481709251078276e-15j), 'Fuu_py': np.complex128(2.9643927971878295e-15-0.03561228359178281j), 'Fdd_px': np.complex128(0.03561247710780688+3.3260054428167855e-15j), 'Fdd_py': np.complex128(3.3017560542071973e-15-0.03561228596654679j)}, 'free': np.float64(-9624.453545750064)}, {'stable': {'Fuu_px': np.complex128(0.025152015593907374+0.02521144828958854j), 'Fuu_py': np.complex128(0.025211462313649333-0.025152029584908607j), 'Fdd_px': np.complex128(0.0251515892063235-0.025211873491449106j), 'Fdd_py': np.complex128(0.02521188768953786+0.0251516033704631j)}, 'free': np.float64(-9624.453545750226)}]
------------------------------------------
  Seed: uu+dd:px+ipy
  Seed uu: [ 3.75189014e-02+7.16230387e-16j -3.75189014e-02-7.12370802e-16j
 -7.30697075e-16+3.75189014e-02j  7.24936721e-16-3.75189014e-02j], Seed dd: [ 3.75189014e-02+7.08238076e-16j -3.75189014e-02-7.03864289e-16j
 -7.31373986e-16+3.75189014e-02j  7.27008643e-16-3.75189014e-02j]
F_onsite: (4.516752944220573e-20+3.1620997171740826e-20j)
F_swave: (8.64345013708653e-21+5.748433320979923e-21j), F_dwave: (4.202175323609628e-20-2.5174142504329777e-20j)
F_px: (1.0141999080608541e-19-3.2196559075501675e-20j), F_py: (-1.329812355291269e-20+5.090576119921179e-20j)
Free_energy = -9624.453545750253
------------------------------------------
[{'stable': {'Fuu_px': np.complex128(0.035612479482551467+2.9481709251078276e-15j), 'Fuu_py': np.complex128(2.9643927971878295e-15-0.03561228359178281j), 'Fdd_px': np.complex128(0.03561247710780688+3.3260054428167855e-15j), 'Fdd_py': np.complex128(3.3017560542071973e-15-0.03561228596654679j)}, 'free': np.float64(-9624.453545750064)}, {'stable': {'Fuu_px': np.complex128(0.025152015593907374+0.02521144828958854j), 'Fuu_py': np.complex128(0.025211462313649333-0.025152029584908607j), 'Fdd_px': np.complex128(0.0251515892063235-0.025211873491449106j), 'Fdd_py': np.complex128(0.02521188768953786+0.0251516033704631j)}, 'free': np.float64(-9624.453545750226)}, {'stable': {'Fuu_px': np.complex128(0.03561238153737831+7.381621746522596e-16j), 'Fuu_py': np.complex128(-7.711159914651882e-16+0.03561238153737664j), 'Fdd_px': np.complex128(0.03561238153737829+7.360058272918972e-16j), 'Fdd_py': np.complex128(-7.697071109761082e-16+0.035612381537376656j)}, 'free': np.float64(-9624.453545750253)}]
------------------------------------------
====================================
mu=-0.57, T=0.0629
====================================
  Seed: normal state
  Seed uu: [0.+0.j 0.+0.j 0.+0.j 0.+0.j], Seed dd: [0.+0.j 0.+0.j 0.+0.j 0.+0.j]
F_onsite: 0j
F_swave: 0j, F_dwave: 0j
F_px: 0j, F_py: 0j
Free_energy = -9581.223599026485
------------------------------------------
[{'stable': {}, 'free': np.float64(-9581.223599026485)}]
------------------------------------------
  Seed: uu:px
  Seed uu: [ 3.56124802e-02+3.44254516e-15j -3.56124802e-02-3.43159683e-15j
  3.41350498e-15-3.56122828e-02j -3.40969545e-15+3.56122828e-02j], Seed dd: [0.+0.j 0.+0.j 0.+0.j 0.+0.j]
F_onsite: (1.079941925880087e-19-8.468318155063696e-20j)
F_swave: (1.3835492011460633e-20-1.0943700175995517e-20j), F_dwave: (5.648066025625013e-20+3.90963638531014e-20j)
F_px: (9.46477358592699e-21+4.943897315543672e-20j), F_py: (-3.333740641588439e-20-2.196845032469519e-20j)
Free_energy = -9600.692002477961
------------------------------------------
[{'stable': {'Fuu_px': np.complex128(0.03332378473932536+3.3834607596551185e-15j), 'Fuu_py': np.complex128(3.363827660903397e-15-0.0333236810857139j)}, 'free': np.float64(-9600.692002477961)}]
------------------------------------------
  Seed: uu:px+py
  Seed uu: [ 0.02517038+0.02519312j -0.02517038-0.02519312j  0.02519312-0.02517039j
 -0.02519312+0.02517039j], Seed dd: [0.+0.j 0.+0.j 0.+0.j 0.+0.j]
F_onsite: (-5.3113071438624014e-20-1.7324720836733466e-20j)
F_swave: (-6.218810986477954e-21-1.960659481376125e-21j), F_dwave: (3.29970484848085e-20+2.856710126967437e-21j)
F_px: (-2.1022614317802625e-21+2.4585650380702243e-20j), F_py: (-5.650895151332321e-20+2.512497587710992e-20j)
Free_energy = -9600.692002478017
------------------------------------------
[{'stable': {'Fuu_px': np.complex128(0.03332378473932536+3.3834607596551185e-15j), 'Fuu_py': np.complex128(3.363827660903397e-15-0.0333236810857139j)}, 'free': np.float64(-9600.692002477961)}, {'stable': {'Fuu_px': np.complex128(0.023552798000832008+0.02357406890686396j), 'Fuu_py': np.complex128(0.02357407223418067-0.023552801325146346j)}, 'free': np.float64(-9600.692002478017)}]
------------------------------------------
  Seed: uu:px+ipy
  Seed uu: [ 3.56123815e-02+7.26607441e-16j -3.56123815e-02-7.19597026e-16j
 -7.39100992e-16+3.56123815e-02j  7.33441223e-16-3.56123815e-02j], Seed dd: [0.+0.j 0.+0.j 0.+0.j 0.+0.j]
F_onsite: (-1.7754519523799334e-20+2.2800586613828763e-20j)
F_swave: (-2.7770391540775824e-21+2.814171652060542e-21j), F_dwave: (-3.119223239570803e-20+1.7373395195078384e-20j)
F_px: (3.524536965029796e-20+1.6634295778421472e-20j), F_py: (2.0831294406491135e-21+2.9147870018043e-20j)
Free_energy = -9600.692002477976
------------------------------------------
[{'stable': {'Fuu_px': np.complex128(0.03332378473932536+3.3834607596551185e-15j), 'Fuu_py': np.complex128(3.363827660903397e-15-0.0333236810857139j)}, 'free': np.float64(-9600.692002477961)}, {'stable': {'Fuu_px': np.complex128(0.023552798000832008+0.02357406890686396j), 'Fuu_py': np.complex128(0.02357407223418067-0.023552801325146346j)}, 'free': np.float64(-9600.692002478017)}, {'stable': {'Fuu_px': np.complex128(0.03332373291257933+7.436961982386966e-16j), 'Fuu_py': np.complex128(-7.77025038889022e-16+0.033323732912577814j)}, 'free': np.float64(-9600.692002477976)}]
------------------------------------------
  Seed: dd:px
  Seed uu: [0.+0.j 0.+0.j 0.+0.j 0.+0.j], Seed dd: [ 3.56124806e-02+2.84045752e-15j -3.56124806e-02-2.83315443e-15j
  2.86084372e-15-3.56122825e-02j -2.85773228e-15+3.56122825e-02j]
F_onsite: (5.915653318833825e-21+1.9486092711352632e-22j)
F_swave: (7.60836108841278e-22+2.3466078492223678e-23j), F_dwave: (3.9231554714417967e-22+4.586542284527208e-22j)
F_px: (-6.310547658282489e-22+1.1668798204866766e-20j), F_py: (2.7171227491106206e-21-1.1617041718646267e-20j)
Free_energy = -9600.692002478056
------------------------------------------
[{'stable': {'Fuu_px': np.complex128(0.03332378473932536+3.3834607596551185e-15j), 'Fuu_py': np.complex128(3.363827660903397e-15-0.0333236810857139j)}, 'free': np.float64(-9600.692002477961)}, {'stable': {'Fuu_px': np.complex128(0.023552798000832008+0.02357406890686396j), 'Fuu_py': np.complex128(0.02357407223418067-0.023552801325146346j)}, 'free': np.float64(-9600.692002478017)}, {'stable': {'Fuu_px': np.complex128(0.03332373291257933+7.436961982386966e-16j), 'Fuu_py': np.complex128(-7.77025038889022e-16+0.033323732912577814j)}, 'free': np.float64(-9600.692002477976)}, {'stable': {'Fdd_px': np.complex128(0.03332378493552564+2.7790231306921333e-15j), 'Fdd_py': np.complex128(2.778079866861137e-15-0.033323680889513076j)}, 'free': np.float64(-9600.692002478056)}]
------------------------------------------
  Seed: dd:px+py
  Seed uu: [0.+0.j 0.+0.j 0.+0.j 0.+0.j], Seed dd: [ 0.0251659-0.02519759j -0.0251659+0.02519759j  0.0251976+0.02516591j
 -0.0251976-0.02516591j]
F_onsite: (5.437640214024562e-20+1.6636551339226539e-21j)
F_swave: (8.434109371389831e-21+2.926835017714821e-22j), F_dwave: (-3.146246163365096e-21+1.2830072662733358e-21j)
F_px: (7.156896482969894e-22-4.958892151157109e-21j), F_py: (7.595429554682812e-22-2.153629423151252e-20j)
Free_energy = -9600.692002478
------------------------------------------
[{'stable': {'Fuu_px': np.complex128(0.03332378473932536+3.3834607596551185e-15j), 'Fuu_py': np.complex128(3.363827660903397e-15-0.0333236810857139j)}, 'free': np.float64(-9600.692002477961)}, {'stable': {'Fuu_px': np.complex128(0.023552798000832008+0.02357406890686396j), 'Fuu_py': np.complex128(0.02357407223418067-0.023552801325146346j)}, 'free': np.float64(-9600.692002478017)}, {'stable': {'Fuu_px': np.complex128(0.03332373291257933+7.436961982386966e-16j), 'Fuu_py': np.complex128(-7.77025038889022e-16+0.033323732912577814j)}, 'free': np.float64(-9600.692002477976)}, {'stable': {'Fdd_px': np.complex128(0.03332378493552564+2.7790231306921333e-15j), 'Fdd_py': np.complex128(2.778079866861137e-15-0.033323680889513076j)}, 'free': np.float64(-9600.692002478056)}, {'stable': {'Fdd_px': np.complex128(0.023548605543858778-0.02357825552912491j), 'Fdd_py': np.complex128(0.023578260165741445+0.02354861017464468j)}, 'free': np.float64(-9600.692002478)}]
------------------------------------------
  Seed: dd:px+ipy
  Seed uu: [0.+0.j 0.+0.j 0.+0.j 0.+0.j], Seed dd: [ 3.56123815e-02+7.77148203e-16j -3.56123815e-02-7.82979919e-16j
 -8.23791051e-16+3.56123815e-02j  8.18426765e-16-3.56123815e-02j]
F_onsite: (1.278226646476549e-20+1.9568473588668864e-21j)
F_swave: (2.4145679609225845e-21+3.05973287002428e-22j), F_dwave: (2.1704842377749636e-20+9.295007680412679e-22j)
F_px: (5.500505208894315e-22+1.3930324527387198e-20j), F_py: (-4.955982183427645e-22-4.111709456938898e-21j)
Free_energy = -9600.692002477974
------------------------------------------
[{'stable': {'Fuu_px': np.complex128(0.03332378473932536+3.3834607596551185e-15j), 'Fuu_py': np.complex128(3.363827660903397e-15-0.0333236810857139j)}, 'free': np.float64(-9600.692002477961)}, {'stable': {'Fuu_px': np.complex128(0.023552798000832008+0.02357406890686396j), 'Fuu_py': np.complex128(0.02357407223418067-0.023552801325146346j)}, 'free': np.float64(-9600.692002478017)}, {'stable': {'Fuu_px': np.complex128(0.03332373291257933+7.436961982386966e-16j), 'Fuu_py': np.complex128(-7.77025038889022e-16+0.033323732912577814j)}, 'free': np.float64(-9600.692002477976)}, {'stable': {'Fdd_px': np.complex128(0.03332378493552564+2.7790231306921333e-15j), 'Fdd_py': np.complex128(2.778079866861137e-15-0.033323680889513076j)}, 'free': np.float64(-9600.692002478056)}, {'stable': {'Fdd_px': np.complex128(0.023548605543858778-0.02357825552912491j), 'Fdd_py': np.complex128(0.023578260165741445+0.02354861017464468j)}, 'free': np.float64(-9600.692002478)}, {'stable': {'Fdd_px': np.complex128(0.03332373291257931+8.117812624043689e-16j), 'Fdd_py': np.complex128(-8.332261646302674e-16+0.03332373291257785j)}, 'free': np.float64(-9600.692002477974)}]
------------------------------------------
  Seed: uu+dd:px
  Seed uu: [ 3.56124795e-02+2.94541003e-15j -3.56124795e-02-2.95093182e-15j
  2.96635997e-15-3.56122836e-02j -2.96242563e-15+3.56122836e-02j], Seed dd: [ 3.56124771e-02+3.32574654e-15j -3.56124771e-02-3.32626434e-15j
  3.30366545e-15-3.56122860e-02j -3.29984666e-15+3.56122860e-02j]
F_onsite: (-2.2533267323133643e-20+1.6703527940029274e-20j)
F_swave: (-2.3700043017674195e-21+1.099641030439548e-21j), F_dwave: (2.3083954342037864e-20+6.016362822035954e-21j)
F_px: (2.6437662191026908e-20-1.0938236414158902e-20j), F_py: (1.9974554910723883e-20-5.645942619175115e-20j)
Free_energy = -9620.160405929573
------------------------------------------
[{'stable': {'Fuu_px': np.complex128(0.033323784344110916+2.8543823682250377e-15j), 'Fuu_py': np.complex128(2.8137783351209656e-15-0.033323681480930324j), 'Fdd_px': np.complex128(0.033323783097119225+3.2223216882254932e-15j), 'Fdd_py': np.complex128(3.180644993772842e-15-0.033323682727927365j)}, 'free': np.float64(-9620.160405929573)}]
------------------------------------------
  Seed: uu+dd:px+py
  Seed uu: [ 0.02515202+0.02521145j -0.02515202-0.02521145j  0.02521146-0.02515203j
 -0.02521146+0.02515203j], Seed dd: [ 0.02515159-0.02521187j -0.02515159+0.02521187j  0.02521189+0.0251516j
 -0.02521189-0.0251516j ]
F_onsite: (8.105760275523243e-20-1.2199525616755123e-20j)
F_swave: (1.1531976764252441e-20-1.7529371070825527e-21j), F_dwave: (1.7466339461227887e-20+2.435972630418782e-20j)
F_px: (5.775350161560595e-22+1.2338517849111298e-20j), F_py: (6.882900264174566e-21-1.784127587782281e-20j)
Free_energy = -9620.160405929586
------------------------------------------
[{'stable': {'Fuu_px': np.complex128(0.033323784344110916+2.8543823682250377e-15j), 'Fuu_py': np.complex128(2.8137783351209656e-15-0.033323681480930324j), 'Fdd_px': np.complex128(0.033323783097119225+3.2223216882254932e-15j), 'Fdd_py': np.complex128(3.180644993772842e-15-0.033323682727927365j)}, 'free': np.float64(-9620.160405929573)}, {'stable': {'Fuu_px': np.complex128(0.02353561081792354+0.023591224046619973j), 'Fuu_py': np.complex128(0.023591231410721565-0.023535618164665283j), 'Fdd_px': np.complex128(0.023535211867912097-0.02359162195838751j), 'Fdd_py': np.complex128(0.023591629413872203+0.023535219305569628j)}, 'free': np.float64(-9620.160405929586)}]
------------------------------------------
  Seed: uu+dd:px+ipy
  Seed uu: [ 3.56123815e-02+7.42825581e-16j -3.56123815e-02-7.33498769e-16j
 -7.73942951e-16+3.56123815e-02j  7.68289032e-16-3.56123815e-02j], Seed dd: [ 3.56123815e-02+7.38538826e-16j -3.56123815e-02-7.33472828e-16j
 -7.72591351e-16+3.56123815e-02j  7.66822871e-16-3.56123815e-02j]
F_onsite: (-3.452944210034288e-21+1.1519870528096036e-20j)
F_swave: (4.392051323003727e-21+1.0876465317560181e-20j), F_dwave: (-1.6809698729811868e-20+1.0893784186111974e-20j)
F_px: (1.0124684764375097e-20+3.6810594917179844e-20j), F_py: (6.906701649018756e-20-3.1235752622553275e-20j)
Free_energy = -9620.160405929586
------------------------------------------
[{'stable': {'Fuu_px': np.complex128(0.033323784344110916+2.8543823682250377e-15j), 'Fuu_py': np.complex128(2.8137783351209656e-15-0.033323681480930324j), 'Fdd_px': np.complex128(0.033323783097119225+3.2223216882254932e-15j), 'Fdd_py': np.complex128(3.180644993772842e-15-0.033323682727927365j)}, 'free': np.float64(-9620.160405929573)}, {'stable': {'Fuu_px': np.complex128(0.02353561081792354+0.023591224046619973j), 'Fuu_py': np.complex128(0.023591231410721565-0.023535618164665283j), 'Fdd_px': np.complex128(0.023535211867912097-0.02359162195838751j), 'Fdd_py': np.complex128(0.023591629413872203+0.023535219305569628j)}, 'free': np.float64(-9620.160405929586)}, {'stable': {'Fuu_px': np.complex128(0.033323732912579465+7.943278573586184e-16j), 'Fuu_py': np.complex128(-8.09758058035403e-16+0.033323732912577696j), 'Fdd_px': np.complex128(0.03332373291257928+7.75827890166976e-16j), 'Fdd_py': np.complex128(-7.954938246802935e-16+0.03332373291257783j)}, 'free': np.float64(-9620.160405929586)}]
------------------------------------------
====================================
mu=-0.57, T=0.0670
====================================
  Seed: normal state
  Seed uu: [0.+0.j 0.+0.j 0.+0.j 0.+0.j], Seed dd: [0.+0.j 0.+0.j 0.+0.j 0.+0.j]
F_onsite: 0j
F_swave: 0j, F_dwave: 0j
F_px: 0j, F_py: 0j
Free_energy = -9582.922222346739
------------------------------------------
[{'stable': {}, 'free': np.float64(-9582.922222346739)}]
------------------------------------------
  Seed: uu:px
  Seed uu: [ 3.33237847e-02+3.38565324e-15j -3.33237847e-02-3.38126828e-15j
  3.36599421e-15-3.33236811e-02j -3.36166111e-15+3.33236811e-02j], Seed dd: [0.+0.j 0.+0.j 0.+0.j 0.+0.j]
F_onsite: (4.248479414155126e-20+1.3408262227662672e-21j)
F_swave: (4.387961101989878e-21-4.484819198148015e-22j), F_dwave: (8.062779696524971e-21-4.2418657482467196e-20j)
F_px: (4.6808105708360624e-20-4.022197701023987e-20j), F_py: (4.66933115921742e-20-4.6536236588390645e-20j)
Free_energy = -9599.17363716521
------------------------------------------
[{'stable': {'Fuu_px': np.complex128(0.03056410592040134+3.177216958791075e-15j), 'Fuu_py': np.complex128(3.1801531720329526e-15-0.030564051707684115j)}, 'free': np.float64(-9599.17363716521)}]
------------------------------------------
  Seed: uu:px+py
  Seed uu: [ 0.0235528 +0.02357407j -0.0235528 -0.02357407j  0.02357407-0.0235528j
 -0.02357407+0.0235528j ], Seed dd: [0.+0.j 0.+0.j 0.+0.j 0.+0.j]
F_onsite: (7.207224310047818e-21-3.757708774687669e-20j)
F_swave: (1.4114297101975515e-21-5.167304380424545e-21j), F_dwave: (-2.1936078940338845e-20+2.1749090356851386e-20j)
F_px: (-1.9493672122013803e-20+2.767451727653448e-20j), F_py: (-1.8920724897291257e-20-4.440651369232043e-20j)
Free_energy = -9599.173637165235
------------------------------------------
[{'stable': {'Fuu_px': np.complex128(0.03056410592040134+3.177216958791075e-15j), 'Fuu_py': np.complex128(3.1801531720329526e-15-0.030564051707684115j)}, 'free': np.float64(-9599.17363716521)}, {'stable': {'Fuu_px': np.complex128(0.021602309624502897+0.02162181901349735j), 'Fuu_py': np.complex128(0.02162182075374441-0.021602311363180006j)}, 'free': np.float64(-9599.173637165235)}]
------------------------------------------
  Seed: uu:px+ipy
  Seed uu: [ 3.33237329e-02+7.40681873e-16j -3.33237329e-02-7.46710524e-16j
 -7.79683769e-16+3.33237329e-02j  7.74366308e-16-3.33237329e-02j], Seed dd: [0.+0.j 0.+0.j 0.+0.j 0.+0.j]
F_onsite: (-1.0222199080127201e-20+3.155587692097282e-20j)
F_swave: (-7.188193142619249e-22+3.1934980483590286e-21j), F_dwave: (-1.011744579024948e-20+1.5954384901366558e-20j)
F_px: (3.8683741151916793e-20-2.666940780875977e-20j), F_py: (-2.0613078492387602e-20+7.301507590561144e-20j)
Free_energy = -9599.17363716519
------------------------------------------
[{'stable': {'Fuu_px': np.complex128(0.03056410592040134+3.177216958791075e-15j), 'Fuu_py': np.complex128(3.1801531720329526e-15-0.030564051707684115j)}, 'free': np.float64(-9599.17363716521)}, {'stable': {'Fuu_px': np.complex128(0.021602309624502897+0.02162181901349735j), 'Fuu_py': np.complex128(0.02162182075374441-0.021602311363180006j)}, 'free': np.float64(-9599.173637165235)}, {'stable': {'Fuu_px': np.complex128(0.030564078814060293+7.823792664975144e-16j), 'Fuu_py': np.complex128(-8.066326388089326e-16+0.03056407881406011j)}, 'free': np.float64(-9599.17363716519)}]
------------------------------------------
  Seed: dd:px
  Seed uu: [0.+0.j 0.+0.j 0.+0.j 0.+0.j], Seed dd: [ 3.33237849e-02+2.78258402e-15j -3.33237849e-02-2.77546224e-15j
  2.78049883e-15-3.33236809e-02j -2.77566090e-15+3.33236809e-02j]
F_onsite: (2.6824863665288484e-20-3.1841184151177623e-21j)
F_swave: (4.543767647346945e-21-5.0752324127125155e-22j), F_dwave: (8.137623504142593e-22+2.261041305034561e-23j)
F_px: (1.1844350822504236e-21-1.6231992580088682e-20j), F_py: (-5.663318660890009e-22+1.1110277501296777e-20j)
Free_energy = -9599.173637165275
------------------------------------------
[{'stable': {'Fuu_px': np.complex128(0.03056410592040134+3.177216958791075e-15j), 'Fuu_py': np.complex128(3.1801531720329526e-15-0.030564051707684115j)}, 'free': np.float64(-9599.17363716521)}, {'stable': {'Fuu_px': np.complex128(0.021602309624502897+0.02162181901349735j), 'Fuu_py': np.complex128(0.02162182075374441-0.021602311363180006j)}, 'free': np.float64(-9599.173637165235)}, {'stable': {'Fuu_px': np.complex128(0.030564078814060293+7.823792664975144e-16j), 'Fuu_py': np.complex128(-8.066326388089326e-16+0.03056407881406011j)}, 'free': np.float64(-9599.17363716519)}, {'stable': {'Fdd_px': np.complex128(0.030564106023018144+2.604063724111319e-15j), 'Fdd_py': np.complex128(2.6114738330316957e-15-0.030564051605067137j)}, 'free': np.float64(-9599.173637165275)}]
------------------------------------------
  Seed: dd:px+py
  Seed uu: [0.+0.j 0.+0.j 0.+0.j 0.+0.j], Seed dd: [ 0.02354861-0.02357826j -0.02354861+0.02357826j  0.02357826+0.02354861j
 -0.02357826-0.02354861j]
F_onsite: (1.338934794459259e-20-1.2337689150107978e-21j)
F_swave: (1.924580834797772e-21-2.0208627291341037e-22j), F_dwave: (-5.595255631869498e-21+1.3613319814237353e-21j)
F_px: (-7.829863075255567e-22+7.934804908280917e-21j), F_py: (-5.966610255318699e-22-1.6961962667307863e-20j)
Free_energy = -9599.173637165233
------------------------------------------
[{'stable': {'Fuu_px': np.complex128(0.03056410592040134+3.177216958791075e-15j), 'Fuu_py': np.complex128(3.1801531720329526e-15-0.030564051707684115j)}, 'free': np.float64(-9599.17363716521)}, {'stable': {'Fuu_px': np.complex128(0.021602309624502897+0.02162181901349735j), 'Fuu_py': np.complex128(0.02162182075374441-0.021602311363180006j)}, 'free': np.float64(-9599.173637165235)}, {'stable': {'Fuu_px': np.complex128(0.030564078814060293+7.823792664975144e-16j), 'Fuu_py': np.complex128(-8.066326388089326e-16+0.03056407881406011j)}, 'free': np.float64(-9599.17363716519)}, {'stable': {'Fdd_px': np.complex128(0.030564106023018144+2.604063724111319e-15j), 'Fdd_py': np.complex128(2.6114738330316957e-15-0.030564051605067137j)}, 'free': np.float64(-9599.173637165275)}, {'stable': {'Fdd_px': np.complex128(0.02159846461694301-0.021625659185065628j), 'Fdd_py': np.complex128(0.021625661610100162+0.021598467038927552j)}, 'free': np.float64(-9599.173637165233)}]
------------------------------------------
  Seed: dd:px+ipy
  Seed uu: [0.+0.j 0.+0.j 0.+0.j 0.+0.j], Seed dd: [ 3.33237329e-02+8.13139374e-16j -3.33237329e-02-8.10423151e-16j
 -8.35182083e-16+3.33237329e-02j  8.31270246e-16-3.33237329e-02j]
F_onsite: (-1.6551947185120342e-20-3.393666749064726e-21j)
F_swave: (-2.8689876889103378e-21-5.814052143889084e-22j), F_dwave: (9.766055144148354e-21+2.0567587446797894e-21j)
F_px: (7.152992355861124e-22+7.544080854517647e-21j), F_py: (-4.728652750664167e-22+5.3250048850148035e-20j)
Free_energy = -9599.173637165188
------------------------------------------
[{'stable': {'Fuu_px': np.complex128(0.03056410592040134+3.177216958791075e-15j), 'Fuu_py': np.complex128(3.1801531720329526e-15-0.030564051707684115j)}, 'free': np.float64(-9599.17363716521)}, {'stable': {'Fuu_px': np.complex128(0.021602309624502897+0.02162181901349735j), 'Fuu_py': np.complex128(0.02162182075374441-0.021602311363180006j)}, 'free': np.float64(-9599.173637165235)}, {'stable': {'Fuu_px': np.complex128(0.030564078814060293+7.823792664975144e-16j), 'Fuu_py': np.complex128(-8.066326388089326e-16+0.03056407881406011j)}, 'free': np.float64(-9599.17363716519)}, {'stable': {'Fdd_px': np.complex128(0.030564106023018144+2.604063724111319e-15j), 'Fdd_py': np.complex128(2.6114738330316957e-15-0.030564051605067137j)}, 'free': np.float64(-9599.173637165275)}, {'stable': {'Fdd_px': np.complex128(0.02159846461694301-0.021625659185065628j), 'Fdd_py': np.complex128(0.021625661610100162+0.021598467038927552j)}, 'free': np.float64(-9599.173637165233)}, {'stable': {'Fdd_px': np.complex128(0.03056407881406031+8.462414214348708e-16j), 'Fdd_py': np.complex128(-8.707296601006949e-16+0.030564078814060067j)}, 'free': np.float64(-9599.173637165188)}]
------------------------------------------
  Seed: uu+dd:px
  Seed uu: [ 3.33237843e-02+2.85750101e-15j -3.33237843e-02-2.85126373e-15j
  2.81549596e-15-3.33236815e-02j -2.81206071e-15+3.33236815e-02j], Seed dd: [ 3.33237831e-02+3.22393599e-15j -3.33237831e-02-3.22070739e-15j
  3.18304611e-15-3.33236827e-02j -3.17824388e-15+3.33236827e-02j]
F_onsite: (5.859974419679637e-20-3.5707710858424124e-20j)
F_swave: (4.8234526226718874e-21-4.739592523795185e-21j), F_dwave: (2.261814543547486e-20-3.706921282860662e-21j)
F_px: (-8.56458585081097e-21-1.0875839009112974e-20j), F_py: (-1.1625742220270564e-21-1.731488638714405e-21j)
Free_energy = -9615.42505198381
------------------------------------------
[{'stable': {'Fuu_px': np.complex128(0.03056410571369711+2.686180537557859e-15j), 'Fuu_py': np.complex128(2.675571119021254e-15-0.030564051914388955j), 'Fdd_px': np.complex128(0.030564105061497062+3.010316514838014e-15j), 'Fdd_py': np.complex128(3.011696940314022e-15-0.03056405256659052j)}, 'free': np.float64(-9615.42505198381)}]
------------------------------------------
  Seed: uu+dd:px+py
  Seed uu: [ 0.02353561+0.02359122j -0.02353561-0.02359122j  0.02359123-0.02353562j
 -0.02359123+0.02353562j], Seed dd: [ 0.02353521-0.02359162j -0.02353521+0.02359162j  0.02359163+0.02353522j
 -0.02359163-0.02353522j]
F_onsite: (-2.265186067263114e-20-1.2246297222888205e-20j)
F_swave: (-3.010494095264403e-21-8.244569009950898e-22j), F_dwave: (1.2263178328578593e-20+3.888945052937774e-20j)
F_px: (-7.317004665641818e-20+2.440205644284585e-20j), F_py: (-5.1196346442743086e-20-4.837967639572088e-20j)
Free_energy = -9615.42505198375
------------------------------------------
[{'stable': {'Fuu_px': np.complex128(0.03056410571369711+2.686180537557859e-15j), 'Fuu_py': np.complex128(2.675571119021254e-15-0.030564051914388955j), 'Fdd_px': np.complex128(0.030564105061497062+3.010316514838014e-15j), 'Fdd_py': np.complex128(3.011696940314022e-15-0.03056405256659052j)}, 'free': np.float64(-9615.42505198381)}, {'stable': {'Fuu_px': np.complex128(0.021586546564681952+0.021637554272114976j), 'Fuu_py': np.complex128(0.02163755812367355-0.021586550407160787j), 'Fdd_px': np.complex128(0.02158618067102474-0.021637919249436866j), 'Fdd_py': np.complex128(0.021637923148790435+0.02158618456105462j)}, 'free': np.float64(-9615.42505198375)}]
------------------------------------------
  Seed: uu+dd:px+ipy
  Seed uu: [ 3.33237329e-02+7.94941189e-16j -3.33237329e-02-7.93714526e-16j
 -8.11678533e-16+3.33237329e-02j  8.07837583e-16-3.33237329e-02j], Seed dd: [ 3.33237329e-02+7.78834884e-16j -3.33237329e-02-7.72820897e-16j
 -7.98229238e-16+3.33237329e-02j  7.92758411e-16-3.33237329e-02j]
F_onsite: (4.463799409499964e-20+3.958537386452036e-21j)
F_swave: (2.8810207601233685e-21+1.5006363188590402e-21j), F_dwave: (-5.360579025541782e-22-8.986757291778523e-21j)
F_px: (-1.9678803356756746e-20-4.415462159201393e-20j), F_py: (-2.1675880383651442e-20-3.966668917307319e-20j)
Free_energy = -9615.425051983813
------------------------------------------
[{'stable': {'Fuu_px': np.complex128(0.03056410571369711+2.686180537557859e-15j), 'Fuu_py': np.complex128(2.675571119021254e-15-0.030564051914388955j), 'Fdd_px': np.complex128(0.030564105061497062+3.010316514838014e-15j), 'Fdd_py': np.complex128(3.011696940314022e-15-0.03056405256659052j)}, 'free': np.float64(-9615.42505198381)}, {'stable': {'Fuu_px': np.complex128(0.021586546564681952+0.021637554272114976j), 'Fuu_py': np.complex128(0.02163755812367355-0.021586550407160787j), 'Fdd_px': np.complex128(0.02158618067102474-0.021637919249436866j), 'Fdd_py': np.complex128(0.021637923148790435+0.02158618456105462j)}, 'free': np.float64(-9615.42505198375)}, {'stable': {'Fuu_px': np.complex128(0.03056407881406034+8.467216494112946e-16j), 'Fuu_py': np.complex128(-8.659821992500121e-16+0.030564078814060057j), 'Fdd_px': np.complex128(0.030564078814060286+7.800409923419495e-16j), 'Fdd_py': np.complex128(-8.20393602244475e-16+0.030564078814060067j)}, 'free': np.float64(-9615.425051983813)}]
------------------------------------------
====================================
mu=-0.57, T=0.0711
====================================
  Seed: normal state
  Seed uu: [0.+0.j 0.+0.j 0.+0.j 0.+0.j], Seed dd: [0.+0.j 0.+0.j 0.+0.j 0.+0.j]
F_onsite: 0j
F_swave: 0j, F_dwave: 0j
F_px: 0j, F_py: 0j
Free_energy = -9584.731176478655
------------------------------------------
[{'stable': {}, 'free': np.float64(-9584.731176478655)}]
------------------------------------------
  Seed: uu:px
  Seed uu: [ 3.05641059e-02+3.18042367e-15j -3.05641059e-02-3.17401025e-15j
  3.18273329e-15-3.05640517e-02j -3.17757306e-15+3.05640517e-02j], Seed dd: [0.+0.j 0.+0.j 0.+0.j 0.+0.j]
F_onsite: (-1.372586863881641e-20+5.497120616520384e-20j)
F_swave: (-1.471244819586735e-21+6.7015595010836855e-21j), F_dwave: (-5.527520208094187e-20-4.926304031411322e-20j)
F_px: (4.603145654935448e-20+5.0894105077077587e-20j), F_py: (-2.3703357819152244e-20-5.584667765870158e-20j)
Free_energy = -9597.49335520524
------------------------------------------
[{'stable': {'Fuu_px': np.complex128(0.0271880531947185+2.8571194360800818e-15j), 'Fuu_py': np.complex128(2.890983270680827e-15-0.02718802515417293j)}, 'free': np.float64(-9597.49335520524)}]
------------------------------------------
  Seed: uu:px+py
  Seed uu: [ 0.02160231+0.02162182j -0.02160231-0.02162182j  0.02162182-0.02160231j
 -0.02162182+0.02160231j], Seed dd: [0.+0.j 0.+0.j 0.+0.j 0.+0.j]
F_onsite: (6.953784494703337e-20+1.0407766949802963e-20j)
F_swave: (1.024838661527431e-20+1.2017102542735466e-21j), F_dwave: (5.485748442991306e-20+5.753871818150947e-20j)
F_px: (-9.521152716312714e-21-5.374047810035445e-20j), F_py: (1.7264321132055203e-20+3.217866314502837e-20j)
Free_energy = -9597.493355205243
------------------------------------------
[{'stable': {'Fuu_px': np.complex128(0.0271880531947185+2.8571194360800818e-15j), 'Fuu_py': np.complex128(2.890983270680827e-15-0.02718802515417293j)}, 'free': np.float64(-9597.49335520524)}, {'stable': {'Fuu_px': np.complex128(0.01921616724636583+0.019233521672272574j), 'Fuu_py': np.complex128(0.019233522572383862-0.01921616814566512j)}, 'free': np.float64(-9597.493355205243)}]
------------------------------------------
  Seed: uu:px+ipy
  Seed uu: [ 3.05640788e-02+7.83378210e-16j -3.05640788e-02-7.81380323e-16j
 -8.09068084e-16+3.05640788e-02j  8.04197194e-16-3.05640788e-02j], Seed dd: [0.+0.j 0.+0.j 0.+0.j 0.+0.j]
F_onsite: (-4.141568002483466e-21-7.681000021275138e-21j)
F_swave: (-4.924385648458451e-22-6.872481442622054e-22j), F_dwave: (-7.887541596726388e-21+3.0147883853508538e-21j)
F_px: (-6.502993817764334e-20+2.0556356669347252e-20j), F_py: (2.208710553462559e-20-4.551954786480534e-20j)
Free_energy = -9597.493355205233
------------------------------------------
[{'stable': {'Fuu_px': np.complex128(0.0271880531947185+2.8571194360800818e-15j), 'Fuu_py': np.complex128(2.890983270680827e-15-0.02718802515417293j)}, 'free': np.float64(-9597.49335520524)}, {'stable': {'Fuu_px': np.complex128(0.01921616724636583+0.019233521672272574j), 'Fuu_py': np.complex128(0.019233522572383862-0.01921616814566512j)}, 'free': np.float64(-9597.493355205243)}, {'stable': {'Fuu_px': np.complex128(0.027188039174450875+8.236893147980129e-16j), 'Fuu_py': np.complex128(-8.100633604733289e-16+0.027188039174451138j)}, 'free': np.float64(-9597.493355205233)}]
------------------------------------------
  Seed: dd:px
  Seed uu: [0.+0.j 0.+0.j 0.+0.j 0.+0.j], Seed dd: [ 3.05641060e-02+2.60550109e-15j -3.05641060e-02-2.60262636e-15j
  2.61329662e-15-3.05640516e-02j -2.60965104e-15+3.05640516e-02j]
F_onsite: (2.350416570321369e-20-4.817775285263066e-21j)
F_swave: (4.3293895978281584e-21-7.524404057879985e-22j), F_dwave: (-3.543597464601959e-20-1.3563920247425186e-21j)
F_px: (-1.0761619399981742e-21+3.583493933542463e-20j), F_py: (4.433925737641255e-22+1.122855591602554e-20j)
Free_energy = -9597.493355205179
------------------------------------------
[{'stable': {'Fuu_px': np.complex128(0.0271880531947185+2.8571194360800818e-15j), 'Fuu_py': np.complex128(2.890983270680827e-15-0.02718802515417293j)}, 'free': np.float64(-9597.49335520524)}, {'stable': {'Fuu_px': np.complex128(0.01921616724636583+0.019233521672272574j), 'Fuu_py': np.complex128(0.019233522572383862-0.01921616814566512j)}, 'free': np.float64(-9597.493355205243)}, {'stable': {'Fuu_px': np.complex128(0.027188039174450875+8.236893147980129e-16j), 'Fuu_py': np.complex128(-8.100633604733289e-16+0.027188039174451138j)}, 'free': np.float64(-9597.493355205233)}, {'stable': {'Fdd_px': np.complex128(0.027188053247795337+2.359600856989986e-15j), 'Fdd_py': np.complex128(2.4006057352014563e-15-0.02718802510109626j)}, 'free': np.float64(-9597.493355205179)}]
------------------------------------------
  Seed: dd:px+py
  Seed uu: [0.+0.j 0.+0.j 0.+0.j 0.+0.j], Seed dd: [ 0.02159846-0.02162566j -0.02159846+0.02162566j  0.02162566+0.02159847j
 -0.02162566-0.02159847j]
F_onsite: (-8.917796034736237e-20+2.4882944258180428e-21j)
F_swave: (-1.4874596798511227e-20+4.148887632076732e-22j), F_dwave: (-1.2791472839600046e-20-1.17546960650634e-21j)
F_px: (6.756607004777861e-23+1.0596031013375385e-20j), F_py: (1.0055200231657165e-21+1.7181738771660984e-20j)
Free_energy = -9597.493355205273
------------------------------------------
[{'stable': {'Fuu_px': np.complex128(0.0271880531947185+2.8571194360800818e-15j), 'Fuu_py': np.complex128(2.890983270680827e-15-0.02718802515417293j)}, 'free': np.float64(-9597.49335520524)}, {'stable': {'Fuu_px': np.complex128(0.01921616724636583+0.019233521672272574j), 'Fuu_py': np.complex128(0.019233522572383862-0.01921616814566512j)}, 'free': np.float64(-9597.493355205243)}, {'stable': {'Fuu_px': np.complex128(0.027188039174450875+8.236893147980129e-16j), 'Fuu_py': np.complex128(-8.100633604733289e-16+0.027188039174451138j)}, 'free': np.float64(-9597.493355205233)}, {'stable': {'Fdd_px': np.complex128(0.027188053247795337+2.359600856989986e-15j), 'Fdd_py': np.complex128(2.4006057352014563e-15-0.02718802510109626j)}, 'free': np.float64(-9597.493355205179)}, {'stable': {'Fdd_px': np.complex128(0.019212747076924372-0.019236937794573347j), 'Fdd_py': np.complex128(0.019236939048878257+0.019212748329652037j)}, 'free': np.float64(-9597.493355205273)}]
------------------------------------------
  Seed: dd:px+ipy
  Seed uu: [0.+0.j 0.+0.j 0.+0.j 0.+0.j], Seed dd: [ 3.05640788e-02+8.46923627e-16j -3.05640788e-02-8.45559216e-16j
 -8.72464688e-16+3.05640788e-02j  8.68994632e-16-3.05640788e-02j]
F_onsite: (-1.212900851564836e-21+5.56622341523744e-22j)
F_swave: (1.4795908122099217e-22+1.5781547636051265e-22j), F_dwave: (-2.4782382403047305e-20-2.403646156615004e-21j)
F_px: (3.2136846145346073e-21+3.771537300597138e-20j), F_py: (-2.2642409379310728e-21-2.0198256419769305e-20j)
Free_energy = -9597.493355205235
------------------------------------------
[{'stable': {'Fuu_px': np.complex128(0.0271880531947185+2.8571194360800818e-15j), 'Fuu_py': np.complex128(2.890983270680827e-15-0.02718802515417293j)}, 'free': np.float64(-9597.49335520524)}, {'stable': {'Fuu_px': np.complex128(0.01921616724636583+0.019233521672272574j), 'Fuu_py': np.complex128(0.019233522572383862-0.01921616814566512j)}, 'free': np.float64(-9597.493355205243)}, {'stable': {'Fuu_px': np.complex128(0.027188039174450875+8.236893147980129e-16j), 'Fuu_py': np.complex128(-8.100633604733289e-16+0.027188039174451138j)}, 'free': np.float64(-9597.493355205233)}, {'stable': {'Fdd_px': np.complex128(0.027188053247795337+2.359600856989986e-15j), 'Fdd_py': np.complex128(2.4006057352014563e-15-0.02718802510109626j)}, 'free': np.float64(-9597.493355205179)}, {'stable': {'Fdd_px': np.complex128(0.019212747076924372-0.019236937794573347j), 'Fdd_py': np.complex128(0.019236939048878257+0.019212748329652037j)}, 'free': np.float64(-9597.493355205273)}, {'stable': {'Fdd_px': np.complex128(0.027188039174450847+9.097742393744229e-16j), 'Fdd_py': np.complex128(-8.802393387041883e-16+0.02718803917445103j)}, 'free': np.float64(-9597.493355205235)}]
------------------------------------------
  Seed: uu+dd:px
  Seed uu: [ 3.05641057e-02+2.68801491e-15j -3.05641057e-02-2.68434617e-15j
  2.67745894e-15-3.05640519e-02j -2.67368329e-15+3.05640519e-02j], Seed dd: [ 3.05641051e-02+3.01489675e-15j -3.05641051e-02-3.00573628e-15j
  3.01335248e-15-3.05640526e-02j -3.01004140e-15+3.05640526e-02j]
F_onsite: (3.007549292427798e-20-2.738049127779442e-20j)
F_swave: (3.886945653881076e-21-4.657038884447926e-21j), F_dwave: (-3.247261123700329e-21+1.7284815363730324e-20j)
F_px: (-1.8498581355613253e-20+7.242319601829214e-21j), F_py: (-2.305544926240228e-20+6.3088495706190824e-21j)
Free_energy = -9610.255533931826
------------------------------------------
[{'stable': {'Fuu_px': np.complex128(0.02718805308780438+2.4454223013802405e-15j), 'Fuu_py': np.complex128(2.4977181420135006e-15-0.027188025261087292j), 'Fdd_px': np.complex128(0.02718805275046511+2.8056919895062146e-15j), 'Fdd_py': np.complex128(2.817106433449846e-15-0.027188025598426632j)}, 'free': np.float64(-9610.255533931826)}]
------------------------------------------
  Seed: uu+dd:px+py
  Seed uu: [ 0.02158655+0.02163755j -0.02158655-0.02163755j  0.02163756-0.02158655j
 -0.02163756+0.02158655j], Seed dd: [ 0.02158618-0.02163792j -0.02158618+0.02163792j  0.02163792+0.02158618j
 -0.02163792-0.02158618j]
F_onsite: (-1.2368976610932041e-20+2.634741855074325e-20j)
F_swave: (-5.555603197835823e-22+3.486668774578312e-21j), F_dwave: (4.8840389655763595e-21-3.514042219408738e-20j)
F_px: (2.162975034871721e-20-1.6404377946447885e-20j), F_py: (2.749539518452869e-20+4.476659474715035e-21j)
Free_energy = -9610.255533931864
------------------------------------------
[{'stable': {'Fuu_px': np.complex128(0.02718805308780438+2.4454223013802405e-15j), 'Fuu_py': np.complex128(2.4977181420135006e-15-0.027188025261087292j), 'Fdd_px': np.complex128(0.02718805275046511+2.8056919895062146e-15j), 'Fdd_py': np.complex128(2.817106433449846e-15-0.027188025598426632j)}, 'free': np.float64(-9610.255533931826)}, {'stable': {'Fuu_px': np.complex128(0.019202145730435105+0.01924751924252412j), 'Fuu_py': np.complex128(0.019247521234672903-0.01920214771788768j), 'Fdd_px': np.complex128(0.019201820261423003-0.019247843914166105j), 'Fdd_py': np.complex128(0.019247845931036053+0.019201822273470677j)}, 'free': np.float64(-9610.255533931864)}]
------------------------------------------
  Seed: uu+dd:px+ipy
  Seed uu: [ 3.05640788e-02+8.50457528e-16j -3.05640788e-02-8.42985771e-16j
 -8.67537153e-16+3.05640788e-02j  8.64427245e-16-3.05640788e-02j], Seed dd: [ 3.05640788e-02+7.79456500e-16j -3.05640788e-02-7.80625485e-16j
 -8.22338813e-16+3.05640788e-02j  8.18448391e-16-3.05640788e-02j]
F_onsite: (-9.587357435375681e-20-3.5261552983168844e-20j)
F_swave: (-7.889740529891648e-21-7.989950594121726e-22j), F_dwave: (-2.456328549677723e-20+9.352032794637195e-21j)
F_px: (3.518876911700179e-20-2.887413981835498e-20j), F_py: (-1.110077629757299e-20+4.25485603402263e-20j)
Free_energy = -9610.255533931851
------------------------------------------
[{'stable': {'Fuu_px': np.complex128(0.02718805308780438+2.4454223013802405e-15j), 'Fuu_py': np.complex128(2.4977181420135006e-15-0.027188025261087292j), 'Fdd_px': np.complex128(0.02718805275046511+2.8056919895062146e-15j), 'Fdd_py': np.complex128(2.817106433449846e-15-0.027188025598426632j)}, 'free': np.float64(-9610.255533931826)}, {'stable': {'Fuu_px': np.complex128(0.019202145730435105+0.01924751924252412j), 'Fuu_py': np.complex128(0.019247521234672903-0.01920214771788768j), 'Fdd_px': np.complex128(0.019201820261423003-0.019247843914166105j), 'Fdd_py': np.complex128(0.019247845931036053+0.019201822273470677j)}, 'free': np.float64(-9610.255533931864)}, {'stable': {'Fuu_px': np.complex128(0.027188039174450868+9.081656973378073e-16j), 'Fuu_py': np.complex128(-8.864484607844767e-16+0.02718803917445109j), 'Fdd_px': np.complex128(0.027188039174450864+8.423337937513907e-16j), 'Fdd_py': np.complex128(-8.22858004899842e-16+0.027188039174451065j)}, 'free': np.float64(-9610.255533931851)}]
------------------------------------------
====================================
mu=-0.57, T=0.0753
====================================
  Seed: normal state
  Seed uu: [0.+0.j 0.+0.j 0.+0.j 0.+0.j], Seed dd: [0.+0.j 0.+0.j 0.+0.j 0.+0.j]
F_onsite: 0j
F_swave: 0j, F_dwave: 0j
F_px: 0j, F_py: 0j
Free_energy = -9586.651189779992
------------------------------------------
[{'stable': {}, 'free': np.float64(-9586.651189779992)}]
------------------------------------------
  Seed: uu:px
  Seed uu: [ 2.71880532e-02+2.86032547e-15j -2.71880532e-02-2.85391340e-15j
  2.89287597e-15-2.71880252e-02j -2.88909058e-15+2.71880252e-02j], Seed dd: [0.+0.j 0.+0.j 0.+0.j 0.+0.j]
F_onsite: (-6.521104208393211e-20-3.1177623975509824e-20j)
F_swave: (-8.54436686284928e-21-4.3892139944502856e-21j), F_dwave: (4.427179857727502e-21+2.4262979552601525e-20j)
F_px: (4.791837514583347e-20-9.614789128642398e-21j), F_py: (6.179709162045735e-20-1.1225136654395158e-20j)
Free_energy = -9595.655821963086
------------------------------------------
[{'stable': {'Fuu_px': np.complex128(0.022922928960014653+2.5115256657913624e-15j), 'Fuu_py': np.complex128(2.5148338389936478e-15-0.02292291485545803j)}, 'free': np.float64(-9595.655821963086)}]
------------------------------------------
  Seed: uu:px+py
  Seed uu: [ 0.01921617+0.01923352j -0.01921617-0.01923352j  0.01923352-0.01921617j
 -0.01923352+0.01921617j], Seed dd: [0.+0.j 0.+0.j 0.+0.j 0.+0.j]
F_onsite: (1.8404673731337062e-20+2.0076474824801694e-20j)
F_swave: (2.4871812012270205e-21+1.881706095409338e-21j), F_dwave: (1.7648112354020678e-20+5.426734903910436e-21j)
F_px: (5.063023206038975e-20+2.899370388115721e-20j), F_py: (4.5557237859278274e-20-2.3469623955537822e-20j)
Free_energy = -9595.655821963062
------------------------------------------
[{'stable': {'Fuu_px': np.complex128(0.022922928960014653+2.5115256657913624e-15j), 'Fuu_py': np.complex128(2.5148338389936478e-15-0.02292291485545803j)}, 'free': np.float64(-9595.655821963086)}, {'stable': {'Fuu_px': np.complex128(0.016201635670968363+0.016216267625520406j), 'Fuu_py': np.complex128(0.016216268078281814-0.01620163612332115j)}, 'free': np.float64(-9595.655821963062)}]
------------------------------------------
  Seed: uu:px+ipy
  Seed uu: [ 2.71880392e-02+8.25460977e-16j -2.71880392e-02-8.21917653e-16j
 -8.11758578e-16+2.71880392e-02j  8.08368143e-16-2.71880392e-02j], Seed dd: [0.+0.j 0.+0.j 0.+0.j 0.+0.j]
F_onsite: (-7.802432712691758e-20+1.2059183313431251e-19j)
F_swave: (-9.68124902573498e-21+1.6266049167006808e-20j), F_dwave: (3.009258802441895e-20-2.129047866364608e-20j)
F_px: (9.42825958011964e-20-7.534181845370236e-20j), F_py: (-3.79791879529069e-20+1.6771236977308454e-19j)
Free_energy = -9595.655821963093
------------------------------------------
[{'stable': {'Fuu_px': np.complex128(0.022922928960014653+2.5115256657913624e-15j), 'Fuu_py': np.complex128(2.5148338389936478e-15-0.02292291485545803j)}, 'free': np.float64(-9595.655821963086)}, {'stable': {'Fuu_px': np.complex128(0.016201635670968363+0.016216267625520406j), 'Fuu_py': np.complex128(0.016216268078281814-0.01620163612332115j)}, 'free': np.float64(-9595.655821963062)}, {'stable': {'Fuu_px': np.complex128(0.022922921907737957+7.944973301225183e-16j), 'Fuu_py': np.complex128(-8.013314963434314e-16+0.022922921907737877j)}, 'free': np.float64(-9595.655821963093)}]
------------------------------------------
  Seed: dd:px
  Seed uu: [0.+0.j 0.+0.j 0.+0.j 0.+0.j], Seed dd: [ 2.71880532e-02+2.36132920e-15j -2.71880532e-02-2.35787251e-15j
  2.40243910e-15-2.71880251e-02j -2.39877237e-15+2.71880251e-02j]
F_onsite: (1.2847529569733171e-20-1.845230478213707e-21j)
F_swave: (3.3882755840694844e-21-3.0648629362875407e-22j), F_dwave: (1.4631108876006583e-20+5.06427207693432e-22j)
F_px: (-1.7594198824441682e-21+1.268467236400543e-20j), F_py: (-1.745356865953015e-21+1.986727960015838e-20j)
Free_energy = -9595.655821963106
------------------------------------------
[{'stable': {'Fuu_px': np.complex128(0.022922928960014653+2.5115256657913624e-15j), 'Fuu_py': np.complex128(2.5148338389936478e-15-0.02292291485545803j)}, 'free': np.float64(-9595.655821963086)}, {'stable': {'Fuu_px': np.complex128(0.016201635670968363+0.016216267625520406j), 'Fuu_py': np.complex128(0.016216268078281814-0.01620163612332115j)}, 'free': np.float64(-9595.655821963062)}, {'stable': {'Fuu_px': np.complex128(0.022922921907737957+7.944973301225183e-16j), 'Fuu_py': np.complex128(-8.013314963434314e-16+0.022922921907737877j)}, 'free': np.float64(-9595.655821963093)}, {'stable': {'Fdd_px': np.complex128(0.022922928986712502+2.1259353041357603e-15j), 'Fdd_py': np.complex128(2.1399004885383747e-15-0.022922914828760493j)}, 'free': np.float64(-9595.655821963106)}]
------------------------------------------
  Seed: dd:px+py
  Seed uu: [0.+0.j 0.+0.j 0.+0.j 0.+0.j], Seed dd: [ 0.01921275-0.01923694j -0.01921275+0.01923694j  0.01923694+0.01921275j
 -0.01923694-0.01921275j]
F_onsite: (1.90058002475559e-20-1.7253872077253528e-21j)
F_swave: (2.4896892063066934e-21-2.4753770122608554e-22j), F_dwave: (-3.394451463391265e-20+3.191802082064194e-22j)
F_px: (1.0510841216029244e-21-1.902234367368056e-20j), F_py: (9.143023530378215e-22-1.3343756292155899e-20j)
Free_energy = -9595.655821963048
------------------------------------------
[{'stable': {'Fuu_px': np.complex128(0.022922928960014653+2.5115256657913624e-15j), 'Fuu_py': np.complex128(2.5148338389936478e-15-0.02292291485545803j)}, 'free': np.float64(-9595.655821963086)}, {'stable': {'Fuu_px': np.complex128(0.016201635670968363+0.016216267625520406j), 'Fuu_py': np.complex128(0.016216268078281814-0.01620163612332115j)}, 'free': np.float64(-9595.655821963062)}, {'stable': {'Fuu_px': np.complex128(0.022922921907737957+7.944973301225183e-16j), 'Fuu_py': np.complex128(-8.013314963434314e-16+0.022922921907737877j)}, 'free': np.float64(-9595.655821963093)}, {'stable': {'Fdd_px': np.complex128(0.022922928986712502+2.1259353041357603e-15j), 'Fdd_py': np.complex128(2.1399004885383747e-15-0.022922914828760493j)}, 'free': np.float64(-9595.655821963106)}, {'stable': {'Fdd_px': np.complex128(0.016198752099909286-0.016219147904670404j), 'Fdd_py': np.complex128(0.01621914853559401+0.016198752730039165j)}, 'free': np.float64(-9595.655821963048)}]
------------------------------------------
  Seed: dd:px+ipy
  Seed uu: [0.+0.j 0.+0.j 0.+0.j 0.+0.j], Seed dd: [ 2.71880392e-02+9.10069748e-16j -2.71880392e-02-9.09478731e-16j
 -8.81688294e-16+2.71880392e-02j  8.78790383e-16-2.71880392e-02j]
F_onsite: (3.067239290552674e-22+3.4750707197219006e-21j)
F_swave: (8.60774444913609e-22+5.640929716217559e-22j), F_dwave: (-3.0284551763032146e-20-1.1589064059939529e-21j)
F_px: (-1.826001749110349e-21-6.874725718829666e-21j), F_py: (-3.443503271415369e-21-2.3065203679855746e-20j)
Free_energy = -9595.655821963093
------------------------------------------
[{'stable': {'Fuu_px': np.complex128(0.022922928960014653+2.5115256657913624e-15j), 'Fuu_py': np.complex128(2.5148338389936478e-15-0.02292291485545803j)}, 'free': np.float64(-9595.655821963086)}, {'stable': {'Fuu_px': np.complex128(0.016201635670968363+0.016216267625520406j), 'Fuu_py': np.complex128(0.016216268078281814-0.01620163612332115j)}, 'free': np.float64(-9595.655821963062)}, {'stable': {'Fuu_px': np.complex128(0.022922921907737957+7.944973301225183e-16j), 'Fuu_py': np.complex128(-8.013314963434314e-16+0.022922921907737877j)}, 'free': np.float64(-9595.655821963093)}, {'stable': {'Fdd_px': np.complex128(0.022922928986712502+2.1259353041357603e-15j), 'Fdd_py': np.complex128(2.1399004885383747e-15-0.022922914828760493j)}, 'free': np.float64(-9595.655821963106)}, {'stable': {'Fdd_px': np.complex128(0.016198752099909286-0.016219147904670404j), 'Fdd_py': np.complex128(0.01621914853559401+0.016198752730039165j)}, 'free': np.float64(-9595.655821963048)}, {'stable': {'Fdd_px': np.complex128(0.022922921907737898+9.25497275222941e-16j), 'Fdd_py': np.complex128(-8.980385250983206e-16+0.022922921907737894j)}, 'free': np.float64(-9595.655821963093)}]
------------------------------------------
  Seed: uu+dd:px
  Seed uu: [ 2.71880531e-02+2.44611371e-15j -2.71880531e-02-2.44473090e-15j
  2.49942747e-15-2.71880253e-02j -2.49600882e-15+2.71880253e-02j], Seed dd: [ 2.71880528e-02+2.80907230e-15j -2.71880528e-02-2.80231168e-15j
  2.81842219e-15-2.71880256e-02j -2.81579067e-15+2.71880256e-02j]
F_onsite: (7.873150496014053e-21+6.787185557563348e-20j)
F_swave: (1.4090526383784275e-21+8.603353543802024e-21j), F_dwave: (4.6819308761956303e-20+9.784373910035318e-21j)
F_px: (1.8250169183735123e-20+5.827134996082743e-20j), F_py: (-5.0262210527960083e-20-8.005034093458486e-21j)
Free_energy = -9604.66045414611
------------------------------------------
[{'stable': {'Fuu_px': np.complex128(0.022922928906236525+2.2399366214737694e-15j), 'Fuu_py': np.complex128(2.205066511731686e-15-0.022922914909236307j), 'Fdd_px': np.complex128(0.022922928736552543+2.477729765879965e-15j), 'Fdd_py': np.complex128(2.477609023980312e-15-0.022922915078920355j)}, 'free': np.float64(-9604.66045414611)}]
------------------------------------------
  Seed: uu+dd:px+py
  Seed uu: [ 0.01920215+0.01924752j -0.01920215-0.01924752j  0.01924752-0.01920215j
 -0.01924752+0.01920215j], Seed dd: [ 0.01920182-0.01924784j -0.01920182+0.01924784j  0.01924785+0.01920182j
 -0.01924785-0.01920182j]
F_onsite: (5.68648986666433e-20-5.908279250353424e-20j)
F_swave: (8.509110327256009e-21-6.503831260746143e-21j), F_dwave: (-8.799784073966844e-21-6.609757620131523e-22j)
F_px: (3.728649683916211e-20-4.2786377309656543e-20j), F_py: (3.926751027803057e-20+4.689189409377185e-20j)
Free_energy = -9604.660454146122
------------------------------------------
[{'stable': {'Fuu_px': np.complex128(0.022922928906236525+2.2399366214737694e-15j), 'Fuu_py': np.complex128(2.205066511731686e-15-0.022922914909236307j), 'Fdd_px': np.complex128(0.022922928736552543+2.477729765879965e-15j), 'Fdd_py': np.complex128(2.477609023980312e-15-0.022922915078920355j)}, 'free': np.float64(-9604.66045414611)}, {'stable': {'Fuu_px': np.complex128(0.016189813962110368+0.016228069515934623j), 'Fuu_py': np.complex128(0.01622807051799707-0.016189814961810337j), 'Fdd_px': np.complex128(0.016189539555156077-0.016228343258992958j), 'Fdd_py': np.complex128(0.01622834427349039+0.016189540567227732j)}, 'free': np.float64(-9604.660454146122)}]
------------------------------------------
  Seed: uu+dd:px+ipy
  Seed uu: [ 2.71880392e-02+9.08183009e-16j -2.71880392e-02-9.08148386e-16j
 -8.88029792e-16+2.71880392e-02j  8.84867130e-16-2.71880392e-02j], Seed dd: [ 2.71880392e-02+8.44854114e-16j -2.71880392e-02-8.39813474e-16j
 -8.24030709e-16+2.71880392e-02j  8.21685301e-16-2.71880392e-02j]
F_onsite: (7.489907619449613e-20+1.075167832727084e-20j)
F_swave: (9.33732503193908e-21+2.3289489749417413e-21j), F_dwave: (1.485392399462691e-21+7.72749039081938e-21j)
F_px: (-3.7550311028654455e-20-3.393273218472044e-20j), F_py: (-5.392943193099953e-20-2.6368751884061313e-20j)
Free_energy = -9604.660454146124
------------------------------------------
[{'stable': {'Fuu_px': np.complex128(0.022922928906236525+2.2399366214737694e-15j), 'Fuu_py': np.complex128(2.205066511731686e-15-0.022922914909236307j), 'Fdd_px': np.complex128(0.022922928736552543+2.477729765879965e-15j), 'Fdd_py': np.complex128(2.477609023980312e-15-0.022922915078920355j)}, 'free': np.float64(-9604.66045414611)}, {'stable': {'Fuu_px': np.complex128(0.016189813962110368+0.016228069515934623j), 'Fuu_py': np.complex128(0.01622807051799707-0.016189814961810337j), 'Fdd_px': np.complex128(0.016189539555156077-0.016228343258992958j), 'Fdd_py': np.complex128(0.01622834427349039+0.016189540567227732j)}, 'free': np.float64(-9604.660454146122)}, {'stable': {'Fuu_px': np.complex128(0.022922921907737932+8.398275953140326e-16j), 'Fuu_py': np.complex128(-8.423949984992747e-16+0.022922921907737884j), 'Fdd_px': np.complex128(0.02292292190773796+7.946647845657235e-16j), 'Fdd_py': np.complex128(-8.099057329358008e-16+0.02292292190773787j)}, 'free': np.float64(-9604.660454146124)}]
------------------------------------------
====================================
mu=-0.57, T=0.0794
====================================
  Seed: normal state
  Seed uu: [0.+0.j 0.+0.j 0.+0.j 0.+0.j], Seed dd: [0.+0.j 0.+0.j 0.+0.j 0.+0.j]
F_onsite: 0j
F_swave: 0j, F_dwave: 0j
F_px: 0j, F_py: 0j
Free_energy = -9588.682968484063
------------------------------------------
[{'stable': {}, 'free': np.float64(-9588.682968484063)}]
------------------------------------------
  Seed: uu:px
  Seed uu: [ 2.29229290e-02+2.51124109e-15j -2.29229290e-02-2.51181024e-15j
  2.51658573e-15-2.29229149e-02j -2.51308194e-15+2.29229149e-02j], Seed dd: [0.+0.j 0.+0.j 0.+0.j 0.+0.j]
F_onsite: (6.045800019566398e-20+3.6187390154834594e-20j)
F_swave: (8.04777068074112e-21+3.651215981760552e-21j), F_dwave: (1.4461024053242186e-20+5.642689697942055e-20j)
F_px: (5.902545692725456e-20-3.104677729404915e-20j), F_py: (1.1634250878396818e-20-2.3686711459200024e-20j)
Free_energy = -9593.66696109657
------------------------------------------
[{'stable': {'Fuu_px': np.complex128(0.01711659737498133+2.016139505380869e-15j), 'Fuu_py': np.complex128(2.031684836364031e-15-0.017116590855430613j)}, 'free': np.float64(-9593.66696109657)}]
------------------------------------------
  Seed: uu:px+py
  Seed uu: [ 0.01620164+0.01621627j -0.01620164-0.01621627j  0.01621627-0.01620164j
 -0.01621627+0.01620164j], Seed dd: [0.+0.j 0.+0.j 0.+0.j 0.+0.j]
F_onsite: (-1.0345624537175163e-20+6.4190871308601356e-21j)
F_swave: (-8.38034165500047e-22+8.225156848692781e-22j), F_dwave: (1.9198114893558635e-20+9.806999456505268e-21j)
F_px: (1.3248216016947165e-19+1.4569100381442023e-19j), F_py: (7.58419085724719e-20-7.78270006371232e-20j)
Free_energy = -9593.666961096587
------------------------------------------
[{'stable': {'Fuu_px': np.complex128(0.01711659737498133+2.016139505380869e-15j), 'Fuu_py': np.complex128(2.031684836364031e-15-0.017116590855430613j)}, 'free': np.float64(-9593.66696109657)}, {'stable': {'Fuu_px': np.complex128(0.012097795576561165+0.012108721287931373j), 'Fuu_py': np.complex128(0.012108721497211584-0.012097795785652437j)}, 'free': np.float64(-9593.666961096587)}]
------------------------------------------
  Seed: uu:px+ipy
  Seed uu: [ 2.29229219e-02+7.95826153e-16j -2.29229219e-02-7.93168507e-16j
 -8.02571182e-16+2.29229219e-02j  8.00091811e-16-2.29229219e-02j], Seed dd: [0.+0.j 0.+0.j 0.+0.j 0.+0.j]
F_onsite: (5.29369865975085e-20-1.5947983856399838e-21j)
F_swave: (5.650959053744989e-21-1.0799978141173175e-21j), F_dwave: (7.470626969652974e-20-6.246558513940262e-20j)
F_px: (1.0000763766957836e-19-3.3421783021646414e-20j), F_py: (9.701353507829685e-21+1.3934625504085135e-19j)
Free_energy = -9593.666961096538
------------------------------------------
[{'stable': {'Fuu_px': np.complex128(0.01711659737498133+2.016139505380869e-15j), 'Fuu_py': np.complex128(2.031684836364031e-15-0.017116590855430613j)}, 'free': np.float64(-9593.66696109657)}, {'stable': {'Fuu_px': np.complex128(0.012097795576561165+0.012108721287931373j), 'Fuu_py': np.complex128(0.012108721497211584-0.012097795785652437j)}, 'free': np.float64(-9593.666961096587)}, {'stable': {'Fuu_px': np.complex128(0.017116594115206888+6.401892816274784e-16j), 'Fuu_py': np.complex128(-6.843000509855181e-16+0.0171165941152061j)}, 'free': np.float64(-9593.666961096538)}]
------------------------------------------
  Seed: dd:px
  Seed uu: [0.+0.j 0.+0.j 0.+0.j 0.+0.j], Seed dd: [ 2.29229290e-02+2.12972432e-15j -2.29229290e-02-2.12214629e-15j
  2.14133900e-15-2.29229148e-02j -2.13846198e-15+2.29229148e-02j]
F_onsite: (1.8135137066307015e-20+2.2083146531344928e-21j)
F_swave: (2.9096046084910747e-21+2.9108761746416326e-22j), F_dwave: (6.986900325489953e-21-1.4302358591392571e-21j)
F_px: (1.2635464163712188e-21+4.4521285818398804e-20j), F_py: (1.3236070617467461e-21+5.714913532892122e-20j)
Free_energy = -9593.666961096595
------------------------------------------
[{'stable': {'Fuu_px': np.complex128(0.01711659737498133+2.016139505380869e-15j), 'Fuu_py': np.complex128(2.031684836364031e-15-0.017116590855430613j)}, 'free': np.float64(-9593.66696109657)}, {'stable': {'Fuu_px': np.complex128(0.012097795576561165+0.012108721287931373j), 'Fuu_py': np.complex128(0.012108721497211584-0.012097795785652437j)}, 'free': np.float64(-9593.666961096587)}, {'stable': {'Fuu_px': np.complex128(0.017116594115206888+6.401892816274784e-16j), 'Fuu_py': np.complex128(-6.843000509855181e-16+0.0171165941152061j)}, 'free': np.float64(-9593.666961096538)}, {'stable': {'Fdd_px': np.complex128(0.017116597387321637+1.7670892136963247e-15j), 'Fdd_py': np.complex128(1.7339266297316776e-15-0.017116590843089946j)}, 'free': np.float64(-9593.666961096595)}]
------------------------------------------
  Seed: dd:px+py
  Seed uu: [0.+0.j 0.+0.j 0.+0.j 0.+0.j], Seed dd: [ 0.01619875-0.01621915j -0.01619875+0.01621915j  0.01621915+0.01619875j
 -0.01621915-0.01619875j]
F_onsite: (-6.420965282458292e-20+2.0092869011370832e-21j)
F_swave: (-1.0787913534540454e-20+3.203058050750232e-22j), F_dwave: (5.504293955083738e-21+7.680190804065714e-22j)
F_px: (8.755887911324471e-22+3.0388373404400737e-20j), F_py: (-1.3336467985016607e-21-2.217911039220238e-20j)
Free_energy = -9593.666961096582
------------------------------------------
[{'stable': {'Fuu_px': np.complex128(0.01711659737498133+2.016139505380869e-15j), 'Fuu_py': np.complex128(2.031684836364031e-15-0.017116590855430613j)}, 'free': np.float64(-9593.66696109657)}, {'stable': {'Fuu_px': np.complex128(0.012097795576561165+0.012108721287931373j), 'Fuu_py': np.complex128(0.012108721497211584-0.012097795785652437j)}, 'free': np.float64(-9593.666961096587)}, {'stable': {'Fuu_px': np.complex128(0.017116594115206888+6.401892816274784e-16j), 'Fuu_py': np.complex128(-6.843000509855181e-16+0.0171165941152061j)}, 'free': np.float64(-9593.666961096538)}, {'stable': {'Fdd_px': np.complex128(0.017116597387321637+1.7670892136963247e-15j), 'Fdd_py': np.complex128(1.7339266297316776e-15-0.017116590843089946j)}, 'free': np.float64(-9593.666961096595)}, {'stable': {'Fdd_px': np.complex128(0.012095642433259123-0.01211087202378553j), 'Fdd_py': np.complex128(0.012110872315417427+0.012095642724524446j)}, 'free': np.float64(-9593.666961096582)}]
------------------------------------------
  Seed: dd:px+ipy
  Seed uu: [0.+0.j 0.+0.j 0.+0.j 0.+0.j], Seed dd: [ 2.29229219e-02+9.24210142e-16j -2.29229219e-02-9.26784408e-16j
 -8.99612848e-16+2.29229219e-02j  8.96464202e-16-2.29229219e-02j]
F_onsite: (-6.130445669780297e-20-6.7682633262104615e-21j)
F_swave: (-1.045301991640244e-20-1.0396323792708544e-21j), F_dwave: (2.1606794666517453e-20-2.3020060938905463e-22j)
F_px: (5.2344833076621e-21-1.4054620736083938e-21j), F_py: (-2.222673145368706e-22-3.675817418613889e-21j)
Free_energy = -9593.666961096538
------------------------------------------
[{'stable': {'Fuu_px': np.complex128(0.01711659737498133+2.016139505380869e-15j), 'Fuu_py': np.complex128(2.031684836364031e-15-0.017116590855430613j)}, 'free': np.float64(-9593.66696109657)}, {'stable': {'Fuu_px': np.complex128(0.012097795576561165+0.012108721287931373j), 'Fuu_py': np.complex128(0.012108721497211584-0.012097795785652437j)}, 'free': np.float64(-9593.666961096587)}, {'stable': {'Fuu_px': np.complex128(0.017116594115206888+6.401892816274784e-16j), 'Fuu_py': np.complex128(-6.843000509855181e-16+0.0171165941152061j)}, 'free': np.float64(-9593.666961096538)}, {'stable': {'Fdd_px': np.complex128(0.017116597387321637+1.7670892136963247e-15j), 'Fdd_py': np.complex128(1.7339266297316776e-15-0.017116590843089946j)}, 'free': np.float64(-9593.666961096595)}, {'stable': {'Fdd_px': np.complex128(0.012095642433259123-0.01211087202378553j), 'Fdd_py': np.complex128(0.012110872315417427+0.012095642724524446j)}, 'free': np.float64(-9593.666961096582)}, {'stable': {'Fdd_px': np.complex128(0.017116594115207034+7.494125787542545e-16j), 'Fdd_py': np.complex128(-7.639051867503225e-16+0.017116594115206017j)}, 'free': np.float64(-9593.666961096538)}]
------------------------------------------
  Seed: uu+dd:px
  Seed uu: [ 2.29229289e-02+2.23808218e-15j -2.29229289e-02-2.24179107e-15j
  2.20616960e-15-2.29229149e-02j -2.20396342e-15+2.29229149e-02j], Seed dd: [ 2.29229287e-02+2.47639871e-15j -2.29229287e-02-2.47906083e-15j
  2.47954117e-15-2.29229151e-02j -2.47567688e-15+2.29229151e-02j]
F_onsite: (-1.9146176938274053e-20+1.075263765141296e-20j)
F_swave: (-2.2700367862648274e-21+1.5408218834897202e-21j), F_dwave: (-9.520255347200033e-21+2.0287339665810693e-20j)
F_px: (-9.648471279230188e-21+6.262660734033541e-20j), F_py: (-5.982522131929785e-20+7.676387139105054e-20j)
Free_energy = -9598.650953709097
------------------------------------------
[{'stable': {'Fuu_px': np.complex128(0.017116597350123688+1.7359029230337444e-15j), 'Fuu_py': np.complex128(1.7505045269647673e-15-0.017116590880288454j), 'Fdd_px': np.complex128(0.017116597271690306+2.123667955754638e-15j), 'Fdd_py': np.complex128(2.070374608094533e-15-0.017116590958721506j)}, 'free': np.float64(-9598.650953709097)}]
------------------------------------------
  Seed: uu+dd:px+py
  Seed uu: [ 0.01618981+0.01622807j -0.01618981-0.01622807j  0.01622807-0.01618981j
 -0.01622807+0.01618981j], Seed dd: [ 0.01618954-0.01622834j -0.01618954+0.01622834j  0.01622834+0.01618954j
 -0.01622834-0.01618954j]
F_onsite: (2.5143763678107857e-20+1.50065832453287e-20j)
F_swave: (3.675371333440299e-21+9.887496165696486e-22j), F_dwave: (-3.3548368809106607e-20+2.3631261169446345e-20j)
F_px: (-6.7094630154474876e-21+1.391381684839992e-21j), F_py: (-7.563370530937148e-22+7.363130078858895e-21j)
Free_energy = -9598.650953709073
------------------------------------------
[{'stable': {'Fuu_px': np.complex128(0.017116597350123688+1.7359029230337444e-15j), 'Fuu_py': np.complex128(1.7505045269647673e-15-0.017116590880288454j), 'Fdd_px': np.complex128(0.017116597271690306+2.123667955754638e-15j), 'Fdd_py': np.complex128(2.070374608094533e-15-0.017116590958721506j)}, 'free': np.float64(-9598.650953709097)}, {'stable': {'Fuu_px': np.complex128(0.012088968359486802+0.012117533862514955j), 'Fuu_py': np.complex128(0.012117534325698443-0.012088968821578363j), 'Fdd_px': np.complex128(0.012088763460995695-0.012117738268802053j), 'Fdd_py': np.complex128(0.012117738737732843+0.012088763928805752j)}, 'free': np.float64(-9598.650953709073)}]
------------------------------------------
  Seed: uu+dd:px+ipy
  Seed uu: [ 2.29229219e-02+8.43952130e-16j -2.29229219e-02-8.35703061e-16j
 -8.43909209e-16+2.29229219e-02j  8.40880788e-16-2.29229219e-02j], Seed dd: [ 2.29229219e-02+7.97926000e-16j -2.29229219e-02-7.91403569e-16j
 -8.11119597e-16+2.29229219e-02j  8.08691869e-16-2.29229219e-02j]
F_onsite: (4.001658048844793e-20-6.090299314103234e-20j)
F_swave: (2.853071572884165e-21-9.814830993660901e-21j), F_dwave: (5.077881326370943e-20+4.308100594235694e-20j)
F_px: (-1.4914369916707186e-20-4.5696878326990116e-20j), F_py: (-6.344448693876957e-20-2.9816825019739574e-20j)
Free_energy = -9598.65095370902
------------------------------------------
[{'stable': {'Fuu_px': np.complex128(0.017116597350123688+1.7359029230337444e-15j), 'Fuu_py': np.complex128(1.7505045269647673e-15-0.017116590880288454j), 'Fdd_px': np.complex128(0.017116597271690306+2.123667955754638e-15j), 'Fdd_py': np.complex128(2.070374608094533e-15-0.017116590958721506j)}, 'free': np.float64(-9598.650953709097)}, {'stable': {'Fuu_px': np.complex128(0.012088968359486802+0.012117533862514955j), 'Fuu_py': np.complex128(0.012117534325698443-0.012088968821578363j), 'Fdd_px': np.complex128(0.012088763460995695-0.012117738268802053j), 'Fdd_py': np.complex128(0.012117738737732843+0.012088763928805752j)}, 'free': np.float64(-9598.650953709073)}, {'stable': {'Fuu_px': np.complex128(0.017116594115206964+7.0903780041131265e-16j), 'Fuu_py': np.complex128(-7.157218300423249e-16+0.017116594115206094j), 'Fdd_px': np.complex128(0.017116594115206833+6.198350203479535e-16j), 'Fdd_py': np.complex128(-6.567261043800711e-16+0.017116594115206114j)}, 'free': np.float64(-9598.65095370902)}]
------------------------------------------
====================================
mu=-0.57, T=0.0835
====================================
  Seed: normal state
  Seed uu: [0.+0.j 0.+0.j 0.+0.j 0.+0.j], Seed dd: [0.+0.j 0.+0.j 0.+0.j 0.+0.j]
F_onsite: 0j
F_swave: 0j, F_dwave: 0j
F_px: 0j, F_py: 0j
Free_energy = -9590.827199794972
------------------------------------------
[{'stable': {}, 'free': np.float64(-9590.827199794972)}]
------------------------------------------
  Seed: uu:px
  Seed uu: [ 1.71165974e-02+2.01657157e-15j -1.71165974e-02-2.01570744e-15j
  2.03233726e-15-1.71165909e-02j -2.03103241e-15+1.71165909e-02j], Seed dd: [0.+0.j 0.+0.j 0.+0.j 0.+0.j]
F_onsite: (1.0541847851246028e-19-6.533842147180843e-20j)
F_swave: (1.449415150951894e-20-8.396401968504347e-21j), F_dwave: (2.0874079322075223e-20+2.5284136291522858e-20j)
F_px: (7.849645777623782e-20+1.9761076258051722e-20j), F_py: (-2.282639421082353e-20-9.912295389010241e-20j)
Free_energy = -9591.536731902503
------------------------------------------
[{'stable': {'Fuu_px': np.complex128(0.006481434559226463+6.220072561935218e-16j), 'Fuu_py': np.complex128(6.190979329389973e-16-0.006481432944360023j)}, 'free': np.float64(-9591.536731902503)}]
------------------------------------------
  Seed: uu:px+py
  Seed uu: [ 0.0120978 +0.01210872j -0.0120978 -0.01210872j  0.01210872-0.0120978j
 -0.01210872+0.0120978j ], Seed dd: [0.+0.j 0.+0.j 0.+0.j 0.+0.j]
F_onsite: (-3.2064356085860394e-22+2.11584484442129e-21j)
F_swave: (1.820331696057961e-21+1.2608590000687235e-21j), F_dwave: (-6.4873307278762536e-21+3.7875979261172403e-20j)
F_px: (4.1551552248814145e-21+1.0310790277866858e-19j), F_py: (-5.62291231282443e-20-4.781685084273242e-20j)
Free_energy = -9591.536731902557
------------------------------------------
[{'stable': {'Fuu_px': np.complex128(0.006481434559226463+6.220072561935218e-16j), 'Fuu_py': np.complex128(6.190979329389973e-16-0.006481432944360023j)}, 'free': np.float64(-9591.536731902503)}, {'stable': {'Fuu_px': np.complex128(0.004580996679528338+0.004585133850403103j), 'Fuu_py': np.complex128(0.004585133902239363-0.004580996731317951j)}, 'free': np.float64(-9591.536731902557)}]
------------------------------------------
  Seed: uu:px+ipy
  Seed uu: [ 1.71165941e-02+6.40374590e-16j -1.71165941e-02-6.40003973e-16j
 -6.85308775e-16+1.71165941e-02j  6.83291327e-16-1.71165941e-02j], Seed dd: [0.+0.j 0.+0.j 0.+0.j 0.+0.j]
F_onsite: (-3.447329094343919e-21+1.699588750687326e-20j)
F_swave: (-1.4473180526118283e-21+3.3843499262554834e-21j), F_dwave: (-1.1652624459649246e-20-1.1996604118566437e-20j)
F_px: (9.147479651644171e-20+6.929595548226023e-20j), F_py: (7.513842661582855e-20+6.012100298151349e-20j)
Free_energy = -9591.536731902519
------------------------------------------
[{'stable': {'Fuu_px': np.complex128(0.006481434559226463+6.220072561935218e-16j), 'Fuu_py': np.complex128(6.190979329389973e-16-0.006481432944360023j)}, 'free': np.float64(-9591.536731902503)}, {'stable': {'Fuu_px': np.complex128(0.004580996679528338+0.004585133850403103j), 'Fuu_py': np.complex128(0.004585133902239363-0.004580996731317951j)}, 'free': np.float64(-9591.536731902557)}, {'stable': {'Fuu_px': np.complex128(0.006481433751792502+9.807541378990102e-17j), 'Fuu_py': np.complex128(-1.50747638145485e-16+0.006481433751794252j)}, 'free': np.float64(-9591.536731902519)}]
------------------------------------------
  Seed: dd:px
  Seed uu: [0.+0.j 0.+0.j 0.+0.j 0.+0.j], Seed dd: [ 1.71165974e-02+1.76774985e-15j -1.71165974e-02-1.76642858e-15j
  1.73505156e-15-1.71165908e-02j -1.73280170e-15+1.71165908e-02j]
F_onsite: (-3.727360373308523e-20-3.8440232031404125e-21j)
F_swave: (-5.503949508103071e-21-5.695686790819285e-22j), F_dwave: (-2.3899347332524175e-20-2.555179606070636e-22j)
F_px: (-4.432113959556808e-21-1.2881274590498658e-20j), F_py: (2.9460046811007424e-22-5.7488134839956354e-21j)
Free_energy = -9591.536731902506
------------------------------------------
[{'stable': {'Fuu_px': np.complex128(0.006481434559226463+6.220072561935218e-16j), 'Fuu_py': np.complex128(6.190979329389973e-16-0.006481432944360023j)}, 'free': np.float64(-9591.536731902503)}, {'stable': {'Fuu_px': np.complex128(0.004580996679528338+0.004585133850403103j), 'Fuu_py': np.complex128(0.004585133902239363-0.004580996731317951j)}, 'free': np.float64(-9591.536731902557)}, {'stable': {'Fuu_px': np.complex128(0.006481433751792502+9.807541378990102e-17j), 'Fuu_py': np.complex128(-1.50747638145485e-16+0.006481433751794252j)}, 'free': np.float64(-9591.536731902519)}, {'stable': {'Fdd_px': np.complex128(0.006481434562283065+5.283692478365778e-16j), 'Fdd_py': np.complex128(5.390961061678308e-16-0.006481432941303338j)}, 'free': np.float64(-9591.536731902506)}]
------------------------------------------
  Seed: dd:px+py
  Seed uu: [0.+0.j 0.+0.j 0.+0.j 0.+0.j], Seed dd: [ 0.01209564-0.01211087j -0.01209564+0.01211087j  0.01211087+0.01209564j
 -0.01211087-0.01209564j]
F_onsite: (-1.7970567839226663e-20+1.044990604421636e-21j)
F_swave: (-2.568178590157653e-21+1.4383524343079303e-22j), F_dwave: (-6.890003006687998e-21+1.8448821064720938e-22j)
F_px: (-6.37340089778397e-22-1.1529450165165453e-20j), F_py: (-1.5500959497268977e-22-5.3601513193615616e-21j)
Free_energy = -9591.536731902544
------------------------------------------
[{'stable': {'Fuu_px': np.complex128(0.006481434559226463+6.220072561935218e-16j), 'Fuu_py': np.complex128(6.190979329389973e-16-0.006481432944360023j)}, 'free': np.float64(-9591.536731902503)}, {'stable': {'Fuu_px': np.complex128(0.004580996679528338+0.004585133850403103j), 'Fuu_py': np.complex128(0.004585133902239363-0.004580996731317951j)}, 'free': np.float64(-9591.536731902557)}, {'stable': {'Fuu_px': np.complex128(0.006481433751792502+9.807541378990102e-17j), 'Fuu_py': np.complex128(-1.50747638145485e-16+0.006481433751794252j)}, 'free': np.float64(-9591.536731902519)}, {'stable': {'Fdd_px': np.complex128(0.006481434562283065+5.283692478365778e-16j), 'Fdd_py': np.complex128(5.390961061678308e-16-0.006481432941303338j)}, 'free': np.float64(-9591.536731902506)}, {'stable': {'Fdd_px': np.complex128(0.0045801813675861655-0.004585948261502607j), 'Fdd_py': np.complex128(0.004585948333740401+0.004580181439733007j)}, 'free': np.float64(-9591.536731902544)}]
------------------------------------------
  Seed: dd:px+ipy
  Seed uu: [0.+0.j 0.+0.j 0.+0.j 0.+0.j], Seed dd: [ 1.71165941e-02+7.48251872e-16j -1.71165941e-02-7.50573285e-16j
 -7.64943808e-16+1.71165941e-02j  7.62866566e-16-1.71165941e-02j]
F_onsite: (1.7701826643472867e-20-1.8958513564970163e-21j)
F_swave: (2.1109728799969684e-21-2.844516725701909e-22j), F_dwave: (-1.9012508116355004e-20-1.780641366402099e-21j)
F_px: (2.7618099582926295e-21+1.844919252743796e-20j), F_py: (6.771383239433137e-22+3.447349304566307e-21j)
Free_energy = -9591.536731902519
------------------------------------------
[{'stable': {'Fuu_px': np.complex128(0.006481434559226463+6.220072561935218e-16j), 'Fuu_py': np.complex128(6.190979329389973e-16-0.006481432944360023j)}, 'free': np.float64(-9591.536731902503)}, {'stable': {'Fuu_px': np.complex128(0.004580996679528338+0.004585133850403103j), 'Fuu_py': np.complex128(0.004585133902239363-0.004580996731317951j)}, 'free': np.float64(-9591.536731902557)}, {'stable': {'Fuu_px': np.complex128(0.006481433751792502+9.807541378990102e-17j), 'Fuu_py': np.complex128(-1.50747638145485e-16+0.006481433751794252j)}, 'free': np.float64(-9591.536731902519)}, {'stable': {'Fdd_px': np.complex128(0.006481434562283065+5.283692478365778e-16j), 'Fdd_py': np.complex128(5.390961061678308e-16-0.006481432941303338j)}, 'free': np.float64(-9591.536731902506)}, {'stable': {'Fdd_px': np.complex128(0.0045801813675861655-0.004585948261502607j), 'Fdd_py': np.complex128(0.004585948333740401+0.004580181439733007j)}, 'free': np.float64(-9591.536731902544)}, {'stable': {'Fdd_px': np.complex128(0.006481433751792545+2.3084845031183324e-16j), 'Fdd_py': np.complex128(-2.1015736274123793e-16+0.006481433751794127j)}, 'free': np.float64(-9591.536731902519)}]
------------------------------------------
  Seed: uu+dd:px
  Seed uu: [ 1.71165974e-02+1.73376197e-15j -1.71165974e-02-1.73804387e-15j
  1.75149057e-15-1.71165909e-02j -1.74951848e-15+1.71165909e-02j], Seed dd: [ 1.71165973e-02+2.12246898e-15j -1.71165973e-02-2.12486693e-15j
  2.07156701e-15-1.71165910e-02j -2.06918220e-15+1.71165910e-02j]
F_onsite: (4.165160966483824e-20+9.165942474887251e-20j)
F_swave: (4.526608219157793e-21+1.2966309664766774e-20j), F_dwave: (-3.1230688864989896e-20-9.759159530714689e-20j)
F_px: (1.0713841405582725e-20+8.456885505051793e-20j), F_py: (-9.852350743333181e-20+8.3289020736774e-20j)
Free_energy = -9592.246264010155
------------------------------------------
[{'stable': {'Fuu_px': np.complex128(0.0064814345530695636+4.804639809787145e-16j), 'Fuu_py': np.complex128(4.857933766252181e-16-0.006481432950517075j), 'Fdd_px': np.complex128(0.00648143453364169+6.473291572591789e-16j), 'Fdd_py': np.complex128(6.47187428133024e-16-0.0064814329699446616j)}, 'free': np.float64(-9592.246264010155)}]
------------------------------------------
  Seed: uu+dd:px+py
  Seed uu: [ 0.01208897+0.01211753j -0.01208897-0.01211753j  0.01211753-0.01208897j
 -0.01211753+0.01208897j], Seed dd: [ 0.01208876-0.01211774j -0.01208876+0.01211774j  0.01211774+0.01208876j
 -0.01211774-0.01208876j]
F_onsite: (-2.1731338194114995e-20-2.4130605294004844e-20j)
F_swave: (-2.1368056618679133e-21-3.797755748556451e-21j), F_dwave: (3.0302668556778817e-20-1.8349022174091277e-20j)
F_px: (1.4275349437761855e-20+2.5435658452384398e-20j), F_py: (-9.898912834410007e-21-3.763582112562979e-20j)
Free_energy = -9592.246264010133
------------------------------------------
[{'stable': {'Fuu_px': np.complex128(0.0064814345530695636+4.804639809787145e-16j), 'Fuu_py': np.complex128(4.857933766252181e-16-0.006481432950517075j), 'Fdd_px': np.complex128(0.00648143453364169+6.473291572591789e-16j), 'Fdd_py': np.complex128(6.47187428133024e-16-0.0064814329699446616j)}, 'free': np.float64(-9592.246264010155)}, {'stable': {'Fuu_px': np.complex128(0.004577654148957314+0.0045884708695878695j), 'Fuu_py': np.complex128(0.0045884709843148856-0.004577654263413871j), 'Fdd_px': np.complex128(0.0045775765616985365-0.004588548271214207j), 'Fdd_py': np.complex128(0.004588548387368448+0.004577576677574922j)}, 'free': np.float64(-9592.246264010133)}]
------------------------------------------
  Seed: uu+dd:px+ipy
  Seed uu: [ 1.71165941e-02+7.10699474e-16j -1.71165941e-02-7.07376127e-16j
 -7.16766850e-16+1.71165941e-02j  7.14676810e-16-1.71165941e-02j], Seed dd: [ 1.71165941e-02+6.20375666e-16j -1.71165941e-02-6.19294375e-16j
 -6.57422796e-16+1.71165941e-02j  6.56029413e-16-1.71165941e-02j]
F_onsite: (6.931517030652294e-20+1.6853410434126674e-20j)
F_swave: (8.8630102777853e-21+3.1342993088051646e-21j), F_dwave: (3.236746810565562e-20-3.9974575049294144e-20j)
F_px: (-3.3759093404643684e-20+6.384697384880405e-20j), F_py: (9.09852158776308e-20-7.83061571592213e-20j)
Free_energy = -9592.246264010093
------------------------------------------
[{'stable': {'Fuu_px': np.complex128(0.0064814345530695636+4.804639809787145e-16j), 'Fuu_py': np.complex128(4.857933766252181e-16-0.006481432950517075j), 'Fdd_px': np.complex128(0.00648143453364169+6.473291572591789e-16j), 'Fdd_py': np.complex128(6.47187428133024e-16-0.0064814329699446616j)}, 'free': np.float64(-9592.246264010155)}, {'stable': {'Fuu_px': np.complex128(0.004577654148957314+0.0045884708695878695j), 'Fuu_py': np.complex128(0.0045884709843148856-0.004577654263413871j), 'Fdd_px': np.complex128(0.0045775765616985365-0.004588548271214207j), 'Fdd_py': np.complex128(0.004588548387368448+0.004577576677574922j)}, 'free': np.float64(-9592.246264010133)}, {'stable': {'Fuu_px': np.complex128(0.006481433751792513+1.5720748528688318e-16j), 'Fuu_py': np.complex128(-1.797524417745262e-16+0.006481433751794211j), 'Fdd_px': np.complex128(0.006481433751792452+1.472545950393777e-16j), 'Fdd_py': np.complex128(-1.4392484234927205e-16+0.006481433751794222j)}, 'free': np.float64(-9592.246264010093)}]
------------------------------------------
====================================
mu=-0.57, T=0.0876
====================================
  Seed: normal state
  Seed uu: [0.+0.j 0.+0.j 0.+0.j 0.+0.j], Seed dd: [0.+0.j 0.+0.j 0.+0.j 0.+0.j]
F_onsite: 0j
F_swave: 0j, F_dwave: 0j
F_px: 0j, F_py: 0j
Free_energy = -9593.084550934083
------------------------------------------
[{'stable': {}, 'free': np.float64(-9593.084550934083)}]
------------------------------------------
  Seed: uu:px
  Seed uu: [ 6.48143456e-03+6.21098032e-16j -6.48143456e-03-6.22916480e-16j
  6.18717982e-16-6.48143294e-03j -6.19477883e-16+6.48143294e-03j], Seed dd: [0.+0.j 0.+0.j 0.+0.j 0.+0.j]
==================================================
WARNING: Failed to converge after 2000 iterations
==================================================
F_onsite: (-1.3042862115903544e-19+1.0352078641253703e-19j)
F_swave: (-1.9107409696264324e-20+1.4562471671355505e-20j), F_dwave: (2.5917895317716733e-20-3.497302291958559e-20j)
F_px: (4.189327437528312e-20-2.4565197624764656e-20j), F_py: (3.9208989367687227e-20-4.354489183300745e-20j)
Free_energy = -9593.084550934082
------------------------------------------
[{'stable': {}, 'free': np.float64(-9593.084550934083)}]
------------------------------------------
  Seed: uu:px+py
  Seed uu: [ 0.004581  +0.00458513j -0.004581  -0.00458513j  0.00458513-0.004581j
 -0.00458513+0.004581j  ], Seed dd: [0.+0.j 0.+0.j 0.+0.j 0.+0.j]
==================================================
WARNING: Failed to converge after 2000 iterations
==================================================
F_onsite: (1.2781555504921019e-19+4.7573100824107195e-20j)
F_swave: (1.7937236656454322e-20+6.096353475487983e-21j), F_dwave: (-3.2567525058679445e-20-6.509657840851656e-21j)
F_px: (4.349373616601126e-20+2.846660612173443e-20j), F_py: (5.8691768968420846e-21+2.0978562351231747e-20j)
Free_energy = -9593.084550934083
------------------------------------------
[{'stable': {}, 'free': np.float64(-9593.084550934083)}]
------------------------------------------
  Seed: uu:px+ipy
  Seed uu: [ 6.48143375e-03+9.79483357e-17j -6.48143375e-03-9.82024919e-17j
 -1.50400871e-16+6.48143375e-03j  1.51094405e-16-6.48143375e-03j], Seed dd: [0.+0.j 0.+0.j 0.+0.j 0.+0.j]
==================================================
WARNING: Failed to converge after 2000 iterations
==================================================
F_onsite: (5.6583438444970444e-21-8.921241596066083e-20j)
F_swave: (-5.3297246229783285e-22-1.2395833668426041e-20j), F_dwave: (-9.417305473619155e-21+4.131691187226254e-20j)
F_px: (1.291807278310004e-19-6.2237726802677445e-21j), F_py: (7.613811015398484e-20+1.286756376894853e-19j)
Free_energy = -9593.084550934083
------------------------------------------
[{'stable': {}, 'free': np.float64(-9593.084550934083)}]
------------------------------------------
  Seed: dd:px
  Seed uu: [0.+0.j 0.+0.j 0.+0.j 0.+0.j], Seed dd: [ 6.48143456e-03+5.27020568e-16j -6.48143456e-03-5.29717928e-16j
  5.38716998e-16-6.48143294e-03j -5.39475215e-16+6.48143294e-03j]
==================================================
WARNING: Failed to converge after 2000 iterations
==================================================
F_onsite: (3.9366987490730677e-29+6.620441143665994e-29j)
F_swave: (5.652908076382027e-30+9.462657440007614e-30j), F_dwave: (1.0352907891788989e-29+1.3218615441326833e-29j)
F_px: (4.454189622244302e-29-1.728582231157536e-28j), F_py: (3.777381125790597e-29-1.057864834567983e-28j)
Free_energy = -9593.084550934083
------------------------------------------
[{'stable': {}, 'free': np.float64(-9593.084550934083)}]
------------------------------------------
  Seed: dd:px+py
  Seed uu: [0.+0.j 0.+0.j 0.+0.j 0.+0.j], Seed dd: [ 0.00458018-0.00458595j -0.00458018+0.00458595j  0.00458595+0.00458018j
 -0.00458595-0.00458018j]
==================================================
WARNING: Failed to converge after 2000 iterations
==================================================
F_onsite: (1.1069465791319456e-28-3.9694933194554e-31j)
F_swave: (1.5839021055420235e-29-5.837454813445087e-32j), F_dwave: (2.4556449104794374e-29-2.322291927060685e-31j)
F_px: (-1.8319737489012524e-32+1.0717963354740434e-28j), F_py: (1.1927485630008273e-31-1.1571594918989552e-28j)
Free_energy = -9593.084550934083
------------------------------------------
[{'stable': {}, 'free': np.float64(-9593.084550934083)}]
------------------------------------------
  Seed: dd:px+ipy
  Seed uu: [0.+0.j 0.+0.j 0.+0.j 0.+0.j], Seed dd: [ 6.48143375e-03+2.31194831e-16j -6.48143375e-03-2.30502070e-16j
 -2.09696727e-16+6.48143375e-03j  2.10617998e-16-6.48143375e-03j]
==================================================
WARNING: Failed to converge after 2000 iterations
==================================================
F_onsite: (2.5284930784993597e-28+5.008591892971097e-29j)
F_swave: (3.6149176033329214e-29+7.155691976670298e-30j), F_dwave: (-2.3913144728707084e-29-7.700609831265139e-30j)
F_px: (-3.909229488257879e-29+1.0937775025533463e-28j), F_py: (-4.6832298525158844e-29+2.402781935967839e-28j)
Free_energy = -9593.084550934083
------------------------------------------
[{'stable': {}, 'free': np.float64(-9593.084550934083)}]
------------------------------------------
  Seed: uu+dd:px
  Seed uu: [ 6.48143455e-03+4.79731225e-16j -6.48143455e-03-4.81196737e-16j
  4.85320841e-16-6.48143295e-03j -4.86265912e-16+6.48143295e-03j], Seed dd: [ 6.48143453e-03+6.45710236e-16j -6.48143453e-03-6.48948079e-16j
  6.46913095e-16-6.48143297e-03j -6.47461761e-16+6.48143297e-03j]
==================================================
WARNING: Failed to converge after 2000 iterations
==================================================
F_onsite: (-7.707148263070521e-20-4.122992122534552e-20j)
F_swave: (-1.2676536507831628e-20-5.707562182423767e-21j), F_dwave: (2.1723834872549293e-20-2.2827706406909342e-20j)
F_px: (1.453299351813876e-19-1.1282858968338038e-19j), F_py: (1.3978289035469806e-19-6.23952835285513e-20j)
Free_energy = -9593.084550934083
------------------------------------------
[{'stable': {}, 'free': np.float64(-9593.084550934083)}]
------------------------------------------
  Seed: uu+dd:px+py
  Seed uu: [ 0.00457765+0.00458847j -0.00457765-0.00458847j  0.00458847-0.00457765j
 -0.00458847+0.00457765j], Seed dd: [ 0.00457758-0.00458855j -0.00457758+0.00458855j  0.00458855+0.00457758j
 -0.00458855-0.00457758j]
==================================================
WARNING: Failed to converge after 2000 iterations
==================================================
F_onsite: (3.0963687024256866e-20+2.3428359320648672e-20j)
F_swave: (3.8884906892700254e-21+1.6946699550965526e-21j), F_dwave: (4.060991997486838e-21+1.93100904290252e-20j)
F_px: (-4.7011219919318226e-20-1.4799084170205536e-20j), F_py: (-5.637602457124769e-20+1.5406673034121998e-20j)
Free_energy = -9593.084550934083
------------------------------------------
[{'stable': {}, 'free': np.float64(-9593.084550934083)}]
------------------------------------------
  Seed: uu+dd:px+ipy
  Seed uu: [ 6.48143375e-03+1.55100706e-16j -6.48143375e-03-1.59314265e-16j
 -1.79349856e-16+6.48143375e-03j  1.80155027e-16-6.48143375e-03j], Seed dd: [ 6.48143375e-03+1.46388456e-16j -6.48143375e-03-1.48120734e-16j
 -1.43544771e-16+6.48143375e-03j  1.44304914e-16-6.48143375e-03j]
==================================================
WARNING: Failed to converge after 2000 iterations
==================================================
F_onsite: (2.6677036641930887e-20-1.1204561037156274e-19j)
F_swave: (2.1068458079429175e-21-1.4346670137693667e-20j), F_dwave: (-4.8077901000576236e-20-6.835076940821142e-20j)
F_px: (6.94730041208064e-20-2.0237819359899634e-20j), F_py: (1.5346881066580387e-20+1.2834648377403081e-20j)
Free_energy = -9593.084550934083
------------------------------------------
[{'stable': {}, 'free': np.float64(-9593.084550934083)}]
------------------------------------------
====================================
mu=-0.57, T=0.0917
====================================
  Seed: normal state
  Seed uu: [0.+0.j 0.+0.j 0.+0.j 0.+0.j], Seed dd: [0.+0.j 0.+0.j 0.+0.j 0.+0.j]
F_onsite: 0j
F_swave: 0j, F_dwave: 0j
F_px: 0j, F_py: 0j
Free_energy = -9595.455665696194
------------------------------------------
[{'stable': {}, 'free': np.float64(-9595.455665696194)}]
------------------------------------------
  Seed: uu:px
  Seed uu: [ 2.54892030e-13+2.41820255e-19j -2.54892009e-13+6.56406146e-21j
  7.60066134e-19-2.54890910e-13j -7.91567066e-19+2.54890935e-13j], Seed dd: [0.+0.j 0.+0.j 0.+0.j 0.+0.j]
F_onsite: (-5.495879433006839e-20-5.653768016120608e-20j)
F_swave: (-6.735462159139335e-21-7.120356232976245e-21j), F_dwave: (-3.881130623235728e-20+8.934552536506094e-21j)
F_px: (-4.825338185734468e-20-7.172650020649504e-20j), F_py: (1.2295878795044306e-19+8.275538697883296e-20j)
Free_energy = -9595.455665696194
------------------------------------------
[{'stable': {}, 'free': np.float64(-9595.455665696194)}]
------------------------------------------
  Seed: uu:px+py
  Seed uu: [ 1.80155350e-13+1.80317927e-13j -1.80155505e-13-1.80317702e-13j
  1.80318156e-13-1.80154237e-13j -1.80318340e-13+1.80154321e-13j], Seed dd: [0.+0.j 0.+0.j 0.+0.j 0.+0.j]
F_onsite: (4.906577103482709e-20+2.4485078316572074e-21j)
F_swave: (7.632590831630428e-21-1.357701326980343e-21j), F_dwave: (-5.545214070763535e-20-2.62661355245537e-20j)
F_px: (9.588268002400304e-20-3.456145465063472e-20j), F_py: (3.35659076405995e-20+5.501526841120623e-20j)
Free_energy = -9595.455665696194
------------------------------------------
[{'stable': {}, 'free': np.float64(-9595.455665696194)}]
------------------------------------------
  Seed: uu:px+ipy
  Seed uu: [ 2.54892708e-13-1.44309161e-19j -2.54892991e-13+1.08476525e-19j
  7.18695133e-19+2.54891699e-13j -7.35907914e-19-2.54891210e-13j], Seed dd: [0.+0.j 0.+0.j 0.+0.j 0.+0.j]
F_onsite: (-1.2417767126237798e-19-3.420451533907509e-20j)
F_swave: (-1.6520750273915307e-20-6.499082185558976e-21j), F_dwave: (-1.5295290240018687e-20+8.40673011074621e-21j)
F_px: (-4.0332189418077485e-20-2.474384344118393e-20j), F_py: (-5.547463788532873e-20-6.426654862327013e-20j)
Free_energy = -9595.455665696194
------------------------------------------
[{'stable': {}, 'free': np.float64(-9595.455665696194)}]
------------------------------------------
  Seed: dd:px
  Seed uu: [0.+0.j 0.+0.j 0.+0.j 0.+0.j], Seed dd: [ 2.54892095e-13+6.18418763e-22j -2.54892095e-13-6.17614214e-22j
  6.18302009e-22-2.54892026e-13j -6.17497332e-22+2.54892026e-13j]
F_onsite: (-2.300181381540515e-32-1.0289264570887892e-32j)
F_swave: (-3.425979084138565e-33-1.4823315877321417e-33j), F_dwave: (3.37799802950761e-32-1.8827457444928944e-33j)
F_px: (-1.4681825422741865e-32+2.817828098211674e-32j), F_py: (1.3059560504948499e-32-2.1071433254322105e-32j)
Free_energy = -9595.455665696194
------------------------------------------
[{'stable': {}, 'free': np.float64(-9595.455665696194)}]
------------------------------------------
  Seed: dd:px+py
  Seed uu: [0.+0.j 0.+0.j 0.+0.j 0.+0.j], Seed dd: [ 1.80122470e-13-1.80349261e-13j -1.80122470e-13+1.80349261e-13j
  1.80349268e-13+1.80122477e-13j -1.80349268e-13-1.80122477e-13j]
F_onsite: (-5.8223490842784e-31+2.6531750997375354e-32j)
F_swave: (-8.332079958233283e-32+3.8112555952542094e-33j), F_dwave: (1.2485185510979944e-31-7.915605670294298e-33j)
F_px: (-6.6240702866423e-33-1.7402706558005064e-30j), F_py: (6.838095516344762e-33+1.6130695636197694e-30j)
Free_energy = -9595.455665696196
------------------------------------------
[{'stable': {}, 'free': np.float64(-9595.455665696194)}]
------------------------------------------
  Seed: dd:px+ipy
  Seed uu: [0.+0.j 0.+0.j 0.+0.j 0.+0.j], Seed dd: [ 2.54892057e-13+6.18295852e-22j -2.54892057e-13-6.17491343e-22j
 -6.18395171e-22+2.54892064e-13j  6.17590404e-22-2.54892064e-13j]
F_onsite: (-1.1658861304059405e-30+1.2895442652810231e-31j)
F_swave: (-1.6646828359147798e-31+1.8454313449128611e-32j), F_dwave: (-2.7719050046863384e-31+2.4598694331609092e-32j)
F_px: (1.3168573999545564e-31+1.0475354639935417e-30j), F_py: (1.4716283368675979e-31+1.2022031236011712e-30j)
Free_energy = -9595.455665696194
------------------------------------------
[{'stable': {}, 'free': np.float64(-9595.455665696194)}]
------------------------------------------
  Seed: uu+dd:px
  Seed uu: [ 2.54893305e-13+1.04210851e-18j -2.54893472e-13-6.71990672e-19j
 -7.71806812e-19-2.54891966e-13j  1.14933676e-18+2.54892365e-13j], Seed dd: [ 2.54891806e-13+3.23934554e-19j -2.54891800e-13-3.23795707e-19j
 -3.05514370e-19-2.54892014e-13j  3.36878100e-19+2.54892116e-13j]
F_onsite: (-1.6851152999789258e-20+7.301224804774149e-21j)
F_swave: (-4.781662341326741e-21-1.6821910860583865e-22j), F_dwave: (-4.348621592206509e-20-7.348528910227792e-23j)
F_px: (5.407791092378143e-21+6.0624502716585085e-21j), F_py: (-2.4390512580519332e-20-8.989489427201876e-20j)
Free_energy = -9595.455665696196
------------------------------------------
[{'stable': {}, 'free': np.float64(-9595.455665696194)}]
------------------------------------------
  Seed: uu+dd:px+py
  Seed uu: [ 1.80022922e-13+1.80449651e-13j -1.80023118e-13-1.80449838e-13j
  1.80447415e-13-1.80024080e-13j -1.80447451e-13+1.80023936e-13j], Seed dd: [ 1.80019779e-13-1.80451683e-13j -1.80019859e-13+1.80451736e-13j
  1.80451485e-13+1.80020045e-13j -1.80451530e-13-1.80020066e-13j]
F_onsite: (3.492706362085136e-21+1.8727354367164395e-20j)
F_swave: (-2.8564303554476653e-22+3.686112864459295e-21j), F_dwave: (-4.831534270103377e-21-3.329723080939958e-20j)
F_px: (1.0020346961223519e-20-4.0750375110629487e-20j), F_py: (1.2532234009539577e-20+4.0651353139398696e-20j)
Free_energy = -9595.455665696194
------------------------------------------
[{'stable': {}, 'free': np.float64(-9595.455665696194)}]
------------------------------------------
  Seed: uu+dd:px+ipy
  Seed uu: [ 2.54891924e-13-9.00401314e-19j -2.54891695e-13+1.24396960e-18j
 -1.89608823e-18+2.54892016e-13j  1.90675854e-18-2.54892627e-13j], Seed dd: [ 2.54892457e-13-1.89014890e-19j -2.54892357e-13+1.66179304e-19j
 -1.69809078e-19+2.54891750e-13j  1.62968264e-19-2.54891770e-13j]
F_onsite: (7.331441346475597e-20+1.1574479889854154e-19j)
F_swave: (8.706710648833735e-21+1.3671178016853017e-20j), F_dwave: (6.714890621333841e-20+2.912104249431435e-20j)
F_px: (1.671087072678088e-19-8.750828536138596e-20j), F_py: (-5.87659299247626e-20+1.442004459895993e-19j)
Free_energy = -9595.455665696196
------------------------------------------
[{'stable': {}, 'free': np.float64(-9595.455665696194)}]
------------------------------------------
====================================
mu=-0.57, T=0.0959
====================================
  Seed: normal state
  Seed uu: [0.+0.j 0.+0.j 0.+0.j 0.+0.j], Seed dd: [0.+0.j 0.+0.j 0.+0.j 0.+0.j]
F_onsite: 0j
F_swave: 0j, F_dwave: 0j
F_px: 0j, F_py: 0j
Free_energy = -9597.941159717691
------------------------------------------
[{'stable': {}, 'free': np.float64(-9597.941159717691)}]
------------------------------------------
  Seed: uu:px
  Seed uu: [ 3.82606248e-15-2.12888585e-20j -3.82596859e-15-1.31598033e-19j
 -5.36397073e-19-3.82627027e-15j  5.58191718e-19+3.82616096e-15j], Seed dd: [0.+0.j 0.+0.j 0.+0.j 0.+0.j]
F_onsite: (6.220289162228837e-20-3.2063178867363724e-20j)
F_swave: (1.0669471813858818e-20-5.55442495061526e-21j), F_dwave: (4.133823769851745e-20+4.407620563934514e-20j)
F_px: (4.8025117691096016e-20+5.622874952725743e-20j), F_py: (-4.181656498085049e-20-4.452727036181984e-20j)
Free_energy = -9597.941159717691
------------------------------------------
[{'stable': {}, 'free': np.float64(-9597.941159717691)}]
------------------------------------------
  Seed: uu:px+py
  Seed uu: [ 2.70469272e-15+2.70688506e-15j -2.70464417e-15-2.70672032e-15j
  2.70730162e-15-2.70456194e-15j -2.70731069e-15+2.70447905e-15j], Seed dd: [0.+0.j 0.+0.j 0.+0.j 0.+0.j]
F_onsite: (6.288580491393236e-20-1.982398991439389e-20j)
F_swave: (6.029952929884233e-21-2.5517101705641463e-21j), F_dwave: (-2.818997986252681e-20+3.469619031653224e-20j)
F_px: (2.363163864040922e-21+3.638530394831224e-20j), F_py: (-5.915443081939722e-20+1.6845148301469058e-20j)
Free_energy = -9597.941159717691
------------------------------------------
[{'stable': {}, 'free': np.float64(-9597.941159717691)}]
------------------------------------------
  Seed: uu:px+ipy
  Seed uu: [ 3.82738916e-15+1.52773877e-19j -3.82738165e-15-2.92859488e-19j
 -1.25500430e-19+3.82526127e-15j -3.50076224e-20-3.82517244e-15j], Seed dd: [0.+0.j 0.+0.j 0.+0.j 0.+0.j]
F_onsite: (5.3191178774735745e-20-2.4694958377625898e-21j)
F_swave: (5.358512503482565e-21-6.693976355846829e-22j), F_dwave: (2.9000689035296235e-20+5.689978352023398e-21j)
F_px: (7.885432861604048e-21+3.104448679245227e-20j), F_py: (2.2639054619342635e-20+4.250452107127613e-21j)
Free_energy = -9597.941159717691
------------------------------------------
[{'stable': {}, 'free': np.float64(-9597.941159717691)}]
------------------------------------------
  Seed: dd:px
  Seed uu: [0.+0.j 0.+0.j 0.+0.j 0.+0.j], Seed dd: [ 3.82646520e-15+1.02882294e-23j -3.82646520e-15-1.02759820e-23j
  1.02864317e-23-3.82646415e-15j -1.02741831e-23+3.82646415e-15j]
F_onsite: (-1.12838285420128e-30-2.8755194872893175e-31j)
F_swave: (-1.6118733083265157e-31-4.11285905182858e-32j), F_dwave: (2.3715684663929967e-31+6.020394497795117e-32j)
F_px: (2.878820494992973e-31-1.1266214648276572e-30j), F_py: (2.725536429539743e-31-1.1406201910370212e-30j)
Free_energy = -9597.941159717691
------------------------------------------
[{'stable': {}, 'free': np.float64(-9597.941159717691)}]
------------------------------------------
  Seed: dd:px+py
  Seed uu: [0.+0.j 0.+0.j 0.+0.j 0.+0.j], Seed dd: [ 2.70401622e-15-2.70742083e-15j -2.70401622e-15+2.70742083e-15j
  2.70742095e-15+2.70401634e-15j -2.70742095e-15-2.70401634e-15j]
F_onsite: (4.818100614367171e-31+3.8034643060731704e-33j)
F_swave: (6.88446014612023e-32+5.584337909925698e-34j), F_dwave: (1.2023751244476022e-31+1.6817317950327537e-33j)
F_px: (4.645787334268878e-33-5.3683074745008505e-31j), F_py: (-4.494080154840806e-33+5.766598209486248e-31j)
Free_energy = -9597.941159717691
------------------------------------------
[{'stable': {}, 'free': np.float64(-9597.941159717691)}]
------------------------------------------
  Seed: dd:px+ipy
  Seed uu: [0.+0.j 0.+0.j 0.+0.j 0.+0.j], Seed dd: [ 3.82646462e-15+1.02863330e-23j -3.82646462e-15-1.02740831e-23j
 -1.02877885e-23+3.82646473e-15j  1.02755358e-23-3.82646473e-15j]
F_onsite: (4.1714073111910656e-32+4.78057738421022e-33j)
F_swave: (6.1587885117055e-33+6.956051684389938e-34j), F_dwave: (-1.5100230039318032e-32+1.4155253327267088e-33j)
F_px: (-1.3873472098971421e-33-2.2699921781695483e-32j), F_py: (1.6194829690671324e-33+3.1669581270798625e-32j)
Free_energy = -9597.941159717691
------------------------------------------
[{'stable': {}, 'free': np.float64(-9597.941159717691)}]
------------------------------------------
  Seed: uu+dd:px
  Seed uu: [ 3.82544832e-15-3.91293836e-19j -3.82498117e-15+8.17796152e-19j
  1.90253598e-19-3.82750005e-15j -4.20243476e-19+3.82758850e-15j], Seed dd: [ 3.82639372e-15+8.71639193e-20j -3.82636986e-15-1.21440273e-19j
 -7.86967470e-21-3.82658148e-15j  1.99312965e-20+3.82648104e-15j]
F_onsite: (7.139355363268046e-20-4.4434029487777215e-20j)
F_swave: (1.0084212227933979e-20-5.0313298888151715e-21j), F_dwave: (8.852865978212095e-20-1.1055758566929927e-21j)
F_px: (4.8995697986510363e-20-8.486866878600494e-20j), F_py: (3.368177804973115e-20-4.990278276957683e-20j)
Free_energy = -9597.941159717691
------------------------------------------
[{'stable': {}, 'free': np.float64(-9597.941159717691)}]
------------------------------------------
  Seed: uu+dd:px+py
  Seed uu: [ 2.70246703e-15+2.70963853e-15j -2.70222399e-15-2.70982366e-15j
  2.70815555e-15-2.70255461e-15j -2.70858401e-15+2.70306086e-15j], Seed dd: [ 2.70258597e-15-2.70888539e-15j -2.70260750e-15+2.70888009e-15j
  2.70887324e-15+2.70248222e-15j -2.70892944e-15-2.70250890e-15j]
F_onsite: (-6.787339643643688e-20+1.1529955762130186e-19j)
F_swave: (-9.933957113664787e-21+1.4677758634167953e-20j), F_dwave: (5.977015268659781e-20+7.211113725384442e-21j)
F_px: (9.960918598552061e-20+6.465443412441077e-20j), F_py: (1.0392641890628094e-19-6.485327203791306e-20j)
Free_energy = -9597.941159717691
------------------------------------------
[{'stable': {}, 'free': np.float64(-9597.941159717691)}]
------------------------------------------
  Seed: uu+dd:px+ipy
  Seed uu: [ 3.82643881e-15+2.53962937e-19j -3.82671198e-15-4.65479288e-20j
 -4.00892518e-19+3.82655936e-15j  2.82180717e-19-3.82675061e-15j], Seed dd: [ 3.82683349e-15-4.75615016e-20j -3.82684545e-15+1.17114019e-20j
 -1.50121820e-20+3.82654006e-15j  6.64883737e-21-3.82654554e-15j]
F_onsite: (-9.423939879032401e-20-8.465036338902565e-21j)
F_swave: (-1.572339092627693e-20-1.6895413978224798e-21j), F_dwave: (-7.956848383551411e-21+3.220609854027724e-20j)
F_px: (8.275579074180158e-20+1.6683209776717437e-20j), F_py: (3.283382880703054e-20+5.500662732114898e-20j)
Free_energy = -9597.941159717691
------------------------------------------
[{'stable': {}, 'free': np.float64(-9597.941159717691)}]
------------------------------------------
====================================
mu=-0.57, T=0.1000
====================================
  Seed: normal state
  Seed uu: [0.+0.j 0.+0.j 0.+0.j 0.+0.j], Seed dd: [0.+0.j 0.+0.j 0.+0.j 0.+0.j]
F_onsite: 0j
F_swave: 0j, F_dwave: 0j
F_px: 0j, F_py: 0j
Free_energy = -9600.541615329303
------------------------------------------
[{'stable': {}, 'free': np.float64(-9600.541615329303)}]
------------------------------------------
  Seed: uu:px
  Seed uu: [ 2.49523803e-15+2.58360674e-19j -2.49515144e-15-2.88038085e-19j
 -2.76374677e-19-2.49525116e-15j  3.11159860e-19+2.49529398e-15j], Seed dd: [0.+0.j 0.+0.j 0.+0.j 0.+0.j]
F_onsite: (5.2070289814460324e-20-2.5789978130404662e-20j)
F_swave: (8.648164950926582e-21-1.868180552921794e-21j), F_dwave: (2.7875727691050397e-21-4.4536533658207396e-20j)
F_px: (2.0842072390191035e-19-5.7366605972418e-20j), F_py: (9.10374782122753e-20-1.2161999783207373e-19j)
Free_energy = -9600.541615329303
------------------------------------------
[{'stable': {}, 'free': np.float64(-9600.541615329303)}]
------------------------------------------
  Seed: uu:px+py
  Seed uu: [ 1.76499072e-15+1.76537689e-15j -1.76487196e-15-1.76509259e-15j
  1.76586985e-15-1.76396829e-15j -1.76597420e-15+1.76405109e-15j], Seed dd: [0.+0.j 0.+0.j 0.+0.j 0.+0.j]
F_onsite: (2.5564750954027183e-20+2.3597841420101962e-20j)
F_swave: (5.393085425161803e-21+4.2551032967761395e-21j), F_dwave: (7.361136593692186e-20+7.599641021152635e-20j)
F_px: (1.2678344775689898e-19-1.1611744964782755e-19j), F_py: (1.3447966480932865e-19+9.431048033319941e-20j)
Free_energy = -9600.541615329304
------------------------------------------
[{'stable': {}, 'free': np.float64(-9600.541615329303)}]
------------------------------------------
  Seed: uu:px+ipy
  Seed uu: [ 2.49676842e-15-1.93465778e-19j -2.49661377e-15-1.80486626e-19j
 -4.00312803e-19+2.49523220e-15j  3.71086931e-19-2.49493139e-15j], Seed dd: [0.+0.j 0.+0.j 0.+0.j 0.+0.j]
F_onsite: (4.6579731297284106e-20-1.0671311956302148e-20j)
F_swave: (8.300527169583402e-21-2.5763300595970292e-21j), F_dwave: (-6.099093156679052e-21+6.861373042004992e-20j)
F_px: (2.1926918431229602e-20-9.311330657235732e-21j), F_py: (3.547740372896738e-21+4.0552640448388237e-20j)
Free_energy = -9600.541615329303
------------------------------------------
[{'stable': {}, 'free': np.float64(-9600.541615329303)}]
------------------------------------------
  Seed: dd:px
  Seed uu: [0.+0.j 0.+0.j 0.+0.j 0.+0.j], Seed dd: [ 2.49598590e-15+6.75553458e-24j -2.49598590e-15-6.74743756e-24j
  6.75432612e-24-2.49598521e-15j -6.74622910e-24+2.49598521e-15j]
F_onsite: (-1.3124511419741342e-32-1.1523493474183966e-34j)
F_swave: (-2.1678551722298306e-33-3.856299528296826e-35j), F_dwave: (-8.523869363404589e-33+8.195002421925847e-34j)
F_px: (-3.322633903455596e-33-1.7277146329662035e-32j), F_py: (-1.9587855252275658e-34-3.6880325758766e-32j)
Free_energy = -9600.541615329303
------------------------------------------
[{'stable': {}, 'free': np.float64(-9600.541615329303)}]
------------------------------------------
  Seed: dd:px+py
  Seed uu: [0.+0.j 0.+0.j 0.+0.j 0.+0.j], Seed dd: [ 1.76381752e-15-1.76603833e-15j -1.76381752e-15+1.76603833e-15j
  1.76603841e-15+1.76381760e-15j -1.76603841e-15-1.76381760e-15j]
F_onsite: (-3.037788357945638e-31+1.3036253789386444e-33j)
F_swave: (-4.3519087745068754e-32+1.9399611443602243e-34j), F_dwave: (6.807859676145411e-32-1.589637795056773e-34j)
F_px: (-8.322193307445677e-34+3.0411954157584573e-31j), F_py: (4.7343156785472975e-34-2.8984118892788206e-31j)
Free_energy = -9600.541615329303
------------------------------------------
[{'stable': {}, 'free': np.float64(-9600.541615329303)}]
------------------------------------------
  Seed: dd:px+ipy
  Seed uu: [0.+0.j 0.+0.j 0.+0.j 0.+0.j], Seed dd: [ 2.49598552e-15+6.75423984e-24j -2.49598552e-15-6.74614118e-24j
 -6.75521482e-24+2.49598559e-15j  6.74711920e-24-2.49598559e-15j]
F_onsite: (1.4480806718690179e-30-3.6062852834895807e-31j)
F_swave: (2.0693499328516243e-31-5.152538823063049e-32j), F_dwave: (-2.415211095733802e-31+5.998273913638401e-32j)
F_px: (-3.087959285736002e-33-2.9286265960835433e-31j), F_py: (-3.3683506253734007e-31-1.3303142612725106e-30j)
Free_energy = -9600.541615329303
------------------------------------------
[{'stable': {}, 'free': np.float64(-9600.541615329303)}]
------------------------------------------
  Seed: uu+dd:px
  Seed uu: [ 2.49552440e-15-3.39477369e-19j -2.49565185e-15+6.05144251e-19j
 -4.15341244e-19-2.49639409e-15j  6.69440390e-19+2.49606374e-15j], Seed dd: [ 2.49600786e-15+1.49809381e-19j -2.49597276e-15-9.99130128e-20j
 -1.35042742e-19-2.49608486e-15j  1.51130645e-19+2.49608695e-15j]
F_onsite: (-2.3789992609452437e-20+1.1240042309702736e-19j)
F_swave: (-3.0799835231682403e-21+1.547980236930524e-20j), F_dwave: (2.0150043072754178e-20+4.107259250637991e-21j)
F_px: (1.7184562841286844e-19-2.1009609936229674e-20j), F_py: (3.745228989099929e-20-1.362149357340836e-19j)
Free_energy = -9600.541615329304
------------------------------------------
[{'stable': {}, 'free': np.float64(-9600.541615329303)}]
------------------------------------------
  Seed: uu+dd:px+py
  Seed uu: [ 1.76294023e-15+1.76745125e-15j -1.76324148e-15-1.76732376e-15j
  1.76698410e-15-1.76300680e-15j -1.76702099e-15+1.76280728e-15j], Seed dd: [ 1.76288473e-15-1.76696661e-15j -1.76290051e-15+1.76687597e-15j
  1.76698670e-15+1.76282691e-15j -1.76704451e-15-1.76288547e-15j]
F_onsite: (-1.0519169672402644e-20-2.0933971108804176e-20j)
F_swave: (-2.2463461858790773e-21-4.922604035929678e-21j), F_dwave: (-2.7023208226413473e-20+9.542027747562857e-21j)
F_px: (-1.5302234955453243e-19+2.2202510604314254e-19j), F_py: (-1.9275946312000343e-19-1.813895363623847e-19j)
Free_energy = -9600.541615329304
------------------------------------------
[{'stable': {}, 'free': np.float64(-9600.541615329303)}]
------------------------------------------
  Seed: uu+dd:px+ipy
  Seed uu: [ 2.49581014e-15+9.28517553e-19j -2.49604151e-15-8.74234667e-19j
  9.10793099e-19+2.49617326e-15j -6.43325557e-19-2.49592661e-15j], Seed dd: [ 2.49623708e-15-1.73869773e-20j -2.49624337e-15-1.08634820e-21j
 -3.04675032e-21+2.49598735e-15j  2.59405297e-20-2.49600106e-15j]
F_onsite: (-3.298436755936153e-21+6.922964401418908e-20j)
F_swave: (-2.67186240465953e-21+8.687123380347492e-21j), F_dwave: (-3.9447867790965716e-20-6.431340098003441e-20j)
F_px: (-1.0281511783339217e-20-1.0469402125108032e-20j), F_py: (1.888427794698496e-20+5.961851173808223e-20j)
Free_energy = -9600.541615329304
------------------------------------------
[{'stable': {}, 'free': np.float64(-9600.541615329303)}]
------------------------------------------
