/home/emilssp/D1/venv/bin/python
Python 3.10.12
Running job 15 out of 25
====================================
mu=2.81, T=0.0010
====================================
  Seed: normal state
  Seed uu: [0.+0.j 0.+0.j 0.+0.j 0.+0.j], Seed dd: [0.+0.j 0.+0.j 0.+0.j 0.+0.j]
F_onsite: 0j
F_swave: 0j, F_dwave: 0j
F_px: 0j, F_py: 0j
Free_energy = -16487.856396297775
------------------------------------------
[{'stable': {}, 'free': np.float64(-16487.856396297775)}]
------------------------------------------
  Seed: uu:px
  Seed uu: [ 0.1+0.j -0.1+0.j  0. +0.j  0. +0.j], Seed dd: [0.+0.j 0.+0.j 0.+0.j 0.+0.j]
F_onsite: (5.1098592832793774e-36+3.797380778314079e-25j)
F_swave: (-3.479463278433971e-36-2.6812042572652537e-25j), F_dwave: (1.974830509381443e-36+6.464658845945367e-26j)
F_px: (5.432780196432904e-21-4.104720042361247e-33j), F_py: (2.0157813429072093e-21-1.5216204532140851e-33j)
Free_energy = -16487.904779861266
------------------------------------------
[{'stable': {}, 'free': np.float64(-16487.856396297775)}, {'stable': {'Fuu_px': np.complex128(0.0023282409800659304-4.909585802288523e-16j)}, 'free': np.float64(-16487.904779861266)}]
------------------------------------------
  Seed: uu:px+py
  Seed uu: [ 0.1+0.j -0.1+0.j  0.1+0.j -0.1+0.j], Seed dd: [0.+0.j 0.+0.j 0.+0.j 0.+0.j]
F_onsite: (-1.8089960194650926e-34-3.063340225411208e-21j)
F_swave: (1.272355085330044e-34+2.1560901616915243e-21j), F_dwave: (4.354031075445753e-35+7.368434514108792e-22j)
F_px: (1.0072814528262842e-21-5.962107347370642e-35j), F_py: (2.7147353763001095e-21-1.6024338990409423e-34j)
Free_energy = -16487.90565388623
------------------------------------------
[{'stable': {}, 'free': np.float64(-16487.856396297775)}, {'stable': {'Fuu_px': np.complex128(0.0023282409800659304-4.909585802288523e-16j)}, 'free': np.float64(-16487.904779861266)}, {'stable': {'Fuu_px': np.complex128(0.0016592611037010057-1.0486031644225293e-16j), 'Fuu_py': np.complex128(0.001659261103701007-9.360425442486814e-17j)}, 'free': np.float64(-16487.90565388623)}]
------------------------------------------
  Seed: uu:px+ipy
  Seed uu: [ 0.1+0.j  -0.1+0.j   0. +0.1j -0. -0.1j], Seed dd: [0.+0.j 0.+0.j 0.+0.j 0.+0.j]
F_onsite: (-2.55384722992859e-21+2.0380625266181795e-21j)
F_swave: (1.797489363565498e-21-1.4344617972890436e-21j), F_dwave: (7.459955471628195e-23+2.905756821901417e-22j)
F_px: (-9.52772716345743e-22+4.819990970049325e-21j), F_py: (3.997133586635652e-21+3.9070621973474076e-21j)
Free_energy = -16487.92084996997
------------------------------------------
[{'stable': {}, 'free': np.float64(-16487.856396297775)}, {'stable': {'Fuu_px': np.complex128(0.0023282409800659304-4.909585802288523e-16j)}, 'free': np.float64(-16487.904779861266)}, {'stable': {'Fuu_px': np.complex128(0.0016592611037010057-1.0486031644225293e-16j), 'Fuu_py': np.complex128(0.001659261103701007-9.360425442486814e-17j)}, 'free': np.float64(-16487.90565388623)}, {'stable': {'Fuu_px': np.complex128(0.0018959892222830937-1.483953151543965e-16j), 'Fuu_py': np.complex128(1.544124684668461e-16+0.0018959892222829905j)}, 'free': np.float64(-16487.92084996997)}]
------------------------------------------
  Seed: dd:px
  Seed uu: [0.+0.j 0.+0.j 0.+0.j 0.+0.j], Seed dd: [ 0.1+0.j -0.1+0.j  0. +0.j  0. +0.j]
F_onsite: (2.80151441214779e-26-1.445615997675554e-36j)
F_swave: (-1.967419497845516e-26+1.0174727255973065e-36j), F_dwave: (2.6422934948835068e-27-3.4778532873919512e-37j)
F_px: (2.3618941668133365e-39-1.0855535400904627e-26j), F_py: (4.907459325942655e-40-1.6570367895452555e-26j)
Free_energy = -16487.904779861266
------------------------------------------
[{'stable': {}, 'free': np.float64(-16487.856396297775)}, {'stable': {'Fuu_px': np.complex128(0.0023282409800659304-4.909585802288523e-16j)}, 'free': np.float64(-16487.904779861266)}, {'stable': {'Fuu_px': np.complex128(0.0016592611037010057-1.0486031644225293e-16j), 'Fuu_py': np.complex128(0.001659261103701007-9.360425442486814e-17j)}, 'free': np.float64(-16487.90565388623)}, {'stable': {'Fuu_px': np.complex128(0.0018959892222830937-1.483953151543965e-16j), 'Fuu_py': np.complex128(1.544124684668461e-16+0.0018959892222829905j)}, 'free': np.float64(-16487.92084996997)}, {'stable': {'Fdd_px': np.complex128(0.00232824098006593-4.88480446375317e-16j)}, 'free': np.float64(-16487.904779861266)}]
------------------------------------------
  Seed: dd:px+py
  Seed uu: [0.+0.j 0.+0.j 0.+0.j 0.+0.j], Seed dd: [ 0.1+0.j -0.1+0.j  0.1+0.j -0.1+0.j]
F_onsite: (6.35633818926446e-26+5.783353494064545e-38j)
F_swave: (-4.47718683721151e-26-4.070536620721587e-38j), F_dwave: (4.645799908373754e-37-2.5731875544580897e-39j)
F_px: (-9.5365423041564e-39-2.2691805457374543e-27j), F_py: (2.2416470640314667e-38-2.2691805530925175e-27j)
Free_energy = -16487.90565388623
------------------------------------------
[{'stable': {}, 'free': np.float64(-16487.856396297775)}, {'stable': {'Fuu_px': np.complex128(0.0023282409800659304-4.909585802288523e-16j)}, 'free': np.float64(-16487.904779861266)}, {'stable': {'Fuu_px': np.complex128(0.0016592611037010057-1.0486031644225293e-16j), 'Fuu_py': np.complex128(0.001659261103701007-9.360425442486814e-17j)}, 'free': np.float64(-16487.90565388623)}, {'stable': {'Fuu_px': np.complex128(0.0018959892222830937-1.483953151543965e-16j), 'Fuu_py': np.complex128(1.544124684668461e-16+0.0018959892222829905j)}, 'free': np.float64(-16487.92084996997)}, {'stable': {'Fdd_px': np.complex128(0.00232824098006593-4.88480446375317e-16j)}, 'free': np.float64(-16487.904779861266)}, {'stable': {'Fdd_px': np.complex128(0.0016592611037010057-1.002067306649276e-16j), 'Fdd_py': np.complex128(0.001659261103701006-1.0427299173756068e-16j)}, 'free': np.float64(-16487.90565388623)}]
------------------------------------------
  Seed: dd:px+ipy
  Seed uu: [0.+0.j 0.+0.j 0.+0.j 0.+0.j], Seed dd: [ 0.1+0.j  -0.1+0.j   0. +0.1j -0. -0.1j]
F_onsite: (8.91111170385088e-23-1.6982798367464068e-25j)
F_swave: (-6.27195948454776e-23+1.195166892169619e-25j), F_dwave: (-8.201193217277106e-27+2.0658705866548204e-26j)
F_px: (8.740290494132541e-28-2.4810406688340242e-23j), F_py: (9.621248627511959e-26+2.4801934302440858e-23j)
Free_energy = -16487.92084996997
------------------------------------------
[{'stable': {}, 'free': np.float64(-16487.856396297775)}, {'stable': {'Fuu_px': np.complex128(0.0023282409800659304-4.909585802288523e-16j)}, 'free': np.float64(-16487.904779861266)}, {'stable': {'Fuu_px': np.complex128(0.0016592611037010057-1.0486031644225293e-16j), 'Fuu_py': np.complex128(0.001659261103701007-9.360425442486814e-17j)}, 'free': np.float64(-16487.90565388623)}, {'stable': {'Fuu_px': np.complex128(0.0018959892222830937-1.483953151543965e-16j), 'Fuu_py': np.complex128(1.544124684668461e-16+0.0018959892222829905j)}, 'free': np.float64(-16487.92084996997)}, {'stable': {'Fdd_px': np.complex128(0.00232824098006593-4.88480446375317e-16j)}, 'free': np.float64(-16487.904779861266)}, {'stable': {'Fdd_px': np.complex128(0.0016592611037010057-1.002067306649276e-16j), 'Fdd_py': np.complex128(0.001659261103701006-1.0427299173756068e-16j)}, 'free': np.float64(-16487.90565388623)}, {'stable': {'Fdd_px': np.complex128(0.0018959892222830937-1.4895595170380535e-16j), 'Fdd_py': np.complex128(1.542699783345277e-16+0.0018959892222829907j)}, 'free': np.float64(-16487.92084996997)}]
------------------------------------------
  Seed: uu+dd:px
  Seed uu: [ 0.1+0.j -0.1+0.j  0. +0.j  0. +0.j], Seed dd: [ 0.1+0.j -0.1+0.j  0. +0.j  0. +0.j]
F_onsite: (8.327068565500111e-22+5.3527804835834575e-21j)
F_swave: (-5.866354001665904e-22-3.872301154975105e-21j), F_dwave: (1.8049083178039662e-22+1.326673478856838e-21j)
F_px: (-1.4888585234435898e-20+1.0009393285680455e-21j), F_py: (5.34578463728542e-21-4.024216182646348e-22j)
Free_energy = -16487.953163424943
------------------------------------------
[{'stable': {}, 'free': np.float64(-16487.856396297775)}, {'stable': {'Fuu_px': np.complex128(0.0023282409800659304-4.909585802288523e-16j)}, 'free': np.float64(-16487.904779861266)}, {'stable': {'Fuu_px': np.complex128(0.0016592611037010057-1.0486031644225293e-16j), 'Fuu_py': np.complex128(0.001659261103701007-9.360425442486814e-17j)}, 'free': np.float64(-16487.90565388623)}, {'stable': {'Fuu_px': np.complex128(0.0018959892222830937-1.483953151543965e-16j), 'Fuu_py': np.complex128(1.544124684668461e-16+0.0018959892222829905j)}, 'free': np.float64(-16487.92084996997)}, {'stable': {'Fdd_px': np.complex128(0.00232824098006593-4.88480446375317e-16j)}, 'free': np.float64(-16487.904779861266)}, {'stable': {'Fdd_px': np.complex128(0.0016592611037010057-1.002067306649276e-16j), 'Fdd_py': np.complex128(0.001659261103701006-1.0427299173756068e-16j)}, 'free': np.float64(-16487.90565388623)}, {'stable': {'Fdd_px': np.complex128(0.0018959892222830937-1.4895595170380535e-16j), 'Fdd_py': np.complex128(1.542699783345277e-16+0.0018959892222829907j)}, 'free': np.float64(-16487.92084996997)}, {'stable': {'Fuu_px': np.complex128(0.002328240980065931-4.919622083922303e-16j), 'Fdd_px': np.complex128(0.002328240980065931-4.89505101469866e-16j)}, 'free': np.float64(-16487.953163424943)}]
------------------------------------------
  Seed: uu+dd:px+py
  Seed uu: [ 0.1+0.j -0.1+0.j  0.1+0.j -0.1+0.j], Seed dd: [ 0.1+0.j -0.1+0.j  0.1+0.j -0.1+0.j]
F_onsite: (2.303549305510487e-21+4.451115292163347e-21j)
F_swave: (-1.6132523865976639e-21-3.144995547763802e-21j), F_dwave: (1.1294816779102545e-21-1.4877079277269002e-21j)
F_px: (-1.5940482762053128e-21+4.507106792143577e-21j), F_py: (-3.281285961136471e-21+1.324728348923524e-21j)
Free_energy = -16487.954911474688
------------------------------------------
[{'stable': {}, 'free': np.float64(-16487.856396297775)}, {'stable': {'Fuu_px': np.complex128(0.0023282409800659304-4.909585802288523e-16j)}, 'free': np.float64(-16487.904779861266)}, {'stable': {'Fuu_px': np.complex128(0.0016592611037010057-1.0486031644225293e-16j), 'Fuu_py': np.complex128(0.001659261103701007-9.360425442486814e-17j)}, 'free': np.float64(-16487.90565388623)}, {'stable': {'Fuu_px': np.complex128(0.0018959892222830937-1.483953151543965e-16j), 'Fuu_py': np.complex128(1.544124684668461e-16+0.0018959892222829905j)}, 'free': np.float64(-16487.92084996997)}, {'stable': {'Fdd_px': np.complex128(0.00232824098006593-4.88480446375317e-16j)}, 'free': np.float64(-16487.904779861266)}, {'stable': {'Fdd_px': np.complex128(0.0016592611037010057-1.002067306649276e-16j), 'Fdd_py': np.complex128(0.001659261103701006-1.0427299173756068e-16j)}, 'free': np.float64(-16487.90565388623)}, {'stable': {'Fdd_px': np.complex128(0.0018959892222830937-1.4895595170380535e-16j), 'Fdd_py': np.complex128(1.542699783345277e-16+0.0018959892222829907j)}, 'free': np.float64(-16487.92084996997)}, {'stable': {'Fuu_px': np.complex128(0.002328240980065931-4.919622083922303e-16j), 'Fdd_px': np.complex128(0.002328240980065931-4.89505101469866e-16j)}, 'free': np.float64(-16487.953163424943)}, {'stable': {'Fuu_px': np.complex128(0.0016592611037010044-1.0003998428832672e-16j), 'Fuu_py': np.complex128(0.0016592611037010065-1.0219316851002675e-16j), 'Fdd_px': np.complex128(0.0016592611037010044-1.0211232980312317e-16j), 'Fdd_py': np.complex128(0.0016592611037010074-9.685615287572031e-17j)}, 'free': np.float64(-16487.954911474688)}]
------------------------------------------
  Seed: uu+dd:px+ipy
  Seed uu: [ 0.1+0.j  -0.1+0.j   0. +0.1j -0. -0.1j], Seed dd: [ 0.1+0.j  -0.1+0.j   0. +0.1j -0. -0.1j]
F_onsite: (3.660460659990678e-21-6.524860861049763e-21j)
F_swave: (-2.6151084770723497e-21+4.743008914189654e-21j), F_dwave: (-9.671577194117916e-22-2.3224917654204622e-21j)
F_px: (-1.5321326062733076e-21+2.6734479759689558e-22j), F_py: (-2.7188029581331327e-21-1.183472635245669e-21j)
Free_energy = -16487.985303642377
------------------------------------------
[{'stable': {'Fuu_px': np.complex128(0.0018959892222830937-1.4809618017511773e-16j), 'Fuu_py': np.complex128(1.5428265074151202e-16+0.001895989222282992j), 'Fdd_px': np.complex128(0.001895989222283092-1.443588491274276e-16j), 'Fdd_py': np.complex128(1.5322093464679816e-16+0.0018959892222829905j)}, 'free': np.float64(-16487.985303642377)}]
------------------------------------------
====================================
mu=2.81, T=0.0093
====================================
  Seed: normal state
  Seed uu: [0.+0.j 0.+0.j 0.+0.j 0.+0.j], Seed dd: [0.+0.j 0.+0.j 0.+0.j 0.+0.j]
F_onsite: 0j
F_swave: 0j, F_dwave: 0j
F_px: 0j, F_py: 0j
Free_energy = -16488.007475917744
------------------------------------------
[{'stable': {}, 'free': np.float64(-16488.007475917744)}]
------------------------------------------
  Seed: uu:px
  Seed uu: [ 2.32824098e-03-5.05995089e-16j -2.32824098e-03+4.75922071e-16j
  1.01940332e-18-3.80457883e-15j -1.00688932e-18+3.78089493e-15j], Seed dd: [0.+0.j 0.+0.j 0.+0.j 0.+0.j]
F_onsite: (7.305880820573678e-26+1.748332392958593e-20j)
F_swave: (-5.345333109693016e-26-1.2290775188108025e-20j), F_dwave: (-1.9605479331340255e-26-1.1457836764229132e-21j)
F_px: (3.726198811662905e-20-3.4551634592137727e-32j), F_py: (1.618049346385528e-20-6.468635876437936e-26j)
Free_energy = -16488.04586926076
------------------------------------------
[{'stable': {}, 'free': np.float64(-16488.007475917744)}, {'stable': {'Fuu_px': np.complex128(0.002327446323211758-5.054479820728661e-16j)}, 'free': np.float64(-16488.04586926076)}]
------------------------------------------
  Seed: uu:px+py
  Seed uu: [ 0.00165926-1.07769815e-16j -0.00165926+1.01950818e-16j
  0.00165926-9.65031254e-17j -0.00165926+9.07053834e-17j], Seed dd: [0.+0.j 0.+0.j 0.+0.j 0.+0.j]
F_onsite: (8.300238400824795e-27+1.9539368910686988e-21j)
F_swave: (-5.553943581093943e-27-1.3388018104172826e-21j), F_dwave: (5.040519776325969e-35+1.18653005649444e-21j)
F_px: (9.525494590682779e-21-1.5746206092556419e-27j), F_py: (2.4447403851995655e-20+1.5746189533602598e-27j)
Free_energy = -16488.04644796558
------------------------------------------
[{'stable': {}, 'free': np.float64(-16488.007475917744)}, {'stable': {'Fuu_px': np.complex128(0.002327446323211758-5.054479820728661e-16j)}, 'free': np.float64(-16488.04586926076)}, {'stable': {'Fuu_px': np.complex128(0.001658451637087118-1.102476842148067e-16j), 'Fuu_py': np.complex128(0.001658451637087123-9.766120475252632e-17j)}, 'free': np.float64(-16488.04644796558)}]
------------------------------------------
  Seed: uu:px+ipy
  Seed uu: [ 1.89598922e-03-1.53671563e-16j -1.89598922e-03+1.43119068e-16j
  1.59639214e-16+1.89598922e-03j -1.49185723e-16-1.89598922e-03j], Seed dd: [0.+0.j 0.+0.j 0.+0.j 0.+0.j]
F_onsite: (1.6635496868026767e-20+2.257031199636615e-20j)
F_swave: (-1.170843472362692e-20-1.593601005288344e-20j), F_dwave: (-1.9571859979055253e-21-1.5086405191795574e-21j)
F_px: (1.8513983866668595e-20+2.11334717500231e-20j), F_py: (2.1622862755609477e-20+1.0312219040416852e-20j)
Free_energy = -16488.05839850541
------------------------------------------
[{'stable': {}, 'free': np.float64(-16488.007475917744)}, {'stable': {'Fuu_px': np.complex128(0.002327446323211758-5.054479820728661e-16j)}, 'free': np.float64(-16488.04586926076)}, {'stable': {'Fuu_px': np.complex128(0.001658451637087118-1.102476842148067e-16j), 'Fuu_py': np.complex128(0.001658451637087123-9.766120475252632e-17j)}, 'free': np.float64(-16488.04644796558)}, {'stable': {'Fuu_px': np.complex128(0.0018952561581679253-1.5299985573884234e-16j), 'Fuu_py': np.complex128(1.5929306238275802e-16+0.001895256158167817j)}, 'free': np.float64(-16488.05839850541)}]
------------------------------------------
  Seed: dd:px
  Seed uu: [0.+0.j 0.+0.j 0.+0.j 0.+0.j], Seed dd: [ 2.32824098e-03-5.03867495e-16j -2.32824098e-03+4.73093398e-16j
  8.97979415e-19-3.87035524e-15j -8.41364279e-19+3.84728040e-15j]
F_onsite: (9.884440471998266e-22+1.0670049676218948e-34j)
F_swave: (-6.975061083699381e-22-7.525514833964285e-35j), F_dwave: (1.6035385530494833e-22+1.6527450572561362e-35j)
F_px: (-8.872631360006626e-35+8.236199971108638e-22j), F_py: (5.604757064720667e-35-4.798084980672949e-22j)
Free_energy = -16488.04586926076
------------------------------------------
[{'stable': {}, 'free': np.float64(-16488.007475917744)}, {'stable': {'Fuu_px': np.complex128(0.002327446323211758-5.054479820728661e-16j)}, 'free': np.float64(-16488.04586926076)}, {'stable': {'Fuu_px': np.complex128(0.001658451637087118-1.102476842148067e-16j), 'Fuu_py': np.complex128(0.001658451637087123-9.766120475252632e-17j)}, 'free': np.float64(-16488.04644796558)}, {'stable': {'Fuu_px': np.complex128(0.0018952561581679253-1.5299985573884234e-16j), 'Fuu_py': np.complex128(1.5929306238275802e-16+0.001895256158167817j)}, 'free': np.float64(-16488.05839850541)}, {'stable': {'Fdd_px': np.complex128(0.00232744632321176-5.066128277376306e-16j)}, 'free': np.float64(-16488.04586926076)}]
------------------------------------------
  Seed: dd:px+py
  Seed uu: [0.+0.j 0.+0.j 0.+0.j 0.+0.j], Seed dd: [ 0.00165926-1.02975953e-16j -0.00165926+9.74375086e-17j
  0.00165926-1.07076201e-16j -0.00165926+1.01469783e-16j]
F_onsite: (1.0072881930872053e-20+2.6317621458239983e-35j)
F_swave: (-7.074906588247824e-21-1.8126122889679673e-35j), F_dwave: (-1.7904971189120662e-21-1.7938043793548107e-35j)
F_px: (2.0312542382209128e-35-5.558265347617601e-22j), F_py: (8.275480229788904e-36-5.690936512120664e-22j)
Free_energy = -16488.04644796558
------------------------------------------
[{'stable': {}, 'free': np.float64(-16488.007475917744)}, {'stable': {'Fuu_px': np.complex128(0.002327446323211758-5.054479820728661e-16j)}, 'free': np.float64(-16488.04586926076)}, {'stable': {'Fuu_px': np.complex128(0.001658451637087118-1.102476842148067e-16j), 'Fuu_py': np.complex128(0.001658451637087123-9.766120475252632e-17j)}, 'free': np.float64(-16488.04644796558)}, {'stable': {'Fuu_px': np.complex128(0.0018952561581679253-1.5299985573884234e-16j), 'Fuu_py': np.complex128(1.5929306238275802e-16+0.001895256158167817j)}, 'free': np.float64(-16488.05839850541)}, {'stable': {'Fdd_px': np.complex128(0.00232744632321176-5.066128277376306e-16j)}, 'free': np.float64(-16488.04586926076)}, {'stable': {'Fdd_px': np.complex128(0.001658451637087119-1.0557697910752397e-16j), 'Fdd_py': np.complex128(0.0016584516370871207-1.0754840197014405e-16j)}, 'free': np.float64(-16488.04644796558)}]
------------------------------------------
  Seed: dd:px+ipy
  Seed uu: [0.+0.j 0.+0.j 0.+0.j 0.+0.j], Seed dd: [ 1.89598922e-03-1.54217224e-16j -1.89598922e-03+1.43694679e-16j
  1.59489045e-16+1.89598922e-03j -1.49050912e-16-1.89598922e-03j]
F_onsite: (-1.3335676511331803e-20+3.6030410696679454e-22j)
F_swave: (9.38693753496038e-21-2.548516711681094e-22j), F_dwave: (2.6326656787828027e-21-9.482645736148576e-23j)
F_px: (-1.1097122052614979e-22-7.774862892503009e-21j), F_py: (-5.201245600834028e-22-1.3531503343324779e-20j)
Free_energy = -16488.058398505407
------------------------------------------
[{'stable': {}, 'free': np.float64(-16488.007475917744)}, {'stable': {'Fuu_px': np.complex128(0.002327446323211758-5.054479820728661e-16j)}, 'free': np.float64(-16488.04586926076)}, {'stable': {'Fuu_px': np.complex128(0.001658451637087118-1.102476842148067e-16j), 'Fuu_py': np.complex128(0.001658451637087123-9.766120475252632e-17j)}, 'free': np.float64(-16488.04644796558)}, {'stable': {'Fuu_px': np.complex128(0.0018952561581679253-1.5299985573884234e-16j), 'Fuu_py': np.complex128(1.5929306238275802e-16+0.001895256158167817j)}, 'free': np.float64(-16488.05839850541)}, {'stable': {'Fdd_px': np.complex128(0.00232744632321176-5.066128277376306e-16j)}, 'free': np.float64(-16488.04586926076)}, {'stable': {'Fdd_px': np.complex128(0.001658451637087119-1.0557697910752397e-16j), 'Fdd_py': np.complex128(0.0016584516370871207-1.0754840197014405e-16j)}, 'free': np.float64(-16488.04644796558)}, {'stable': {'Fdd_px': np.complex128(0.001895256158167925-1.5351124526330222e-16j), 'Fdd_py': np.complex128(1.5918085036958153e-16+0.0018952561581678175j)}, 'free': np.float64(-16488.058398505407)}]
------------------------------------------
  Seed: uu+dd:px
  Seed uu: [ 2.32824098e-03-5.06972301e-16j -2.32824098e-03+4.76952116e-16j
  1.20439276e-18-3.82706166e-15j -1.21055360e-18+3.80422469e-15j], Seed dd: [ 2.32824098e-03-5.04861011e-16j -2.32824098e-03+4.74149192e-16j
  1.09373750e-18-3.79710706e-15j -1.07275234e-18+3.77353690e-15j]
F_onsite: (-1.0064708118276034e-21+4.2025256588484753e-22j)
F_swave: (7.2322071583161065e-22-2.9340100911512213e-22j), F_dwave: (-1.442077667604932e-22+6.560145309084312e-22j)
F_px: (7.856712575443662e-21-1.0281970381111965e-21j), F_py: (6.058046091317993e-21-4.903768628515424e-22j)
Free_energy = -16488.08426260386
------------------------------------------
[{'stable': {}, 'free': np.float64(-16488.007475917744)}, {'stable': {'Fuu_px': np.complex128(0.002327446323211758-5.054479820728661e-16j)}, 'free': np.float64(-16488.04586926076)}, {'stable': {'Fuu_px': np.complex128(0.001658451637087118-1.102476842148067e-16j), 'Fuu_py': np.complex128(0.001658451637087123-9.766120475252632e-17j)}, 'free': np.float64(-16488.04644796558)}, {'stable': {'Fuu_px': np.complex128(0.0018952561581679253-1.5299985573884234e-16j), 'Fuu_py': np.complex128(1.5929306238275802e-16+0.001895256158167817j)}, 'free': np.float64(-16488.05839850541)}, {'stable': {'Fdd_px': np.complex128(0.00232744632321176-5.066128277376306e-16j)}, 'free': np.float64(-16488.04586926076)}, {'stable': {'Fdd_px': np.complex128(0.001658451637087119-1.0557697910752397e-16j), 'Fdd_py': np.complex128(0.0016584516370871207-1.0754840197014405e-16j)}, 'free': np.float64(-16488.04644796558)}, {'stable': {'Fdd_px': np.complex128(0.001895256158167925-1.5351124526330222e-16j), 'Fdd_py': np.complex128(1.5918085036958153e-16+0.0018952561581678175j)}, 'free': np.float64(-16488.058398505407)}, {'stable': {'Fuu_px': np.complex128(0.0023274463232117568-5.081867042891352e-16j), 'Fdd_px': np.complex128(0.0023274463232117585-5.041528620790693e-16j)}, 'free': np.float64(-16488.08426260386)}]
------------------------------------------
  Seed: uu+dd:px+py
  Seed uu: [ 0.00165926-1.02686850e-16j -0.00165926+9.73931188e-17j
  0.00165926-1.05060554e-16j -0.00165926+9.93257833e-17j], Seed dd: [ 0.00165926-1.05254061e-16j -0.00165926+9.89705986e-17j
  0.00165926-9.98044760e-17j -0.00165926+9.39078297e-17j]
F_onsite: (-9.62083840501074e-22+2.0095007276484557e-20j)
F_swave: (6.8879070831365295e-22-1.4091726690153215e-20j), F_dwave: (-1.0358150580938388e-21+9.156091095964989e-21j)
F_px: (8.748764788371345e-21-2.3644875252032107e-21j), F_py: (1.3396820398145565e-20-7.288417037060227e-22j)
Free_energy = -16488.08542001338
------------------------------------------
[{'stable': {}, 'free': np.float64(-16488.007475917744)}, {'stable': {'Fuu_px': np.complex128(0.002327446323211758-5.054479820728661e-16j)}, 'free': np.float64(-16488.04586926076)}, {'stable': {'Fuu_px': np.complex128(0.001658451637087118-1.102476842148067e-16j), 'Fuu_py': np.complex128(0.001658451637087123-9.766120475252632e-17j)}, 'free': np.float64(-16488.04644796558)}, {'stable': {'Fuu_px': np.complex128(0.0018952561581679253-1.5299985573884234e-16j), 'Fuu_py': np.complex128(1.5929306238275802e-16+0.001895256158167817j)}, 'free': np.float64(-16488.05839850541)}, {'stable': {'Fdd_px': np.complex128(0.00232744632321176-5.066128277376306e-16j)}, 'free': np.float64(-16488.04586926076)}, {'stable': {'Fdd_px': np.complex128(0.001658451637087119-1.0557697910752397e-16j), 'Fdd_py': np.complex128(0.0016584516370871207-1.0754840197014405e-16j)}, 'free': np.float64(-16488.04644796558)}, {'stable': {'Fdd_px': np.complex128(0.001895256158167925-1.5351124526330222e-16j), 'Fdd_py': np.complex128(1.5918085036958153e-16+0.0018952561581678175j)}, 'free': np.float64(-16488.058398505407)}, {'stable': {'Fuu_px': np.complex128(0.0023274463232117568-5.081867042891352e-16j), 'Fdd_px': np.complex128(0.0023274463232117585-5.041528620790693e-16j)}, 'free': np.float64(-16488.08426260386)}, {'stable': {'Fuu_px': np.complex128(0.001658451637087117-1.0531007770235516e-16j), 'Fuu_py': np.complex128(0.0016584516370871218-1.0574169392854043e-16j), 'Fdd_px': np.complex128(0.001658451637087117-1.0788835996701355e-16j), 'Fdd_py': np.complex128(0.0016584516370871222-1.0106085751311516e-16j)}, 'free': np.float64(-16488.08542001338)}]
------------------------------------------
  Seed: uu+dd:px+ipy
  Seed uu: [ 1.89598922e-03-1.53334159e-16j -1.89598922e-03+1.42858201e-16j
  1.59500486e-16+1.89598922e-03j -1.49064815e-16-1.89598922e-03j], Seed dd: [ 1.89598922e-03-1.49892519e-16j -1.89598922e-03+1.38825180e-16j
  1.58427560e-16+1.89598922e-03j -1.48014309e-16-1.89598922e-03j]
F_onsite: (-2.0961170050207705e-20-3.742286929113599e-21j)
F_swave: (1.490509874322119e-20+2.6926817205658247e-21j), F_dwave: (1.9706886573717274e-21-7.912274257193974e-22j)
F_px: (-7.61115958815091e-21+3.3667806037288595e-21j), F_py: (7.369442649497146e-21-7.129598765962118e-21j)
Free_energy = -16488.109321092918
------------------------------------------
[{'stable': {'Fuu_px': np.complex128(0.001895256158167925-1.5264625587931062e-16j), 'Fuu_py': np.complex128(1.5919712928403657e-16+0.0018952561581678188j), 'Fdd_px': np.complex128(0.0018952561581679242-1.4877826669078406e-16j), 'Fdd_py': np.complex128(1.5797272992389068e-16+0.001895256158167818j)}, 'free': np.float64(-16488.109321092918)}]
------------------------------------------
====================================
mu=2.81, T=0.0176
====================================
  Seed: normal state
  Seed uu: [0.+0.j 0.+0.j 0.+0.j 0.+0.j], Seed dd: [0.+0.j 0.+0.j 0.+0.j 0.+0.j]
F_onsite: 0j
F_swave: 0j, F_dwave: 0j
F_px: 0j, F_py: 0j
Free_energy = -16488.363316499126
------------------------------------------
[{'stable': {}, 'free': np.float64(-16488.363316499126)}]
------------------------------------------
  Seed: uu:px
  Seed uu: [ 2.32744632e-03-5.20698026e-16j -2.32744632e-03+4.90197938e-16j
  9.40932009e-19-4.23264382e-15j -9.68221524e-19+4.20912911e-15j], Seed dd: [0.+0.j 0.+0.j 0.+0.j 0.+0.j]
F_onsite: (6.183602711153339e-23-1.4766412576986488e-20j)
F_swave: (-4.519545474128772e-23+1.039675115989774e-20j), F_dwave: (-1.6640572373838546e-23+1.015331210816153e-21j)
F_px: (9.406448849267552e-21+1.5520287012776826e-33j), F_py: (-5.464885855097732e-21+5.483171506864458e-23j)
Free_energy = -16488.398195201444
------------------------------------------
[{'stable': {}, 'free': np.float64(-16488.363316499126)}, {'stable': {'Fuu_px': np.complex128(0.002326767967495703-5.203317472369981e-16j)}, 'free': np.float64(-16488.398195201444)}]
------------------------------------------
  Seed: uu:px+py
  Seed uu: [ 0.00165845-1.13121343e-16j -0.00165845+1.07374026e-16j
  0.00165845-1.00770570e-16j -0.00165845+9.45518394e-17j], Seed dd: [0.+0.j 0.+0.j 0.+0.j 0.+0.j]
F_onsite: (-3.16976350727987e-30-5.4189346406742547e-20j)
F_swave: (1.9167546937615535e-30+3.798010240412791e-20j), F_dwave: (3.6412113011071178e-34+1.7118341298984364e-21j)
F_px: (4.5493370899546084e-20+5.375657933265663e-24j), F_py: (2.8961526664731137e-20-5.375657939073545e-24j)
Free_energy = -16488.39872901858
------------------------------------------
[{'stable': {}, 'free': np.float64(-16488.363316499126)}, {'stable': {'Fuu_px': np.complex128(0.002326767967495703-5.203317472369981e-16j)}, 'free': np.float64(-16488.398195201444)}, {'stable': {'Fuu_px': np.complex128(0.0016577704390489407-1.1419528126548536e-16j), 'Fuu_py': np.complex128(0.0016577704390489465-9.988628751306946e-17j)}, 'free': np.float64(-16488.39872901858)}]
------------------------------------------
  Seed: uu:px+ipy
  Seed uu: [ 1.89525616e-03-1.58021117e-16j -1.89525616e-03+1.47978595e-16j
  1.64516476e-16+1.89525616e-03j -1.54069648e-16-1.89525616e-03j], Seed dd: [0.+0.j 0.+0.j 0.+0.j 0.+0.j]
F_onsite: (-8.757803428010466e-21+2.363907513003908e-20j)
F_swave: (6.141671931247938e-21-1.6631836216440346e-20j), F_dwave: (2.3634133990380524e-21-4.776473229107359e-22j)
F_px: (-2.0279328186043468e-20+3.366023754712574e-20j), F_py: (3.061603992689743e-20-4.48761766484088e-20j)
Free_energy = -16488.409573549838
------------------------------------------
[{'stable': {}, 'free': np.float64(-16488.363316499126)}, {'stable': {'Fuu_px': np.complex128(0.002326767967495703-5.203317472369981e-16j)}, 'free': np.float64(-16488.398195201444)}, {'stable': {'Fuu_px': np.complex128(0.0016577704390489407-1.1419528126548536e-16j), 'Fuu_py': np.complex128(0.0016577704390489465-9.988628751306946e-17j)}, 'free': np.float64(-16488.39872901858)}, {'stable': {'Fuu_px': np.complex128(0.0018946383882973172-1.5623314924335696e-16j), 'Fuu_py': np.complex128(1.6423901680195144e-16+0.0018946383882971992j)}, 'free': np.float64(-16488.409573549838)}]
------------------------------------------
  Seed: dd:px
  Seed uu: [0.+0.j 0.+0.j 0.+0.j 0.+0.j], Seed dd: [ 2.32744632e-03-5.21751530e-16j -2.32744632e-03+4.91474126e-16j
  8.27822091e-19-4.30661615e-15j -8.01244778e-19+4.28368814e-15j]
F_onsite: (7.703626425128083e-21-1.7370281453239405e-34j)
F_swave: (-5.3568441380528214e-21+1.2272161022584682e-34j), F_dwave: (1.2696763314987787e-21+8.181440681723121e-36j)
F_px: (2.1365785320545898e-34+7.039602936867633e-21j), F_py: (-1.8958372890061853e-34-3.134212437872183e-21j)
Free_energy = -16488.398195201444
------------------------------------------
[{'stable': {}, 'free': np.float64(-16488.363316499126)}, {'stable': {'Fuu_px': np.complex128(0.002326767967495703-5.203317472369981e-16j)}, 'free': np.float64(-16488.398195201444)}, {'stable': {'Fuu_px': np.complex128(0.0016577704390489407-1.1419528126548536e-16j), 'Fuu_py': np.complex128(0.0016577704390489465-9.988628751306946e-17j)}, 'free': np.float64(-16488.39872901858)}, {'stable': {'Fuu_px': np.complex128(0.0018946383882973172-1.5623314924335696e-16j), 'Fuu_py': np.complex128(1.6423901680195144e-16+0.0018946383882971992j)}, 'free': np.float64(-16488.409573549838)}, {'stable': {'Fdd_px': np.complex128(0.002326767967495701-5.206899958515724e-16j)}, 'free': np.float64(-16488.398195201444)}]
------------------------------------------
  Seed: dd:px+py
  Seed uu: [0.+0.j 0.+0.j 0.+0.j 0.+0.j], Seed dd: [ 0.00165845-1.08102249e-16j -0.00165845+1.03051709e-16j
  0.00165845-1.10480360e-16j -0.00165845+1.04616444e-16j]
F_onsite: (2.1107984600826786e-20+1.0904994304177593e-34j)
F_swave: (-1.4795017762436877e-20-7.748858760620519e-35j), F_dwave: (1.6017872537622553e-21-3.76158192263132e-37j)
F_px: (-6.168994353115365e-35+6.589504650846215e-21j), F_py: (-2.7083389842945504e-35+6.7661783980851195e-21j)
Free_energy = -16488.39872901858
------------------------------------------
[{'stable': {}, 'free': np.float64(-16488.363316499126)}, {'stable': {'Fuu_px': np.complex128(0.002326767967495703-5.203317472369981e-16j)}, 'free': np.float64(-16488.398195201444)}, {'stable': {'Fuu_px': np.complex128(0.0016577704390489407-1.1419528126548536e-16j), 'Fuu_py': np.complex128(0.0016577704390489465-9.988628751306946e-17j)}, 'free': np.float64(-16488.39872901858)}, {'stable': {'Fuu_px': np.complex128(0.0018946383882973172-1.5623314924335696e-16j), 'Fuu_py': np.complex128(1.6423901680195144e-16+0.0018946383882971992j)}, 'free': np.float64(-16488.409573549838)}, {'stable': {'Fdd_px': np.complex128(0.002326767967495701-5.206899958515724e-16j)}, 'free': np.float64(-16488.398195201444)}, {'stable': {'Fdd_px': np.complex128(0.0016577704390489416-1.0921991561243201e-16j), 'Fdd_py': np.complex128(0.0016577704390489455-1.0987371255114902e-16j)}, 'free': np.float64(-16488.39872901858)}]
------------------------------------------
  Seed: dd:px+ipy
  Seed uu: [0.+0.j 0.+0.j 0.+0.j 0.+0.j], Seed dd: [ 1.89525616e-03-1.58655816e-16j -1.89525616e-03+1.48366675e-16j
  1.64348009e-16+1.89525616e-03j -1.54013691e-16-1.89525616e-03j]
F_onsite: (3.714999550493246e-22+1.0218753366128592e-22j)
F_swave: (-2.804349924613291e-22-7.037943741846489e-23j), F_dwave: (-3.1125652624190285e-21-1.128587845491355e-22j)
F_px: (-2.481651360731202e-22+3.413105155456054e-22j), F_py: (3.1680160574744695e-22-9.173490874842399e-21j)
Free_energy = -16488.409573549838
------------------------------------------
[{'stable': {}, 'free': np.float64(-16488.363316499126)}, {'stable': {'Fuu_px': np.complex128(0.002326767967495703-5.203317472369981e-16j)}, 'free': np.float64(-16488.398195201444)}, {'stable': {'Fuu_px': np.complex128(0.0016577704390489407-1.1419528126548536e-16j), 'Fuu_py': np.complex128(0.0016577704390489465-9.988628751306946e-17j)}, 'free': np.float64(-16488.39872901858)}, {'stable': {'Fuu_px': np.complex128(0.0018946383882973172-1.5623314924335696e-16j), 'Fuu_py': np.complex128(1.6423901680195144e-16+0.0018946383882971992j)}, 'free': np.float64(-16488.409573549838)}, {'stable': {'Fdd_px': np.complex128(0.002326767967495701-5.206899958515724e-16j)}, 'free': np.float64(-16488.398195201444)}, {'stable': {'Fdd_px': np.complex128(0.0016577704390489416-1.0921991561243201e-16j), 'Fdd_py': np.complex128(0.0016577704390489455-1.0987371255114902e-16j)}, 'free': np.float64(-16488.39872901858)}, {'stable': {'Fdd_px': np.complex128(0.001894638388297316-1.5676496020277956e-16j), 'Fdd_py': np.complex128(1.6409919680865038e-16+0.0018946383882971999j)}, 'free': np.float64(-16488.409573549838)}]
------------------------------------------
  Seed: uu+dd:px
  Seed uu: [ 2.32744632e-03-5.23359020e-16j -2.32744632e-03+4.93014389e-16j
  1.22801124e-18-4.25743115e-15j -1.13064381e-18+4.23405768e-15j], Seed dd: [ 2.32744632e-03-5.19318408e-16j -2.32744632e-03+4.88987316e-16j
  1.04133809e-18-4.22451279e-15j -1.02348877e-18+4.20064030e-15j]
F_onsite: (6.981083429736418e-22-4.965599052547418e-21j)
F_swave: (-4.9055821194405e-22+3.53464555041613e-21j), F_dwave: (-1.2608101594115726e-22+1.1483945333155435e-21j)
F_px: (8.627025381962467e-21+1.9305098895950519e-22j), F_py: (-8.40254202286827e-21-4.48557599438034e-22j)
Free_energy = -16488.433073903816
------------------------------------------
[{'stable': {}, 'free': np.float64(-16488.363316499126)}, {'stable': {'Fuu_px': np.complex128(0.002326767967495703-5.203317472369981e-16j)}, 'free': np.float64(-16488.398195201444)}, {'stable': {'Fuu_px': np.complex128(0.0016577704390489407-1.1419528126548536e-16j), 'Fuu_py': np.complex128(0.0016577704390489465-9.988628751306946e-17j)}, 'free': np.float64(-16488.39872901858)}, {'stable': {'Fuu_px': np.complex128(0.0018946383882973172-1.5623314924335696e-16j), 'Fuu_py': np.complex128(1.6423901680195144e-16+0.0018946383882971992j)}, 'free': np.float64(-16488.409573549838)}, {'stable': {'Fdd_px': np.complex128(0.002326767967495701-5.206899958515724e-16j)}, 'free': np.float64(-16488.398195201444)}, {'stable': {'Fdd_px': np.complex128(0.0016577704390489416-1.0921991561243201e-16j), 'Fdd_py': np.complex128(0.0016577704390489455-1.0987371255114902e-16j)}, 'free': np.float64(-16488.39872901858)}, {'stable': {'Fdd_px': np.complex128(0.001894638388297316-1.5676496020277956e-16j), 'Fdd_py': np.complex128(1.6409919680865038e-16+0.0018946383882971999j)}, 'free': np.float64(-16488.409573549838)}, {'stable': {'Fuu_px': np.complex128(0.002326767967495696-5.228239861743387e-16j), 'Fdd_px': np.complex128(0.0023267679674957038-5.199865217539879e-16j)}, 'free': np.float64(-16488.433073903816)}]
------------------------------------------
  Seed: uu+dd:px+py
  Seed uu: [ 0.00165845-1.07964580e-16j -0.00165845+1.02655576e-16j
  0.00165845-1.09020314e-16j -0.00165845+1.02463074e-16j], Seed dd: [ 0.00165845-1.10714777e-16j -0.00165845+1.05061943e-16j
  0.00165845-1.04328042e-16j -0.00165845+9.77936728e-17j]
F_onsite: (-4.95310102338664e-23-9.824930331285582e-21j)
F_swave: (2.5348121248722163e-23+6.875881913935684e-21j), F_dwave: (-4.0537610385315264e-22-4.754633906223225e-21j)
F_px: (5.1893317382942335e-20+3.052189843022269e-22j), F_py: (3.2064642758273174e-20+1.1653268792171364e-21j)
Free_energy = -16488.434141538004
------------------------------------------
[{'stable': {}, 'free': np.float64(-16488.363316499126)}, {'stable': {'Fuu_px': np.complex128(0.002326767967495703-5.203317472369981e-16j)}, 'free': np.float64(-16488.398195201444)}, {'stable': {'Fuu_px': np.complex128(0.0016577704390489407-1.1419528126548536e-16j), 'Fuu_py': np.complex128(0.0016577704390489465-9.988628751306946e-17j)}, 'free': np.float64(-16488.39872901858)}, {'stable': {'Fuu_px': np.complex128(0.0018946383882973172-1.5623314924335696e-16j), 'Fuu_py': np.complex128(1.6423901680195144e-16+0.0018946383882971992j)}, 'free': np.float64(-16488.409573549838)}, {'stable': {'Fdd_px': np.complex128(0.002326767967495701-5.206899958515724e-16j)}, 'free': np.float64(-16488.398195201444)}, {'stable': {'Fdd_px': np.complex128(0.0016577704390489416-1.0921991561243201e-16j), 'Fdd_py': np.complex128(0.0016577704390489455-1.0987371255114902e-16j)}, 'free': np.float64(-16488.39872901858)}, {'stable': {'Fdd_px': np.complex128(0.001894638388297316-1.5676496020277956e-16j), 'Fdd_py': np.complex128(1.6409919680865038e-16+0.0018946383882971999j)}, 'free': np.float64(-16488.409573549838)}, {'stable': {'Fuu_px': np.complex128(0.002326767967495696-5.228239861743387e-16j), 'Fdd_px': np.complex128(0.0023267679674957038-5.199865217539879e-16j)}, 'free': np.float64(-16488.433073903816)}, {'stable': {'Fuu_px': np.complex128(0.0016577704390489407-1.0888830883102685e-16j), 'Fuu_py': np.complex128(0.0016577704390489459-1.0789775012132725e-16j), 'Fdd_px': np.complex128(0.0016577704390489402-1.1146998584491915e-16j), 'Fdd_py': np.complex128(0.001657770439048946-1.0332595596297117e-16j)}, 'free': np.float64(-16488.434141538004)}]
------------------------------------------
  Seed: uu+dd:px+ipy
  Seed uu: [ 1.89525616e-03-1.57974027e-16j -1.89525616e-03+1.47318485e-16j
  1.64402961e-16+1.89525616e-03j -1.53991298e-16-1.89525616e-03j], Seed dd: [ 1.89525616e-03-1.53809788e-16j -1.89525616e-03+1.43746745e-16j
  1.63212138e-16+1.89525616e-03j -1.52733322e-16-1.89525616e-03j]
F_onsite: (-3.141322790393961e-21+1.3308104734710034e-20j)
F_swave: (2.3706978804494248e-21-9.365849898814584e-21j), F_dwave: (-9.010705816818046e-22-4.177561540299352e-21j)
F_px: (1.8072775951666422e-20-1.0564845687005255e-20j), F_py: (2.2105553734574045e-21+6.7701893198922085e-21j)
Free_energy = -16488.45583060042
------------------------------------------
[{'stable': {}, 'free': np.float64(-16488.363316499126)}, {'stable': {'Fuu_px': np.complex128(0.002326767967495703-5.203317472369981e-16j)}, 'free': np.float64(-16488.398195201444)}, {'stable': {'Fuu_px': np.complex128(0.0016577704390489407-1.1419528126548536e-16j), 'Fuu_py': np.complex128(0.0016577704390489465-9.988628751306946e-17j)}, 'free': np.float64(-16488.39872901858)}, {'stable': {'Fuu_px': np.complex128(0.0018946383882973172-1.5623314924335696e-16j), 'Fuu_py': np.complex128(1.6423901680195144e-16+0.0018946383882971992j)}, 'free': np.float64(-16488.409573549838)}, {'stable': {'Fdd_px': np.complex128(0.002326767967495701-5.206899958515724e-16j)}, 'free': np.float64(-16488.398195201444)}, {'stable': {'Fdd_px': np.complex128(0.0016577704390489416-1.0921991561243201e-16j), 'Fdd_py': np.complex128(0.0016577704390489455-1.0987371255114902e-16j)}, 'free': np.float64(-16488.39872901858)}, {'stable': {'Fdd_px': np.complex128(0.001894638388297316-1.5676496020277956e-16j), 'Fdd_py': np.complex128(1.6409919680865038e-16+0.0018946383882971999j)}, 'free': np.float64(-16488.409573549838)}, {'stable': {'Fuu_px': np.complex128(0.002326767967495696-5.228239861743387e-16j), 'Fdd_px': np.complex128(0.0023267679674957038-5.199865217539879e-16j)}, 'free': np.float64(-16488.433073903816)}, {'stable': {'Fuu_px': np.complex128(0.0016577704390489407-1.0888830883102685e-16j), 'Fuu_py': np.complex128(0.0016577704390489459-1.0789775012132725e-16j), 'Fdd_px': np.complex128(0.0016577704390489402-1.1146998584491915e-16j), 'Fdd_py': np.complex128(0.001657770439048946-1.0332595596297117e-16j)}, 'free': np.float64(-16488.434141538004)}, {'stable': {'Fuu_px': np.complex128(0.001894638388297317-1.5601560405097797e-16j), 'Fuu_py': np.complex128(1.6405709331547143e-16+0.001894638388297201j), 'Fdd_px': np.complex128(0.001894638388297316-1.5260366269520904e-16j), 'Fdd_py': np.complex128(1.6275208355027102e-16+0.0018946383882971992j)}, 'free': np.float64(-16488.45583060042)}]
------------------------------------------
====================================
mu=2.81, T=0.0259
====================================
  Seed: normal state
  Seed uu: [0.+0.j 0.+0.j 0.+0.j 0.+0.j], Seed dd: [0.+0.j 0.+0.j 0.+0.j 0.+0.j]
F_onsite: 0j
F_swave: 0j, F_dwave: 0j
F_px: 0j, F_py: 0j
Free_energy = -16488.961043718387
------------------------------------------
[{'stable': {}, 'free': np.float64(-16488.961043718387)}]
------------------------------------------
  Seed: uu:px
  Seed uu: [ 2.32676797e-03-5.35305334e-16j -2.32676797e-03+5.05358160e-16j
  9.70351101e-19-4.70824925e-15j -9.75899828e-19+4.68487351e-15j], Seed dd: [0.+0.j 0.+0.j 0.+0.j 0.+0.j]
F_onsite: (-7.162071710286347e-21-1.2876505745571698e-20j)
F_swave: (4.960434309938703e-21+9.0377370723314e-21j), F_dwave: (2.201637400342744e-21-9.598945429774478e-22j)
F_px: (3.605790552002457e-20-1.517121221035664e-32j), F_py: (5.912286025166965e-21+6.6497760800429374e-21j)
Free_energy = -16488.993749959325
------------------------------------------
[{'stable': {}, 'free': np.float64(-16488.961043718387)}, {'stable': {'Fuu_px': np.complex128(0.00232618886481629-5.43131207346789e-16j)}, 'free': np.float64(-16488.993749959325)}]
------------------------------------------
  Seed: uu:px+py
  Seed uu: [ 0.00165777-1.16906733e-16j -0.00165777+1.11483830e-16j
  0.00165777-1.02782948e-16j -0.00165777+9.69896267e-17j], Seed dd: [0.+0.j 0.+0.j 0.+0.j 0.+0.j]
F_onsite: (1.6801257514203584e-22+1.9221697862543213e-20j)
F_swave: (-1.1175838775744643e-22-1.3480829846852253e-20j), F_dwave: (3.490748024201865e-34+5.030952339464783e-21j)
F_px: (3.1753788061525746e-20+6.137025521879729e-22j), F_py: (2.335189685947068e-20-6.13702552191797e-22j)
Free_energy = -16488.99424612085
------------------------------------------
[{'stable': {}, 'free': np.float64(-16488.961043718387)}, {'stable': {'Fuu_px': np.complex128(0.00232618886481629-5.43131207346789e-16j)}, 'free': np.float64(-16488.993749959325)}, {'stable': {'Fuu_px': np.complex128(0.0016571971384921782-1.169942553175729e-16j), 'Fuu_py': np.complex128(0.0016571971384921826-1.00921044137259e-16j)}, 'free': np.float64(-16488.99424612085)}]
------------------------------------------
  Seed: uu:px+ipy
  Seed uu: [ 1.89463839e-03-1.61373547e-16j -1.89463839e-03+1.51092751e-16j
  1.69463083e-16+1.89463839e-03j -1.59014951e-16-1.89463839e-03j], Seed dd: [0.+0.j 0.+0.j 0.+0.j 0.+0.j]
F_onsite: (-9.049813931569498e-21-1.5556012800274877e-20j)
F_swave: (6.3582070730554756e-21+1.1085600348547227e-20j), F_dwave: (1.3158953035754501e-21-6.946417293455709e-21j)
F_px: (1.4401635790255284e-20-2.970273887330496e-20j), F_py: (-2.1287337873006732e-20+2.843881234913631e-20j)
Free_energy = -16489.00441637835
------------------------------------------
[{'stable': {}, 'free': np.float64(-16488.961043718387)}, {'stable': {'Fuu_px': np.complex128(0.00232618886481629-5.43131207346789e-16j)}, 'free': np.float64(-16488.993749959325)}, {'stable': {'Fuu_px': np.complex128(0.0016571971384921782-1.169942553175729e-16j), 'Fuu_py': np.complex128(0.0016571971384921826-1.00921044137259e-16j)}, 'free': np.float64(-16488.99424612085)}, {'stable': {'Fuu_px': np.complex128(0.0018941177508117182-1.6065470093269381e-16j), 'Fuu_py': np.complex128(1.691410413131734e-16+0.0018941177508116015j)}, 'free': np.float64(-16489.00441637835)}]
------------------------------------------
  Seed: dd:px
  Seed uu: [0.+0.j 0.+0.j 0.+0.j 0.+0.j], Seed dd: [ 2.32676797e-03-5.36019185e-16j -2.32676797e-03+5.05360807e-16j
  9.30231600e-19-4.78900113e-15j -9.27311239e-19+4.76570554e-15j]
F_onsite: (-6.1912310287926124e-21-4.7251955712222606e-33j)
F_swave: (4.340024900896239e-21+3.3297523179132445e-33j), F_dwave: (8.64644080232363e-22+1.0389489270307706e-33j)
F_px: (-1.801421582748139e-33-3.934920300387165e-21j), F_py: (-4.081316386054982e-33+4.983744977085804e-21j)
Free_energy = -16488.99374995932
------------------------------------------
[{'stable': {}, 'free': np.float64(-16488.961043718387)}, {'stable': {'Fuu_px': np.complex128(0.00232618886481629-5.43131207346789e-16j)}, 'free': np.float64(-16488.993749959325)}, {'stable': {'Fuu_px': np.complex128(0.0016571971384921782-1.169942553175729e-16j), 'Fuu_py': np.complex128(0.0016571971384921826-1.00921044137259e-16j)}, 'free': np.float64(-16488.99424612085)}, {'stable': {'Fuu_px': np.complex128(0.0018941177508117182-1.6065470093269381e-16j), 'Fuu_py': np.complex128(1.691410413131734e-16+0.0018941177508116015j)}, 'free': np.float64(-16489.00441637835)}, {'stable': {'Fdd_px': np.complex128(0.002326188864816293-5.439590629387219e-16j)}, 'free': np.float64(-16488.99374995932)}]
------------------------------------------
  Seed: dd:px+py
  Seed uu: [0.+0.j 0.+0.j 0.+0.j 0.+0.j], Seed dd: [ 0.00165777-1.12060540e-16j -0.00165777+1.06379291e-16j
  0.00165777-1.12954557e-16j -0.00165777+1.06792868e-16j]
F_onsite: (-1.521411152543811e-20+1.6254107761279893e-35j)
F_swave: (1.0667704169000658e-20-1.128474576789396e-35j), F_dwave: (-1.5679502962537796e-21+7.899322037525772e-36j)
F_px: (5.717604522399606e-35+5.692699737465218e-21j), F_py: (-2.0312542382209128e-35+3.8284494813109464e-21j)
Free_energy = -16488.99424612085
------------------------------------------
[{'stable': {}, 'free': np.float64(-16488.961043718387)}, {'stable': {'Fuu_px': np.complex128(0.00232618886481629-5.43131207346789e-16j)}, 'free': np.float64(-16488.993749959325)}, {'stable': {'Fuu_px': np.complex128(0.0016571971384921782-1.169942553175729e-16j), 'Fuu_py': np.complex128(0.0016571971384921826-1.00921044137259e-16j)}, 'free': np.float64(-16488.99424612085)}, {'stable': {'Fuu_px': np.complex128(0.0018941177508117182-1.6065470093269381e-16j), 'Fuu_py': np.complex128(1.691410413131734e-16+0.0018941177508116015j)}, 'free': np.float64(-16489.00441637835)}, {'stable': {'Fdd_px': np.complex128(0.002326188864816293-5.439590629387219e-16j)}, 'free': np.float64(-16488.99374995932)}, {'stable': {'Fdd_px': np.complex128(0.0016571971384921774-1.1088615515113433e-16j), 'Fdd_py': np.complex128(0.0016571971384921821-1.1113303216803445e-16j)}, 'free': np.float64(-16488.99424612085)}]
------------------------------------------
  Seed: dd:px+ipy
  Seed uu: [0.+0.j 0.+0.j 0.+0.j 0.+0.j], Seed dd: [ 1.89463839e-03-1.62195679e-16j -1.89463839e-03+1.51334242e-16j
  1.69263871e-16+1.89463839e-03j -1.58934523e-16-1.89463839e-03j]
F_onsite: (-2.041914101088486e-21-1.1883023200790352e-21j)
F_swave: (1.471407966331666e-21+8.306272899205643e-22j), F_dwave: (5.759744451479678e-22+3.731545015516075e-23j)
F_px: (-6.356061538804885e-22-3.9973383754623026e-21j), F_py: (-7.269756033210648e-22+7.644199164442171e-21j)
Free_energy = -16489.00441637835
------------------------------------------
[{'stable': {}, 'free': np.float64(-16488.961043718387)}, {'stable': {'Fuu_px': np.complex128(0.00232618886481629-5.43131207346789e-16j)}, 'free': np.float64(-16488.993749959325)}, {'stable': {'Fuu_px': np.complex128(0.0016571971384921782-1.169942553175729e-16j), 'Fuu_py': np.complex128(0.0016571971384921826-1.00921044137259e-16j)}, 'free': np.float64(-16488.99424612085)}, {'stable': {'Fuu_px': np.complex128(0.0018941177508117182-1.6065470093269381e-16j), 'Fuu_py': np.complex128(1.691410413131734e-16+0.0018941177508116015j)}, 'free': np.float64(-16489.00441637835)}, {'stable': {'Fdd_px': np.complex128(0.002326188864816293-5.439590629387219e-16j)}, 'free': np.float64(-16488.99374995932)}, {'stable': {'Fdd_px': np.complex128(0.0016571971384921774-1.1088615515113433e-16j), 'Fdd_py': np.complex128(0.0016571971384921821-1.1113303216803445e-16j)}, 'free': np.float64(-16488.99424612085)}, {'stable': {'Fdd_px': np.complex128(0.001894117750811717-1.6189339066510217e-16j), 'Fdd_py': np.complex128(1.689602461010489e-16+0.0018941177508116024j)}, 'free': np.float64(-16489.00441637835)}]
------------------------------------------
  Seed: uu+dd:px
  Seed uu: [ 2.32676797e-03-5.38313254e-16j -2.32676797e-03+5.07334718e-16j
  1.17274855e-18-4.73514421e-15j -1.17662596e-18+4.71184392e-15j], Seed dd: [ 2.32676797e-03-5.35394372e-16j -2.32676797e-03+5.04578671e-16j
  1.08931704e-18-4.69906360e-15j -1.03307579e-18+4.67571141e-15j]
F_onsite: (-4.419639763742387e-22+2.802007630295154e-20j)
F_swave: (2.9495601556672495e-22-1.9509553790710556e-20j), F_dwave: (-2.806651762232889e-23+2.9039234788589533e-21j)
F_px: (6.055415419702795e-20-3.143307500308755e-22j), F_py: (-5.173964785135597e-21+1.4437134854112566e-22j)
Free_energy = -16489.026456200067
------------------------------------------
[{'stable': {}, 'free': np.float64(-16488.961043718387)}, {'stable': {'Fuu_px': np.complex128(0.00232618886481629-5.43131207346789e-16j)}, 'free': np.float64(-16488.993749959325)}, {'stable': {'Fuu_px': np.complex128(0.0016571971384921782-1.169942553175729e-16j), 'Fuu_py': np.complex128(0.0016571971384921826-1.00921044137259e-16j)}, 'free': np.float64(-16488.99424612085)}, {'stable': {'Fuu_px': np.complex128(0.0018941177508117182-1.6065470093269381e-16j), 'Fuu_py': np.complex128(1.691410413131734e-16+0.0018941177508116015j)}, 'free': np.float64(-16489.00441637835)}, {'stable': {'Fdd_px': np.complex128(0.002326188864816293-5.439590629387219e-16j)}, 'free': np.float64(-16488.99374995932)}, {'stable': {'Fdd_px': np.complex128(0.0016571971384921774-1.1088615515113433e-16j), 'Fdd_py': np.complex128(0.0016571971384921821-1.1113303216803445e-16j)}, 'free': np.float64(-16488.99424612085)}, {'stable': {'Fdd_px': np.complex128(0.001894117750811717-1.6189339066510217e-16j), 'Fdd_py': np.complex128(1.689602461010489e-16+0.0018941177508116024j)}, 'free': np.float64(-16489.00441637835)}, {'stable': {'Fuu_px': np.complex128(0.002326188864816288-5.459484720165813e-16j), 'Fdd_px': np.complex128(0.0023261888648162914-5.434678863997103e-16j)}, 'free': np.float64(-16489.026456200067)}]
------------------------------------------
  Seed: uu+dd:px+py
  Seed uu: [ 0.00165777-1.11624543e-16j -0.00165777+1.06152075e-16j
  0.00165777-1.10846636e-16j -0.00165777+1.04948864e-16j], Seed dd: [ 0.00165777-1.14174509e-16j -0.00165777+1.08765463e-16j
  0.00165777-1.06372515e-16j -0.00165777+1.00279397e-16j]
F_onsite: (2.7359706718705103e-22+4.833358015035077e-20j)
F_swave: (-1.838458602420516e-22-3.3968233640644635e-20j), F_dwave: (9.450919902291272e-23+2.26177328951604e-21j)
F_px: (2.83930475802058e-20-5.042561402084383e-22j), F_py: (2.651731379634187e-20-2.239754938916721e-22j)
Free_energy = -16489.02744852323
------------------------------------------
[{'stable': {}, 'free': np.float64(-16488.961043718387)}, {'stable': {'Fuu_px': np.complex128(0.00232618886481629-5.43131207346789e-16j)}, 'free': np.float64(-16488.993749959325)}, {'stable': {'Fuu_px': np.complex128(0.0016571971384921782-1.169942553175729e-16j), 'Fuu_py': np.complex128(0.0016571971384921826-1.00921044137259e-16j)}, 'free': np.float64(-16488.99424612085)}, {'stable': {'Fuu_px': np.complex128(0.0018941177508117182-1.6065470093269381e-16j), 'Fuu_py': np.complex128(1.691410413131734e-16+0.0018941177508116015j)}, 'free': np.float64(-16489.00441637835)}, {'stable': {'Fdd_px': np.complex128(0.002326188864816293-5.439590629387219e-16j)}, 'free': np.float64(-16488.99374995932)}, {'stable': {'Fdd_px': np.complex128(0.0016571971384921774-1.1088615515113433e-16j), 'Fdd_py': np.complex128(0.0016571971384921821-1.1113303216803445e-16j)}, 'free': np.float64(-16488.99424612085)}, {'stable': {'Fdd_px': np.complex128(0.001894117750811717-1.6189339066510217e-16j), 'Fdd_py': np.complex128(1.689602461010489e-16+0.0018941177508116024j)}, 'free': np.float64(-16489.00441637835)}, {'stable': {'Fuu_px': np.complex128(0.002326188864816288-5.459484720165813e-16j), 'Fdd_px': np.complex128(0.0023261888648162914-5.434678863997103e-16j)}, 'free': np.float64(-16489.026456200067)}, {'stable': {'Fuu_px': np.complex128(0.0016571971384921765-1.1065992456232352e-16j), 'Fuu_py': np.complex128(0.0016571971384921821-1.0927072435437747e-16j), 'Fdd_px': np.complex128(0.0016571971384921772-1.1323464664162548e-16j), 'Fdd_py': np.complex128(0.0016571971384921821-1.0505002535265829e-16j)}, 'free': np.float64(-16489.02744852323)}]
------------------------------------------
  Seed: uu+dd:px+ipy
  Seed uu: [ 1.89463839e-03-1.61093643e-16j -1.89463839e-03+1.50937565e-16j
  1.69236945e-16+1.89463839e-03j -1.58877242e-16-1.89463839e-03j], Seed dd: [ 1.89463839e-03-1.57377888e-16j -1.89463839e-03+1.47829438e-16j
  1.67964794e-16+1.89463839e-03j -1.57539373e-16-1.89463839e-03j]
F_onsite: (1.7245073791723082e-20+2.6245228440885412e-20j)
F_swave: (-1.2138966681499294e-20-1.8612551536206895e-20j), F_dwave: (-4.901996755095549e-22+1.1437417993582109e-21j)
F_px: (5.2203567429120195e-21-1.9219813651290358e-20j), F_py: (-1.2982814656797771e-20+3.140766828708843e-20j)
Free_energy = -16489.047789038326
------------------------------------------
[{'stable': {}, 'free': np.float64(-16488.961043718387)}, {'stable': {'Fuu_px': np.complex128(0.00232618886481629-5.43131207346789e-16j)}, 'free': np.float64(-16488.993749959325)}, {'stable': {'Fuu_px': np.complex128(0.0016571971384921782-1.169942553175729e-16j), 'Fuu_py': np.complex128(0.0016571971384921826-1.00921044137259e-16j)}, 'free': np.float64(-16488.99424612085)}, {'stable': {'Fuu_px': np.complex128(0.0018941177508117182-1.6065470093269381e-16j), 'Fuu_py': np.complex128(1.691410413131734e-16+0.0018941177508116015j)}, 'free': np.float64(-16489.00441637835)}, {'stable': {'Fdd_px': np.complex128(0.002326188864816293-5.439590629387219e-16j)}, 'free': np.float64(-16488.99374995932)}, {'stable': {'Fdd_px': np.complex128(0.0016571971384921774-1.1088615515113433e-16j), 'Fdd_py': np.complex128(0.0016571971384921821-1.1113303216803445e-16j)}, 'free': np.float64(-16488.99424612085)}, {'stable': {'Fdd_px': np.complex128(0.001894117750811717-1.6189339066510217e-16j), 'Fdd_py': np.complex128(1.689602461010489e-16+0.0018941177508116024j)}, 'free': np.float64(-16489.00441637835)}, {'stable': {'Fuu_px': np.complex128(0.002326188864816288-5.459484720165813e-16j), 'Fdd_px': np.complex128(0.0023261888648162914-5.434678863997103e-16j)}, 'free': np.float64(-16489.026456200067)}, {'stable': {'Fuu_px': np.complex128(0.0016571971384921765-1.1065992456232352e-16j), 'Fuu_py': np.complex128(0.0016571971384921821-1.0927072435437747e-16j), 'Fdd_px': np.complex128(0.0016571971384921772-1.1323464664162548e-16j), 'Fdd_py': np.complex128(0.0016571971384921821-1.0505002535265829e-16j)}, 'free': np.float64(-16489.02744852323)}, {'stable': {'Fuu_px': np.complex128(0.0018941177508117178-1.6013293856335252e-16j), 'Fuu_py': np.complex128(1.6889840607845444e-16+0.001894117750811604j), 'Fdd_px': np.complex128(0.001894117750811717-1.5626218659158003e-16j), 'Fdd_py': np.complex128(1.674968113962099e-16+0.0018941177508116026j)}, 'free': np.float64(-16489.047789038326)}]
------------------------------------------
====================================
mu=2.81, T=0.0342
====================================
  Seed: normal state
  Seed uu: [0.+0.j 0.+0.j 0.+0.j 0.+0.j], Seed dd: [0.+0.j 0.+0.j 0.+0.j 0.+0.j]
F_onsite: 0j
F_swave: 0j, F_dwave: 0j
F_px: 0j, F_py: 0j
Free_energy = -16489.81186146102
------------------------------------------
[{'stable': {}, 'free': np.float64(-16489.81186146102)}]
------------------------------------------
  Seed: uu:px
  Seed uu: [ 2.32618886e-03-5.58950643e-16j -2.32618886e-03+5.27311772e-16j
  1.01096277e-18-5.23259247e-15j -1.02262147e-18+5.20969440e-15j], Seed dd: [0.+0.j 0.+0.j 0.+0.j 0.+0.j]
F_onsite: (-2.6273285289015434e-22+4.250622904508318e-20j)
F_swave: (1.9226917490589556e-22-2.952647712239996e-20j), F_dwave: (7.046367797847723e-23+8.507847649196193e-21j)
F_px: (4.0647072957983816e-20+2.68712366225091e-32j), F_py: (-1.646102291419708e-20-1.2192582949769553e-21j)
Free_energy = -16489.842951637434
------------------------------------------
[{'stable': {}, 'free': np.float64(-16489.81186146102)}, {'stable': {'Fuu_px': np.complex128(0.002325694473384284-5.599463168185017e-16j)}, 'free': np.float64(-16489.842951637434)}]
------------------------------------------
  Seed: uu:px+py
  Seed uu: [ 0.0016572-1.19594673e-16j -0.0016572+1.14393838e-16j
  0.0016572-1.03748394e-16j -0.0016572+9.80936945e-17j], Seed dd: [0.+0.j 0.+0.j 0.+0.j 0.+0.j]
F_onsite: (6.928789560871421e-22+1.489164203633043e-20j)
F_swave: (-4.636032414705142e-22-1.0403426308501724e-20j), F_dwave: (-1.2488451983135982e-34-1.7142774382899383e-21j)
F_px: (3.0213586543883085e-20-1.7644769994432926e-21j), F_py: (2.8851693208716405e-20+1.764476999438988e-21j)
Free_energy = -16489.84341823163
------------------------------------------
[{'stable': {}, 'free': np.float64(-16489.81186146102)}, {'stable': {'Fuu_px': np.complex128(0.002325694473384284-5.599463168185017e-16j)}, 'free': np.float64(-16489.842951637434)}, {'stable': {'Fuu_px': np.complex128(0.001656714612835755-1.2240637895149915e-16j), 'Fuu_py': np.complex128(0.001656714612835758-1.0447260696298198e-16j)}, 'free': np.float64(-16489.84341823163)}]
------------------------------------------
  Seed: uu:px+ipy
  Seed uu: [ 1.89411775e-03-1.65847297e-16j -1.89411775e-03+1.55462104e-16j
  1.74375807e-16+1.89411775e-03j -1.63906275e-16-1.89411775e-03j], Seed dd: [0.+0.j 0.+0.j 0.+0.j 0.+0.j]
F_onsite: (-3.283620710063219e-20-1.6833431381353027e-20j)
F_swave: (2.299506066510231e-20+1.2108241157168199e-20j), F_dwave: (1.6687256097803856e-21-8.798584921259826e-21j)
F_px: (-2.770979132421204e-20+1.99324217103353e-20j), F_py: (1.2453558757682822e-20+4.0778582136188677e-20j)
Free_energy = -16489.85308862388
------------------------------------------
[{'stable': {}, 'free': np.float64(-16489.81186146102)}, {'stable': {'Fuu_px': np.complex128(0.002325694473384284-5.599463168185017e-16j)}, 'free': np.float64(-16489.842951637434)}, {'stable': {'Fuu_px': np.complex128(0.001656714612835755-1.2240637895149915e-16j), 'Fuu_py': np.complex128(0.001656714612835758-1.0447260696298198e-16j)}, 'free': np.float64(-16489.84341823163)}, {'stable': {'Fuu_px': np.complex128(0.0018936789531190895-1.6816491194207917e-16j), 'Fuu_py': np.complex128(1.7413169657266918e-16+0.0018936789531189637j)}, 'free': np.float64(-16489.85308862388)}]
------------------------------------------
  Seed: dd:px
  Seed uu: [0.+0.j 0.+0.j 0.+0.j 0.+0.j], Seed dd: [ 2.32618886e-03-5.58977324e-16j -2.32618886e-03+5.28940802e-16j
  9.87465468e-19-5.32420744e-15j -9.49110757e-19+5.30106918e-15j]
F_onsite: (-7.042610979615148e-21-1.355955139273288e-33j)
F_swave: (4.92433919967902e-21+9.420881925230141e-34j), F_dwave: (-4.89334842875622e-22-2.334061582992734e-34j)
F_px: (7.150767234922139e-34+1.4906414634909153e-20j), F_py: (1.2676531079267548e-34-5.022921065177006e-21j)
Free_energy = -16489.84295163743
------------------------------------------
[{'stable': {}, 'free': np.float64(-16489.81186146102)}, {'stable': {'Fuu_px': np.complex128(0.002325694473384284-5.599463168185017e-16j)}, 'free': np.float64(-16489.842951637434)}, {'stable': {'Fuu_px': np.complex128(0.001656714612835755-1.2240637895149915e-16j), 'Fuu_py': np.complex128(0.001656714612835758-1.0447260696298198e-16j)}, 'free': np.float64(-16489.84341823163)}, {'stable': {'Fuu_px': np.complex128(0.0018936789531190895-1.6816491194207917e-16j), 'Fuu_py': np.complex128(1.7413169657266918e-16+0.0018936789531189637j)}, 'free': np.float64(-16489.85308862388)}, {'stable': {'Fdd_px': np.complex128(0.0023256944733842863-5.599404901582669e-16j)}, 'free': np.float64(-16489.84295163743)}]
------------------------------------------
  Seed: dd:px+py
  Seed uu: [0.+0.j 0.+0.j 0.+0.j 0.+0.j], Seed dd: [ 0.0016572-1.13701428e-16j -0.0016572+1.08070882e-16j
  0.0016572-1.13803734e-16j -0.0016572+1.08462331e-16j]
F_onsite: (-1.0058908616896557e-20+1.0843164665399655e-34j)
F_swave: (7.036627481358248e-21-7.52316384526264e-35j), F_dwave: (2.426531713907803e-21+2.256949153578792e-36j)
F_px: (-2.256949153578792e-35+8.091894863101254e-21j), F_py: (9.780112998841432e-35-2.1466377762612797e-21j)
Free_energy = -16489.84341823163
------------------------------------------
[{'stable': {}, 'free': np.float64(-16489.81186146102)}, {'stable': {'Fuu_px': np.complex128(0.002325694473384284-5.599463168185017e-16j)}, 'free': np.float64(-16489.842951637434)}, {'stable': {'Fuu_px': np.complex128(0.001656714612835755-1.2240637895149915e-16j), 'Fuu_py': np.complex128(0.001656714612835758-1.0447260696298198e-16j)}, 'free': np.float64(-16489.84341823163)}, {'stable': {'Fuu_px': np.complex128(0.0018936789531190895-1.6816491194207917e-16j), 'Fuu_py': np.complex128(1.7413169657266918e-16+0.0018936789531189637j)}, 'free': np.float64(-16489.85308862388)}, {'stable': {'Fdd_px': np.complex128(0.0023256944733842863-5.599404901582669e-16j)}, 'free': np.float64(-16489.84295163743)}, {'stable': {'Fdd_px': np.complex128(0.001656714612835755-1.1564836628650011e-16j), 'Fdd_py': np.complex128(0.0016567146128357584-1.1545649347161231e-16j)}, 'free': np.float64(-16489.84341823163)}]
------------------------------------------
  Seed: dd:px+ipy
  Seed uu: [0.+0.j 0.+0.j 0.+0.j 0.+0.j], Seed dd: [ 1.89411775e-03-1.67196389e-16j -1.89411775e-03+1.56590392e-16j
  1.74158146e-16+1.89411775e-03j -1.63762346e-16-1.89411775e-03j]
F_onsite: (-1.0474889816153444e-20-8.452996304720832e-23j)
F_swave: (7.365037357710509e-21+5.665768096292295e-23j), F_dwave: (-3.8282532283428986e-22-6.226061153132191e-23j)
F_px: (-3.904556936048997e-23-2.9097369568415652e-21j), F_py: (3.3006608287642625e-23-4.867318935565446e-21j)
Free_energy = -16489.85308862388
------------------------------------------
[{'stable': {}, 'free': np.float64(-16489.81186146102)}, {'stable': {'Fuu_px': np.complex128(0.002325694473384284-5.599463168185017e-16j)}, 'free': np.float64(-16489.842951637434)}, {'stable': {'Fuu_px': np.complex128(0.001656714612835755-1.2240637895149915e-16j), 'Fuu_py': np.complex128(0.001656714612835758-1.0447260696298198e-16j)}, 'free': np.float64(-16489.84341823163)}, {'stable': {'Fuu_px': np.complex128(0.0018936789531190895-1.6816491194207917e-16j), 'Fuu_py': np.complex128(1.7413169657266918e-16+0.0018936789531189637j)}, 'free': np.float64(-16489.85308862388)}, {'stable': {'Fdd_px': np.complex128(0.0023256944733842863-5.599404901582669e-16j)}, 'free': np.float64(-16489.84295163743)}, {'stable': {'Fdd_px': np.complex128(0.001656714612835755-1.1564836628650011e-16j), 'Fdd_py': np.complex128(0.0016567146128357584-1.1545649347161231e-16j)}, 'free': np.float64(-16489.84341823163)}, {'stable': {'Fdd_px': np.complex128(0.001893678953119089-1.695234369841893e-16j), 'Fdd_py': np.complex128(1.7394407877485235e-16+0.001893678953118965j)}, 'free': np.float64(-16489.85308862388)}]
------------------------------------------
  Seed: uu+dd:px
  Seed uu: [ 2.32618886e-03-5.61290274e-16j -2.32618886e-03+5.30606670e-16j
  1.21038609e-18-5.26500401e-15j -1.15799868e-18+5.24204529e-15j], Seed dd: [ 2.32618886e-03-5.58981315e-16j -2.32618886e-03+5.27954458e-16j
  1.06509844e-18-5.22265639e-15j -1.02214377e-18+5.19928594e-15j]
F_onsite: (5.994447525179466e-22-6.313659402542791e-21j)
F_swave: (-4.1466756507958655e-22+4.5543468351862924e-21j), F_dwave: (4.845712899693121e-23+9.047948572094495e-22j)
F_px: (4.459591678834099e-20+2.936656218460229e-23j), F_py: (2.868230159637988e-20-6.962970307444888e-22j)
Free_energy = -16489.874041813786
------------------------------------------
[{'stable': {}, 'free': np.float64(-16489.81186146102)}, {'stable': {'Fuu_px': np.complex128(0.002325694473384284-5.599463168185017e-16j)}, 'free': np.float64(-16489.842951637434)}, {'stable': {'Fuu_px': np.complex128(0.001656714612835755-1.2240637895149915e-16j), 'Fuu_py': np.complex128(0.001656714612835758-1.0447260696298198e-16j)}, 'free': np.float64(-16489.84341823163)}, {'stable': {'Fuu_px': np.complex128(0.0018936789531190895-1.6816491194207917e-16j), 'Fuu_py': np.complex128(1.7413169657266918e-16+0.0018936789531189637j)}, 'free': np.float64(-16489.85308862388)}, {'stable': {'Fdd_px': np.complex128(0.0023256944733842863-5.599404901582669e-16j)}, 'free': np.float64(-16489.84295163743)}, {'stable': {'Fdd_px': np.complex128(0.001656714612835755-1.1564836628650011e-16j), 'Fdd_py': np.complex128(0.0016567146128357584-1.1545649347161231e-16j)}, 'free': np.float64(-16489.84341823163)}, {'stable': {'Fdd_px': np.complex128(0.001893678953119089-1.695234369841893e-16j), 'Fdd_py': np.complex128(1.7394407877485235e-16+0.001893678953118965j)}, 'free': np.float64(-16489.85308862388)}, {'stable': {'Fuu_px': np.complex128(0.002325694473384282-5.608704793947929e-16j), 'Fdd_px': np.complex128(0.0023256944733842885-5.597822306547508e-16j)}, 'free': np.float64(-16489.874041813786)}]
------------------------------------------
  Seed: uu+dd:px+py
  Seed uu: [ 0.0016572-1.13396483e-16j -0.0016572+1.07923366e-16j
  0.0016572-1.12073669e-16j -0.0016572+1.06467780e-16j], Seed dd: [ 0.0016572-1.16069467e-16j -0.0016572+1.10399826e-16j
  0.0016572-1.07974479e-16j -0.0016572+1.02125571e-16j]
F_onsite: (9.106487366085886e-22+4.716881755270082e-20j)
F_swave: (-6.321697470876393e-22-3.3166203936893213e-20j), F_dwave: (2.845174644375119e-23-6.843751064955918e-21j)
F_px: (5.636759877684085e-20+2.0636612046833994e-23j), F_py: (9.640325485914467e-20+1.4191739463256985e-21j)
Free_energy = -16489.874975002138
------------------------------------------
[{'stable': {}, 'free': np.float64(-16489.81186146102)}, {'stable': {'Fuu_px': np.complex128(0.002325694473384284-5.599463168185017e-16j)}, 'free': np.float64(-16489.842951637434)}, {'stable': {'Fuu_px': np.complex128(0.001656714612835755-1.2240637895149915e-16j), 'Fuu_py': np.complex128(0.001656714612835758-1.0447260696298198e-16j)}, 'free': np.float64(-16489.84341823163)}, {'stable': {'Fuu_px': np.complex128(0.0018936789531190895-1.6816491194207917e-16j), 'Fuu_py': np.complex128(1.7413169657266918e-16+0.0018936789531189637j)}, 'free': np.float64(-16489.85308862388)}, {'stable': {'Fdd_px': np.complex128(0.0023256944733842863-5.599404901582669e-16j)}, 'free': np.float64(-16489.84295163743)}, {'stable': {'Fdd_px': np.complex128(0.001656714612835755-1.1564836628650011e-16j), 'Fdd_py': np.complex128(0.0016567146128357584-1.1545649347161231e-16j)}, 'free': np.float64(-16489.84341823163)}, {'stable': {'Fdd_px': np.complex128(0.001893678953119089-1.695234369841893e-16j), 'Fdd_py': np.complex128(1.7394407877485235e-16+0.001893678953118965j)}, 'free': np.float64(-16489.85308862388)}, {'stable': {'Fuu_px': np.complex128(0.002325694473384282-5.608704793947929e-16j), 'Fdd_px': np.complex128(0.0023256944733842885-5.597822306547508e-16j)}, 'free': np.float64(-16489.874041813786)}, {'stable': {'Fuu_px': np.complex128(0.0016567146128357536-1.152441396647577e-16j), 'Fuu_py': np.complex128(0.0016567146128357584-1.140523444556362e-16j), 'Fdd_px': np.complex128(0.0016567146128357538-1.1831177536235756e-16j), 'Fdd_py': np.complex128(0.001656714612835758-1.0949226317475387e-16j)}, 'free': np.float64(-16489.874975002138)}]
------------------------------------------
  Seed: uu+dd:px+ipy
  Seed uu: [ 1.89411775e-03-1.65503879e-16j -1.89411775e-03+1.54761999e-16j
  1.74098001e-16+1.89411775e-03j -1.63698812e-16-1.89411775e-03j], Seed dd: [ 1.89411775e-03-1.61772076e-16j -1.89411775e-03+1.50752297e-16j
  1.72778773e-16+1.89411775e-03j -1.62214850e-16-1.89411775e-03j]
F_onsite: (-2.6800845050441712e-20+3.586752192918539e-21j)
F_swave: (1.8937341405943326e-20-2.8224041540385404e-21j), F_dwave: (1.477861185560841e-20+3.741679767933899e-21j)
F_px: (1.8310580228870277e-20-2.060191100804588e-21j), F_py: (-2.5886200491989984e-22-4.070785488021227e-20j)
Free_energy = -16489.894315786627
------------------------------------------
[{'stable': {}, 'free': np.float64(-16489.81186146102)}, {'stable': {'Fuu_px': np.complex128(0.002325694473384284-5.599463168185017e-16j)}, 'free': np.float64(-16489.842951637434)}, {'stable': {'Fuu_px': np.complex128(0.001656714612835755-1.2240637895149915e-16j), 'Fuu_py': np.complex128(0.001656714612835758-1.0447260696298198e-16j)}, 'free': np.float64(-16489.84341823163)}, {'stable': {'Fuu_px': np.complex128(0.0018936789531190895-1.6816491194207917e-16j), 'Fuu_py': np.complex128(1.7413169657266918e-16+0.0018936789531189637j)}, 'free': np.float64(-16489.85308862388)}, {'stable': {'Fdd_px': np.complex128(0.0023256944733842863-5.599404901582669e-16j)}, 'free': np.float64(-16489.84295163743)}, {'stable': {'Fdd_px': np.complex128(0.001656714612835755-1.1564836628650011e-16j), 'Fdd_py': np.complex128(0.0016567146128357584-1.1545649347161231e-16j)}, 'free': np.float64(-16489.84341823163)}, {'stable': {'Fdd_px': np.complex128(0.001893678953119089-1.695234369841893e-16j), 'Fdd_py': np.complex128(1.7394407877485235e-16+0.001893678953118965j)}, 'free': np.float64(-16489.85308862388)}, {'stable': {'Fuu_px': np.complex128(0.002325694473384282-5.608704793947929e-16j), 'Fdd_px': np.complex128(0.0023256944733842885-5.597822306547508e-16j)}, 'free': np.float64(-16489.874041813786)}, {'stable': {'Fuu_px': np.complex128(0.0016567146128357536-1.152441396647577e-16j), 'Fuu_py': np.complex128(0.0016567146128357584-1.140523444556362e-16j), 'Fdd_px': np.complex128(0.0016567146128357538-1.1831177536235756e-16j), 'Fdd_py': np.complex128(0.001656714612835758-1.0949226317475387e-16j)}, 'free': np.float64(-16489.874975002138)}, {'stable': {'Fuu_px': np.complex128(0.0018936789531190895-1.676809020958948e-16j), 'Fuu_py': np.complex128(1.738800119820489e-16+0.0018936789531189663j), 'Fdd_px': np.complex128(0.0018936789531190895-1.6366579718106445e-16j), 'Fdd_py': np.complex128(1.7233466323550998e-16+0.001893678953118965j)}, 'free': np.float64(-16489.894315786627)}]
------------------------------------------
====================================
mu=2.81, T=0.0425
====================================
  Seed: normal state
  Seed uu: [0.+0.j 0.+0.j 0.+0.j 0.+0.j], Seed dd: [0.+0.j 0.+0.j 0.+0.j 0.+0.j]
F_onsite: 0j
F_swave: 0j, F_dwave: 0j
F_px: 0j, F_py: 0j
Free_energy = -16490.911455944206
------------------------------------------
[{'stable': {}, 'free': np.float64(-16490.911455944206)}]
------------------------------------------
  Seed: uu:px
  Seed uu: [ 2.32569447e-03-5.75654013e-16j -2.32569447e-03+5.44238620e-16j
  9.36566977e-19-5.81631254e-15j -1.00559313e-18+5.79311175e-15j], Seed dd: [0.+0.j 0.+0.j 0.+0.j 0.+0.j]
F_onsite: (-9.517733552588807e-22-2.0013426022974525e-20j)
F_swave: (6.657010808758423e-22+1.4022375720586227e-20j), F_dwave: (2.860722744128251e-22-2.4846002721351786e-22j)
F_px: (1.2441281913224307e-19+2.5440330859140144e-32j), F_py: (-1.9513542940559192e-20-1.1979027146992846e-22j)
Free_energy = -16490.941260213032
------------------------------------------
[{'stable': {}, 'free': np.float64(-16490.911455944206)}, {'stable': {'Fuu_px': np.complex128(0.0023252723872849096-5.750535696405333e-16j)}, 'free': np.float64(-16490.941260213032)}]
------------------------------------------
  Seed: uu:px+py
  Seed uu: [ 0.00165671-1.25394427e-16j -0.00165671+1.19418331e-16j
  0.00165671-1.07401488e-16j -0.00165671+1.01543726e-16j], Seed dd: [0.+0.j 0.+0.j 0.+0.j 0.+0.j]
F_onsite: (1.0188818533176774e-26+8.468644064792804e-20j)
F_swave: (-6.131398527449287e-27-5.905380710251494e-20j), F_dwave: (6.98149604840373e-34+2.411180773181105e-21j)
F_px: (8.23567706110134e-20-2.1662275244894745e-21j), F_py: (7.352319152438733e-20+2.1662275244760833e-21j)
Free_energy = -16490.941703198594
------------------------------------------
[{'stable': {}, 'free': np.float64(-16490.911455944206)}, {'stable': {'Fuu_px': np.complex128(0.0023252723872849096-5.750535696405333e-16j)}, 'free': np.float64(-16490.941260213032)}, {'stable': {'Fuu_px': np.complex128(0.0016563084661303557-1.2573938080705091e-16j), 'Fuu_py': np.complex128(0.0016563084661303537-1.085177650038276e-16j)}, 'free': np.float64(-16490.941703198594)}]
------------------------------------------
  Seed: uu:px+ipy
  Seed uu: [ 1.89367895e-03-1.73688930e-16j -1.89367895e-03+1.62640894e-16j
  1.79331486e-16+1.89367895e-03j -1.68931907e-16-1.89367895e-03j], Seed dd: [0.+0.j 0.+0.j 0.+0.j 0.+0.j]
F_onsite: (1.066125450630516e-20-3.5429226962344594e-20j)
F_swave: (-7.645049832557795e-21+2.5168274542179005e-20j), F_dwave: (1.4899223097351642e-21-1.020706522874426e-20j)
F_px: (1.4763987913431718e-20-1.4870013581414074e-20j), F_py: (-2.493523530659509e-20-2.2811054030752623e-20j)
Free_energy = -16490.95097624879
------------------------------------------
[{'stable': {}, 'free': np.float64(-16490.911455944206)}, {'stable': {'Fuu_px': np.complex128(0.0023252723872849096-5.750535696405333e-16j)}, 'free': np.float64(-16490.941260213032)}, {'stable': {'Fuu_px': np.complex128(0.0016563084661303557-1.2573938080705091e-16j), 'Fuu_py': np.complex128(0.0016563084661303537-1.085177650038276e-16j)}, 'free': np.float64(-16490.941703198594)}, {'stable': {'Fuu_px': np.complex128(0.0018933091162023478-1.718559506539684e-16j), 'Fuu_py': np.complex128(1.7917152937394246e-16+0.0018933091162022264j)}, 'free': np.float64(-16490.95097624879)}]
------------------------------------------
  Seed: dd:px
  Seed uu: [0.+0.j 0.+0.j 0.+0.j 0.+0.j], Seed dd: [ 2.32569447e-03-5.75542232e-16j -2.32569447e-03+5.44338749e-16j
  9.94601141e-19-5.91761246e-15j -9.78101370e-19+5.89478761e-15j]
F_onsite: (-1.5516469824354184e-21-2.458973133073816e-33j)
F_swave: (1.1109057021481224e-21+1.7107674584127243e-33j), F_dwave: (-6.352322243641246e-23+2.0839163851377513e-34j)
F_px: (9.696417801062885e-34-3.1985013974136574e-21j), F_py: (1.95884378621026e-34-5.545520374207822e-21j)
Free_energy = -16490.94126021303
------------------------------------------
[{'stable': {}, 'free': np.float64(-16490.911455944206)}, {'stable': {'Fuu_px': np.complex128(0.0023252723872849096-5.750535696405333e-16j)}, 'free': np.float64(-16490.941260213032)}, {'stable': {'Fuu_px': np.complex128(0.0016563084661303557-1.2573938080705091e-16j), 'Fuu_py': np.complex128(0.0016563084661303537-1.085177650038276e-16j)}, 'free': np.float64(-16490.941703198594)}, {'stable': {'Fuu_px': np.complex128(0.0018933091162023478-1.718559506539684e-16j), 'Fuu_py': np.complex128(1.7917152937394246e-16+0.0018933091162022264j)}, 'free': np.float64(-16490.95097624879)}, {'stable': {'Fdd_px': np.complex128(0.002325272387284917-5.762808707502681e-16j)}, 'free': np.float64(-16490.94126021303)}]
------------------------------------------
  Seed: dd:px+py
  Seed uu: [0.+0.j 0.+0.j 0.+0.j 0.+0.j], Seed dd: [ 0.00165671-1.18464374e-16j -0.00165671+1.12832359e-16j
  0.00165671-1.18358521e-16j -0.00165671+1.12554466e-16j]
F_onsite: (6.494627738512279e-21+2.8115198737989463e-35j)
F_swave: (-4.531757138280161e-21-1.9560225997682864e-35j), F_dwave: (-2.1142627603568488e-21-2.5578757073892976e-35j)
F_px: (4.70197740328915e-35-1.422776265862478e-20j), F_py: (1.0212694919944034e-34-1.853621537787961e-20j)
Free_energy = -16490.941703198594
------------------------------------------
[{'stable': {}, 'free': np.float64(-16490.911455944206)}, {'stable': {'Fuu_px': np.complex128(0.0023252723872849096-5.750535696405333e-16j)}, 'free': np.float64(-16490.941260213032)}, {'stable': {'Fuu_px': np.complex128(0.0016563084661303557-1.2573938080705091e-16j), 'Fuu_py': np.complex128(0.0016563084661303537-1.085177650038276e-16j)}, 'free': np.float64(-16490.941703198594)}, {'stable': {'Fuu_px': np.complex128(0.0018933091162023478-1.718559506539684e-16j), 'Fuu_py': np.complex128(1.7917152937394246e-16+0.0018933091162022264j)}, 'free': np.float64(-16490.95097624879)}, {'stable': {'Fdd_px': np.complex128(0.002325272387284917-5.762808707502681e-16j)}, 'free': np.float64(-16490.94126021303)}, {'stable': {'Fdd_px': np.complex128(0.0016563084661303559-1.1823370274742235e-16j), 'Fdd_py': np.complex128(0.0016563084661303552-1.1942056134264814e-16j)}, 'free': np.float64(-16490.941703198594)}]
------------------------------------------
  Seed: dd:px+ipy
  Seed uu: [0.+0.j 0.+0.j 0.+0.j 0.+0.j], Seed dd: [ 1.89367895e-03-1.75160147e-16j -1.89367895e-03+1.63886727e-16j
  1.79166659e-16+1.89367895e-03j -1.68721499e-16-1.89367895e-03j]
F_onsite: (1.0611086048666986e-21+5.72533806197732e-22j)
F_swave: (-6.868066751496082e-22-4.098211587353595e-22j), F_dwave: (4.088838155668424e-21+2.449869748207066e-23j)
F_px: (-2.5733849636617564e-22+9.561038415710478e-21j), F_py: (-1.9459569156016817e-22-4.4655895306138056e-21j)
Free_energy = -16490.95097624879
------------------------------------------
[{'stable': {}, 'free': np.float64(-16490.911455944206)}, {'stable': {'Fuu_px': np.complex128(0.0023252723872849096-5.750535696405333e-16j)}, 'free': np.float64(-16490.941260213032)}, {'stable': {'Fuu_px': np.complex128(0.0016563084661303557-1.2573938080705091e-16j), 'Fuu_py': np.complex128(0.0016563084661303537-1.085177650038276e-16j)}, 'free': np.float64(-16490.941703198594)}, {'stable': {'Fuu_px': np.complex128(0.0018933091162023478-1.718559506539684e-16j), 'Fuu_py': np.complex128(1.7917152937394246e-16+0.0018933091162022264j)}, 'free': np.float64(-16490.95097624879)}, {'stable': {'Fdd_px': np.complex128(0.002325272387284917-5.762808707502681e-16j)}, 'free': np.float64(-16490.94126021303)}, {'stable': {'Fdd_px': np.complex128(0.0016563084661303559-1.1823370274742235e-16j), 'Fdd_py': np.complex128(0.0016563084661303552-1.1942056134264814e-16j)}, 'free': np.float64(-16490.941703198594)}, {'stable': {'Fdd_px': np.complex128(0.0018933091162023467-1.7311213360197102e-16j), 'Fdd_py': np.complex128(1.7903415783525456e-16+0.0018933091162022272j)}, 'free': np.float64(-16490.95097624879)}]
------------------------------------------
  Seed: uu+dd:px
  Seed uu: [ 2.32569447e-03-5.75866109e-16j -2.32569447e-03+5.45874850e-16j
  1.06605962e-18-5.85097436e-15j -1.12430761e-18+5.82834179e-15j], Seed dd: [ 2.32569447e-03-5.75335721e-16j -2.32569447e-03+5.44228740e-16j
  9.61345586e-19-5.80553486e-15j -1.01244674e-18+5.78240507e-15j]
F_onsite: (-2.0950169394107896e-20-1.655631046158108e-20j)
F_swave: (1.452626372466398e-20+1.1730833092231551e-20j), F_dwave: (6.238879808845976e-21-2.8293208359322685e-21j)
F_px: (5.901148881805019e-20-5.457162104255355e-22j), F_py: (9.263340736985995e-21-3.8698812792747935e-23j)
Free_energy = -16490.97106448154
------------------------------------------
[{'stable': {}, 'free': np.float64(-16490.911455944206)}, {'stable': {'Fuu_px': np.complex128(0.0023252723872849096-5.750535696405333e-16j)}, 'free': np.float64(-16490.941260213032)}, {'stable': {'Fuu_px': np.complex128(0.0016563084661303557-1.2573938080705091e-16j), 'Fuu_py': np.complex128(0.0016563084661303537-1.085177650038276e-16j)}, 'free': np.float64(-16490.941703198594)}, {'stable': {'Fuu_px': np.complex128(0.0018933091162023478-1.718559506539684e-16j), 'Fuu_py': np.complex128(1.7917152937394246e-16+0.0018933091162022264j)}, 'free': np.float64(-16490.95097624879)}, {'stable': {'Fdd_px': np.complex128(0.002325272387284917-5.762808707502681e-16j)}, 'free': np.float64(-16490.94126021303)}, {'stable': {'Fdd_px': np.complex128(0.0016563084661303559-1.1823370274742235e-16j), 'Fdd_py': np.complex128(0.0016563084661303552-1.1942056134264814e-16j)}, 'free': np.float64(-16490.941703198594)}, {'stable': {'Fdd_px': np.complex128(0.0018933091162023467-1.7311213360197102e-16j), 'Fdd_py': np.complex128(1.7903415783525456e-16+0.0018933091162022272j)}, 'free': np.float64(-16490.95097624879)}, {'stable': {'Fuu_px': np.complex128(0.0023252723872849066-5.762129294434754e-16j), 'Fdd_px': np.complex128(0.002325272387284914-5.748721193013637e-16j)}, 'free': np.float64(-16490.97106448154)}]
------------------------------------------
  Seed: uu+dd:px+py
  Seed uu: [ 0.00165671-1.18292744e-16j -0.00165671+1.12195536e-16j
  0.00165671-1.16773511e-16j -0.00165671+1.11331178e-16j], Seed dd: [ 0.00165671-1.21408025e-16j -0.00165671+1.15215526e-16j
  0.00165671-1.12377410e-16j -0.00165671+1.06607117e-16j]
F_onsite: (-1.215202324080868e-21+5.229348061024158e-20j)
F_swave: (8.360769204005472e-22-3.6777958819819e-20j), F_dwave: (6.68212622765735e-23+4.164433091182787e-21j)
F_px: (5.837596884026369e-20-4.802824100609758e-22j), F_py: (7.123749255383303e-20+1.2289336846833973e-21j)
Free_energy = -16490.97195045294
------------------------------------------
[{'stable': {}, 'free': np.float64(-16490.911455944206)}, {'stable': {'Fuu_px': np.complex128(0.0023252723872849096-5.750535696405333e-16j)}, 'free': np.float64(-16490.941260213032)}, {'stable': {'Fuu_px': np.complex128(0.0016563084661303557-1.2573938080705091e-16j), 'Fuu_py': np.complex128(0.0016563084661303537-1.085177650038276e-16j)}, 'free': np.float64(-16490.941703198594)}, {'stable': {'Fuu_px': np.complex128(0.0018933091162023478-1.718559506539684e-16j), 'Fuu_py': np.complex128(1.7917152937394246e-16+0.0018933091162022264j)}, 'free': np.float64(-16490.95097624879)}, {'stable': {'Fdd_px': np.complex128(0.002325272387284917-5.762808707502681e-16j)}, 'free': np.float64(-16490.94126021303)}, {'stable': {'Fdd_px': np.complex128(0.0016563084661303559-1.1823370274742235e-16j), 'Fdd_py': np.complex128(0.0016563084661303552-1.1942056134264814e-16j)}, 'free': np.float64(-16490.941703198594)}, {'stable': {'Fdd_px': np.complex128(0.0018933091162023467-1.7311213360197102e-16j), 'Fdd_py': np.complex128(1.7903415783525456e-16+0.0018933091162022272j)}, 'free': np.float64(-16490.95097624879)}, {'stable': {'Fuu_px': np.complex128(0.0023252723872849066-5.762129294434754e-16j), 'Fdd_px': np.complex128(0.002325272387284914-5.748721193013637e-16j)}, 'free': np.float64(-16490.97106448154)}, {'stable': {'Fuu_px': np.complex128(0.001656308466130355-1.180206210216287e-16j), 'Fuu_py': np.complex128(0.0016563084661303548-1.1805867794725103e-16j), 'Fdd_px': np.complex128(0.0016563084661303548-1.2126097203112962e-16j), 'Fdd_py': np.complex128(0.001656308466130354-1.1366500555327967e-16j)}, 'free': np.float64(-16490.97195045294)}]
------------------------------------------
  Seed: uu+dd:px+ipy
  Seed uu: [ 1.89367895e-03-1.73068763e-16j -1.89367895e-03+1.62293041e-16j
  1.79149255e-16+1.89367895e-03j -1.68610769e-16-1.89367895e-03j], Seed dd: [ 1.89367895e-03-1.69071833e-16j -1.89367895e-03+1.58259762e-16j
  1.77590013e-16+1.89367895e-03j -1.67079313e-16-1.89367895e-03j]
F_onsite: (2.9197006297985885e-20-1.1035599163105352e-20j)
F_swave: (-2.0876952033827892e-20+7.886534844627287e-21j), F_dwave: (-4.348232463797297e-21-7.026654401728588e-21j)
F_px: (5.947363271531369e-20+2.254350989184669e-20j), F_py: (2.2706285197235034e-20-2.0616041676274122e-20j)
Free_energy = -16490.990496553364
------------------------------------------
[{'stable': {}, 'free': np.float64(-16490.911455944206)}, {'stable': {'Fuu_px': np.complex128(0.0023252723872849096-5.750535696405333e-16j)}, 'free': np.float64(-16490.941260213032)}, {'stable': {'Fuu_px': np.complex128(0.0016563084661303557-1.2573938080705091e-16j), 'Fuu_py': np.complex128(0.0016563084661303537-1.085177650038276e-16j)}, 'free': np.float64(-16490.941703198594)}, {'stable': {'Fuu_px': np.complex128(0.0018933091162023478-1.718559506539684e-16j), 'Fuu_py': np.complex128(1.7917152937394246e-16+0.0018933091162022264j)}, 'free': np.float64(-16490.95097624879)}, {'stable': {'Fdd_px': np.complex128(0.002325272387284917-5.762808707502681e-16j)}, 'free': np.float64(-16490.94126021303)}, {'stable': {'Fdd_px': np.complex128(0.0016563084661303559-1.1823370274742235e-16j), 'Fdd_py': np.complex128(0.0016563084661303552-1.1942056134264814e-16j)}, 'free': np.float64(-16490.941703198594)}, {'stable': {'Fdd_px': np.complex128(0.0018933091162023467-1.7311213360197102e-16j), 'Fdd_py': np.complex128(1.7903415783525456e-16+0.0018933091162022272j)}, 'free': np.float64(-16490.95097624879)}, {'stable': {'Fuu_px': np.complex128(0.0023252723872849066-5.762129294434754e-16j), 'Fdd_px': np.complex128(0.002325272387284914-5.748721193013637e-16j)}, 'free': np.float64(-16490.97106448154)}, {'stable': {'Fuu_px': np.complex128(0.001656308466130355-1.180206210216287e-16j), 'Fuu_py': np.complex128(0.0016563084661303548-1.1805867794725103e-16j), 'Fdd_px': np.complex128(0.0016563084661303548-1.2126097203112962e-16j), 'Fdd_py': np.complex128(0.001656308466130354-1.1366500555327967e-16j)}, 'free': np.float64(-16490.97195045294)}, {'stable': {'Fuu_px': np.complex128(0.0018933091162023471-1.7106338920441193e-16j), 'Fuu_py': np.complex128(1.789716990815619e-16+0.0018933091162022279j), 'Fdd_px': np.complex128(0.0018933091162023478-1.6734858393916284e-16j), 'Fdd_py': np.complex128(1.773469740834424e-16+0.0018933091162022277j)}, 'free': np.float64(-16490.990496553364)}]
------------------------------------------
====================================
mu=2.81, T=0.0508
====================================
  Seed: normal state
  Seed uu: [0.+0.j 0.+0.j 0.+0.j 0.+0.j], Seed dd: [0.+0.j 0.+0.j 0.+0.j 0.+0.j]
F_onsite: 0j
F_swave: 0j, F_dwave: 0j
F_px: 0j, F_py: 0j
Free_energy = -16492.255371281783
------------------------------------------
[{'stable': {}, 'free': np.float64(-16492.255371281783)}]
------------------------------------------
  Seed: uu:px
  Seed uu: [ 2.32527239e-03-5.90803912e-16j -2.32527239e-03+5.59303227e-16j
  8.67167351e-19-6.46741616e-15j -9.67397653e-19+6.44392488e-15j], Seed dd: [0.+0.j 0.+0.j 0.+0.j 0.+0.j]
F_onsite: (-3.1498795598536574e-21-2.2167769098919746e-21j)
F_swave: (2.2716751889130808e-21+1.4377230899840191e-21j), F_dwave: (8.782043709506716e-22+1.0803307736256155e-21j)
F_px: (1.932394645311526e-19-4.2783104313431845e-32j), F_py: (-1.460598243087288e-20+1.856573841389633e-21j)
Free_energy = -16492.284111733286
------------------------------------------
[{'stable': {}, 'free': np.float64(-16492.255371281783)}, {'stable': {'Fuu_px': np.complex128(0.00232491202132421-5.893684330665759e-16j)}, 'free': np.float64(-16492.284111733286)}]
------------------------------------------
  Seed: uu:px+py
  Seed uu: [ 0.00165631-1.28597852e-16j -0.00165631+1.22880909e-16j
  0.00165631-1.11389491e-16j -0.00165631+1.05646039e-16j], Seed dd: [0.+0.j 0.+0.j 0.+0.j 0.+0.j]
F_onsite: (2.5202770661271624e-21+8.572365019316997e-21j)
F_swave: (-1.6853085408187394e-21-6.161133601564689e-21j), F_dwave: (-6.424781923854295e-34-7.294344442005968e-21j)
F_px: (4.232264097479271e-20-1.8355127970894338e-21j), F_py: (5.1040166082142725e-20+1.835512797082012e-21j)
Free_energy = -16492.284535424416
------------------------------------------
[{'stable': {}, 'free': np.float64(-16492.255371281783)}, {'stable': {'Fuu_px': np.complex128(0.00232491202132421-5.893684330665759e-16j)}, 'free': np.float64(-16492.284111733286)}, {'stable': {'Fuu_px': np.complex128(0.001655966592133917-1.2900001428517164e-16j), 'Fuu_py': np.complex128(0.0016559665921339096-1.116000781942166e-16j)}, 'free': np.float64(-16492.284535424416)}]
------------------------------------------
  Seed: uu:px+ipy
  Seed uu: [ 1.89330912e-03-1.76849971e-16j -1.89330912e-03+1.66861930e-16j
  1.84372093e-16+1.89330912e-03j -1.73970965e-16-1.89330912e-03j], Seed dd: [0.+0.j 0.+0.j 0.+0.j 0.+0.j]
F_onsite: (1.4209214467167026e-21-1.606111293313042e-20j)
F_swave: (-6.519996555251209e-22+1.1744429881388758e-20j), F_dwave: (-1.0347321288359702e-21-7.849133724375893e-22j)
F_px: (-5.605201538627077e-20-3.1356292245813216e-20j), F_py: (-3.1851360394067597e-20-2.3011375552479283e-20j)
Free_energy = -16492.29347981278
------------------------------------------
[{'stable': {}, 'free': np.float64(-16492.255371281783)}, {'stable': {'Fuu_px': np.complex128(0.00232491202132421-5.893684330665759e-16j)}, 'free': np.float64(-16492.284111733286)}, {'stable': {'Fuu_px': np.complex128(0.001655966592133917-1.2900001428517164e-16j), 'Fuu_py': np.complex128(0.0016559665921339096-1.116000781942166e-16j)}, 'free': np.float64(-16492.284535424416)}, {'stable': {'Fuu_px': np.complex128(0.0018929973919897074-1.778914905370738e-16j), 'Fuu_py': np.complex128(1.839798243955948e-16+0.001892997391989591j)}, 'free': np.float64(-16492.29347981278)}]
------------------------------------------
  Seed: dd:px
  Seed uu: [0.+0.j 0.+0.j 0.+0.j 0.+0.j], Seed dd: [ 2.32527239e-03-5.91504541e-16j -2.32527239e-03+5.61057201e-16j
  1.04055309e-18-6.58008399e-15j -1.03748301e-18+6.55686963e-15j]
F_onsite: (1.5156171856431703e-20-1.1109480422327237e-33j)
F_swave: (-1.0496773394498167e-20+7.85230226349288e-34j), F_dwave: (3.0315356449286073e-21-1.2131101700486007e-34j)
F_px: (-1.3270861023043297e-33-9.71708801849986e-22j), F_py: (6.785893788426901e-34+4.332672720935858e-21j)
Free_energy = -16492.284111733286
------------------------------------------
[{'stable': {}, 'free': np.float64(-16492.255371281783)}, {'stable': {'Fuu_px': np.complex128(0.00232491202132421-5.893684330665759e-16j)}, 'free': np.float64(-16492.284111733286)}, {'stable': {'Fuu_px': np.complex128(0.001655966592133917-1.2900001428517164e-16j), 'Fuu_py': np.complex128(0.0016559665921339096-1.116000781942166e-16j)}, 'free': np.float64(-16492.284535424416)}, {'stable': {'Fuu_px': np.complex128(0.0018929973919897074-1.778914905370738e-16j), 'Fuu_py': np.complex128(1.839798243955948e-16+0.001892997391989591j)}, 'free': np.float64(-16492.29347981278)}, {'stable': {'Fdd_px': np.complex128(0.0023249120213242203-5.91641836409782e-16j)}, 'free': np.float64(-16492.284111733286)}]
------------------------------------------
  Seed: dd:px+py
  Seed uu: [0.+0.j 0.+0.j 0.+0.j 0.+0.j], Seed dd: [ 0.00165631-1.21324724e-16j -0.00165631+1.15142681e-16j
  0.00165631-1.22356464e-16j -0.00165631+1.16484659e-16j]
F_onsite: (1.3761489255076305e-20+1.3869542229290283e-34j)
F_swave: (-9.576975538322411e-21-9.51680226425724e-35j), F_dwave: (-1.2201392717764504e-21+9.027796614315168e-36j)
F_px: (2.7083389842945504e-35-6.1748913842668125e-21j), F_py: (4.81482486096809e-35-4.437199966740733e-21j)
Free_energy = -16492.284535424416
------------------------------------------
[{'stable': {}, 'free': np.float64(-16492.255371281783)}, {'stable': {'Fuu_px': np.complex128(0.00232491202132421-5.893684330665759e-16j)}, 'free': np.float64(-16492.284111733286)}, {'stable': {'Fuu_px': np.complex128(0.001655966592133917-1.2900001428517164e-16j), 'Fuu_py': np.complex128(0.0016559665921339096-1.116000781942166e-16j)}, 'free': np.float64(-16492.284535424416)}, {'stable': {'Fuu_px': np.complex128(0.0018929973919897074-1.778914905370738e-16j), 'Fuu_py': np.complex128(1.839798243955948e-16+0.001892997391989591j)}, 'free': np.float64(-16492.29347981278)}, {'stable': {'Fdd_px': np.complex128(0.0023249120213242203-5.91641836409782e-16j)}, 'free': np.float64(-16492.284111733286)}, {'stable': {'Fdd_px': np.complex128(0.0016559665921339179-1.213294228811796e-16j), 'Fdd_py': np.complex128(0.0016559665921339114-1.217380699561155e-16j)}, 'free': np.float64(-16492.284535424416)}]
------------------------------------------
  Seed: dd:px+ipy
  Seed uu: [0.+0.j 0.+0.j 0.+0.j 0.+0.j], Seed dd: [ 1.89330912e-03-1.78161833e-16j -1.89330912e-03+1.68062434e-16j
  1.84225219e-16+1.89330912e-03j -1.73843097e-16-1.89330912e-03j]
F_onsite: (-5.701777467541498e-21-3.6415278707435788e-22j)
F_swave: (4.034021836145836e-21+2.485218992503701e-22j), F_dwave: (8.020458163395913e-22+2.3500125684259778e-23j)
F_px: (-5.2277344291896803e-23+1.2694068627087968e-22j), F_py: (2.34774265135467e-22+4.1521685584861046e-21j)
Free_energy = -16492.293479812783
------------------------------------------
[{'stable': {}, 'free': np.float64(-16492.255371281783)}, {'stable': {'Fuu_px': np.complex128(0.00232491202132421-5.893684330665759e-16j)}, 'free': np.float64(-16492.284111733286)}, {'stable': {'Fuu_px': np.complex128(0.001655966592133917-1.2900001428517164e-16j), 'Fuu_py': np.complex128(0.0016559665921339096-1.116000781942166e-16j)}, 'free': np.float64(-16492.284535424416)}, {'stable': {'Fuu_px': np.complex128(0.0018929973919897074-1.778914905370738e-16j), 'Fuu_py': np.complex128(1.839798243955948e-16+0.001892997391989591j)}, 'free': np.float64(-16492.29347981278)}, {'stable': {'Fdd_px': np.complex128(0.0023249120213242203-5.91641836409782e-16j)}, 'free': np.float64(-16492.284111733286)}, {'stable': {'Fdd_px': np.complex128(0.0016559665921339179-1.213294228811796e-16j), 'Fdd_py': np.complex128(0.0016559665921339114-1.217380699561155e-16j)}, 'free': np.float64(-16492.284535424416)}, {'stable': {'Fdd_px': np.complex128(0.0018929973919897067-1.7890724847695422e-16j), 'Fdd_py': np.complex128(1.8385206138690232e-16+0.0018929973919895918j)}, 'free': np.float64(-16492.293479812783)}]
------------------------------------------
  Seed: uu+dd:px
  Seed uu: [ 2.32527239e-03-5.91448716e-16j -2.32527239e-03+5.60977143e-16j
  1.04415588e-18-6.50691152e-15j -9.59273912e-19+6.48406177e-15j], Seed dd: [ 2.32527239e-03-5.90263644e-16j -2.32527239e-03+5.59480594e-16j
  8.62196822e-19-6.45644908e-15j -8.68980530e-19+6.43352223e-15j]
F_onsite: (1.7992501230313036e-21-3.2044451521032963e-21j)
F_swave: (-1.3417331964647e-21+2.0549440124569336e-21j), F_dwave: (-6.01707901846989e-23-9.253719734795612e-22j)
F_px: (1.1946436232951632e-19-4.976371666495302e-22j), F_py: (-3.9047814417452897e-20+1.5838721178819424e-21j)
Free_energy = -16492.312852184747
------------------------------------------
[{'stable': {}, 'free': np.float64(-16492.255371281783)}, {'stable': {'Fuu_px': np.complex128(0.00232491202132421-5.893684330665759e-16j)}, 'free': np.float64(-16492.284111733286)}, {'stable': {'Fuu_px': np.complex128(0.001655966592133917-1.2900001428517164e-16j), 'Fuu_py': np.complex128(0.0016559665921339096-1.116000781942166e-16j)}, 'free': np.float64(-16492.284535424416)}, {'stable': {'Fuu_px': np.complex128(0.0018929973919897074-1.778914905370738e-16j), 'Fuu_py': np.complex128(1.839798243955948e-16+0.001892997391989591j)}, 'free': np.float64(-16492.29347981278)}, {'stable': {'Fdd_px': np.complex128(0.0023249120213242203-5.91641836409782e-16j)}, 'free': np.float64(-16492.284111733286)}, {'stable': {'Fdd_px': np.complex128(0.0016559665921339179-1.213294228811796e-16j), 'Fdd_py': np.complex128(0.0016559665921339114-1.217380699561155e-16j)}, 'free': np.float64(-16492.284535424416)}, {'stable': {'Fdd_px': np.complex128(0.0018929973919897067-1.7890724847695422e-16j), 'Fdd_py': np.complex128(1.8385206138690232e-16+0.0018929973919895918j)}, 'free': np.float64(-16492.293479812783)}, {'stable': {'Fuu_px': np.complex128(0.00232491202132421-5.905378580032115e-16j), 'Fdd_px': np.complex128(0.0023249120213242117-5.894147684157687e-16j)}, 'free': np.float64(-16492.312852184747)}]
------------------------------------------
  Seed: uu+dd:px+py
  Seed uu: [ 0.00165631-1.20795276e-16j -0.00165631+1.15245966e-16j
  0.00165631-1.20728691e-16j -0.00165631+1.15388665e-16j], Seed dd: [ 0.00165631-1.24299359e-16j -0.00165631+1.18222585e-16j
  0.00165631-1.16525078e-16j -0.00165631+1.10804933e-16j]
F_onsite: (2.629755001252316e-21-2.8733164889896923e-20j)
F_swave: (-1.748733207688446e-21+2.011368273345362e-20j), F_dwave: (3.227022312715479e-24+1.4416021939067124e-21j)
F_px: (4.108757639542637e-20-2.1912564245955293e-21j), F_py: (4.1664852347035285e-20+2.1555637221483962e-21j)
Free_energy = -16492.313699566872
------------------------------------------
[{'stable': {}, 'free': np.float64(-16492.255371281783)}, {'stable': {'Fuu_px': np.complex128(0.00232491202132421-5.893684330665759e-16j)}, 'free': np.float64(-16492.284111733286)}, {'stable': {'Fuu_px': np.complex128(0.001655966592133917-1.2900001428517164e-16j), 'Fuu_py': np.complex128(0.0016559665921339096-1.116000781942166e-16j)}, 'free': np.float64(-16492.284535424416)}, {'stable': {'Fuu_px': np.complex128(0.0018929973919897074-1.778914905370738e-16j), 'Fuu_py': np.complex128(1.839798243955948e-16+0.001892997391989591j)}, 'free': np.float64(-16492.29347981278)}, {'stable': {'Fdd_px': np.complex128(0.0023249120213242203-5.91641836409782e-16j)}, 'free': np.float64(-16492.284111733286)}, {'stable': {'Fdd_px': np.complex128(0.0016559665921339179-1.213294228811796e-16j), 'Fdd_py': np.complex128(0.0016559665921339114-1.217380699561155e-16j)}, 'free': np.float64(-16492.284535424416)}, {'stable': {'Fdd_px': np.complex128(0.0018929973919897067-1.7890724847695422e-16j), 'Fdd_py': np.complex128(1.8385206138690232e-16+0.0018929973919895918j)}, 'free': np.float64(-16492.293479812783)}, {'stable': {'Fuu_px': np.complex128(0.00232491202132421-5.905378580032115e-16j), 'Fdd_px': np.complex128(0.0023249120213242117-5.894147684157687e-16j)}, 'free': np.float64(-16492.312852184747)}, {'stable': {'Fuu_px': np.complex128(0.0016559665921339164-1.210034210756051e-16j), 'Fuu_py': np.complex128(0.001655966592133911-1.1983687141877873e-16j), 'Fdd_px': np.complex128(0.0016559665921339164-1.2440832146999999e-16j), 'Fdd_py': np.complex128(0.0016559665921339092-1.1591397728991334e-16j)}, 'free': np.float64(-16492.313699566872)}]
------------------------------------------
  Seed: uu+dd:px+ipy
  Seed uu: [ 1.89330912e-03-1.76220361e-16j -1.89330912e-03+1.65906418e-16j
  1.84159395e-16+1.89330912e-03j -1.73784003e-16-1.89330912e-03j], Seed dd: [ 1.89330912e-03-1.72780136e-16j -1.89330912e-03+1.61917031e-16j
  1.82573571e-16+1.89330912e-03j -1.72120377e-16-1.89330912e-03j]
F_onsite: (-7.055473895498898e-20-2.3364177863908238e-20j)
F_swave: (4.959664658673828e-20+1.6127595990960318e-20j), F_dwave: (7.794223745397383e-21+2.1114875747635001e-22j)
F_px: (-2.118315067070525e-20+4.324460515341376e-21j), F_py: (-1.4665047080439178e-21-4.9450404874266694e-20j)
Free_energy = -16492.331588343717
------------------------------------------
[{'stable': {}, 'free': np.float64(-16492.255371281783)}, {'stable': {'Fuu_px': np.complex128(0.00232491202132421-5.893684330665759e-16j)}, 'free': np.float64(-16492.284111733286)}, {'stable': {'Fuu_px': np.complex128(0.001655966592133917-1.2900001428517164e-16j), 'Fuu_py': np.complex128(0.0016559665921339096-1.116000781942166e-16j)}, 'free': np.float64(-16492.284535424416)}, {'stable': {'Fuu_px': np.complex128(0.0018929973919897074-1.778914905370738e-16j), 'Fuu_py': np.complex128(1.839798243955948e-16+0.001892997391989591j)}, 'free': np.float64(-16492.29347981278)}, {'stable': {'Fdd_px': np.complex128(0.0023249120213242203-5.91641836409782e-16j)}, 'free': np.float64(-16492.284111733286)}, {'stable': {'Fdd_px': np.complex128(0.0016559665921339179-1.213294228811796e-16j), 'Fdd_py': np.complex128(0.0016559665921339114-1.217380699561155e-16j)}, 'free': np.float64(-16492.284535424416)}, {'stable': {'Fdd_px': np.complex128(0.0018929973919897067-1.7890724847695422e-16j), 'Fdd_py': np.complex128(1.8385206138690232e-16+0.0018929973919895918j)}, 'free': np.float64(-16492.293479812783)}, {'stable': {'Fuu_px': np.complex128(0.00232491202132421-5.905378580032115e-16j), 'Fdd_px': np.complex128(0.0023249120213242117-5.894147684157687e-16j)}, 'free': np.float64(-16492.312852184747)}, {'stable': {'Fuu_px': np.complex128(0.0016559665921339164-1.210034210756051e-16j), 'Fuu_py': np.complex128(0.001655966592133911-1.1983687141877873e-16j), 'Fdd_px': np.complex128(0.0016559665921339164-1.2440832146999999e-16j), 'Fdd_py': np.complex128(0.0016559665921339092-1.1591397728991334e-16j)}, 'free': np.float64(-16492.313699566872)}, {'stable': {'Fuu_px': np.complex128(0.0018929973919897072-1.7775085990677244e-16j), 'Fuu_py': np.complex128(1.8371246638672787e-16+0.0018929973919895925j), 'Fdd_px': np.complex128(0.0018929973919897072-1.7354194657442092e-16j), 'Fdd_py': np.complex128(1.821389240161907e-16+0.0018929973919895936j)}, 'free': np.float64(-16492.331588343717)}]
------------------------------------------
====================================
mu=2.81, T=0.0590
====================================
  Seed: normal state
  Seed uu: [0.+0.j 0.+0.j 0.+0.j 0.+0.j], Seed dd: [0.+0.j 0.+0.j 0.+0.j 0.+0.j]
F_onsite: 0j
F_swave: 0j, F_dwave: 0j
F_px: 0j, F_py: 0j
Free_energy = -16493.841175406276
------------------------------------------
[{'stable': {}, 'free': np.float64(-16493.841175406276)}]
------------------------------------------
  Seed: uu:px
  Seed uu: [ 2.32491202e-03-6.04687424e-16j -2.32491202e-03+5.74049442e-16j
  8.59233034e-19-7.18866196e-15j -8.35800248e-19+7.16524217e-15j], Seed dd: [0.+0.j 0.+0.j 0.+0.j 0.+0.j]
F_onsite: (2.6379053625793875e-21+1.473633839440988e-20j)
F_swave: (-1.8998035100889416e-21-1.0406299507150138e-20j), F_dwave: (-7.3810185248233215e-22+3.509826015733651e-21j)
F_px: (2.1484086668031827e-19-3.213760177746985e-31j), F_py: (9.61795266077821e-20+1.8548637641115383e-21j)
Free_energy = -16493.86901098372
------------------------------------------
[{'stable': {}, 'free': np.float64(-16493.841175406276)}, {'stable': {'Fuu_px': np.complex128(0.002324604342765835-6.042864170382881e-16j)}, 'free': np.float64(-16493.86901098372)}]
------------------------------------------
  Seed: uu:px+py
  Seed uu: [ 0.00165597-1.31886881e-16j -0.00165597+1.26113147e-16j
  0.00165597-1.14510702e-16j -0.00165597+1.08689455e-16j], Seed dd: [0.+0.j 0.+0.j 0.+0.j 0.+0.j]
F_onsite: (3.269018350021901e-26+6.266740151960657e-21j)
F_swave: (-2.980069261376711e-26-4.065532121546937e-21j), F_dwave: (-9.328723168125674e-35-2.0186351202551198e-21j)
F_px: (7.889944762337626e-20-3.551076952864424e-21j), F_py: (5.79321621215623e-20+3.551076952854779e-21j)
Free_energy = -16493.86941856588
------------------------------------------
[{'stable': {}, 'free': np.float64(-16493.841175406276)}, {'stable': {'Fuu_px': np.complex128(0.002324604342765835-6.042864170382881e-16j)}, 'free': np.float64(-16493.86901098372)}, {'stable': {'Fuu_px': np.complex128(0.001655678808192776-1.3288448752894516e-16j), 'Fuu_py': np.complex128(0.0016556788081927634-1.1349101969195771e-16j)}, 'free': np.float64(-16493.86941856588)}]
------------------------------------------
  Seed: uu:px+ipy
  Seed uu: [ 1.89299739e-03-1.83231616e-16j -1.89299739e-03+1.72551365e-16j
  1.89255821e-16+1.89299739e-03j -1.78703828e-16-1.89299739e-03j], Seed dd: [0.+0.j 0.+0.j 0.+0.j 0.+0.j]
F_onsite: (1.5839942013918245e-21-2.814843199055759e-20j)
F_swave: (-2.02330798378405e-21+1.973540700509527e-20j), F_dwave: (1.142201554140403e-21-5.140893904270764e-21j)
F_px: (-1.2087208412129954e-20-4.668613313127343e-20j), F_py: (-4.430660310507736e-20+3.229102483350066e-20j)
Free_energy = -16493.87808333446
------------------------------------------
[{'stable': {}, 'free': np.float64(-16493.841175406276)}, {'stable': {'Fuu_px': np.complex128(0.002324604342765835-6.042864170382881e-16j)}, 'free': np.float64(-16493.86901098372)}, {'stable': {'Fuu_px': np.complex128(0.001655678808192776-1.3288448752894516e-16j), 'Fuu_py': np.complex128(0.0016556788081927634-1.1349101969195771e-16j)}, 'free': np.float64(-16493.86941856588)}, {'stable': {'Fuu_px': np.complex128(0.001892734641875362-1.827834234448226e-16j), 'Fuu_py': np.complex128(1.8906724324314704e-16+0.0018927346418752457j)}, 'free': np.float64(-16493.87808333446)}]
------------------------------------------
  Seed: dd:px
  Seed uu: [0.+0.j 0.+0.j 0.+0.j 0.+0.j], Seed dd: [ 2.32491202e-03-6.07445225e-16j -2.32491202e-03+5.75838448e-16j
  1.06069163e-18-7.31202645e-15j -1.12208043e-18+7.28881213e-15j]
F_onsite: (3.231652235287794e-21+9.658944719988355e-34j)
F_swave: (-2.2623879048929415e-21-6.839731429694562e-34j), F_dwave: (5.118379365129274e-22+1.5321393368617695e-34j)
F_px: (1.215555198298311e-33-5.532425830303244e-21j), F_py: (2.6782463289135e-34+8.05571422600719e-22j)
Free_energy = -16493.86901098372
------------------------------------------
[{'stable': {}, 'free': np.float64(-16493.841175406276)}, {'stable': {'Fuu_px': np.complex128(0.002324604342765835-6.042864170382881e-16j)}, 'free': np.float64(-16493.86901098372)}, {'stable': {'Fuu_px': np.complex128(0.001655678808192776-1.3288448752894516e-16j), 'Fuu_py': np.complex128(0.0016556788081927634-1.1349101969195771e-16j)}, 'free': np.float64(-16493.86941856588)}, {'stable': {'Fuu_px': np.complex128(0.001892734641875362-1.827834234448226e-16j), 'Fuu_py': np.complex128(1.8906724324314704e-16+0.0018927346418752457j)}, 'free': np.float64(-16493.87808333446)}, {'stable': {'Fdd_px': np.complex128(0.0023246043427658444-6.083541935058033e-16j)}, 'free': np.float64(-16493.86901098372)}]
------------------------------------------
  Seed: dd:px+py
  Seed uu: [0.+0.j 0.+0.j 0.+0.j 0.+0.j], Seed dd: [ 0.00165597-1.24415971e-16j -0.00165597+1.18242875e-16j
  0.00165597-1.24496611e-16j -0.00165597+1.18979528e-16j]
F_onsite: (2.154900186901323e-20-3.049506480243961e-36j)
F_swave: (-1.5054586431687545e-20+2.256949153578792e-36j), F_dwave: (1.867881918305713e-21+1.5798644075051544e-35j)
F_px: (8.425943506694157e-35-1.4294440820251348e-20j), F_py: (-4.363435030252331e-35-1.0038218351184007e-20j)
Free_energy = -16493.86941856588
------------------------------------------
[{'stable': {}, 'free': np.float64(-16493.841175406276)}, {'stable': {'Fuu_px': np.complex128(0.002324604342765835-6.042864170382881e-16j)}, 'free': np.float64(-16493.86901098372)}, {'stable': {'Fuu_px': np.complex128(0.001655678808192776-1.3288448752894516e-16j), 'Fuu_py': np.complex128(0.0016556788081927634-1.1349101969195771e-16j)}, 'free': np.float64(-16493.86941856588)}, {'stable': {'Fuu_px': np.complex128(0.001892734641875362-1.827834234448226e-16j), 'Fuu_py': np.complex128(1.8906724324314704e-16+0.0018927346418752457j)}, 'free': np.float64(-16493.87808333446)}, {'stable': {'Fdd_px': np.complex128(0.0023246043427658444-6.083541935058033e-16j)}, 'free': np.float64(-16493.86901098372)}, {'stable': {'Fdd_px': np.complex128(0.0016556788081927764-1.2499011399075548e-16j), 'Fdd_py': np.complex128(0.001655678808192766-1.2402229282173374e-16j)}, 'free': np.float64(-16493.86941856588)}]
------------------------------------------
  Seed: dd:px+ipy
  Seed uu: [0.+0.j 0.+0.j 0.+0.j 0.+0.j], Seed dd: [ 1.89299739e-03-1.84132330e-16j -1.89299739e-03+1.73682167e-16j
  1.89086288e-16+1.89299739e-03j -1.78617835e-16-1.89299739e-03j]
F_onsite: (5.8664408271577785e-21+3.1694151298056094e-23j)
F_swave: (-4.03286373979139e-21-2.799236048139968e-23j), F_dwave: (-1.14958474252616e-21+9.890259006865302e-23j)
F_px: (6.573725648811909e-23-4.183584200904713e-21j), F_py: (8.843464717076941e-23-3.542471412090794e-22j)
Free_energy = -16493.878083334457
------------------------------------------
[{'stable': {}, 'free': np.float64(-16493.841175406276)}, {'stable': {'Fuu_px': np.complex128(0.002324604342765835-6.042864170382881e-16j)}, 'free': np.float64(-16493.86901098372)}, {'stable': {'Fuu_px': np.complex128(0.001655678808192776-1.3288448752894516e-16j), 'Fuu_py': np.complex128(0.0016556788081927634-1.1349101969195771e-16j)}, 'free': np.float64(-16493.86941856588)}, {'stable': {'Fuu_px': np.complex128(0.001892734641875362-1.827834234448226e-16j), 'Fuu_py': np.complex128(1.8906724324314704e-16+0.0018927346418752457j)}, 'free': np.float64(-16493.87808333446)}, {'stable': {'Fdd_px': np.complex128(0.0023246043427658444-6.083541935058033e-16j)}, 'free': np.float64(-16493.86901098372)}, {'stable': {'Fdd_px': np.complex128(0.0016556788081927764-1.2499011399075548e-16j), 'Fdd_py': np.complex128(0.001655678808192766-1.2402229282173374e-16j)}, 'free': np.float64(-16493.86941856588)}, {'stable': {'Fdd_px': np.complex128(0.0018927346418753613-1.836231540416293e-16j), 'Fdd_py': np.complex128(1.889041761659108e-16+0.001892734641875246j)}, 'free': np.float64(-16493.878083334457)}]
------------------------------------------
  Seed: uu+dd:px
  Seed uu: [ 2.32491202e-03-6.06095928e-16j -2.32491202e-03+5.74979788e-16j
  1.09618223e-18-7.23236500e-15j -1.11620703e-18+7.20869945e-15j], Seed dd: [ 2.32491202e-03-6.04582955e-16j -2.32491202e-03+5.74246582e-16j
  9.01129319e-19-7.17599912e-15j -9.43875117e-19+7.15235891e-15j]
F_onsite: (7.669763921917474e-21-2.1540137244249837e-20j)
F_swave: (-5.394571077793287e-21+1.4358451319150593e-20j), F_dwave: (-2.0506653678529575e-21-5.696740014812595e-21j)
F_px: (1.985101904842381e-19+1.5238048375199496e-21j), F_py: (1.545378573781996e-20-1.014357602015428e-20j)
Free_energy = -16493.896846561038
------------------------------------------
[{'stable': {}, 'free': np.float64(-16493.841175406276)}, {'stable': {'Fuu_px': np.complex128(0.002324604342765835-6.042864170382881e-16j)}, 'free': np.float64(-16493.86901098372)}, {'stable': {'Fuu_px': np.complex128(0.001655678808192776-1.3288448752894516e-16j), 'Fuu_py': np.complex128(0.0016556788081927634-1.1349101969195771e-16j)}, 'free': np.float64(-16493.86941856588)}, {'stable': {'Fuu_px': np.complex128(0.001892734641875362-1.827834234448226e-16j), 'Fuu_py': np.complex128(1.8906724324314704e-16+0.0018927346418752457j)}, 'free': np.float64(-16493.87808333446)}, {'stable': {'Fdd_px': np.complex128(0.0023246043427658444-6.083541935058033e-16j)}, 'free': np.float64(-16493.86901098372)}, {'stable': {'Fdd_px': np.complex128(0.0016556788081927764-1.2499011399075548e-16j), 'Fdd_py': np.complex128(0.001655678808192766-1.2402229282173374e-16j)}, 'free': np.float64(-16493.86941856588)}, {'stable': {'Fdd_px': np.complex128(0.0018927346418753613-1.836231540416293e-16j), 'Fdd_py': np.complex128(1.889041761659108e-16+0.001892734641875246j)}, 'free': np.float64(-16493.878083334457)}, {'stable': {'Fuu_px': np.complex128(0.0023246043427658366-6.058012527463911e-16j), 'Fdd_px': np.complex128(0.0023246043427658397-6.044561677348737e-16j)}, 'free': np.float64(-16493.896846561038)}]
------------------------------------------
  Seed: uu+dd:px+py
  Seed uu: [ 0.00165597-1.23893153e-16j -0.00165597+1.18113689e-16j
  0.00165597-1.22419845e-16j -0.00165597+1.17253897e-16j], Seed dd: [ 0.00165597-1.27159008e-16j -0.00165597+1.21657635e-16j
  0.00165597-1.18779351e-16j -0.00165597+1.13048604e-16j]
F_onsite: (-2.8276898374013e-21+7.144362642192789e-20j)
F_swave: (2.0104424674719884e-21-4.9831427091465754e-20j), F_dwave: (-6.834543973610139e-22-1.976447561418081e-21j)
F_px: (9.348463929180312e-20+2.0517232452997696e-21j), F_py: (8.566567931730624e-20-2.002123967407651e-21j)
Free_energy = -16493.89766172537
------------------------------------------
[{'stable': {}, 'free': np.float64(-16493.841175406276)}, {'stable': {'Fuu_px': np.complex128(0.002324604342765835-6.042864170382881e-16j)}, 'free': np.float64(-16493.86901098372)}, {'stable': {'Fuu_px': np.complex128(0.001655678808192776-1.3288448752894516e-16j), 'Fuu_py': np.complex128(0.0016556788081927634-1.1349101969195771e-16j)}, 'free': np.float64(-16493.86941856588)}, {'stable': {'Fuu_px': np.complex128(0.001892734641875362-1.827834234448226e-16j), 'Fuu_py': np.complex128(1.8906724324314704e-16+0.0018927346418752457j)}, 'free': np.float64(-16493.87808333446)}, {'stable': {'Fdd_px': np.complex128(0.0023246043427658444-6.083541935058033e-16j)}, 'free': np.float64(-16493.86901098372)}, {'stable': {'Fdd_px': np.complex128(0.0016556788081927764-1.2499011399075548e-16j), 'Fdd_py': np.complex128(0.001655678808192766-1.2402229282173374e-16j)}, 'free': np.float64(-16493.86941856588)}, {'stable': {'Fdd_px': np.complex128(0.0018927346418753613-1.836231540416293e-16j), 'Fdd_py': np.complex128(1.889041761659108e-16+0.001892734641875246j)}, 'free': np.float64(-16493.878083334457)}, {'stable': {'Fuu_px': np.complex128(0.0023246043427658366-6.058012527463911e-16j), 'Fdd_px': np.complex128(0.0023246043427658397-6.044561677348737e-16j)}, 'free': np.float64(-16493.896846561038)}, {'stable': {'Fuu_px': np.complex128(0.0016556788081927745-1.24431978835519e-16j), 'Fuu_py': np.complex128(0.001655678808192765-1.2206513055287407e-16j), 'Fdd_px': np.complex128(0.0016556788081927745-1.2811235022622874e-16j), 'Fdd_py': np.complex128(0.001655678808192763-1.182719449615019e-16j)}, 'free': np.float64(-16493.89766172537)}]
------------------------------------------
  Seed: uu+dd:px+ipy
  Seed uu: [ 1.89299739e-03-1.83206186e-16j -1.89299739e-03+1.72295534e-16j
  1.88959994e-16+1.89299739e-03j -1.78464938e-16-1.89299739e-03j], Seed dd: [ 1.89299739e-03-1.78944743e-16j -1.89299739e-03+1.68139150e-16j
  1.87397960e-16+1.89299739e-03j -1.76879888e-16-1.89299739e-03j]
F_onsite: (-3.7945514121478144e-20-1.2090797371884596e-21j)
F_swave: (2.743383085426233e-20+4.867446362101422e-22j), F_dwave: (7.16598509329026e-21-2.2197463636496663e-21j)
F_px: (-1.9125048707307888e-20+4.709387848907383e-20j), F_py: (3.9011495767419104e-20+8.715371612802737e-21j)
Free_energy = -16493.91499126268
------------------------------------------
[{'stable': {}, 'free': np.float64(-16493.841175406276)}, {'stable': {'Fuu_px': np.complex128(0.002324604342765835-6.042864170382881e-16j)}, 'free': np.float64(-16493.86901098372)}, {'stable': {'Fuu_px': np.complex128(0.001655678808192776-1.3288448752894516e-16j), 'Fuu_py': np.complex128(0.0016556788081927634-1.1349101969195771e-16j)}, 'free': np.float64(-16493.86941856588)}, {'stable': {'Fuu_px': np.complex128(0.001892734641875362-1.827834234448226e-16j), 'Fuu_py': np.complex128(1.8906724324314704e-16+0.0018927346418752457j)}, 'free': np.float64(-16493.87808333446)}, {'stable': {'Fdd_px': np.complex128(0.0023246043427658444-6.083541935058033e-16j)}, 'free': np.float64(-16493.86901098372)}, {'stable': {'Fdd_px': np.complex128(0.0016556788081927764-1.2499011399075548e-16j), 'Fdd_py': np.complex128(0.001655678808192766-1.2402229282173374e-16j)}, 'free': np.float64(-16493.86941856588)}, {'stable': {'Fdd_px': np.complex128(0.0018927346418753613-1.836231540416293e-16j), 'Fdd_py': np.complex128(1.889041761659108e-16+0.001892734641875246j)}, 'free': np.float64(-16493.878083334457)}, {'stable': {'Fuu_px': np.complex128(0.0023246043427658366-6.058012527463911e-16j), 'Fdd_px': np.complex128(0.0023246043427658397-6.044561677348737e-16j)}, 'free': np.float64(-16493.896846561038)}, {'stable': {'Fuu_px': np.complex128(0.0016556788081927745-1.24431978835519e-16j), 'Fuu_py': np.complex128(0.001655678808192765-1.2206513055287407e-16j), 'Fdd_px': np.complex128(0.0016556788081927745-1.2811235022622874e-16j), 'Fdd_py': np.complex128(0.001655678808192763-1.182719449615019e-16j)}, 'free': np.float64(-16493.89766172537)}, {'stable': {'Fuu_px': np.complex128(0.001892734641875362-1.8265496891313803e-16j), 'Fuu_py': np.complex128(1.8876251321420496e-16+0.0018927346418752466j), 'Fdd_px': np.complex128(0.0018927346418753609-1.7850652910100903e-16j), 'Fdd_py': np.complex128(1.871361834856971e-16+0.0018927346418752477j)}, 'free': np.float64(-16493.91499126268)}]
------------------------------------------
====================================
mu=2.81, T=0.0673
====================================
  Seed: normal state
  Seed uu: [0.+0.j 0.+0.j 0.+0.j 0.+0.j], Seed dd: [0.+0.j 0.+0.j 0.+0.j 0.+0.j]
F_onsite: 0j
F_swave: 0j, F_dwave: 0j
F_px: 0j, F_py: 0j
Free_energy = -16495.667804134402
------------------------------------------
[{'stable': {}, 'free': np.float64(-16495.667804134402)}]
------------------------------------------
  Seed: uu:px
  Seed uu: [ 2.32460434e-03-6.19577264e-16j -2.32460434e-03+5.88995570e-16j
  8.66704543e-19-7.98847868e-15j -9.17238661e-19+7.96500973e-15j], Seed dd: [0.+0.j 0.+0.j 0.+0.j 0.+0.j]
F_onsite: (-3.2219878958773977e-21-7.66143433091061e-21j)
F_swave: (2.2060609375086806e-21+5.195785181110799e-21j), F_dwave: (1.0159269583764242e-21+1.6435651944827765e-21j)
F_px: (6.329030922594003e-20-2.374822084706367e-31j), F_py: (6.309516992386242e-20-3.2824324758401102e-21j)
Free_energy = -16495.694853554713
------------------------------------------
[{'stable': {}, 'free': np.float64(-16495.667804134402)}, {'stable': {'Fuu_px': np.complex128(0.002324341642877042-6.191949910033518e-16j)}, 'free': np.float64(-16495.694853554713)}]
------------------------------------------
  Seed: uu:px+py
  Seed uu: [ 0.00165568-1.35510819e-16j -0.00165568+1.30258156e-16j
  0.00165568-1.16070169e-16j -0.00165568+1.10911871e-16j], Seed dd: [0.+0.j 0.+0.j 0.+0.j 0.+0.j]
F_onsite: (9.608776443296325e-23-6.737586635199868e-20j)
F_swave: (-5.805077360853886e-23+4.714083905584632e-20j), F_dwave: (-1.6550960459577808e-35+3.7142378041147845e-21j)
F_px: (4.7291761482010955e-20+8.303837308900346e-21j), F_py: (4.174111455635039e-20-8.303837308905922e-21j)
Free_energy = -16495.695247438078
------------------------------------------
[{'stable': {}, 'free': np.float64(-16495.667804134402)}, {'stable': {'Fuu_px': np.complex128(0.002324341642877042-6.191949910033518e-16j)}, 'free': np.float64(-16495.694853554713)}, {'stable': {'Fuu_px': np.complex128(0.0016554365482258616-1.3587301829020535e-16j), 'Fuu_py': np.complex128(0.0016554365482258527-1.1515933710835876e-16j)}, 'free': np.float64(-16495.695247438078)}]
------------------------------------------
  Seed: uu:px+ipy
  Seed uu: [ 1.89273464e-03-1.88159866e-16j -1.89273464e-03+1.77406981e-16j
  1.94325035e-16+1.89273464e-03j -1.83809452e-16-1.89273464e-03j], Seed dd: [0.+0.j 0.+0.j 0.+0.j 0.+0.j]
F_onsite: (-4.4488332552303437e-20+1.610037601054071e-20j)
F_swave: (3.0819458841758545e-20-1.0603415715967266e-20j), F_dwave: (8.105547368508214e-21+1.3837904925174942e-20j)
F_px: (9.116620063948794e-20-1.9279823172503312e-20j), F_py: (-3.388851370661027e-20+9.999782913610881e-21j)
Free_energy = -16495.703669167717
------------------------------------------
[{'stable': {}, 'free': np.float64(-16495.667804134402)}, {'stable': {'Fuu_px': np.complex128(0.002324341642877042-6.191949910033518e-16j)}, 'free': np.float64(-16495.694853554713)}, {'stable': {'Fuu_px': np.complex128(0.0016554365482258616-1.3587301829020535e-16j), 'Fuu_py': np.complex128(0.0016554365482258527-1.1515933710835876e-16j)}, 'free': np.float64(-16495.695247438078)}, {'stable': {'Fuu_px': np.complex128(0.0018925131664766894-1.907270870213531e-16j), 'Fuu_py': np.complex128(1.941314745637682e-16+0.0018925131664765803j)}, 'free': np.float64(-16495.703669167717)}]
------------------------------------------
  Seed: dd:px
  Seed uu: [0.+0.j 0.+0.j 0.+0.j 0.+0.j], Seed dd: [ 2.32460434e-03-6.23797235e-16j -2.32460434e-03+5.92911152e-16j
  1.13559697e-18-8.12781629e-15j -1.04164166e-18+8.10437865e-15j]
F_onsite: (-1.2043131219648498e-20+4.121915105332661e-34j)
F_swave: (8.392612821914047e-21-2.7642925153936913e-34j), F_dwave: (-2.0889916277488286e-21-2.5019221762901567e-34j)
F_px: (-9.892960456520372e-34-1.4832875507701476e-20j), F_py: (2.3547502835672063e-34-1.0258810969607905e-21j)
Free_energy = -16495.694853554713
------------------------------------------
[{'stable': {}, 'free': np.float64(-16495.667804134402)}, {'stable': {'Fuu_px': np.complex128(0.002324341642877042-6.191949910033518e-16j)}, 'free': np.float64(-16495.694853554713)}, {'stable': {'Fuu_px': np.complex128(0.0016554365482258616-1.3587301829020535e-16j), 'Fuu_py': np.complex128(0.0016554365482258527-1.1515933710835876e-16j)}, 'free': np.float64(-16495.695247438078)}, {'stable': {'Fuu_px': np.complex128(0.0018925131664766894-1.907270870213531e-16j), 'Fuu_py': np.complex128(1.941314745637682e-16+0.0018925131664765803j)}, 'free': np.float64(-16495.703669167717)}, {'stable': {'Fdd_px': np.complex128(0.002324341642877047-6.233521426816922e-16j)}, 'free': np.float64(-16495.694853554713)}]
------------------------------------------
  Seed: dd:px+py
  Seed uu: [0.+0.j 0.+0.j 0.+0.j 0.+0.j], Seed dd: [ 0.00165568-1.27615718e-16j -0.00165568+1.22364510e-16j
  0.00165568-1.26539258e-16j -0.00165568+1.21505328e-16j]
F_onsite: (7.291853440829349e-21-1.3676662153940988e-35j)
F_swave: (-5.0220410830283666e-21+1.598672317118311e-35j), F_dwave: (2.1780920389060595e-22-1.692711865184094e-36j)
F_px: (7.52316384526264e-37+8.18918777874343e-21j), F_py: (3.423039549594501e-35+4.500588350439147e-21j)
Free_energy = -16495.695247438078
------------------------------------------
[{'stable': {}, 'free': np.float64(-16495.667804134402)}, {'stable': {'Fuu_px': np.complex128(0.002324341642877042-6.191949910033518e-16j)}, 'free': np.float64(-16495.694853554713)}, {'stable': {'Fuu_px': np.complex128(0.0016554365482258616-1.3587301829020535e-16j), 'Fuu_py': np.complex128(0.0016554365482258527-1.1515933710835876e-16j)}, 'free': np.float64(-16495.695247438078)}, {'stable': {'Fuu_px': np.complex128(0.0018925131664766894-1.907270870213531e-16j), 'Fuu_py': np.complex128(1.941314745637682e-16+0.0018925131664765803j)}, 'free': np.float64(-16495.703669167717)}, {'stable': {'Fdd_px': np.complex128(0.002324341642877047-6.233521426816922e-16j)}, 'free': np.float64(-16495.694853554713)}, {'stable': {'Fdd_px': np.complex128(0.001655436548225862-1.2792962272019332e-16j), 'Fdd_py': np.complex128(0.0016554365482258555-1.2596508200026968e-16j)}, 'free': np.float64(-16495.695247438078)}]
------------------------------------------
  Seed: dd:px+ipy
  Seed uu: [0.+0.j 0.+0.j 0.+0.j 0.+0.j], Seed dd: [ 1.89273464e-03-1.88933346e-16j -1.89273464e-03+1.78312962e-16j
  1.94150242e-16+1.89273464e-03j -1.83658111e-16-1.89273464e-03j]
F_onsite: (-1.2519619691167956e-20+6.7261277483405e-22j)
F_swave: (8.781690098702912e-21-4.621413324448504e-22j), F_dwave: (2.7402262014598567e-21-9.340558289601211e-23j)
F_px: (-4.720184941456023e-22-6.073976465278317e-22j), F_py: (-4.900574634518088e-22+1.2433509413336842e-20j)
Free_energy = -16495.70366916772
------------------------------------------
[{'stable': {}, 'free': np.float64(-16495.667804134402)}, {'stable': {'Fuu_px': np.complex128(0.002324341642877042-6.191949910033518e-16j)}, 'free': np.float64(-16495.694853554713)}, {'stable': {'Fuu_px': np.complex128(0.0016554365482258616-1.3587301829020535e-16j), 'Fuu_py': np.complex128(0.0016554365482258527-1.1515933710835876e-16j)}, 'free': np.float64(-16495.695247438078)}, {'stable': {'Fuu_px': np.complex128(0.0018925131664766894-1.907270870213531e-16j), 'Fuu_py': np.complex128(1.941314745637682e-16+0.0018925131664765803j)}, 'free': np.float64(-16495.703669167717)}, {'stable': {'Fdd_px': np.complex128(0.002324341642877047-6.233521426816922e-16j)}, 'free': np.float64(-16495.694853554713)}, {'stable': {'Fdd_px': np.complex128(0.001655436548225862-1.2792962272019332e-16j), 'Fdd_py': np.complex128(0.0016554365482258555-1.2596508200026968e-16j)}, 'free': np.float64(-16495.695247438078)}, {'stable': {'Fdd_px': np.complex128(0.0018925131664766894-1.9137952076642063e-16j), 'Fdd_py': np.complex128(1.9399853340444112e-16+0.0018925131664765805j)}, 'free': np.float64(-16495.70366916772)}]
------------------------------------------
  Seed: uu+dd:px
  Seed uu: [ 2.32460434e-03-6.21178302e-16j -2.32460434e-03+5.90424203e-16j
  1.01850997e-18-8.03854774e-15j -9.56839933e-19+8.01471015e-15j], Seed dd: [ 2.32460434e-03-6.19995652e-16j -2.32460434e-03+5.88916683e-16j
  8.51386399e-19-7.97460467e-15j -8.34349787e-19+7.95171445e-15j]
F_onsite: (2.8721890499928305e-23+4.6741238817191487e-20j)
F_swave: (-1.7863773684200874e-22-3.25917516211178e-20j), F_dwave: (1.8721895856792677e-22+2.8865940121301407e-21j)
F_px: (1.1991855537754143e-19+3.086010987070447e-22j), F_py: (9.070624744358917e-21+1.9498263109952558e-22j)
Free_energy = -16495.721902974972
------------------------------------------
[{'stable': {}, 'free': np.float64(-16495.667804134402)}, {'stable': {'Fuu_px': np.complex128(0.002324341642877042-6.191949910033518e-16j)}, 'free': np.float64(-16495.694853554713)}, {'stable': {'Fuu_px': np.complex128(0.0016554365482258616-1.3587301829020535e-16j), 'Fuu_py': np.complex128(0.0016554365482258527-1.1515933710835876e-16j)}, 'free': np.float64(-16495.695247438078)}, {'stable': {'Fuu_px': np.complex128(0.0018925131664766894-1.907270870213531e-16j), 'Fuu_py': np.complex128(1.941314745637682e-16+0.0018925131664765803j)}, 'free': np.float64(-16495.703669167717)}, {'stable': {'Fdd_px': np.complex128(0.002324341642877047-6.233521426816922e-16j)}, 'free': np.float64(-16495.694853554713)}, {'stable': {'Fdd_px': np.complex128(0.001655436548225862-1.2792962272019332e-16j), 'Fdd_py': np.complex128(0.0016554365482258555-1.2596508200026968e-16j)}, 'free': np.float64(-16495.695247438078)}, {'stable': {'Fdd_px': np.complex128(0.0018925131664766894-1.9137952076642063e-16j), 'Fdd_py': np.complex128(1.9399853340444112e-16+0.0018925131664765805j)}, 'free': np.float64(-16495.70366916772)}, {'stable': {'Fuu_px': np.complex128(0.0023243416428770426-6.203362090810993e-16j), 'Fdd_px': np.complex128(0.0023243416428770486-6.19885028379066e-16j)}, 'free': np.float64(-16495.721902974972)}]
------------------------------------------
  Seed: uu+dd:px+py
  Seed uu: [ 0.00165568-1.27217519e-16j -0.00165568+1.21646438e-16j
  0.00165568-1.24825975e-16j -0.00165568+1.19304286e-16j], Seed dd: [ 0.00165568-1.30839260e-16j -0.00165568+1.25385440e-16j
  0.00165568-1.21035952e-16j -0.00165568+1.15507937e-16j]
F_onsite: (8.849757748072372e-22+3.296832087012147e-20j)
F_swave: (-6.186613209192385e-22-2.2809038155927307e-20j), F_dwave: (3.5663956177786336e-23-6.051291009227101e-22j)
F_px: (7.903197049401347e-20+2.080996897541792e-21j), F_py: (7.995374136332464e-20-2.329861228782127e-21j)
Free_energy = -16495.722690741593
------------------------------------------
[{'stable': {}, 'free': np.float64(-16495.667804134402)}, {'stable': {'Fuu_px': np.complex128(0.002324341642877042-6.191949910033518e-16j)}, 'free': np.float64(-16495.694853554713)}, {'stable': {'Fuu_px': np.complex128(0.0016554365482258616-1.3587301829020535e-16j), 'Fuu_py': np.complex128(0.0016554365482258527-1.1515933710835876e-16j)}, 'free': np.float64(-16495.695247438078)}, {'stable': {'Fuu_px': np.complex128(0.0018925131664766894-1.907270870213531e-16j), 'Fuu_py': np.complex128(1.941314745637682e-16+0.0018925131664765803j)}, 'free': np.float64(-16495.703669167717)}, {'stable': {'Fdd_px': np.complex128(0.002324341642877047-6.233521426816922e-16j)}, 'free': np.float64(-16495.694853554713)}, {'stable': {'Fdd_px': np.complex128(0.001655436548225862-1.2792962272019332e-16j), 'Fdd_py': np.complex128(0.0016554365482258555-1.2596508200026968e-16j)}, 'free': np.float64(-16495.695247438078)}, {'stable': {'Fdd_px': np.complex128(0.0018925131664766894-1.9137952076642063e-16j), 'Fdd_py': np.complex128(1.9399853340444112e-16+0.0018925131664765805j)}, 'free': np.float64(-16495.70366916772)}, {'stable': {'Fuu_px': np.complex128(0.0023243416428770426-6.203362090810993e-16j), 'Fdd_px': np.complex128(0.0023243416428770486-6.19885028379066e-16j)}, 'free': np.float64(-16495.721902974972)}, {'stable': {'Fuu_px': np.complex128(0.0016554365482258607-1.2752115431626974e-16j), 'Fuu_py': np.complex128(0.0016554365482258546-1.243397713582765e-16j), 'Fdd_px': np.complex128(0.0016554365482258603-1.3139284265649564e-16j), 'Fdd_py': np.complex128(0.0016554365482258529-1.2023951647118994e-16j)}, 'free': np.float64(-16495.722690741593)}]
------------------------------------------
  Seed: uu+dd:px+ipy
  Seed uu: [ 1.89273464e-03-1.87952488e-16j -1.89273464e-03+1.77357449e-16j
  1.94042218e-16+1.89273464e-03j -1.83482808e-16-1.89273464e-03j], Seed dd: [ 1.89273464e-03-1.83728467e-16j -1.89273464e-03+1.73284591e-16j
  1.92310281e-16+1.89273464e-03j -1.81962086e-16-1.89273464e-03j]
F_onsite: (-1.245793036539835e-20-1.914178774971e-20j)
F_swave: (9.960403609882087e-21+1.3795618083774172e-20j), F_dwave: (-1.7784097733455666e-21-4.926930686897639e-22j)
F_px: (3.1623968393237686e-20+1.7400147141609548e-20j), F_py: (1.1327482290246366e-20+1.0920756309288831e-20j)
Free_energy = -16495.739534200926
------------------------------------------
[{'stable': {}, 'free': np.float64(-16495.667804134402)}, {'stable': {'Fuu_px': np.complex128(0.002324341642877042-6.191949910033518e-16j)}, 'free': np.float64(-16495.694853554713)}, {'stable': {'Fuu_px': np.complex128(0.0016554365482258616-1.3587301829020535e-16j), 'Fuu_py': np.complex128(0.0016554365482258527-1.1515933710835876e-16j)}, 'free': np.float64(-16495.695247438078)}, {'stable': {'Fuu_px': np.complex128(0.0018925131664766894-1.907270870213531e-16j), 'Fuu_py': np.complex128(1.941314745637682e-16+0.0018925131664765803j)}, 'free': np.float64(-16495.703669167717)}, {'stable': {'Fdd_px': np.complex128(0.002324341642877047-6.233521426816922e-16j)}, 'free': np.float64(-16495.694853554713)}, {'stable': {'Fdd_px': np.complex128(0.001655436548225862-1.2792962272019332e-16j), 'Fdd_py': np.complex128(0.0016554365482258555-1.2596508200026968e-16j)}, 'free': np.float64(-16495.695247438078)}, {'stable': {'Fdd_px': np.complex128(0.0018925131664766894-1.9137952076642063e-16j), 'Fdd_py': np.complex128(1.9399853340444112e-16+0.0018925131664765805j)}, 'free': np.float64(-16495.70366916772)}, {'stable': {'Fuu_px': np.complex128(0.0023243416428770426-6.203362090810993e-16j), 'Fdd_px': np.complex128(0.0023243416428770486-6.19885028379066e-16j)}, 'free': np.float64(-16495.721902974972)}, {'stable': {'Fuu_px': np.complex128(0.0016554365482258607-1.2752115431626974e-16j), 'Fuu_py': np.complex128(0.0016554365482258546-1.243397713582765e-16j), 'Fdd_px': np.complex128(0.0016554365482258603-1.3139284265649564e-16j), 'Fdd_py': np.complex128(0.0016554365482258529-1.2023951647118994e-16j)}, 'free': np.float64(-16495.722690741593)}, {'stable': {'Fuu_px': np.complex128(0.00189251316647669-1.9075071129964762e-16j), 'Fuu_py': np.complex128(1.9384946553189172e-16+0.001892513166476581j), 'Fdd_px': np.complex128(0.001892513166476688-1.8677031819204245e-16j), 'Fdd_py': np.complex128(1.919475853977302e-16+0.0018925131664765814j)}, 'free': np.float64(-16495.739534200926)}]
------------------------------------------
====================================
mu=2.81, T=0.0756
====================================
  Seed: normal state
  Seed uu: [0.+0.j 0.+0.j 0.+0.j 0.+0.j], Seed dd: [0.+0.j 0.+0.j 0.+0.j 0.+0.j]
F_onsite: 0j
F_swave: 0j, F_dwave: 0j
F_px: 0j, F_py: 0j
Free_energy = -16497.734882068853
------------------------------------------
[{'stable': {}, 'free': np.float64(-16497.734882068853)}]
------------------------------------------
  Seed: uu:px
  Seed uu: [ 2.32434164e-03-6.34707503e-16j -2.32434164e-03+6.03682479e-16j
  7.77035269e-19-8.87852153e-15j -7.79381154e-19+8.85582302e-15j], Seed dd: [0.+0.j 0.+0.j 0.+0.j 0.+0.j]
F_onsite: (-6.306872373945815e-21+6.108646585105725e-20j)
F_swave: (4.3775256547948034e-21-4.2593473916464236e-20j), F_dwave: (1.9293467192107966e-21+1.1269145139977013e-20j)
F_px: (3.453080454071881e-19-2.483727404530389e-31j), F_py: (5.1639441244729167e-20+8.50085958228354e-21j)
Free_energy = -16497.761237044648
------------------------------------------
[{'stable': {}, 'free': np.float64(-16497.734882068853)}, {'stable': {'Fuu_px': np.complex128(0.0023241173423000595-6.33782215226606e-16j)}, 'free': np.float64(-16497.761237044648)}]
------------------------------------------
  Seed: uu:px+py
  Seed uu: [ 0.00165544-1.38761321e-16j -0.00165544+1.32984715e-16j
  0.00165544-1.18086915e-16j -0.00165544+1.12231760e-16j], Seed dd: [0.+0.j 0.+0.j 0.+0.j 0.+0.j]
F_onsite: (-4.7876458577415845e-24+1.8946741374270034e-20j)
F_swave: (2.4776502132873398e-24-1.3190192156213053e-20j), F_dwave: (1.1615764977085516e-33+1.1630319127500475e-20j)
F_px: (5.642252609314868e-20-3.873662304201024e-22j), F_py: (8.49301706914916e-20+3.873662304085358e-22j)
Free_energy = -16497.761619094275
------------------------------------------
[{'stable': {}, 'free': np.float64(-16497.734882068853)}, {'stable': {'Fuu_px': np.complex128(0.0023241173423000595-6.33782215226606e-16j)}, 'free': np.float64(-16497.761237044648)}, {'stable': {'Fuu_px': np.complex128(0.0016552326051086788-1.4095524244351075e-16j), 'Fuu_py': np.complex128(0.0016552326051086715-1.1766996261635521e-16j)}, 'free': np.float64(-16497.761619094275)}]
------------------------------------------
  Seed: uu:px+ipy
  Seed uu: [ 1.89251317e-03-1.96138929e-16j -1.89251317e-03+1.85315245e-16j
  1.99349032e-16+1.89251317e-03j -1.88913917e-16-1.89251317e-03j], Seed dd: [0.+0.j 0.+0.j 0.+0.j 0.+0.j]
F_onsite: (-5.84951663672433e-20+8.525348403142794e-20j)
F_swave: (4.0872406430118456e-20-5.995165974743213e-20j), F_dwave: (-8.523720095775603e-21+6.109427723808117e-21j)
F_px: (7.681865977584676e-20-1.1328728604344814e-20j), F_py: (-2.3780613573485818e-20+2.554872505292938e-20j)
Free_energy = -16497.769826021784
------------------------------------------
[{'stable': {}, 'free': np.float64(-16497.734882068853)}, {'stable': {'Fuu_px': np.complex128(0.0023241173423000595-6.33782215226606e-16j)}, 'free': np.float64(-16497.761237044648)}, {'stable': {'Fuu_px': np.complex128(0.0016552326051086788-1.4095524244351075e-16j), 'Fuu_py': np.complex128(0.0016552326051086715-1.1766996261635521e-16j)}, 'free': np.float64(-16497.761619094275)}, {'stable': {'Fuu_px': np.complex128(0.001892326478361543-1.9872748857045983e-16j), 'Fuu_py': np.complex128(1.9926377623135756e-16+0.0018923264783614311j)}, 'free': np.float64(-16497.769826021784)}]
------------------------------------------
  Seed: dd:px
  Seed uu: [0.+0.j 0.+0.j 0.+0.j 0.+0.j], Seed dd: [ 2.32434164e-03-6.38478381e-16j -2.32434164e-03+6.08225904e-16j
  1.24129990e-18-9.03059272e-15j -1.23618917e-18+9.00767287e-15j]
F_onsite: (1.81271655298412e-20-2.913167631614165e-22j)
F_swave: (-1.2609371012197134e-20+2.0712285835705031e-22j), F_dwave: (-4.096928171754013e-21+1.7528425531703205e-23j)
F_px: (-1.356288131439955e-23-1.8212785528899885e-22j), F_py: (6.666265019180583e-23+1.378869729753556e-20j)
Free_energy = -16497.769771398267
------------------------------------------
[{'stable': {}, 'free': np.float64(-16497.734882068853)}, {'stable': {'Fuu_px': np.complex128(0.0023241173423000595-6.33782215226606e-16j)}, 'free': np.float64(-16497.761237044648)}, {'stable': {'Fuu_px': np.complex128(0.0016552326051086788-1.4095524244351075e-16j), 'Fuu_py': np.complex128(0.0016552326051086715-1.1766996261635521e-16j)}, 'free': np.float64(-16497.761619094275)}, {'stable': {'Fuu_px': np.complex128(0.001892326478361543-1.9872748857045983e-16j), 'Fuu_py': np.complex128(1.9926377623135756e-16+0.0018923264783614311j)}, 'free': np.float64(-16497.769826021784)}, {'stable': {'Fdd_px': np.complex128(0.0019017671598617874-3.821013462573334e-15j), 'Fdd_py': np.complex128(-3.776761619216185e-15-0.0018803210785217452j)}, 'free': np.float64(-16497.769771398267)}]
------------------------------------------
  Seed: dd:px+py
  Seed uu: [0.+0.j 0.+0.j 0.+0.j 0.+0.j], Seed dd: [ 0.00165544-1.30591927e-16j -0.00165544+1.25267319e-16j
  0.00165544-1.28916429e-16j -0.00165544+1.23013735e-16j]
F_onsite: (2.5713616823446477e-20+3.236131770608872e-34j)
F_swave: (-1.785350466049301e-20-2.2212141253137945e-34j), F_dwave: (1.1986820729008686e-22-1.786751413249877e-35j)
F_px: (2.5578757073892976e-35-3.568789968858346e-21j), F_py: (1.128474576789396e-34-4.264482252996104e-21j)
Free_energy = -16497.761619094275
------------------------------------------
[{'stable': {}, 'free': np.float64(-16497.734882068853)}, {'stable': {'Fuu_px': np.complex128(0.0023241173423000595-6.33782215226606e-16j)}, 'free': np.float64(-16497.761237044648)}, {'stable': {'Fuu_px': np.complex128(0.0016552326051086788-1.4095524244351075e-16j), 'Fuu_py': np.complex128(0.0016552326051086715-1.1766996261635521e-16j)}, 'free': np.float64(-16497.761619094275)}, {'stable': {'Fuu_px': np.complex128(0.001892326478361543-1.9872748857045983e-16j), 'Fuu_py': np.complex128(1.9926377623135756e-16+0.0018923264783614311j)}, 'free': np.float64(-16497.769826021784)}, {'stable': {'Fdd_px': np.complex128(0.0019017671598617874-3.821013462573334e-15j), 'Fdd_py': np.complex128(-3.776761619216185e-15-0.0018803210785217452j)}, 'free': np.float64(-16497.769771398267)}, {'stable': {'Fdd_px': np.complex128(0.0016552326051086788-1.3194737130426139e-16j), 'Fdd_py': np.complex128(0.001655232605108673-1.2935688647120662e-16j)}, 'free': np.float64(-16497.761619094275)}]
------------------------------------------
  Seed: dd:px+ipy
  Seed uu: [0.+0.j 0.+0.j 0.+0.j 0.+0.j], Seed dd: [ 1.89251317e-03-1.96474857e-16j -1.89251317e-03+1.86284184e-16j
  1.99220356e-16+1.89251317e-03j -1.88776711e-16-1.89251317e-03j]
F_onsite: (1.556984782636576e-21+1.0154502267562984e-22j)
F_swave: (-1.0358162951917537e-21-6.283742447060401e-23j), F_dwave: (5.373967639209267e-21+6.775352319925235e-23j)
F_px: (1.2796089397966032e-23-4.753084020045506e-21j), F_py: (2.3847423490899753e-22+8.594504525412132e-21j)
Free_energy = -16497.769826021777
------------------------------------------
[{'stable': {}, 'free': np.float64(-16497.734882068853)}, {'stable': {'Fuu_px': np.complex128(0.0023241173423000595-6.33782215226606e-16j)}, 'free': np.float64(-16497.761237044648)}, {'stable': {'Fuu_px': np.complex128(0.0016552326051086788-1.4095524244351075e-16j), 'Fuu_py': np.complex128(0.0016552326051086715-1.1766996261635521e-16j)}, 'free': np.float64(-16497.761619094275)}, {'stable': {'Fuu_px': np.complex128(0.001892326478361543-1.9872748857045983e-16j), 'Fuu_py': np.complex128(1.9926377623135756e-16+0.0018923264783614311j)}, 'free': np.float64(-16497.769826021784)}, {'stable': {'Fdd_px': np.complex128(0.0019017671598617874-3.821013462573334e-15j), 'Fdd_py': np.complex128(-3.776761619216185e-15-0.0018803210785217452j)}, 'free': np.float64(-16497.769771398267)}, {'stable': {'Fdd_px': np.complex128(0.0016552326051086788-1.3194737130426139e-16j), 'Fdd_py': np.complex128(0.001655232605108673-1.2935688647120662e-16j)}, 'free': np.float64(-16497.761619094275)}, {'stable': {'Fdd_px': np.complex128(0.001892326478361542-1.9912388675488504e-16j), 'Fdd_py': np.complex128(1.9919384307364988e-16+0.0018923264783614322j)}, 'free': np.float64(-16497.769826021777)}]
------------------------------------------
  Seed: uu+dd:px
  Seed uu: [ 2.32434164e-03-6.35685647e-16j -2.32434164e-03+6.04986771e-16j
  9.87907596e-19-8.93506769e-15j -9.70913584e-19+8.91252349e-15j], Seed dd: [ 2.32434164e-03-6.35538846e-16j -2.32434164e-03+6.04231211e-16j
  8.18833119e-19-8.86205205e-15j -7.75895415e-19+8.83949720e-15j]
F_onsite: (-1.2727389377870431e-20-2.9288349696984236e-20j)
F_swave: (8.880364958432129e-21+2.0749756008796227e-20j), F_dwave: (3.8764279500402985e-21+4.629109114975535e-22j)
F_px: (2.2657489628595167e-19+4.240450389565263e-23j), F_py: (6.851496051003608e-21+1.7135497381304278e-20j)
Free_energy = -16497.78759202034
------------------------------------------
[{'stable': {}, 'free': np.float64(-16497.734882068853)}, {'stable': {'Fuu_px': np.complex128(0.0023241173423000595-6.33782215226606e-16j)}, 'free': np.float64(-16497.761237044648)}, {'stable': {'Fuu_px': np.complex128(0.0016552326051086788-1.4095524244351075e-16j), 'Fuu_py': np.complex128(0.0016552326051086715-1.1766996261635521e-16j)}, 'free': np.float64(-16497.761619094275)}, {'stable': {'Fuu_px': np.complex128(0.001892326478361543-1.9872748857045983e-16j), 'Fuu_py': np.complex128(1.9926377623135756e-16+0.0018923264783614311j)}, 'free': np.float64(-16497.769826021784)}, {'stable': {'Fdd_px': np.complex128(0.0019017671598617874-3.821013462573334e-15j), 'Fdd_py': np.complex128(-3.776761619216185e-15-0.0018803210785217452j)}, 'free': np.float64(-16497.769771398267)}, {'stable': {'Fdd_px': np.complex128(0.0016552326051086788-1.3194737130426139e-16j), 'Fdd_py': np.complex128(0.001655232605108673-1.2935688647120662e-16j)}, 'free': np.float64(-16497.761619094275)}, {'stable': {'Fdd_px': np.complex128(0.001892326478361542-1.9912388675488504e-16j), 'Fdd_py': np.complex128(1.9919384307364988e-16+0.0018923264783614322j)}, 'free': np.float64(-16497.769826021777)}, {'stable': {'Fuu_px': np.complex128(0.002324117342300056-6.35722807413435e-16j), 'Fdd_px': np.complex128(0.0023241173423000634-6.347153014273454e-16j)}, 'free': np.float64(-16497.78759202034)}]
------------------------------------------
  Seed: uu+dd:px+py
  Seed uu: [ 0.00165544-1.30359231e-16j -0.00165544+1.24683078e-16j
  0.00165544-1.27297921e-16j -0.00165544+1.21381621e-16j], Seed dd: [ 0.00165544-1.34090715e-16j -0.00165544+1.28694970e-16j
  0.00165544-1.23013616e-16j -0.00165544+1.17465417e-16j]
F_onsite: (-4.947543068398356e-22+5.538649943881836e-20j)
F_swave: (3.4584078222937524e-22-3.9517618518824237e-20j), F_dwave: (2.3743447784862665e-22-2.872172768771577e-21j)
F_px: (4.3883700267135793e-20+4.6545979113312974e-21j), F_py: (7.827728183426262e-20-4.657786048555348e-21j)
Free_energy = -16497.7883561195
------------------------------------------
[{'stable': {}, 'free': np.float64(-16497.734882068853)}, {'stable': {'Fuu_px': np.complex128(0.0023241173423000595-6.33782215226606e-16j)}, 'free': np.float64(-16497.761237044648)}, {'stable': {'Fuu_px': np.complex128(0.0016552326051086788-1.4095524244351075e-16j), 'Fuu_py': np.complex128(0.0016552326051086715-1.1766996261635521e-16j)}, 'free': np.float64(-16497.761619094275)}, {'stable': {'Fuu_px': np.complex128(0.001892326478361543-1.9872748857045983e-16j), 'Fuu_py': np.complex128(1.9926377623135756e-16+0.0018923264783614311j)}, 'free': np.float64(-16497.769826021784)}, {'stable': {'Fdd_px': np.complex128(0.0019017671598617874-3.821013462573334e-15j), 'Fdd_py': np.complex128(-3.776761619216185e-15-0.0018803210785217452j)}, 'free': np.float64(-16497.769771398267)}, {'stable': {'Fdd_px': np.complex128(0.0016552326051086788-1.3194737130426139e-16j), 'Fdd_py': np.complex128(0.001655232605108673-1.2935688647120662e-16j)}, 'free': np.float64(-16497.761619094275)}, {'stable': {'Fdd_px': np.complex128(0.001892326478361542-1.9912388675488504e-16j), 'Fdd_py': np.complex128(1.9919384307364988e-16+0.0018923264783614322j)}, 'free': np.float64(-16497.769826021777)}, {'stable': {'Fuu_px': np.complex128(0.002324117342300056-6.35722807413435e-16j), 'Fdd_px': np.complex128(0.0023241173423000634-6.347153014273454e-16j)}, 'free': np.float64(-16497.78759202034)}, {'stable': {'Fuu_px': np.complex128(0.0016552326051086778-1.315732739091506e-16j), 'Fuu_py': np.complex128(0.0016552326051086723-1.2754489770857246e-16j), 'Fdd_px': np.complex128(0.001655232605108678-1.3589900499632931e-16j), 'Fdd_py': np.complex128(0.001655232605108671-1.2298531273605766e-16j)}, 'free': np.float64(-16497.7883561195)}]
------------------------------------------
  Seed: uu+dd:px+ipy
  Seed uu: [ 1.89251317e-03-1.96075369e-16j -1.89251317e-03+1.85426054e-16j
  1.99033254e-16+1.89251317e-03j -1.88665677e-16-1.89251317e-03j], Seed dd: [ 1.89251317e-03-1.91827664e-16j -1.89251317e-03+1.81712972e-16j
  1.97199818e-16+1.89251317e-03j -1.86695352e-16-1.89251317e-03j]
F_onsite: (4.5052891396898356e-20+1.7392540847457395e-21j)
F_swave: (-3.114519596130981e-20-1.0362172630852667e-21j), F_dwave: (-1.229852470421903e-20+6.528149921096484e-21j)
F_px: (-4.246696079710968e-20+2.1478698684899044e-20j), F_py: (-1.617245013101418e-20-6.459742185348901e-20j)
Free_energy = -16497.80476997462
------------------------------------------
[{'stable': {}, 'free': np.float64(-16497.734882068853)}, {'stable': {'Fuu_px': np.complex128(0.0023241173423000595-6.33782215226606e-16j)}, 'free': np.float64(-16497.761237044648)}, {'stable': {'Fuu_px': np.complex128(0.0016552326051086788-1.4095524244351075e-16j), 'Fuu_py': np.complex128(0.0016552326051086715-1.1766996261635521e-16j)}, 'free': np.float64(-16497.761619094275)}, {'stable': {'Fuu_px': np.complex128(0.001892326478361543-1.9872748857045983e-16j), 'Fuu_py': np.complex128(1.9926377623135756e-16+0.0018923264783614311j)}, 'free': np.float64(-16497.769826021784)}, {'stable': {'Fdd_px': np.complex128(0.0019017671598617874-3.821013462573334e-15j), 'Fdd_py': np.complex128(-3.776761619216185e-15-0.0018803210785217452j)}, 'free': np.float64(-16497.769771398267)}, {'stable': {'Fdd_px': np.complex128(0.0016552326051086788-1.3194737130426139e-16j), 'Fdd_py': np.complex128(0.001655232605108673-1.2935688647120662e-16j)}, 'free': np.float64(-16497.761619094275)}, {'stable': {'Fdd_px': np.complex128(0.001892326478361542-1.9912388675488504e-16j), 'Fdd_py': np.complex128(1.9919384307364988e-16+0.0018923264783614322j)}, 'free': np.float64(-16497.769826021777)}, {'stable': {'Fuu_px': np.complex128(0.002324117342300056-6.35722807413435e-16j), 'Fdd_px': np.complex128(0.0023241173423000634-6.347153014273454e-16j)}, 'free': np.float64(-16497.78759202034)}, {'stable': {'Fuu_px': np.complex128(0.0016552326051086778-1.315732739091506e-16j), 'Fuu_py': np.complex128(0.0016552326051086723-1.2754489770857246e-16j), 'Fdd_px': np.complex128(0.001655232605108678-1.3589900499632931e-16j), 'Fdd_py': np.complex128(0.001655232605108671-1.2298531273605766e-16j)}, 'free': np.float64(-16497.7883561195)}, {'stable': {'Fuu_px': np.complex128(0.0018923264783615432-1.9885837170442287e-16j), 'Fuu_py': np.complex128(1.9900596057803703e-16+0.0018923264783614314j), 'Fdd_px': np.complex128(0.0018923264783615417-1.9511935651700557e-16j), 'Fdd_py': np.complex128(1.970315168518199e-16+0.0018923264783614335j)}, 'free': np.float64(-16497.80476997462)}]
------------------------------------------
====================================
mu=2.81, T=0.0839
====================================
  Seed: normal state
  Seed uu: [0.+0.j 0.+0.j 0.+0.j 0.+0.j], Seed dd: [0.+0.j 0.+0.j 0.+0.j 0.+0.j]
F_onsite: 0j
F_swave: 0j, F_dwave: 0j
F_px: 0j, F_py: 0j
Free_energy = -16500.042345201997
------------------------------------------
[{'stable': {}, 'free': np.float64(-16500.042345201997)}]
------------------------------------------
  Seed: uu:px
  Seed uu: [ 2.32411734e-03-6.48884432e-16j -2.32411734e-03+6.18679998e-16j
  7.67085114e-19-9.86377618e-15j -8.06666533e-19+9.84083037e-15j], Seed dd: [0.+0.j 0.+0.j 0.+0.j 0.+0.j]
F_onsite: (-6.816009470130031e-20+1.9187281055701135e-21j)
F_swave: (4.891632729672781e-20-5.0135563363657715e-22j), F_dwave: (1.006898015768916e-20+2.3260432060828675e-21j)
F_px: (5.984744548771333e-21+1.2957374898759798e-20j), F_py: (-1.5766352639252555e-20+5.452670069871457e-20j)
Free_energy = -16500.076419432553
------------------------------------------
[{'stable': {}, 'free': np.float64(-16500.042345201997)}, {'stable': {'Fuu_px': np.complex128(0.0019010675191117679-3.809185815443953e-15j), 'Fuu_py': np.complex128(-3.769397306323241e-15-0.001881088425529446j)}, 'free': np.float64(-16500.076419432553)}]
------------------------------------------
  Seed: uu:px+py
  Seed uu: [ 0.00165523-1.43581243e-16j -0.00165523+1.38329242e-16j
  0.00165523-1.20660373e-16j -0.00165523+1.14679553e-16j], Seed dd: [0.+0.j 0.+0.j 0.+0.j 0.+0.j]
F_onsite: (-2.1977701721160266e-22+4.6144669581904745e-20j)
F_swave: (1.6269217614145144e-22-3.16981888659035e-20j), F_dwave: (-9.719927688079331e-34-1.139000551586392e-20j)
F_px: (7.167489103261231e-20+6.204242921587335e-21j), F_py: (9.197543237729346e-20-6.204242921601194e-21j)
Free_energy = -16500.06845025565
------------------------------------------
[{'stable': {}, 'free': np.float64(-16500.042345201997)}, {'stable': {'Fuu_px': np.complex128(0.0019010675191117679-3.809185815443953e-15j), 'Fuu_py': np.complex128(-3.769397306323241e-15-0.001881088425529446j)}, 'free': np.float64(-16500.076419432553)}, {'stable': {'Fuu_px': np.complex128(0.0016550609143933066-1.4728691298591015e-16j), 'Fuu_py': np.complex128(0.0016550609143932949-1.2054332998401331e-16j)}, 'free': np.float64(-16500.06845025565)}]
------------------------------------------
  Seed: uu:px+ipy
  Seed uu: [ 1.89232648e-03-2.03871493e-16j -1.89232648e-03+1.93583484e-16j
  2.04429503e-16+1.89232648e-03j -1.94098050e-16-1.89232648e-03j], Seed dd: [0.+0.j 0.+0.j 0.+0.j 0.+0.j]
F_onsite: (-1.5248595021375835e-20+1.5993648889808126e-20j)
F_swave: (1.129731572208168e-20-1.0296909776374215e-20j), F_dwave: (1.0058104303535233e-21+5.3369434441631914e-21j)
F_px: (-1.9281897506095496e-20+1.233717339357458e-20j), F_py: (1.5889477644676357e-20-3.0436036906895473e-20j)
Free_energy = -16500.076464796355
------------------------------------------
[{'stable': {}, 'free': np.float64(-16500.042345201997)}, {'stable': {'Fuu_px': np.complex128(0.0019010675191117679-3.809185815443953e-15j), 'Fuu_py': np.complex128(-3.769397306323241e-15-0.001881088425529446j)}, 'free': np.float64(-16500.076419432553)}, {'stable': {'Fuu_px': np.complex128(0.0016550609143933066-1.4728691298591015e-16j), 'Fuu_py': np.complex128(0.0016550609143932949-1.2054332998401331e-16j)}, 'free': np.float64(-16500.06845025565)}, {'stable': {'Fuu_px': np.complex128(0.0018921691108416162-2.0256465039191777e-16j), 'Fuu_py': np.complex128(2.043747465653104e-16+0.0018921691108415052j)}, 'free': np.float64(-16500.076464796355)}]
------------------------------------------
  Seed: dd:px
  Seed uu: [0.+0.j 0.+0.j 0.+0.j 0.+0.j], Seed dd: [ 1.90176716e-03-3.82632677e-15j -1.90176716e-03+3.81570015e-15j
 -3.78191088e-15-1.88032108e-03j  3.77161236e-15+1.88032108e-03j]
F_onsite: (-6.625893286931239e-21-7.958779296966833e-23j)
F_swave: (4.580567956988668e-21+4.9183276093415423e-23j), F_dwave: (-1.140156112811694e-21-2.5709466801465825e-23j)
F_px: (-5.3798408659928935e-22+1.6132317535435573e-21j), F_py: (-4.903433996375172e-22-6.0627533903472366e-21j)
Free_energy = -16500.076419662295
------------------------------------------
[{'stable': {}, 'free': np.float64(-16500.042345201997)}, {'stable': {'Fuu_px': np.complex128(0.0019010675191117679-3.809185815443953e-15j), 'Fuu_py': np.complex128(-3.769397306323241e-15-0.001881088425529446j)}, 'free': np.float64(-16500.076419432553)}, {'stable': {'Fuu_px': np.complex128(0.0016550609143933066-1.4728691298591015e-16j), 'Fuu_py': np.complex128(0.0016550609143932949-1.2054332998401331e-16j)}, 'free': np.float64(-16500.06845025565)}, {'stable': {'Fuu_px': np.complex128(0.0018921691108416162-2.0256465039191777e-16j), 'Fuu_py': np.complex128(2.043747465653104e-16+0.0018921691108415052j)}, 'free': np.float64(-16500.076464796355)}, {'stable': {'Fdd_px': np.complex128(0.0019009342803114932-3.8212858663839375e-15j), 'Fdd_py': np.complex128(-3.783763689866556e-15-0.0018812341019748403j)}, 'free': np.float64(-16500.076419662295)}]
------------------------------------------
  Seed: dd:px+py
  Seed uu: [0.+0.j 0.+0.j 0.+0.j 0.+0.j], Seed dd: [ 0.00165523-1.34756722e-16j -0.00165523+1.29138021e-16j
  0.00165523-1.32474894e-16j -0.00165523+1.26238879e-16j]
F_onsite: (-6.6364182718273165e-21+1.699020320852146e-34j)
F_swave: (4.6845964580457906e-21-1.13975932255729e-34j), F_dwave: (-1.7629890057832072e-21+1.0156271191104564e-35j)
F_px: (-1.2074677971646537e-34+1.281833366397454e-20j), F_py: (-1.4670169498262148e-35+1.1934657010735906e-20j)
Free_energy = -16500.06845025565
------------------------------------------
[{'stable': {}, 'free': np.float64(-16500.042345201997)}, {'stable': {'Fuu_px': np.complex128(0.0019010675191117679-3.809185815443953e-15j), 'Fuu_py': np.complex128(-3.769397306323241e-15-0.001881088425529446j)}, 'free': np.float64(-16500.076419432553)}, {'stable': {'Fuu_px': np.complex128(0.0016550609143933066-1.4728691298591015e-16j), 'Fuu_py': np.complex128(0.0016550609143932949-1.2054332998401331e-16j)}, 'free': np.float64(-16500.06845025565)}, {'stable': {'Fuu_px': np.complex128(0.0018921691108416162-2.0256465039191777e-16j), 'Fuu_py': np.complex128(2.043747465653104e-16+0.0018921691108415052j)}, 'free': np.float64(-16500.076464796355)}, {'stable': {'Fdd_px': np.complex128(0.0019009342803114932-3.8212858663839375e-15j), 'Fdd_py': np.complex128(-3.783763689866556e-15-0.0018812341019748403j)}, 'free': np.float64(-16500.076419662295)}, {'stable': {'Fdd_px': np.complex128(0.0016550609143933075-1.3703222920063716e-16j), 'Fdd_py': np.complex128(0.0016550609143932966-1.335900593565631e-16j)}, 'free': np.float64(-16500.06845025565)}]
------------------------------------------
  Seed: dd:px+ipy
  Seed uu: [0.+0.j 0.+0.j 0.+0.j 0.+0.j], Seed dd: [ 1.89232648e-03-2.04170277e-16j -1.89232648e-03+1.94077496e-16j
  2.04357207e-16+1.89232648e-03j -1.94030479e-16-1.89232648e-03j]
F_onsite: (-8.99741730140519e-21+8.439302980935043e-23j)
F_swave: (6.295248813712202e-21-4.9255639889691923e-23j), F_dwave: (-1.5458128832326883e-21-6.75203323641327e-23j)
F_px: (-5.457321169114063e-22+6.280525433376672e-21j), F_py: (6.216924152042004e-22+6.95158234206862e-21j)
Free_energy = -16500.07646479635
------------------------------------------
[{'stable': {}, 'free': np.float64(-16500.042345201997)}, {'stable': {'Fuu_px': np.complex128(0.0019010675191117679-3.809185815443953e-15j), 'Fuu_py': np.complex128(-3.769397306323241e-15-0.001881088425529446j)}, 'free': np.float64(-16500.076419432553)}, {'stable': {'Fuu_px': np.complex128(0.0016550609143933066-1.4728691298591015e-16j), 'Fuu_py': np.complex128(0.0016550609143932949-1.2054332998401331e-16j)}, 'free': np.float64(-16500.06845025565)}, {'stable': {'Fuu_px': np.complex128(0.0018921691108416162-2.0256465039191777e-16j), 'Fuu_py': np.complex128(2.043747465653104e-16+0.0018921691108415052j)}, 'free': np.float64(-16500.076464796355)}, {'stable': {'Fdd_px': np.complex128(0.0019009342803114932-3.8212858663839375e-15j), 'Fdd_py': np.complex128(-3.783763689866556e-15-0.0018812341019748403j)}, 'free': np.float64(-16500.076419662295)}, {'stable': {'Fdd_px': np.complex128(0.0016550609143933075-1.3703222920063716e-16j), 'Fdd_py': np.complex128(0.0016550609143932966-1.335900593565631e-16j)}, 'free': np.float64(-16500.06845025565)}, {'stable': {'Fdd_px': np.complex128(0.0018921691108416156-2.02736823073337e-16j), 'Fdd_py': np.complex128(2.042858014884038e-16+0.001892169110841506j)}, 'free': np.float64(-16500.07646479635)}]
------------------------------------------
  Seed: uu+dd:px
  Seed uu: [ 2.32411734e-03-6.51384635e-16j -2.32411734e-03+6.20060980e-16j
  8.84825175e-19-9.92725075e-15j -9.95390685e-19+9.90431468e-15j], Seed dd: [ 2.32411734e-03-6.50255097e-16j -2.32411734e-03+6.19175506e-16j
  8.26144982e-19-9.84489103e-15j -7.75223744e-19+9.82119220e-15j]
F_onsite: (3.042945976007899e-20+4.4169480910294606e-20j)
F_swave: (-2.120018051363009e-20-2.995743324558064e-20j), F_dwave: (6.917652980045117e-21-5.02540579764273e-21j)
F_px: (-2.5423853305184423e-20-2.962703735311474e-20j), F_py: (1.5560289129667262e-20-2.4285220898818446e-20j)
Free_energy = -16500.110493731907
------------------------------------------
[{'stable': {}, 'free': np.float64(-16500.042345201997)}, {'stable': {'Fuu_px': np.complex128(0.0019010675191117679-3.809185815443953e-15j), 'Fuu_py': np.complex128(-3.769397306323241e-15-0.001881088425529446j)}, 'free': np.float64(-16500.076419432553)}, {'stable': {'Fuu_px': np.complex128(0.0016550609143933066-1.4728691298591015e-16j), 'Fuu_py': np.complex128(0.0016550609143932949-1.2054332998401331e-16j)}, 'free': np.float64(-16500.06845025565)}, {'stable': {'Fuu_px': np.complex128(0.0018921691108416162-2.0256465039191777e-16j), 'Fuu_py': np.complex128(2.043747465653104e-16+0.0018921691108415052j)}, 'free': np.float64(-16500.076464796355)}, {'stable': {'Fdd_px': np.complex128(0.0019009342803114932-3.8212858663839375e-15j), 'Fdd_py': np.complex128(-3.783763689866556e-15-0.0018812341019748403j)}, 'free': np.float64(-16500.076419662295)}, {'stable': {'Fdd_px': np.complex128(0.0016550609143933075-1.3703222920063716e-16j), 'Fdd_py': np.complex128(0.0016550609143932966-1.335900593565631e-16j)}, 'free': np.float64(-16500.06845025565)}, {'stable': {'Fdd_px': np.complex128(0.0018921691108416156-2.02736823073337e-16j), 'Fdd_py': np.complex128(2.042858014884038e-16+0.001892169110841506j)}, 'free': np.float64(-16500.07646479635)}, {'stable': {'Fuu_px': np.complex128(0.0019010128257527358-3.820701241596765e-15j), 'Fuu_py': np.complex128(-3.777594411422013e-15-0.001881148242158794j), 'Fdd_px': np.complex128(0.0019010824085695553-3.878409546662363e-15j), 'Fdd_py': np.complex128(-3.835757493770949e-15-0.0018810721370651632j)}, 'free': np.float64(-16500.110493731907)}]
------------------------------------------
  Seed: uu+dd:px+py
  Seed uu: [ 0.00165523-1.34536136e-16j -0.00165523+1.28610412e-16j
  0.00165523-1.30684730e-16j -0.00165523+1.24405066e-16j], Seed dd: [ 0.00165523-1.38998715e-16j -0.00165523+1.32799295e-16j
  0.00165523-1.26096921e-16j -0.00165523+1.19873704e-16j]
F_onsite: (-2.3105189137753007e-22-1.5709277279357694e-20j)
F_swave: (1.5410408668024574e-22+1.1064685268788255e-20j), F_dwave: (-8.734188788788786e-23-3.023103699015742e-21j)
F_px: (8.269397269357148e-20+3.2017881690828564e-21j), F_py: (1.240104317172758e-19-3.501791797118497e-21j)
Free_energy = -16500.09455530932
------------------------------------------
[{'stable': {}, 'free': np.float64(-16500.042345201997)}, {'stable': {'Fuu_px': np.complex128(0.0019010675191117679-3.809185815443953e-15j), 'Fuu_py': np.complex128(-3.769397306323241e-15-0.001881088425529446j)}, 'free': np.float64(-16500.076419432553)}, {'stable': {'Fuu_px': np.complex128(0.0016550609143933066-1.4728691298591015e-16j), 'Fuu_py': np.complex128(0.0016550609143932949-1.2054332998401331e-16j)}, 'free': np.float64(-16500.06845025565)}, {'stable': {'Fuu_px': np.complex128(0.0018921691108416162-2.0256465039191777e-16j), 'Fuu_py': np.complex128(2.043747465653104e-16+0.0018921691108415052j)}, 'free': np.float64(-16500.076464796355)}, {'stable': {'Fdd_px': np.complex128(0.0019009342803114932-3.8212858663839375e-15j), 'Fdd_py': np.complex128(-3.783763689866556e-15-0.0018812341019748403j)}, 'free': np.float64(-16500.076419662295)}, {'stable': {'Fdd_px': np.complex128(0.0016550609143933075-1.3703222920063716e-16j), 'Fdd_py': np.complex128(0.0016550609143932966-1.335900593565631e-16j)}, 'free': np.float64(-16500.06845025565)}, {'stable': {'Fdd_px': np.complex128(0.0018921691108416156-2.02736823073337e-16j), 'Fdd_py': np.complex128(2.042858014884038e-16+0.001892169110841506j)}, 'free': np.float64(-16500.07646479635)}, {'stable': {'Fuu_px': np.complex128(0.0019010128257527358-3.820701241596765e-15j), 'Fuu_py': np.complex128(-3.777594411422013e-15-0.001881148242158794j), 'Fdd_px': np.complex128(0.0019010824085695553-3.878409546662363e-15j), 'Fdd_py': np.complex128(-3.835757493770949e-15-0.0018810721370651632j)}, 'free': np.float64(-16500.110493731907)}, {'stable': {'Fuu_px': np.complex128(0.0016550609143933066-1.363244736162021e-16j), 'Fuu_py': np.complex128(0.0016550609143932953-1.310709502842043e-16j), 'Fdd_px': np.complex128(0.0016550609143933062-1.410369811229208e-16j), 'Fdd_py': np.complex128(0.0016550609143932949-1.2589174085843828e-16j)}, 'free': np.float64(-16500.09455530932)}]
------------------------------------------
  Seed: uu+dd:px+ipy
  Seed uu: [ 1.89232648e-03-2.04106452e-16j -1.89232648e-03+1.93610291e-16j
  2.04224150e-16+1.89232648e-03j -1.93787771e-16-1.89232648e-03j], Seed dd: [ 1.89232648e-03-2.00278095e-16j -1.89232648e-03+1.89960618e-16j
  2.02223015e-16+1.89232648e-03j -1.91840019e-16-1.89232648e-03j]
F_onsite: (4.9274956595192686e-20-1.8097427121332444e-20j)
F_swave: (-3.4642318268808323e-20+1.2956125128176124e-20j), F_dwave: (-2.698610650285401e-21+2.574477082072365e-21j)
F_px: (1.237373401039436e-20-9.268298242635279e-21j), F_py: (-4.594848177927615e-21-2.5928233663775802e-20j)
Free_energy = -16500.110584390735
------------------------------------------
[{'stable': {}, 'free': np.float64(-16500.042345201997)}, {'stable': {'Fuu_px': np.complex128(0.0019010675191117679-3.809185815443953e-15j), 'Fuu_py': np.complex128(-3.769397306323241e-15-0.001881088425529446j)}, 'free': np.float64(-16500.076419432553)}, {'stable': {'Fuu_px': np.complex128(0.0016550609143933066-1.4728691298591015e-16j), 'Fuu_py': np.complex128(0.0016550609143932949-1.2054332998401331e-16j)}, 'free': np.float64(-16500.06845025565)}, {'stable': {'Fuu_px': np.complex128(0.0018921691108416162-2.0256465039191777e-16j), 'Fuu_py': np.complex128(2.043747465653104e-16+0.0018921691108415052j)}, 'free': np.float64(-16500.076464796355)}, {'stable': {'Fdd_px': np.complex128(0.0019009342803114932-3.8212858663839375e-15j), 'Fdd_py': np.complex128(-3.783763689866556e-15-0.0018812341019748403j)}, 'free': np.float64(-16500.076419662295)}, {'stable': {'Fdd_px': np.complex128(0.0016550609143933075-1.3703222920063716e-16j), 'Fdd_py': np.complex128(0.0016550609143932966-1.335900593565631e-16j)}, 'free': np.float64(-16500.06845025565)}, {'stable': {'Fdd_px': np.complex128(0.0018921691108416156-2.02736823073337e-16j), 'Fdd_py': np.complex128(2.042858014884038e-16+0.001892169110841506j)}, 'free': np.float64(-16500.07646479635)}, {'stable': {'Fuu_px': np.complex128(0.0019010128257527358-3.820701241596765e-15j), 'Fuu_py': np.complex128(-3.777594411422013e-15-0.001881148242158794j), 'Fdd_px': np.complex128(0.0019010824085695553-3.878409546662363e-15j), 'Fdd_py': np.complex128(-3.835757493770949e-15-0.0018810721370651632j)}, 'free': np.float64(-16500.110493731907)}, {'stable': {'Fuu_px': np.complex128(0.0016550609143933066-1.363244736162021e-16j), 'Fuu_py': np.complex128(0.0016550609143932953-1.310709502842043e-16j), 'Fdd_px': np.complex128(0.0016550609143933062-1.410369811229208e-16j), 'Fdd_py': np.complex128(0.0016550609143932949-1.2589174085843828e-16j)}, 'free': np.float64(-16500.09455530932)}, {'stable': {'Fuu_px': np.complex128(0.0018921691108416167-2.0287543538294374e-16j), 'Fuu_py': np.complex128(2.0416229349678229e-16+0.0018921691108415056j), 'Fdd_px': np.complex128(0.001892169110841615-1.9855870732955206e-16j), 'Fdd_py': np.complex128(2.021173243515389e-16+0.0018921691108415074j)}, 'free': np.float64(-16500.110584390735)}]
------------------------------------------
====================================
mu=2.81, T=0.0922
====================================
  Seed: normal state
  Seed uu: [0.+0.j 0.+0.j 0.+0.j 0.+0.j], Seed dd: [0.+0.j 0.+0.j 0.+0.j 0.+0.j]
F_onsite: 0j
F_swave: 0j, F_dwave: 0j
F_px: 0j, F_py: 0j
Free_energy = -16502.590262923823
------------------------------------------
[{'stable': {}, 'free': np.float64(-16502.590262923823)}]
------------------------------------------
  Seed: uu:px
  Seed uu: [ 1.90106752e-03-3.81460046e-15j -1.90106752e-03+3.80377117e-15j
 -3.77462159e-15-1.88108843e-03j  3.76417303e-15+1.88108843e-03j], Seed dd: [0.+0.j 0.+0.j 0.+0.j 0.+0.j]
F_onsite: (6.97786361142814e-21-3.1439381795627537e-20j)
F_swave: (-4.9561715192824225e-21+2.221720922158177e-20j), F_dwave: (6.4694277830758955e-21-5.5394410865179474e-21j)
F_px: (-1.534683342298556e-20+1.3352998620335577e-20j), F_py: (-2.4228581749349456e-20-1.5165637426151054e-20j)
Free_energy = -16502.623599180366
------------------------------------------
[{'stable': {}, 'free': np.float64(-16502.590262923823)}, {'stable': {'Fuu_px': np.complex128(0.0019002895294879482-3.811672710794536e-15j), 'Fuu_py': np.complex128(-3.776315047564524e-15-0.001881936962083816j)}, 'free': np.float64(-16502.623599180366)}]
------------------------------------------
  Seed: uu:px+py
  Seed uu: [ 0.00165506-1.50233099e-16j -0.00165506+1.44340727e-16j
  0.00165506-1.23430819e-16j -0.00165506+1.17655841e-16j], Seed dd: [0.+0.j 0.+0.j 0.+0.j 0.+0.j]
F_onsite: (-2.4127408679124317e-22-4.625483447946724e-22j)
F_swave: (1.4674232717831648e-22+2.577341707511226e-22j), F_dwave: (1.2638915260041235e-34+1.9033837687513047e-21j)
F_px: (1.0596611360947015e-19-7.4716302355654645e-22j), F_py: (7.311564405572935e-20+7.471630235395496e-22j)
Free_energy = -16502.615796367292
------------------------------------------
[{'stable': {}, 'free': np.float64(-16502.590262923823)}, {'stable': {'Fuu_px': np.complex128(0.0019002895294879482-3.811672710794536e-15j), 'Fuu_py': np.complex128(-3.776315047564524e-15-0.001881936962083816j)}, 'free': np.float64(-16502.623599180366)}, {'stable': {'Fuu_px': np.complex128(0.001654916372650056-1.4823222822482555e-16j), 'Fuu_py': np.complex128(0.0016549163726500506-1.199006172655045e-16j)}, 'free': np.float64(-16502.615796367292)}]
------------------------------------------
  Seed: uu:px+ipy
  Seed uu: [ 1.89216911e-03-2.07707785e-16j -1.89216911e-03+1.97421516e-16j
  2.09562496e-16+1.89216911e-03j -1.99186997e-16-1.89216911e-03j], Seed dd: [0.+0.j 0.+0.j 0.+0.j 0.+0.j]
F_onsite: (-7.969279291233396e-21+1.5080925885460905e-20j)
F_swave: (4.882113719355423e-21-1.05884289793784e-20j), F_dwave: (3.853972423538953e-21-7.589286279043204e-22j)
F_px: (9.522468529718146e-21+1.0090017800691734e-20j), F_py: (1.4983666957849393e-20+6.19214390182013e-20j)
Free_energy = -16502.623636731896
------------------------------------------
[{'stable': {}, 'free': np.float64(-16502.590262923823)}, {'stable': {'Fuu_px': np.complex128(0.0019002895294879482-3.811672710794536e-15j), 'Fuu_py': np.complex128(-3.776315047564524e-15-0.001881936962083816j)}, 'free': np.float64(-16502.623599180366)}, {'stable': {'Fuu_px': np.complex128(0.001654916372650056-1.4823222822482555e-16j), 'Fuu_py': np.complex128(0.0016549163726500506-1.199006172655045e-16j)}, 'free': np.float64(-16502.615796367292)}, {'stable': {'Fuu_px': np.complex128(0.0018920364570576714-2.0877135048737266e-16j), 'Fuu_py': np.complex128(2.0950622766973212e-16+0.0018920364570575656j)}, 'free': np.float64(-16502.623636731896)}]
------------------------------------------
  Seed: dd:px
  Seed uu: [0.+0.j 0.+0.j 0.+0.j 0.+0.j], Seed dd: [ 1.90093428e-03-3.82677174e-15j -1.90093428e-03+3.81579999e-15j
 -3.78895864e-15-1.88123410e-03j  3.77856874e-15+1.88123410e-03j]
F_onsite: (-1.3706213598891973e-20+2.775547424690884e-22j)
F_swave: (9.647919339355436e-21-1.9255071816940997e-22j), F_dwave: (3.0392774813520023e-21-1.011742263819231e-22j)
F_px: (2.3748245563878246e-22+1.5841469228937997e-21j), F_py: (-3.301667761981765e-22-9.594811072444514e-21j)
Free_energy = -16502.623599373845
------------------------------------------
[{'stable': {}, 'free': np.float64(-16502.590262923823)}, {'stable': {'Fuu_px': np.complex128(0.0019002895294879482-3.811672710794536e-15j), 'Fuu_py': np.complex128(-3.776315047564524e-15-0.001881936962083816j)}, 'free': np.float64(-16502.623599180366)}, {'stable': {'Fuu_px': np.complex128(0.001654916372650056-1.4823222822482555e-16j), 'Fuu_py': np.complex128(0.0016549163726500506-1.199006172655045e-16j)}, 'free': np.float64(-16502.615796367292)}, {'stable': {'Fuu_px': np.complex128(0.0018920364570576714-2.0877135048737266e-16j), 'Fuu_py': np.complex128(2.0950622766973212e-16+0.0018920364570575656j)}, 'free': np.float64(-16502.623636731896)}, {'stable': {'Fdd_px': np.complex128(0.0019001667573734478-3.828223089383007e-15j), 'Fdd_py': np.complex128(-3.7905401949813295e-15-0.0018820704072219955j)}, 'free': np.float64(-16502.623599373845)}]
------------------------------------------
  Seed: dd:px+py
  Seed uu: [0.+0.j 0.+0.j 0.+0.j 0.+0.j], Seed dd: [ 0.00165506-1.39752707e-16j -0.00165506+1.34311751e-16j
  0.00165506-1.36438889e-16j -0.00165506+1.30741229e-16j]
F_onsite: (1.8601329888933142e-20+1.1799734074727994e-34j)
F_swave: (-1.2811321176159729e-20-8.172036726916543e-35j), F_dwave: (6.431409453422228e-22+1.5140367238591063e-35j)
F_px: (1.715281356719882e-34-1.843476019218797e-21j), F_py: (-7.974553675978398e-35+2.1337168164213287e-21j)
Free_energy = -16502.61579636729
------------------------------------------
[{'stable': {}, 'free': np.float64(-16502.590262923823)}, {'stable': {'Fuu_px': np.complex128(0.0019002895294879482-3.811672710794536e-15j), 'Fuu_py': np.complex128(-3.776315047564524e-15-0.001881936962083816j)}, 'free': np.float64(-16502.623599180366)}, {'stable': {'Fuu_px': np.complex128(0.001654916372650056-1.4823222822482555e-16j), 'Fuu_py': np.complex128(0.0016549163726500506-1.199006172655045e-16j)}, 'free': np.float64(-16502.615796367292)}, {'stable': {'Fuu_px': np.complex128(0.0018920364570576714-2.0877135048737266e-16j), 'Fuu_py': np.complex128(2.0950622766973212e-16+0.0018920364570575656j)}, 'free': np.float64(-16502.623636731896)}, {'stable': {'Fdd_px': np.complex128(0.0019001667573734478-3.828223089383007e-15j), 'Fdd_py': np.complex128(-3.7905401949813295e-15-0.0018820704072219955j)}, 'free': np.float64(-16502.623599373845)}, {'stable': {'Fdd_px': np.complex128(0.0016549163726500573-1.3637953737521852e-16j), 'Fdd_py': np.complex128(0.0016549163726500523-1.3350983607203525e-16j)}, 'free': np.float64(-16502.61579636729)}]
------------------------------------------
  Seed: dd:px+ipy
  Seed uu: [0.+0.j 0.+0.j 0.+0.j 0.+0.j], Seed dd: [ 1.89216911e-03-2.07995710e-16j -1.89216911e-03+1.97477936e-16j
  2.09507789e-16+1.89216911e-03j -1.99063814e-16-1.89216911e-03j]
F_onsite: (9.023288638659304e-21+2.4490526834737005e-22j)
F_swave: (-6.363541443713795e-21-1.712569796856473e-22j), F_dwave: (-9.251633552394257e-22+5.600442858184328e-23j)
F_px: (1.4482298948608973e-22+2.4106809310319553e-21j), F_py: (5.939538644493251e-22+1.9527541674258904e-20j)
Free_energy = -16502.623636731896
------------------------------------------
[{'stable': {}, 'free': np.float64(-16502.590262923823)}, {'stable': {'Fuu_px': np.complex128(0.0019002895294879482-3.811672710794536e-15j), 'Fuu_py': np.complex128(-3.776315047564524e-15-0.001881936962083816j)}, 'free': np.float64(-16502.623599180366)}, {'stable': {'Fuu_px': np.complex128(0.001654916372650056-1.4823222822482555e-16j), 'Fuu_py': np.complex128(0.0016549163726500506-1.199006172655045e-16j)}, 'free': np.float64(-16502.615796367292)}, {'stable': {'Fuu_px': np.complex128(0.0018920364570576714-2.0877135048737266e-16j), 'Fuu_py': np.complex128(2.0950622766973212e-16+0.0018920364570575656j)}, 'free': np.float64(-16502.623636731896)}, {'stable': {'Fdd_px': np.complex128(0.0019001667573734478-3.828223089383007e-15j), 'Fdd_py': np.complex128(-3.7905401949813295e-15-0.0018820704072219955j)}, 'free': np.float64(-16502.623599373845)}, {'stable': {'Fdd_px': np.complex128(0.0016549163726500573-1.3637953737521852e-16j), 'Fdd_py': np.complex128(0.0016549163726500523-1.3350983607203525e-16j)}, 'free': np.float64(-16502.61579636729)}, {'stable': {'Fdd_px': np.complex128(0.0018920364570576707-2.0930838591954413e-16j), 'Fdd_py': np.complex128(2.0952935233093665e-16+0.0018920364570575669j)}, 'free': np.float64(-16502.623636731896)}]
------------------------------------------
  Seed: uu+dd:px
  Seed uu: [ 1.90101283e-03-3.82576871e-15j -1.90101283e-03+3.81563378e-15j
 -3.78273440e-15-1.88114824e-03j  3.77245443e-15+1.88114824e-03j], Seed dd: [ 1.90108241e-03-3.88362211e-15j -1.90108241e-03+3.87319698e-15j
 -3.84093262e-15-1.88107214e-03j  3.83058237e-15+1.88107214e-03j]
F_onsite: (2.1955531940555726e-20+5.294000171533168e-20j)
F_swave: (-1.5712478970901068e-20-3.817871803289085e-20j), F_dwave: (-2.362793201748633e-22-5.992958128708464e-21j)
F_px: (4.9169030371471e-20-5.319245889301851e-20j), F_py: (4.606003114848079e-20-6.817682875742705e-20j)
Free_energy = -16502.65693549478
------------------------------------------
[{'stable': {}, 'free': np.float64(-16502.590262923823)}, {'stable': {'Fuu_px': np.complex128(0.0019002895294879482-3.811672710794536e-15j), 'Fuu_py': np.complex128(-3.776315047564524e-15-0.001881936962083816j)}, 'free': np.float64(-16502.623599180366)}, {'stable': {'Fuu_px': np.complex128(0.001654916372650056-1.4823222822482555e-16j), 'Fuu_py': np.complex128(0.0016549163726500506-1.199006172655045e-16j)}, 'free': np.float64(-16502.615796367292)}, {'stable': {'Fuu_px': np.complex128(0.0018920364570576714-2.0877135048737266e-16j), 'Fuu_py': np.complex128(2.0950622766973212e-16+0.0018920364570575656j)}, 'free': np.float64(-16502.623636731896)}, {'stable': {'Fdd_px': np.complex128(0.0019001667573734478-3.828223089383007e-15j), 'Fdd_py': np.complex128(-3.7905401949813295e-15-0.0018820704072219955j)}, 'free': np.float64(-16502.623599373845)}, {'stable': {'Fdd_px': np.complex128(0.0016549163726500573-1.3637953737521852e-16j), 'Fdd_py': np.complex128(0.0016549163726500523-1.3350983607203525e-16j)}, 'free': np.float64(-16502.61579636729)}, {'stable': {'Fdd_px': np.complex128(0.0018920364570576707-2.0930838591954413e-16j), 'Fdd_py': np.complex128(2.0952935233093665e-16+0.0018920364570575669j)}, 'free': np.float64(-16502.623636731896)}, {'stable': {'Fuu_px': np.complex128(0.001900239132086287-3.822825745812266e-15j), 'Fuu_py': np.complex128(-3.784519666771981e-15-0.0018819917559438006j), 'Fdd_px': np.complex128(0.0019003032495614922-3.881406438565255e-15j), 'Fdd_py': np.complex128(-3.842767879240838e-15-0.0018819220414580196j)}, 'free': np.float64(-16502.65693549478)}]
------------------------------------------
  Seed: uu+dd:px+py
  Seed uu: [ 0.00165506-1.38807657e-16j -0.00165506+1.33841291e-16j
  0.00165506-1.33999937e-16j -0.00165506+1.28141963e-16j], Seed dd: [ 0.00165506-1.43981228e-16j -0.00165506+1.38092734e-16j
  0.00165506-1.28925072e-16j -0.00165506+1.22858410e-16j]
F_onsite: (-1.4312913654200858e-22+1.1324604597583672e-20j)
F_swave: (8.579804404459579e-23-7.421968707331307e-21j), F_dwave: (4.8024634013147385e-24-1.6171340257255177e-21j)
F_px: (9.191926980057157e-20+5.2114704828655885e-21j), F_py: (1.1277534630609956e-19-4.444716376152081e-21j)
Free_energy = -16502.641329810805
------------------------------------------
[{'stable': {}, 'free': np.float64(-16502.590262923823)}, {'stable': {'Fuu_px': np.complex128(0.0019002895294879482-3.811672710794536e-15j), 'Fuu_py': np.complex128(-3.776315047564524e-15-0.001881936962083816j)}, 'free': np.float64(-16502.623599180366)}, {'stable': {'Fuu_px': np.complex128(0.001654916372650056-1.4823222822482555e-16j), 'Fuu_py': np.complex128(0.0016549163726500506-1.199006172655045e-16j)}, 'free': np.float64(-16502.615796367292)}, {'stable': {'Fuu_px': np.complex128(0.0018920364570576714-2.0877135048737266e-16j), 'Fuu_py': np.complex128(2.0950622766973212e-16+0.0018920364570575656j)}, 'free': np.float64(-16502.623636731896)}, {'stable': {'Fdd_px': np.complex128(0.0019001667573734478-3.828223089383007e-15j), 'Fdd_py': np.complex128(-3.7905401949813295e-15-0.0018820704072219955j)}, 'free': np.float64(-16502.623599373845)}, {'stable': {'Fdd_px': np.complex128(0.0016549163726500573-1.3637953737521852e-16j), 'Fdd_py': np.complex128(0.0016549163726500523-1.3350983607203525e-16j)}, 'free': np.float64(-16502.61579636729)}, {'stable': {'Fdd_px': np.complex128(0.0018920364570576707-2.0930838591954413e-16j), 'Fdd_py': np.complex128(2.0952935233093665e-16+0.0018920364570575669j)}, 'free': np.float64(-16502.623636731896)}, {'stable': {'Fuu_px': np.complex128(0.001900239132086287-3.822825745812266e-15j), 'Fuu_py': np.complex128(-3.784519666771981e-15-0.0018819917559438006j), 'Fdd_px': np.complex128(0.0019003032495614922-3.881406438565255e-15j), 'Fdd_py': np.complex128(-3.842767879240838e-15-0.0018819220414580196j)}, 'free': np.float64(-16502.65693549478)}, {'stable': {'Fuu_px': np.complex128(0.0016549163726500564-1.3581788173929501e-16j), 'Fuu_py': np.complex128(0.0016549163726500512-1.3089380790166485e-16j), 'Fdd_px': np.complex128(0.0016549163726500555-1.4113309289265455e-16j), 'Fdd_py': np.complex128(0.0016549163726500508-1.25761105878659e-16j)}, 'free': np.float64(-16502.641329810805)}]
------------------------------------------
  Seed: uu+dd:px+ipy
  Seed uu: [ 1.89216911e-03-2.07985923e-16j -1.89216911e-03+1.97764948e-16j
  2.09256955e-16+1.89216911e-03j -1.99067632e-16-1.89216911e-03j], Seed dd: [ 1.89216911e-03-2.04068422e-16j -1.89216911e-03+1.93048993e-16j
  2.07337565e-16+1.89216911e-03j -1.96897083e-16-1.89216911e-03j]
F_onsite: (-3.2786168107717954e-20-8.433229186230078e-20j)
F_swave: (2.2274625495864502e-20+6.043745275570851e-20j), F_dwave: (1.3381772349408233e-21-1.4974382217347535e-20j)
F_px: (1.1297246908316506e-20-7.721809331822309e-21j), F_py: (-5.781941106433151e-21+3.051794370243577e-20j)
Free_energy = -16502.65701053987
------------------------------------------
[{'stable': {}, 'free': np.float64(-16502.590262923823)}, {'stable': {'Fuu_px': np.complex128(0.0019002895294879482-3.811672710794536e-15j), 'Fuu_py': np.complex128(-3.776315047564524e-15-0.001881936962083816j)}, 'free': np.float64(-16502.623599180366)}, {'stable': {'Fuu_px': np.complex128(0.001654916372650056-1.4823222822482555e-16j), 'Fuu_py': np.complex128(0.0016549163726500506-1.199006172655045e-16j)}, 'free': np.float64(-16502.615796367292)}, {'stable': {'Fuu_px': np.complex128(0.0018920364570576714-2.0877135048737266e-16j), 'Fuu_py': np.complex128(2.0950622766973212e-16+0.0018920364570575656j)}, 'free': np.float64(-16502.623636731896)}, {'stable': {'Fdd_px': np.complex128(0.0019001667573734478-3.828223089383007e-15j), 'Fdd_py': np.complex128(-3.7905401949813295e-15-0.0018820704072219955j)}, 'free': np.float64(-16502.623599373845)}, {'stable': {'Fdd_px': np.complex128(0.0016549163726500573-1.3637953737521852e-16j), 'Fdd_py': np.complex128(0.0016549163726500523-1.3350983607203525e-16j)}, 'free': np.float64(-16502.61579636729)}, {'stable': {'Fdd_px': np.complex128(0.0018920364570576707-2.0930838591954413e-16j), 'Fdd_py': np.complex128(2.0952935233093665e-16+0.0018920364570575669j)}, 'free': np.float64(-16502.623636731896)}, {'stable': {'Fuu_px': np.complex128(0.001900239132086287-3.822825745812266e-15j), 'Fuu_py': np.complex128(-3.784519666771981e-15-0.0018819917559438006j), 'Fdd_px': np.complex128(0.0019003032495614922-3.881406438565255e-15j), 'Fdd_py': np.complex128(-3.842767879240838e-15-0.0018819220414580196j)}, 'free': np.float64(-16502.65693549478)}, {'stable': {'Fuu_px': np.complex128(0.0016549163726500564-1.3581788173929501e-16j), 'Fuu_py': np.complex128(0.0016549163726500512-1.3089380790166485e-16j), 'Fdd_px': np.complex128(0.0016549163726500555-1.4113309289265455e-16j), 'Fdd_py': np.complex128(0.0016549163726500508-1.25761105878659e-16j)}, 'free': np.float64(-16502.641329810805)}, {'stable': {'Fuu_px': np.complex128(0.0018920364570576718-2.0908734340753526e-16j), 'Fuu_py': np.complex128(2.0919678271129848e-16+0.0018920364570575664j), 'Fdd_px': np.complex128(0.00189203645705767-2.038982144318635e-16j), 'Fdd_py': np.complex128(2.0721859681999016e-16+0.0018920364570575686j)}, 'free': np.float64(-16502.65701053987)}]
------------------------------------------
====================================
mu=2.81, T=0.1005
====================================
  Seed: normal state
  Seed uu: [0.+0.j 0.+0.j 0.+0.j 0.+0.j], Seed dd: [0.+0.j 0.+0.j 0.+0.j 0.+0.j]
F_onsite: 0j
F_swave: 0j, F_dwave: 0j
F_px: 0j, F_py: 0j
Free_energy = -16505.378756818885
------------------------------------------
[{'stable': {}, 'free': np.float64(-16505.378756818885)}]
------------------------------------------
  Seed: uu:px
  Seed uu: [ 1.90028953e-03-3.81696384e-15j -1.90028953e-03+3.80638158e-15j
 -3.78144920e-15-1.88193696e-03j  3.77118089e-15+1.88193696e-03j], Seed dd: [0.+0.j 0.+0.j 0.+0.j 0.+0.j]
F_onsite: (-2.6453438414890547e-20-7.419603549624239e-20j)
F_swave: (1.7880697512675102e-20+5.363730036374383e-20j), F_dwave: (-3.1971094156912713e-21-1.2463590879138563e-20j)
F_px: (6.046556871855457e-20+1.0943613853270347e-20j), F_py: (6.754340404484213e-21+5.446722545778034e-20j)
Free_energy = -16505.411418764616
------------------------------------------
[{'stable': {}, 'free': np.float64(-16505.378756818885)}, {'stable': {'Fuu_px': np.complex128(0.00189957271711231-3.815466002265027e-15j), 'Fuu_py': np.complex128(-3.782897764114111e-15-0.001882714305052744j)}, 'free': np.float64(-16505.411418764616)}]
------------------------------------------
  Seed: uu:px+py
  Seed uu: [ 0.00165492-1.51080714e-16j -0.00165492+1.45383742e-16j
  0.00165492-1.22468444e-16j -0.00165492+1.17332791e-16j], Seed dd: [0.+0.j 0.+0.j 0.+0.j 0.+0.j]
F_onsite: (1.138602853473648e-21+4.9231346636329325e-20j)
F_swave: (-6.89775490159712e-22-3.42528133877727e-20j), F_dwave: (-1.023150282955719e-34-5.301386397133202e-21j)
F_px: (1.434760470235322e-19+1.4733128836390065e-20j), F_py: (1.114237780530637e-19-1.4733128836414512e-20j)
Free_energy = -16505.40376862374
------------------------------------------
[{'stable': {}, 'free': np.float64(-16505.378756818885)}, {'stable': {'Fuu_px': np.complex128(0.00189957271711231-3.815466002265027e-15j), 'Fuu_py': np.complex128(-3.782897764114111e-15-0.001882714305052744j)}, 'free': np.float64(-16505.411418764616)}, {'stable': {'Fuu_px': np.complex128(0.001654794684830608-1.521699983698271e-16j), 'Fuu_py': np.complex128(0.0016547946848306043-1.2023836503577726e-16j)}, 'free': np.float64(-16505.40376862374)}]
------------------------------------------
  Seed: uu:px+ipy
  Seed uu: [ 1.89203646e-03-2.14178647e-16j -1.89203646e-03+2.03364054e-16j
  2.14742552e-16+1.89203646e-03j -2.04269903e-16-1.89203646e-03j], Seed dd: [0.+0.j 0.+0.j 0.+0.j 0.+0.j]
F_onsite: (-5.3611454750693256e-20+4.877784001497113e-20j)
F_swave: (3.811647985025852e-20-3.451375614123717e-20j), F_dwave: (-2.202212635334354e-21-6.402716965775917e-22j)
F_px: (1.04354864235558e-20+2.870594530604288e-20j), F_py: (1.539270809580238e-20+4.5358534362525615e-20j)
Free_energy = -16505.411449894647
------------------------------------------
[{'stable': {}, 'free': np.float64(-16505.378756818885)}, {'stable': {'Fuu_px': np.complex128(0.00189957271711231-3.815466002265027e-15j), 'Fuu_py': np.complex128(-3.782897764114111e-15-0.001882714305052744j)}, 'free': np.float64(-16505.411418764616)}, {'stable': {'Fuu_px': np.complex128(0.001654794684830608-1.521699983698271e-16j), 'Fuu_py': np.complex128(0.0016547946848306043-1.2023836503577726e-16j)}, 'free': np.float64(-16505.40376862374)}, {'stable': {'Fuu_px': np.complex128(0.0018919246345214247-2.1272404297062465e-16j), 'Fuu_py': np.complex128(2.1477042494035429e-16+0.0018919246345213147j)}, 'free': np.float64(-16505.411449894647)}]
------------------------------------------
  Seed: dd:px
  Seed uu: [0.+0.j 0.+0.j 0.+0.j 0.+0.j], Seed dd: [ 1.90016676e-03-3.83306820e-15j -1.90016676e-03+3.82337798e-15j
 -3.79572882e-15-1.88207041e-03j  3.78535157e-15+1.88207041e-03j]
F_onsite: (1.1716108781862545e-21-7.945787236922759e-22j)
F_swave: (-9.568288974710246e-22+5.531385638581788e-22j), F_dwave: (1.2274549928488546e-21+1.5529276398327794e-23j)
F_px: (-5.647738875399412e-23-8.64770818001242e-21j), F_py: (-5.454787453327283e-22+4.498432943391759e-21j)
Free_energy = -16505.411418927633
------------------------------------------
[{'stable': {}, 'free': np.float64(-16505.378756818885)}, {'stable': {'Fuu_px': np.complex128(0.00189957271711231-3.815466002265027e-15j), 'Fuu_py': np.complex128(-3.782897764114111e-15-0.001882714305052744j)}, 'free': np.float64(-16505.411418764616)}, {'stable': {'Fuu_px': np.complex128(0.001654794684830608-1.521699983698271e-16j), 'Fuu_py': np.complex128(0.0016547946848306043-1.2023836503577726e-16j)}, 'free': np.float64(-16505.40376862374)}, {'stable': {'Fuu_px': np.complex128(0.0018919246345214247-2.1272404297062465e-16j), 'Fuu_py': np.complex128(2.1477042494035429e-16+0.0018919246345213147j)}, 'free': np.float64(-16505.411449894647)}, {'stable': {'Fdd_px': np.complex128(0.0018994596128408202-3.83177186957315e-15j), 'Fdd_py': np.complex128(-3.7973569937181014e-15-0.001882836565370698j)}, 'free': np.float64(-16505.411418927633)}]
------------------------------------------
  Seed: dd:px+py
  Seed uu: [0.+0.j 0.+0.j 0.+0.j 0.+0.j], Seed dd: [ 0.00165492-1.39345787e-16j -0.00165492+1.33413288e-16j
  0.00165492-1.36148463e-16j -0.00165492+1.30871209e-16j]
F_onsite: (-1.9223330528015126e-21+1.4505864974219237e-33j)
F_swave: (1.357164569816974e-21-9.259839199167488e-34j), F_dwave: (-1.6044652811377985e-22+1.3047987294127391e-35j)
F_px: (1.0684773451234265e-33-4.563395567132057e-21j), F_py: (-1.1166255937331073e-33+8.041718568255258e-22j)
Free_energy = -16505.40376862374
------------------------------------------
[{'stable': {}, 'free': np.float64(-16505.378756818885)}, {'stable': {'Fuu_px': np.complex128(0.00189957271711231-3.815466002265027e-15j), 'Fuu_py': np.complex128(-3.782897764114111e-15-0.001882714305052744j)}, 'free': np.float64(-16505.411418764616)}, {'stable': {'Fuu_px': np.complex128(0.001654794684830608-1.521699983698271e-16j), 'Fuu_py': np.complex128(0.0016547946848306043-1.2023836503577726e-16j)}, 'free': np.float64(-16505.40376862374)}, {'stable': {'Fuu_px': np.complex128(0.0018919246345214247-2.1272404297062465e-16j), 'Fuu_py': np.complex128(2.1477042494035429e-16+0.0018919246345213147j)}, 'free': np.float64(-16505.411449894647)}, {'stable': {'Fdd_px': np.complex128(0.0018994596128408202-3.83177186957315e-15j), 'Fdd_py': np.complex128(-3.7973569937181014e-15-0.001882836565370698j)}, 'free': np.float64(-16505.411418927633)}, {'stable': {'Fdd_px': np.complex128(0.0016547946848306093-1.381886541667659e-16j), 'Fdd_py': np.complex128(0.0016547946848306043-1.3611640791364295e-16j)}, 'free': np.float64(-16505.40376862374)}]
------------------------------------------
  Seed: dd:px+ipy
  Seed uu: [0.+0.j 0.+0.j 0.+0.j 0.+0.j], Seed dd: [ 1.89203646e-03-2.14473315e-16j -1.89203646e-03+2.04143457e-16j
  2.14674743e-16+1.89203646e-03j -2.04383961e-16-1.89203646e-03j]
F_onsite: (-2.2114004441066543e-21-3.3345385766956515e-23j)
F_swave: (1.5603632226349325e-21+3.3812893596649007e-23j), F_dwave: (3.2778610700970325e-22+2.291816299457768e-22j)
F_px: (-8.455123103777626e-22-3.3362726873600237e-21j), F_py: (2.503950149013327e-22-3.5189640233163576e-21j)
Free_energy = -16505.411449894647
------------------------------------------
[{'stable': {}, 'free': np.float64(-16505.378756818885)}, {'stable': {'Fuu_px': np.complex128(0.00189957271711231-3.815466002265027e-15j), 'Fuu_py': np.complex128(-3.782897764114111e-15-0.001882714305052744j)}, 'free': np.float64(-16505.411418764616)}, {'stable': {'Fuu_px': np.complex128(0.001654794684830608-1.521699983698271e-16j), 'Fuu_py': np.complex128(0.0016547946848306043-1.2023836503577726e-16j)}, 'free': np.float64(-16505.40376862374)}, {'stable': {'Fuu_px': np.complex128(0.0018919246345214247-2.1272404297062465e-16j), 'Fuu_py': np.complex128(2.1477042494035429e-16+0.0018919246345213147j)}, 'free': np.float64(-16505.411449894647)}, {'stable': {'Fdd_px': np.complex128(0.0018994596128408202-3.83177186957315e-15j), 'Fdd_py': np.complex128(-3.7973569937181014e-15-0.001882836565370698j)}, 'free': np.float64(-16505.411418927633)}, {'stable': {'Fdd_px': np.complex128(0.0016547946848306093-1.381886541667659e-16j), 'Fdd_py': np.complex128(0.0016547946848306043-1.3611640791364295e-16j)}, 'free': np.float64(-16505.40376862374)}, {'stable': {'Fdd_px': np.complex128(0.0018919246345214236-2.1302823367780735e-16j), 'Fdd_py': np.complex128(2.148142853651543e-16+0.0018919246345213152j)}, 'free': np.float64(-16505.411449894647)}]
------------------------------------------
  Seed: uu+dd:px
  Seed uu: [ 1.90023913e-03-3.82779679e-15j -1.90023913e-03+3.81785470e-15j
 -3.78967014e-15-1.88199176e-03j  3.77936919e-15+1.88199176e-03j], Seed dd: [ 1.90030325e-03-3.88676052e-15j -1.90030325e-03+3.87605236e-15j
 -3.84796369e-15-1.88192204e-03j  3.83757207e-15+1.88192204e-03j]
F_onsite: (5.0241172849278193e-20+2.7238812177335e-20j)
F_swave: (-3.6996762646082607e-20-1.9492161522518455e-20j), F_dwave: (-2.5706455570231377e-21+1.3397636197945734e-20j)
F_px: (2.3687507922454193e-20-3.912920783346838e-20j), F_py: (1.5374371313602287e-20+3.1054444677404744e-20j)
Free_energy = -16505.444080759058
------------------------------------------
[{'stable': {}, 'free': np.float64(-16505.378756818885)}, {'stable': {'Fuu_px': np.complex128(0.00189957271711231-3.815466002265027e-15j), 'Fuu_py': np.complex128(-3.782897764114111e-15-0.001882714305052744j)}, 'free': np.float64(-16505.411418764616)}, {'stable': {'Fuu_px': np.complex128(0.001654794684830608-1.521699983698271e-16j), 'Fuu_py': np.complex128(0.0016547946848306043-1.2023836503577726e-16j)}, 'free': np.float64(-16505.40376862374)}, {'stable': {'Fuu_px': np.complex128(0.0018919246345214247-2.1272404297062465e-16j), 'Fuu_py': np.complex128(2.1477042494035429e-16+0.0018919246345213147j)}, 'free': np.float64(-16505.411449894647)}, {'stable': {'Fdd_px': np.complex128(0.0018994596128408202-3.83177186957315e-15j), 'Fdd_py': np.complex128(-3.7973569937181014e-15-0.001882836565370698j)}, 'free': np.float64(-16505.411418927633)}, {'stable': {'Fdd_px': np.complex128(0.0016547946848306093-1.381886541667659e-16j), 'Fdd_py': np.complex128(0.0016547946848306043-1.3611640791364295e-16j)}, 'free': np.float64(-16505.40376862374)}, {'stable': {'Fdd_px': np.complex128(0.0018919246345214236-2.1302823367780735e-16j), 'Fdd_py': np.complex128(2.148142853651543e-16+0.0018919246345213152j)}, 'free': np.float64(-16505.411449894647)}, {'stable': {'Fuu_px': np.complex128(0.001899526287864043-3.824891447412383e-15j), 'Fuu_py': np.complex128(-3.791247202794491e-15-0.0018827645059357808j), 'Fdd_px': np.complex128(0.0018995853570139241-3.884036952322513e-15j), 'Fdd_py': np.complex128(-3.8495135371362076e-15-0.00188270063520813j)}, 'free': np.float64(-16505.444080759058)}]
------------------------------------------
  Seed: uu+dd:px+py
  Seed uu: [ 0.00165492-1.38660127e-16j -0.00165492+1.32975636e-16j
  0.00165492-1.33399404e-16j -0.00165492+1.28388212e-16j], Seed dd: [ 0.00165492-1.44179817e-16j -0.00165492+1.38086368e-16j
  0.00165492-1.28463624e-16j -0.00165492+1.23058588e-16j]
F_onsite: (-5.767769894678928e-23-1.475741243207885e-20j)
F_swave: (3.6997587485165783e-23+9.9761148108482e-21j), F_dwave: (-1.40033685118115e-22+1.2629794972500938e-20j)
F_px: (1.2643501334063002e-19-8.654675561219584e-22j), F_py: (1.0478194220104813e-19+7.850291001951807e-22j)
Free_energy = -16505.428780428712
------------------------------------------
[{'stable': {}, 'free': np.float64(-16505.378756818885)}, {'stable': {'Fuu_px': np.complex128(0.00189957271711231-3.815466002265027e-15j), 'Fuu_py': np.complex128(-3.782897764114111e-15-0.001882714305052744j)}, 'free': np.float64(-16505.411418764616)}, {'stable': {'Fuu_px': np.complex128(0.001654794684830608-1.521699983698271e-16j), 'Fuu_py': np.complex128(0.0016547946848306043-1.2023836503577726e-16j)}, 'free': np.float64(-16505.40376862374)}, {'stable': {'Fuu_px': np.complex128(0.0018919246345214247-2.1272404297062465e-16j), 'Fuu_py': np.complex128(2.1477042494035429e-16+0.0018919246345213147j)}, 'free': np.float64(-16505.411449894647)}, {'stable': {'Fdd_px': np.complex128(0.0018994596128408202-3.83177186957315e-15j), 'Fdd_py': np.complex128(-3.7973569937181014e-15-0.001882836565370698j)}, 'free': np.float64(-16505.411418927633)}, {'stable': {'Fdd_px': np.complex128(0.0016547946848306093-1.381886541667659e-16j), 'Fdd_py': np.complex128(0.0016547946848306043-1.3611640791364295e-16j)}, 'free': np.float64(-16505.40376862374)}, {'stable': {'Fdd_px': np.complex128(0.0018919246345214236-2.1302823367780735e-16j), 'Fdd_py': np.complex128(2.148142853651543e-16+0.0018919246345213152j)}, 'free': np.float64(-16505.411449894647)}, {'stable': {'Fuu_px': np.complex128(0.001899526287864043-3.824891447412383e-15j), 'Fuu_py': np.complex128(-3.791247202794491e-15-0.0018827645059357808j), 'Fdd_px': np.complex128(0.0018995853570139241-3.884036952322513e-15j), 'Fdd_py': np.complex128(-3.8495135371362076e-15-0.00188270063520813j)}, 'free': np.float64(-16505.444080759058)}, {'stable': {'Fuu_px': np.complex128(0.0016547946848306087-1.3777466019635045e-16j), 'Fuu_py': np.complex128(0.0016547946848306035-1.3305951232911648e-16j), 'Fdd_px': np.complex128(0.0016547946848306074-1.442349341629447e-16j), 'Fdd_py': np.complex128(0.0016547946848306043-1.2742361979588239e-16j)}, 'free': np.float64(-16505.428780428712)}]
------------------------------------------
  Seed: uu+dd:px+ipy
  Seed uu: [ 1.89203646e-03-2.14481527e-16j -1.89203646e-03+2.03693160e-16j
  2.14363637e-16+1.89203646e-03j -2.04029928e-16-1.89203646e-03j], Seed dd: [ 1.89203646e-03-2.09055566e-16j -1.89203646e-03+1.98740862e-16j
  2.12457866e-16+1.89203646e-03j -2.01979327e-16-1.89203646e-03j]
F_onsite: (-5.747048476969405e-20+2.3517598928157503e-20j)
F_swave: (4.1392680771473126e-20-1.523522954090707e-20j), F_dwave: (-9.500649773888424e-21+4.3565467681819305e-21j)
F_px: (6.284056550862735e-20+1.7859118429333224e-20j), F_py: (2.312900992043758e-20+5.765791462775915e-20j)
Free_energy = -16505.444142970366
------------------------------------------
[{'stable': {}, 'free': np.float64(-16505.378756818885)}, {'stable': {'Fuu_px': np.complex128(0.00189957271711231-3.815466002265027e-15j), 'Fuu_py': np.complex128(-3.782897764114111e-15-0.001882714305052744j)}, 'free': np.float64(-16505.411418764616)}, {'stable': {'Fuu_px': np.complex128(0.001654794684830608-1.521699983698271e-16j), 'Fuu_py': np.complex128(0.0016547946848306043-1.2023836503577726e-16j)}, 'free': np.float64(-16505.40376862374)}, {'stable': {'Fuu_px': np.complex128(0.0018919246345214247-2.1272404297062465e-16j), 'Fuu_py': np.complex128(2.1477042494035429e-16+0.0018919246345213147j)}, 'free': np.float64(-16505.411449894647)}, {'stable': {'Fdd_px': np.complex128(0.0018994596128408202-3.83177186957315e-15j), 'Fdd_py': np.complex128(-3.7973569937181014e-15-0.001882836565370698j)}, 'free': np.float64(-16505.411418927633)}, {'stable': {'Fdd_px': np.complex128(0.0016547946848306093-1.381886541667659e-16j), 'Fdd_py': np.complex128(0.0016547946848306043-1.3611640791364295e-16j)}, 'free': np.float64(-16505.40376862374)}, {'stable': {'Fdd_px': np.complex128(0.0018919246345214236-2.1302823367780735e-16j), 'Fdd_py': np.complex128(2.148142853651543e-16+0.0018919246345213152j)}, 'free': np.float64(-16505.411449894647)}, {'stable': {'Fuu_px': np.complex128(0.001899526287864043-3.824891447412383e-15j), 'Fuu_py': np.complex128(-3.791247202794491e-15-0.0018827645059357808j), 'Fdd_px': np.complex128(0.0018995853570139241-3.884036952322513e-15j), 'Fdd_py': np.complex128(-3.8495135371362076e-15-0.00188270063520813j)}, 'free': np.float64(-16505.444080759058)}, {'stable': {'Fuu_px': np.complex128(0.0016547946848306087-1.3777466019635045e-16j), 'Fuu_py': np.complex128(0.0016547946848306035-1.3305951232911648e-16j), 'Fdd_px': np.complex128(0.0016547946848306074-1.442349341629447e-16j), 'Fdd_py': np.complex128(0.0016547946848306043-1.2742361979588239e-16j)}, 'free': np.float64(-16505.428780428712)}, {'stable': {'Fuu_px': np.complex128(0.0018919246345214245-2.1311896546483707e-16j), 'Fuu_py': np.complex128(2.143963341626884e-16+0.0018919246345213154j), 'Fdd_px': np.complex128(0.0018919246345214236-2.0719557142045914e-16j), 'Fdd_py': np.complex128(2.1238815470236892e-16+0.0018919246345213171j)}, 'free': np.float64(-16505.444142970366)}]
------------------------------------------
====================================
mu=2.81, T=0.1088
====================================
  Seed: normal state
  Seed uu: [0.+0.j 0.+0.j 0.+0.j 0.+0.j], Seed dd: [0.+0.j 0.+0.j 0.+0.j 0.+0.j]
F_onsite: 0j
F_swave: 0j, F_dwave: 0j
F_px: 0j, F_py: 0j
Free_energy = -16508.407959658405
------------------------------------------
[{'stable': {}, 'free': np.float64(-16508.407959658405)}]
------------------------------------------
  Seed: uu:px
  Seed uu: [ 1.89957272e-03-3.82074784e-15j -1.89957272e-03+3.81018416e-15j
 -3.78806902e-15-1.88271431e-03j  3.77772651e-15+1.88271431e-03j], Seed dd: [0.+0.j 0.+0.j 0.+0.j 0.+0.j]
F_onsite: (5.754669645593178e-20+1.097278272357822e-20j)
F_swave: (-4.0908121705604004e-20-6.834626476618083e-21j), F_dwave: (-7.58961053955641e-21+1.0899225394076134e-21j)
F_px: (8.258101086930169e-20+2.120468692864664e-20j), F_py: (-1.440619039446277e-20-1.0116949988596617e-19j)
Free_energy = -16508.440000892864
------------------------------------------
[{'stable': {}, 'free': np.float64(-16508.407959658405)}, {'stable': {'Fuu_px': np.complex128(0.0018989124041165388-3.821661849750845e-15j), 'Fuu_py': np.complex128(-3.7892656651673404e-15-0.001883426539253311j)}, 'free': np.float64(-16508.440000892864)}]
------------------------------------------
  Seed: uu:px+py
  Seed uu: [ 0.00165479-1.55019153e-16j -0.00165479+1.49320844e-16j
  0.00165479-1.22957235e-16j -0.00165479+1.17519495e-16j], Seed dd: [0.+0.j 0.+0.j 0.+0.j 0.+0.j]
F_onsite: (4.627587314415359e-21+1.1484702459755786e-21j)
F_swave: (-2.857670017472403e-21-6.87525531527941e-22j), F_dwave: (3.009265538105056e-34+5.249031445647881e-21j)
F_px: (1.5111986419492021e-19-1.4794335922716063e-20j), F_py: (1.1372927027928118e-19+1.4794335922693926e-20j)
Free_energy = -16508.432491859334
------------------------------------------
[{'stable': {}, 'free': np.float64(-16508.407959658405)}, {'stable': {'Fuu_px': np.complex128(0.0018989124041165388-3.821661849750845e-15j), 'Fuu_py': np.complex128(-3.7892656651673404e-15-0.001883426539253311j)}, 'free': np.float64(-16508.440000892864)}, {'stable': {'Fuu_px': np.complex128(0.0016546922359748897-1.5594875131387143e-16j), 'Fuu_py': np.complex128(0.0016546922359748852-1.2076283724880529e-16j)}, 'free': np.float64(-16508.432491859334)}]
------------------------------------------
  Seed: uu:px+ipy
  Seed uu: [ 1.89192463e-03-2.17854975e-16j -1.89192463e-03+2.07593111e-16j
  2.20014201e-16+1.89192463e-03j -2.09526649e-16-1.89192463e-03j], Seed dd: [0.+0.j 0.+0.j 0.+0.j 0.+0.j]
F_onsite: (-1.5273493649344164e-20+9.291699231624016e-20j)
F_swave: (9.501172812587486e-21-6.818259413107971e-20j), F_dwave: (2.5151695809518844e-22+1.1792170675944707e-20j)
F_px: (9.234861633865121e-20+1.828674826185387e-20j), F_py: (3.9646467746314893e-20-4.3450810135779195e-20j)
Free_energy = -16508.440026732016
------------------------------------------
[{'stable': {}, 'free': np.float64(-16508.407959658405)}, {'stable': {'Fuu_px': np.complex128(0.0018989124041165388-3.821661849750845e-15j), 'Fuu_py': np.complex128(-3.7892656651673404e-15-0.001883426539253311j)}, 'free': np.float64(-16508.440000892864)}, {'stable': {'Fuu_px': np.complex128(0.0016546922359748897-1.5594875131387143e-16j), 'Fuu_py': np.complex128(0.0016546922359748852-1.2076283724880529e-16j)}, 'free': np.float64(-16508.432491859334)}, {'stable': {'Fuu_px': np.complex128(0.0018918303710611071-2.1897688981809265e-16j), 'Fuu_py': np.complex128(2.1990017889165699e-16+0.0018918303710609922j)}, 'free': np.float64(-16508.440026732016)}]
------------------------------------------
  Seed: dd:px
  Seed uu: [0.+0.j 0.+0.j 0.+0.j 0.+0.j], Seed dd: [ 1.89945961e-03-3.83722821e-15j -1.89945961e-03+3.82631552e-15j
 -3.80252797e-15-1.88283657e-03j  3.79218602e-15+1.88283657e-03j]
F_onsite: (6.272116023223785e-21-2.714766439072426e-22j)
F_swave: (-4.4219658884743025e-21+1.8026183562924442e-22j), F_dwave: (-1.1625532343404993e-21-9.72124179755076e-23j)
F_px: (2.6805486751184997e-22+8.663527053431044e-22j), F_py: (9.909172302476372e-22-1.2208393360922733e-20j)
Free_energy = -16508.440001030405
------------------------------------------
[{'stable': {}, 'free': np.float64(-16508.407959658405)}, {'stable': {'Fuu_px': np.complex128(0.0018989124041165388-3.821661849750845e-15j), 'Fuu_py': np.complex128(-3.7892656651673404e-15-0.001883426539253311j)}, 'free': np.float64(-16508.440000892864)}, {'stable': {'Fuu_px': np.complex128(0.0016546922359748897-1.5594875131387143e-16j), 'Fuu_py': np.complex128(0.0016546922359748852-1.2076283724880529e-16j)}, 'free': np.float64(-16508.432491859334)}, {'stable': {'Fuu_px': np.complex128(0.0018918303710611071-2.1897688981809265e-16j), 'Fuu_py': np.complex128(2.1990017889165699e-16+0.0018918303710609922j)}, 'free': np.float64(-16508.440026732016)}, {'stable': {'Fdd_px': np.complex128(0.0018988082265230307-3.837464771394201e-15j), 'Fdd_py': np.complex128(-3.803888726163453e-15-0.001883538569278142j)}, 'free': np.float64(-16508.440001030405)}]
------------------------------------------
  Seed: dd:px+py
  Seed uu: [0.+0.j 0.+0.j 0.+0.j 0.+0.j], Seed dd: [ 0.00165479-1.41069115e-16j -0.00165479+1.35308193e-16j
  0.00165479-1.39025490e-16j -0.00165479+1.33207326e-16j]
F_onsite: (2.6711522436000582e-20-4.6122219941935924e-35j)
F_swave: (-1.865038193953753e-20+0j), F_dwave: (3.079105214567812e-21+3.3101920919155616e-35j)
F_px: (-7.974553675978398e-35-1.3551663028187176e-20j), F_py: (2.467597741246146e-34-1.437606758429203e-20j)
Free_energy = -16508.432491859334
------------------------------------------
[{'stable': {}, 'free': np.float64(-16508.407959658405)}, {'stable': {'Fuu_px': np.complex128(0.0018989124041165388-3.821661849750845e-15j), 'Fuu_py': np.complex128(-3.7892656651673404e-15-0.001883426539253311j)}, 'free': np.float64(-16508.440000892864)}, {'stable': {'Fuu_px': np.complex128(0.0016546922359748897-1.5594875131387143e-16j), 'Fuu_py': np.complex128(0.0016546922359748852-1.2076283724880529e-16j)}, 'free': np.float64(-16508.432491859334)}, {'stable': {'Fuu_px': np.complex128(0.0018918303710611071-2.1897688981809265e-16j), 'Fuu_py': np.complex128(2.1990017889165699e-16+0.0018918303710609922j)}, 'free': np.float64(-16508.440026732016)}, {'stable': {'Fdd_px': np.complex128(0.0018988082265230307-3.837464771394201e-15j), 'Fdd_py': np.complex128(-3.803888726163453e-15-0.001883538569278142j)}, 'free': np.float64(-16508.440001030405)}, {'stable': {'Fdd_px': np.complex128(0.0016546922359748906-1.4180338050406342e-16j), 'Fdd_py': np.complex128(0.001654692235974886-1.3742010411603063e-16j)}, 'free': np.float64(-16508.432491859334)}]
------------------------------------------
  Seed: dd:px+ipy
  Seed uu: [0.+0.j 0.+0.j 0.+0.j 0.+0.j], Seed dd: [ 1.89192463e-03-2.18301169e-16j -1.89192463e-03+2.07755298e-16j
  2.20031519e-16+1.89192463e-03j -2.09597052e-16-1.89192463e-03j]
F_onsite: (5.755667881611743e-21+4.581129223715211e-22j)
F_swave: (-4.01985379865981e-21-3.1490873933564883e-22j), F_dwave: (-2.1683128278953964e-21-1.2467416523072949e-22j)
F_px: (-7.786199822803941e-23-3.7223712677711514e-21j), F_py: (-5.690692315910699e-23+8.53290403795423e-21j)
Free_energy = -16508.44002673202
------------------------------------------
[{'stable': {}, 'free': np.float64(-16508.407959658405)}, {'stable': {'Fuu_px': np.complex128(0.0018989124041165388-3.821661849750845e-15j), 'Fuu_py': np.complex128(-3.7892656651673404e-15-0.001883426539253311j)}, 'free': np.float64(-16508.440000892864)}, {'stable': {'Fuu_px': np.complex128(0.0016546922359748897-1.5594875131387143e-16j), 'Fuu_py': np.complex128(0.0016546922359748852-1.2076283724880529e-16j)}, 'free': np.float64(-16508.432491859334)}, {'stable': {'Fuu_px': np.complex128(0.0018918303710611071-2.1897688981809265e-16j), 'Fuu_py': np.complex128(2.1990017889165699e-16+0.0018918303710609922j)}, 'free': np.float64(-16508.440026732016)}, {'stable': {'Fdd_px': np.complex128(0.0018988082265230307-3.837464771394201e-15j), 'Fdd_py': np.complex128(-3.803888726163453e-15-0.001883538569278142j)}, 'free': np.float64(-16508.440001030405)}, {'stable': {'Fdd_px': np.complex128(0.0016546922359748906-1.4180338050406342e-16j), 'Fdd_py': np.complex128(0.001654692235974886-1.3742010411603063e-16j)}, 'free': np.float64(-16508.432491859334)}, {'stable': {'Fdd_px': np.complex128(0.0018918303710611065-2.193223601465642e-16j), 'Fdd_py': np.complex128(2.1996976132478495e-16+0.0018918303710609929j)}, 'free': np.float64(-16508.44002673202)}]
------------------------------------------
  Seed: uu+dd:px
  Seed uu: [ 1.89952629e-03-3.83029708e-15j -1.89952629e-03+3.81948581e-15j
 -3.79641920e-15-1.88276451e-03j  3.78607521e-15+1.88276451e-03j], Seed dd: [ 1.89958536e-03-3.88918260e-15j -1.89958536e-03+3.87889130e-15j
 -3.85467603e-15-1.88270064e-03j  3.84435105e-15+1.88270064e-03j]
F_onsite: (6.878203620862234e-20+6.650853916167354e-20j)
F_swave: (-4.835268308350811e-20-4.726885255510415e-20j), F_dwave: (-7.421456800647814e-21+6.542469037899036e-21j)
F_px: (4.9744239822169256e-20-2.060415998644231e-20j), F_py: (2.3732823398729993e-20+2.1044243863110992e-21j)
Free_energy = -16508.472042168574
------------------------------------------
[{'stable': {}, 'free': np.float64(-16508.407959658405)}, {'stable': {'Fuu_px': np.complex128(0.0018989124041165388-3.821661849750845e-15j), 'Fuu_py': np.complex128(-3.7892656651673404e-15-0.001883426539253311j)}, 'free': np.float64(-16508.440000892864)}, {'stable': {'Fuu_px': np.complex128(0.0016546922359748897-1.5594875131387143e-16j), 'Fuu_py': np.complex128(0.0016546922359748852-1.2076283724880529e-16j)}, 'free': np.float64(-16508.432491859334)}, {'stable': {'Fuu_px': np.complex128(0.0018918303710611071-2.1897688981809265e-16j), 'Fuu_py': np.complex128(2.1990017889165699e-16+0.0018918303710609922j)}, 'free': np.float64(-16508.440026732016)}, {'stable': {'Fdd_px': np.complex128(0.0018988082265230307-3.837464771394201e-15j), 'Fdd_py': np.complex128(-3.803888726163453e-15-0.001883538569278142j)}, 'free': np.float64(-16508.440001030405)}, {'stable': {'Fdd_px': np.complex128(0.0016546922359748906-1.4180338050406342e-16j), 'Fdd_py': np.complex128(0.001654692235974886-1.3742010411603063e-16j)}, 'free': np.float64(-16508.432491859334)}, {'stable': {'Fdd_px': np.complex128(0.0018918303710611065-2.193223601465642e-16j), 'Fdd_py': np.complex128(2.1996976132478495e-16+0.0018918303710609929j)}, 'free': np.float64(-16508.44002673202)}, {'stable': {'Fuu_px': np.complex128(0.0018988696388751542-3.828700117824822e-15j), 'Fuu_py': np.complex128(-3.797863896614919e-15-0.0018834725391777712j), 'Fdd_px': np.complex128(0.001898924046622679-3.886120259634787e-15j), 'Fdd_py': np.complex128(-3.856009303768525e-15-0.0018834140134221151j)}, 'free': np.float64(-16508.472042168574)}]
------------------------------------------
  Seed: uu+dd:px+py
  Seed uu: [ 0.00165479-1.40456009e-16j -0.00165479+1.35093311e-16j
  0.00165479-1.35938955e-16j -0.00165479+1.30180070e-16j], Seed dd: [ 0.00165479-1.47170717e-16j -0.00165479+1.41299151e-16j
  0.00165479-1.30282707e-16j -0.00165479+1.24564533e-16j]
F_onsite: (1.2666621935753325e-22+2.72388731009834e-20j)
F_swave: (-9.685418223106986e-23-1.9422701485059593e-20j), F_dwave: (8.906559873717601e-24-1.067672183477789e-20j)
F_px: (7.800501416886685e-20+5.025147733026342e-21j), F_py: (1.4591101865985382e-19-4.296081439957102e-21j)
Free_energy = -16508.457024060335
------------------------------------------
[{'stable': {}, 'free': np.float64(-16508.407959658405)}, {'stable': {'Fuu_px': np.complex128(0.0018989124041165388-3.821661849750845e-15j), 'Fuu_py': np.complex128(-3.7892656651673404e-15-0.001883426539253311j)}, 'free': np.float64(-16508.440000892864)}, {'stable': {'Fuu_px': np.complex128(0.0016546922359748897-1.5594875131387143e-16j), 'Fuu_py': np.complex128(0.0016546922359748852-1.2076283724880529e-16j)}, 'free': np.float64(-16508.432491859334)}, {'stable': {'Fuu_px': np.complex128(0.0018918303710611071-2.1897688981809265e-16j), 'Fuu_py': np.complex128(2.1990017889165699e-16+0.0018918303710609922j)}, 'free': np.float64(-16508.440026732016)}, {'stable': {'Fdd_px': np.complex128(0.0018988082265230307-3.837464771394201e-15j), 'Fdd_py': np.complex128(-3.803888726163453e-15-0.001883538569278142j)}, 'free': np.float64(-16508.440001030405)}, {'stable': {'Fdd_px': np.complex128(0.0016546922359748906-1.4180338050406342e-16j), 'Fdd_py': np.complex128(0.001654692235974886-1.3742010411603063e-16j)}, 'free': np.float64(-16508.432491859334)}, {'stable': {'Fdd_px': np.complex128(0.0018918303710611065-2.193223601465642e-16j), 'Fdd_py': np.complex128(2.1996976132478495e-16+0.0018918303710609929j)}, 'free': np.float64(-16508.44002673202)}, {'stable': {'Fuu_px': np.complex128(0.0018988696388751542-3.828700117824822e-15j), 'Fuu_py': np.complex128(-3.797863896614919e-15-0.0018834725391777712j), 'Fdd_px': np.complex128(0.001898924046622679-3.886120259634787e-15j), 'Fdd_py': np.complex128(-3.856009303768525e-15-0.0018834140134221151j)}, 'free': np.float64(-16508.472042168574)}, {'stable': {'Fuu_px': np.complex128(0.0016546922359748904-1.4126777774871289e-16j), 'Fuu_py': np.complex128(0.0016546922359748847-1.3433795636176414e-16j), 'Fdd_px': np.complex128(0.001654692235974889-1.4830102318201036e-16j), 'Fdd_py': np.complex128(0.0016546922359748856-1.2822699084168369e-16j)}, 'free': np.float64(-16508.457024060335)}]
------------------------------------------
  Seed: uu+dd:px+ipy
  Seed uu: [ 1.89192463e-03-2.18323735e-16j -1.89192463e-03+2.07914196e-16j
  2.19589109e-16+1.89192463e-03j -2.09203559e-16-1.89192463e-03j], Seed dd: [ 1.89192463e-03-2.12526046e-16j -1.89192463e-03+2.01865097e-16j
  2.17673908e-16+1.89192463e-03j -2.07102401e-16-1.89192463e-03j]
F_onsite: (-4.8227951458204913e-20-4.4322262225406663e-20j)
F_swave: (3.519208242690629e-20+3.0644563860328033e-20j), F_dwave: (-1.6759990340097447e-21-1.1028356810973934e-20j)
F_px: (4.0699250447230275e-21+7.30601989348436e-22j), F_py: (-2.472177140359868e-21+1.3901109503014058e-20j)
Free_energy = -16508.47209380553
------------------------------------------
[{'stable': {}, 'free': np.float64(-16508.407959658405)}, {'stable': {'Fuu_px': np.complex128(0.0018989124041165388-3.821661849750845e-15j), 'Fuu_py': np.complex128(-3.7892656651673404e-15-0.001883426539253311j)}, 'free': np.float64(-16508.440000892864)}, {'stable': {'Fuu_px': np.complex128(0.0016546922359748897-1.5594875131387143e-16j), 'Fuu_py': np.complex128(0.0016546922359748852-1.2076283724880529e-16j)}, 'free': np.float64(-16508.432491859334)}, {'stable': {'Fuu_px': np.complex128(0.0018918303710611071-2.1897688981809265e-16j), 'Fuu_py': np.complex128(2.1990017889165699e-16+0.0018918303710609922j)}, 'free': np.float64(-16508.440026732016)}, {'stable': {'Fdd_px': np.complex128(0.0018988082265230307-3.837464771394201e-15j), 'Fdd_py': np.complex128(-3.803888726163453e-15-0.001883538569278142j)}, 'free': np.float64(-16508.440001030405)}, {'stable': {'Fdd_px': np.complex128(0.0016546922359748906-1.4180338050406342e-16j), 'Fdd_py': np.complex128(0.001654692235974886-1.3742010411603063e-16j)}, 'free': np.float64(-16508.432491859334)}, {'stable': {'Fdd_px': np.complex128(0.0018918303710611065-2.193223601465642e-16j), 'Fdd_py': np.complex128(2.1996976132478495e-16+0.0018918303710609929j)}, 'free': np.float64(-16508.44002673202)}, {'stable': {'Fuu_px': np.complex128(0.0018988696388751542-3.828700117824822e-15j), 'Fuu_py': np.complex128(-3.797863896614919e-15-0.0018834725391777712j), 'Fdd_px': np.complex128(0.001898924046622679-3.886120259634787e-15j), 'Fdd_py': np.complex128(-3.856009303768525e-15-0.0018834140134221151j)}, 'free': np.float64(-16508.472042168574)}, {'stable': {'Fuu_px': np.complex128(0.0016546922359748904-1.4126777774871289e-16j), 'Fuu_py': np.complex128(0.0016546922359748847-1.3433795636176414e-16j), 'Fdd_px': np.complex128(0.001654692235974889-1.4830102318201036e-16j), 'Fdd_py': np.complex128(0.0016546922359748856-1.2822699084168369e-16j)}, 'free': np.float64(-16508.457024060335)}, {'stable': {'Fuu_px': np.complex128(0.0018918303710611071-2.1921474394887105e-16j), 'Fuu_py': np.complex128(2.19510279038124e-16+0.001891830371060993j), 'Fdd_px': np.complex128(0.0018918303710611052-2.1223958313818704e-16j), 'Fdd_py': np.complex128(2.176182986015335e-16+0.001891830371060996j)}, 'free': np.float64(-16508.47209380553)}]
------------------------------------------
====================================
mu=2.81, T=0.1171
====================================
  Seed: normal state
  Seed uu: [0.+0.j 0.+0.j 0.+0.j 0.+0.j], Seed dd: [0.+0.j 0.+0.j 0.+0.j 0.+0.j]
F_onsite: 0j
F_swave: 0j, F_dwave: 0j
F_px: 0j, F_py: 0j
Free_energy = -16511.67798897204
------------------------------------------
[{'stable': {}, 'free': np.float64(-16511.67798897204)}]
------------------------------------------
  Seed: uu:px
  Seed uu: [ 1.89891240e-03-3.82692619e-15j -1.89891240e-03+3.81639751e-15j
 -3.79445868e-15-1.88342654e-03j  3.78407266e-15+1.88342654e-03j], Seed dd: [0.+0.j 0.+0.j 0.+0.j 0.+0.j]
F_onsite: (-1.7248671190685478e-20-2.2658431298366545e-20j)
F_swave: (9.859131164626507e-21+1.4223508769701702e-20j), F_dwave: (8.425161776545253e-21-8.925321092954632e-21j)
F_px: (-4.212341483026716e-20+4.51209777042981e-21j), F_py: (-6.6250830996874025e-21+1.0498480491775698e-19j)
Free_energy = -16511.709455245986
------------------------------------------
[{'stable': {}, 'free': np.float64(-16511.67798897204)}, {'stable': {'Fuu_px': np.complex128(0.001898304251618257-3.825912850032763e-15j), 'Fuu_py': np.complex128(-3.795679921422097e-15-0.0018840792155244456j)}, 'free': np.float64(-16511.709455245986)}]
------------------------------------------
  Seed: uu:px+py
  Seed uu: [ 0.00165469-1.58928871e-16j -0.00165469+1.52968631e-16j
  0.00165469-1.23300072e-16j -0.00165469+1.18225603e-16j], Seed dd: [0.+0.j 0.+0.j 0.+0.j 0.+0.j]
F_onsite: (6.040554231894438e-23+8.491476123829647e-21j)
F_swave: (-3.1404047055128767e-23-4.5933670626701744e-21j), F_dwave: 2.797872447249157e-22j
F_px: (2.0502315934245223e-19-4.914157050750277e-21j), F_py: (1.335012723961123e-19+4.914157050720637e-21j)
Free_energy = -16511.702077408692
------------------------------------------
[{'stable': {}, 'free': np.float64(-16511.67798897204)}, {'stable': {'Fuu_px': np.complex128(0.001898304251618257-3.825912850032763e-15j), 'Fuu_py': np.complex128(-3.795679921422097e-15-0.0018840792155244456j)}, 'free': np.float64(-16511.709455245986)}, {'stable': {'Fuu_px': np.complex128(0.0016546059833500632-1.5843506432930372e-16j), 'Fuu_py': np.complex128(0.001654605983350055-1.2229834254605482e-16j)}, 'free': np.float64(-16511.702077408692)}]
------------------------------------------
  Seed: uu:px+ipy
  Seed uu: [ 1.89183037e-03-2.24295628e-16j -1.89183037e-03+2.13658152e-16j
  2.25099535e-16+1.89183037e-03j -2.14700823e-16-1.89183037e-03j], Seed dd: [0.+0.j 0.+0.j 0.+0.j 0.+0.j]
F_onsite: (8.008324817721667e-22-2.6267102427353762e-20j)
F_swave: (4.589322377884351e-22+1.9172982218748213e-20j), F_dwave: (-3.6075346172033556e-22-8.180661172323667e-21j)
F_px: (3.045494695929784e-20+1.6377992663446248e-20j), F_py: (3.05406315840394e-20+1.0216547186116368e-19j)
Free_energy = -16511.7094767164
------------------------------------------
[{'stable': {}, 'free': np.float64(-16511.67798897204)}, {'stable': {'Fuu_px': np.complex128(0.001898304251618257-3.825912850032763e-15j), 'Fuu_py': np.complex128(-3.795679921422097e-15-0.0018840792155244456j)}, 'free': np.float64(-16511.709455245986)}, {'stable': {'Fuu_px': np.complex128(0.0016546059833500632-1.5843506432930372e-16j), 'Fuu_py': np.complex128(0.001654605983350055-1.2229834254605482e-16j)}, 'free': np.float64(-16511.702077408692)}, {'stable': {'Fuu_px': np.complex128(0.0018917509087703556-2.2562381543554826e-16j), 'Fuu_py': np.complex128(2.250853771050579e-16+0.0018917509087702387j)}, 'free': np.float64(-16511.7094767164)}]
------------------------------------------
  Seed: dd:px
  Seed uu: [0.+0.j 0.+0.j 0.+0.j 0.+0.j], Seed dd: [ 1.89880823e-03-3.84251642e-15j -1.89880823e-03+3.83241312e-15j
 -3.80914228e-15-1.88353857e-03j  3.79863517e-15+1.88353857e-03j]
F_onsite: (4.069567781285401e-22+1.5728834666479043e-22j)
F_swave: (-3.005151628549397e-22-1.1366752782164258e-22j), F_dwave: (3.3542035812141877e-21-1.8965274610291822e-24j)
F_px: (-7.174685593115399e-22+7.82101467926192e-21j), F_py: (8.61214546322541e-22-3.0738016254402574e-21j)
Free_energy = -16511.709455361997
------------------------------------------
[{'stable': {}, 'free': np.float64(-16511.67798897204)}, {'stable': {'Fuu_px': np.complex128(0.001898304251618257-3.825912850032763e-15j), 'Fuu_py': np.complex128(-3.795679921422097e-15-0.0018840792155244456j)}, 'free': np.float64(-16511.709455245986)}, {'stable': {'Fuu_px': np.complex128(0.0016546059833500632-1.5843506432930372e-16j), 'Fuu_py': np.complex128(0.001654605983350055-1.2229834254605482e-16j)}, 'free': np.float64(-16511.702077408692)}, {'stable': {'Fuu_px': np.complex128(0.0018917509087703556-2.2562381543554826e-16j), 'Fuu_py': np.complex128(2.250853771050579e-16+0.0018917509087702387j)}, 'free': np.float64(-16511.7094767164)}, {'stable': {'Fdd_px': np.complex128(0.0018982083135205491-3.843028288932559e-15j), 'Fdd_py': np.complex128(-3.8104427130760045e-15-0.0018841818861809294j)}, 'free': np.float64(-16511.709455361997)}]
------------------------------------------
  Seed: dd:px+py
  Seed uu: [0.+0.j 0.+0.j 0.+0.j 0.+0.j], Seed dd: [ 0.00165469-1.44556932e-16j -0.00165469+1.39049829e-16j
  0.00165469-1.40096669e-16j -0.00165469+1.34743540e-16j]
F_onsite: (1.5821839625759867e-20+7.995406390295199e-35j)
F_swave: (-1.0911193433446906e-20-5.75522034162592e-35j), F_dwave: (-3.5753402890397735e-23+2.7459548035208636e-35j)
F_px: (-3.7991977418576332e-34+1.3828075188605034e-20j), F_py: (1.8657446336251347e-34-7.174504722388897e-21j)
Free_energy = -16511.702077408692
------------------------------------------
[{'stable': {}, 'free': np.float64(-16511.67798897204)}, {'stable': {'Fuu_px': np.complex128(0.001898304251618257-3.825912850032763e-15j), 'Fuu_py': np.complex128(-3.795679921422097e-15-0.0018840792155244456j)}, 'free': np.float64(-16511.709455245986)}, {'stable': {'Fuu_px': np.complex128(0.0016546059833500632-1.5843506432930372e-16j), 'Fuu_py': np.complex128(0.001654605983350055-1.2229834254605482e-16j)}, 'free': np.float64(-16511.702077408692)}, {'stable': {'Fuu_px': np.complex128(0.0018917509087703556-2.2562381543554826e-16j), 'Fuu_py': np.complex128(2.250853771050579e-16+0.0018917509087702387j)}, 'free': np.float64(-16511.7094767164)}, {'stable': {'Fdd_px': np.complex128(0.0018982083135205491-3.843028288932559e-15j), 'Fdd_py': np.complex128(-3.8104427130760045e-15-0.0018841818861809294j)}, 'free': np.float64(-16511.709455361997)}, {'stable': {'Fdd_px': np.complex128(0.001654605983350061-1.4203792260366916e-16j), 'Fdd_py': np.complex128(0.001654605983350055-1.4111178472007519e-16j)}, 'free': np.float64(-16511.702077408692)}]
------------------------------------------
  Seed: dd:px+ipy
  Seed uu: [0.+0.j 0.+0.j 0.+0.j 0.+0.j], Seed dd: [ 1.89183037e-03-2.24316870e-16j -1.89183037e-03+2.14327850e-16j
  2.25198076e-16+1.89183037e-03j -2.14741447e-16-1.89183037e-03j]
F_onsite: (2.4063251514985075e-20+2.247731393210088e-21j)
F_swave: (-1.6813327990488316e-20-1.5769244152912253e-21j), F_dwave: (-5.735613409993857e-21-2.117175743523108e-22j)
F_px: (-6.646023858098528e-22-1.2708206306737718e-21j), F_py: (1.0452645584881082e-21+5.103252515094109e-21j)
Free_energy = -16511.709476716405
------------------------------------------
[{'stable': {}, 'free': np.float64(-16511.67798897204)}, {'stable': {'Fuu_px': np.complex128(0.001898304251618257-3.825912850032763e-15j), 'Fuu_py': np.complex128(-3.795679921422097e-15-0.0018840792155244456j)}, 'free': np.float64(-16511.709455245986)}, {'stable': {'Fuu_px': np.complex128(0.0016546059833500632-1.5843506432930372e-16j), 'Fuu_py': np.complex128(0.001654605983350055-1.2229834254605482e-16j)}, 'free': np.float64(-16511.702077408692)}, {'stable': {'Fuu_px': np.complex128(0.0018917509087703556-2.2562381543554826e-16j), 'Fuu_py': np.complex128(2.250853771050579e-16+0.0018917509087702387j)}, 'free': np.float64(-16511.7094767164)}, {'stable': {'Fdd_px': np.complex128(0.0018982083135205491-3.843028288932559e-15j), 'Fdd_py': np.complex128(-3.8104427130760045e-15-0.0018841818861809294j)}, 'free': np.float64(-16511.709455361997)}, {'stable': {'Fdd_px': np.complex128(0.001654605983350061-1.4203792260366916e-16j), 'Fdd_py': np.complex128(0.001654605983350055-1.4111178472007519e-16j)}, 'free': np.float64(-16511.702077408692)}, {'stable': {'Fdd_px': np.complex128(0.001891750908770355-2.25430079809921e-16j), 'Fdd_py': np.complex128(2.252029393224364e-16+0.0018917509087702398j)}, 'free': np.float64(-16511.709476716405)}]
------------------------------------------
  Seed: uu+dd:px
  Seed uu: [ 1.89886964e-03-3.83393427e-15j -1.89886964e-03+3.82346597e-15j
 -3.80308876e-15-1.88347254e-03j  3.79263904e-15+1.88347254e-03j], Seed dd: [ 1.89892405e-03-3.89148765e-15j -1.89892405e-03+3.88075287e-15j
 -3.86118024e-15-1.88341401e-03j  3.85083837e-15+1.88341401e-03j]
F_onsite: (-2.885131510739615e-21-3.237383095078286e-20j)
F_swave: (1.4883897189805973e-21+2.0886084225859986e-20j), F_dwave: (7.141924986233703e-21+2.2841641196419312e-21j)
F_px: (1.5979431664483489e-21-1.5005086833378728e-20j), F_py: (8.336421112213022e-22+4.37739868442399e-20j)
Free_energy = -16511.740921554672
------------------------------------------
[{'stable': {}, 'free': np.float64(-16511.67798897204)}, {'stable': {'Fuu_px': np.complex128(0.001898304251618257-3.825912850032763e-15j), 'Fuu_py': np.complex128(-3.795679921422097e-15-0.0018840792155244456j)}, 'free': np.float64(-16511.709455245986)}, {'stable': {'Fuu_px': np.complex128(0.0016546059833500632-1.5843506432930372e-16j), 'Fuu_py': np.complex128(0.001654605983350055-1.2229834254605482e-16j)}, 'free': np.float64(-16511.702077408692)}, {'stable': {'Fuu_px': np.complex128(0.0018917509087703556-2.2562381543554826e-16j), 'Fuu_py': np.complex128(2.250853771050579e-16+0.0018917509087702387j)}, 'free': np.float64(-16511.7094767164)}, {'stable': {'Fdd_px': np.complex128(0.0018982083135205491-3.843028288932559e-15j), 'Fdd_py': np.complex128(-3.8104427130760045e-15-0.0018841818861809294j)}, 'free': np.float64(-16511.709455361997)}, {'stable': {'Fdd_px': np.complex128(0.001654605983350061-1.4203792260366916e-16j), 'Fdd_py': np.complex128(0.001654605983350055-1.4111178472007519e-16j)}, 'free': np.float64(-16511.702077408692)}, {'stable': {'Fdd_px': np.complex128(0.001891750908770355-2.25430079809921e-16j), 'Fdd_py': np.complex128(2.252029393224364e-16+0.0018917509087702398j)}, 'free': np.float64(-16511.709476716405)}, {'stable': {'Fuu_px': np.complex128(0.0018982648683807226-3.831576800532375e-15j), 'Fuu_py': np.complex128(-3.8043465971022806e-15-0.0018841213721682358j), 'Fdd_px': np.complex128(0.001898314973480985-3.890902008776221e-15j), 'Fdd_py': np.complex128(-3.8623623221881734e-15-0.0018840677362929638j)}, 'free': np.float64(-16511.740921554672)}]
------------------------------------------
  Seed: uu+dd:px+py
  Seed uu: [ 0.00165469-1.44070762e-16j -0.00165469+1.38464794e-16j
  0.00165469-1.36982181e-16j -0.00165469+1.31693731e-16j], Seed dd: [ 0.00165469-1.51237256e-16j -0.00165469+1.45364790e-16j
  0.00165469-1.30724527e-16j -0.00165469+1.25729455e-16j]
F_onsite: (7.686200900623766e-22+9.830072073359061e-20j)
F_swave: (-5.500281012248724e-22-6.907901967180649e-20j), F_dwave: (-9.851630069528365e-23+1.1822128664206326e-20j)
F_px: (2.604971293242056e-19-9.776451595547315e-23j), F_py: (2.1620113301493685e-19-6.701179074341824e-23j)
Free_energy = -16511.726165845474
------------------------------------------
[{'stable': {}, 'free': np.float64(-16511.67798897204)}, {'stable': {'Fuu_px': np.complex128(0.001898304251618257-3.825912850032763e-15j), 'Fuu_py': np.complex128(-3.795679921422097e-15-0.0018840792155244456j)}, 'free': np.float64(-16511.709455245986)}, {'stable': {'Fuu_px': np.complex128(0.0016546059833500632-1.5843506432930372e-16j), 'Fuu_py': np.complex128(0.001654605983350055-1.2229834254605482e-16j)}, 'free': np.float64(-16511.702077408692)}, {'stable': {'Fuu_px': np.complex128(0.0018917509087703556-2.2562381543554826e-16j), 'Fuu_py': np.complex128(2.250853771050579e-16+0.0018917509087702387j)}, 'free': np.float64(-16511.7094767164)}, {'stable': {'Fdd_px': np.complex128(0.0018982083135205491-3.843028288932559e-15j), 'Fdd_py': np.complex128(-3.8104427130760045e-15-0.0018841818861809294j)}, 'free': np.float64(-16511.709455361997)}, {'stable': {'Fdd_px': np.complex128(0.001654605983350061-1.4203792260366916e-16j), 'Fdd_py': np.complex128(0.001654605983350055-1.4111178472007519e-16j)}, 'free': np.float64(-16511.702077408692)}, {'stable': {'Fdd_px': np.complex128(0.001891750908770355-2.25430079809921e-16j), 'Fdd_py': np.complex128(2.252029393224364e-16+0.0018917509087702398j)}, 'free': np.float64(-16511.709476716405)}, {'stable': {'Fuu_px': np.complex128(0.0018982648683807226-3.831576800532375e-15j), 'Fuu_py': np.complex128(-3.8043465971022806e-15-0.0018841213721682358j), 'Fdd_px': np.complex128(0.001898314973480985-3.890902008776221e-15j), 'Fdd_py': np.complex128(-3.8623623221881734e-15-0.0018840677362929638j)}, 'free': np.float64(-16511.740921554672)}, {'stable': {'Fuu_px': np.complex128(0.001654605983350062-1.418544936484743e-16j), 'Fuu_py': np.complex128(0.0016546059833500541-1.3764349582097915e-16j), 'Fdd_px': np.complex128(0.001654605983350061-1.497945804960361e-16j), 'Fdd_py': np.complex128(0.0016546059833500563-1.31412357501507e-16j)}, 'free': np.float64(-16511.726165845474)}]
------------------------------------------
  Seed: uu+dd:px+ipy
  Seed uu: [ 1.89183037e-03-2.24401269e-16j -1.89183037e-03+2.14028219e-16j
  2.24690716e-16+1.89183037e-03j -2.14329842e-16-1.89183037e-03j], Seed dd: [ 1.89183037e-03-2.17620459e-16j -1.89183037e-03+2.06858707e-16j
  2.22876795e-16+1.89183037e-03j -2.12359802e-16-1.89183037e-03j]
F_onsite: (-2.322768217552063e-20-5.0428064376369655e-21j)
F_swave: (1.749953179347507e-20+2.1916428261654358e-21j), F_dwave: (1.1011337575029393e-20-1.86425595550914e-22j)
F_px: (-5.125303844849618e-20+4.1110662428116095e-20j), F_py: (6.631554790080515e-20+6.89246106933453e-21j)
Free_energy = -16511.740964460787
------------------------------------------
[{'stable': {}, 'free': np.float64(-16511.67798897204)}, {'stable': {'Fuu_px': np.complex128(0.001898304251618257-3.825912850032763e-15j), 'Fuu_py': np.complex128(-3.795679921422097e-15-0.0018840792155244456j)}, 'free': np.float64(-16511.709455245986)}, {'stable': {'Fuu_px': np.complex128(0.0016546059833500632-1.5843506432930372e-16j), 'Fuu_py': np.complex128(0.001654605983350055-1.2229834254605482e-16j)}, 'free': np.float64(-16511.702077408692)}, {'stable': {'Fuu_px': np.complex128(0.0018917509087703556-2.2562381543554826e-16j), 'Fuu_py': np.complex128(2.250853771050579e-16+0.0018917509087702387j)}, 'free': np.float64(-16511.7094767164)}, {'stable': {'Fdd_px': np.complex128(0.0018982083135205491-3.843028288932559e-15j), 'Fdd_py': np.complex128(-3.8104427130760045e-15-0.0018841818861809294j)}, 'free': np.float64(-16511.709455361997)}, {'stable': {'Fdd_px': np.complex128(0.001654605983350061-1.4203792260366916e-16j), 'Fdd_py': np.complex128(0.001654605983350055-1.4111178472007519e-16j)}, 'free': np.float64(-16511.702077408692)}, {'stable': {'Fdd_px': np.complex128(0.001891750908770355-2.25430079809921e-16j), 'Fdd_py': np.complex128(2.252029393224364e-16+0.0018917509087702398j)}, 'free': np.float64(-16511.709476716405)}, {'stable': {'Fuu_px': np.complex128(0.0018982648683807226-3.831576800532375e-15j), 'Fuu_py': np.complex128(-3.8043465971022806e-15-0.0018841213721682358j), 'Fdd_px': np.complex128(0.001898314973480985-3.890902008776221e-15j), 'Fdd_py': np.complex128(-3.8623623221881734e-15-0.0018840677362929638j)}, 'free': np.float64(-16511.740921554672)}, {'stable': {'Fuu_px': np.complex128(0.001654605983350062-1.418544936484743e-16j), 'Fuu_py': np.complex128(0.0016546059833500541-1.3764349582097915e-16j), 'Fdd_px': np.complex128(0.001654605983350061-1.497945804960361e-16j), 'Fdd_py': np.complex128(0.0016546059833500563-1.31412357501507e-16j)}, 'free': np.float64(-16511.726165845474)}, {'stable': {'Fuu_px': np.complex128(0.0018917509087703563-2.254468517240211e-16j), 'Fuu_py': np.complex128(2.247258546323403e-16+0.0018917509087702398j), 'Fdd_px': np.complex128(0.001891750908770353-2.1948974841532043e-16j), 'Fdd_py': np.complex128(2.2279394453322065e-16+0.001891750908770242j)}, 'free': np.float64(-16511.740964460787)}]
------------------------------------------
====================================
mu=2.81, T=0.1254
====================================
  Seed: normal state
  Seed uu: [0.+0.j 0.+0.j 0.+0.j 0.+0.j], Seed dd: [0.+0.j 0.+0.j 0.+0.j 0.+0.j]
F_onsite: 0j
F_swave: 0j, F_dwave: 0j
F_px: 0j, F_py: 0j
Free_energy = -16515.18892539036
------------------------------------------
[{'stable': {}, 'free': np.float64(-16515.18892539036)}]
------------------------------------------
  Seed: uu:px
  Seed uu: [ 1.89830425e-03-3.83104171e-15j -1.89830425e-03+3.82078399e-15j
 -3.80091598e-15-1.88407922e-03j  3.79044386e-15+1.88407922e-03j], Seed dd: [0.+0.j 0.+0.j 0.+0.j 0.+0.j]
F_onsite: (8.23996740455291e-20-1.04800520293785e-19j)
F_swave: (-5.874420932925251e-20+7.438330002330697e-20j), F_dwave: (-1.5498320032309364e-20-1.7525034274830586e-20j)
F_px: (1.5763502503176028e-20+1.48726502750945e-20j), F_py: (-1.122846955819299e-20+5.62780017357705e-21j)
Free_energy = -16515.219856215626
------------------------------------------
[{'stable': {}, 'free': np.float64(-16515.18892539036)}, {'stable': {'Fuu_px': np.complex128(0.0018977442378222344-3.8285145547436466e-15j), 'Fuu_py': np.complex128(-3.802060233493237e-15-0.0018846773991866145j)}, 'free': np.float64(-16515.219856215626)}]
------------------------------------------
  Seed: uu:px+py
  Seed uu: [ 0.00165461-1.61309881e-16j -0.00165461+1.55560248e-16j
  0.00165461-1.25195255e-16j -0.00165461+1.19401430e-16j], Seed dd: [0.+0.j 0.+0.j 0.+0.j 0.+0.j]
F_onsite: (-9.667124419931487e-21+1.7668938795214657e-20j)
F_swave: (6.472037084997515e-21-1.3365540068521575e-20j), F_dwave: (-9.750020343460382e-34-1.5186916814644696e-20j)
F_px: (1.83725095440873e-19-1.360907215094036e-20j), F_py: (1.2457513385965388e-19+1.3609072150910875e-20j)
Free_energy = -16515.21260097709
------------------------------------------
[{'stable': {}, 'free': np.float64(-16515.18892539036)}, {'stable': {'Fuu_px': np.complex128(0.0018977442378222344-3.8285145547436466e-15j), 'Fuu_py': np.complex128(-3.802060233493237e-15-0.0018846773991866145j)}, 'free': np.float64(-16515.219856215626)}, {'stable': {'Fuu_px': np.complex128(0.0016545333657467438-1.61698119792258e-16j), 'Fuu_py': np.complex128(0.001654533365746733-1.2508923008047404e-16j)}, 'free': np.float64(-16515.21260097709)}]
------------------------------------------
  Seed: uu:px+ipy
  Seed uu: [ 1.89175091e-03-2.30776065e-16j -1.89175091e-03+2.20471565e-16j
  2.30280002e-16+1.89175091e-03j -2.19890752e-16-1.89175091e-03j], Seed dd: [0.+0.j 0.+0.j 0.+0.j 0.+0.j]
F_onsite: (3.9718777074508026e-20+1.3016149388454947e-19j)
F_swave: (-2.9656280660764695e-20-8.945796906439813e-20j), F_dwave: (-1.2688043451278314e-21+1.5579824633074777e-20j)
F_px: (-3.3073030597359976e-20+2.619635895763722e-20j), F_py: (7.1943335543026e-21+3.1060824834244134e-20j)
Free_energy = -16515.219874072813
------------------------------------------
[{'stable': {}, 'free': np.float64(-16515.18892539036)}, {'stable': {'Fuu_px': np.complex128(0.0018977442378222344-3.8285145547436466e-15j), 'Fuu_py': np.complex128(-3.802060233493237e-15-0.0018846773991866145j)}, 'free': np.float64(-16515.219856215626)}, {'stable': {'Fuu_px': np.complex128(0.0016545333657467438-1.61698119792258e-16j), 'Fuu_py': np.complex128(0.001654533365746733-1.2508923008047404e-16j)}, 'free': np.float64(-16515.21260097709)}, {'stable': {'Fuu_px': np.complex128(0.0018916839231056973-2.292209228257984e-16j), 'Fuu_py': np.complex128(2.302176688464799e-16+0.0018916839231055767j)}, 'free': np.float64(-16515.219874072813)}]
------------------------------------------
  Seed: dd:px
  Seed uu: [0.+0.j 0.+0.j 0.+0.j 0.+0.j], Seed dd: [ 1.89820831e-03-3.84857629e-15j -1.89820831e-03+3.83748029e-15j
 -3.81561845e-15-1.88418189e-03j  3.80526698e-15+1.88418189e-03j]
F_onsite: (-1.10339033855863e-20+1.2080233500330763e-22j)
F_swave: (7.675683719624886e-21-9.098909968873697e-23j), F_dwave: (-8.679809535017598e-22+1.2844024875247433e-23j)
F_px: (-1.5750238910947995e-23-1.0410917042002741e-20j), F_py: (5.037384607699168e-22+6.462696593490874e-21j)
Free_energy = -16515.21985631357
------------------------------------------
[{'stable': {}, 'free': np.float64(-16515.18892539036)}, {'stable': {'Fuu_px': np.complex128(0.0018977442378222344-3.8285145547436466e-15j), 'Fuu_py': np.complex128(-3.802060233493237e-15-0.0018846773991866145j)}, 'free': np.float64(-16515.219856215626)}, {'stable': {'Fuu_px': np.complex128(0.0016545333657467438-1.61698119792258e-16j), 'Fuu_py': np.complex128(0.001654533365746733-1.2508923008047404e-16j)}, 'free': np.float64(-16515.21260097709)}, {'stable': {'Fuu_px': np.complex128(0.0018916839231056973-2.292209228257984e-16j), 'Fuu_py': np.complex128(2.302176688464799e-16+0.0018916839231055767j)}, 'free': np.float64(-16515.219874072813)}, {'stable': {'Fdd_px': np.complex128(0.0018976559024932267-3.846732096004384e-15j), 'Fdd_py': np.complex128(-3.8168707435423214e-15-0.001884771505368397j)}, 'free': np.float64(-16515.21985631357)}]
------------------------------------------
  Seed: dd:px+py
  Seed uu: [0.+0.j 0.+0.j 0.+0.j 0.+0.j], Seed dd: [ 0.00165461-1.44784678e-16j -0.00165461+1.39291167e-16j
  0.00165461-1.43911679e-16j -0.00165461+1.38311891e-16j]
F_onsite: (-1.1046144473357982e-20+3.818132866713682e-34j)
F_swave: (7.824246590481676e-21-2.4976903966271965e-34j), F_dwave: (1.0647693471184653e-21+5.416677968589101e-35j)
F_px: (-1.293984181385174e-34-1.1738131896707831e-20j), F_py: (1.7491355940235638e-34-1.572336275060971e-20j)
Free_energy = -16515.21260097709
------------------------------------------
[{'stable': {}, 'free': np.float64(-16515.18892539036)}, {'stable': {'Fuu_px': np.complex128(0.0018977442378222344-3.8285145547436466e-15j), 'Fuu_py': np.complex128(-3.802060233493237e-15-0.0018846773991866145j)}, 'free': np.float64(-16515.219856215626)}, {'stable': {'Fuu_px': np.complex128(0.0016545333657467438-1.61698119792258e-16j), 'Fuu_py': np.complex128(0.001654533365746733-1.2508923008047404e-16j)}, 'free': np.float64(-16515.21260097709)}, {'stable': {'Fuu_px': np.complex128(0.0018916839231056973-2.292209228257984e-16j), 'Fuu_py': np.complex128(2.302176688464799e-16+0.0018916839231055767j)}, 'free': np.float64(-16515.219874072813)}, {'stable': {'Fdd_px': np.complex128(0.0018976559024932267-3.846732096004384e-15j), 'Fdd_py': np.complex128(-3.8168707435423214e-15-0.001884771505368397j)}, 'free': np.float64(-16515.21985631357)}, {'stable': {'Fdd_px': np.complex128(0.001654533365746743-1.437249541542486e-16j), 'Fdd_py': np.complex128(0.0016545333657467338-1.4489075603980124e-16j)}, 'free': np.float64(-16515.21260097709)}]
------------------------------------------
  Seed: dd:px+ipy
  Seed uu: [0.+0.j 0.+0.j 0.+0.j 0.+0.j], Seed dd: [ 1.89175091e-03-2.30637542e-16j -1.89175091e-03+2.20222617e-16j
  2.30461393e-16+1.89175091e-03j -2.19944486e-16-1.89175091e-03j]
F_onsite: (-1.1698164660276886e-20+6.50112926218453e-22j)
F_swave: (8.158362651590638e-21-4.703854772077735e-22j), F_dwave: (-2.0598984993083925e-21+2.993404858529427e-23j)
F_px: (1.7999413586614292e-22-8.478339728804196e-21j), F_py: (-7.331779508779432e-23-9.582041310378838e-21j)
Free_energy = -16515.21987407281
------------------------------------------
[{'stable': {}, 'free': np.float64(-16515.18892539036)}, {'stable': {'Fuu_px': np.complex128(0.0018977442378222344-3.8285145547436466e-15j), 'Fuu_py': np.complex128(-3.802060233493237e-15-0.0018846773991866145j)}, 'free': np.float64(-16515.219856215626)}, {'stable': {'Fuu_px': np.complex128(0.0016545333657467438-1.61698119792258e-16j), 'Fuu_py': np.complex128(0.001654533365746733-1.2508923008047404e-16j)}, 'free': np.float64(-16515.21260097709)}, {'stable': {'Fuu_px': np.complex128(0.0018916839231056973-2.292209228257984e-16j), 'Fuu_py': np.complex128(2.302176688464799e-16+0.0018916839231055767j)}, 'free': np.float64(-16515.219874072813)}, {'stable': {'Fdd_px': np.complex128(0.0018976559024932267-3.846732096004384e-15j), 'Fdd_py': np.complex128(-3.8168707435423214e-15-0.001884771505368397j)}, 'free': np.float64(-16515.21985631357)}, {'stable': {'Fdd_px': np.complex128(0.001654533365746743-1.437249541542486e-16j), 'Fdd_py': np.complex128(0.0016545333657467338-1.4489075603980124e-16j)}, 'free': np.float64(-16515.21260097709)}, {'stable': {'Fdd_px': np.complex128(0.0018916839231056973-2.2923406507137065e-16j), 'Fdd_py': np.complex128(2.304253705895695e-16+0.0018916839231055776j)}, 'free': np.float64(-16515.21987407281)}]
------------------------------------------
  Seed: uu+dd:px
  Seed uu: [ 1.89826487e-03-3.83663053e-15j -1.89826487e-03+3.82652307e-15j
 -3.80958439e-15-1.88412137e-03j  3.79910880e-15+1.88412137e-03j], Seed dd: [ 1.89831497e-03-3.89609204e-15j -1.89831497e-03+3.88571198e-15j
 -3.86760337e-15-1.88406774e-03j  3.85712127e-15+1.88406774e-03j]
F_onsite: (-1.8405146466156404e-20-7.457662573333001e-20j)
F_swave: (1.5182232452303878e-20+5.21732348987671e-20j), F_dwave: (-6.885408851378526e-21-1.1548944082691298e-20j)
F_px: (1.9909719409945037e-20-1.950260161846728e-20j), F_py: (2.3836475721050356e-20+1.0248904701118857e-20j)
Free_energy = -16515.250787070134
------------------------------------------
[{'stable': {}, 'free': np.float64(-16515.18892539036)}, {'stable': {'Fuu_px': np.complex128(0.0018977442378222344-3.8285145547436466e-15j), 'Fuu_py': np.complex128(-3.802060233493237e-15-0.0018846773991866145j)}, 'free': np.float64(-16515.219856215626)}, {'stable': {'Fuu_px': np.complex128(0.0016545333657467438-1.61698119792258e-16j), 'Fuu_py': np.complex128(0.001654533365746733-1.2508923008047404e-16j)}, 'free': np.float64(-16515.21260097709)}, {'stable': {'Fuu_px': np.complex128(0.0018916839231056973-2.292209228257984e-16j), 'Fuu_py': np.complex128(2.302176688464799e-16+0.0018916839231055767j)}, 'free': np.float64(-16515.219874072813)}, {'stable': {'Fdd_px': np.complex128(0.0018976559024932267-3.846732096004384e-15j), 'Fdd_py': np.complex128(-3.8168707435423214e-15-0.001884771505368397j)}, 'free': np.float64(-16515.21985631357)}, {'stable': {'Fdd_px': np.complex128(0.001654533365746743-1.437249541542486e-16j), 'Fdd_py': np.complex128(0.0016545333657467338-1.4489075603980124e-16j)}, 'free': np.float64(-16515.21260097709)}, {'stable': {'Fdd_px': np.complex128(0.0018916839231056973-2.2923406507137065e-16j), 'Fdd_py': np.complex128(2.304253705895695e-16+0.0018916839231055776j)}, 'free': np.float64(-16515.21987407281)}, {'stable': {'Fuu_px': np.complex128(0.0018977079752832706-3.834476263793998e-15j), 'Fuu_py': np.complex128(-3.810678664691374e-15-0.0018847160389976604j), 'Fdd_px': np.complex128(0.0018977541101622263-3.895808870639665e-15j), 'Fdd_py': np.complex128(-3.868757338221882e-15-0.0018846668776478293j)}, 'free': np.float64(-16515.250787070134)}]
------------------------------------------
  Seed: uu+dd:px+py
  Seed uu: [ 0.00165461-1.44628507e-16j -0.00165461+1.39080481e-16j
  0.00165461-1.40709669e-16j -0.00165461+1.34577323e-16j], Seed dd: [ 0.00165461-1.52445178e-16j -0.00165461+1.47143983e-16j
  0.00165461-1.34243631e-16j -0.00165461+1.28581084e-16j]
F_onsite: (9.468216789753406e-22-3.370305048729303e-20j)
F_swave: (-6.824204059924072e-22+2.2493926499219036e-20j), F_dwave: (-4.068075063998109e-23-7.55329586165495e-21j)
F_px: (1.1049432005943545e-19+3.3252339677390552e-21j), F_py: (2.2187877432654643e-19-3.1167000661527255e-21j)
Free_energy = -16515.23627656372
------------------------------------------
[{'stable': {}, 'free': np.float64(-16515.18892539036)}, {'stable': {'Fuu_px': np.complex128(0.0018977442378222344-3.8285145547436466e-15j), 'Fuu_py': np.complex128(-3.802060233493237e-15-0.0018846773991866145j)}, 'free': np.float64(-16515.219856215626)}, {'stable': {'Fuu_px': np.complex128(0.0016545333657467438-1.61698119792258e-16j), 'Fuu_py': np.complex128(0.001654533365746733-1.2508923008047404e-16j)}, 'free': np.float64(-16515.21260097709)}, {'stable': {'Fuu_px': np.complex128(0.0018916839231056973-2.292209228257984e-16j), 'Fuu_py': np.complex128(2.302176688464799e-16+0.0018916839231055767j)}, 'free': np.float64(-16515.219874072813)}, {'stable': {'Fdd_px': np.complex128(0.0018976559024932267-3.846732096004384e-15j), 'Fdd_py': np.complex128(-3.8168707435423214e-15-0.001884771505368397j)}, 'free': np.float64(-16515.21985631357)}, {'stable': {'Fdd_px': np.complex128(0.001654533365746743-1.437249541542486e-16j), 'Fdd_py': np.complex128(0.0016545333657467338-1.4489075603980124e-16j)}, 'free': np.float64(-16515.21260097709)}, {'stable': {'Fdd_px': np.complex128(0.0018916839231056973-2.2923406507137065e-16j), 'Fdd_py': np.complex128(2.304253705895695e-16+0.0018916839231055776j)}, 'free': np.float64(-16515.21987407281)}, {'stable': {'Fuu_px': np.complex128(0.0018977079752832706-3.834476263793998e-15j), 'Fuu_py': np.complex128(-3.810678664691374e-15-0.0018847160389976604j), 'Fdd_px': np.complex128(0.0018977541101622263-3.895808870639665e-15j), 'Fdd_py': np.complex128(-3.868757338221882e-15-0.0018846668776478293j)}, 'free': np.float64(-16515.250787070134)}, {'stable': {'Fuu_px': np.complex128(0.0016545333657467434-1.4355595784638157e-16j), 'Fuu_py': np.complex128(0.001654533365746733-1.4169167803414426e-16j), 'Fdd_px': np.complex128(0.0016545333657467412-1.521060341474196e-16j), 'Fdd_py': np.complex128(0.0016545333657467347-1.3447525510855814e-16j)}, 'free': np.float64(-16515.23627656372)}]
------------------------------------------
  Seed: uu+dd:px+ipy
  Seed uu: [ 1.89175091e-03-2.30525191e-16j -1.89175091e-03+2.20368512e-16j
  2.29971722e-16+1.89175091e-03j -2.19479988e-16-1.89175091e-03j], Seed dd: [ 1.89175091e-03-2.24529753e-16j -1.89175091e-03+2.14449744e-16j
  2.28032135e-16+1.89175091e-03j -2.17555754e-16-1.89175091e-03j]
F_onsite: (2.2514704063931753e-20-7.279795533498056e-21j)
F_swave: (-1.677204376885389e-20+7.274463879455044e-21j), F_dwave: (-1.6816359256946574e-20-8.303738319427168e-21j)
F_px: (4.32324154931002e-20-1.6636429726772285e-21j), F_py: (-3.6870630637382506e-20+1.1909986718436246e-20j)
Free_energy = -16515.25082275534
------------------------------------------
[{'stable': {}, 'free': np.float64(-16515.18892539036)}, {'stable': {'Fuu_px': np.complex128(0.0018977442378222344-3.8285145547436466e-15j), 'Fuu_py': np.complex128(-3.802060233493237e-15-0.0018846773991866145j)}, 'free': np.float64(-16515.219856215626)}, {'stable': {'Fuu_px': np.complex128(0.0016545333657467438-1.61698119792258e-16j), 'Fuu_py': np.complex128(0.001654533365746733-1.2508923008047404e-16j)}, 'free': np.float64(-16515.21260097709)}, {'stable': {'Fuu_px': np.complex128(0.0018916839231056973-2.292209228257984e-16j), 'Fuu_py': np.complex128(2.302176688464799e-16+0.0018916839231055767j)}, 'free': np.float64(-16515.219874072813)}, {'stable': {'Fdd_px': np.complex128(0.0018976559024932267-3.846732096004384e-15j), 'Fdd_py': np.complex128(-3.8168707435423214e-15-0.001884771505368397j)}, 'free': np.float64(-16515.21985631357)}, {'stable': {'Fdd_px': np.complex128(0.001654533365746743-1.437249541542486e-16j), 'Fdd_py': np.complex128(0.0016545333657467338-1.4489075603980124e-16j)}, 'free': np.float64(-16515.21260097709)}, {'stable': {'Fdd_px': np.complex128(0.0018916839231056973-2.2923406507137065e-16j), 'Fdd_py': np.complex128(2.304253705895695e-16+0.0018916839231055776j)}, 'free': np.float64(-16515.21987407281)}, {'stable': {'Fuu_px': np.complex128(0.0018977079752832706-3.834476263793998e-15j), 'Fuu_py': np.complex128(-3.810678664691374e-15-0.0018847160389976604j), 'Fdd_px': np.complex128(0.0018977541101622263-3.895808870639665e-15j), 'Fdd_py': np.complex128(-3.868757338221882e-15-0.0018846668776478293j)}, 'free': np.float64(-16515.250787070134)}, {'stable': {'Fuu_px': np.complex128(0.0016545333657467434-1.4355595784638157e-16j), 'Fuu_py': np.complex128(0.001654533365746733-1.4169167803414426e-16j), 'Fdd_px': np.complex128(0.0016545333657467412-1.521060341474196e-16j), 'Fdd_py': np.complex128(0.0016545333657467347-1.3447525510855814e-16j)}, 'free': np.float64(-16515.23627656372)}, {'stable': {'Fuu_px': np.complex128(0.0018916839231056986-2.291068910152743e-16j), 'Fuu_py': np.complex128(2.299366722836732e-16+0.0018916839231055776j), 'Fdd_px': np.complex128(0.0018916839231056934-2.2294196354075333e-16j), 'Fdd_py': np.complex128(2.2787783628264096e-16+0.0018916839231055793j)}, 'free': np.float64(-16515.25082275534)}]
------------------------------------------
====================================
mu=2.81, T=0.1337
====================================
  Seed: normal state
  Seed uu: [0.+0.j 0.+0.j 0.+0.j 0.+0.j], Seed dd: [0.+0.j 0.+0.j 0.+0.j 0.+0.j]
F_onsite: 0j
F_swave: 0j, F_dwave: 0j
F_px: 0j, F_py: 0j
Free_energy = -16518.940793044163
------------------------------------------
[{'stable': {}, 'free': np.float64(-16518.940793044163)}]
------------------------------------------
  Seed: uu:px
  Seed uu: [ 1.89774424e-03-3.83373201e-15j -1.89774424e-03+3.82329710e-15j
 -3.80726940e-15-1.88467740e-03j  3.79685107e-15+1.88467740e-03j], Seed dd: [0.+0.j 0.+0.j 0.+0.j 0.+0.j]
F_onsite: (1.0458262952960977e-19-7.044681303999146e-21j)
F_swave: (-7.465122910429324e-20+3.798389388683605e-21j), F_dwave: (-2.124923786095503e-20-4.84197715495491e-21j)
F_px: (1.0946564768512117e-19-1.9751748838998224e-20j), F_py: (-2.4603830686771973e-21-1.7130167421765138e-19j)
Free_energy = -16518.971222891963
------------------------------------------
[{'stable': {}, 'free': np.float64(-16518.940793044163)}, {'stable': {'Fuu_px': np.complex128(0.0018972286371421814-3.833167812957449e-15j), 'Fuu_py': np.complex128(-3.808309933745655e-15-0.0018852257139458832j)}, 'free': np.float64(-16518.971222891963)}]
------------------------------------------
  Seed: uu:px+py
  Seed uu: [ 0.00165453-1.64676625e-16j -0.00165453+1.58719614e-16j
  0.00165453-1.28153967e-16j -0.00165453+1.22024493e-16j], Seed dd: [0.+0.j 0.+0.j 0.+0.j 0.+0.j]
F_onsite: (-1.2050907887457243e-23-1.3554568496862404e-19j)
F_swave: (9.950160506619454e-24+9.387748056870465e-20j), F_dwave: (1.0712985315654e-33+2.1637463584157262e-20j)
F_px: (1.2599964550937746e-19-8.560600600522387e-21j), F_py: (1.8554346229768477e-19+8.560600600496068e-21j)
Free_energy = -16518.964082715273
------------------------------------------
[{'stable': {}, 'free': np.float64(-16518.940793044163)}, {'stable': {'Fuu_px': np.complex128(0.0018972286371421814-3.833167812957449e-15j), 'Fuu_py': np.complex128(-3.808309933745655e-15-0.0018852257139458832j)}, 'free': np.float64(-16518.971222891963)}, {'stable': {'Fuu_px': np.complex128(0.0016544722271885893-1.662373230344795e-16j), 'Fuu_py': np.complex128(0.0016544722271885817-1.2760445471267628e-16j)}, 'free': np.float64(-16518.964082715273)}]
------------------------------------------
  Seed: uu:px+ipy
  Seed uu: [ 1.89168392e-03-2.34356222e-16j -1.89168392e-03+2.24085623e-16j
  2.35492160e-16+1.89168392e-03j -2.24943178e-16-1.89168392e-03j], Seed dd: [0.+0.j 0.+0.j 0.+0.j 0.+0.j]
F_onsite: (-2.855902228731572e-20+7.321696071535036e-20j)
F_swave: (2.121259834945609e-20-5.1836234023184476e-20j), F_dwave: (4.434102932600184e-22+1.986683515828467e-20j)
F_px: (6.322522437259385e-20-1.1395548126786234e-20j), F_py: (-3.4939166224178917e-20+4.91625534225471e-20j)
Free_energy = -16518.97123775646
------------------------------------------
[{'stable': {}, 'free': np.float64(-16518.940793044163)}, {'stable': {'Fuu_px': np.complex128(0.0018972286371421814-3.833167812957449e-15j), 'Fuu_py': np.complex128(-3.808309933745655e-15-0.0018852257139458832j)}, 'free': np.float64(-16518.971222891963)}, {'stable': {'Fuu_px': np.complex128(0.0016544722271885893-1.662373230344795e-16j), 'Fuu_py': np.complex128(0.0016544722271885817-1.2760445471267628e-16j)}, 'free': np.float64(-16518.964082715273)}, {'stable': {'Fuu_px': np.complex128(0.001891627454734072-2.3370194549245537e-16j), 'Fuu_py': np.complex128(2.3552353616764005e-16+0.001891627454733947j)}, 'free': np.float64(-16518.97123775646)}]
------------------------------------------
  Seed: dd:px
  Seed uu: [0.+0.j 0.+0.j 0.+0.j 0.+0.j], Seed dd: [ 1.89765590e-03-3.85195827e-15j -1.89765590e-03+3.84150592e-15j
 -3.82209632e-15-1.88477151e-03j  3.81164517e-15+1.88477151e-03j]
F_onsite: (1.680144843788669e-20-6.129056380487434e-22j)
F_swave: (-1.2014232827854037e-20+4.316129467293706e-22j), F_dwave: (-1.3077253154961442e-21-4.9974537596166256e-24j)
F_px: (5.311459297651372e-22-1.2719991176612595e-20j), F_py: (5.314643024228641e-22-2.2490760057046675e-20j)
Free_energy = -16518.971222974866
------------------------------------------
[{'stable': {}, 'free': np.float64(-16518.940793044163)}, {'stable': {'Fuu_px': np.complex128(0.0018972286371421814-3.833167812957449e-15j), 'Fuu_py': np.complex128(-3.808309933745655e-15-0.0018852257139458832j)}, 'free': np.float64(-16518.971222891963)}, {'stable': {'Fuu_px': np.complex128(0.0016544722271885893-1.662373230344795e-16j), 'Fuu_py': np.complex128(0.0016544722271885817-1.2760445471267628e-16j)}, 'free': np.float64(-16518.964082715273)}, {'stable': {'Fuu_px': np.complex128(0.001891627454734072-2.3370194549245537e-16j), 'Fuu_py': np.complex128(2.3552353616764005e-16+0.001891627454733947j)}, 'free': np.float64(-16518.97123775646)}, {'stable': {'Fdd_px': np.complex128(0.0018971473149530958-3.851133696097346e-15j), 'Fdd_py': np.complex128(-3.8233213295695814e-15-0.0018853119813759095j)}, 'free': np.float64(-16518.971222974866)}]
------------------------------------------
  Seed: dd:px+py
  Seed uu: [0.+0.j 0.+0.j 0.+0.j 0.+0.j], Seed dd: [ 0.00165453-1.46436896e-16j -0.00165453+1.41013013e-16j
  0.00165453-1.47527490e-16j -0.00165453+1.42254022e-16j]
F_onsite: (1.623673457040052e-20-1.0428116670314964e-34j)
F_swave: (-1.1294197750469048e-20+6.168994353115365e-35j), F_dwave: (2.4780745496412976e-22+8.57640678359941e-35j)
F_px: (2.858802261199803e-35-1.0789378815324251e-20j), F_py: (4.55903729022916e-34-1.410234254681852e-20j)
Free_energy = -16518.964082715273
------------------------------------------
[{'stable': {}, 'free': np.float64(-16518.940793044163)}, {'stable': {'Fuu_px': np.complex128(0.0018972286371421814-3.833167812957449e-15j), 'Fuu_py': np.complex128(-3.808309933745655e-15-0.0018852257139458832j)}, 'free': np.float64(-16518.971222891963)}, {'stable': {'Fuu_px': np.complex128(0.0016544722271885893-1.662373230344795e-16j), 'Fuu_py': np.complex128(0.0016544722271885817-1.2760445471267628e-16j)}, 'free': np.float64(-16518.964082715273)}, {'stable': {'Fuu_px': np.complex128(0.001891627454734072-2.3370194549245537e-16j), 'Fuu_py': np.complex128(2.3552353616764005e-16+0.001891627454733947j)}, 'free': np.float64(-16518.97123775646)}, {'stable': {'Fdd_px': np.complex128(0.0018971473149530958-3.851133696097346e-15j), 'Fdd_py': np.complex128(-3.8233213295695814e-15-0.0018853119813759095j)}, 'free': np.float64(-16518.971222974866)}, {'stable': {'Fdd_px': np.complex128(0.001654472227188588-1.480989992066453e-16j), 'Fdd_py': np.complex128(0.0016544722271885828-1.4874387582963655e-16j)}, 'free': np.float64(-16518.964082715273)}]
------------------------------------------
  Seed: dd:px+ipy
  Seed uu: [0.+0.j 0.+0.j 0.+0.j 0.+0.j], Seed dd: [ 1.89168392e-03-2.34373983e-16j -1.89168392e-03+2.24094147e-16j
  2.35660990e-16+1.89168392e-03j -2.25189751e-16-1.89168392e-03j]
F_onsite: (5.067570016270988e-22-5.867857015008507e-22j)
F_swave: (-4.569724953330347e-22+4.0672396066560183e-22j), F_dwave: (1.4703006107641862e-22-2.1764366176225982e-23j)
F_px: (4.0261359067866134e-22+4.396326936195004e-21j), F_py: (-6.073549819925061e-23+3.180983876273949e-21j)
Free_energy = -16518.97123775646
------------------------------------------
[{'stable': {}, 'free': np.float64(-16518.940793044163)}, {'stable': {'Fuu_px': np.complex128(0.0018972286371421814-3.833167812957449e-15j), 'Fuu_py': np.complex128(-3.808309933745655e-15-0.0018852257139458832j)}, 'free': np.float64(-16518.971222891963)}, {'stable': {'Fuu_px': np.complex128(0.0016544722271885893-1.662373230344795e-16j), 'Fuu_py': np.complex128(0.0016544722271885817-1.2760445471267628e-16j)}, 'free': np.float64(-16518.964082715273)}, {'stable': {'Fuu_px': np.complex128(0.001891627454734072-2.3370194549245537e-16j), 'Fuu_py': np.complex128(2.3552353616764005e-16+0.001891627454733947j)}, 'free': np.float64(-16518.97123775646)}, {'stable': {'Fdd_px': np.complex128(0.0018971473149530958-3.851133696097346e-15j), 'Fdd_py': np.complex128(-3.8233213295695814e-15-0.0018853119813759095j)}, 'free': np.float64(-16518.971222974866)}, {'stable': {'Fdd_px': np.complex128(0.001654472227188588-1.480989992066453e-16j), 'Fdd_py': np.complex128(0.0016544722271885828-1.4874387582963655e-16j)}, 'free': np.float64(-16518.964082715273)}, {'stable': {'Fdd_px': np.complex128(0.0018916274547340721-2.3374493241452853e-16j), 'Fdd_py': np.complex128(2.357306985889703e-16+0.0018916274547339479j)}, 'free': np.float64(-16518.97123775646)}]
------------------------------------------
  Seed: uu+dd:px
  Seed uu: [ 1.89770798e-03-3.83978640e-15j -1.89770798e-03+3.82916613e-15j
 -3.81588151e-15-1.88471604e-03j  3.80547582e-15+1.88471604e-03j], Seed dd: [ 1.89775411e-03-3.90115657e-15j -1.89775411e-03+3.89046117e-15j
 -3.87396383e-15-1.88466688e-03j  3.86355084e-15+1.88466688e-03j]
F_onsite: (3.502455367965605e-20+6.119993387029512e-21j)
F_swave: (-3.021468511862285e-20-4.50065360607702e-21j), F_dwave: (5.460925767065668e-21+1.0467370748145149e-20j)
F_px: (-3.434565735827301e-20+4.29696001889467e-20j), F_py: (-3.688337493029248e-20+1.1182842679053633e-19j)
Free_energy = -16519.001652764684
------------------------------------------
[{'stable': {}, 'free': np.float64(-16518.940793044163)}, {'stable': {'Fuu_px': np.complex128(0.0018972286371421814-3.833167812957449e-15j), 'Fuu_py': np.complex128(-3.808309933745655e-15-0.0018852257139458832j)}, 'free': np.float64(-16518.971222891963)}, {'stable': {'Fuu_px': np.complex128(0.0016544722271885893-1.662373230344795e-16j), 'Fuu_py': np.complex128(0.0016544722271885817-1.2760445471267628e-16j)}, 'free': np.float64(-16518.964082715273)}, {'stable': {'Fuu_px': np.complex128(0.001891627454734072-2.3370194549245537e-16j), 'Fuu_py': np.complex128(2.3552353616764005e-16+0.001891627454733947j)}, 'free': np.float64(-16518.97123775646)}, {'stable': {'Fdd_px': np.complex128(0.0018971473149530958-3.851133696097346e-15j), 'Fdd_py': np.complex128(-3.8233213295695814e-15-0.0018853119813759095j)}, 'free': np.float64(-16518.971222974866)}, {'stable': {'Fdd_px': np.complex128(0.001654472227188588-1.480989992066453e-16j), 'Fdd_py': np.complex128(0.0016544722271885828-1.4874387582963655e-16j)}, 'free': np.float64(-16518.964082715273)}, {'stable': {'Fdd_px': np.complex128(0.0018916274547340721-2.3374493241452853e-16j), 'Fdd_py': np.complex128(2.357306985889703e-16+0.0018916274547339479j)}, 'free': np.float64(-16518.97123775646)}, {'stable': {'Fuu_px': np.complex128(0.001897195253318389-3.83900311226659e-15j), 'Fuu_py': np.complex128(-3.816896703778666e-15-0.0018852611349605818j), 'Fdd_px': np.complex128(0.0018972377258228094-3.898455881687059e-15j), 'Fdd_py': np.complex128(-3.875158677224193e-15-0.0018852160689316333j)}, 'free': np.float64(-16519.001652764684)}]
------------------------------------------
  Seed: uu+dd:px+py
  Seed uu: [ 0.00165453-1.46421649e-16j -0.00165453+1.40690267e-16j
  0.00165453-1.44181670e-16j -0.00165453+1.39201686e-16j], Seed dd: [ 0.00165453-1.54915894e-16j -0.00165453+1.49296174e-16j
  0.00165453-1.37204633e-16j -0.00165453+1.31745877e-16j]
F_onsite: (1.0045395516824324e-22+3.78377115791368e-20j)
F_swave: (-6.075454322331873e-23-2.4551607271104766e-20j), F_dwave: (4.759239212983622e-23+5.081572756295483e-21j)
F_px: (1.2691893665099009e-19+1.658937626437881e-21j), F_py: (1.9511327397118374e-19-8.280016091489861e-22j)
Free_energy = -16518.98737238623
------------------------------------------
[{'stable': {}, 'free': np.float64(-16518.940793044163)}, {'stable': {'Fuu_px': np.complex128(0.0018972286371421814-3.833167812957449e-15j), 'Fuu_py': np.complex128(-3.808309933745655e-15-0.0018852257139458832j)}, 'free': np.float64(-16518.971222891963)}, {'stable': {'Fuu_px': np.complex128(0.0016544722271885893-1.662373230344795e-16j), 'Fuu_py': np.complex128(0.0016544722271885817-1.2760445471267628e-16j)}, 'free': np.float64(-16518.964082715273)}, {'stable': {'Fuu_px': np.complex128(0.001891627454734072-2.3370194549245537e-16j), 'Fuu_py': np.complex128(2.3552353616764005e-16+0.001891627454733947j)}, 'free': np.float64(-16518.97123775646)}, {'stable': {'Fdd_px': np.complex128(0.0018971473149530958-3.851133696097346e-15j), 'Fdd_py': np.complex128(-3.8233213295695814e-15-0.0018853119813759095j)}, 'free': np.float64(-16518.971222974866)}, {'stable': {'Fdd_px': np.complex128(0.001654472227188588-1.480989992066453e-16j), 'Fdd_py': np.complex128(0.0016544722271885828-1.4874387582963655e-16j)}, 'free': np.float64(-16518.964082715273)}, {'stable': {'Fdd_px': np.complex128(0.0018916274547340721-2.3374493241452853e-16j), 'Fdd_py': np.complex128(2.357306985889703e-16+0.0018916274547339479j)}, 'free': np.float64(-16518.97123775646)}, {'stable': {'Fuu_px': np.complex128(0.001897195253318389-3.83900311226659e-15j), 'Fuu_py': np.complex128(-3.816896703778666e-15-0.0018852611349605818j), 'Fdd_px': np.complex128(0.0018972377258228094-3.898455881687059e-15j), 'Fdd_py': np.complex128(-3.875158677224193e-15-0.0018852160689316333j)}, 'free': np.float64(-16519.001652764684)}, {'stable': {'Fuu_px': np.complex128(0.0016544722271885884-1.4792750812205082e-16j), 'Fuu_py': np.complex128(0.0016544722271885828-1.452223959084309e-16j), 'Fdd_px': np.complex128(0.0016544722271885867-1.5676185000367636e-16j), 'Fdd_py': np.complex128(0.0016544722271885834-1.3780995103000442e-16j)}, 'free': np.float64(-16518.98737238623)}]
------------------------------------------
  Seed: uu+dd:px+ipy
  Seed uu: [ 1.89168392e-03-2.34432071e-16j -1.89168392e-03+2.23781711e-16j
  2.35113926e-16+1.89168392e-03j -2.24759418e-16-1.89168392e-03j], Seed dd: [ 1.89168392e-03-2.27717310e-16j -1.89168392e-03+2.18166617e-16j
  2.33128163e-16+1.89168392e-03j -2.22627509e-16-1.89168392e-03j]
F_onsite: (-5.262339151674606e-20+3.96583964924869e-20j)
F_swave: (3.6980078518990607e-20-2.5166022007962342e-20j), F_dwave: (1.0409203503176367e-20+2.56164084733392e-22j)
F_px: (-1.7706326290716526e-20-3.527310253621448e-20j), F_py: (-4.76619451424508e-20-1.1320014220879813e-19j)
Free_energy = -16519.00168246893
------------------------------------------
[{'stable': {}, 'free': np.float64(-16518.940793044163)}, {'stable': {'Fuu_px': np.complex128(0.0018972286371421814-3.833167812957449e-15j), 'Fuu_py': np.complex128(-3.808309933745655e-15-0.0018852257139458832j)}, 'free': np.float64(-16518.971222891963)}, {'stable': {'Fuu_px': np.complex128(0.0016544722271885893-1.662373230344795e-16j), 'Fuu_py': np.complex128(0.0016544722271885817-1.2760445471267628e-16j)}, 'free': np.float64(-16518.964082715273)}, {'stable': {'Fuu_px': np.complex128(0.001891627454734072-2.3370194549245537e-16j), 'Fuu_py': np.complex128(2.3552353616764005e-16+0.001891627454733947j)}, 'free': np.float64(-16518.97123775646)}, {'stable': {'Fdd_px': np.complex128(0.0018971473149530958-3.851133696097346e-15j), 'Fdd_py': np.complex128(-3.8233213295695814e-15-0.0018853119813759095j)}, 'free': np.float64(-16518.971222974866)}, {'stable': {'Fdd_px': np.complex128(0.001654472227188588-1.480989992066453e-16j), 'Fdd_py': np.complex128(0.0016544722271885828-1.4874387582963655e-16j)}, 'free': np.float64(-16518.964082715273)}, {'stable': {'Fdd_px': np.complex128(0.0018916274547340721-2.3374493241452853e-16j), 'Fdd_py': np.complex128(2.357306985889703e-16+0.0018916274547339479j)}, 'free': np.float64(-16518.97123775646)}, {'stable': {'Fuu_px': np.complex128(0.001897195253318389-3.83900311226659e-15j), 'Fuu_py': np.complex128(-3.816896703778666e-15-0.0018852611349605818j), 'Fdd_px': np.complex128(0.0018972377258228094-3.898455881687059e-15j), 'Fdd_py': np.complex128(-3.875158677224193e-15-0.0018852160689316333j)}, 'free': np.float64(-16519.001652764684)}, {'stable': {'Fuu_px': np.complex128(0.0016544722271885884-1.4792750812205082e-16j), 'Fuu_py': np.complex128(0.0016544722271885828-1.452223959084309e-16j), 'Fdd_px': np.complex128(0.0016544722271885867-1.5676185000367636e-16j), 'Fdd_py': np.complex128(0.0016544722271885834-1.3780995103000442e-16j)}, 'free': np.float64(-16518.98737238623)}, {'stable': {'Fuu_px': np.complex128(0.0018916274547340732-2.336538829901436e-16j), 'Fuu_py': np.complex128(2.3524457116041776e-16+0.0018916274547339483j), 'Fdd_px': np.complex128(0.001891627454734068-2.2697541863029256e-16j), 'Fdd_py': np.complex128(2.32966796994855e-16+0.0018916274547339498j)}, 'free': np.float64(-16519.00168246893)}]
------------------------------------------
====================================
mu=2.81, T=0.1420
====================================
  Seed: normal state
  Seed uu: [0.+0.j 0.+0.j 0.+0.j 0.+0.j], Seed dd: [0.+0.j 0.+0.j 0.+0.j 0.+0.j]
F_onsite: 0j
F_swave: 0j, F_dwave: 0j
F_px: 0j, F_py: 0j
Free_energy = -16522.933542072762
------------------------------------------
[{'stable': {}, 'free': np.float64(-16522.933542072762)}]
------------------------------------------
  Seed: uu:px
  Seed uu: [ 1.89722864e-03-3.83833562e-15j -1.89722864e-03+3.82800001e-15j
 -3.81352797e-15-1.88522571e-03j  3.80309190e-15+1.88522571e-03j], Seed dd: [0.+0.j 0.+0.j 0.+0.j 0.+0.j]
F_onsite: (5.99678231821136e-20-9.158020060653161e-20j)
F_swave: (-4.032897805291454e-20+6.467204700164672e-20j), F_dwave: (-1.9066445586494332e-20-4.080889931804661e-21j)
F_px: (8.410573310595911e-21-4.547261130925071e-20j), F_py: (6.334321559582393e-20+2.6385139194579637e-21j)
Free_energy = -16522.96350128389
------------------------------------------
[{'stable': {}, 'free': np.float64(-16522.933542072762)}, {'stable': {'Fuu_px': np.complex128(0.00189675400035973-3.834211082924503e-15j), 'Fuu_py': np.complex128(-3.814530738924915e-15-0.0018857283816809604j)}, 'free': np.float64(-16522.96350128389)}]
------------------------------------------
  Seed: uu:px+py
  Seed uu: [ 0.00165447-1.68864462e-16j -0.00165447+1.63610184e-16j
  0.00165447-1.30441830e-16j -0.00165447+1.24767080e-16j], Seed dd: [0.+0.j 0.+0.j 0.+0.j 0.+0.j]
F_onsite: (-2.26932273242629e-21-5.532634590941071e-20j)
F_swave: (1.3898654505134768e-21+3.988243813104102e-20j), F_dwave: (-1.0050946897270887e-33-6.267253023745587e-21j)
F_px: (1.4604601820254625e-19+6.340612524557249e-21j), F_py: (1.3710921949228138e-19-6.340612524583213e-21j)
Free_energy = -16522.956469502045
------------------------------------------
[{'stable': {}, 'free': np.float64(-16522.933542072762)}, {'stable': {'Fuu_px': np.complex128(0.00189675400035973-3.834211082924503e-15j), 'Fuu_py': np.complex128(-3.814530738924915e-15-0.0018857283816809604j)}, 'free': np.float64(-16522.96350128389)}, {'stable': {'Fuu_px': np.complex128(0.0016544207527545269-1.6962168949734836e-16j), 'Fuu_py': np.complex128(0.001654420752754524-1.2804243692085576e-16j)}, 'free': np.float64(-16522.956469502045)}]
------------------------------------------
  Seed: uu:px+ipy
  Seed uu: [ 1.89162745e-03-2.38719355e-16j -1.89162745e-03+2.28684536e-16j
  2.40794950e-16+1.89162745e-03j -2.30252123e-16-1.89162745e-03j], Seed dd: [0.+0.j 0.+0.j 0.+0.j 0.+0.j]
F_onsite: (-4.167147316434252e-20-2.3832198581170493e-21j)
F_swave: (2.825247227808512e-20+1.2541933663318818e-21j), F_dwave: (-1.2062522632373696e-20+9.803835662361846e-21j)
F_px: (-4.102893756550726e-20+2.989212570570861e-21j), F_py: (5.516305775583308e-21+4.295897591456564e-20j)
Free_energy = -16522.96351366627
------------------------------------------
[{'stable': {}, 'free': np.float64(-16522.933542072762)}, {'stable': {'Fuu_px': np.complex128(0.00189675400035973-3.834211082924503e-15j), 'Fuu_py': np.complex128(-3.814530738924915e-15-0.0018857283816809604j)}, 'free': np.float64(-16522.96350128389)}, {'stable': {'Fuu_px': np.complex128(0.0016544207527545269-1.6962168949734836e-16j), 'Fuu_py': np.complex128(0.001654420752754524-1.2804243692085576e-16j)}, 'free': np.float64(-16522.956469502045)}, {'stable': {'Fuu_px': np.complex128(0.0018915798521145905-2.391439568162744e-16j), 'Fuu_py': np.complex128(2.407016934196669e-16+0.0018915798521144664j)}, 'free': np.float64(-16522.96351366627)}]
------------------------------------------
  Seed: dd:px
  Seed uu: [0.+0.j 0.+0.j 0.+0.j 0.+0.j], Seed dd: [ 1.89714731e-03-3.85625427e-15j -1.89714731e-03+3.84601312e-15j
 -3.82850420e-15-1.88531198e-03j  3.81813846e-15+1.88531198e-03j]
F_onsite: (7.109724634265322e-21-3.2922307865109995e-22j)
F_swave: (-5.062418801890464e-21+2.2491790156841556e-22j), F_dwave: (-2.9576049086436157e-21+1.1265743738869522e-23j)
F_px: (-1.5366581014813434e-23-5.350458882546447e-21j), F_py: (-4.456661828526917e-22-9.396070577250806e-21j)
Free_energy = -16522.963501353883
------------------------------------------
[{'stable': {}, 'free': np.float64(-16522.933542072762)}, {'stable': {'Fuu_px': np.complex128(0.00189675400035973-3.834211082924503e-15j), 'Fuu_py': np.complex128(-3.814530738924915e-15-0.0018857283816809604j)}, 'free': np.float64(-16522.96350128389)}, {'stable': {'Fuu_px': np.complex128(0.0016544207527545269-1.6962168949734836e-16j), 'Fuu_py': np.complex128(0.001654420752754524-1.2804243692085576e-16j)}, 'free': np.float64(-16522.956469502045)}, {'stable': {'Fuu_px': np.complex128(0.0018915798521145905-2.391439568162744e-16j), 'Fuu_py': np.complex128(2.407016934196669e-16+0.0018915798521144664j)}, 'free': np.float64(-16522.96351366627)}, {'stable': {'Fdd_px': np.complex128(0.001896679145595677-3.851841203527597e-15j), 'Fdd_py': np.complex128(-3.829572667639612e-15-0.0018858074731296147j)}, 'free': np.float64(-16522.963501353883)}]
------------------------------------------
  Seed: dd:px+py
  Seed uu: [0.+0.j 0.+0.j 0.+0.j 0.+0.j], Seed dd: [ 0.00165447-1.50747724e-16j -0.00165447+1.45450274e-16j
  0.00165447-1.51514157e-16j -0.00165447+1.45973595e-16j]
F_onsite: (1.1847099479305665e-20+8.173336935130293e-34j)
F_swave: (-8.102666553957679e-21-5.019360878011168e-34j), F_dwave: (-4.973117144966779e-22-1.3635734469538535e-36j)
F_px: (-1.6776655374935687e-34-8.299025187354703e-21j), F_py: (-1.0758124298725575e-34-1.3752796608732783e-21j)
Free_energy = -16522.956469502045
------------------------------------------
[{'stable': {}, 'free': np.float64(-16522.933542072762)}, {'stable': {'Fuu_px': np.complex128(0.00189675400035973-3.834211082924503e-15j), 'Fuu_py': np.complex128(-3.814530738924915e-15-0.0018857283816809604j)}, 'free': np.float64(-16522.96350128389)}, {'stable': {'Fuu_px': np.complex128(0.0016544207527545269-1.6962168949734836e-16j), 'Fuu_py': np.complex128(0.001654420752754524-1.2804243692085576e-16j)}, 'free': np.float64(-16522.956469502045)}, {'stable': {'Fuu_px': np.complex128(0.0018915798521145905-2.391439568162744e-16j), 'Fuu_py': np.complex128(2.407016934196669e-16+0.0018915798521144664j)}, 'free': np.float64(-16522.96351366627)}, {'stable': {'Fdd_px': np.complex128(0.001896679145595677-3.851841203527597e-15j), 'Fdd_py': np.complex128(-3.829572667639612e-15-0.0018858074731296147j)}, 'free': np.float64(-16522.963501353883)}, {'stable': {'Fdd_px': np.complex128(0.0016544207527545247-1.5160622515153545e-16j), 'Fdd_py': np.complex128(0.0016544207527545251-1.5068379303708571e-16j)}, 'free': np.float64(-16522.956469502045)}]
------------------------------------------
  Seed: dd:px+ipy
  Seed uu: [0.+0.j 0.+0.j 0.+0.j 0.+0.j], Seed dd: [ 1.89162745e-03-2.38957265e-16j -1.89162745e-03+2.28532599e-16j
  2.40969935e-16+1.89162745e-03j -2.30491462e-16-1.89162745e-03j]
F_onsite: (3.938495651285233e-21+9.942788314271048e-22j)
F_swave: (-2.8581254857910745e-21-6.9497783291035175e-22j), F_dwave: (-1.7555456358440866e-21+3.328356644913629e-22j)
F_px: (-7.463018053040708e-22-4.482141413164572e-21j), F_py: (3.347405761908023e-22-6.853654818172083e-22j)
Free_energy = -16522.96351366627
------------------------------------------
[{'stable': {}, 'free': np.float64(-16522.933542072762)}, {'stable': {'Fuu_px': np.complex128(0.00189675400035973-3.834211082924503e-15j), 'Fuu_py': np.complex128(-3.814530738924915e-15-0.0018857283816809604j)}, 'free': np.float64(-16522.96350128389)}, {'stable': {'Fuu_px': np.complex128(0.0016544207527545269-1.6962168949734836e-16j), 'Fuu_py': np.complex128(0.001654420752754524-1.2804243692085576e-16j)}, 'free': np.float64(-16522.956469502045)}, {'stable': {'Fuu_px': np.complex128(0.0018915798521145905-2.391439568162744e-16j), 'Fuu_py': np.complex128(2.407016934196669e-16+0.0018915798521144664j)}, 'free': np.float64(-16522.96351366627)}, {'stable': {'Fdd_px': np.complex128(0.001896679145595677-3.851841203527597e-15j), 'Fdd_py': np.complex128(-3.829572667639612e-15-0.0018858074731296147j)}, 'free': np.float64(-16522.963501353883)}, {'stable': {'Fdd_px': np.complex128(0.0016544207527545247-1.5160622515153545e-16j), 'Fdd_py': np.complex128(0.0016544207527545251-1.5068379303708571e-16j)}, 'free': np.float64(-16522.956469502045)}, {'stable': {'Fdd_px': np.complex128(0.0018915798521145903-2.391825199764316e-16j), 'Fdd_py': np.complex128(2.4090577211167353e-16+0.0018915798521144669j)}, 'free': np.float64(-16522.96351366627)}]
------------------------------------------
  Seed: uu+dd:px
  Seed uu: [ 1.89719525e-03-3.84455941e-15j -1.89719525e-03+3.83344681e-15j
 -3.82206756e-15-1.88526113e-03j  3.81172585e-15+1.88526113e-03j], Seed dd: [ 1.89723773e-03-3.90381233e-15j -1.89723773e-03+3.89309943e-15j
 -3.88037897e-15-1.88521607e-03j  3.86993838e-15+1.88521607e-03j]
F_onsite: (1.7146576719214686e-19+2.966713769430906e-20j)
F_swave: (-1.2054596866549968e-19-1.9528094856129716e-20j), F_dwave: (-1.9100766015693166e-20+4.313761407111947e-21j)
F_px: (5.31922207847493e-20+2.652296617695059e-20j), F_py: (-2.2695557313778135e-20-5.3147258588222805e-20j)
Free_energy = -16522.993460516034
------------------------------------------
[{'stable': {}, 'free': np.float64(-16522.933542072762)}, {'stable': {'Fuu_px': np.complex128(0.00189675400035973-3.834211082924503e-15j), 'Fuu_py': np.complex128(-3.814530738924915e-15-0.0018857283816809604j)}, 'free': np.float64(-16522.96350128389)}, {'stable': {'Fuu_px': np.complex128(0.0016544207527545269-1.6962168949734836e-16j), 'Fuu_py': np.complex128(0.001654420752754524-1.2804243692085576e-16j)}, 'free': np.float64(-16522.956469502045)}, {'stable': {'Fuu_px': np.complex128(0.0018915798521145905-2.391439568162744e-16j), 'Fuu_py': np.complex128(2.407016934196669e-16+0.0018915798521144664j)}, 'free': np.float64(-16522.96351366627)}, {'stable': {'Fdd_px': np.complex128(0.001896679145595677-3.851841203527597e-15j), 'Fdd_py': np.complex128(-3.829572667639612e-15-0.0018858074731296147j)}, 'free': np.float64(-16522.963501353883)}, {'stable': {'Fdd_px': np.complex128(0.0016544207527545247-1.5160622515153545e-16j), 'Fdd_py': np.complex128(0.0016544207527545251-1.5068379303708571e-16j)}, 'free': np.float64(-16522.956469502045)}, {'stable': {'Fdd_px': np.complex128(0.0018915798521145903-2.391825199764316e-16j), 'Fdd_py': np.complex128(2.4090577211167353e-16+0.0018915798521144669j)}, 'free': np.float64(-16522.96351366627)}, {'stable': {'Fuu_px': np.complex128(0.001896723271284186-3.841706904299953e-15j), 'Fuu_py': np.complex128(-3.822940068790366e-15-0.0018857608560787188j), 'Fdd_px': np.complex128(0.0018967623663420261-3.9023293798984655e-15j), 'Fdd_py': np.complex128(-3.881234699326477e-15-0.0018857195390659981j)}, 'free': np.float64(-16522.993460516034)}]
------------------------------------------
  Seed: uu+dd:px+py
  Seed uu: [ 0.00165447-1.50587741e-16j -0.00165447+1.45267275e-16j
  0.00165447-1.47947433e-16j -0.00165447+1.42497359e-16j], Seed dd: [ 0.00165447-1.59363082e-16j -0.00165447+1.54160618e-16j
  0.00165447-1.40749810e-16j -0.00165447+1.34870092e-16j]
F_onsite: (-1.1204010403446712e-21+5.598369050119772e-20j)
F_swave: (7.632993521816897e-22-3.934480914407445e-20j), F_dwave: (1.0012361763834457e-22-1.6644544979057788e-20j)
F_px: (1.4837683644262611e-19-1.1508475888711699e-21j), F_py: (1.3524543223141187e-19+5.524838934270961e-22j)
Free_energy = -16522.979396931452
------------------------------------------
[{'stable': {}, 'free': np.float64(-16522.933542072762)}, {'stable': {'Fuu_px': np.complex128(0.00189675400035973-3.834211082924503e-15j), 'Fuu_py': np.complex128(-3.814530738924915e-15-0.0018857283816809604j)}, 'free': np.float64(-16522.96350128389)}, {'stable': {'Fuu_px': np.complex128(0.0016544207527545269-1.6962168949734836e-16j), 'Fuu_py': np.complex128(0.001654420752754524-1.2804243692085576e-16j)}, 'free': np.float64(-16522.956469502045)}, {'stable': {'Fuu_px': np.complex128(0.0018915798521145905-2.391439568162744e-16j), 'Fuu_py': np.complex128(2.407016934196669e-16+0.0018915798521144664j)}, 'free': np.float64(-16522.96351366627)}, {'stable': {'Fdd_px': np.complex128(0.001896679145595677-3.851841203527597e-15j), 'Fdd_py': np.complex128(-3.829572667639612e-15-0.0018858074731296147j)}, 'free': np.float64(-16522.963501353883)}, {'stable': {'Fdd_px': np.complex128(0.0016544207527545247-1.5160622515153545e-16j), 'Fdd_py': np.complex128(0.0016544207527545251-1.5068379303708571e-16j)}, 'free': np.float64(-16522.956469502045)}, {'stable': {'Fdd_px': np.complex128(0.0018915798521145903-2.391825199764316e-16j), 'Fdd_py': np.complex128(2.4090577211167353e-16+0.0018915798521144669j)}, 'free': np.float64(-16522.96351366627)}, {'stable': {'Fuu_px': np.complex128(0.001896723271284186-3.841706904299953e-15j), 'Fuu_py': np.complex128(-3.822940068790366e-15-0.0018857608560787188j), 'Fdd_px': np.complex128(0.0018967623663420261-3.9023293798984655e-15j), 'Fdd_py': np.complex128(-3.881234699326477e-15-0.0018857195390659981j)}, 'free': np.float64(-16522.993460516034)}, {'stable': {'Fuu_px': np.complex128(0.001654420752754526-1.5167538406818978e-16j), 'Fuu_py': np.complex128(0.0016544207527545245-1.4710145909257576e-16j), 'Fdd_px': np.complex128(0.001654420752754523-1.5954936264119636e-16j), 'Fdd_py': np.complex128(0.0016544207527545264-1.3941851291895464e-16j)}, 'free': np.float64(-16522.979396931452)}]
------------------------------------------
  Seed: uu+dd:px+ipy
  Seed uu: [ 1.89162745e-03-2.38792154e-16j -1.89162745e-03+2.28515612e-16j
  2.40466877e-16+1.89162745e-03j -2.30022266e-16-1.89162745e-03j], Seed dd: [ 1.89162745e-03-2.32054231e-16j -1.89162745e-03+2.21896606e-16j
  2.38188848e-16+1.89162745e-03j -2.27744746e-16-1.89162745e-03j]
F_onsite: (-3.40900439571201e-20-9.80663520330994e-20j)
F_swave: (2.4460403759720123e-20+7.207174985691671e-20j), F_dwave: (7.433353222702195e-21-8.855392641417949e-21j)
F_px: (3.462497202988562e-20+3.3973356315970204e-20j), F_py: (5.2822126832183394e-20-1.3963419072454744e-20j)
Free_energy = -16522.993485259904
------------------------------------------
[{'stable': {}, 'free': np.float64(-16522.933542072762)}, {'stable': {'Fuu_px': np.complex128(0.00189675400035973-3.834211082924503e-15j), 'Fuu_py': np.complex128(-3.814530738924915e-15-0.0018857283816809604j)}, 'free': np.float64(-16522.96350128389)}, {'stable': {'Fuu_px': np.complex128(0.0016544207527545269-1.6962168949734836e-16j), 'Fuu_py': np.complex128(0.001654420752754524-1.2804243692085576e-16j)}, 'free': np.float64(-16522.956469502045)}, {'stable': {'Fuu_px': np.complex128(0.0018915798521145905-2.391439568162744e-16j), 'Fuu_py': np.complex128(2.407016934196669e-16+0.0018915798521144664j)}, 'free': np.float64(-16522.96351366627)}, {'stable': {'Fdd_px': np.complex128(0.001896679145595677-3.851841203527597e-15j), 'Fdd_py': np.complex128(-3.829572667639612e-15-0.0018858074731296147j)}, 'free': np.float64(-16522.963501353883)}, {'stable': {'Fdd_px': np.complex128(0.0016544207527545247-1.5160622515153545e-16j), 'Fdd_py': np.complex128(0.0016544207527545251-1.5068379303708571e-16j)}, 'free': np.float64(-16522.956469502045)}, {'stable': {'Fdd_px': np.complex128(0.0018915798521145903-2.391825199764316e-16j), 'Fdd_py': np.complex128(2.4090577211167353e-16+0.0018915798521144669j)}, 'free': np.float64(-16522.96351366627)}, {'stable': {'Fuu_px': np.complex128(0.001896723271284186-3.841706904299953e-15j), 'Fuu_py': np.complex128(-3.822940068790366e-15-0.0018857608560787188j), 'Fdd_px': np.complex128(0.0018967623663420261-3.9023293798984655e-15j), 'Fdd_py': np.complex128(-3.881234699326477e-15-0.0018857195390659981j)}, 'free': np.float64(-16522.993460516034)}, {'stable': {'Fuu_px': np.complex128(0.001654420752754526-1.5167538406818978e-16j), 'Fuu_py': np.complex128(0.0016544207527545245-1.4710145909257576e-16j), 'Fdd_px': np.complex128(0.001654420752754523-1.5954936264119636e-16j), 'Fdd_py': np.complex128(0.0016544207527545264-1.3941851291895464e-16j)}, 'free': np.float64(-16522.979396931452)}, {'stable': {'Fuu_px': np.complex128(0.001891579852114592-2.396192250177453e-16j), 'Fuu_py': np.complex128(2.403305871096511e-16+0.0018915798521144667j), 'Fdd_px': np.complex128(0.001891579852114586-2.3354724286557325e-16j), 'Fdd_py': np.complex128(2.379899075128649e-16+0.0018915798521144688j)}, 'free': np.float64(-16522.993485259904)}]
------------------------------------------
====================================
mu=2.81, T=0.1503
====================================
  Seed: normal state
  Seed uu: [0.+0.j 0.+0.j 0.+0.j 0.+0.j], Seed dd: [0.+0.j 0.+0.j 0.+0.j 0.+0.j]
F_onsite: 0j
F_swave: 0j, F_dwave: 0j
F_px: 0j, F_py: 0j
Free_energy = -16527.167034071954
------------------------------------------
[{'stable': {}, 'free': np.float64(-16527.167034071954)}]
------------------------------------------
  Seed: uu:px
  Seed uu: [ 1.89675400e-03-3.83980179e-15j -1.89675400e-03+3.82862037e-15j
 -3.81976165e-15-1.88572838e-03j  3.80929982e-15+1.88572838e-03j], Seed dd: [0.+0.j 0.+0.j 0.+0.j 0.+0.j]
F_onsite: (4.828235889826569e-20+8.507578491432979e-20j)
F_swave: (-3.417002380416947e-20-6.126626881698758e-20j), F_dwave: (8.03693991439956e-21+5.165099116896622e-21j)
F_px: (-2.4230035055352788e-20-6.110345918788417e-20j), F_py: (4.700819598615689e-20-1.2614947982887235e-19j)
Free_energy = -16527.19654955895
------------------------------------------
[{'stable': {}, 'free': np.float64(-16527.167034071954)}, {'stable': {'Fuu_px': np.complex128(0.001896317135823338-3.8373779141211605e-15j), 'Fuu_py': np.complex128(-3.820585155069599e-15-0.0018861892585101685j)}, 'free': np.float64(-16527.19654955895)}]
------------------------------------------
  Seed: uu:px+py
  Seed uu: [ 0.00165442-1.72428499e-16j -0.00165442+1.66814880e-16j
  0.00165442-1.30895813e-16j -0.00165442+1.25189061e-16j], Seed dd: [0.+0.j 0.+0.j 0.+0.j 0.+0.j]
F_onsite: (2.41423276344653e-22+3.1627756708760784e-20j)
F_swave: (-1.3510384585416654e-22-1.9660428910314373e-20j), F_dwave: (5.89816045468591e-34+2.587392144445495e-21j)
F_px: (1.4214882923193321e-19-9.301458190191938e-22j), F_py: (2.1896465824790187e-19+9.301458189876898e-22j)
Free_energy = -16527.18962022934
------------------------------------------
[{'stable': {}, 'free': np.float64(-16527.167034071954)}, {'stable': {'Fuu_px': np.complex128(0.001896317135823338-3.8373779141211605e-15j), 'Fuu_py': np.complex128(-3.820585155069599e-15-0.0018861892585101685j)}, 'free': np.float64(-16527.19654955895)}, {'stable': {'Fuu_px': np.complex128(0.0016543774145829824-1.7232474368560424e-16j), 'Fuu_py': np.complex128(0.0016543774145829756-1.28824546116192e-16j)}, 'free': np.float64(-16527.18962022934)}]
------------------------------------------
  Seed: uu:px+ipy
  Seed uu: [ 1.89157985e-03-2.44177642e-16j -1.89157985e-03+2.34110272e-16j
  2.45891481e-16+1.89157985e-03j -2.35511906e-16-1.89157985e-03j], Seed dd: [0.+0.j 0.+0.j 0.+0.j 0.+0.j]
F_onsite: (-1.5140494876414654e-19+4.5104676617582475e-20j)
F_swave: (1.0894063945192852e-19-3.26170437263326e-20j), F_dwave: (7.006234605173189e-22+5.505257822056409e-21j)
F_px: (7.243318055315876e-20+9.332776567914543e-21j), F_py: (2.4244195303113298e-21+8.051409830821652e-20j)
Free_energy = -16527.19655988054
------------------------------------------
[{'stable': {}, 'free': np.float64(-16527.167034071954)}, {'stable': {'Fuu_px': np.complex128(0.001896317135823338-3.8373779141211605e-15j), 'Fuu_py': np.complex128(-3.820585155069599e-15-0.0018861892585101685j)}, 'free': np.float64(-16527.19654955895)}, {'stable': {'Fuu_px': np.complex128(0.0016543774145829824-1.7232474368560424e-16j), 'Fuu_py': np.complex128(0.0016543774145829756-1.28824546116192e-16j)}, 'free': np.float64(-16527.18962022934)}, {'stable': {'Fuu_px': np.complex128(0.0018915397231190304-2.4325081591337156e-16j), 'Fuu_py': np.complex128(2.458865409084881e-16+0.0018915397231188981j)}, 'free': np.float64(-16527.19655988054)}]
------------------------------------------
  Seed: dd:px
  Seed uu: [0.+0.j 0.+0.j 0.+0.j 0.+0.j], Seed dd: [ 1.89667915e-03-3.85742941e-15j -1.89667915e-03+3.84625299e-15j
 -3.83477600e-15-1.88580747e-03j  3.82436933e-15+1.88580747e-03j]
F_onsite: (-1.7620087154497644e-20+1.3244144025254777e-22j)
F_swave: (1.242138995269554e-20-1.0493414092281251e-22j), F_dwave: (3.5221009669823415e-21-1.704844376470724e-22j)
F_px: (-8.745884944225551e-23+6.943469607467487e-21j), F_py: (8.278012964173957e-22-3.509498786923282e-21j)
Free_energy = -16527.19654961817
------------------------------------------
[{'stable': {}, 'free': np.float64(-16527.167034071954)}, {'stable': {'Fuu_px': np.complex128(0.001896317135823338-3.8373779141211605e-15j), 'Fuu_py': np.complex128(-3.820585155069599e-15-0.0018861892585101685j)}, 'free': np.float64(-16527.19654955895)}, {'stable': {'Fuu_px': np.complex128(0.0016543774145829824-1.7232474368560424e-16j), 'Fuu_py': np.complex128(0.0016543774145829756-1.28824546116192e-16j)}, 'free': np.float64(-16527.18962022934)}, {'stable': {'Fuu_px': np.complex128(0.0018915397231190304-2.4325081591337156e-16j), 'Fuu_py': np.complex128(2.458865409084881e-16+0.0018915397231188981j)}, 'free': np.float64(-16527.19655988054)}, {'stable': {'Fdd_px': np.complex128(0.001896248243670429-3.858317240247944e-15j), 'Fdd_py': np.complex128(-3.835611201916535e-15-0.0018862617794331393j)}, 'free': np.float64(-16527.19654961817)}]
------------------------------------------
  Seed: dd:px+py
  Seed uu: [0.+0.j 0.+0.j 0.+0.j 0.+0.j], Seed dd: [ 0.00165442-1.54505440e-16j -0.00165442+1.48707010e-16j
  0.00165442-1.53487558e-16j -0.00165442+1.47880028e-16j]
F_onsite: (-1.400417820944608e-20-6.7949872376806506e-34j)
F_swave: (9.849449198171636e-21+3.927091527227098e-34j), F_dwave: (-3.4955257939082236e-22+1.9560225997682864e-35j)
F_px: (-6.5526757092237595e-34-2.3168358861008704e-20j), F_py: (5.454293787815414e-34-2.774982933210493e-20j)
Free_energy = -16527.189620229336
------------------------------------------
[{'stable': {}, 'free': np.float64(-16527.167034071954)}, {'stable': {'Fuu_px': np.complex128(0.001896317135823338-3.8373779141211605e-15j), 'Fuu_py': np.complex128(-3.820585155069599e-15-0.0018861892585101685j)}, 'free': np.float64(-16527.19654955895)}, {'stable': {'Fuu_px': np.complex128(0.0016543774145829824-1.7232474368560424e-16j), 'Fuu_py': np.complex128(0.0016543774145829756-1.28824546116192e-16j)}, 'free': np.float64(-16527.18962022934)}, {'stable': {'Fuu_px': np.complex128(0.0018915397231190304-2.4325081591337156e-16j), 'Fuu_py': np.complex128(2.458865409084881e-16+0.0018915397231188981j)}, 'free': np.float64(-16527.19655988054)}, {'stable': {'Fdd_px': np.complex128(0.001896248243670429-3.858317240247944e-15j), 'Fdd_py': np.complex128(-3.835611201916535e-15-0.0018862617794331393j)}, 'free': np.float64(-16527.19654961817)}, {'stable': {'Fdd_px': np.complex128(0.0016543774145829802-1.54037428085837e-16j), 'Fdd_py': np.complex128(0.001654377414582977-1.5324217664492852e-16j)}, 'free': np.float64(-16527.189620229336)}]
------------------------------------------
  Seed: dd:px+ipy
  Seed uu: [0.+0.j 0.+0.j 0.+0.j 0.+0.j], Seed dd: [ 1.89157985e-03-2.44456501e-16j -1.89157985e-03+2.33908539e-16j
  2.46189087e-16+1.89157985e-03j -2.35622457e-16-1.89157985e-03j]
F_onsite: (1.0748143398353985e-20+4.359907980605595e-22j)
F_swave: (-7.469199263642997e-21-2.9342196514928535e-22j), F_dwave: (3.4714891548999222e-22+1.0479431086421354e-24j)
F_px: (3.5241902373610873e-22-2.485095905091184e-21j), F_py: (-7.237009033687819e-22+6.512428411341966e-21j)
Free_energy = -16527.19655988054
------------------------------------------
[{'stable': {}, 'free': np.float64(-16527.167034071954)}, {'stable': {'Fuu_px': np.complex128(0.001896317135823338-3.8373779141211605e-15j), 'Fuu_py': np.complex128(-3.820585155069599e-15-0.0018861892585101685j)}, 'free': np.float64(-16527.19654955895)}, {'stable': {'Fuu_px': np.complex128(0.0016543774145829824-1.7232474368560424e-16j), 'Fuu_py': np.complex128(0.0016543774145829756-1.28824546116192e-16j)}, 'free': np.float64(-16527.18962022934)}, {'stable': {'Fuu_px': np.complex128(0.0018915397231190304-2.4325081591337156e-16j), 'Fuu_py': np.complex128(2.458865409084881e-16+0.0018915397231188981j)}, 'free': np.float64(-16527.19655988054)}, {'stable': {'Fdd_px': np.complex128(0.001896248243670429-3.858317240247944e-15j), 'Fdd_py': np.complex128(-3.835611201916535e-15-0.0018862617794331393j)}, 'free': np.float64(-16527.19654961817)}, {'stable': {'Fdd_px': np.complex128(0.0016543774145829802-1.54037428085837e-16j), 'Fdd_py': np.complex128(0.001654377414582977-1.5324217664492852e-16j)}, 'free': np.float64(-16527.189620229336)}, {'stable': {'Fdd_px': np.complex128(0.0018915397231190306-2.436639727770071e-16j), 'Fdd_py': np.complex128(2.4618894490554767e-16+0.001891539723118898j)}, 'free': np.float64(-16527.19655988054)}]
------------------------------------------
  Seed: uu+dd:px
  Seed uu: [ 1.89672327e-03-3.84681669e-15j -1.89672327e-03+3.83659712e-15j
 -3.82811226e-15-1.88576086e-03j  3.81776788e-15+1.88576086e-03j], Seed dd: [ 1.89676237e-03-3.90805538e-15j -1.89676237e-03+3.89660338e-15j
 -3.88642982e-15-1.88571954e-03j  3.87603957e-15+1.88571954e-03j]
F_onsite: (-2.2421685374763762e-20-4.429379814075229e-22j)
F_swave: (1.676246871048888e-20+2.390505443497887e-21j), F_dwave: (9.458890812890262e-21-3.172321344494625e-21j)
F_px: (1.1143680177929245e-19-3.5198014961961405e-21j), F_py: (2.4781864593601992e-20+4.972233127461093e-20j)
Free_energy = -16527.22606506369
------------------------------------------
[{'stable': {}, 'free': np.float64(-16527.167034071954)}, {'stable': {'Fuu_px': np.complex128(0.001896317135823338-3.8373779141211605e-15j), 'Fuu_py': np.complex128(-3.820585155069599e-15-0.0018861892585101685j)}, 'free': np.float64(-16527.19654955895)}, {'stable': {'Fuu_px': np.complex128(0.0016543774145829824-1.7232474368560424e-16j), 'Fuu_py': np.complex128(0.0016543774145829756-1.28824546116192e-16j)}, 'free': np.float64(-16527.18962022934)}, {'stable': {'Fuu_px': np.complex128(0.0018915397231190304-2.4325081591337156e-16j), 'Fuu_py': np.complex128(2.458865409084881e-16+0.0018915397231188981j)}, 'free': np.float64(-16527.19655988054)}, {'stable': {'Fdd_px': np.complex128(0.001896248243670429-3.858317240247944e-15j), 'Fdd_py': np.complex128(-3.835611201916535e-15-0.0018862617794331393j)}, 'free': np.float64(-16527.19654961817)}, {'stable': {'Fdd_px': np.complex128(0.0016543774145829802-1.54037428085837e-16j), 'Fdd_py': np.complex128(0.001654377414582977-1.5324217664492852e-16j)}, 'free': np.float64(-16527.189620229336)}, {'stable': {'Fdd_px': np.complex128(0.0018915397231190306-2.436639727770071e-16j), 'Fdd_py': np.complex128(2.4618894490554767e-16+0.001891539723118898j)}, 'free': np.float64(-16527.19655988054)}, {'stable': {'Fuu_px': np.complex128(0.0018962888543103136-3.845012863966919e-15j), 'Fuu_py': np.complex128(-3.828906317407919e-15-0.0018862190349295087j), 'Fdd_px': np.complex128(0.0018963248355018873-3.905343311721976e-15j), 'Fdd_py': np.complex128(-3.887319873355058e-15-0.0018861811505811962j)}, 'free': np.float64(-16527.22606506369)}]
------------------------------------------
  Seed: uu+dd:px+py
  Seed uu: [ 0.00165442-1.54474629e-16j -0.00165442+1.48876139e-16j
  0.00165442-1.49794653e-16j -0.00165442+1.44408265e-16j], Seed dd: [ 0.00165442-1.62448823e-16j -0.00165442+1.56649903e-16j
  0.00165442-1.42131454e-16j -0.00165442+1.36705572e-16j]
F_onsite: (-1.2461595044079738e-20-1.4744934039892827e-21j)
F_swave: (8.221215716320688e-21+3.0677841871499814e-21j), F_dwave: (1.4849744776210645e-23+1.3557556290798006e-20j)
F_px: (1.3087714074577013e-19-1.0642497214297385e-20j), F_py: (1.705746162610245e-19+1.1749600617238177e-20j)
Free_energy = -16527.212206386692
------------------------------------------
[{'stable': {}, 'free': np.float64(-16527.167034071954)}, {'stable': {'Fuu_px': np.complex128(0.001896317135823338-3.8373779141211605e-15j), 'Fuu_py': np.complex128(-3.820585155069599e-15-0.0018861892585101685j)}, 'free': np.float64(-16527.19654955895)}, {'stable': {'Fuu_px': np.complex128(0.0016543774145829824-1.7232474368560424e-16j), 'Fuu_py': np.complex128(0.0016543774145829756-1.28824546116192e-16j)}, 'free': np.float64(-16527.18962022934)}, {'stable': {'Fuu_px': np.complex128(0.0018915397231190304-2.4325081591337156e-16j), 'Fuu_py': np.complex128(2.458865409084881e-16+0.0018915397231188981j)}, 'free': np.float64(-16527.19655988054)}, {'stable': {'Fdd_px': np.complex128(0.001896248243670429-3.858317240247944e-15j), 'Fdd_py': np.complex128(-3.835611201916535e-15-0.0018862617794331393j)}, 'free': np.float64(-16527.19654961817)}, {'stable': {'Fdd_px': np.complex128(0.0016543774145829802-1.54037428085837e-16j), 'Fdd_py': np.complex128(0.001654377414582977-1.5324217664492852e-16j)}, 'free': np.float64(-16527.189620229336)}, {'stable': {'Fdd_px': np.complex128(0.0018915397231190306-2.436639727770071e-16j), 'Fdd_py': np.complex128(2.4618894490554767e-16+0.001891539723118898j)}, 'free': np.float64(-16527.19655988054)}, {'stable': {'Fuu_px': np.complex128(0.0018962888543103136-3.845012863966919e-15j), 'Fuu_py': np.complex128(-3.828906317407919e-15-0.0018862190349295087j), 'Fdd_px': np.complex128(0.0018963248355018873-3.905343311721976e-15j), 'Fdd_py': np.complex128(-3.887319873355058e-15-0.0018861811505811962j)}, 'free': np.float64(-16527.22606506369)}, {'stable': {'Fuu_px': np.complex128(0.0016543774145829815-1.5378410567760386e-16j), 'Fuu_py': np.complex128(0.0016543774145829759-1.494918985662907e-16j), 'Fdd_px': np.complex128(0.0016543774145829796-1.6211667979965474e-16j), 'Fdd_py': np.complex128(0.001654377414582978-1.4077705450467703e-16j)}, 'free': np.float64(-16527.212206386692)}]
------------------------------------------
  Seed: uu+dd:px+ipy
  Seed uu: [ 1.89157985e-03-2.44701459e-16j -1.89157985e-03+2.34536991e-16j
  2.45515246e-16+1.89157985e-03j -2.35145928e-16-1.89157985e-03j], Seed dd: [ 1.89157985e-03-2.38516994e-16j -1.89157985e-03+2.28577492e-16j
  2.43277193e-16+1.89157985e-03j -2.32702622e-16-1.89157985e-03j]
F_onsite: (2.0489078078298883e-21-2.719170143055501e-20j)
F_swave: (-1.3859712964296476e-21+2.1226816792237963e-20j), F_dwave: (-3.708019591249182e-21-1.5075428526946727e-20j)
F_px: (4.9393871074496795e-20-3.849089112204382e-20j), F_py: (-2.083094958503376e-20+8.515218503610824e-20j)
Free_energy = -16527.226085689254
------------------------------------------
[{'stable': {}, 'free': np.float64(-16527.167034071954)}, {'stable': {'Fuu_px': np.complex128(0.001896317135823338-3.8373779141211605e-15j), 'Fuu_py': np.complex128(-3.820585155069599e-15-0.0018861892585101685j)}, 'free': np.float64(-16527.19654955895)}, {'stable': {'Fuu_px': np.complex128(0.0016543774145829824-1.7232474368560424e-16j), 'Fuu_py': np.complex128(0.0016543774145829756-1.28824546116192e-16j)}, 'free': np.float64(-16527.18962022934)}, {'stable': {'Fuu_px': np.complex128(0.0018915397231190304-2.4325081591337156e-16j), 'Fuu_py': np.complex128(2.458865409084881e-16+0.0018915397231188981j)}, 'free': np.float64(-16527.19655988054)}, {'stable': {'Fdd_px': np.complex128(0.001896248243670429-3.858317240247944e-15j), 'Fdd_py': np.complex128(-3.835611201916535e-15-0.0018862617794331393j)}, 'free': np.float64(-16527.19654961817)}, {'stable': {'Fdd_px': np.complex128(0.0016543774145829802-1.54037428085837e-16j), 'Fdd_py': np.complex128(0.001654377414582977-1.5324217664492852e-16j)}, 'free': np.float64(-16527.189620229336)}, {'stable': {'Fdd_px': np.complex128(0.0018915397231190306-2.436639727770071e-16j), 'Fdd_py': np.complex128(2.4618894490554767e-16+0.001891539723118898j)}, 'free': np.float64(-16527.19655988054)}, {'stable': {'Fuu_px': np.complex128(0.0018962888543103136-3.845012863966919e-15j), 'Fuu_py': np.complex128(-3.828906317407919e-15-0.0018862190349295087j), 'Fdd_px': np.complex128(0.0018963248355018873-3.905343311721976e-15j), 'Fdd_py': np.complex128(-3.887319873355058e-15-0.0018861811505811962j)}, 'free': np.float64(-16527.22606506369)}, {'stable': {'Fuu_px': np.complex128(0.0016543774145829815-1.5378410567760386e-16j), 'Fuu_py': np.complex128(0.0016543774145829759-1.494918985662907e-16j), 'Fdd_px': np.complex128(0.0016543774145829796-1.6211667979965474e-16j), 'Fdd_py': np.complex128(0.001654377414582978-1.4077705450467703e-16j)}, 'free': np.float64(-16527.212206386692)}, {'stable': {'Fuu_px': np.complex128(0.001891539723119032-2.436974669743706e-16j), 'Fuu_py': np.complex128(2.4554996773468516e-16+0.001891539723118898j), 'Fdd_px': np.complex128(0.0018915397231190276-2.3744100038454207e-16j), 'Fdd_py': np.complex128(2.432035905178397e-16+0.0018915397231188999j)}, 'free': np.float64(-16527.226085689254)}]
------------------------------------------
====================================
mu=2.81, T=0.1585
====================================
  Seed: normal state
  Seed uu: [0.+0.j 0.+0.j 0.+0.j 0.+0.j], Seed dd: [0.+0.j 0.+0.j 0.+0.j 0.+0.j]
F_onsite: 0j
F_swave: 0j, F_dwave: 0j
F_px: 0j, F_py: 0j
Free_energy = -16531.641031249455
------------------------------------------
[{'stable': {}, 'free': np.float64(-16531.641031249455)}]
------------------------------------------
  Seed: uu:px
  Seed uu: [ 1.89631714e-03-3.84282015e-15j -1.89631714e-03+3.83193568e-15j
 -3.82572817e-15-1.88618926e-03j  3.81544214e-15+1.88618926e-03j], Seed dd: [0.+0.j 0.+0.j 0.+0.j 0.+0.j]
F_onsite: (-4.7249963365817725e-20+5.719975115149091e-20j)
F_swave: (3.3707786602971773e-20-3.931075677560533e-20j), F_dwave: (-1.767146176020951e-21+5.0754273875812136e-21j)
F_px: (2.0526835270529945e-20-2.579004909141554e-20j), F_py: (2.562052656010907e-20+8.298770769900861e-20j)
Free_energy = -16531.670127048572
------------------------------------------
[{'stable': {}, 'free': np.float64(-16531.641031249455)}, {'stable': {'Fuu_px': np.complex128(0.0018959150916782797-3.8394475299399355e-15j), 'Fuu_py': np.complex128(-3.8262801612381285e-15-0.0018866118674970922j)}, 'free': np.float64(-16531.670127048572)}]
------------------------------------------
  Seed: uu:px+py
  Seed uu: [ 0.00165438-1.75082293e-16j -0.00165438+1.69567195e-16j
  0.00165438-1.31606116e-16j -0.00165438+1.26042976e-16j], Seed dd: [0.+0.j 0.+0.j 0.+0.j 0.+0.j]
F_onsite: (-7.077533807457866e-21+8.587969322877145e-20j)
F_swave: (4.886036117747743e-21-5.812507734571093e-20j), F_dwave: (-1.4805586447476876e-33-2.4044434634240846e-20j)
F_px: (1.7720820344270104e-19-1.450424055176538e-20j), F_py: (2.584398919226517e-19+1.4504240551728286e-20j)
Free_energy = -16531.66329483734
------------------------------------------
[{'stable': {}, 'free': np.float64(-16531.641031249455)}, {'stable': {'Fuu_px': np.complex128(0.0018959150916782797-3.8394475299399355e-15j), 'Fuu_py': np.complex128(-3.8262801612381285e-15-0.0018866118674970922j)}, 'free': np.float64(-16531.670127048572)}, {'stable': {'Fuu_px': np.complex128(0.001654340926437503-1.7917943722059847e-16j), 'Fuu_py': np.complex128(0.0016543409264374999-1.31802522052836e-16j)}, 'free': np.float64(-16531.66329483734)}]
------------------------------------------
  Seed: uu:px+ipy
  Seed uu: [ 1.89153972e-03-2.48653563e-16j -1.89153972e-03+2.37848069e-16j
  2.51137222e-16+1.89153972e-03j -2.40635860e-16-1.89153972e-03j], Seed dd: [0.+0.j 0.+0.j 0.+0.j 0.+0.j]
F_onsite: (-7.109038795554148e-20+8.338979995897729e-20j)
F_swave: (5.113230408518899e-20-5.705565637889168e-20j), F_dwave: (1.7712286728764978e-20-2.7030856095772262e-21j)
F_px: (-1.0516930349175713e-19-5.519939610981597e-20j), F_py: (-6.542651149380447e-20+1.299259489938289e-21j)
Free_energy = -16531.670135657456
------------------------------------------
[{'stable': {}, 'free': np.float64(-16531.641031249455)}, {'stable': {'Fuu_px': np.complex128(0.0018959150916782797-3.8394475299399355e-15j), 'Fuu_py': np.complex128(-3.8262801612381285e-15-0.0018866118674970922j)}, 'free': np.float64(-16531.670127048572)}, {'stable': {'Fuu_px': np.complex128(0.001654340926437503-1.7917943722059847e-16j), 'Fuu_py': np.complex128(0.0016543409264374999-1.31802522052836e-16j)}, 'free': np.float64(-16531.66329483734)}, {'stable': {'Fuu_px': np.complex128(0.0018915058942649597-2.468930410429528e-16j), 'Fuu_py': np.complex128(2.511242650907861e-16+0.0018915058942648335j)}, 'free': np.float64(-16531.670135657456)}]
------------------------------------------
  Seed: dd:px
  Seed uu: [0.+0.j 0.+0.j 0.+0.j 0.+0.j], Seed dd: [ 1.89624824e-03-3.86358218e-15j -1.89624824e-03+3.85305231e-15j
 -3.84077705e-15-1.88626178e-03j  3.83044535e-15+1.88626178e-03j]
F_onsite: (1.3884378838487068e-20+3.173109999643025e-23j)
F_swave: (-9.720380129296166e-21+9.842643340073764e-24j), F_dwave: (-2.1262721286904676e-21-4.209032088936529e-23j)
F_px: (-4.0936133077255553e-23+3.562089145540475e-21j), F_py: (3.0609257561135257e-22+1.0188762825179172e-20j)
Free_energy = -16531.67012709857
------------------------------------------
[{'stable': {}, 'free': np.float64(-16531.641031249455)}, {'stable': {'Fuu_px': np.complex128(0.0018959150916782797-3.8394475299399355e-15j), 'Fuu_py': np.complex128(-3.8262801612381285e-15-0.0018866118674970922j)}, 'free': np.float64(-16531.670127048572)}, {'stable': {'Fuu_px': np.complex128(0.001654340926437503-1.7917943722059847e-16j), 'Fuu_py': np.complex128(0.0016543409264374999-1.31802522052836e-16j)}, 'free': np.float64(-16531.66329483734)}, {'stable': {'Fuu_px': np.complex128(0.0018915058942649597-2.468930410429528e-16j), 'Fuu_py': np.complex128(2.511242650907861e-16+0.0018915058942648335j)}, 'free': np.float64(-16531.670135657456)}, {'stable': {'Fdd_px': np.complex128(0.0018958516953799585-3.863723487590799e-15j), 'Fdd_py': np.complex128(-3.841687614448068e-15-0.001886678371148899j)}, 'free': np.float64(-16531.67012709857)}]
------------------------------------------
  Seed: dd:px+py
  Seed uu: [0.+0.j 0.+0.j 0.+0.j 0.+0.j], Seed dd: [ 0.00165438-1.56547796e-16j -0.00165438+1.51527061e-16j
  0.00165438-1.56054716e-16j -0.00165438+1.50429637e-16j]
F_onsite: (1.5906012656878264e-20-2.4788746200032237e-34j)
F_swave: (-1.106824803263469e-20+1.8939564980448696e-34j), F_dwave: (-1.5141294182761557e-22-7.57958757410211e-35j)
F_px: (-6.5301062176879716e-34-4.229850928646833e-21j), F_py: (7.019111867630043e-34-3.308381301057978e-21j)
Free_energy = -16531.66329483734
------------------------------------------
[{'stable': {}, 'free': np.float64(-16531.641031249455)}, {'stable': {'Fuu_px': np.complex128(0.0018959150916782797-3.8394475299399355e-15j), 'Fuu_py': np.complex128(-3.8262801612381285e-15-0.0018866118674970922j)}, 'free': np.float64(-16531.670127048572)}, {'stable': {'Fuu_px': np.complex128(0.001654340926437503-1.7917943722059847e-16j), 'Fuu_py': np.complex128(0.0016543409264374999-1.31802522052836e-16j)}, 'free': np.float64(-16531.66329483734)}, {'stable': {'Fuu_px': np.complex128(0.0018915058942649597-2.468930410429528e-16j), 'Fuu_py': np.complex128(2.511242650907861e-16+0.0018915058942648335j)}, 'free': np.float64(-16531.670135657456)}, {'stable': {'Fdd_px': np.complex128(0.0018958516953799585-3.863723487590799e-15j), 'Fdd_py': np.complex128(-3.841687614448068e-15-0.001886678371148899j)}, 'free': np.float64(-16531.67012709857)}, {'stable': {'Fdd_px': np.complex128(0.0016543409264375018-1.5953572408725658e-16j), 'Fdd_py': np.complex128(0.0016543409264374999-1.5761681726736627e-16j)}, 'free': np.float64(-16531.66329483734)}]
------------------------------------------
  Seed: dd:px+ipy
  Seed uu: [0.+0.j 0.+0.j 0.+0.j 0.+0.j], Seed dd: [ 1.89153972e-03-2.48800569e-16j -1.89153972e-03+2.38527376e-16j
  2.51466215e-16+1.89153972e-03j -2.40911675e-16-1.89153972e-03j]
F_onsite: (-7.964827144665006e-21+6.42727043094179e-22j)
F_swave: (5.769984508657875e-21-4.60310772918387e-22j), F_dwave: (-2.1863054452298766e-21-9.186352685241978e-23j)
F_px: (-2.906152339919731e-22+7.555850749613287e-21j), F_py: (1.1388145881998952e-21+3.5964156630281235e-21j)
Free_energy = -16531.670135657452
------------------------------------------
[{'stable': {}, 'free': np.float64(-16531.641031249455)}, {'stable': {'Fuu_px': np.complex128(0.0018959150916782797-3.8394475299399355e-15j), 'Fuu_py': np.complex128(-3.8262801612381285e-15-0.0018866118674970922j)}, 'free': np.float64(-16531.670127048572)}, {'stable': {'Fuu_px': np.complex128(0.001654340926437503-1.7917943722059847e-16j), 'Fuu_py': np.complex128(0.0016543409264374999-1.31802522052836e-16j)}, 'free': np.float64(-16531.66329483734)}, {'stable': {'Fuu_px': np.complex128(0.0018915058942649597-2.468930410429528e-16j), 'Fuu_py': np.complex128(2.511242650907861e-16+0.0018915058942648335j)}, 'free': np.float64(-16531.670135657456)}, {'stable': {'Fdd_px': np.complex128(0.0018958516953799585-3.863723487590799e-15j), 'Fdd_py': np.complex128(-3.841687614448068e-15-0.001886678371148899j)}, 'free': np.float64(-16531.67012709857)}, {'stable': {'Fdd_px': np.complex128(0.0016543409264375018-1.5953572408725658e-16j), 'Fdd_py': np.complex128(0.0016543409264374999-1.5761681726736627e-16j)}, 'free': np.float64(-16531.66329483734)}, {'stable': {'Fdd_px': np.complex128(0.0018915058942649597-2.4711595960059095e-16j), 'Fdd_py': np.complex128(2.514361783561676e-16+0.0018915058942648335j)}, 'free': np.float64(-16531.670135657452)}]
------------------------------------------
  Seed: uu+dd:px
  Seed uu: [ 1.89628885e-03-3.85015252e-15j -1.89628885e-03+3.83987321e-15j
 -3.83410117e-15-1.88621903e-03j  3.82371146e-15+1.88621903e-03j], Seed dd: [ 1.89632484e-03-3.91064689e-15j -1.89632484e-03+3.90003974e-15j
 -3.89251220e-15-1.88618115e-03j  3.88212755e-15+1.88618115e-03j]
F_onsite: (4.669897351532082e-20-5.698734037662465e-21j)
F_swave: (-3.3175985912094433e-20+2.3937332695145717e-21j), F_dwave: (-2.7562445349736348e-21+5.453023724320199e-21j)
F_px: (-4.639346605763928e-20+6.0545238182965114e-21j), F_py: (1.25222570594551e-20-6.807420887002661e-20j)
Free_energy = -16531.699222862677
------------------------------------------
[{'stable': {}, 'free': np.float64(-16531.641031249455)}, {'stable': {'Fuu_px': np.complex128(0.0018959150916782797-3.8394475299399355e-15j), 'Fuu_py': np.complex128(-3.8262801612381285e-15-0.0018866118674970922j)}, 'free': np.float64(-16531.670127048572)}, {'stable': {'Fuu_px': np.complex128(0.001654340926437503-1.7917943722059847e-16j), 'Fuu_py': np.complex128(0.0016543409264374999-1.31802522052836e-16j)}, 'free': np.float64(-16531.66329483734)}, {'stable': {'Fuu_px': np.complex128(0.0018915058942649597-2.468930410429528e-16j), 'Fuu_py': np.complex128(2.511242650907861e-16+0.0018915058942648335j)}, 'free': np.float64(-16531.670135657456)}, {'stable': {'Fdd_px': np.complex128(0.0018958516953799585-3.863723487590799e-15j), 'Fdd_py': np.complex128(-3.841687614448068e-15-0.001886678371148899j)}, 'free': np.float64(-16531.67012709857)}, {'stable': {'Fdd_px': np.complex128(0.0016543409264375018-1.5953572408725658e-16j), 'Fdd_py': np.complex128(0.0016543409264374999-1.5761681726736627e-16j)}, 'free': np.float64(-16531.66329483734)}, {'stable': {'Fdd_px': np.complex128(0.0018915058942649597-2.4711595960059095e-16j), 'Fdd_py': np.complex128(2.514361783561676e-16+0.0018915058942648335j)}, 'free': np.float64(-16531.670135657452)}, {'stable': {'Fuu_px': np.complex128(0.0018958890661572498-3.847125817432347e-15j), 'Fuu_py': np.complex128(-3.8348976295980325e-15-0.001886639173136339j), 'Fdd_px': np.complex128(0.001895922177198342-3.911659262524014e-15j), 'Fdd_py': np.complex128(-3.893302103102046e-15-0.001886604432380527j)}, 'free': np.float64(-16531.699222862677)}]
------------------------------------------
  Seed: uu+dd:px+py
  Seed uu: [ 0.00165438-1.56572571e-16j -0.00165438+1.50995640e-16j
  0.00165438-1.52266573e-16j -0.00165438+1.46717224e-16j], Seed dd: [ 0.00165438-1.64871377e-16j -0.00165438+1.59361983e-16j
  0.00165438-1.43512488e-16j -0.00165438+1.38041621e-16j]
F_onsite: (-8.355855219537568e-22+2.879943232677001e-20j)
F_swave: (6.098754633683464e-22-1.986837200729181e-20j), F_dwave: (6.209378948140315e-23+1.637545133850892e-20j)
F_px: (2.486896247163534e-19-9.747202094540122e-21j), F_py: (1.238977336066579e-19+9.321220824961709e-21j)
Free_energy = -16531.685558425095
------------------------------------------
[{'stable': {}, 'free': np.float64(-16531.641031249455)}, {'stable': {'Fuu_px': np.complex128(0.0018959150916782797-3.8394475299399355e-15j), 'Fuu_py': np.complex128(-3.8262801612381285e-15-0.0018866118674970922j)}, 'free': np.float64(-16531.670127048572)}, {'stable': {'Fuu_px': np.complex128(0.001654340926437503-1.7917943722059847e-16j), 'Fuu_py': np.complex128(0.0016543409264374999-1.31802522052836e-16j)}, 'free': np.float64(-16531.66329483734)}, {'stable': {'Fuu_px': np.complex128(0.0018915058942649597-2.468930410429528e-16j), 'Fuu_py': np.complex128(2.511242650907861e-16+0.0018915058942648335j)}, 'free': np.float64(-16531.670135657456)}, {'stable': {'Fdd_px': np.complex128(0.0018958516953799585-3.863723487590799e-15j), 'Fdd_py': np.complex128(-3.841687614448068e-15-0.001886678371148899j)}, 'free': np.float64(-16531.67012709857)}, {'stable': {'Fdd_px': np.complex128(0.0016543409264375018-1.5953572408725658e-16j), 'Fdd_py': np.complex128(0.0016543409264374999-1.5761681726736627e-16j)}, 'free': np.float64(-16531.66329483734)}, {'stable': {'Fdd_px': np.complex128(0.0018915058942649597-2.4711595960059095e-16j), 'Fdd_py': np.complex128(2.514361783561676e-16+0.0018915058942648335j)}, 'free': np.float64(-16531.670135657452)}, {'stable': {'Fuu_px': np.complex128(0.0018958890661572498-3.847125817432347e-15j), 'Fuu_py': np.complex128(-3.8348976295980325e-15-0.001886639173136339j), 'Fdd_px': np.complex128(0.001895922177198342-3.911659262524014e-15j), 'Fdd_py': np.complex128(-3.893302103102046e-15-0.001886604432380527j)}, 'free': np.float64(-16531.699222862677)}, {'stable': {'Fuu_px': np.complex128(0.0016543409264375033-1.5934848348379908e-16j), 'Fuu_py': np.complex128(0.0016543409264374981-1.531527749643238e-16j), 'Fdd_px': np.complex128(0.001654340926437501-1.6904424463789244e-16j), 'Fdd_py': np.complex128(0.0016543409264375018-1.4424157807762473e-16j)}, 'free': np.float64(-16531.685558425095)}]
------------------------------------------
  Seed: uu+dd:px+ipy
  Seed uu: [ 1.89153972e-03-2.49077575e-16j -1.89153972e-03+2.38317359e-16j
  2.50847305e-16+1.89153972e-03j -2.40252630e-16-1.89153972e-03j], Seed dd: [ 1.89153972e-03-2.42710952e-16j -1.89153972e-03+2.32171049e-16j
  2.48489496e-16+1.89153972e-03j -2.37917685e-16-1.89153972e-03j]
F_onsite: (3.124577482002357e-20-3.194547352064584e-20j)
F_swave: (-2.2949697808376645e-20+2.5720471690420804e-20j), F_dwave: (-1.5480360004811885e-20-8.096901523383538e-21j)
F_px: (-1.9045835345046257e-20-5.54658137580619e-20j), F_py: (-3.457107561482581e-20-7.021390672311989e-20j)
Free_energy = -16531.699240065383
------------------------------------------
[{'stable': {}, 'free': np.float64(-16531.641031249455)}, {'stable': {'Fuu_px': np.complex128(0.0018959150916782797-3.8394475299399355e-15j), 'Fuu_py': np.complex128(-3.8262801612381285e-15-0.0018866118674970922j)}, 'free': np.float64(-16531.670127048572)}, {'stable': {'Fuu_px': np.complex128(0.001654340926437503-1.7917943722059847e-16j), 'Fuu_py': np.complex128(0.0016543409264374999-1.31802522052836e-16j)}, 'free': np.float64(-16531.66329483734)}, {'stable': {'Fuu_px': np.complex128(0.0018915058942649597-2.468930410429528e-16j), 'Fuu_py': np.complex128(2.511242650907861e-16+0.0018915058942648335j)}, 'free': np.float64(-16531.670135657456)}, {'stable': {'Fdd_px': np.complex128(0.0018958516953799585-3.863723487590799e-15j), 'Fdd_py': np.complex128(-3.841687614448068e-15-0.001886678371148899j)}, 'free': np.float64(-16531.67012709857)}, {'stable': {'Fdd_px': np.complex128(0.0016543409264375018-1.5953572408725658e-16j), 'Fdd_py': np.complex128(0.0016543409264374999-1.5761681726736627e-16j)}, 'free': np.float64(-16531.66329483734)}, {'stable': {'Fdd_px': np.complex128(0.0018915058942649597-2.4711595960059095e-16j), 'Fdd_py': np.complex128(2.514361783561676e-16+0.0018915058942648335j)}, 'free': np.float64(-16531.670135657452)}, {'stable': {'Fuu_px': np.complex128(0.0018958890661572498-3.847125817432347e-15j), 'Fuu_py': np.complex128(-3.8348976295980325e-15-0.001886639173136339j), 'Fdd_px': np.complex128(0.001895922177198342-3.911659262524014e-15j), 'Fdd_py': np.complex128(-3.893302103102046e-15-0.001886604432380527j)}, 'free': np.float64(-16531.699222862677)}, {'stable': {'Fuu_px': np.complex128(0.0016543409264375033-1.5934848348379908e-16j), 'Fuu_py': np.complex128(0.0016543409264374981-1.531527749643238e-16j), 'Fdd_px': np.complex128(0.001654340926437501-1.6904424463789244e-16j), 'Fdd_py': np.complex128(0.0016543409264375018-1.4424157807762473e-16j)}, 'free': np.float64(-16531.685558425095)}, {'stable': {'Fuu_px': np.complex128(0.0018915058942649615-2.472299086930538e-16j), 'Fuu_py': np.complex128(2.508558813779596e-16+0.0018915058942648335j), 'Fdd_px': np.complex128(0.0018915058942649582-2.415329834655031e-16j), 'Fdd_py': np.complex128(2.4834572901727353e-16+0.0018915058942648344j)}, 'free': np.float64(-16531.699240065383)}]
------------------------------------------
====================================
mu=2.81, T=0.1668
====================================
  Seed: normal state
  Seed uu: [0.+0.j 0.+0.j 0.+0.j 0.+0.j], Seed dd: [0.+0.j 0.+0.j 0.+0.j 0.+0.j]
F_onsite: 0j
F_swave: 0j, F_dwave: 0j
F_px: 0j, F_py: 0j
Free_energy = -16536.355189715076
------------------------------------------
[{'stable': {}, 'free': np.float64(-16536.355189715076)}]
------------------------------------------
  Seed: uu:px
  Seed uu: [ 1.89591509e-03-3.84480013e-15j -1.89591509e-03+3.83409493e-15j
 -3.83157355e-15-1.88661187e-03j  3.82098677e-15+1.88661187e-03j], Seed dd: [0.+0.j 0.+0.j 0.+0.j 0.+0.j]
F_onsite: (1.0189977741693054e-20+1.9532650527615898e-20j)
F_swave: (-7.779643333449838e-21-1.1562395915451197e-20j), F_dwave: (-1.0469168733066021e-20+6.533277009983913e-22j)
F_px: (-3.586742285943571e-20+3.221177299593102e-20j), F_py: (-3.818154677605661e-20-1.2848035913800677e-20j)
Free_energy = -16536.383887424512
------------------------------------------
[{'stable': {}, 'free': np.float64(-16536.355189715076)}, {'stable': {'Fuu_px': np.complex128(0.0018955451391098974-3.8467659012216575e-15j), 'Fuu_py': np.complex128(-3.8321072880028175e-15-0.001886999428318992j)}, 'free': np.float64(-16536.383887424512)}]
------------------------------------------
  Seed: uu:px+py
  Seed uu: [ 0.00165434-1.81691744e-16j -0.00165434+1.76667131e-16j
  0.00165434-1.34613057e-16j -0.00165434+1.28991987e-16j], Seed dd: [0.+0.j 0.+0.j 0.+0.j 0.+0.j]
F_onsite: (2.3406048855449406e-22-4.975219393367385e-20j)
F_swave: (-8.318180063762296e-23+3.4419629940004745e-20j), F_dwave: (8.666684749742561e-34+1.3103185418993492e-20j)
F_px: (1.9011106910546335e-19-1.2677339856728214e-20j), F_py: (2.3969886403925004e-19+1.2677339856689641e-20j)
Free_energy = -16536.377147515897
------------------------------------------
[{'stable': {}, 'free': np.float64(-16536.355189715076)}, {'stable': {'Fuu_px': np.complex128(0.0018955451391098974-3.8467659012216575e-15j), 'Fuu_py': np.complex128(-3.8321072880028175e-15-0.001886999428318992j)}, 'free': np.float64(-16536.383887424512)}, {'stable': {'Fuu_px': np.complex128(0.0016543102054726493-1.8215960353150452e-16j), 'Fuu_py': np.complex128(0.001654310205472644-1.344966162206967e-16j)}, 'free': np.float64(-16536.377147515897)}]
------------------------------------------
  Seed: uu:px+ipy
  Seed uu: [ 1.89150589e-03-2.52377689e-16j -1.89150589e-03+2.41408394e-16j
  2.56295659e-16+1.89150589e-03j -2.45952871e-16-1.89150589e-03j], Seed dd: [0.+0.j 0.+0.j 0.+0.j 0.+0.j]
F_onsite: (-1.4399348422292204e-19-4.0363961913244836e-20j)
F_swave: (1.0337003814974555e-19+3.0210514930354213e-20j), F_dwave: (3.358794188082093e-21+6.636867060899142e-21j)
F_px: (2.1456397181595668e-20+8.882595396139148e-21j), F_py: (4.042910304339301e-20-5.709497285496869e-20j)
Free_energy = -16536.383894608753
------------------------------------------
[{'stable': {}, 'free': np.float64(-16536.355189715076)}, {'stable': {'Fuu_px': np.complex128(0.0018955451391098974-3.8467659012216575e-15j), 'Fuu_py': np.complex128(-3.8321072880028175e-15-0.001886999428318992j)}, 'free': np.float64(-16536.383887424512)}, {'stable': {'Fuu_px': np.complex128(0.0016543102054726493-1.8215960353150452e-16j), 'Fuu_py': np.complex128(0.001654310205472644-1.344966162206967e-16j)}, 'free': np.float64(-16536.377147515897)}, {'stable': {'Fuu_px': np.complex128(0.001891477376361241-2.535167096503059e-16j), 'Fuu_py': np.complex128(2.5614404372528865e-16+0.001891477376361119j)}, 'free': np.float64(-16536.383894608753)}]
------------------------------------------
  Seed: dd:px
  Seed uu: [0.+0.j 0.+0.j 0.+0.j 0.+0.j], Seed dd: [ 1.89585170e-03-3.86905125e-15j -1.89585170e-03+3.85839573e-15j
 -3.84689354e-15-1.88667837e-03j  3.83648169e-15+1.88667837e-03j]
F_onsite: (-1.6116320853577035e-21+3.5738313502465424e-22j)
F_swave: (1.3179768041625606e-21-2.494823102753471e-22j), F_dwave: (-7.105213380658275e-22+8.507516097435792e-23j)
F_px: (-5.24132387630228e-22-2.9337488168224128e-21j), F_py: (-3.0966576845807605e-22+8.284916359981579e-22j)
Free_energy = -16536.383887466865
------------------------------------------
[{'stable': {}, 'free': np.float64(-16536.355189715076)}, {'stable': {'Fuu_px': np.complex128(0.0018955451391098974-3.8467659012216575e-15j), 'Fuu_py': np.complex128(-3.8321072880028175e-15-0.001886999428318992j)}, 'free': np.float64(-16536.383887424512)}, {'stable': {'Fuu_px': np.complex128(0.0016543102054726493-1.8215960353150452e-16j), 'Fuu_py': np.complex128(0.001654310205472644-1.344966162206967e-16j)}, 'free': np.float64(-16536.377147515897)}, {'stable': {'Fuu_px': np.complex128(0.001891477376361241-2.535167096503059e-16j), 'Fuu_py': np.complex128(2.5614404372528865e-16+0.001891477376361119j)}, 'free': np.float64(-16536.383894608753)}, {'stable': {'Fdd_px': np.complex128(0.0018954868072888252-3.868624896679645e-15j), 'Fdd_py': np.complex128(-3.847817449612282e-15-0.0018870604203926264j)}, 'free': np.float64(-16536.383887466865)}]
------------------------------------------
  Seed: dd:px+py
  Seed uu: [0.+0.j 0.+0.j 0.+0.j 0.+0.j], Seed dd: [ 0.00165434-1.62369413e-16j -0.00165434+1.56702035e-16j
  0.00165434-1.60321168e-16j -0.00165434+1.54912466e-16j]
F_onsite: (8.554078478096047e-21-6.395442394692735e-34j)
F_swave: (-5.838757672877142e-21+3.5471717530413348e-34j), F_dwave: (2.4606666622510845e-22-1.2751762717720175e-34j)
F_px: (5.935776273912223e-34+6.047969881033067e-21j), F_py: (-8.188963845568384e-34+8.964766454021628e-21j)
Free_energy = -16536.377147515897
------------------------------------------
[{'stable': {}, 'free': np.float64(-16536.355189715076)}, {'stable': {'Fuu_px': np.complex128(0.0018955451391098974-3.8467659012216575e-15j), 'Fuu_py': np.complex128(-3.8321072880028175e-15-0.001886999428318992j)}, 'free': np.float64(-16536.383887424512)}, {'stable': {'Fuu_px': np.complex128(0.0016543102054726493-1.8215960353150452e-16j), 'Fuu_py': np.complex128(0.001654310205472644-1.344966162206967e-16j)}, 'free': np.float64(-16536.377147515897)}, {'stable': {'Fuu_px': np.complex128(0.001891477376361241-2.535167096503059e-16j), 'Fuu_py': np.complex128(2.5614404372528865e-16+0.001891477376361119j)}, 'free': np.float64(-16536.383894608753)}, {'stable': {'Fdd_px': np.complex128(0.0018954868072888252-3.868624896679645e-15j), 'Fdd_py': np.complex128(-3.847817449612282e-15-0.0018870604203926264j)}, 'free': np.float64(-16536.383887466865)}, {'stable': {'Fdd_px': np.complex128(0.0016543102054726493-1.623952543776279e-16j), 'Fdd_py': np.complex128(0.0016543102054726434-1.6095132790035533e-16j)}, 'free': np.float64(-16536.377147515897)}]
------------------------------------------
  Seed: dd:px+ipy
  Seed uu: [0.+0.j 0.+0.j 0.+0.j 0.+0.j], Seed dd: [ 1.89150589e-03-2.52684387e-16j -1.89150589e-03+2.41547532e-16j
  2.56615242e-16+1.89150589e-03j -2.46257115e-16-1.89150589e-03j]
F_onsite: (-1.1883598067742736e-20+1.7399786693617626e-21j)
F_swave: (8.402078195734827e-21-1.200774701929041e-21j), F_dwave: (2.5003663818772646e-21-1.4027753738200914e-22j)
F_px: (-3.823904714336502e-25+6.716879181986929e-22j), F_py: (-1.4145920443861659e-22-4.441189024212147e-21j)
Free_energy = -16536.38389460875
------------------------------------------
[{'stable': {}, 'free': np.float64(-16536.355189715076)}, {'stable': {'Fuu_px': np.complex128(0.0018955451391098974-3.8467659012216575e-15j), 'Fuu_py': np.complex128(-3.8321072880028175e-15-0.001886999428318992j)}, 'free': np.float64(-16536.383887424512)}, {'stable': {'Fuu_px': np.complex128(0.0016543102054726493-1.8215960353150452e-16j), 'Fuu_py': np.complex128(0.001654310205472644-1.344966162206967e-16j)}, 'free': np.float64(-16536.377147515897)}, {'stable': {'Fuu_px': np.complex128(0.001891477376361241-2.535167096503059e-16j), 'Fuu_py': np.complex128(2.5614404372528865e-16+0.001891477376361119j)}, 'free': np.float64(-16536.383894608753)}, {'stable': {'Fdd_px': np.complex128(0.0018954868072888252-3.868624896679645e-15j), 'Fdd_py': np.complex128(-3.847817449612282e-15-0.0018870604203926264j)}, 'free': np.float64(-16536.383887466865)}, {'stable': {'Fdd_px': np.complex128(0.0016543102054726493-1.623952543776279e-16j), 'Fdd_py': np.complex128(0.0016543102054726434-1.6095132790035533e-16j)}, 'free': np.float64(-16536.377147515897)}, {'stable': {'Fdd_px': np.complex128(0.0018914773763612407-2.5377329776759737e-16j), 'Fdd_py': np.complex128(2.564622534894929e-16+0.0018914773763611184j)}, 'free': np.float64(-16536.38389460875)}]
------------------------------------------
  Seed: uu+dd:px
  Seed uu: [ 1.89588907e-03-3.85230003e-15j -1.89588907e-03+3.84195161e-15j
 -3.84011637e-15-1.88663917e-03j  3.82967889e-15+1.88663917e-03j], Seed dd: [ 1.89592218e-03-3.91703062e-15j -1.89592218e-03+3.90628791e-15j
 -3.89853535e-15-1.88660443e-03j  3.88806886e-15+1.88660443e-03j]
F_onsite: (-6.786036893620801e-20+3.200090155485395e-20j)
F_swave: (4.8274771294830147e-20-2.2348445939472226e-20j), F_dwave: (1.4240928779684381e-21+1.7608258919767417e-20j)
F_px: (-3.977576927403056e-20-4.2959348866318926e-20j), F_py: (4.161609900004124e-20+5.512596882581584e-20j)
Free_energy = -16536.412585146558
------------------------------------------
[{'stable': {}, 'free': np.float64(-16536.355189715076)}, {'stable': {'Fuu_px': np.complex128(0.0018955451391098974-3.8467659012216575e-15j), 'Fuu_py': np.complex128(-3.8321072880028175e-15-0.001886999428318992j)}, 'free': np.float64(-16536.383887424512)}, {'stable': {'Fuu_px': np.complex128(0.0016543102054726493-1.8215960353150452e-16j), 'Fuu_py': np.complex128(0.001654310205472644-1.344966162206967e-16j)}, 'free': np.float64(-16536.377147515897)}, {'stable': {'Fuu_px': np.complex128(0.001891477376361241-2.535167096503059e-16j), 'Fuu_py': np.complex128(2.5614404372528865e-16+0.001891477376361119j)}, 'free': np.float64(-16536.383894608753)}, {'stable': {'Fdd_px': np.complex128(0.0018954868072888252-3.868624896679645e-15j), 'Fdd_py': np.complex128(-3.847817449612282e-15-0.0018870604203926264j)}, 'free': np.float64(-16536.383887466865)}, {'stable': {'Fdd_px': np.complex128(0.0016543102054726493-1.623952543776279e-16j), 'Fdd_py': np.complex128(0.0016543102054726434-1.6095132790035533e-16j)}, 'free': np.float64(-16536.377147515897)}, {'stable': {'Fdd_px': np.complex128(0.0018914773763612407-2.5377329776759737e-16j), 'Fdd_py': np.complex128(2.564622534894929e-16+0.0018914773763611184j)}, 'free': np.float64(-16536.38389460875)}, {'stable': {'Fuu_px': np.complex128(0.0018955211925273138-3.8491367696020795e-15j), 'Fuu_py': np.complex128(-3.840578428112361e-15-0.0018870244708422126j), 'Fdd_px': np.complex128(0.0018955516586661274-3.916530251218653e-15j), 'Fdd_py': np.complex128(-3.899251751859066e-15-0.001886992609461714j)}, 'free': np.float64(-16536.412585146558)}]
------------------------------------------
  Seed: uu+dd:px+py
  Seed uu: [ 0.00165434-1.62361366e-16j -0.00165434+1.56335601e-16j
  0.00165434-1.55858086e-16j -0.00165434+1.50447464e-16j], Seed dd: [ 0.00165434-1.71926142e-16j -0.00165434+1.66162347e-16j
  0.00165434-1.47292306e-16j -0.00165434+1.41190850e-16j]
F_onsite: (1.1356508315778832e-21-2.972041921208313e-20j)
F_swave: (-8.451694314885966e-22+2.097901166492275e-20j), F_dwave: (-2.058164665926972e-22+1.1172416614688703e-20j)
F_px: (1.1699493736657836e-19+4.697866319780903e-21j), F_py: (2.1917240653139483e-19-2.4377526539223245e-21j)
Free_energy = -16536.39910531675
------------------------------------------
[{'stable': {}, 'free': np.float64(-16536.355189715076)}, {'stable': {'Fuu_px': np.complex128(0.0018955451391098974-3.8467659012216575e-15j), 'Fuu_py': np.complex128(-3.8321072880028175e-15-0.001886999428318992j)}, 'free': np.float64(-16536.383887424512)}, {'stable': {'Fuu_px': np.complex128(0.0016543102054726493-1.8215960353150452e-16j), 'Fuu_py': np.complex128(0.001654310205472644-1.344966162206967e-16j)}, 'free': np.float64(-16536.377147515897)}, {'stable': {'Fuu_px': np.complex128(0.001891477376361241-2.535167096503059e-16j), 'Fuu_py': np.complex128(2.5614404372528865e-16+0.001891477376361119j)}, 'free': np.float64(-16536.383894608753)}, {'stable': {'Fdd_px': np.complex128(0.0018954868072888252-3.868624896679645e-15j), 'Fdd_py': np.complex128(-3.847817449612282e-15-0.0018870604203926264j)}, 'free': np.float64(-16536.383887466865)}, {'stable': {'Fdd_px': np.complex128(0.0016543102054726493-1.623952543776279e-16j), 'Fdd_py': np.complex128(0.0016543102054726434-1.6095132790035533e-16j)}, 'free': np.float64(-16536.377147515897)}, {'stable': {'Fdd_px': np.complex128(0.0018914773763612407-2.5377329776759737e-16j), 'Fdd_py': np.complex128(2.564622534894929e-16+0.0018914773763611184j)}, 'free': np.float64(-16536.38389460875)}, {'stable': {'Fuu_px': np.complex128(0.0018955211925273138-3.8491367696020795e-15j), 'Fuu_py': np.complex128(-3.840578428112361e-15-0.0018870244708422126j), 'Fdd_px': np.complex128(0.0018955516586661274-3.916530251218653e-15j), 'Fdd_py': np.complex128(-3.899251751859066e-15-0.001886992609461714j)}, 'free': np.float64(-16536.412585146558)}, {'stable': {'Fuu_px': np.complex128(0.001654310205472651-1.6272719203127807e-16j), 'Fuu_py': np.complex128(0.001654310205472641-1.5646974275088183e-16j), 'Fdd_px': np.complex128(0.001654310205472648-1.7207344621551063e-16j), 'Fdd_py': np.complex128(0.0016543102054726437-1.4760872594886268e-16j)}, 'free': np.float64(-16536.39910531675)}]
------------------------------------------
  Seed: uu+dd:px+ipy
  Seed uu: [ 1.89150589e-03-2.52360099e-16j -1.89150589e-03+2.42099718e-16j
  2.56100630e-16+1.89150589e-03j -2.45611133e-16-1.89150589e-03j], Seed dd: [ 1.89150589e-03-2.46767088e-16j -1.89150589e-03+2.36298879e-16j
  2.53539335e-16+1.89150589e-03j -2.43152123e-16-1.89150589e-03j]
F_onsite: (5.536695797886306e-20-6.099546756332661e-20j)
F_swave: (-4.153469580997533e-20+4.244495493618987e-20j), F_dwave: (8.378506419802241e-21-1.0769738432417519e-20j)
F_px: (2.6944578315729506e-20-3.9624543643532367e-20j), F_py: (-1.7148679164917126e-20-4.4731845200039375e-20j)
Free_energy = -16536.412599502375
------------------------------------------
[{'stable': {}, 'free': np.float64(-16536.355189715076)}, {'stable': {'Fuu_px': np.complex128(0.0018955451391098974-3.8467659012216575e-15j), 'Fuu_py': np.complex128(-3.8321072880028175e-15-0.001886999428318992j)}, 'free': np.float64(-16536.383887424512)}, {'stable': {'Fuu_px': np.complex128(0.0016543102054726493-1.8215960353150452e-16j), 'Fuu_py': np.complex128(0.001654310205472644-1.344966162206967e-16j)}, 'free': np.float64(-16536.377147515897)}, {'stable': {'Fuu_px': np.complex128(0.001891477376361241-2.535167096503059e-16j), 'Fuu_py': np.complex128(2.5614404372528865e-16+0.001891477376361119j)}, 'free': np.float64(-16536.383894608753)}, {'stable': {'Fdd_px': np.complex128(0.0018954868072888252-3.868624896679645e-15j), 'Fdd_py': np.complex128(-3.847817449612282e-15-0.0018870604203926264j)}, 'free': np.float64(-16536.383887466865)}, {'stable': {'Fdd_px': np.complex128(0.0016543102054726493-1.623952543776279e-16j), 'Fdd_py': np.complex128(0.0016543102054726434-1.6095132790035533e-16j)}, 'free': np.float64(-16536.377147515897)}, {'stable': {'Fdd_px': np.complex128(0.0018914773763612407-2.5377329776759737e-16j), 'Fdd_py': np.complex128(2.564622534894929e-16+0.0018914773763611184j)}, 'free': np.float64(-16536.38389460875)}, {'stable': {'Fuu_px': np.complex128(0.0018955211925273138-3.8491367696020795e-15j), 'Fuu_py': np.complex128(-3.840578428112361e-15-0.0018870244708422126j), 'Fdd_px': np.complex128(0.0018955516586661274-3.916530251218653e-15j), 'Fdd_py': np.complex128(-3.899251751859066e-15-0.001886992609461714j)}, 'free': np.float64(-16536.412585146558)}, {'stable': {'Fuu_px': np.complex128(0.001654310205472651-1.6272719203127807e-16j), 'Fuu_py': np.complex128(0.001654310205472641-1.5646974275088183e-16j), 'Fdd_px': np.complex128(0.001654310205472648-1.7207344621551063e-16j), 'Fdd_py': np.complex128(0.0016543102054726437-1.4760872594886268e-16j)}, 'free': np.float64(-16536.39910531675)}, {'stable': {'Fuu_px': np.complex128(0.0018914773763612424-2.53695635434246e-16j), 'Fuu_py': np.complex128(2.560133624233951e-16+0.0018914773763611197j), 'Fdd_px': np.complex128(0.001891477376361239-2.477013089979804e-16j), 'Fdd_py': np.complex128(2.5329161726201795e-16+0.0018914773763611197j)}, 'free': np.float64(-16536.412599502375)}]
------------------------------------------
====================================
mu=2.81, T=0.1751
====================================
  Seed: normal state
  Seed uu: [0.+0.j 0.+0.j 0.+0.j 0.+0.j], Seed dd: [0.+0.j 0.+0.j 0.+0.j 0.+0.j]
F_onsite: 0j
F_swave: 0j, F_dwave: 0j
F_px: 0j, F_py: 0j
Free_energy = -16541.309056951948
------------------------------------------
[{'stable': {}, 'free': np.float64(-16541.309056951948)}]
------------------------------------------
  Seed: uu:px
  Seed uu: [ 1.89554514e-03-3.85205417e-15j -1.89554514e-03+3.84147763e-15j
 -3.83732824e-15-1.88699943e-03j  3.82688633e-15+1.88699943e-03j], Seed dd: [0.+0.j 0.+0.j 0.+0.j 0.+0.j]
F_onsite: (-5.041711434248652e-20+3.5246417625187275e-20j)
F_swave: (3.5490188188496114e-20-2.633832228711841e-20j), F_dwave: (5.906591060123455e-21+6.105119460076249e-22j)
F_px: (1.9907503239090125e-19-1.8561213126806284e-20j), F_py: (7.795851751349077e-21-1.0581830342261152e-19j)
Free_energy = -16541.337376085583
------------------------------------------
[{'stable': {}, 'free': np.float64(-16541.309056951948)}, {'stable': {'Fuu_px': np.complex128(0.0018952047565753806-3.852131338781811e-15j), 'Fuu_py': np.complex128(-3.837819602098484e-15-0.0018873548841902021j)}, 'free': np.float64(-16541.337376085583)}]
------------------------------------------
  Seed: uu:px+py
  Seed uu: [ 0.00165431-1.85097279e-16j -0.00165431+1.79221928e-16j
  0.00165431-1.37232189e-16j -0.00165431+1.31761044e-16j], Seed dd: [0.+0.j 0.+0.j 0.+0.j 0.+0.j]
F_onsite: (-1.2575200265292513e-20+4.0335805303258605e-20j)
F_swave: (8.491184667388898e-21-2.7364175871132115e-20j), F_dwave: (9.62964972193618e-35+3.209440734638845e-22j)
F_px: (2.0629172536042242e-19+4.832335308682012e-21j), F_py: (2.143622037919945e-19-4.8323353087234454e-21j)
Free_energy = -16541.330724108877
------------------------------------------
[{'stable': {}, 'free': np.float64(-16541.309056951948)}, {'stable': {'Fuu_px': np.complex128(0.0018952047565753806-3.852131338781811e-15j), 'Fuu_py': np.complex128(-3.837819602098484e-15-0.0018873548841902021j)}, 'free': np.float64(-16541.337376085583)}, {'stable': {'Fuu_px': np.complex128(0.001654284340056285-1.8953201286828344e-16j), 'Fuu_py': np.complex128(0.0016542843400562809-1.3583922961654378e-16j)}, 'free': np.float64(-16541.330724108877)}]
------------------------------------------
  Seed: uu:px+ipy
  Seed uu: [ 1.89147738e-03-2.58770154e-16j -1.89147738e-03+2.48263266e-16j
  2.61383455e-16+1.89147738e-03j -2.50904632e-16-1.89147738e-03j], Seed dd: [0.+0.j 0.+0.j 0.+0.j 0.+0.j]
F_onsite: (-8.482250370131679e-21+2.2140514674674924e-20j)
F_swave: (8.787058841050624e-21-1.5336880140210236e-20j), F_dwave: (9.885345276274771e-23+1.6597517477721583e-20j)
F_px: (4.099513406701656e-20+3.7106442888610786e-20j), F_py: (3.2354293269212996e-20+4.8876657151659747e-20j)
Free_energy = -16541.33738208392
------------------------------------------
[{'stable': {}, 'free': np.float64(-16541.309056951948)}, {'stable': {'Fuu_px': np.complex128(0.0018952047565753806-3.852131338781811e-15j), 'Fuu_py': np.complex128(-3.837819602098484e-15-0.0018873548841902021j)}, 'free': np.float64(-16541.337376085583)}, {'stable': {'Fuu_px': np.complex128(0.001654284340056285-1.8953201286828344e-16j), 'Fuu_py': np.complex128(0.0016542843400562809-1.3583922961654378e-16j)}, 'free': np.float64(-16541.330724108877)}, {'stable': {'Fuu_px': np.complex128(0.0018914533355555332-2.6048256302473743e-16j), 'Fuu_py': np.complex128(2.612656879978659e-16+0.0018914533355554092j)}, 'free': np.float64(-16541.33738208392)}]
------------------------------------------
  Seed: dd:px
  Seed uu: [0.+0.j 0.+0.j 0.+0.j 0.+0.j], Seed dd: [ 1.89548681e-03-3.87390516e-15j -1.89548681e-03+3.86334463e-15j
 -3.85303697e-15-1.88706042e-03j  3.84259793e-15+1.88706042e-03j]
F_onsite: (-2.3361781032699174e-21+4.0145783843926686e-22j)
F_swave: (1.5644986568464802e-21-2.858907251228412e-22j), F_dwave: (3.3097882334127287e-22-2.15040905712428e-23j)
F_px: (-4.107564823673291e-22-7.200582475558997e-22j), F_py: (4.273275794843367e-22+6.898594153113248e-22j)
Free_energy = -16541.33737612147
------------------------------------------
[{'stable': {}, 'free': np.float64(-16541.309056951948)}, {'stable': {'Fuu_px': np.complex128(0.0018952047565753806-3.852131338781811e-15j), 'Fuu_py': np.complex128(-3.837819602098484e-15-0.0018873548841902021j)}, 'free': np.float64(-16541.337376085583)}, {'stable': {'Fuu_px': np.complex128(0.001654284340056285-1.8953201286828344e-16j), 'Fuu_py': np.complex128(0.0016542843400562809-1.3583922961654378e-16j)}, 'free': np.float64(-16541.330724108877)}, {'stable': {'Fuu_px': np.complex128(0.0018914533355555332-2.6048256302473743e-16j), 'Fuu_py': np.complex128(2.612656879978659e-16+0.0018914533355554092j)}, 'free': np.float64(-16541.33738208392)}, {'stable': {'Fdd_px': np.complex128(0.0018951510907161354-3.8718430560876724e-15j), 'Fdd_py': np.complex128(-3.85384981973928e-15-0.0018874108270285168j)}, 'free': np.float64(-16541.33737612147)}]
------------------------------------------
  Seed: dd:px+py
  Seed uu: [0.+0.j 0.+0.j 0.+0.j 0.+0.j], Seed dd: [ 0.00165431-1.65468416e-16j -0.00165431+1.59322093e-16j
  0.00165431-1.63609099e-16j -0.00165431+1.58293557e-16j]
F_onsite: (1.2413745168187359e-20+1.1862095859567431e-34j)
F_swave: (-8.462445723129855e-21-4.0625084764418256e-35j), F_dwave: (-3.4506303222935697e-22-1.504632769052528e-35j)
F_px: (5.544571753958566e-34+3.662016099552453e-21j), F_py: (-4.1076474595134015e-34-1.3979813915378042e-20j)
Free_energy = -16541.330724108877
------------------------------------------
[{'stable': {}, 'free': np.float64(-16541.309056951948)}, {'stable': {'Fuu_px': np.complex128(0.0018952047565753806-3.852131338781811e-15j), 'Fuu_py': np.complex128(-3.837819602098484e-15-0.0018873548841902021j)}, 'free': np.float64(-16541.337376085583)}, {'stable': {'Fuu_px': np.complex128(0.001654284340056285-1.8953201286828344e-16j), 'Fuu_py': np.complex128(0.0016542843400562809-1.3583922961654378e-16j)}, 'free': np.float64(-16541.330724108877)}, {'stable': {'Fuu_px': np.complex128(0.0018914533355555332-2.6048256302473743e-16j), 'Fuu_py': np.complex128(2.612656879978659e-16+0.0018914533355554092j)}, 'free': np.float64(-16541.33738208392)}, {'stable': {'Fdd_px': np.complex128(0.0018951510907161354-3.8718430560876724e-15j), 'Fdd_py': np.complex128(-3.85384981973928e-15-0.0018874108270285168j)}, 'free': np.float64(-16541.33737612147)}, {'stable': {'Fdd_px': np.complex128(0.0016542843400562857-1.6733810852388546e-16j), 'Fdd_py': np.complex128(0.0016542843400562778-1.648098872298988e-16j)}, 'free': np.float64(-16541.330724108877)}]
------------------------------------------
  Seed: dd:px+ipy
  Seed uu: [0.+0.j 0.+0.j 0.+0.j 0.+0.j], Seed dd: [ 1.89147738e-03-2.59168908e-16j -1.89147738e-03+2.48377688e-16j
  2.61742313e-16+1.89147738e-03j -2.51182194e-16-1.89147738e-03j]
F_onsite: (1.42068419357016e-20+1.9333759537113282e-22j)
F_swave: (-9.900967795631394e-21-1.1800991659498275e-22j), F_dwave: (1.5744097165900353e-22-7.992192190983084e-23j)
F_px: (2.754595163412184e-23-4.596548445623259e-21j), F_py: (-7.205181751168082e-23-1.8276229289050922e-21j)
Free_energy = -16541.33738208392
------------------------------------------
[{'stable': {}, 'free': np.float64(-16541.309056951948)}, {'stable': {'Fuu_px': np.complex128(0.0018952047565753806-3.852131338781811e-15j), 'Fuu_py': np.complex128(-3.837819602098484e-15-0.0018873548841902021j)}, 'free': np.float64(-16541.337376085583)}, {'stable': {'Fuu_px': np.complex128(0.001654284340056285-1.8953201286828344e-16j), 'Fuu_py': np.complex128(0.0016542843400562809-1.3583922961654378e-16j)}, 'free': np.float64(-16541.330724108877)}, {'stable': {'Fuu_px': np.complex128(0.0018914533355555332-2.6048256302473743e-16j), 'Fuu_py': np.complex128(2.612656879978659e-16+0.0018914533355554092j)}, 'free': np.float64(-16541.33738208392)}, {'stable': {'Fdd_px': np.complex128(0.0018951510907161354-3.8718430560876724e-15j), 'Fdd_py': np.complex128(-3.85384981973928e-15-0.0018874108270285168j)}, 'free': np.float64(-16541.33737612147)}, {'stable': {'Fdd_px': np.complex128(0.0016542843400562857-1.6733810852388546e-16j), 'Fdd_py': np.complex128(0.0016542843400562778-1.648098872298988e-16j)}, 'free': np.float64(-16541.330724108877)}, {'stable': {'Fdd_px': np.complex128(0.001891453335555533-2.6100941420920716e-16j), 'Fdd_py': np.complex128(2.6160179464180333e-16+0.001891453335555409j)}, 'free': np.float64(-16541.33738208392)}]
------------------------------------------
  Seed: uu+dd:px
  Seed uu: [ 1.89552119e-03-3.85419754e-15j -1.89552119e-03+3.84407600e-15j
 -3.84579847e-15-1.88702447e-03j  3.83535839e-15+1.88702447e-03j], Seed dd: [ 1.89555166e-03-3.92185251e-15j -1.89555166e-03+3.91120799e-15j
 -3.90445372e-15-1.88699261e-03j  3.89404979e-15+1.88699261e-03j]
F_onsite: (-4.51947215812848e-20+1.466009984902679e-20j)
F_swave: (3.1494558171310424e-20-1.2064969159155143e-20j), F_dwave: (3.585031375232969e-22-5.198156451380641e-21j)
F_px: (5.672045611815442e-20+1.1139285346713013e-21j), F_py: (-1.0562912323633485e-20-6.925364470520861e-20j)
Free_energy = -16541.36569522998
------------------------------------------
[{'stable': {}, 'free': np.float64(-16541.309056951948)}, {'stable': {'Fuu_px': np.complex128(0.0018952047565753806-3.852131338781811e-15j), 'Fuu_py': np.complex128(-3.837819602098484e-15-0.0018873548841902021j)}, 'free': np.float64(-16541.337376085583)}, {'stable': {'Fuu_px': np.complex128(0.001654284340056285-1.8953201286828344e-16j), 'Fuu_py': np.complex128(0.0016542843400562809-1.3583922961654378e-16j)}, 'free': np.float64(-16541.330724108877)}, {'stable': {'Fuu_px': np.complex128(0.0018914533355555332-2.6048256302473743e-16j), 'Fuu_py': np.complex128(2.612656879978659e-16+0.0018914533355554092j)}, 'free': np.float64(-16541.33738208392)}, {'stable': {'Fdd_px': np.complex128(0.0018951510907161354-3.8718430560876724e-15j), 'Fdd_py': np.complex128(-3.85384981973928e-15-0.0018874108270285168j)}, 'free': np.float64(-16541.33737612147)}, {'stable': {'Fdd_px': np.complex128(0.0016542843400562857-1.6733810852388546e-16j), 'Fdd_py': np.complex128(0.0016542843400562778-1.648098872298988e-16j)}, 'free': np.float64(-16541.330724108877)}, {'stable': {'Fdd_px': np.complex128(0.001891453335555533-2.6100941420920716e-16j), 'Fdd_py': np.complex128(2.6160179464180333e-16+0.001891453335555409j)}, 'free': np.float64(-16541.33738208392)}, {'stable': {'Fuu_px': np.complex128(0.001895182725362285-3.849095619020966e-15j), 'Fuu_py': np.complex128(-3.846130236081968e-15-0.001887377853457216j), 'Fdd_px': np.complex128(0.0018952107546926348-3.91982074922561e-15j), 'Fdd_py': np.complex128(-3.905121362620016e-15-0.0018873486298883035j)}, 'free': np.float64(-16541.36569522998)}]
------------------------------------------
  Seed: uu+dd:px+py
  Seed uu: [ 0.00165431-1.65595153e-16j -0.00165431+1.59859231e-16j
  0.00165431-1.59239084e-16j -0.00165431+1.53700402e-16j], Seed dd: [ 0.00165431-1.75031722e-16j -0.00165431+1.69115170e-16j
  0.00165431-1.50220234e-16j -0.00165431+1.44997217e-16j]
F_onsite: (-2.1377004622860185e-21+2.267999701025347e-20j)
F_swave: (1.2850585277078769e-21-1.4546678285422787e-20j), F_dwave: (-6.093518887230103e-23+4.474339390023523e-21j)
F_px: (2.3422034957507354e-19-8.051264002367882e-23j), F_py: (2.4106218949423794e-19-9.187249242066093e-24j)
Free_energy = -16541.3523912658
------------------------------------------
[{'stable': {}, 'free': np.float64(-16541.309056951948)}, {'stable': {'Fuu_px': np.complex128(0.0018952047565753806-3.852131338781811e-15j), 'Fuu_py': np.complex128(-3.837819602098484e-15-0.0018873548841902021j)}, 'free': np.float64(-16541.337376085583)}, {'stable': {'Fuu_px': np.complex128(0.001654284340056285-1.8953201286828344e-16j), 'Fuu_py': np.complex128(0.0016542843400562809-1.3583922961654378e-16j)}, 'free': np.float64(-16541.330724108877)}, {'stable': {'Fuu_px': np.complex128(0.0018914533355555332-2.6048256302473743e-16j), 'Fuu_py': np.complex128(2.612656879978659e-16+0.0018914533355554092j)}, 'free': np.float64(-16541.33738208392)}, {'stable': {'Fdd_px': np.complex128(0.0018951510907161354-3.8718430560876724e-15j), 'Fdd_py': np.complex128(-3.85384981973928e-15-0.0018874108270285168j)}, 'free': np.float64(-16541.33737612147)}, {'stable': {'Fdd_px': np.complex128(0.0016542843400562857-1.6733810852388546e-16j), 'Fdd_py': np.complex128(0.0016542843400562778-1.648098872298988e-16j)}, 'free': np.float64(-16541.330724108877)}, {'stable': {'Fdd_px': np.complex128(0.001891453335555533-2.6100941420920716e-16j), 'Fdd_py': np.complex128(2.6160179464180333e-16+0.001891453335555409j)}, 'free': np.float64(-16541.33738208392)}, {'stable': {'Fuu_px': np.complex128(0.001895182725362285-3.849095619020966e-15j), 'Fuu_py': np.complex128(-3.846130236081968e-15-0.001887377853457216j), 'Fdd_px': np.complex128(0.0018952107546926348-3.91982074922561e-15j), 'Fdd_py': np.complex128(-3.905121362620016e-15-0.0018873486298883035j)}, 'free': np.float64(-16541.36569522998)}, {'stable': {'Fuu_px': np.complex128(0.0016542843400562874-1.676600472182911e-16j), 'Fuu_py': np.complex128(0.0016542843400562772-1.5947959491961118e-16j), 'Fdd_px': np.complex128(0.0016542843400562841-1.7711894354961868e-16j), 'Fdd_py': np.complex128(0.00165428434005628-1.490768061000218e-16j)}, 'free': np.float64(-16541.3523912658)}]
------------------------------------------
  Seed: uu+dd:px+ipy
  Seed uu: [ 1.89147738e-03-2.58860515e-16j -1.89147738e-03+2.48530756e-16j
  2.61245243e-16+1.89147738e-03j -2.50781481e-16-1.89147738e-03j], Seed dd: [ 1.89147738e-03-2.52963372e-16j -1.89147738e-03+2.42439246e-16j
  2.58526532e-16+1.89147738e-03j -2.48056702e-16-1.89147738e-03j]
F_onsite: (-1.3776433770243657e-19+6.994037003710837e-20j)
F_swave: (9.878020175132412e-20-5.004778459176413e-20j), F_dwave: (1.6960184429676594e-20-4.812051093698732e-21j)
F_px: (1.139141279584001e-19+5.201399439240612e-20j), F_py: (5.636503956864605e-20-1.4869925203306176e-20j)
Free_energy = -16541.365707215806
------------------------------------------
[{'stable': {}, 'free': np.float64(-16541.309056951948)}, {'stable': {'Fuu_px': np.complex128(0.0018952047565753806-3.852131338781811e-15j), 'Fuu_py': np.complex128(-3.837819602098484e-15-0.0018873548841902021j)}, 'free': np.float64(-16541.337376085583)}, {'stable': {'Fuu_px': np.complex128(0.001654284340056285-1.8953201286828344e-16j), 'Fuu_py': np.complex128(0.0016542843400562809-1.3583922961654378e-16j)}, 'free': np.float64(-16541.330724108877)}, {'stable': {'Fuu_px': np.complex128(0.0018914533355555332-2.6048256302473743e-16j), 'Fuu_py': np.complex128(2.612656879978659e-16+0.0018914533355554092j)}, 'free': np.float64(-16541.33738208392)}, {'stable': {'Fdd_px': np.complex128(0.0018951510907161354-3.8718430560876724e-15j), 'Fdd_py': np.complex128(-3.85384981973928e-15-0.0018874108270285168j)}, 'free': np.float64(-16541.33737612147)}, {'stable': {'Fdd_px': np.complex128(0.0016542843400562857-1.6733810852388546e-16j), 'Fdd_py': np.complex128(0.0016542843400562778-1.648098872298988e-16j)}, 'free': np.float64(-16541.330724108877)}, {'stable': {'Fdd_px': np.complex128(0.001891453335555533-2.6100941420920716e-16j), 'Fdd_py': np.complex128(2.6160179464180333e-16+0.001891453335555409j)}, 'free': np.float64(-16541.33738208392)}, {'stable': {'Fuu_px': np.complex128(0.001895182725362285-3.849095619020966e-15j), 'Fuu_py': np.complex128(-3.846130236081968e-15-0.001887377853457216j), 'Fdd_px': np.complex128(0.0018952107546926348-3.91982074922561e-15j), 'Fdd_py': np.complex128(-3.905121362620016e-15-0.0018873486298883035j)}, 'free': np.float64(-16541.36569522998)}, {'stable': {'Fuu_px': np.complex128(0.0016542843400562874-1.676600472182911e-16j), 'Fuu_py': np.complex128(0.0016542843400562772-1.5947959491961118e-16j), 'Fdd_px': np.complex128(0.0016542843400562841-1.7711894354961868e-16j), 'Fdd_py': np.complex128(0.00165428434005628-1.490768061000218e-16j)}, 'free': np.float64(-16541.3523912658)}, {'stable': {'Fuu_px': np.complex128(0.0018914533355555345-2.607306808125564e-16j), 'Fuu_py': np.complex128(2.61180518173275e-16+0.0018914533355554098j), 'Fdd_px': np.complex128(0.0018914533355555312-2.534364235000515e-16j), 'Fdd_py': np.complex128(2.5831741446265743e-16+0.0018914533355554096j)}, 'free': np.float64(-16541.365707215806)}]
------------------------------------------
====================================
mu=2.81, T=0.1834
====================================
  Seed: normal state
  Seed uu: [0.+0.j 0.+0.j 0.+0.j 0.+0.j], Seed dd: [0.+0.j 0.+0.j 0.+0.j 0.+0.j]
F_onsite: 0j
F_swave: 0j, F_dwave: 0j
F_px: 0j, F_py: 0j
Free_energy = -16546.502073209776
------------------------------------------
[{'stable': {}, 'free': np.float64(-16546.502073209776)}]
------------------------------------------
  Seed: uu:px
  Seed uu: [ 1.89520476e-03-3.85760528e-15j -1.89520476e-03+3.84665740e-15j
 -3.84298949e-15-1.88735488e-03j  3.83264972e-15+1.88735488e-03j], Seed dd: [0.+0.j 0.+0.j 0.+0.j 0.+0.j]
F_onsite: (-4.315340886752497e-20+1.2755948044854791e-20j)
F_swave: (3.05964089110691e-20-6.520313282567535e-21j), F_dwave: (2.094954974135366e-20+2.5852389529102623e-21j)
F_px: (-7.022174383074696e-21+4.0601349150706364e-20j), F_py: (-4.018613447135e-20-2.0650197715822042e-20j)
Free_energy = -16546.530031485505
------------------------------------------
[{'stable': {}, 'free': np.float64(-16546.502073209776)}, {'stable': {'Fuu_px': np.complex128(0.0018948916149935603-3.8608275117226384e-15j), 'Fuu_py': np.complex128(-3.8436974846655594e-15-0.0018876809263044091j)}, 'free': np.float64(-16546.530031485505)}]
------------------------------------------
  Seed: uu:px+py
  Seed uu: [ 0.00165428-1.92552281e-16j -0.00165428+1.86511745e-16j
  0.00165428-1.38792185e-16j -0.00165428+1.32886274e-16j], Seed dd: [0.+0.j 0.+0.j 0.+0.j 0.+0.j]
F_onsite: (1.8227203638142385e-21-7.751114779801836e-20j)
F_swave: (-1.8323133840618247e-21+5.3618264671812126e-20j), F_dwave: (-1.2699100570803336e-33-1.1242499653206485e-20j)
F_px: (2.779481805402935e-19-1.7163319762643788e-21j), F_py: (2.0398463374985553e-19+1.716331976214485e-21j)
Free_energy = -16546.52346345481
------------------------------------------
[{'stable': {}, 'free': np.float64(-16546.502073209776)}, {'stable': {'Fuu_px': np.complex128(0.0018948916149935603-3.8608275117226384e-15j), 'Fuu_py': np.complex128(-3.8436974846655594e-15-0.0018876809263044091j)}, 'free': np.float64(-16546.530031485505)}, {'stable': {'Fuu_px': np.complex128(0.0016542625626872563-1.9411467948861092e-16j), 'Fuu_py': np.complex128(0.0016542625626872534-1.3613369267972286e-16j)}, 'free': np.float64(-16546.52346345481)}]
------------------------------------------
  Seed: uu:px+ipy
  Seed uu: [ 1.89145334e-03-2.65462422e-16j -1.89145334e-03+2.55502704e-16j
  2.66453318e-16+1.89145334e-03j -2.56078058e-16-1.89145334e-03j], Seed dd: [0.+0.j 0.+0.j 0.+0.j 0.+0.j]
F_onsite: (3.9435264149407695e-20+8.299883926073141e-20j)
F_swave: (-2.5803007293045078e-20-5.979467621189278e-20j), F_dwave: (-1.2029017746079661e-20-3.206041544182533e-22j)
F_px: (-5.093753225773117e-20-1.049067605904236e-20j), F_py: (-9.694182308353082e-21-6.871120635392714e-20j)
Free_energy = -16546.530036495806
------------------------------------------
[{'stable': {}, 'free': np.float64(-16546.502073209776)}, {'stable': {'Fuu_px': np.complex128(0.0018948916149935603-3.8608275117226384e-15j), 'Fuu_py': np.complex128(-3.8436974846655594e-15-0.0018876809263044091j)}, 'free': np.float64(-16546.530031485505)}, {'stable': {'Fuu_px': np.complex128(0.0016542625626872563-1.9411467948861092e-16j), 'Fuu_py': np.complex128(0.0016542625626872534-1.3613369267972286e-16j)}, 'free': np.float64(-16546.52346345481)}, {'stable': {'Fuu_px': np.complex128(0.0018914330689332646-2.6676452332104485e-16j), 'Fuu_py': np.complex128(2.664183945568057e-16+0.001891433068933133j)}, 'free': np.float64(-16546.530036495806)}]
------------------------------------------
  Seed: dd:px
  Seed uu: [0.+0.j 0.+0.j 0.+0.j 0.+0.j], Seed dd: [ 1.89515109e-03-3.87693932e-15j -1.89515109e-03+3.86674680e-15j
 -3.85905052e-15-1.88741083e-03j  3.84864912e-15+1.88741083e-03j]
F_onsite: (8.5385693837234e-21-3.1790543006664837e-22j)
F_swave: (-6.160338343659588e-21+2.0759815474615646e-22j), F_dwave: (-1.32559730245079e-21-7.72038767852507e-23j)
F_px: (-1.6363331731582407e-22-6.960657171898943e-21j), F_py: (-3.2044832459007006e-22+2.8780018772855492e-21j)
Free_energy = -16546.530031515733
------------------------------------------
[{'stable': {}, 'free': np.float64(-16546.502073209776)}, {'stable': {'Fuu_px': np.complex128(0.0018948916149935603-3.8608275117226384e-15j), 'Fuu_py': np.complex128(-3.8436974846655594e-15-0.0018876809263044091j)}, 'free': np.float64(-16546.530031485505)}, {'stable': {'Fuu_px': np.complex128(0.0016542625626872563-1.9411467948861092e-16j), 'Fuu_py': np.complex128(0.0016542625626872534-1.3613369267972286e-16j)}, 'free': np.float64(-16546.52346345481)}, {'stable': {'Fuu_px': np.complex128(0.0018914330689332646-2.6676452332104485e-16j), 'Fuu_py': np.complex128(2.664183945568057e-16+0.001891433068933133j)}, 'free': np.float64(-16546.530036495806)}, {'stable': {'Fdd_px': np.complex128(0.0018948422470807403-3.8753834486664035e-15j), 'Fdd_py': np.complex128(-3.859769415370285e-15-0.0018877322427243225j)}, 'free': np.float64(-16546.530031515733)}]
------------------------------------------
  Seed: dd:px+py
  Seed uu: [0.+0.j 0.+0.j 0.+0.j 0.+0.j], Seed dd: [ 0.00165428-1.70182088e-16j -0.00165428+1.64494129e-16j
  0.00165428-1.67248905e-16j -0.00165428+1.62370869e-16j]
F_onsite: (2.11697841582527e-20-1.1943981881013317e-34j)
F_swave: (-1.464450217042952e-20+9.4039548065783e-35j), F_dwave: (6.230037125464917e-22-4.2129717533470784e-35j)
F_px: (7.342607912976337e-34+4.554799586956457e-21j), F_py: (-5.4016316408985756e-34+5.243881252604784e-21j)
Free_energy = -16546.523463454807
------------------------------------------
[{'stable': {}, 'free': np.float64(-16546.502073209776)}, {'stable': {'Fuu_px': np.complex128(0.0018948916149935603-3.8608275117226384e-15j), 'Fuu_py': np.complex128(-3.8436974846655594e-15-0.0018876809263044091j)}, 'free': np.float64(-16546.530031485505)}, {'stable': {'Fuu_px': np.complex128(0.0016542625626872563-1.9411467948861092e-16j), 'Fuu_py': np.complex128(0.0016542625626872534-1.3613369267972286e-16j)}, 'free': np.float64(-16546.52346345481)}, {'stable': {'Fuu_px': np.complex128(0.0018914330689332646-2.6676452332104485e-16j), 'Fuu_py': np.complex128(2.664183945568057e-16+0.001891433068933133j)}, 'free': np.float64(-16546.530036495806)}, {'stable': {'Fdd_px': np.complex128(0.0018948422470807403-3.8753834486664035e-15j), 'Fdd_py': np.complex128(-3.859769415370285e-15-0.0018877322427243225j)}, 'free': np.float64(-16546.530031515733)}, {'stable': {'Fdd_px': np.complex128(0.0016542625626872554-1.693056734161286e-16j), 'Fdd_py': np.complex128(0.0016542625626872515-1.680329733256545e-16j)}, 'free': np.float64(-16546.523463454807)}]
------------------------------------------
  Seed: dd:px+ipy
  Seed uu: [0.+0.j 0.+0.j 0.+0.j 0.+0.j], Seed dd: [ 1.89145334e-03-2.66015038e-16j -1.89145334e-03+2.56003790e-16j
  2.66833590e-16+1.89145334e-03j -2.56370000e-16-1.89145334e-03j]
F_onsite: (-2.735806702424126e-20-7.977701902565453e-22j)
F_swave: (1.9228830684234027e-20+5.607348840115967e-22j), F_dwave: (8.258931429888698e-21+1.676016711625674e-22j)
F_px: (1.7468156569425975e-22+2.1835451374186076e-21j), F_py: (-3.1417886499342125e-22+4.363583090851555e-21j)
Free_energy = -16546.530036495802
------------------------------------------
[{'stable': {}, 'free': np.float64(-16546.502073209776)}, {'stable': {'Fuu_px': np.complex128(0.0018948916149935603-3.8608275117226384e-15j), 'Fuu_py': np.complex128(-3.8436974846655594e-15-0.0018876809263044091j)}, 'free': np.float64(-16546.530031485505)}, {'stable': {'Fuu_px': np.complex128(0.0016542625626872563-1.9411467948861092e-16j), 'Fuu_py': np.complex128(0.0016542625626872534-1.3613369267972286e-16j)}, 'free': np.float64(-16546.52346345481)}, {'stable': {'Fuu_px': np.complex128(0.0018914330689332646-2.6676452332104485e-16j), 'Fuu_py': np.complex128(2.664183945568057e-16+0.001891433068933133j)}, 'free': np.float64(-16546.530036495806)}, {'stable': {'Fdd_px': np.complex128(0.0018948422470807403-3.8753834486664035e-15j), 'Fdd_py': np.complex128(-3.859769415370285e-15-0.0018877322427243225j)}, 'free': np.float64(-16546.530031515733)}, {'stable': {'Fdd_px': np.complex128(0.0016542625626872554-1.693056734161286e-16j), 'Fdd_py': np.complex128(0.0016542625626872515-1.680329733256545e-16j)}, 'free': np.float64(-16546.523463454807)}, {'stable': {'Fdd_px': np.complex128(0.0018914330689332641-2.673226055367221e-16j), 'Fdd_py': np.complex128(2.667970315191182e-16+0.0018914330689331327j)}, 'free': np.float64(-16546.530036495802)}]
------------------------------------------
  Seed: uu+dd:px
  Seed uu: [ 1.89518273e-03-3.85422225e-15j -1.89518273e-03+3.84396899e-15j
 -3.85132681e-15-1.88737785e-03j  3.84093367e-15+1.88737785e-03j], Seed dd: [ 1.89521075e-03-3.92488267e-15j -1.89521075e-03+3.91475883e-15j
 -3.91030933e-15-1.88734863e-03j  3.89993340e-15+1.88734863e-03j]
F_onsite: (9.264022594272077e-20-3.9315364573334935e-20j)
F_swave: (-6.769307097873446e-20+3.096506041316063e-20j), F_dwave: (-9.763364885413798e-21-2.5882008370167076e-21j)
F_px: (5.891662704612774e-20-1.0880535617908006e-19j), F_py: (8.207622063958255e-20-4.08229942541935e-20j)
Free_energy = -16546.557989770095
------------------------------------------
[{'stable': {}, 'free': np.float64(-16546.502073209776)}, {'stable': {'Fuu_px': np.complex128(0.0018948916149935603-3.8608275117226384e-15j), 'Fuu_py': np.complex128(-3.8436974846655594e-15-0.0018876809263044091j)}, 'free': np.float64(-16546.530031485505)}, {'stable': {'Fuu_px': np.complex128(0.0016542625626872563-1.9411467948861092e-16j), 'Fuu_py': np.complex128(0.0016542625626872534-1.3613369267972286e-16j)}, 'free': np.float64(-16546.52346345481)}, {'stable': {'Fuu_px': np.complex128(0.0018914330689332646-2.6676452332104485e-16j), 'Fuu_py': np.complex128(2.664183945568057e-16+0.001891433068933133j)}, 'free': np.float64(-16546.530036495806)}, {'stable': {'Fdd_px': np.complex128(0.0018948422470807403-3.8753834486664035e-15j), 'Fdd_py': np.complex128(-3.859769415370285e-15-0.0018877322427243225j)}, 'free': np.float64(-16546.530031515733)}, {'stable': {'Fdd_px': np.complex128(0.0016542625626872554-1.693056734161286e-16j), 'Fdd_py': np.complex128(0.0016542625626872515-1.680329733256545e-16j)}, 'free': np.float64(-16546.523463454807)}, {'stable': {'Fdd_px': np.complex128(0.0018914330689332641-2.673226055367221e-16j), 'Fdd_py': np.complex128(2.667970315191182e-16+0.0018914330689331327j)}, 'free': np.float64(-16546.530036495802)}, {'stable': {'Fuu_px': np.complex128(0.0018948713480968617-3.851917257821838e-15j), 'Fuu_py': np.complex128(-3.851419539938542e-15-0.0018877019959416936j), 'Fdd_px': np.complex128(0.0018948971327904297-3.925237994761889e-15j), 'Fdd_py': np.complex128(-3.910902240062296e-15-0.0018876751892752683j)}, 'free': np.float64(-16546.557989770095)}]
------------------------------------------
  Seed: uu+dd:px+py
  Seed uu: [ 0.00165428-1.70571008e-16j -0.00165428+1.64749086e-16j
  0.00165428-1.62306045e-16j -0.00165428+1.56653145e-16j], Seed dd: [ 0.00165428-1.79943931e-16j -0.00165428+1.74293956e-16j
  0.00165428-1.51838597e-16j -0.00165428+1.46315015e-16j]
F_onsite: (-2.8947242666011044e-21-3.865908048776737e-20j)
F_swave: (1.9312398551740668e-21+2.7777241157240305e-20j), F_dwave: (-1.850916377176653e-25-1.4202935452264677e-20j)
F_px: (2.3194070588229216e-19+4.89641596888853e-21j), F_py: (2.102505824945811e-19-5.459431179489112e-21j)
Free_energy = -16546.544853699597
------------------------------------------
[{'stable': {}, 'free': np.float64(-16546.502073209776)}, {'stable': {'Fuu_px': np.complex128(0.0018948916149935603-3.8608275117226384e-15j), 'Fuu_py': np.complex128(-3.8436974846655594e-15-0.0018876809263044091j)}, 'free': np.float64(-16546.530031485505)}, {'stable': {'Fuu_px': np.complex128(0.0016542625626872563-1.9411467948861092e-16j), 'Fuu_py': np.complex128(0.0016542625626872534-1.3613369267972286e-16j)}, 'free': np.float64(-16546.52346345481)}, {'stable': {'Fuu_px': np.complex128(0.0018914330689332646-2.6676452332104485e-16j), 'Fuu_py': np.complex128(2.664183945568057e-16+0.001891433068933133j)}, 'free': np.float64(-16546.530036495806)}, {'stable': {'Fdd_px': np.complex128(0.0018948422470807403-3.8753834486664035e-15j), 'Fdd_py': np.complex128(-3.859769415370285e-15-0.0018877322427243225j)}, 'free': np.float64(-16546.530031515733)}, {'stable': {'Fdd_px': np.complex128(0.0016542625626872554-1.693056734161286e-16j), 'Fdd_py': np.complex128(0.0016542625626872515-1.680329733256545e-16j)}, 'free': np.float64(-16546.523463454807)}, {'stable': {'Fdd_px': np.complex128(0.0018914330689332641-2.673226055367221e-16j), 'Fdd_py': np.complex128(2.667970315191182e-16+0.0018914330689331327j)}, 'free': np.float64(-16546.530036495802)}, {'stable': {'Fuu_px': np.complex128(0.0018948713480968617-3.851917257821838e-15j), 'Fuu_py': np.complex128(-3.851419539938542e-15-0.0018877019959416936j), 'Fdd_px': np.complex128(0.0018948971327904297-3.925237994761889e-15j), 'Fdd_py': np.complex128(-3.910902240062296e-15-0.0018876751892752683j)}, 'free': np.float64(-16546.557989770095)}, {'stable': {'Fuu_px': np.complex128(0.0016542625626872576-1.6978059420174224e-16j), 'Fuu_py': np.complex128(0.0016542625626872502-1.618633706263114e-16j), 'Fdd_px': np.complex128(0.0016542625626872563-1.8004230571349949e-16j), 'Fdd_py': np.complex128(0.0016542625626872528-1.5070952166285856e-16j)}, 'free': np.float64(-16546.544853699597)}]
------------------------------------------
  Seed: uu+dd:px+ipy
  Seed uu: [ 1.89145334e-03-2.65761643e-16j -1.89145334e-03+2.55699719e-16j
  2.66401093e-16+1.89145334e-03j -2.55959943e-16-1.89145334e-03j], Seed dd: [ 1.89145334e-03-2.58670918e-16j -1.89145334e-03+2.48201929e-16j
  2.63499251e-16+1.89145334e-03j -2.53135578e-16-1.89145334e-03j]
F_onsite: (-1.2789701761417271e-19+4.407721151550244e-20j)
F_swave: (9.129647400769787e-20-3.176053004463113e-20j), F_dwave: (2.2151178463119282e-20+1.522547953522655e-21j)
F_px: (3.5519777606040705e-20+2.4959780657879842e-20j), F_py: (-8.112255381750832e-21+1.0297910999536499e-19j)
Free_energy = -16546.55799978164
------------------------------------------
[{'stable': {}, 'free': np.float64(-16546.502073209776)}, {'stable': {'Fuu_px': np.complex128(0.0018948916149935603-3.8608275117226384e-15j), 'Fuu_py': np.complex128(-3.8436974846655594e-15-0.0018876809263044091j)}, 'free': np.float64(-16546.530031485505)}, {'stable': {'Fuu_px': np.complex128(0.0016542625626872563-1.9411467948861092e-16j), 'Fuu_py': np.complex128(0.0016542625626872534-1.3613369267972286e-16j)}, 'free': np.float64(-16546.52346345481)}, {'stable': {'Fuu_px': np.complex128(0.0018914330689332646-2.6676452332104485e-16j), 'Fuu_py': np.complex128(2.664183945568057e-16+0.001891433068933133j)}, 'free': np.float64(-16546.530036495806)}, {'stable': {'Fdd_px': np.complex128(0.0018948422470807403-3.8753834486664035e-15j), 'Fdd_py': np.complex128(-3.859769415370285e-15-0.0018877322427243225j)}, 'free': np.float64(-16546.530031515733)}, {'stable': {'Fdd_px': np.complex128(0.0016542625626872554-1.693056734161286e-16j), 'Fdd_py': np.complex128(0.0016542625626872515-1.680329733256545e-16j)}, 'free': np.float64(-16546.523463454807)}, {'stable': {'Fdd_px': np.complex128(0.0018914330689332641-2.673226055367221e-16j), 'Fdd_py': np.complex128(2.667970315191182e-16+0.0018914330689331327j)}, 'free': np.float64(-16546.530036495802)}, {'stable': {'Fuu_px': np.complex128(0.0018948713480968617-3.851917257821838e-15j), 'Fuu_py': np.complex128(-3.851419539938542e-15-0.0018877019959416936j), 'Fdd_px': np.complex128(0.0018948971327904297-3.925237994761889e-15j), 'Fdd_py': np.complex128(-3.910902240062296e-15-0.0018876751892752683j)}, 'free': np.float64(-16546.557989770095)}, {'stable': {'Fuu_px': np.complex128(0.0016542625626872576-1.6978059420174224e-16j), 'Fuu_py': np.complex128(0.0016542625626872502-1.618633706263114e-16j), 'Fdd_px': np.complex128(0.0016542625626872563-1.8004230571349949e-16j), 'Fdd_py': np.complex128(0.0016542625626872528-1.5070952166285856e-16j)}, 'free': np.float64(-16546.544853699597)}, {'stable': {'Fuu_px': np.complex128(0.0018914330689332654-2.668782209506015e-16j), 'Fuu_py': np.complex128(2.6645161413020584e-16+0.0018914330689331336j), 'Fdd_px': np.complex128(0.0018914330689332626-2.606738932091434e-16j), 'Fdd_py': np.complex128(2.632481884632493e-16+0.0018914330689331327j)}, 'free': np.float64(-16546.55799978164)}]
------------------------------------------
====================================
mu=2.81, T=0.1917
====================================
  Seed: normal state
  Seed uu: [0.+0.j 0.+0.j 0.+0.j 0.+0.j], Seed dd: [0.+0.j 0.+0.j 0.+0.j 0.+0.j]
F_onsite: 0j
F_swave: 0j, F_dwave: 0j
F_px: 0j, F_py: 0j
Free_energy = -16551.933576347852
------------------------------------------
[{'stable': {}, 'free': np.float64(-16551.933576347852)}]
------------------------------------------
  Seed: uu:px
  Seed uu: [ 1.89489161e-03-3.86611258e-15j -1.89489161e-03+3.85554244e-15j
 -3.84890204e-15-1.88768093e-03j  3.83849293e-15+1.88768093e-03j], Seed dd: [0.+0.j 0.+0.j 0.+0.j 0.+0.j]
F_onsite: (9.216128064079803e-20-9.95802950362627e-20j)
F_swave: (-6.519542047684218e-20+7.63062689048613e-20j), F_dwave: (-2.36318741483914e-20-2.45324907401376e-20j)
F_px: (4.9395352148756455e-21+9.129368445240961e-20j), F_py: (-9.656569738284632e-20-1.3776716326536626e-20j)
Free_energy = -16551.96118992343
------------------------------------------
[{'stable': {}, 'free': np.float64(-16551.933576347852)}, {'stable': {'Fuu_px': np.complex128(0.0018946035638583718-3.8627253022758515e-15j), 'Fuu_py': np.complex128(-3.84959361814567e-15-0.0018879800160335044j)}, 'free': np.float64(-16551.96118992343)}]
------------------------------------------
  Seed: uu:px+py
  Seed uu: [ 0.00165426-1.96802811e-16j -0.00165426+1.91426548e-16j
  0.00165426-1.39017787e-16j -0.00165426+1.33249598e-16j], Seed dd: [0.+0.j 0.+0.j 0.+0.j 0.+0.j]
F_onsite: (-1.2178274744294668e-20-9.422454131378938e-20j)
F_swave: (8.195291424572088e-21+6.2208754692261e-20j), F_dwave: (7.824090399073146e-34+8.183148875513511e-21j)
F_px: (2.426344584321179e-19+2.86635836368959e-20j), F_py: (2.528131193362949e-19-2.866358363694555e-20j)
Free_energy = -16551.954702189
------------------------------------------
[{'stable': {}, 'free': np.float64(-16551.933576347852)}, {'stable': {'Fuu_px': np.complex128(0.0018946035638583718-3.8627253022758515e-15j), 'Fuu_py': np.complex128(-3.84959361814567e-15-0.0018879800160335044j)}, 'free': np.float64(-16551.96118992343)}, {'stable': {'Fuu_px': np.complex128(0.0016542442272000646-1.9767292593368332e-16j), 'Fuu_py': np.complex128(0.0016542442272000609-1.3831280405054275e-16j)}, 'free': np.float64(-16551.954702189)}]
------------------------------------------
  Seed: uu:px+ipy
  Seed uu: [ 1.89143307e-03-2.72179598e-16j -1.89143307e-03+2.61349448e-16j
  2.71704327e-16+1.89143307e-03j -2.61132462e-16-1.89143307e-03j], Seed dd: [0.+0.j 0.+0.j 0.+0.j 0.+0.j]
F_onsite: (1.0120882600160667e-19+2.2859423633724762e-20j)
F_swave: (-7.169635405522028e-20-1.5355884772947475e-20j), F_dwave: (-1.7607537875293025e-20+1.9260441205394695e-23j)
F_px: (1.0712536021835091e-19+4.315890621040672e-20j), F_py: (6.354028605761455e-20+7.500278088148705e-20j)
Free_energy = -16551.961194110503
------------------------------------------
[{'stable': {}, 'free': np.float64(-16551.933576347852)}, {'stable': {'Fuu_px': np.complex128(0.0018946035638583718-3.8627253022758515e-15j), 'Fuu_py': np.complex128(-3.84959361814567e-15-0.0018879800160335044j)}, 'free': np.float64(-16551.96118992343)}, {'stable': {'Fuu_px': np.complex128(0.0016542442272000646-1.9767292593368332e-16j), 'Fuu_py': np.complex128(0.0016542442272000609-1.3831280405054275e-16j)}, 'free': np.float64(-16551.954702189)}, {'stable': {'Fuu_px': np.complex128(0.0018914159839516565-2.710830083060576e-16j), 'Fuu_py': np.complex128(2.7163872478518296e-16+0.0018914159839515284j)}, 'free': np.float64(-16551.961194110503)}]
------------------------------------------
  Seed: dd:px
  Seed uu: [0.+0.j 0.+0.j 0.+0.j 0.+0.j], Seed dd: [ 1.89484225e-03-3.88070955e-15j -1.89484225e-03+3.87005735e-15j
 -3.86498531e-15-1.88773224e-03j  3.85455353e-15+1.88773224e-03j]
F_onsite: (3.1175724947902096e-20+1.3668750116451512e-22j)
F_swave: (-2.179769219281959e-20-8.122087666229708e-23j), F_dwave: (-6.116374357404548e-21+7.44104749395863e-24j)
F_px: (-5.179914085891129e-22+5.593604118263556e-22j), F_py: (2.9594155171855734e-22-6.4850832097584856e-21j)
Free_energy = -16551.96118994919
------------------------------------------
[{'stable': {}, 'free': np.float64(-16551.933576347852)}, {'stable': {'Fuu_px': np.complex128(0.0018946035638583718-3.8627253022758515e-15j), 'Fuu_py': np.complex128(-3.84959361814567e-15-0.0018879800160335044j)}, 'free': np.float64(-16551.96118992343)}, {'stable': {'Fuu_px': np.complex128(0.0016542442272000646-1.9767292593368332e-16j), 'Fuu_py': np.complex128(0.0016542442272000609-1.3831280405054275e-16j)}, 'free': np.float64(-16551.954702189)}, {'stable': {'Fuu_px': np.complex128(0.0018914159839516565-2.710830083060576e-16j), 'Fuu_py': np.complex128(2.7163872478518296e-16+0.0018914159839515284j)}, 'free': np.float64(-16551.961194110503)}, {'stable': {'Fdd_px': np.complex128(0.0018945581541641053-3.879853387112852e-15j), 'Fdd_py': np.complex128(-3.8655442775551506e-15-0.001888027092800073j)}, 'free': np.float64(-16551.96118994919)}]
------------------------------------------
  Seed: dd:px+py
  Seed uu: [0.+0.j 0.+0.j 0.+0.j 0.+0.j], Seed dd: [ 0.00165426-1.72148647e-16j -0.00165426+1.66462700e-16j
  0.00165426-1.71017090e-16j -0.00165426+1.65048856e-16j]
F_onsite: (1.6459777214409556e-20+1.4167585138138011e-33j)
F_swave: (-1.0991649500253482e-20-8.500234749666125e-34j), F_dwave: (6.075439541244872e-23+1.0353754242042708e-34j)
F_px: (-8.83219435433834e-34+2.377319488598165e-21j), F_py: (9.697358196543543e-34-1.2155915964382197e-21j)
Free_energy = -16551.954702189003
------------------------------------------
[{'stable': {}, 'free': np.float64(-16551.933576347852)}, {'stable': {'Fuu_px': np.complex128(0.0018946035638583718-3.8627253022758515e-15j), 'Fuu_py': np.complex128(-3.84959361814567e-15-0.0018879800160335044j)}, 'free': np.float64(-16551.96118992343)}, {'stable': {'Fuu_px': np.complex128(0.0016542442272000646-1.9767292593368332e-16j), 'Fuu_py': np.complex128(0.0016542442272000609-1.3831280405054275e-16j)}, 'free': np.float64(-16551.954702189)}, {'stable': {'Fuu_px': np.complex128(0.0018914159839516565-2.710830083060576e-16j), 'Fuu_py': np.complex128(2.7163872478518296e-16+0.0018914159839515284j)}, 'free': np.float64(-16551.961194110503)}, {'stable': {'Fdd_px': np.complex128(0.0018945581541641053-3.879853387112852e-15j), 'Fdd_py': np.complex128(-3.8655442775551506e-15-0.001888027092800073j)}, 'free': np.float64(-16551.96118994919)}, {'stable': {'Fdd_px': np.complex128(0.0016542442272000613-1.7137050151351817e-16j), 'Fdd_py': np.complex128(0.001654244227200059-1.7175980579701012e-16j)}, 'free': np.float64(-16551.954702189003)}]
------------------------------------------
  Seed: dd:px+ipy
  Seed uu: [0.+0.j 0.+0.j 0.+0.j 0.+0.j], Seed dd: [ 1.89143307e-03-2.72554649e-16j -1.89143307e-03+2.62090562e-16j
  2.71998717e-16+1.89143307e-03j -2.61595346e-16-1.89143307e-03j]
F_onsite: (1.7996630404985976e-20-1.5336882226653586e-22j)
F_swave: (-1.2497211312685165e-20+1.3935121487296543e-22j), F_dwave: (-3.8252382508369904e-22-1.3427182062622968e-22j)
F_px: (-1.756679165999588e-22-5.003327069466104e-21j), F_py: (8.005373750244822e-23+9.105842901863748e-21j)
Free_energy = -16551.9611941105
------------------------------------------
[{'stable': {}, 'free': np.float64(-16551.933576347852)}, {'stable': {'Fuu_px': np.complex128(0.0018946035638583718-3.8627253022758515e-15j), 'Fuu_py': np.complex128(-3.84959361814567e-15-0.0018879800160335044j)}, 'free': np.float64(-16551.96118992343)}, {'stable': {'Fuu_px': np.complex128(0.0016542442272000646-1.9767292593368332e-16j), 'Fuu_py': np.complex128(0.0016542442272000609-1.3831280405054275e-16j)}, 'free': np.float64(-16551.954702189)}, {'stable': {'Fuu_px': np.complex128(0.0018914159839516565-2.710830083060576e-16j), 'Fuu_py': np.complex128(2.7163872478518296e-16+0.0018914159839515284j)}, 'free': np.float64(-16551.961194110503)}, {'stable': {'Fdd_px': np.complex128(0.0018945581541641053-3.879853387112852e-15j), 'Fdd_py': np.complex128(-3.8655442775551506e-15-0.001888027092800073j)}, 'free': np.float64(-16551.96118994919)}, {'stable': {'Fdd_px': np.complex128(0.0016542442272000613-1.7137050151351817e-16j), 'Fdd_py': np.complex128(0.001654244227200059-1.7175980579701012e-16j)}, 'free': np.float64(-16551.954702189003)}, {'stable': {'Fdd_px': np.complex128(0.0018914159839516559-2.715627366653914e-16j), 'Fdd_py': np.complex128(2.71937876308074e-16+0.0018914159839515288j)}, 'free': np.float64(-16551.9611941105)}]
------------------------------------------
  Seed: uu+dd:px
  Seed uu: [ 1.89487135e-03-3.85700066e-15j -1.89487135e-03+3.84683385e-15j
 -3.85661027e-15-1.88770200e-03j  3.84622881e-15+1.88770200e-03j], Seed dd: [ 1.89489713e-03-3.93011027e-15j -1.89489713e-03+3.92036572e-15j
 -3.91610037e-15-1.88767519e-03j  3.90570411e-15+1.88767519e-03j]
F_onsite: (-4.572414804493017e-20+2.922675152254211e-20j)
F_swave: (3.149897753413677e-20-1.7755484609627216e-20j), F_dwave: (-2.23414352915643e-21+3.550617050721945e-21j)
F_px: (-6.378960960105973e-20+1.3146673145135323e-20j), F_py: (-3.4241951161212903e-20+5.486232078630191e-20j)
Free_energy = -16551.988803506818
------------------------------------------
[{'stable': {}, 'free': np.float64(-16551.933576347852)}, {'stable': {'Fuu_px': np.complex128(0.0018946035638583718-3.8627253022758515e-15j), 'Fuu_py': np.complex128(-3.84959361814567e-15-0.0018879800160335044j)}, 'free': np.float64(-16551.96118992343)}, {'stable': {'Fuu_px': np.complex128(0.0016542442272000646-1.9767292593368332e-16j), 'Fuu_py': np.complex128(0.0016542442272000609-1.3831280405054275e-16j)}, 'free': np.float64(-16551.954702189)}, {'stable': {'Fuu_px': np.complex128(0.0018914159839516565-2.710830083060576e-16j), 'Fuu_py': np.complex128(2.7163872478518296e-16+0.0018914159839515284j)}, 'free': np.float64(-16551.961194110503)}, {'stable': {'Fdd_px': np.complex128(0.0018945581541641053-3.879853387112852e-15j), 'Fdd_py': np.complex128(-3.8655442775551506e-15-0.001888027092800073j)}, 'free': np.float64(-16551.96118994919)}, {'stable': {'Fdd_px': np.complex128(0.0016542442272000613-1.7137050151351817e-16j), 'Fdd_py': np.complex128(0.001654244227200059-1.7175980579701012e-16j)}, 'free': np.float64(-16551.954702189003)}, {'stable': {'Fdd_px': np.complex128(0.0018914159839516559-2.715627366653914e-16j), 'Fdd_py': np.complex128(2.71937876308074e-16+0.0018914159839515288j)}, 'free': np.float64(-16551.9611941105)}, {'stable': {'Fuu_px': np.complex128(0.0018945849218333472-3.857788903447094e-15j), 'Fuu_py': np.complex128(-3.856644323707337e-15-0.001887999344861258j), 'Fdd_px': np.complex128(0.0018946086392940755-3.9319748679991535e-15j), 'Fdd_py': np.complex128(-3.916731802046708e-15-0.001887974753027057j)}, 'free': np.float64(-16551.988803506818)}]
------------------------------------------
  Seed: uu+dd:px+py
  Seed uu: [ 0.00165426-1.72902718e-16j -0.00165426+1.66658470e-16j
  0.00165426-1.64507113e-16j -0.00165426+1.59219629e-16j], Seed dd: [ 0.00165426-1.82869093e-16j -0.00165426+1.77215519e-16j
  0.00165426-1.53593398e-16j -0.00165426+1.47825646e-16j]
F_onsite: (8.937379353671036e-21-3.0939578606574534e-20j)
F_swave: (-5.8805348150996435e-21+2.0591103868194708e-20j), F_dwave: (-7.746258422641662e-23+1.9134139406262666e-20j)
F_px: (2.1161108473264967e-19-2.7308281842788525e-21j), F_py: (2.904769724545648e-19+2.169527046771013e-21j)
Free_energy = -16551.975828030234
------------------------------------------
[{'stable': {}, 'free': np.float64(-16551.933576347852)}, {'stable': {'Fuu_px': np.complex128(0.0018946035638583718-3.8627253022758515e-15j), 'Fuu_py': np.complex128(-3.84959361814567e-15-0.0018879800160335044j)}, 'free': np.float64(-16551.96118992343)}, {'stable': {'Fuu_px': np.complex128(0.0016542442272000646-1.9767292593368332e-16j), 'Fuu_py': np.complex128(0.0016542442272000609-1.3831280405054275e-16j)}, 'free': np.float64(-16551.954702189)}, {'stable': {'Fuu_px': np.complex128(0.0018914159839516565-2.710830083060576e-16j), 'Fuu_py': np.complex128(2.7163872478518296e-16+0.0018914159839515284j)}, 'free': np.float64(-16551.961194110503)}, {'stable': {'Fdd_px': np.complex128(0.0018945581541641053-3.879853387112852e-15j), 'Fdd_py': np.complex128(-3.8655442775551506e-15-0.001888027092800073j)}, 'free': np.float64(-16551.96118994919)}, {'stable': {'Fdd_px': np.complex128(0.0016542442272000613-1.7137050151351817e-16j), 'Fdd_py': np.complex128(0.001654244227200059-1.7175980579701012e-16j)}, 'free': np.float64(-16551.954702189003)}, {'stable': {'Fdd_px': np.complex128(0.0018914159839516559-2.715627366653914e-16j), 'Fdd_py': np.complex128(2.71937876308074e-16+0.0018914159839515288j)}, 'free': np.float64(-16551.9611941105)}, {'stable': {'Fuu_px': np.complex128(0.0018945849218333472-3.857788903447094e-15j), 'Fuu_py': np.complex128(-3.856644323707337e-15-0.001887999344861258j), 'Fdd_px': np.complex128(0.0018946086392940755-3.9319748679991535e-15j), 'Fdd_py': np.complex128(-3.916731802046708e-15-0.001887974753027057j)}, 'free': np.float64(-16551.988803506818)}, {'stable': {'Fuu_px': np.complex128(0.0016542442272000635-1.7247355016908008e-16j), 'Fuu_py': np.complex128(0.0016542442272000574-1.6504818142076307e-16j), 'Fdd_px': np.complex128(0.001654244227200064-1.8303258348021338e-16j), 'Fdd_py': np.complex128(0.00165424422720006-1.5376465038959662e-16j)}, 'free': np.float64(-16551.975828030234)}]
------------------------------------------
  Seed: uu+dd:px+ipy
  Seed uu: [ 1.89143307e-03-2.72228071e-16j -1.89143307e-03+2.61528371e-16j
  2.71594305e-16+1.89143307e-03j -2.61308923e-16-1.89143307e-03j], Seed dd: [ 1.89143307e-03-2.65726015e-16j -1.89143307e-03+2.55621772e-16j
  2.68472671e-16+1.89143307e-03j -2.58023706e-16-1.89143307e-03j]
F_onsite: (6.533908698975572e-21-6.226031284094322e-20j)
F_swave: (-1.3175690042767984e-21+4.515298037468139e-20j), F_dwave: (-8.325958376806687e-21-8.355363268138919e-21j)
F_px: (6.37964643256588e-20+2.3688269678407287e-20j), F_py: (7.542498371032568e-20-6.32309279137463e-20j)
Free_energy = -16551.98881187287
------------------------------------------
[{'stable': {}, 'free': np.float64(-16551.933576347852)}, {'stable': {'Fuu_px': np.complex128(0.0018946035638583718-3.8627253022758515e-15j), 'Fuu_py': np.complex128(-3.84959361814567e-15-0.0018879800160335044j)}, 'free': np.float64(-16551.96118992343)}, {'stable': {'Fuu_px': np.complex128(0.0016542442272000646-1.9767292593368332e-16j), 'Fuu_py': np.complex128(0.0016542442272000609-1.3831280405054275e-16j)}, 'free': np.float64(-16551.954702189)}, {'stable': {'Fuu_px': np.complex128(0.0018914159839516565-2.710830083060576e-16j), 'Fuu_py': np.complex128(2.7163872478518296e-16+0.0018914159839515284j)}, 'free': np.float64(-16551.961194110503)}, {'stable': {'Fdd_px': np.complex128(0.0018945581541641053-3.879853387112852e-15j), 'Fdd_py': np.complex128(-3.8655442775551506e-15-0.001888027092800073j)}, 'free': np.float64(-16551.96118994919)}, {'stable': {'Fdd_px': np.complex128(0.0016542442272000613-1.7137050151351817e-16j), 'Fdd_py': np.complex128(0.001654244227200059-1.7175980579701012e-16j)}, 'free': np.float64(-16551.954702189003)}, {'stable': {'Fdd_px': np.complex128(0.0018914159839516559-2.715627366653914e-16j), 'Fdd_py': np.complex128(2.71937876308074e-16+0.0018914159839515288j)}, 'free': np.float64(-16551.9611941105)}, {'stable': {'Fuu_px': np.complex128(0.0018945849218333472-3.857788903447094e-15j), 'Fuu_py': np.complex128(-3.856644323707337e-15-0.001887999344861258j), 'Fdd_px': np.complex128(0.0018946086392940755-3.9319748679991535e-15j), 'Fdd_py': np.complex128(-3.916731802046708e-15-0.001887974753027057j)}, 'free': np.float64(-16551.988803506818)}, {'stable': {'Fuu_px': np.complex128(0.0016542442272000635-1.7247355016908008e-16j), 'Fuu_py': np.complex128(0.0016542442272000574-1.6504818142076307e-16j), 'Fdd_px': np.complex128(0.001654244227200064-1.8303258348021338e-16j), 'Fdd_py': np.complex128(0.00165424422720006-1.5376465038959662e-16j)}, 'free': np.float64(-16551.975828030234)}, {'stable': {'Fuu_px': np.complex128(0.0018914159839516572-2.710990953146105e-16j), 'Fuu_py': np.complex128(2.7163063165006975e-16+0.0018914159839515294j), 'Fdd_px': np.complex128(0.0018914159839516543-2.6523093708281643e-16j), 'Fdd_py': np.complex128(2.682703957000303e-16+0.0018914159839515292j)}, 'free': np.float64(-16551.98881187287)}]
------------------------------------------
====================================
mu=2.81, T=0.2000
====================================
  Seed: normal state
  Seed uu: [0.+0.j 0.+0.j 0.+0.j 0.+0.j], Seed dd: [0.+0.j 0.+0.j 0.+0.j 0.+0.j]
F_onsite: 0j
F_swave: 0j, F_dwave: 0j
F_px: 0j, F_py: 0j
Free_energy = -16557.602809532313
------------------------------------------
[{'stable': {}, 'free': np.float64(-16557.602809532313)}]
------------------------------------------
  Seed: uu:px
  Seed uu: [ 1.89460356e-03-3.86818494e-15j -1.89460356e-03+3.85726567e-15j
 -3.85479610e-15-1.88798002e-03j  3.84439114e-15+1.88798002e-03j], Seed dd: [0.+0.j 0.+0.j 0.+0.j 0.+0.j]
F_onsite: (-6.286386261697657e-20+3.0888565909473246e-20j)
F_swave: (4.437697191706449e-20-2.0842682151217737e-20j), F_dwave: (-5.74728835019803e-21+1.0770745731487624e-20j)
F_px: (1.4579693903814873e-21-1.8844598340412522e-20j), F_py: (2.6902805592148836e-20-1.603999186280297e-19j)
Free_energy = -16557.63009320343
------------------------------------------
[{'stable': {}, 'free': np.float64(-16557.602809532313)}, {'stable': {'Fuu_px': np.complex128(0.0018943386182386974-3.867043419992672e-15j), 'Fuu_py': np.complex128(-3.8552904970511065e-15-0.0018882544050974693j)}, 'free': np.float64(-16557.63009320343)}]
------------------------------------------
  Seed: uu:px+py
  Seed uu: [ 0.00165424-2.00066998e-16j -0.00165424+1.95278853e-16j
  0.00165424-1.41396269e-16j -0.00165424+1.35229339e-16j], Seed dd: [0.+0.j 0.+0.j 0.+0.j 0.+0.j]
F_onsite: (-2.7843500920157527e-21-1.6243932033742976e-20j)
F_swave: (1.792588412986623e-21+8.992827934711949e-21j), F_dwave: (-7.462978534500539e-34-3.441559658177545e-21j)
F_px: (2.576178535529148e-19-5.619612036526579e-21j), F_py: (2.471209370526e-19+5.619612036473934e-21j)
Free_energy = -16557.62368241051
------------------------------------------
[{'stable': {}, 'free': np.float64(-16557.602809532313)}, {'stable': {'Fuu_px': np.complex128(0.0018943386182386974-3.867043419992672e-15j), 'Fuu_py': np.complex128(-3.8552904970511065e-15-0.0018882544050974693j)}, 'free': np.float64(-16557.63009320343)}, {'stable': {'Fuu_px': np.complex128(0.0016542287895771027-2.0002264826892596e-16j), 'Fuu_py': np.complex128(0.0016542287895770992-1.3831311507045307e-16j)}, 'free': np.float64(-16557.62368241051)}]
------------------------------------------
  Seed: uu:px+ipy
  Seed uu: [ 1.89141598e-03-2.76259352e-16j -1.89141598e-03+2.65906664e-16j
  2.76858780e-16+1.89141598e-03j -2.66418669e-16-1.89141598e-03j], Seed dd: [0.+0.j 0.+0.j 0.+0.j 0.+0.j]
F_onsite: (-1.5919255211512728e-20+6.163149887364791e-20j)
F_swave: (1.3927332161736735e-20-4.023862939653985e-20j), F_dwave: (7.859606751540434e-21+2.149740784232545e-20j)
F_px: (5.555201606459828e-20-3.909980072203504e-20j), F_py: (-3.14095705722018e-20+1.4574829476951187e-20j)
Free_energy = -16557.630096703484
------------------------------------------
[{'stable': {}, 'free': np.float64(-16557.602809532313)}, {'stable': {'Fuu_px': np.complex128(0.0018943386182386974-3.867043419992672e-15j), 'Fuu_py': np.complex128(-3.8552904970511065e-15-0.0018882544050974693j)}, 'free': np.float64(-16557.63009320343)}, {'stable': {'Fuu_px': np.complex128(0.0016542287895771027-2.0002264826892596e-16j), 'Fuu_py': np.complex128(0.0016542287895770992-1.3831311507045307e-16j)}, 'free': np.float64(-16557.62368241051)}, {'stable': {'Fuu_px': np.complex128(0.0018914015811054945-2.7758819817991346e-16j), 'Fuu_py': np.complex128(2.76730941280288e-16+0.0018914015811053635j)}, 'free': np.float64(-16557.630096703484)}]
------------------------------------------
  Seed: dd:px
  Seed uu: [0.+0.j 0.+0.j 0.+0.j 0.+0.j], Seed dd: [ 1.89455815e-03-3.88487203e-15j -1.89455815e-03+3.87483474e-15j
 -3.87071103e-15-1.88802709e-03j  3.86037753e-15+1.88802709e-03j]
F_onsite: (-2.147452440363306e-21-3.995309465580123e-23j)
F_swave: (1.4058283418621963e-21+2.6252477951594763e-23j), F_dwave: (1.8620320226364567e-21-1.2704752705890638e-23j)
F_px: (3.055900504026042e-22-1.0456360345262509e-20j), F_py: (-1.2724167929285773e-22-3.793832373814093e-21j)
Free_energy = -16557.63009322515
------------------------------------------
[{'stable': {}, 'free': np.float64(-16557.602809532313)}, {'stable': {'Fuu_px': np.complex128(0.0018943386182386974-3.867043419992672e-15j), 'Fuu_py': np.complex128(-3.8552904970511065e-15-0.0018882544050974693j)}, 'free': np.float64(-16557.63009320343)}, {'stable': {'Fuu_px': np.complex128(0.0016542287895771027-2.0002264826892596e-16j), 'Fuu_py': np.complex128(0.0016542287895770992-1.3831311507045307e-16j)}, 'free': np.float64(-16557.62368241051)}, {'stable': {'Fuu_px': np.complex128(0.0018914015811054945-2.7758819817991346e-16j), 'Fuu_py': np.complex128(2.76730941280288e-16+0.0018914015811053635j)}, 'free': np.float64(-16557.630096703484)}, {'stable': {'Fdd_px': np.complex128(0.0018942968532530983-3.884636310850756e-15j), 'Fdd_py': np.complex128(-3.871219123677791e-15-0.0018882975960811763j)}, 'free': np.float64(-16557.63009322515)}]
------------------------------------------
  Seed: dd:px+py
  Seed uu: [0.+0.j 0.+0.j 0.+0.j 0.+0.j], Seed dd: [ 0.00165424-1.74214719e-16j -0.00165424+1.68526284e-16j
  0.00165424-1.74712417e-16j -0.00165424+1.68807195e-16j]
F_onsite: (1.0113698721002632e-20-4.813150580138195e-34j)
F_swave: (-7.096138155857736e-21+2.633107345841924e-34j), F_dwave: (-4.863076732120985e-22-8.125016952883651e-35j)
F_px: (6.793416952272164e-34-1.680312791100336e-20j), F_py: (-1.798036159017771e-34-1.359250710828703e-20j)
Free_energy = -16557.62368241051
------------------------------------------
[{'stable': {}, 'free': np.float64(-16557.602809532313)}, {'stable': {'Fuu_px': np.complex128(0.0018943386182386974-3.867043419992672e-15j), 'Fuu_py': np.complex128(-3.8552904970511065e-15-0.0018882544050974693j)}, 'free': np.float64(-16557.63009320343)}, {'stable': {'Fuu_px': np.complex128(0.0016542287895771027-2.0002264826892596e-16j), 'Fuu_py': np.complex128(0.0016542287895770992-1.3831311507045307e-16j)}, 'free': np.float64(-16557.62368241051)}, {'stable': {'Fuu_px': np.complex128(0.0018914015811054945-2.7758819817991346e-16j), 'Fuu_py': np.complex128(2.76730941280288e-16+0.0018914015811053635j)}, 'free': np.float64(-16557.630096703484)}, {'stable': {'Fdd_px': np.complex128(0.0018942968532530983-3.884636310850756e-15j), 'Fdd_py': np.complex128(-3.871219123677791e-15-0.0018882975960811763j)}, 'free': np.float64(-16557.63009322515)}, {'stable': {'Fdd_px': np.complex128(0.0016542287895771-1.7314970083667073e-16j), 'Fdd_py': np.complex128(0.0016542287895770984-1.7293427653538232e-16j)}, 'free': np.float64(-16557.62368241051)}]
------------------------------------------
  Seed: dd:px+ipy
  Seed uu: [0.+0.j 0.+0.j 0.+0.j 0.+0.j], Seed dd: [ 1.89141598e-03-2.76760088e-16j -1.89141598e-03+2.66365386e-16j
  2.77152013e-16+1.89141598e-03j -2.66723740e-16-1.89141598e-03j]
F_onsite: (-6.563436839887136e-21-5.889532250765873e-22j)
F_swave: (4.719891429813387e-21+4.180620652389068e-22j), F_dwave: (-8.3749990987051475e-22-1.3602228860618096e-22j)
F_px: (-4.154741839746316e-22+1.2457462845855855e-21j), F_py: (-4.706422661646397e-22-4.176777840641221e-22j)
Free_energy = -16557.63009670348
------------------------------------------
[{'stable': {}, 'free': np.float64(-16557.602809532313)}, {'stable': {'Fuu_px': np.complex128(0.0018943386182386974-3.867043419992672e-15j), 'Fuu_py': np.complex128(-3.8552904970511065e-15-0.0018882544050974693j)}, 'free': np.float64(-16557.63009320343)}, {'stable': {'Fuu_px': np.complex128(0.0016542287895771027-2.0002264826892596e-16j), 'Fuu_py': np.complex128(0.0016542287895770992-1.3831311507045307e-16j)}, 'free': np.float64(-16557.62368241051)}, {'stable': {'Fuu_px': np.complex128(0.0018914015811054945-2.7758819817991346e-16j), 'Fuu_py': np.complex128(2.76730941280288e-16+0.0018914015811053635j)}, 'free': np.float64(-16557.630096703484)}, {'stable': {'Fdd_px': np.complex128(0.0018942968532530983-3.884636310850756e-15j), 'Fdd_py': np.complex128(-3.871219123677791e-15-0.0018882975960811763j)}, 'free': np.float64(-16557.63009322515)}, {'stable': {'Fdd_px': np.complex128(0.0016542287895771-1.7314970083667073e-16j), 'Fdd_py': np.complex128(0.0016542287895770984-1.7293427653538232e-16j)}, 'free': np.float64(-16557.62368241051)}, {'stable': {'Fdd_px': np.complex128(0.0018914015811054934-2.7798724334229885e-16j), 'Fdd_py': np.complex128(2.7706386493322835e-16+0.0018914015811053644j)}, 'free': np.float64(-16557.63009670348)}]
------------------------------------------
  Seed: uu+dd:px
  Seed uu: [ 1.89458492e-03-3.86294290e-15j -1.89458492e-03+3.85263491e-15j
 -3.86182233e-15-1.88799934e-03j  3.85146632e-15+1.88799934e-03j], Seed dd: [ 1.89460864e-03-3.93726087e-15j -1.89460864e-03+3.92668887e-15j
 -3.92197241e-15-1.88797475e-03j  3.91149119e-15+1.88797475e-03j]
F_onsite: (8.514157677434062e-20-1.8621135812221217e-21j)
F_swave: (-6.052947842644613e-20-1.0728526768230975e-21j), F_dwave: (1.4690940413716706e-21+1.997936654105881e-20j)
F_px: (-4.363162440049338e-20+9.698209042246118e-21j), F_py: (8.371988048669768e-21-1.4211067789719938e-19j)
Free_energy = -16557.65737688115
------------------------------------------
[{'stable': {}, 'free': np.float64(-16557.602809532313)}, {'stable': {'Fuu_px': np.complex128(0.0018943386182386974-3.867043419992672e-15j), 'Fuu_py': np.complex128(-3.8552904970511065e-15-0.0018882544050974693j)}, 'free': np.float64(-16557.63009320343)}, {'stable': {'Fuu_px': np.complex128(0.0016542287895771027-2.0002264826892596e-16j), 'Fuu_py': np.complex128(0.0016542287895770992-1.3831311507045307e-16j)}, 'free': np.float64(-16557.62368241051)}, {'stable': {'Fuu_px': np.complex128(0.0018914015811054945-2.7758819817991346e-16j), 'Fuu_py': np.complex128(2.76730941280288e-16+0.0018914015811053635j)}, 'free': np.float64(-16557.630096703484)}, {'stable': {'Fdd_px': np.complex128(0.0018942968532530983-3.884636310850756e-15j), 'Fdd_py': np.complex128(-3.871219123677791e-15-0.0018882975960811763j)}, 'free': np.float64(-16557.63009322515)}, {'stable': {'Fdd_px': np.complex128(0.0016542287895771-1.7314970083667073e-16j), 'Fdd_py': np.complex128(0.0016542287895770984-1.7293427653538232e-16j)}, 'free': np.float64(-16557.62368241051)}, {'stable': {'Fdd_px': np.complex128(0.0018914015811054934-2.7798724334229885e-16j), 'Fdd_py': np.complex128(2.7706386493322835e-16+0.0018914015811053644j)}, 'free': np.float64(-16557.63009670348)}, {'stable': {'Fuu_px': np.complex128(0.0018943214724000221-3.8614070377685155e-15j), 'Fuu_py': np.complex128(-3.861880575508145e-15-0.0018882721384265054j), 'Fdd_px': np.complex128(0.0018943432863440459-3.934312351370053e-15j), 'Fdd_py': np.complex128(-3.922518913122084e-15-0.0018882495765429159j)}, 'free': np.float64(-16557.65737688115)}]
------------------------------------------
  Seed: uu+dd:px+py
  Seed uu: [ 0.00165424-1.75354905e-16j -0.00165424+1.69592196e-16j
  0.00165424-1.67968632e-16j -0.00165424+1.62127731e-16j], Seed dd: [ 0.00165424-1.85686907e-16j -0.00165424+1.80378260e-16j
  0.00165424-1.56749244e-16j -0.00165424+1.50780057e-16j]
F_onsite: (9.929557899153425e-22-4.72233917569561e-20j)
F_swave: (-7.962431335777638e-22+3.1493428201803544e-20j), F_dwave: (1.3153497646747059e-22-1.668143905253447e-20j)
F_px: (2.971373044167752e-19+1.1622680545909325e-20j), F_py: (2.6084684057934153e-19-9.211111234056782e-21j)
Free_energy = -16557.644555288723
------------------------------------------
[{'stable': {}, 'free': np.float64(-16557.602809532313)}, {'stable': {'Fuu_px': np.complex128(0.0018943386182386974-3.867043419992672e-15j), 'Fuu_py': np.complex128(-3.8552904970511065e-15-0.0018882544050974693j)}, 'free': np.float64(-16557.63009320343)}, {'stable': {'Fuu_px': np.complex128(0.0016542287895771027-2.0002264826892596e-16j), 'Fuu_py': np.complex128(0.0016542287895770992-1.3831311507045307e-16j)}, 'free': np.float64(-16557.62368241051)}, {'stable': {'Fuu_px': np.complex128(0.0018914015811054945-2.7758819817991346e-16j), 'Fuu_py': np.complex128(2.76730941280288e-16+0.0018914015811053635j)}, 'free': np.float64(-16557.630096703484)}, {'stable': {'Fdd_px': np.complex128(0.0018942968532530983-3.884636310850756e-15j), 'Fdd_py': np.complex128(-3.871219123677791e-15-0.0018882975960811763j)}, 'free': np.float64(-16557.63009322515)}, {'stable': {'Fdd_px': np.complex128(0.0016542287895771-1.7314970083667073e-16j), 'Fdd_py': np.complex128(0.0016542287895770984-1.7293427653538232e-16j)}, 'free': np.float64(-16557.62368241051)}, {'stable': {'Fdd_px': np.complex128(0.0018914015811054934-2.7798724334229885e-16j), 'Fdd_py': np.complex128(2.7706386493322835e-16+0.0018914015811053644j)}, 'free': np.float64(-16557.63009670348)}, {'stable': {'Fuu_px': np.complex128(0.0018943214724000221-3.8614070377685155e-15j), 'Fuu_py': np.complex128(-3.861880575508145e-15-0.0018882721384265054j), 'Fdd_px': np.complex128(0.0018943432863440459-3.934312351370053e-15j), 'Fdd_py': np.complex128(-3.922518913122084e-15-0.0018882495765429159j)}, 'free': np.float64(-16557.65737688115)}, {'stable': {'Fuu_px': np.complex128(0.0016542287895771025-1.7479275946588686e-16j), 'Fuu_py': np.complex128(0.001654228789577097-1.661688655669846e-16j), 'Fdd_px': np.complex128(0.0016542287895771018-1.8586973357193146e-16j), 'Fdd_py': np.complex128(0.0016542287895770988-1.5458909137996087e-16j)}, 'free': np.float64(-16557.644555288723)}]
------------------------------------------
  Seed: uu+dd:px+ipy
  Seed uu: [ 1.89141598e-03-2.76441696e-16j -1.89141598e-03+2.65756495e-16j
  2.76750453e-16+1.89141598e-03j -2.66510810e-16-1.89141598e-03j], Seed dd: [ 1.89141598e-03-2.69949976e-16j -1.89141598e-03+2.60511898e-16j
  2.73525137e-16+1.89141598e-03j -2.63015655e-16-1.89141598e-03j]
F_onsite: (-1.5086795984791688e-20+5.665260815127773e-20j)
F_swave: (9.196534366468475e-21-3.922480679803416e-20j), F_dwave: (1.8662835081751468e-20+1.704855679728909e-21j)
F_px: (4.518757851990957e-20+4.4637970246041413e-20j), F_py: (1.8181068606977474e-20+2.470522624084587e-20j)
Free_energy = -16557.657383874855
------------------------------------------
[{'stable': {}, 'free': np.float64(-16557.602809532313)}, {'stable': {'Fuu_px': np.complex128(0.0018943386182386974-3.867043419992672e-15j), 'Fuu_py': np.complex128(-3.8552904970511065e-15-0.0018882544050974693j)}, 'free': np.float64(-16557.63009320343)}, {'stable': {'Fuu_px': np.complex128(0.0016542287895771027-2.0002264826892596e-16j), 'Fuu_py': np.complex128(0.0016542287895770992-1.3831311507045307e-16j)}, 'free': np.float64(-16557.62368241051)}, {'stable': {'Fuu_px': np.complex128(0.0018914015811054945-2.7758819817991346e-16j), 'Fuu_py': np.complex128(2.76730941280288e-16+0.0018914015811053635j)}, 'free': np.float64(-16557.630096703484)}, {'stable': {'Fdd_px': np.complex128(0.0018942968532530983-3.884636310850756e-15j), 'Fdd_py': np.complex128(-3.871219123677791e-15-0.0018882975960811763j)}, 'free': np.float64(-16557.63009322515)}, {'stable': {'Fdd_px': np.complex128(0.0016542287895771-1.7314970083667073e-16j), 'Fdd_py': np.complex128(0.0016542287895770984-1.7293427653538232e-16j)}, 'free': np.float64(-16557.62368241051)}, {'stable': {'Fdd_px': np.complex128(0.0018914015811054934-2.7798724334229885e-16j), 'Fdd_py': np.complex128(2.7706386493322835e-16+0.0018914015811053644j)}, 'free': np.float64(-16557.63009670348)}, {'stable': {'Fuu_px': np.complex128(0.0018943214724000221-3.8614070377685155e-15j), 'Fuu_py': np.complex128(-3.861880575508145e-15-0.0018882721384265054j), 'Fdd_px': np.complex128(0.0018943432863440459-3.934312351370053e-15j), 'Fdd_py': np.complex128(-3.922518913122084e-15-0.0018882495765429159j)}, 'free': np.float64(-16557.65737688115)}, {'stable': {'Fuu_px': np.complex128(0.0016542287895771025-1.7479275946588686e-16j), 'Fuu_py': np.complex128(0.001654228789577097-1.661688655669846e-16j), 'Fdd_px': np.complex128(0.0016542287895771018-1.8586973357193146e-16j), 'Fdd_py': np.complex128(0.0016542287895770988-1.5458909137996087e-16j)}, 'free': np.float64(-16557.644555288723)}, {'stable': {'Fuu_px': np.complex128(0.0018914015811054943-2.774244263447953e-16j), 'Fuu_py': np.complex128(2.7671648547190303e-16+0.0018914015811053644j), 'Fdd_px': np.complex128(0.0018914015811054912-2.7024568645919466e-16j), 'Fdd_py': np.complex128(2.7331008953496066e-16+0.0018914015811053648j)}, 'free': np.float64(-16557.657383874855)}]
------------------------------------------
