/home/emilssp/D1/venv/bin/python
Python 3.10.12
Running job 25 out of 50
====================================
mu=0.08, T=0.0010
====================================
  Seed: normal state
  Seed uu: [0.+0.j 0.+0.j 0.+0.j 0.+0.j], Seed dd: [0.+0.j 0.+0.j 0.+0.j 0.+0.j]
F_onsite: 0j
F_swave: 0j, F_dwave: 0j
F_px: 0j, F_py: 0j
Free_energy = -9130.470836102872
------------------------------------------
[{'stable': {}, 'free': np.float64(-9130.470836102872)}]
------------------------------------------
  Seed: uu:px
  Seed uu: [ 0.1+0.j -0.1+0.j  0. +0.j  0. +0.j], Seed dd: [0.+0.j 0.+0.j 0.+0.j 0.+0.j]
F_onsite: (1.2941101185162507e-36-8.793826217927876e-33j)
F_swave: (-2.256949153578792e-36+1.8118482173708996e-34j), F_dwave: (-3.76158192263132e-36-8.649111115935911e-34j)
F_px: (4.6991725442041326e-20+1.0182132066822654e-34j), F_py: (-4.81482486096809e-35-1.4082422322851004e-34j)
Free_energy = -9179.877510663939
------------------------------------------
[{'stable': {'Fuu_px': np.complex128(0.07082225679984136+1.4919797151614856e-16j)}, 'free': np.float64(-9179.877510663939)}]
------------------------------------------
  Seed: uu:px+py
  Seed uu: [ 0.1+0.j -0.1+0.j  0.1+0.j -0.1+0.j], Seed dd: [0.+0.j 0.+0.j 0.+0.j 0.+0.j]
F_onsite: (-2.4790859225732513e-21+2.767282716238771e-20j)
F_swave: (5.2189716157781843e-23-5.664552392744333e-22j), F_dwave: (-2.7111764975910988e-21-4.076867843272447e-21j)
F_px: (-5.651873078591072e-20+3.587662920534305e-20j), F_py: (-6.296781322811574e-20-2.153924932052423e-20j)
Free_energy = -9181.461193758583
------------------------------------------
[{'stable': {'Fuu_px': np.complex128(0.03171140638688315-0.03973502362379668j), 'Fuu_py': np.complex128(0.03983932689680565+0.03179464789969039j)}, 'free': np.float64(-9181.461193758583)}]
------------------------------------------
  Seed: uu:px+ipy
  Seed uu: [ 0.1+0.j  -0.1+0.j   0. +0.1j -0. -0.1j], Seed dd: [0.+0.j 0.+0.j 0.+0.j 0.+0.j]
F_onsite: (-1.2175057183590248e-20-2.0368086899479108e-20j)
F_swave: (2.564685563465023e-22+4.166172177308578e-22j), F_dwave: (-2.6990084320243477e-21-8.094679391790277e-21j)
F_px: (-7.86282939629517e-20+3.4773398824782904e-20j), F_py: (3.830112417671823e-20-7.571898645377838e-20j)
Free_energy = -9181.465484228182
------------------------------------------
[{'stable': {'Fuu_px': np.complex128(0.03171140638688315-0.03973502362379668j), 'Fuu_py': np.complex128(0.03983932689680565+0.03179464789969039j)}, 'free': np.float64(-9181.461193758583)}, {'stable': {'Fuu_px': np.complex128(0.050906343987338426+5.036320261520141e-17j), 'Fuu_py': np.complex128(-8.284628086769339e-17+0.050906343987338384j)}, 'free': np.float64(-9181.465484228182)}]
------------------------------------------
  Seed: dd:px
  Seed uu: [0.+0.j 0.+0.j 0.+0.j 0.+0.j], Seed dd: [ 0.1+0.j -0.1+0.j  0. +0.j  0. +0.j]
F_onsite: (2.1741630842741146e-22-8.733724970987778e-37j)
F_swave: (-4.254269461206496e-24+1.7265790742516082e-38j), F_dwave: (1.6351579857751462e-22+7.850091036936951e-37j)
F_px: (-3.5264830524668625e-38-1.8846134847643752e-23j), F_py: (2.5860875718090325e-37+5.4672648341829166e-36j)
Free_energy = -9179.877510663939
------------------------------------------
[{'stable': {'Fuu_px': np.complex128(0.03171140638688315-0.03973502362379668j), 'Fuu_py': np.complex128(0.03983932689680565+0.03179464789969039j)}, 'free': np.float64(-9181.461193758583)}, {'stable': {'Fuu_px': np.complex128(0.050906343987338426+5.036320261520141e-17j), 'Fuu_py': np.complex128(-8.284628086769339e-17+0.050906343987338384j)}, 'free': np.float64(-9181.465484228182)}]
------------------------------------------
  Seed: dd:px+py
  Seed uu: [0.+0.j 0.+0.j 0.+0.j 0.+0.j], Seed dd: [ 0.1+0.j -0.1+0.j  0.1+0.j -0.1+0.j]
F_onsite: (5.213017629879031e-22-3.5945021302153075e-23j)
F_swave: (-1.022521523596561e-23+7.0488155203282255e-25j), F_dwave: (2.239195781881606e-22+2.249616596550907e-24j)
F_px: (-9.579983787603453e-25+3.829269822799375e-23j), F_py: (4.676040573414605e-24-3.4326672598108816e-23j)
Free_energy = -9181.461193735944
------------------------------------------
[{'stable': {'Fuu_px': np.complex128(0.03171140638688315-0.03973502362379668j), 'Fuu_py': np.complex128(0.03983932689680565+0.03179464789969039j)}, 'free': np.float64(-9181.461193758583)}, {'stable': {'Fuu_px': np.complex128(0.050906343987338426+5.036320261520141e-17j), 'Fuu_py': np.complex128(-8.284628086769339e-17+0.050906343987338384j)}, 'free': np.float64(-9181.465484228182)}, {'stable': {'Fdd_px': np.complex128(0.028292794080035454-0.0422373827878193j), 'Fdd_py': np.complex128(0.042348364088796955+0.028367135123159824j)}, 'free': np.float64(-9181.461193735944)}]
------------------------------------------
  Seed: dd:px+ipy
  Seed uu: [0.+0.j 0.+0.j 0.+0.j 0.+0.j], Seed dd: [ 0.1+0.j  -0.1+0.j   0. +0.1j -0. -0.1j]
F_onsite: (1.5591232076101472e-22+1.6957154131327527e-23j)
F_swave: (-3.114857985396038e-24-3.38828520796196e-25j), F_dwave: (-4.3235405412706223e-23-4.1404938715212264e-24j)
F_px: (-1.6580945451337492e-23-4.453822197432069e-23j), F_py: (1.6919754301707546e-23-1.1093563738050367e-22j)
Free_energy = -9181.465484228182
------------------------------------------
[{'stable': {'Fuu_px': np.complex128(0.03171140638688315-0.03973502362379668j), 'Fuu_py': np.complex128(0.03983932689680565+0.03179464789969039j)}, 'free': np.float64(-9181.461193758583)}, {'stable': {'Fuu_px': np.complex128(0.050906343987338426+5.036320261520141e-17j), 'Fuu_py': np.complex128(-8.284628086769339e-17+0.050906343987338384j)}, 'free': np.float64(-9181.465484228182)}, {'stable': {'Fdd_px': np.complex128(0.028292794080035454-0.0422373827878193j), 'Fdd_py': np.complex128(0.042348364088796955+0.028367135123159824j)}, 'free': np.float64(-9181.461193735944)}, {'stable': {'Fdd_px': np.complex128(0.050906343987338426+7.14013834426301e-17j), 'Fdd_py': np.complex128(-1.0709434598830145e-16+0.05090634398733837j)}, 'free': np.float64(-9181.465484228182)}]
------------------------------------------
  Seed: uu+dd:px
  Seed uu: [ 0.1+0.j -0.1+0.j  0. +0.j  0. +0.j], Seed dd: [ 0.1+0.j -0.1+0.j  0. +0.j  0. +0.j]
F_onsite: (1.419289345294204e-21-4.0630935888241563e-20j)
F_swave: (-3.877116897021891e-22+9.422463224078138e-22j), F_dwave: (5.346960565081361e-21+3.6791640534983976e-21j)
F_px: (-4.699927270857264e-20-4.291857096477716e-21j), F_py: (2.3400986321074752e-20-9.944332777471392e-21j)
Free_energy = -9229.28418522496
------------------------------------------
[{'stable': {'Fuu_px': np.complex128(0.07082225679984136+1.676429609755582e-16j), 'Fdd_px': np.complex128(0.07082225679984133+1.503280722864634e-16j)}, 'free': np.float64(-9229.28418522496)}]
------------------------------------------
  Seed: uu+dd:px+py
  Seed uu: [ 0.1+0.j -0.1+0.j  0.1+0.j -0.1+0.j], Seed dd: [ 0.1+0.j -0.1+0.j  0.1+0.j -0.1+0.j]
F_onsite: (-2.0718043092758487e-20-2.722570845603692e-20j)
F_swave: (-2.5558439787984434e-23-9.278444385086485e-22j), F_dwave: (-3.1686297279546426e-20-1.2963578351311604e-20j)
F_px: (1.1423041453316595e-20+2.611702496086876e-22j), F_py: (7.804385250340544e-21+3.793074413038376e-21j)
Free_energy = -9232.451559644238
------------------------------------------
[{'stable': {'Fuu_px': np.complex128(0.037749092947938906-0.034249947247178114j), 'Fuu_py': np.complex128(0.03416052405499794+0.03765053383574666j), 'Fdd_px': np.complex128(0.03695645746951971-0.035059523955455564j), 'Fdd_py': np.complex128(0.035009890530454627+0.03690413857430463j)}, 'free': np.float64(-9232.451559644238)}]
------------------------------------------
  Seed: uu+dd:px+ipy
  Seed uu: [ 0.1+0.j  -0.1+0.j   0. +0.1j -0. -0.1j], Seed dd: [ 0.1+0.j  -0.1+0.j   0. +0.1j -0. -0.1j]
F_onsite: (3.57942939032122e-20-5.438158973212844e-20j)
F_swave: (1.490307548489165e-21-2.04400223355639e-21j), F_dwave: (1.0111475551204938e-19+3.265038080212954e-20j)
F_px: (3.4818855626940695e-20+2.915439776280275e-20j), F_py: (9.060533154369736e-20+3.868683915833032e-20j)
Free_energy = -9232.4601323535
------------------------------------------
[{'stable': {'Fuu_px': np.complex128(0.037749092947938906-0.034249947247178114j), 'Fuu_py': np.complex128(0.03416052405499794+0.03765053383574666j), 'Fdd_px': np.complex128(0.03695645746951971-0.035059523955455564j), 'Fdd_py': np.complex128(0.035009890530454627+0.03690413857430463j)}, 'free': np.float64(-9232.451559644238)}, {'stable': {'Fuu_px': np.complex128(0.05090634398733841+5.783000980348488e-17j), 'Fuu_py': np.complex128(-8.29635155215493e-17+0.0509063439873384j), 'Fdd_px': np.complex128(0.05090634398733841+6.211247603590462e-17j), 'Fdd_py': np.complex128(-8.881849842054665e-17+0.05090634398733839j)}, 'free': np.float64(-9232.4601323535)}]
------------------------------------------
====================================
mu=0.08, T=0.0051
====================================
  Seed: normal state
  Seed uu: [0.+0.j 0.+0.j 0.+0.j 0.+0.j], Seed dd: [0.+0.j 0.+0.j 0.+0.j 0.+0.j]
F_onsite: 0j
F_swave: 0j, F_dwave: 0j
F_px: 0j, F_py: 0j
Free_energy = -9130.799015737197
------------------------------------------
[{'stable': {}, 'free': np.float64(-9130.799015737197)}]
------------------------------------------
  Seed: uu:px
  Seed uu: [ 7.08222568e-02+1.61527648e-16j -7.08222568e-02-1.36868295e-16j
  2.89466892e-19-2.21358455e-16j  3.89297666e-19+2.21571961e-16j], Seed dd: [0.+0.j 0.+0.j 0.+0.j 0.+0.j]
F_onsite: (-1.2999303539549582e-20+3.902378075390126e-21j)
F_swave: (2.771636987495842e-22-9.377428571838203e-23j), F_dwave: (1.2722139840799993e-20+2.8775438740665398e-21j)
F_px: (1.5713458666854054e-21+1.88079096131566e-36j), F_py: (5.713504960251713e-22+6.762478234606113e-23j)
Free_energy = -9180.03954156052
------------------------------------------
[{'stable': {'Fuu_px': np.complex128(0.0708166760117484+1.320272901863238e-16j)}, 'free': np.float64(-9180.03954156052)}]
------------------------------------------
  Seed: uu:px+py
  Seed uu: [ 0.03171141-0.03973502j -0.03171141+0.03973502j  0.03983933+0.03179465j
 -0.03983933-0.03179465j], Seed dd: [0.+0.j 0.+0.j 0.+0.j 0.+0.j]
F_onsite: (-4.480614114336912e-20-4.366837617722709e-20j)
F_swave: (9.299135581329854e-22+9.109381613595335e-22j), F_dwave: (-1.9194332188653962e-20+2.013118024395102e-21j)
F_px: (-1.1413002225212204e-19-8.957117008762692e-21j), F_py: (-1.1666672507986528e-19+2.3839363533115248e-20j)
Free_energy = -9181.625139031848
------------------------------------------
[{'stable': {'Fuu_px': np.complex128(0.03171314018319736-0.039737196105100694j), 'Fuu_py': np.complex128(0.03983697701968844+0.03179277252875989j)}, 'free': np.float64(-9181.625139031848)}]
------------------------------------------
  Seed: uu:px+ipy
  Seed uu: [ 5.09063440e-02+5.32088627e-17j -5.09063440e-02-4.75175425e-17j
 -8.96995186e-17+5.09063440e-02j  7.59930432e-17-5.09063440e-02j], Seed dd: [0.+0.j 0.+0.j 0.+0.j 0.+0.j]
F_onsite: (-2.0444584495011763e-20+1.925261113980828e-20j)
F_swave: (4.162005106648552e-22-3.968532531952576e-22j), F_dwave: (-9.266423287091811e-21-9.348151185504708e-21j)
F_px: (7.501724440369105e-20+8.007430573910036e-20j), F_py: (7.407789512536087e-20+6.082933077367495e-20j)
Free_energy = -9181.628288808733
------------------------------------------
[{'stable': {'Fuu_px': np.complex128(0.03171314018319736-0.039737196105100694j), 'Fuu_py': np.complex128(0.03983697701968844+0.03179277252875989j)}, 'free': np.float64(-9181.625139031848)}, {'stable': {'Fuu_px': np.complex128(0.05090576389578287+4.001807159302942e-17j), 'Fuu_py': np.complex128(-8.420841572599671e-17+0.05090576389578287j)}, 'free': np.float64(-9181.628288808733)}]
------------------------------------------
  Seed: dd:px
  Seed uu: [0.+0.j 0.+0.j 0.+0.j 0.+0.j], Seed dd: [ 7.08222568e-02+1.49779142e-16j -7.08222568e-02-1.29394077e-16j
  7.86205394e-19-2.44995016e-16j  6.02544828e-19+2.42332579e-16j]
F_onsite: (1.196577599258387e-20+8.744640685398545e-36j)
F_swave: (-2.3009695621039432e-22-4.70197740328915e-38j), F_dwave: (-9.506444945146138e-21-9.168855936413843e-36j)
F_px: 1.0591962476154407e-21j, F_py: (-3.009265538105056e-36-6.121974579082473e-35j)
Free_energy = -9180.03954156052
------------------------------------------
[{'stable': {'Fuu_px': np.complex128(0.03171314018319736-0.039737196105100694j), 'Fuu_py': np.complex128(0.03983697701968844+0.03179277252875989j)}, 'free': np.float64(-9181.625139031848)}, {'stable': {'Fuu_px': np.complex128(0.05090576389578287+4.001807159302942e-17j), 'Fuu_py': np.complex128(-8.420841572599671e-17+0.05090576389578287j)}, 'free': np.float64(-9181.628288808733)}]
------------------------------------------
  Seed: dd:px+py
  Seed uu: [0.+0.j 0.+0.j 0.+0.j 0.+0.j], Seed dd: [ 0.02829279-0.04223738j -0.02829279+0.04223738j  0.04234836+0.02836714j
 -0.04234836-0.02836714j]
F_onsite: (-4.776012261104554e-21+1.1805058171100369e-22j)
F_swave: (9.033676229473475e-23-2.265755986788931e-24j), F_dwave: (-2.3594278149922167e-21+1.1919269836416674e-22j)
F_px: (-7.052214562918422e-24-1.931092472394147e-21j), F_py: (-1.020652377860076e-22+1.9837956352735415e-21j)
Free_energy = -9181.625139011021
------------------------------------------
[{'stable': {'Fuu_px': np.complex128(0.03171314018319736-0.039737196105100694j), 'Fuu_py': np.complex128(0.03983697701968844+0.03179277252875989j)}, 'free': np.float64(-9181.625139031848)}, {'stable': {'Fuu_px': np.complex128(0.05090576389578287+4.001807159302942e-17j), 'Fuu_py': np.complex128(-8.420841572599671e-17+0.05090576389578287j)}, 'free': np.float64(-9181.628288808733)}, {'stable': {'Fdd_px': np.complex128(0.028294342559707544-0.04223969446224986j), 'Fdd_py': np.complex128(0.042345863860376594+0.028365460340226502j)}, 'free': np.float64(-9181.625139011021)}]
------------------------------------------
  Seed: dd:px+ipy
  Seed uu: [0.+0.j 0.+0.j 0.+0.j 0.+0.j], Seed dd: [ 5.09063440e-02+7.92922894e-17j -5.09063440e-02-6.35104774e-17j
 -1.13223106e-16+5.09063440e-02j  1.00965586e-16-5.09063440e-02j]
F_onsite: (-5.94654826608032e-21-2.1926485578779243e-22j)
F_swave: (1.0918852234875873e-22+4.07995437665489e-24j), F_dwave: (-3.0442697191339173e-22-2.8498164585447087e-24j)
F_px: (1.569476149953792e-22-1.1260345178565206e-21j), F_py: (7.994148308642381e-23+8.412600401999542e-22j)
Free_energy = -9181.628288808735
------------------------------------------
[{'stable': {'Fuu_px': np.complex128(0.03171314018319736-0.039737196105100694j), 'Fuu_py': np.complex128(0.03983697701968844+0.03179277252875989j)}, 'free': np.float64(-9181.625139031848)}, {'stable': {'Fuu_px': np.complex128(0.05090576389578287+4.001807159302942e-17j), 'Fuu_py': np.complex128(-8.420841572599671e-17+0.05090576389578287j)}, 'free': np.float64(-9181.628288808733)}, {'stable': {'Fdd_px': np.complex128(0.028294342559707544-0.04223969446224986j), 'Fdd_py': np.complex128(0.042345863860376594+0.028365460340226502j)}, 'free': np.float64(-9181.625139011021)}, {'stable': {'Fdd_px': np.complex128(0.05090576389578288+6.603863256510591e-17j), 'Fdd_py': np.complex128(-1.0634673353323112e-16+0.05090576389578287j)}, 'free': np.float64(-9181.628288808735)}]
------------------------------------------
  Seed: uu+dd:px
  Seed uu: [ 7.08222568e-02+1.79091723e-16j -7.08222568e-02-1.56194199e-16j
  6.79836584e-19-2.14322788e-16j -3.29370085e-19+2.17968471e-16j], Seed dd: [ 7.08222568e-02+1.63408855e-16j -7.08222568e-02-1.37247290e-16j
 -5.39831303e-19-2.14834872e-16j  7.92452262e-19+2.14392456e-16j]
F_onsite: (2.6991318018696398e-20+3.3868001647622966e-20j)
F_swave: (-4.235421665359862e-22-3.3681498433002133e-21j), F_dwave: (-9.747137742034931e-21-6.92461595401664e-21j)
F_px: (-1.6184136733436375e-20-2.4310188205580102e-21j), F_py: (-5.566032188102921e-21+2.6507489813779577e-22j)
Free_energy = -9229.280067383921
------------------------------------------
[{'stable': {'Fuu_px': np.complex128(0.0708166760117484+1.596562343763382e-16j), 'Fdd_px': np.complex128(0.0708166760117484+1.4341014244800073e-16j)}, 'free': np.float64(-9229.280067383921)}]
------------------------------------------
  Seed: uu+dd:px+py
  Seed uu: [ 0.03774909-0.03424995j -0.03774909+0.03424995j  0.03416052+0.03765053j
 -0.03416052-0.03765053j], Seed dd: [ 0.03695646-0.03505952j -0.03695646+0.03505952j  0.03500989+0.03690414j
 -0.03500989-0.03690414j]
F_onsite: (-4.851702954923621e-20-2.837011132205683e-21j)
F_swave: (4.1895436396998513e-22-7.010894858728677e-22j), F_dwave: (-1.1004537897773191e-20+1.563376505817527e-20j)
F_px: (2.2659532069087475e-20+3.109347225064104e-20j), F_py: (2.4540161025798716e-20-2.4392418080897398e-20j)
Free_energy = -9232.451398545629
------------------------------------------
[{'stable': {'Fuu_px': np.complex128(0.037747592335599676-0.034248585733842325j), 'Fuu_py': np.complex128(0.03416176640660204+0.03765190311219675j), 'Fdd_px': np.complex128(0.03695562996801492-0.03505873892867462j), 'Fdd_py': np.complex128(0.03501055075672953+0.036904834522837084j)}, 'free': np.float64(-9232.451398545629)}]
------------------------------------------
  Seed: uu+dd:px+ipy
  Seed uu: [ 5.09063440e-02+6.24657152e-17j -5.09063440e-02-5.31943044e-17j
 -8.83136138e-17+5.09063440e-02j  7.76134172e-17-5.09063440e-02j], Seed dd: [ 5.09063440e-02+6.89463114e-17j -5.09063440e-02-5.52786407e-17j
 -9.53392227e-17+5.09063440e-02j  8.22977741e-17-5.09063440e-02j]
F_onsite: (7.857666755196317e-20+1.0579060635038057e-20j)
F_swave: (6.4711761054819246e-21+2.707386699241381e-21j), F_dwave: (1.668061735471355e-20-6.43592696158526e-20j)
F_px: (4.4553561150385385e-20+1.3099710373100411e-20j), F_py: (5.548108182295437e-21+5.971534962113014e-20j)
Free_energy = -9232.45756188042
------------------------------------------
[{'stable': {'Fuu_px': np.complex128(0.037747592335599676-0.034248585733842325j), 'Fuu_py': np.complex128(0.03416176640660204+0.03765190311219675j), 'Fdd_px': np.complex128(0.03695562996801492-0.03505873892867462j), 'Fdd_py': np.complex128(0.03501055075672953+0.036904834522837084j)}, 'free': np.float64(-9232.451398545629)}, {'stable': {'Fuu_px': np.complex128(0.050905763895782864+5.544116513399094e-17j), 'Fuu_py': np.complex128(-8.469455969816147e-17+0.050905763895782885j), 'Fdd_px': np.complex128(0.050905763895782864+6.393333217470534e-17j), 'Fdd_py': np.complex128(-9.15022958441423e-17+0.05090576389578288j)}, 'free': np.float64(-9232.45756188042)}]
------------------------------------------
====================================
mu=0.08, T=0.0093
====================================
  Seed: normal state
  Seed uu: [0.+0.j 0.+0.j 0.+0.j 0.+0.j], Seed dd: [0.+0.j 0.+0.j 0.+0.j 0.+0.j]
F_onsite: 0j
F_swave: 0j, F_dwave: 0j
F_px: 0j, F_py: 0j
Free_energy = -9131.313496831077
------------------------------------------
[{'stable': {}, 'free': np.float64(-9131.313496831077)}]
------------------------------------------
  Seed: uu:px
  Seed uu: [ 7.08166760e-02+1.40943053e-16j -7.08166760e-02-1.23111527e-16j
  2.73551276e-18-2.23821362e-16j -8.55840766e-19+2.06421188e-16j], Seed dd: [0.+0.j 0.+0.j 0.+0.j 0.+0.j]
F_onsite: (-2.265914651983992e-20+2.414934231343182e-20j)
F_swave: (4.845515107677926e-22-4.452591939670147e-22j), F_dwave: (2.21745950090719e-20+2.1647450375549167e-20j)
F_px: (2.5641156267404145e-19+7.508117517572115e-34j), F_py: (8.717035544870104e-22-8.987897688714671e-22j)
Free_energy = -9180.273344613548
------------------------------------------
[{'stable': {'Fuu_px': np.complex128(0.0707875468600706+1.9173935425904854e-16j)}, 'free': np.float64(-9180.273344613548)}]
------------------------------------------
  Seed: uu:px+py
  Seed uu: [ 0.03171314-0.0397372j  -0.03171314+0.0397372j   0.03983698+0.03179277j
 -0.03983698-0.03179277j], Seed dd: [0.+0.j 0.+0.j 0.+0.j 0.+0.j]
F_onsite: (-9.223496396196196e-20+1.1045326163731365e-20j)
F_swave: (1.933825938793413e-21-1.8640738672334228e-22j), F_dwave: (1.4098155551241078e-20-9.247148540211867e-21j)
F_px: (1.0184331459922472e-20+2.2602607517744498e-20j), F_py: (4.9595932337725046e-21-2.3858666683124712e-20j)
Free_energy = -9181.863521803565
------------------------------------------
[{'stable': {'Fuu_px': np.complex128(0.03171105683298177-0.03973458562579839j), 'Fuu_py': np.complex128(0.03982086830830784+0.03177991661862399j)}, 'free': np.float64(-9181.863521803565)}]
------------------------------------------
  Seed: uu:px+ipy
  Seed uu: [ 5.09057639e-02+5.48549654e-17j -5.09057639e-02-2.51811778e-17j
 -9.08996054e-17+5.09057639e-02j  7.75172260e-17-5.09057639e-02j], Seed dd: [0.+0.j 0.+0.j 0.+0.j 0.+0.j]
F_onsite: (-2.1085240633873643e-20+3.091084155894404e-20j)
F_swave: (4.140868354139454e-22-6.332959651084176e-22j), F_dwave: (7.152894909803362e-21-7.277506724812239e-21j)
F_px: (7.558386153352531e-20-1.9676365650707487e-21j), F_py: (1.597581055342566e-20+1.136527003232533e-19j)
Free_energy = -9181.86822475218
------------------------------------------
[{'stable': {'Fuu_px': np.complex128(0.03171105683298177-0.03973458562579839j), 'Fuu_py': np.complex128(0.03982086830830784+0.03177991661862399j)}, 'free': np.float64(-9181.863521803565)}, {'stable': {'Fuu_px': np.complex128(0.05089441043098421+8.740472102224041e-17j), 'Fuu_py': np.complex128(-9.45535467481687e-17+0.05089441043098407j)}, 'free': np.float64(-9181.86822475218)}]
------------------------------------------
  Seed: dd:px
  Seed uu: [0.+0.j 0.+0.j 0.+0.j 0.+0.j], Seed dd: [ 7.08166760e-02+1.47742345e-16j -7.08166760e-02-1.37820149e-16j
  2.71731478e-18-2.57613795e-16j -8.38880255e-19+2.32506097e-16j]
F_onsite: (7.575762998079874e-21-1.1976992744150556e-36j)
F_swave: (-1.3258852800279696e-22+2.351401243912472e-38j), F_dwave: (1.7903232837937835e-20-2.5625818102152657e-36j)
F_px: 1.144878750141195e-21j, F_py: 1.5938126721564874e-27j
Free_energy = -9180.273344613548
------------------------------------------
[{'stable': {'Fuu_px': np.complex128(0.03171105683298177-0.03973458562579839j), 'Fuu_py': np.complex128(0.03982086830830784+0.03177991661862399j)}, 'free': np.float64(-9181.863521803565)}, {'stable': {'Fuu_px': np.complex128(0.05089441043098421+8.740472102224041e-17j), 'Fuu_py': np.complex128(-9.45535467481687e-17+0.05089441043098407j)}, 'free': np.float64(-9181.86822475218)}]
------------------------------------------
  Seed: dd:px+py
  Seed uu: [0.+0.j 0.+0.j 0.+0.j 0.+0.j], Seed dd: [ 0.02829434-0.04223969j -0.02829434+0.04223969j  0.04234586+0.02836546j
 -0.04234586-0.02836546j]
F_onsite: (-4.98002096509473e-21-1.461399085702383e-22j)
F_swave: (7.306359525054144e-23+1.5379047188452792e-24j), F_dwave: (8.009227439594686e-22+5.927912727592722e-22j)
F_px: (1.2163829135880668e-22-2.9218310369076574e-21j), F_py: (-4.842735558367423e-23+2.1470143007559647e-21j)
Free_energy = -9181.863521787827
------------------------------------------
[{'stable': {'Fuu_px': np.complex128(0.03171105683298177-0.03973458562579839j), 'Fuu_py': np.complex128(0.03982086830830784+0.03177991661862399j)}, 'free': np.float64(-9181.863521803565)}, {'stable': {'Fuu_px': np.complex128(0.05089441043098421+8.740472102224041e-17j), 'Fuu_py': np.complex128(-9.45535467481687e-17+0.05089441043098407j)}, 'free': np.float64(-9181.86822475218)}, {'stable': {'Fdd_px': np.complex128(0.028292488548710935-0.0422369266701424j), 'Fdd_py': np.complex128(0.04232873361056596+0.02835398560863955j)}, 'free': np.float64(-9181.863521787827)}]
------------------------------------------
  Seed: dd:px+ipy
  Seed uu: [0.+0.j 0.+0.j 0.+0.j 0.+0.j], Seed dd: [ 5.09057639e-02+7.59953725e-17j -5.09057639e-02-5.60818926e-17j
 -1.11754033e-16+5.09057639e-02j  1.00939434e-16-5.09057639e-02j]
F_onsite: (-3.552532426258316e-21-4.2540064664969075e-22j)
F_swave: (5.54247762883304e-23+6.824419447800906e-24j), F_dwave: (-1.200007972652261e-21-1.2670920131926345e-22j)
F_px: (5.497894814265989e-23-1.4651016269488472e-22j), F_py: (1.4135952350817e-22-1.0400491894247351e-21j)
Free_energy = -9181.868224752177
------------------------------------------
[{'stable': {'Fuu_px': np.complex128(0.03171105683298177-0.03973458562579839j), 'Fuu_py': np.complex128(0.03982086830830784+0.03177991661862399j)}, 'free': np.float64(-9181.863521803565)}, {'stable': {'Fuu_px': np.complex128(0.05089441043098421+8.740472102224041e-17j), 'Fuu_py': np.complex128(-9.45535467481687e-17+0.05089441043098407j)}, 'free': np.float64(-9181.86822475218)}, {'stable': {'Fdd_px': np.complex128(0.028292488548710935-0.0422369266701424j), 'Fdd_py': np.complex128(0.04232873361056596+0.02835398560863955j)}, 'free': np.float64(-9181.863521787827)}, {'stable': {'Fdd_px': np.complex128(0.05089441043098425+9.722244168584859e-17j), 'Fdd_py': np.complex128(-1.1325171964946857e-16+0.050894410430984j)}, 'free': np.float64(-9181.868224752177)}]
------------------------------------------
  Seed: uu+dd:px
  Seed uu: [ 7.08166760e-02+1.61858573e-16j -7.08166760e-02-1.57453896e-16j
  8.40977985e-19-2.12336654e-16j -1.95188155e-18+2.07620216e-16j], Seed dd: [ 7.08166760e-02+1.50485938e-16j -7.08166760e-02-1.36334347e-16j
  2.52880363e-18-2.23564076e-16j -1.42702552e-18+2.11531973e-16j]
F_onsite: (1.0018492665723415e-20-2.338997768106043e-20j)
F_swave: (-5.540876998550401e-22+6.57075638311386e-21j), F_dwave: (6.755682058359671e-21+1.0685293567231447e-21j)
F_px: (-3.4675838048974483e-20-1.573384968796149e-21j), F_py: (1.2934588086051933e-20-4.7772794063952216e-21j)
Free_energy = -9229.233192396025
------------------------------------------
[{'stable': {'Fuu_px': np.complex128(0.0707875468600706+2.475082417342881e-16j), 'Fdd_px': np.complex128(0.07078754686007063+2.1435449867602792e-16j)}, 'free': np.float64(-9229.233192396025)}]
------------------------------------------
  Seed: uu+dd:px+py
  Seed uu: [ 0.03774759-0.03424859j -0.03774759+0.03424859j  0.03416177+0.0376519j
 -0.03416177-0.0376519j ], Seed dd: [ 0.03695563-0.03505874j -0.03695563+0.03505874j  0.03501055+0.03690483j
 -0.03501055-0.03690483j]
F_onsite: (2.5437596876068234e-20+2.673653921613384e-21j)
F_swave: (-2.18764028778568e-21-5.697871305757914e-21j), F_dwave: (3.050728913468646e-20-2.6241791594521806e-20j)
F_px: (5.91368750174549e-20-2.2058510288979694e-20j), F_py: (5.889801396633809e-20+2.957195483309285e-20j)
Free_energy = -9232.41355568601
------------------------------------------
[{'stable': {'Fuu_px': np.complex128(0.03773223273227044-0.03423464988631124j), 'Fuu_py': np.complex128(0.03415957540273204+0.03764948826442675j), 'Fdd_px': np.complex128(0.036943482390885074-0.03504721487305561j), 'Fdd_py': np.complex128(0.0350055455723674+0.03689955852755433j)}, 'free': np.float64(-9232.41355568601)}]
------------------------------------------
  Seed: uu+dd:px+ipy
  Seed uu: [ 5.09057639e-02+6.10487879e-17j -5.09057639e-02-4.98335423e-17j
 -9.05471868e-17+5.09057639e-02j  7.88419326e-17-5.09057639e-02j], Seed dd: [ 5.09057639e-02+7.40034157e-17j -5.09057639e-02-5.38632486e-17j
 -9.71312268e-17+5.09057639e-02j  8.58733649e-17-5.09057639e-02j]
F_onsite: (-4.9640055953018224e-20+2.5787825004071726e-20j)
F_swave: (1.1159518088137666e-20-6.043772996071998e-21j), F_dwave: (6.77218104540255e-20+4.425784132421801e-20j)
F_px: (-3.020920709851059e-20+7.08634663357138e-21j), F_py: (-4.529371530333269e-21-8.101855933480857e-20j)
Free_energy = -9232.422952673192
------------------------------------------
[{'stable': {'Fuu_px': np.complex128(0.03773223273227044-0.03423464988631124j), 'Fuu_py': np.complex128(0.03415957540273204+0.03764948826442675j), 'Fdd_px': np.complex128(0.036943482390885074-0.03504721487305561j), 'Fdd_py': np.complex128(0.0350055455723674+0.03689955852755433j)}, 'free': np.float64(-9232.41355568601)}, {'stable': {'Fuu_px': np.complex128(0.05089441043098423+9.298992392753726e-17j), 'Fuu_py': np.complex128(-1.0208194911358532e-16+0.05089441043098403j), 'Fdd_px': np.complex128(0.05089441043098425+9.95997984709954e-17j), 'Fdd_py': np.complex128(-1.0646005065970598e-16+0.050894410430984j)}, 'free': np.float64(-9232.422952673192)}]
------------------------------------------
====================================
mu=0.08, T=0.0134
====================================
  Seed: normal state
  Seed uu: [0.+0.j 0.+0.j 0.+0.j 0.+0.j], Seed dd: [0.+0.j 0.+0.j 0.+0.j 0.+0.j]
F_onsite: 0j
F_swave: 0j, F_dwave: 0j
F_px: 0j, F_py: 0j
Free_energy = -9131.983442663688
------------------------------------------
[{'stable': {}, 'free': np.float64(-9131.983442663688)}]
------------------------------------------
  Seed: uu:px
  Seed uu: [ 7.07875469e-02+2.00290734e-16j -7.07875469e-02-1.83187974e-16j
 -1.86725766e-18-2.37655740e-16j  4.83073478e-22+2.37271293e-16j], Seed dd: [0.+0.j 0.+0.j 0.+0.j 0.+0.j]
F_onsite: (-9.241857464738434e-21-5.22506342393243e-22j)
F_swave: (1.990752474767007e-22+1.2101259738018104e-23j), F_dwave: (9.042782217261773e-21-9.142639041741091e-21j)
F_px: (5.2189099755149505e-21+1.6550960459577808e-35j), F_py: (1.9912160837920683e-22-2.4160456023275062e-21j)
Free_energy = -9180.5403339138
------------------------------------------
[{'stable': {'Fuu_px': np.complex128(0.07070943345025157+1.9083152022804915e-16j)}, 'free': np.float64(-9180.5403339138)}]
------------------------------------------
  Seed: uu:px+py
  Seed uu: [ 0.03171106-0.03973459j -0.03171106+0.03973459j  0.03982087+0.03177992j
 -0.03982087-0.03177992j], Seed dd: [0.+0.j 0.+0.j 0.+0.j 0.+0.j]
F_onsite: (-7.090191815688622e-20-1.8132420068124042e-20j)
F_swave: (1.527557270603534e-21+4.201758904978745e-22j), F_dwave: (-4.403065257653644e-20-4.0226385549808147e-20j)
F_px: (5.3785431878228494e-20+1.3421483323694162e-19j), F_py: (1.3038250400858587e-20-1.4751845792335041e-19j)
Free_energy = -9182.103295302995
------------------------------------------
[{'stable': {'Fuu_px': np.complex128(0.0316776846670144-0.03969276963735177j), 'Fuu_py': np.complex128(0.03976482488397516+0.03173518993565634j)}, 'free': np.float64(-9182.103295302995)}]
------------------------------------------
  Seed: uu:px+ipy
  Seed uu: [ 5.08944104e-02+9.37262073e-17j -5.08944104e-02-8.10832347e-17j
 -1.00478860e-16+5.08944104e-02j  8.86282336e-17-5.08944104e-02j], Seed dd: [0.+0.j 0.+0.j 0.+0.j 0.+0.j]
F_onsite: (4.8968346759508434e-20+3.9048030546007895e-20j)
F_swave: (-1.1370466730651637e-21-8.223954657439131e-22j), F_dwave: (-6.989627307868839e-21+4.6143085780397485e-21j)
F_px: (9.299439434060822e-20+8.475149643052109e-20j), F_py: (2.41887958090546e-20+1.2439598205345046e-19j)
Free_energy = -9182.106267093797
------------------------------------------
[{'stable': {'Fuu_px': np.complex128(0.0316776846670144-0.03969276963735177j), 'Fuu_py': np.complex128(0.03976482488397516+0.03173518993565634j)}, 'free': np.float64(-9182.103295302995)}, {'stable': {'Fuu_px': np.complex128(0.05083110054450953+1.4130137451647234e-16j), 'Fuu_py': np.complex128(-1.4618264010304166e-16+0.05083110054451024j)}, 'free': np.float64(-9182.106267093797)}]
------------------------------------------
  Seed: dd:px
  Seed uu: [0.+0.j 0.+0.j 0.+0.j 0.+0.j], Seed dd: [ 7.07875469e-02+1.78699282e-16j -7.07875469e-02-1.64939444e-16j
 -1.24877803e-19-2.68092757e-16j  7.88799432e-20+2.72692358e-16j]
F_onsite: (-1.4089764921257584e-20-9.971799196351145e-36j)
F_swave: (2.0637554805937228e-22+6.115325689160635e-37j), F_dwave: (-2.4777953386098528e-20-4.3731144915473835e-36j)
F_px: (-3.009265538105056e-36+6.2635168200303126e-21j), F_py: (4.513898307157584e-36-8.316808793495114e-25j)
Free_energy = -9180.540333913797
------------------------------------------
[{'stable': {'Fuu_px': np.complex128(0.0316776846670144-0.03969276963735177j), 'Fuu_py': np.complex128(0.03976482488397516+0.03173518993565634j)}, 'free': np.float64(-9182.103295302995)}, {'stable': {'Fuu_px': np.complex128(0.05083110054450953+1.4130137451647234e-16j), 'Fuu_py': np.complex128(-1.4618264010304166e-16+0.05083110054451024j)}, 'free': np.float64(-9182.106267093797)}]
------------------------------------------
  Seed: dd:px+py
  Seed uu: [0.+0.j 0.+0.j 0.+0.j 0.+0.j], Seed dd: [ 0.02829249-0.04223693j -0.02829249+0.04223693j  0.04232873+0.02835399j
 -0.04232873-0.02835399j]
F_onsite: (5.7055885219062716e-21-6.225941295407889e-22j)
F_swave: (-8.403891942862943e-23+8.390156649122435e-24j), F_dwave: (1.702849648279914e-21+9.55550981547687e-22j)
F_px: (-1.2034899652168948e-22+4.408134774922545e-21j), F_py: (-3.7781042881124156e-22+4.456820366326721e-22j)
Free_energy = -9182.103295291929
------------------------------------------
[{'stable': {'Fuu_px': np.complex128(0.0316776846670144-0.03969276963735177j), 'Fuu_py': np.complex128(0.03976482488397516+0.03173518993565634j)}, 'free': np.float64(-9182.103295302995)}, {'stable': {'Fuu_px': np.complex128(0.05083110054450953+1.4130137451647234e-16j), 'Fuu_py': np.complex128(-1.4618264010304166e-16+0.05083110054451024j)}, 'free': np.float64(-9182.106267093797)}, {'stable': {'Fdd_px': np.complex128(0.028262718995808574-0.042192484682624036j), 'Fdd_py': np.complex128(0.04226915327414785+0.028314075602899693j)}, 'free': np.float64(-9182.103295291929)}]
------------------------------------------
  Seed: dd:px+ipy
  Seed uu: [0.+0.j 0.+0.j 0.+0.j 0.+0.j], Seed dd: [ 5.08944104e-02+1.02312421e-16j -5.08944104e-02-9.21324619e-17j
 -1.19079915e-16+5.08944104e-02j  1.07423524e-16-5.08944104e-02j]
F_onsite: (-6.2501904638123735e-21+1.4521735908302273e-22j)
F_swave: (4.6307312611815396e-23-1.1153639114775947e-24j), F_dwave: (3.2002013330963488e-22-1.7313949602215448e-22j)
F_px: (-5.014405303292985e-22-3.20491049504256e-21j), F_py: (2.0977728508571162e-22-1.2497232780648243e-21j)
Free_energy = -9182.106267093797
------------------------------------------
[{'stable': {'Fuu_px': np.complex128(0.0316776846670144-0.03969276963735177j), 'Fuu_py': np.complex128(0.03976482488397516+0.03173518993565634j)}, 'free': np.float64(-9182.103295302995)}, {'stable': {'Fuu_px': np.complex128(0.05083110054450953+1.4130137451647234e-16j), 'Fuu_py': np.complex128(-1.4618264010304166e-16+0.05083110054451024j)}, 'free': np.float64(-9182.106267093797)}, {'stable': {'Fdd_px': np.complex128(0.028262718995808574-0.042192484682624036j), 'Fdd_py': np.complex128(0.04226915327414785+0.028314075602899693j)}, 'free': np.float64(-9182.103295291929)}, {'stable': {'Fdd_px': np.complex128(0.05083110054450958+1.326871288522349e-16j), 'Fdd_py': np.complex128(-1.5371334533928363e-16+0.05083110054451021j)}, 'free': np.float64(-9182.106267093797)}]
------------------------------------------
  Seed: uu+dd:px
  Seed uu: [ 7.07875469e-02+2.51414996e-16j -7.07875469e-02-2.43601488e-16j
  8.47330732e-19-2.29058408e-16j -6.22966263e-20+2.13961634e-16j], Seed dd: [ 7.07875469e-02+2.15149280e-16j -7.07875469e-02-2.13559717e-16j
 -3.66143226e-20-2.36643906e-16j -2.29056238e-19+2.22875862e-16j]
F_onsite: (-3.02160133669999e-21+4.7110664450574106e-20j)
F_swave: (-2.2795386877096385e-22-1.6609640521171155e-20j), F_dwave: (-5.707075649174587e-21-5.8972573382408765e-21j)
F_px: (6.581194167497324e-20+1.8997578353970475e-20j), F_py: (2.294518891498689e-20+1.391385164101595e-20j)
Free_energy = -9229.0972251639
------------------------------------------
[{'stable': {'Fuu_px': np.complex128(0.07070943345025159+2.5175523846204155e-16j), 'Fdd_px': np.complex128(0.07070943345025159+2.3334090100741067e-16j)}, 'free': np.float64(-9229.0972251639)}]
------------------------------------------
  Seed: uu+dd:px+py
  Seed uu: [ 0.03773223-0.03423465j -0.03773223+0.03423465j  0.03415958+0.03764949j
 -0.03415958-0.03764949j], Seed dd: [ 0.03694348-0.03504721j -0.03694348+0.03504721j  0.03500555+0.03689956j
 -0.03500555-0.03689956j]
F_onsite: (4.785536217073165e-20+2.5449045025355107e-20j)
F_swave: (-2.324628245774906e-21+1.1246084608773659e-21j), F_dwave: (1.2124310482379099e-20+8.343966656747921e-21j)
F_px: (-7.139914982990978e-21-7.316253858335065e-20j), F_py: (3.360555706581162e-22+8.57981770705212e-20j)
Free_energy = -9232.223151764265
------------------------------------------
[{'stable': {'Fuu_px': np.complex128(0.03767904769226128-0.03418639482446971j), 'Fuu_py': np.complex128(0.0341236996200196+0.0376099472325406j), 'Fdd_px': np.complex128(0.0368944389790287-0.03500068880452614j), 'Fdd_py': np.complex128(0.034965890505564076+0.03685775788041376j)}, 'free': np.float64(-9232.223151764265)}]
------------------------------------------
  Seed: uu+dd:px+ipy
  Seed uu: [ 5.08944104e-02+1.01365545e-16j -5.08944104e-02-8.46143033e-17j
 -1.07318810e-16+5.08944104e-02j  9.68450885e-17-5.08944104e-02j], Seed dd: [ 5.08944104e-02+1.05172587e-16j -5.08944104e-02-9.40270099e-17j
 -1.12376973e-16+5.08944104e-02j  1.00543128e-16-5.08944104e-02j]
F_onsite: (-6.532453744406496e-20+1.0164054253776564e-19j)
F_swave: (-8.926496231904538e-21-1.8295009798600154e-21j), F_dwave: (2.554940549725443e-20+3.123172178861532e-20j)
F_px: (-1.83207931637961e-20-3.5753050233041364e-20j), F_py: (-4.9380983278544556e-20+2.0350454714619396e-20j)
Free_energy = -9232.229091523845
------------------------------------------
[{'stable': {'Fuu_px': np.complex128(0.03767904769226128-0.03418639482446971j), 'Fuu_py': np.complex128(0.0341236996200196+0.0376099472325406j), 'Fdd_px': np.complex128(0.0368944389790287-0.03500068880452614j), 'Fdd_py': np.complex128(0.034965890505564076+0.03685775788041376j)}, 'free': np.float64(-9232.223151764265)}, {'stable': {'Fuu_px': np.complex128(0.050831100544509566+1.4564697117324212e-16j), 'Fuu_py': np.complex128(-1.5651723615293218e-16+0.05083110054451022j), 'Fdd_px': np.complex128(0.050831100544509566+1.4455493394599451e-16j), 'Fdd_py': np.complex128(-1.5523599294109164e-16+0.05083110054451022j)}, 'free': np.float64(-9232.229091523845)}]
------------------------------------------
====================================
mu=0.08, T=0.0175
====================================
  Seed: normal state
  Seed uu: [0.+0.j 0.+0.j 0.+0.j 0.+0.j], Seed dd: [0.+0.j 0.+0.j 0.+0.j 0.+0.j]
F_onsite: 0j
F_swave: 0j, F_dwave: 0j
F_px: 0j, F_py: 0j
Free_energy = -9132.802719156265
------------------------------------------
[{'stable': {}, 'free': np.float64(-9132.802719156265)}]
------------------------------------------
  Seed: uu:px
  Seed uu: [ 7.07094335e-02+1.90683951e-16j -7.07094335e-02-1.90979089e-16j
  3.90846148e-19-4.09074191e-16j -1.51658602e-18+3.91257065e-16j], Seed dd: [0.+0.j 0.+0.j 0.+0.j 0.+0.j]
F_onsite: (9.937658396544348e-21+2.9715985995081484e-21j)
F_swave: (-2.137346091336583e-22-2.0353351495879179e-22j), F_dwave: (-9.72392378741061e-21-1.4205561045538345e-20j)
F_px: (1.7715363190576802e-19+8.531267800527834e-34j), F_py: (-1.6949016970036843e-22-2.8128573360815348e-21j)
Free_energy = -9180.801051607017
------------------------------------------
[{'stable': {'Fuu_px': np.complex128(0.0705417588363837+2.82264862296329e-16j)}, 'free': np.float64(-9180.801051607017)}]
------------------------------------------
  Seed: uu:px+py
  Seed uu: [ 0.03167768-0.03969277j -0.03167768+0.03969277j  0.03976482+0.03173519j
 -0.03976482-0.03173519j], Seed dd: [0.+0.j 0.+0.j 0.+0.j 0.+0.j]
F_onsite: (4.080865854283544e-21+3.5668797886461146e-20j)
F_swave: (-8.046885702426898e-23-6.0179367291772665e-22j), F_dwave: (3.91368680242212e-20-1.925870985891368e-20j)
F_px: (2.693430921894815e-20-4.3402697575159e-20j), F_py: (3.5076961018494156e-20+3.5009540119962057e-20j)
Free_energy = -9182.308607684592
------------------------------------------
[{'stable': {'Fuu_px': np.complex128(0.0315944043948862-0.0395884177981414j), 'Fuu_py': np.complex128(0.039648501901771556+0.031642355830517443j)}, 'free': np.float64(-9182.308607684592)}]
------------------------------------------
  Seed: uu:px+ipy
  Seed uu: [ 5.08311005e-02+1.51368017e-16j -5.08311005e-02-1.31234732e-16j
 -1.52469954e-16+5.08311005e-02j  1.39895326e-16-5.08311005e-02j], Seed dd: [0.+0.j 0.+0.j 0.+0.j 0.+0.j]
F_onsite: (-1.9297019394630652e-20-5.635146848793286e-20j)
F_swave: (2.667180088888098e-22+1.1937373378142512e-21j), F_dwave: (1.0034506076570135e-21-6.674755736918136e-21j)
F_px: (1.0531916349548929e-20-8.095752326331978e-20j), F_py: (-7.32686142910441e-20+1.9564399738713724e-21j)
Free_energy = -9182.311149896075
------------------------------------------
[{'stable': {'Fuu_px': np.complex128(0.0315944043948862-0.0395884177981414j), 'Fuu_py': np.complex128(0.039648501901771556+0.031642355830517443j)}, 'free': np.float64(-9182.308607684592)}, {'stable': {'Fuu_px': np.complex128(0.050689757887328685+2.741344047938718e-16j), 'Fuu_py': np.complex128(-2.401686218369908e-16+0.05068975788732842j)}, 'free': np.float64(-9182.311149896075)}]
------------------------------------------
  Seed: dd:px
  Seed uu: [0.+0.j 0.+0.j 0.+0.j 0.+0.j], Seed dd: [ 7.07094335e-02+1.83178022e-16j -7.07094335e-02-1.84704799e-16j
  2.12139402e-18-4.18198007e-16j -6.42673014e-19+4.13309832e-16j]
F_onsite: (5.449757254446696e-20+2.6040653409521625e-35j)
F_swave: (-6.245031020594745e-22+6.861948272925103e-37j), F_dwave: (1.589670618895961e-20-1.6484838902344054e-35j)
F_px: (3.009265538105056e-36+7.34502046089702e-21j), F_py: 7.466194041481183e-24j
Free_energy = -9180.801051607017
------------------------------------------
[{'stable': {'Fuu_px': np.complex128(0.0315944043948862-0.0395884177981414j), 'Fuu_py': np.complex128(0.039648501901771556+0.031642355830517443j)}, 'free': np.float64(-9182.308607684592)}, {'stable': {'Fuu_px': np.complex128(0.050689757887328685+2.741344047938718e-16j), 'Fuu_py': np.complex128(-2.401686218369908e-16+0.05068975788732842j)}, 'free': np.float64(-9182.311149896075)}]
------------------------------------------
  Seed: dd:px+py
  Seed uu: [0.+0.j 0.+0.j 0.+0.j 0.+0.j], Seed dd: [ 0.02826272-0.04219248j -0.02826272+0.04219248j  0.04226915+0.02831408j
 -0.04226915-0.02831408j]
F_onsite: (1.3994074837872626e-20-7.747994853182487e-22j)
F_swave: (-1.9693728892406033e-22+1.104565549854385e-23j), F_dwave: (-2.885376398319446e-21+5.424244874293716e-22j)
F_px: (1.1646593892960142e-23+7.806029729416371e-21j), F_py: (2.8907500773296397e-22-8.573129979125823e-22j)
Free_energy = -9182.308607677121
------------------------------------------
[{'stable': {'Fuu_px': np.complex128(0.0315944043948862-0.0395884177981414j), 'Fuu_py': np.complex128(0.039648501901771556+0.031642355830517443j)}, 'free': np.float64(-9182.308607684592)}, {'stable': {'Fuu_px': np.complex128(0.050689757887328685+2.741344047938718e-16j), 'Fuu_py': np.complex128(-2.401686218369908e-16+0.05068975788732842j)}, 'free': np.float64(-9182.311149896075)}, {'stable': {'Fdd_px': np.complex128(0.028188420771092387-0.04208156730384098j), 'Fdd_py': np.complex128(0.04214549829870479+0.028231245073963962j)}, 'free': np.float64(-9182.308607677121)}]
------------------------------------------
  Seed: dd:px+ipy
  Seed uu: [0.+0.j 0.+0.j 0.+0.j 0.+0.j], Seed dd: [ 5.08311005e-02+1.47089283e-16j -5.08311005e-02-1.18284975e-16j
 -1.59360620e-16+5.08311005e-02j  1.48066071e-16-5.08311005e-02j]
F_onsite: (-7.255023936729317e-21-2.457177648393309e-22j)
F_swave: (1.0152625226170788e-22+6.096158870499698e-24j), F_dwave: (-6.744518311850729e-21+9.708815873496329e-22j)
F_px: (-9.216858305546778e-22+8.427828511476555e-21j), F_py: (1.3958070633366862e-21-4.423614303620503e-21j)
Free_energy = -9182.311149896075
------------------------------------------
[{'stable': {'Fuu_px': np.complex128(0.0315944043948862-0.0395884177981414j), 'Fuu_py': np.complex128(0.039648501901771556+0.031642355830517443j)}, 'free': np.float64(-9182.308607684592)}, {'stable': {'Fuu_px': np.complex128(0.050689757887328685+2.741344047938718e-16j), 'Fuu_py': np.complex128(-2.401686218369908e-16+0.05068975788732842j)}, 'free': np.float64(-9182.311149896075)}, {'stable': {'Fdd_px': np.complex128(0.028188420771092387-0.04208156730384098j), 'Fdd_py': np.complex128(0.04214549829870479+0.028231245073963962j)}, 'free': np.float64(-9182.308607677121)}, {'stable': {'Fdd_px': np.complex128(0.05068975788732874+2.7184831580879165e-16j), 'Fdd_py': np.complex128(-2.3559477627071556e-16+0.05068975788732839j)}, 'free': np.float64(-9182.311149896075)}]
------------------------------------------
  Seed: uu+dd:px
  Seed uu: [ 7.07094335e-02+2.52486228e-16j -7.07094335e-02-2.51024249e-16j
  2.09636022e-18-3.49299447e-16j -1.69802313e-18+3.42441709e-16j], Seed dd: [ 7.07094335e-02+2.32847134e-16j -7.07094335e-02-2.33834668e-16j
  7.55798234e-19-3.99166976e-16j -2.43746965e-18+3.92519091e-16j]
F_onsite: (1.4523016981023685e-20-2.165724528170382e-20j)
F_swave: (2.9567130682669146e-22+1.1454864025825411e-20j), F_dwave: (-1.5243860067812454e-21+7.304156975872271e-20j)
F_px: (-1.9407726950397393e-20+8.827509466089068e-21j), F_py: (-4.389173060709156e-20+1.2540795073902297e-20j)
Free_energy = -9228.799384057878
------------------------------------------
[{'stable': {'Fuu_px': np.complex128(0.0705417588363837+3.5223753938495752e-16j), 'Fdd_px': np.complex128(0.07054175883638372+3.0978708033498937e-16j)}, 'free': np.float64(-9228.799384057878)}]
------------------------------------------
  Seed: uu+dd:px+py
  Seed uu: [ 0.03767905-0.03418639j -0.03767905+0.03418639j  0.0341237 +0.03760995j
 -0.0341237 -0.03760995j], Seed dd: [ 0.03689444-0.03500069j -0.03689444+0.03500069j  0.03496589+0.03685776j
 -0.03496589-0.03685776j]
F_onsite: (1.410421976148068e-20-1.9063530279403223e-20j)
F_swave: (-2.952738313633929e-22+1.412450130731533e-21j), F_dwave: (3.9437055186528825e-20+1.121928456363601e-20j)
F_px: (3.5918744262136013e-20-3.5564175947303144e-21j), F_py: (5.2314275804873916e-20+2.159054863243924e-20j)
Free_energy = -9231.814498799844
------------------------------------------
[{'stable': {'Fuu_px': np.complex128(0.03756875893970897-0.034086329268931986j), 'Fuu_py': np.complex128(0.03403405014461416+0.03751113871889909j), 'Fdd_px': np.complex128(0.0367889735590666-0.03490063680628731j), 'Fdd_py': np.complex128(0.03487161984865211+0.036758386607512544j)}, 'free': np.float64(-9231.814498799844)}]
------------------------------------------
  Seed: uu+dd:px+ipy
  Seed uu: [ 5.08311005e-02+1.55889002e-16j -5.08311005e-02-1.35404940e-16j
 -1.62189181e-16+5.08311005e-02j  1.50845292e-16-5.08311005e-02j], Seed dd: [ 5.08311005e-02+1.54931643e-16j -5.08311005e-02-1.34178224e-16j
 -1.60238358e-16+5.08311005e-02j  1.50233628e-16-5.08311005e-02j]
F_onsite: (-4.5928604697969255e-20-3.960002932896752e-20j)
F_swave: (-2.189679035206575e-21+5.506020448486026e-21j), F_dwave: (4.658577940741246e-20-5.191916247069532e-20j)
F_px: (4.601333986551314e-21+6.273929394970488e-20j), F_py: (5.079647712499824e-20-1.5544068915463025e-20j)
Free_energy = -9231.81958063581
------------------------------------------
[{'stable': {'Fuu_px': np.complex128(0.03756875893970897-0.034086329268931986j), 'Fuu_py': np.complex128(0.03403405014461416+0.03751113871889909j), 'Fdd_px': np.complex128(0.0367889735590666-0.03490063680628731j), 'Fdd_py': np.complex128(0.03487161984865211+0.036758386607512544j)}, 'free': np.float64(-9231.814498799844)}, {'stable': {'Fuu_px': np.complex128(0.05068975788732874+2.9076690256483486e-16j), 'Fuu_py': np.complex128(-2.5316848646475575e-16+0.05068975788732838j), 'Fdd_px': np.complex128(0.05068975788732873+2.8538358466856015e-16j), 'Fdd_py': np.complex128(-2.4748897173473806e-16+0.05068975788732836j)}, 'free': np.float64(-9231.81958063581)}]
------------------------------------------
====================================
mu=0.08, T=0.0216
====================================
  Seed: normal state
  Seed uu: [0.+0.j 0.+0.j 0.+0.j 0.+0.j], Seed dd: [0.+0.j 0.+0.j 0.+0.j 0.+0.j]
F_onsite: 0j
F_swave: 0j, F_dwave: 0j
F_px: 0j, F_py: 0j
Free_energy = -9133.767936610087
------------------------------------------
[{'stable': {}, 'free': np.float64(-9133.767936610087)}]
------------------------------------------
  Seed: uu:px
  Seed uu: [ 7.05417588e-02+2.95658968e-16j -7.05417588e-02-2.68870757e-16j
 -9.90790320e-19-4.59545020e-16j  4.22378273e-19+4.45910225e-16j], Seed dd: [0.+0.j 0.+0.j 0.+0.j 0.+0.j]
F_onsite: (1.361796585080164e-20-8.855015901168277e-21j)
F_swave: (-1.650976255976107e-22+3.3398758697700603e-22j), F_dwave: (-1.3452868225204064e-20+1.8375790031745498e-20j)
F_px: (8.490764946960553e-20+4.679407911753362e-34j), F_py: (-2.172246025100005e-22-5.7122629311305365e-21j)
Free_energy = -9181.033416737564
------------------------------------------
[{'stable': {'Fuu_px': np.complex128(0.07025627826815353+3.3416452973829053e-16j)}, 'free': np.float64(-9181.033416737564)}]
------------------------------------------
  Seed: uu:px+py
  Seed uu: [ 0.0315944-0.03958842j -0.0315944+0.03958842j  0.0396485+0.03164236j
 -0.0396485-0.03164236j], Seed dd: [0.+0.j 0.+0.j 0.+0.j 0.+0.j]
F_onsite: (6.526572551418208e-20+7.997402695887718e-21j)
F_swave: (-1.6540748652639274e-21-1.9905783451531304e-22j), F_dwave: (2.0635954455793592e-20+2.4719777999065138e-20j)
F_px: (-4.3828737579899334e-20+1.09153239211478e-20j), F_py: (-3.9690239611874293e-20+1.004952600014834e-21j)
Free_energy = -9182.470543610189
------------------------------------------
[{'stable': {'Fuu_px': np.complex128(0.031453340730239185-0.03941166221755264j), 'Fuu_py': np.complex128(0.03946179748445277+0.031493352278691725j)}, 'free': np.float64(-9182.470543610189)}]
------------------------------------------
  Seed: uu:px+ipy
  Seed uu: [ 5.06897579e-02+2.71274266e-16j -5.06897579e-02-2.76994544e-16j
 -2.46017967e-16+5.06897579e-02j  2.34319277e-16-5.06897579e-02j], Seed dd: [0.+0.j 0.+0.j 0.+0.j 0.+0.j]
F_onsite: (-1.7118046611459318e-20+9.311412699905419e-21j)
F_swave: (2.934210385701312e-22-4.439498165734967e-22j), F_dwave: (2.2612916464921856e-20-6.323214979914607e-21j)
F_px: (-4.255731802002915e-20-1.1308147982434747e-19j), F_py: (-1.225822841378109e-19-4.42625396252967e-20j)
Free_energy = -9182.471818097703
------------------------------------------
[{'stable': {'Fuu_px': np.complex128(0.031453340730239185-0.03941166221755264j), 'Fuu_py': np.complex128(0.03946179748445277+0.031493352278691725j)}, 'free': np.float64(-9182.470543610189)}, {'stable': {'Fuu_px': np.complex128(0.050456729536774714+2.83290751544352e-16j), 'Fuu_py': np.complex128(-2.9732309639526075e-16+0.05045672953677406j)}, 'free': np.float64(-9182.471818097703)}]
------------------------------------------
  Seed: dd:px
  Seed uu: [0.+0.j 0.+0.j 0.+0.j 0.+0.j], Seed dd: [ 7.05417588e-02+2.74788076e-16j -7.05417588e-02-2.48707984e-16j
  1.47244766e-19-4.54261229e-16j  1.63620957e-18+4.45778088e-16j]
F_onsite: (2.059793293077886e-20-1.1672252141625459e-35j)
F_swave: (-2.3799148110764377e-22-1.128474576789396e-36j), F_dwave: (1.9130649677184457e-20+1.1660903960157092e-35j)
F_px: (1.504632769052528e-36+7.61090068966229e-21j), F_py: (-1.504632769052528e-36+5.9347460615131444e-21j)
Free_energy = -9181.033416737564
------------------------------------------
[{'stable': {'Fuu_px': np.complex128(0.031453340730239185-0.03941166221755264j), 'Fuu_py': np.complex128(0.03946179748445277+0.031493352278691725j)}, 'free': np.float64(-9182.470543610189)}, {'stable': {'Fuu_px': np.complex128(0.050456729536774714+2.83290751544352e-16j), 'Fuu_py': np.complex128(-2.9732309639526075e-16+0.05045672953677406j)}, 'free': np.float64(-9182.471818097703)}]
------------------------------------------
  Seed: dd:px+py
  Seed uu: [0.+0.j 0.+0.j 0.+0.j 0.+0.j], Seed dd: [ 0.02818842-0.04208157j -0.02818842+0.04208157j  0.0421455 +0.02823125j
 -0.0421455 -0.02823125j]
F_onsite: (1.980329752699344e-20-3.127554385218892e-22j)
F_swave: (-2.7112354891437554e-22-5.557593902329567e-25j), F_dwave: (1.4786992830205493e-20+8.329416764889028e-22j)
F_px: (1.6608669849405324e-22+6.143540124660767e-21j), F_py: (1.8037447591067416e-23-5.7300857379827294e-21j)
Free_energy = -9182.47054360521
------------------------------------------
[{'stable': {'Fuu_px': np.complex128(0.031453340730239185-0.03941166221755264j), 'Fuu_py': np.complex128(0.03946179748445277+0.031493352278691725j)}, 'free': np.float64(-9182.470543610189)}, {'stable': {'Fuu_px': np.complex128(0.050456729536774714+2.83290751544352e-16j), 'Fuu_py': np.complex128(-2.9732309639526075e-16+0.05045672953677406j)}, 'free': np.float64(-9182.471818097703)}, {'stable': {'Fdd_px': np.complex128(0.02806256764840665-0.04189368531159613j), 'Fdd_py': np.complex128(0.04194703049441123+0.028098301024220264j)}, 'free': np.float64(-9182.47054360521)}]
------------------------------------------
  Seed: dd:px+ipy
  Seed uu: [0.+0.j 0.+0.j 0.+0.j 0.+0.j], Seed dd: [ 5.06897579e-02+2.67694228e-16j -5.06897579e-02-2.76002404e-16j
 -2.41735315e-16+5.06897579e-02j  2.29454237e-16-5.06897579e-02j]
F_onsite: (-7.525101997181438e-21-3.12182274032488e-21j)
F_swave: (2.3909594118352345e-22+2.2031215519810246e-23j), F_dwave: (-9.073640485720122e-21-2.1683362381382744e-22j)
F_px: (6.86030076094729e-23+8.839127455760045e-22j), F_py: (2.7217713505249327e-22+1.0012747179916615e-21j)
Free_energy = -9182.471818097703
------------------------------------------
[{'stable': {'Fuu_px': np.complex128(0.031453340730239185-0.03941166221755264j), 'Fuu_py': np.complex128(0.03946179748445277+0.031493352278691725j)}, 'free': np.float64(-9182.470543610189)}, {'stable': {'Fuu_px': np.complex128(0.050456729536774714+2.83290751544352e-16j), 'Fuu_py': np.complex128(-2.9732309639526075e-16+0.05045672953677406j)}, 'free': np.float64(-9182.471818097703)}, {'stable': {'Fdd_px': np.complex128(0.02806256764840665-0.04189368531159613j), 'Fdd_py': np.complex128(0.04194703049441123+0.028098301024220264j)}, 'free': np.float64(-9182.47054360521)}, {'stable': {'Fdd_px': np.complex128(0.050456729536774714+2.93651632085387e-16j), 'Fdd_py': np.complex128(-2.934689906061353e-16+0.05045672953677409j)}, 'free': np.float64(-9182.471818097703)}]
------------------------------------------
  Seed: uu+dd:px
  Seed uu: [ 7.05417588e-02+3.61837970e-16j -7.05417588e-02-3.42637109e-16j
 -8.76209262e-19-4.22908675e-16j  7.00727858e-19+4.10316206e-16j], Seed dd: [ 7.05417588e-02+3.16453627e-16j -7.05417588e-02-3.03120534e-16j
 -1.82165023e-19-4.74095987e-16j -2.55764245e-19+4.62847072e-16j]
F_onsite: (3.573180312822901e-21+9.839833867284887e-21j)
F_swave: (3.3129261353250626e-23+3.09625608640083e-20j), F_dwave: (-8.671121015424626e-21-3.88134456771426e-20j)
F_px: (2.744686181383927e-20+5.390088707946151e-21j), F_py: (4.193888445435501e-20+2.781463580789965e-20j)
Free_energy = -9228.298896864992
------------------------------------------
[{'stable': {'Fuu_px': np.complex128(0.07025627826815355+3.6686492488131244e-16j), 'Fdd_px': np.complex128(0.0702562782681535+3.029908850129149e-16j)}, 'free': np.float64(-9228.298896864992)}]
------------------------------------------
  Seed: uu+dd:px+py
  Seed uu: [ 0.03756876-0.03408633j -0.03756876+0.03408633j  0.03403405+0.03751114j
 -0.03403405-0.03751114j], Seed dd: [ 0.03678897-0.03490064j -0.03678897+0.03490064j  0.03487162+0.03675839j
 -0.03487162-0.03675839j]
F_onsite: (-5.912861895053045e-20+6.6244399355350336e-21j)
F_swave: (4.341136950629017e-22+6.23543852922585e-22j), F_dwave: (-4.14659688125195e-21-2.4082609257815592e-21j)
F_px: (1.8991551873657928e-20-4.4064220361625855e-20j), F_py: (2.0176499786420298e-20+3.960853427149639e-20j)
Free_energy = -9231.173152350799
------------------------------------------
[{'stable': {'Fuu_px': np.complex128(0.03739179273523159-0.0339257669164476j), 'Fuu_py': np.complex128(0.033882144265697384+0.03734371337657124j), 'Fdd_px': np.complex128(0.03661775774218422-0.03473820930526135j), 'Fdd_py': np.complex128(0.03471399703359625+0.0365922354393383j)}, 'free': np.float64(-9231.173152350799)}]
------------------------------------------
  Seed: uu+dd:px+ipy
  Seed uu: [ 5.06897579e-02+2.89565466e-16j -5.06897579e-02-2.91968339e-16j
 -2.58541137e-16+5.06897579e-02j  2.47795836e-16-5.06897579e-02j], Seed dd: [ 5.06897579e-02+2.86965498e-16j -5.06897579e-02-2.83801671e-16j
 -2.53502297e-16+5.06897579e-02j  2.41475647e-16-5.06897579e-02j]
F_onsite: (4.1709411562776654e-20-2.7565879241758904e-21j)
F_swave: (4.441039870867566e-21+7.094287371260294e-22j), F_dwave: (-3.577426827333676e-20+2.0919684525917945e-20j)
F_px: (3.667907813512256e-20-3.3995729196122425e-20j), F_py: (-4.7476105140359235e-20+4.1228389914419386e-20j)
Free_energy = -9231.17569958533
------------------------------------------
[{'stable': {'Fuu_px': np.complex128(0.03739179273523159-0.0339257669164476j), 'Fuu_py': np.complex128(0.033882144265697384+0.03734371337657124j), 'Fdd_px': np.complex128(0.03661775774218422-0.03473820930526135j), 'Fdd_py': np.complex128(0.03471399703359625+0.0365922354393383j)}, 'free': np.float64(-9231.173152350799)}, {'stable': {'Fuu_px': np.complex128(0.0504567295367747+2.9905890513220123e-16j), 'Fuu_py': np.complex128(-3.0550151713835624e-16+0.050456729536774075j), 'Fdd_px': np.complex128(0.0504567295367747+3.075052529844251e-16j), 'Fdd_py': np.complex128(-3.137669175772229e-16+0.050456729536774055j)}, 'free': np.float64(-9231.17569958533)}]
------------------------------------------
====================================
mu=0.08, T=0.0258
====================================
  Seed: normal state
  Seed uu: [0.+0.j 0.+0.j 0.+0.j 0.+0.j], Seed dd: [0.+0.j 0.+0.j 0.+0.j 0.+0.j]
F_onsite: 0j
F_swave: 0j, F_dwave: 0j
F_px: 0j, F_py: 0j
Free_energy = -9134.879404423622
------------------------------------------
[{'stable': {}, 'free': np.float64(-9134.879404423622)}]
------------------------------------------
  Seed: uu:px
  Seed uu: [ 7.02562783e-02+3.33402385e-16j -7.02562783e-02-3.34926674e-16j
  4.27883987e-19-5.63080928e-16j -9.22537994e-20+5.65253779e-16j], Seed dd: [0.+0.j 0.+0.j 0.+0.j 0.+0.j]
F_onsite: (2.2458999962606682e-20-1.7314462474595853e-21j)
F_swave: (-4.081927372256872e-22+4.0682677188228736e-23j), F_dwave: (-2.205080722538136e-20+4.982741542849418e-20j)
F_px: (1.6342423193176082e-20+1.2638915260041235e-34j), F_py: (-2.219011899690363e-22+6.442076803009819e-22j)
Free_energy = -9181.22685506576
------------------------------------------
[{'stable': {'Fuu_px': np.complex128(0.06983314548182422+4.25295189876825e-16j)}, 'free': np.float64(-9181.22685506576)}]
------------------------------------------
  Seed: uu:px+py
  Seed uu: [ 0.03145334-0.03941166j -0.03145334+0.03941166j  0.0394618 +0.03149335j
 -0.0394618 -0.03149335j], Seed dd: [0.+0.j 0.+0.j 0.+0.j 0.+0.j]
F_onsite: (-7.922136494941722e-21-1.5731040458223383e-20j)
F_swave: (1.346306101278271e-22+2.0501860240989105e-22j), F_dwave: (2.279093674667151e-21+5.073110802696692e-21j)
F_px: (9.455212102511862e-20-9.017266405521939e-20j), F_py: (1.0795436432651373e-19+5.714358667591648e-20j)
Free_energy = -9182.587039756854
------------------------------------------
[{'stable': {'Fuu_px': np.complex128(0.031248997289473723-0.03915561581749309j), 'Fuu_py': np.complex128(0.03919751536733594+0.031282436143444815j)}, 'free': np.float64(-9182.587039756854)}]
------------------------------------------
  Seed: uu:px+ipy
  Seed uu: [ 5.04567295e-02+2.97461189e-16j -5.04567295e-02-2.69120314e-16j
 -3.02329829e-16+5.04567295e-02j  2.92316364e-16-5.04567295e-02j], Seed dd: [0.+0.j 0.+0.j 0.+0.j 0.+0.j]
F_onsite: (2.0648069799906324e-20+6.515390578532161e-22j)
F_swave: (-6.697811466403806e-22+7.817295442720687e-23j), F_dwave: (-1.4099498101635432e-20-5.2923034422309625e-20j)
F_px: (3.9839785227062637e-20+6.510531177068342e-20j), F_py: (5.976752687102274e-20+5.0280200131766494e-20j)
Free_energy = -9182.588416619525
------------------------------------------
[{'stable': {'Fuu_px': np.complex128(0.031248997289473723-0.03915561581749309j), 'Fuu_py': np.complex128(0.03919751536733594+0.031282436143444815j)}, 'free': np.float64(-9182.587039756854)}, {'stable': {'Fuu_px': np.complex128(0.050123917277705606+4.436709343927966e-16j), 'Fuu_py': np.complex128(-3.755964846087446e-16+0.050123917277705335j)}, 'free': np.float64(-9182.588416619525)}]
------------------------------------------
  Seed: dd:px
  Seed uu: [0.+0.j 0.+0.j 0.+0.j 0.+0.j], Seed dd: [ 7.02562783e-02+2.87684735e-16j -7.02562783e-02-2.81326165e-16j
 -1.35510051e-18-5.43503985e-16j  9.94635056e-19+5.38067674e-16j]
F_onsite: (6.257969809031278e-20-2.530338595838922e-35j)
F_swave: (-5.509809395290026e-22+0j), F_dwave: (3.9127641752203184e-20+6.770847460736376e-36j)
F_px: (1.2037062152420224e-35+4.571429951663763e-21j), F_py: (-3.009265538105056e-36+3.631560327567321e-23j)
Free_energy = -9181.226855065765
------------------------------------------
[{'stable': {'Fuu_px': np.complex128(0.031248997289473723-0.03915561581749309j), 'Fuu_py': np.complex128(0.03919751536733594+0.031282436143444815j)}, 'free': np.float64(-9182.587039756854)}, {'stable': {'Fuu_px': np.complex128(0.050123917277705606+4.436709343927966e-16j), 'Fuu_py': np.complex128(-3.755964846087446e-16+0.050123917277705335j)}, 'free': np.float64(-9182.588416619525)}]
------------------------------------------
  Seed: dd:px+py
  Seed uu: [0.+0.j 0.+0.j 0.+0.j 0.+0.j], Seed dd: [ 0.02806257-0.04189369j -0.02806257+0.04189369j  0.04194703+0.0280983j
 -0.04194703-0.0280983j ]
F_onsite: (-1.1949695251408425e-21+3.2053267970194896e-22j)
F_swave: (-2.742516990258718e-23-1.998066195300123e-24j), F_dwave: (6.51702816460303e-21-6.3254484068350715e-22j)
F_px: (-2.686963362784155e-22+7.139541884436343e-21j), F_py: (-2.1145654349201726e-25+3.544176563620287e-21j)
Free_energy = -9182.587039753407
------------------------------------------
[{'stable': {'Fuu_px': np.complex128(0.031248997289473723-0.03915561581749309j), 'Fuu_py': np.complex128(0.03919751536733594+0.031282436143444815j)}, 'free': np.float64(-9182.587039756854)}, {'stable': {'Fuu_px': np.complex128(0.050123917277705606+4.436709343927966e-16j), 'Fuu_py': np.complex128(-3.755964846087446e-16+0.050123917277705335j)}, 'free': np.float64(-9182.588416619525)}, {'stable': {'Fdd_px': np.complex128(0.02788025587841151-0.041621518059601466j), 'Fdd_py': np.complex128(0.04166610023269508+0.02791011933489792j)}, 'free': np.float64(-9182.587039753407)}]
------------------------------------------
  Seed: dd:px+ipy
  Seed uu: [0.+0.j 0.+0.j 0.+0.j 0.+0.j], Seed dd: [ 5.04567295e-02+3.09839464e-16j -5.04567295e-02-2.77463800e-16j
 -2.99192207e-16+5.04567295e-02j  2.87745774e-16-5.04567295e-02j]
F_onsite: (-8.561296771577314e-23-2.7516709459879156e-21j)
F_swave: (-7.146192715435964e-23+3.121574904255911e-23j), F_dwave: (-3.977611674167147e-21-4.429723713232339e-22j)
F_px: (-3.4335284866982537e-22-7.461999599001697e-21j), F_py: (6.811579789287575e-22+6.957705377143906e-21j)
Free_energy = -9182.588416619525
------------------------------------------
[{'stable': {'Fuu_px': np.complex128(0.031248997289473723-0.03915561581749309j), 'Fuu_py': np.complex128(0.03919751536733594+0.031282436143444815j)}, 'free': np.float64(-9182.587039756854)}, {'stable': {'Fuu_px': np.complex128(0.050123917277705606+4.436709343927966e-16j), 'Fuu_py': np.complex128(-3.755964846087446e-16+0.050123917277705335j)}, 'free': np.float64(-9182.588416619525)}, {'stable': {'Fdd_px': np.complex128(0.02788025587841151-0.041621518059601466j), 'Fdd_py': np.complex128(0.04166610023269508+0.02791011933489792j)}, 'free': np.float64(-9182.587039753407)}, {'stable': {'Fdd_px': np.complex128(0.050123917277705585+4.651394608969897e-16j), 'Fdd_py': np.complex128(-3.907776443641466e-16+0.05012391727770534j)}, 'free': np.float64(-9182.588416619525)}]
------------------------------------------
  Seed: uu+dd:px
  Seed uu: [ 7.02562783e-02+3.74168546e-16j -7.02562783e-02-3.59561304e-16j
 -3.64541805e-19-5.16322327e-16j -1.01696893e-19+5.17483609e-16j], Seed dd: [ 7.02562783e-02+3.06673202e-16j -7.02562783e-02-2.99308568e-16j
 -1.60637151e-18-6.01502977e-16j -4.59654340e-19+5.97092053e-16j]
F_onsite: (1.7007332525878063e-20+5.328817609833619e-21j)
F_swave: (-6.845884130789283e-23-2.1014017929484156e-20j), F_dwave: (3.97807766429662e-21+1.155030314737278e-19j)
F_px: (-9.545470580081476e-21-1.7529367673202917e-20j), F_py: (-5.090521353048228e-20-1.0492466627231811e-20j)
Free_energy = -9227.574305707818
------------------------------------------
[{'stable': {'Fuu_px': np.complex128(0.0698331454818243+4.485355240182169e-16j), 'Fdd_px': np.complex128(0.06983314548182429+3.573758265314593e-16j)}, 'free': np.float64(-9227.574305707818)}]
------------------------------------------
  Seed: uu+dd:px+py
  Seed uu: [ 0.03739179-0.03392577j -0.03739179+0.03392577j  0.03388214+0.03734371j
 -0.03388214-0.03734371j], Seed dd: [ 0.03661776-0.03473821j -0.03661776+0.03473821j  0.034714  +0.03659224j
 -0.034714  -0.03659224j]
F_onsite: (-2.0378093181532223e-20-4.8343621315037245e-20j)
F_swave: (2.6964308174866545e-21+1.5734995881622605e-21j), F_dwave: (4.605474770296073e-20-2.937293064507652e-20j)
F_px: (1.589223790547611e-21+5.3088447683479916e-20j), F_py: (9.957497472042095e-21-4.4944405845547776e-20j)
Free_energy = -9230.294676256995
------------------------------------------
[{'stable': {'Fuu_px': np.complex128(0.037141328589066776-0.03369851950138286j), 'Fuu_py': np.complex128(0.0336620627404874+0.03710114722336498j), 'Fdd_px': np.complex128(0.03637417644573014-0.03450713076357011j), 'Fdd_py': np.complex128(0.03448689584288698+0.03635284669274856j)}, 'free': np.float64(-9230.294676256995)}]
------------------------------------------
  Seed: uu+dd:px+ipy
  Seed uu: [ 5.04567295e-02+3.09603565e-16j -5.04567295e-02-2.88514245e-16j
 -3.11275979e-16+5.04567295e-02j  2.99727055e-16-5.04567295e-02j], Seed dd: [ 5.04567295e-02+3.13568685e-16j -5.04567295e-02-3.01441821e-16j
 -3.20199153e-16+5.04567295e-02j  3.07334682e-16-5.04567295e-02j]
F_onsite: (3.089947128211747e-20-4.348769731961225e-20j)
F_swave: (-6.1028628816732204e-21-6.4890014318764064e-21j), F_dwave: (-2.5937234457435327e-21+5.993364719457244e-21j)
F_px: (7.470525972815023e-20+2.774223220853487e-20j), F_py: (1.4180620471002823e-20+3.7834802337290393e-20j)
Free_energy = -9230.29742881548
------------------------------------------
[{'stable': {'Fuu_px': np.complex128(0.037141328589066776-0.03369851950138286j), 'Fuu_py': np.complex128(0.0336620627404874+0.03710114722336498j), 'Fdd_px': np.complex128(0.03637417644573014-0.03450713076357011j), 'Fdd_py': np.complex128(0.03448689584288698+0.03635284669274856j)}, 'free': np.float64(-9230.294676256995)}, {'stable': {'Fuu_px': np.complex128(0.05012391727770559+4.66246532959051e-16j), 'Fuu_py': np.complex128(-3.9409520772074567e-16+0.05012391727770538j), 'Fdd_px': np.complex128(0.05012391727770557+4.861660214911732e-16j), 'Fdd_py': np.complex128(-4.1406173305122006e-16+0.05012391727770535j)}, 'free': np.float64(-9230.29742881548)}]
------------------------------------------
====================================
mu=0.08, T=0.0299
====================================
  Seed: normal state
  Seed uu: [0.+0.j 0.+0.j 0.+0.j 0.+0.j], Seed dd: [0.+0.j 0.+0.j 0.+0.j 0.+0.j]
F_onsite: 0j
F_swave: 0j, F_dwave: 0j
F_px: 0j, F_py: 0j
Free_energy = -9136.139754277481
------------------------------------------
[{'stable': {}, 'free': np.float64(-9136.139754277481)}]
------------------------------------------
  Seed: uu:px
  Seed uu: [ 6.98331455e-02+4.35239198e-16j -6.98331455e-02-4.15351182e-16j
  1.15791389e-18-8.08793645e-16j -8.31614301e-20+8.02005099e-16j], Seed dd: [0.+0.j 0.+0.j 0.+0.j 0.+0.j]
F_onsite: (-1.6152250417218186e-20-5.0570271928186224e-20j)
F_swave: (3.967584240980969e-22+1.0942227836705886e-21j), F_dwave: (1.575549199312113e-20-5.0246472458011944e-20j)
F_px: (1.1831181852569906e-19+1.1013911869464505e-33j), F_py: (1.1777417613833598e-23+5.4714571310826526e-21j)
Free_energy = -9181.369180207499
------------------------------------------
[{'stable': {'Fuu_px': np.complex128(0.06925143876414713+6.5169417942545385e-16j)}, 'free': np.float64(-9181.369180207499)}]
------------------------------------------
  Seed: uu:px+py
  Seed uu: [ 0.031249  -0.03915562j -0.031249  +0.03915562j  0.03919752+0.03128244j
 -0.03919752-0.03128244j], Seed dd: [0.+0.j 0.+0.j 0.+0.j 0.+0.j]
F_onsite: (-1.3549155635917004e-20-2.979154203718889e-20j)
F_swave: (3.9465428466964585e-22+4.947875153651947e-22j), F_dwave: (-1.4025822936727092e-20-3.8689667751441026e-20j)
F_px: (-3.7177782403248123e-20-9.181338363362003e-20j), F_py: (-7.226583246513437e-21+1.0358723605757004e-19j)
Free_energy = -9182.65338372304
------------------------------------------
[{'stable': {'Fuu_px': np.complex128(0.030974765493383905-0.0388119979166321j), 'Fuu_py': np.complex128(0.03884708125082477+0.03100276451707963j)}, 'free': np.float64(-9182.65338372304)}]
------------------------------------------
  Seed: uu:px+ipy
  Seed uu: [ 5.01239173e-02+4.49321862e-16j -5.01239173e-02-4.38020007e-16j
 -3.81109399e-16+5.01239173e-02j  3.70083571e-16-5.01239173e-02j], Seed dd: [0.+0.j 0.+0.j 0.+0.j 0.+0.j]
F_onsite: (-1.188597160389918e-19+6.77865677441301e-20j)
F_swave: (3.0860879787727165e-21-1.6646240522408678e-21j), F_dwave: (-1.280605983194215e-21+3.527809995905932e-20j)
F_px: (-4.247811726427256e-20+6.647447912396692e-20j), F_py: (4.759529735162531e-20-3.201837567138831e-20j)
Free_energy = -9182.65483667778
------------------------------------------
[{'stable': {'Fuu_px': np.complex128(0.030974765493383905-0.0388119979166321j), 'Fuu_py': np.complex128(0.03884708125082477+0.03100276451707963j)}, 'free': np.float64(-9182.65338372304)}, {'stable': {'Fuu_px': np.complex128(0.04967996604143403+5.085596667924456e-16j), 'Fuu_py': np.complex128(-4.916727150301714e-16+0.04967996604143357j)}, 'free': np.float64(-9182.65483667778)}]
------------------------------------------
  Seed: dd:px
  Seed uu: [0.+0.j 0.+0.j 0.+0.j 0.+0.j], Seed dd: [ 6.98331455e-02+3.31134137e-16j -6.98331455e-02-3.24552638e-16j
 -2.05074617e-19-7.71360665e-16j -1.71205211e-18+7.60312497e-16j]
F_onsite: (4.4536789679916796e-20-1.233072345909204e-35j)
F_swave: (-3.164521118556939e-22+6.58276836460481e-37j), F_dwave: (5.231513648624295e-20-4.70197740328915e-37j)
F_px: (9.027796614315168e-36+3.2987687106236963e-21j), F_py: (-1.2037062152420224e-35+3.922227568133413e-22j)
Free_energy = -9181.369180207499
------------------------------------------
[{'stable': {'Fuu_px': np.complex128(0.030974765493383905-0.0388119979166321j), 'Fuu_py': np.complex128(0.03884708125082477+0.03100276451707963j)}, 'free': np.float64(-9182.65338372304)}, {'stable': {'Fuu_px': np.complex128(0.04967996604143403+5.085596667924456e-16j), 'Fuu_py': np.complex128(-4.916727150301714e-16+0.04967996604143357j)}, 'free': np.float64(-9182.65483667778)}]
------------------------------------------
  Seed: dd:px+py
  Seed uu: [0.+0.j 0.+0.j 0.+0.j 0.+0.j], Seed dd: [ 0.02788026-0.04162152j -0.02788026+0.04162152j  0.0416661 +0.02791012j
 -0.0416661 -0.02791012j]
F_onsite: (3.9485953059377105e-20-1.06841067073678e-21j)
F_swave: (-3.7280472725502644e-22+2.159357917454495e-23j), F_dwave: (-2.4924956023889854e-20-5.7054236370007765e-22j)
F_px: (2.8336437890043295e-22-8.745398716904552e-22j), F_py: (-4.085423590485142e-22+4.932493958776009e-22j)
Free_energy = -9182.65338372072
------------------------------------------
[{'stable': {'Fuu_px': np.complex128(0.030974765493383905-0.0388119979166321j), 'Fuu_py': np.complex128(0.03884708125082477+0.03100276451707963j)}, 'free': np.float64(-9182.65338372304)}, {'stable': {'Fuu_px': np.complex128(0.04967996604143403+5.085596667924456e-16j), 'Fuu_py': np.complex128(-4.916727150301714e-16+0.04967996604143357j)}, 'free': np.float64(-9182.65483667778)}, {'stable': {'Fdd_px': np.complex128(0.027635589408217205-0.04125626352419877j), 'Fdd_py': np.complex128(0.04129359307270192+0.027660594679831736j)}, 'free': np.float64(-9182.65338372072)}]
------------------------------------------
  Seed: dd:px+ipy
  Seed uu: [0.+0.j 0.+0.j 0.+0.j 0.+0.j], Seed dd: [ 5.01239173e-02+4.74101599e-16j -5.01239173e-02-4.56177323e-16j
 -3.95738769e-16+5.01239173e-02j  3.85816519e-16-5.01239173e-02j]
F_onsite: (1.2527831091418771e-20-5.678761320354496e-22j)
F_swave: (-2.0442284888440923e-22+6.571015045164096e-24j), F_dwave: (-2.1495243344425717e-20+1.0123566618935288e-21j)
F_px: (1.3753049301990674e-22-5.321755108109916e-21j), F_py: (-1.0261080765663617e-21+5.20631354946493e-21j)
Free_energy = -9182.65483667778
------------------------------------------
[{'stable': {'Fuu_px': np.complex128(0.030974765493383905-0.0388119979166321j), 'Fuu_py': np.complex128(0.03884708125082477+0.03100276451707963j)}, 'free': np.float64(-9182.65338372304)}, {'stable': {'Fuu_px': np.complex128(0.04967996604143403+5.085596667924456e-16j), 'Fuu_py': np.complex128(-4.916727150301714e-16+0.04967996604143357j)}, 'free': np.float64(-9182.65483667778)}, {'stable': {'Fdd_px': np.complex128(0.027635589408217205-0.04125626352419877j), 'Fdd_py': np.complex128(0.04129359307270192+0.027660594679831736j)}, 'free': np.float64(-9182.65338372072)}, {'stable': {'Fdd_px': np.complex128(0.04967996604143405+5.223119084356092e-16j), 'Fdd_py': np.complex128(-5.089676719752261e-16+0.04967996604143354j)}, 'free': np.float64(-9182.65483667778)}]
------------------------------------------
  Seed: uu+dd:px
  Seed uu: [ 6.98331455e-02+4.58416455e-16j -6.98331455e-02-4.38654594e-16j
 -5.40651866e-19-7.37192309e-16j -1.05427147e-18+7.21718446e-16j], Seed dd: [ 6.98331455e-02+3.67556130e-16j -6.98331455e-02-3.47195523e-16j
  1.27886755e-18-8.19520364e-16j  6.24223577e-20+7.97603916e-16j]
F_onsite: (2.530043402610731e-21-6.325942209028176e-21j)
F_swave: (-7.582371983109574e-22-4.925252514244397e-21j), F_dwave: (-5.432549970228619e-21+3.669044669026058e-20j)
F_px: (2.0885747467081875e-20+1.017301169767456e-20j), F_py: (9.00860001131326e-21-2.716396738616602e-21j)
Free_energy = -9226.598606137492
------------------------------------------
[{'stable': {'Fuu_px': np.complex128(0.06925143876414717+6.303397906109033e-16j), 'Fdd_px': np.complex128(0.06925143876414713+5.144259787571125e-16j)}, 'free': np.float64(-9226.598606137492)}]
------------------------------------------
  Seed: uu+dd:px+py
  Seed uu: [ 0.03714133-0.03369852j -0.03714133+0.03369852j  0.03366206+0.03710115j
 -0.03366206-0.03710115j], Seed dd: [ 0.03637418-0.03450713j -0.03637418+0.03450713j  0.0344869 +0.03635285j
 -0.0344869 -0.03635285j]
F_onsite: (1.4693100382229898e-20+3.1754878706199175e-20j)
F_swave: (1.2459944358101818e-21-1.8584902083710007e-21j), F_dwave: (-3.760859176819175e-21+2.2574315505180203e-20j)
F_px: (-2.2938744715579102e-20+6.350287545437361e-20j), F_py: (-1.9942336822328518e-20-6.290234923601414e-20j)
Free_energy = -9229.167013953236
------------------------------------------
[{'stable': {'Fuu_px': np.complex128(0.03680924036358079-0.03339721413703917j), 'Fuu_py': np.complex128(0.03336668815919505+0.0367755956993528j), 'Fdd_px': np.complex128(0.036050332330369333-0.03419990920344952j), 'Fdd_py': np.complex128(0.03418296609971927+0.03603247250166183j)}, 'free': np.float64(-9229.167013953236)}]
------------------------------------------
  Seed: uu+dd:px+ipy
  Seed uu: [ 5.01239173e-02+4.75868880e-16j -5.01239173e-02-4.56624186e-16j
 -4.00707412e-16+5.01239173e-02j  3.87483004e-16-5.01239173e-02j], Seed dd: [ 5.01239173e-02+4.92644579e-16j -5.01239173e-02-4.79687464e-16j
 -4.19275750e-16+5.01239173e-02j  4.08847716e-16-5.01239173e-02j]
F_onsite: (-6.918971906182517e-20-2.904680305693111e-20j)
F_swave: (7.217645238761355e-21+3.1017354617383443e-21j), F_dwave: (4.1914212522076354e-20-4.353158104573697e-20j)
F_px: (6.084619438383786e-21+2.49341958696401e-21j), F_py: (-6.677139991120674e-21+1.5091186270657503e-20j)
Free_energy = -9229.169919077822
------------------------------------------
[{'stable': {'Fuu_px': np.complex128(0.03680924036358079-0.03339721413703917j), 'Fuu_py': np.complex128(0.03336668815919505+0.0367755956993528j), 'Fdd_px': np.complex128(0.036050332330369333-0.03419990920344952j), 'Fdd_py': np.complex128(0.03418296609971927+0.03603247250166183j)}, 'free': np.float64(-9229.167013953236)}, {'stable': {'Fuu_px': np.complex128(0.04967996604143407+5.108274122202618e-16j), 'Fuu_py': np.complex128(-5.060935303665147e-16+0.049679966041433515j), 'Fdd_px': np.complex128(0.04967996604143404+5.388646792304119e-16j), 'Fdd_py': np.complex128(-5.353390898759231e-16+0.04967996604143353j)}, 'free': np.float64(-9229.169919077822)}]
------------------------------------------
====================================
mu=0.08, T=0.0340
====================================
  Seed: normal state
  Seed uu: [0.+0.j 0.+0.j 0.+0.j 0.+0.j], Seed dd: [0.+0.j 0.+0.j 0.+0.j 0.+0.j]
F_onsite: 0j
F_swave: 0j, F_dwave: 0j
F_px: 0j, F_py: 0j
Free_energy = -9137.552061373377
------------------------------------------
[{'stable': {}, 'free': np.float64(-9137.552061373377)}]
------------------------------------------
  Seed: uu:px
  Seed uu: [ 6.92514388e-02+6.62924566e-16j -6.92514388e-02-6.40463793e-16j
 -1.15878078e-18-1.10841450e-15j -8.60334012e-20+1.10022290e-15j], Seed dd: [0.+0.j 0.+0.j 0.+0.j 0.+0.j]
F_onsite: (-9.265268767194069e-21+2.344390702356389e-20j)
F_swave: (9.117493024311254e-23-6.769291411850023e-22j), F_dwave: (9.174093836950506e-21+2.3519795766926714e-20j)
F_px: (4.406453813193838e-20+4.5891299456102104e-34j), F_py: (2.647208927651395e-23-6.971952102580628e-21j)
Free_energy = -9181.452907208572
------------------------------------------
[{'stable': {'Fuu_px': np.complex128(0.06849226871663487+6.563925388349754e-16j)}, 'free': np.float64(-9181.452907208572)}]
------------------------------------------
  Seed: uu:px+py
  Seed uu: [ 0.03097477-0.038812j   -0.03097477+0.038812j    0.03884708+0.03100276j
 -0.03884708-0.03100276j], Seed dd: [0.+0.j 0.+0.j 0.+0.j 0.+0.j]
F_onsite: (-3.841385747859934e-20-7.485667320868556e-22j)
F_swave: (9.102085185406668e-22-6.807030120155114e-23j), F_dwave: (1.3402164272199492e-20-2.3289194936798596e-20j)
F_px: (1.111480017160896e-20-2.0744862056167417e-20j), F_py: (1.6756174352259516e-20+2.05064539170398e-20j)
Free_energy = -9182.661560535344
------------------------------------------
[{'stable': {'Fuu_px': np.complex128(0.030622527598909828-0.03837063682127807j), 'Fuu_py': np.complex128(0.03840007246093516+0.0306460193562134j)}, 'free': np.float64(-9182.661560535344)}]
------------------------------------------
  Seed: uu:px+ipy
  Seed uu: [ 4.96799660e-02+5.10836888e-16j -4.96799660e-02-5.06282445e-16j
 -4.97405381e-16+4.96799660e-02j  4.85940049e-16-4.96799660e-02j], Seed dd: [0.+0.j 0.+0.j 0.+0.j 0.+0.j]
F_onsite: (-3.283453763205894e-20+2.3684957081347494e-21j)
F_swave: (-5.1919367206333677e-23+8.422154398991963e-23j), F_dwave: (1.0415220104989354e-21+9.011820986970819e-21j)
F_px: (1.147886258693804e-19-7.476593478215094e-20j), F_py: (-8.232340696223145e-20+1.5215277230601965e-19j)
Free_energy = -9182.663100202302
------------------------------------------
[{'stable': {'Fuu_px': np.complex128(0.030622527598909828-0.03837063682127807j), 'Fuu_py': np.complex128(0.03840007246093516+0.0306460193562134j)}, 'free': np.float64(-9182.661560535344)}, {'stable': {'Fuu_px': np.complex128(0.04911171754712519+5.704305002103663e-16j), 'Fuu_py': np.complex128(-6.009290067372211e-16+0.04911171754712425j)}, 'free': np.float64(-9182.663100202302)}]
------------------------------------------
  Seed: dd:px
  Seed uu: [0.+0.j 0.+0.j 0.+0.j 0.+0.j], Seed dd: [ 6.92514388e-02+4.68647660e-16j -6.92514388e-02-4.59022242e-16j
 -1.11800408e-18-1.07916264e-15j -8.93110216e-19+1.06260209e-15j]
F_onsite: (2.2997671766213987e-20-3.653877705909127e-36j)
F_swave: (-1.773313267005047e-22+2.82118644197349e-37j), F_dwave: (1.9133229710582736e-20+2.0782740122538043e-35j)
F_px: (1.0532429383367696e-35-8.68502848142013e-22j), F_py: (1.504632769052528e-35+2.3018080341764186e-21j)
Free_energy = -9181.452907208572
------------------------------------------
[{'stable': {'Fuu_px': np.complex128(0.030622527598909828-0.03837063682127807j), 'Fuu_py': np.complex128(0.03840007246093516+0.0306460193562134j)}, 'free': np.float64(-9182.661560535344)}, {'stable': {'Fuu_px': np.complex128(0.04911171754712519+5.704305002103663e-16j), 'Fuu_py': np.complex128(-6.009290067372211e-16+0.04911171754712425j)}, 'free': np.float64(-9182.663100202302)}]
------------------------------------------
  Seed: dd:px+py
  Seed uu: [0.+0.j 0.+0.j 0.+0.j 0.+0.j], Seed dd: [ 0.02763559-0.04125626j -0.02763559+0.04125626j  0.04129359+0.02766059j
 -0.04129359-0.02766059j]
F_onsite: (-1.2501229377499941e-20-1.8392194468033732e-21j)
F_swave: (-1.2170887231966987e-22+1.875689352456229e-23j), F_dwave: (-2.59244551040396e-20-1.2103724712818582e-22j)
F_px: (5.729455468075587e-22+8.08945543789609e-21j), F_py: (8.6671762769135e-22-7.772500554753812e-21j)
Free_energy = -9182.661560533823
------------------------------------------
[{'stable': {'Fuu_px': np.complex128(0.030622527598909828-0.03837063682127807j), 'Fuu_py': np.complex128(0.03840007246093516+0.0306460193562134j)}, 'free': np.float64(-9182.661560535344)}, {'stable': {'Fuu_px': np.complex128(0.04911171754712519+5.704305002103663e-16j), 'Fuu_py': np.complex128(-6.009290067372211e-16+0.04911171754712425j)}, 'free': np.float64(-9182.663100202302)}, {'stable': {'Fdd_px': np.complex128(0.02732132569792114-0.04078710955550447j), 'Fdd_py': np.complex128(0.040818429815217445+0.027342305635599667j)}, 'free': np.float64(-9182.661560533823)}]
------------------------------------------
  Seed: dd:px+ipy
  Seed uu: [0.+0.j 0.+0.j 0.+0.j 0.+0.j], Seed dd: [ 4.96799660e-02+5.26911986e-16j -4.96799660e-02-5.17711831e-16j
 -5.14690200e-16+4.96799660e-02j  5.03245144e-16-4.96799660e-02j]
F_onsite: (1.4569076891724866e-20+6.674298966184909e-23j)
F_swave: (-3.333461068614759e-22-2.942349179938693e-23j), F_dwave: (-3.3195105648097575e-20+3.3641529397565163e-21j)
F_px: (-1.0848426854385547e-21+3.3780798703846517e-21j), F_py: (1.5217826219895772e-22-5.562026697377298e-22j)
Free_energy = -9182.663100202302
------------------------------------------
[{'stable': {'Fuu_px': np.complex128(0.030622527598909828-0.03837063682127807j), 'Fuu_py': np.complex128(0.03840007246093516+0.0306460193562134j)}, 'free': np.float64(-9182.661560535344)}, {'stable': {'Fuu_px': np.complex128(0.04911171754712519+5.704305002103663e-16j), 'Fuu_py': np.complex128(-6.009290067372211e-16+0.04911171754712425j)}, 'free': np.float64(-9182.663100202302)}, {'stable': {'Fdd_px': np.complex128(0.02732132569792114-0.04078710955550447j), 'Fdd_py': np.complex128(0.040818429815217445+0.027342305635599667j)}, 'free': np.float64(-9182.661560533823)}, {'stable': {'Fdd_px': np.complex128(0.0491117175471252+5.826467005432435e-16j), 'Fdd_py': np.complex128(-6.158324720348217e-16+0.04911171754712422j)}, 'free': np.float64(-9182.663100202302)}]
------------------------------------------
  Seed: uu+dd:px
  Seed uu: [ 6.92514388e-02+6.43151640e-16j -6.92514388e-02-6.17527941e-16j
 -1.89245028e-18-1.04853933e-15j -1.26430917e-18+1.03203781e-15j], Seed dd: [ 6.92514388e-02+5.23040198e-16j -6.92514388e-02-5.05811760e-16j
  8.24924064e-19-1.14898156e-15j -1.58633389e-18+1.13955652e-15j]
F_onsite: (-1.007161937444535e-20+3.666029764400918e-20j)
F_swave: (-2.829251640327847e-22-3.783083200948567e-21j), F_dwave: (-9.577149042591692e-22+6.301249342191277e-20j)
F_px: (-1.3787245776227447e-20+3.5215123046818624e-21j), F_py: (-6.236421278758205e-21+1.2598415417291051e-20j)
Free_energy = -9225.353753043713
------------------------------------------
[{'stable': {'Fuu_px': np.complex128(0.06849226871663489+6.081997257982152e-16j), 'Fdd_px': np.complex128(0.06849226871663489+5.009349938386176e-16j)}, 'free': np.float64(-9225.353753043713)}]
------------------------------------------
  Seed: uu+dd:px+py
  Seed uu: [ 0.03680924-0.03339721j -0.03680924+0.03339721j  0.03336669+0.0367756j
 -0.03336669-0.0367756j ], Seed dd: [ 0.03605033-0.03419991j -0.03605033+0.03419991j  0.03418297+0.03603247j
 -0.03418297-0.03603247j]
F_onsite: (-2.2424958490994934e-20+1.77319316905467e-20j)
F_swave: (-3.203722192598271e-21-1.6104348317002337e-21j), F_dwave: (1.2111925002594824e-20-2.787541687249302e-20j)
F_px: (5.803519812111137e-20+5.536315153613153e-21j), F_py: (6.275087613912422e-20+3.5135147417841455e-21j)
Free_energy = -9227.77106022808
------------------------------------------
[{'stable': {'Fuu_px': np.complex128(0.03638565076000075-0.03301288909916096j), 'Fuu_py': np.complex128(0.03298727717524644+0.03635742219399905j), 'Fdd_px': np.complex128(0.0356366035426581-0.033807416650401406j), 'Fdd_py': np.complex128(0.03379320103847533+0.035621618779653016j)}, 'free': np.float64(-9227.77106022808)}]
------------------------------------------
  Seed: uu+dd:px+ipy
  Seed uu: [ 4.96799660e-02+5.21086464e-16j -4.96799660e-02-5.00568361e-16j
 -5.11518326e-16+4.96799660e-02j  5.00668734e-16-4.96799660e-02j], Seed dd: [ 4.96799660e-02+5.44025545e-16j -4.96799660e-02-5.33703813e-16j
 -5.41682176e-16+4.96799660e-02j  5.28996004e-16-4.96799660e-02j]
F_onsite: (-1.412253664337896e-19+1.0771015581300933e-19j)
F_swave: (5.64375557426775e-21-8.78002063725406e-21j), F_dwave: (6.240117996402453e-20+4.537217783449476e-20j)
F_px: (-1.3503397608278373e-20-9.243207960510955e-21j), F_py: (-4.66707729946261e-20+8.775440769488895e-21j)
Free_energy = -9227.774139031088
------------------------------------------
[{'stable': {'Fuu_px': np.complex128(0.03638565076000075-0.03301288909916096j), 'Fuu_py': np.complex128(0.03298727717524644+0.03635742219399905j), 'Fdd_px': np.complex128(0.0356366035426581-0.033807416650401406j), 'Fdd_py': np.complex128(0.03379320103847533+0.035621618779653016j)}, 'free': np.float64(-9227.77106022808)}, {'stable': {'Fuu_px': np.complex128(0.04911171754712526+6.123690866623969e-16j), 'Fuu_py': np.complex128(-6.293131337392719e-16+0.04911171754712418j), 'Fdd_px': np.complex128(0.04911171754712518+6.380326497169853e-16j), 'Fdd_py': np.complex128(-6.696810034697377e-16+0.04911171754712422j)}, 'free': np.float64(-9227.774139031088)}]
------------------------------------------
====================================
mu=0.08, T=0.0381
====================================
  Seed: normal state
  Seed uu: [0.+0.j 0.+0.j 0.+0.j 0.+0.j], Seed dd: [0.+0.j 0.+0.j 0.+0.j 0.+0.j]
F_onsite: 0j
F_swave: 0j, F_dwave: 0j
F_px: 0j, F_py: 0j
Free_energy = -9139.11869188655
------------------------------------------
[{'stable': {}, 'free': np.float64(-9139.11869188655)}]
------------------------------------------
  Seed: uu:px
  Seed uu: [ 6.84922687e-02+6.65459418e-16j -6.84922687e-02-6.47325660e-16j
  3.73398593e-18-1.47606243e-15j -3.46960577e-18+1.45542717e-15j], Seed dd: [0.+0.j 0.+0.j 0.+0.j 0.+0.j]
F_onsite: (-2.1603726726901823e-22-6.998480460433149e-20j)
F_swave: (-1.5809235698347186e-23+8.389220090464321e-22j), F_dwave: (2.3184650296824464e-22+3.4364728540630295e-20j)
F_px: (1.736376908640819e-19+2.2960696055741577e-33j), F_py: (-4.7045572222120505e-23-2.548904222083018e-22j)
Free_energy = -9181.467240525324
------------------------------------------
[{'stable': {'Fuu_px': np.complex128(0.06753359055787471+6.253731864548981e-16j)}, 'free': np.float64(-9181.467240525324)}]
------------------------------------------
  Seed: uu:px+py
  Seed uu: [ 0.03062253-0.03837064j -0.03062253+0.03837064j  0.03840007+0.03064602j
 -0.03840007-0.03064602j], Seed dd: [0.+0.j 0.+0.j 0.+0.j 0.+0.j]
F_onsite: (3.7615272921569094e-20+7.352770113183177e-20j)
F_swave: (-9.826362951884603e-22-1.624391288076846e-21j), F_dwave: (-1.1110454863110297e-20+4.270165546836447e-20j)
F_px: (-6.713964583560275e-20-7.857278378749146e-20j), F_py: (-3.1079907594356755e-20+1.0622292667630237e-19j)
Free_energy = -9182.602021512677
------------------------------------------
[{'stable': {'Fuu_px': np.complex128(0.030183059485003882-0.037819974524093115j), 'Fuu_py': np.complex128(0.03784472421673782+0.03020281151960272j)}, 'free': np.float64(-9182.602021512677)}]
------------------------------------------
  Seed: uu:px+ipy
  Seed uu: [ 4.91117175e-02+5.74454568e-16j -4.91117175e-02-5.66406432e-16j
 -6.06786822e-16+4.91117175e-02j  5.95071192e-16-4.91117175e-02j], Seed dd: [0.+0.j 0.+0.j 0.+0.j 0.+0.j]
F_onsite: (-4.653667589231645e-20+7.079702405290183e-21j)
F_swave: (7.372953511868197e-22-2.8080207251769024e-22j), F_dwave: (1.9572188405923454e-22-1.6028914236383502e-20j)
F_px: (-2.7896446779613916e-20-3.7919743994811057e-20j), F_py: (-5.244159492072825e-20-2.809667690856294e-20j)
Free_energy = -9182.60202640874
------------------------------------------
[{'stable': {'Fuu_px': np.complex128(0.030183059485003882-0.037819974524093115j), 'Fuu_py': np.complex128(0.03784472421673782+0.03020281151960272j)}, 'free': np.float64(-9182.602021512677)}, {'stable': {'Fuu_px': np.complex128(0.04840351726166578+7.426993198691171e-16j), 'Fuu_py': np.complex128(-7.260981623172024e-16+0.04840351726166521j)}, 'free': np.float64(-9182.60202640874)}]
------------------------------------------
  Seed: dd:px
  Seed uu: [0.+0.j 0.+0.j 0.+0.j 0.+0.j], Seed dd: [ 6.84922687e-02+4.97495961e-16j -6.84922687e-02-4.75972695e-16j
  1.12598472e-18-1.42655828e-15j  3.84638985e-19+1.41215051e-15j]
F_onsite: (1.2836165057899515e-19+6.188201118755878e-35j)
F_swave: (-3.942024566851018e-22-3.325179644888546e-36j), F_dwave: (4.316461245245551e-20-7.94296226530005e-35j)
F_px: (-9.027796614315168e-36+1.7240807892712925e-20j), F_py: (-1.2037062152420224e-35-3.672889017137738e-23j)
Free_energy = -9181.467240525322
------------------------------------------
[{'stable': {'Fuu_px': np.complex128(0.030183059485003882-0.037819974524093115j), 'Fuu_py': np.complex128(0.03784472421673782+0.03020281151960272j)}, 'free': np.float64(-9182.602021512677)}, {'stable': {'Fuu_px': np.complex128(0.04840351726166578+7.426993198691171e-16j), 'Fuu_py': np.complex128(-7.260981623172024e-16+0.04840351726166521j)}, 'free': np.float64(-9182.60202640874)}]
------------------------------------------
  Seed: dd:px+py
  Seed uu: [0.+0.j 0.+0.j 0.+0.j 0.+0.j], Seed dd: [ 0.02732133-0.04078711j -0.02732133+0.04078711j  0.04081843+0.02734231j
 -0.04081843-0.02734231j]
F_onsite: (-9.007067443930395e-21+9.114629999254644e-24j)
F_swave: (8.085483910517078e-23+2.2723531209213992e-23j), F_dwave: (3.07823385248367e-20+1.0209989403373491e-21j)
F_px: (4.868557143210719e-22+1.1802381417940048e-20j), F_py: (-5.417753611252492e-22-1.0196719533394329e-20j)
Free_energy = -9182.602021511602
------------------------------------------
[{'stable': {'Fuu_px': np.complex128(0.030183059485003882-0.037819974524093115j), 'Fuu_py': np.complex128(0.03784472421673782+0.03020281151960272j)}, 'free': np.float64(-9182.602021512677)}, {'stable': {'Fuu_px': np.complex128(0.04840351726166578+7.426993198691171e-16j), 'Fuu_py': np.complex128(-7.260981623172024e-16+0.04840351726166521j)}, 'free': np.float64(-9182.60202640874)}, {'stable': {'Fdd_px': np.complex128(0.026929235084555667-0.04020177036004075j), 'Fdd_py': np.complex128(0.04022810465447342+0.026946875163567342j)}, 'free': np.float64(-9182.602021511602)}]
------------------------------------------
  Seed: dd:px+ipy
  Seed uu: [0.+0.j 0.+0.j 0.+0.j 0.+0.j], Seed dd: [ 4.91117175e-02+5.88267876e-16j -4.91117175e-02-5.77025525e-16j
 -6.21138842e-16+4.91117175e-02j  6.10526102e-16-4.91117175e-02j]
F_onsite: (-4.463857781650498e-21+3.9608464369501695e-21j)
F_swave: (2.0286033153014174e-22-2.5640907625607558e-23j), F_dwave: (-4.0587396446644594e-21+1.4499413989758608e-21j)
F_px: (-8.065319604679828e-22+1.2021969311541177e-20j), F_py: (1.1440494484141027e-21+8.128662093594576e-21j)
Free_energy = -9182.60202640874
------------------------------------------
[{'stable': {'Fuu_px': np.complex128(0.030183059485003882-0.037819974524093115j), 'Fuu_py': np.complex128(0.03784472421673782+0.03020281151960272j)}, 'free': np.float64(-9182.602021512677)}, {'stable': {'Fuu_px': np.complex128(0.04840351726166578+7.426993198691171e-16j), 'Fuu_py': np.complex128(-7.260981623172024e-16+0.04840351726166521j)}, 'free': np.float64(-9182.60202640874)}, {'stable': {'Fdd_px': np.complex128(0.026929235084555667-0.04020177036004075j), 'Fdd_py': np.complex128(0.04022810465447342+0.026946875163567342j)}, 'free': np.float64(-9182.602021511602)}, {'stable': {'Fdd_px': np.complex128(0.048403517261665766+7.53143474336779e-16j), 'Fdd_py': np.complex128(-7.360692224140432e-16+0.048403517261665224j)}, 'free': np.float64(-9182.60202640874)}]
------------------------------------------
  Seed: uu+dd:px
  Seed uu: [ 6.84922687e-02+6.09767901e-16j -6.84922687e-02-6.06631550e-16j
  2.42569060e-18-1.42624689e-15j -2.48762989e-18+1.41073337e-15j], Seed dd: [ 6.84922687e-02+5.12042693e-16j -6.84922687e-02-4.89827295e-16j
  2.19130070e-19-1.43765229e-15j -2.44230039e-19+1.42303351e-15j]
F_onsite: (1.942088141614694e-20-1.5712458922932984e-20j)
F_swave: (6.629353994414792e-23-1.8405977189406845e-20j), F_dwave: (3.769314907132971e-21-1.7011475099102132e-21j)
F_px: (3.916739600227918e-20-1.1830732581577331e-21j), F_py: (-2.367725017752352e-20+1.0350656577608353e-20j)
Free_energy = -9223.815789163971
------------------------------------------
[{'stable': {'Fuu_px': np.complex128(0.06753359055787468+6.058416390126184e-16j), 'Fdd_px': np.complex128(0.06753359055787468+4.9436230933549985e-16j)}, 'free': np.float64(-9223.815789163971)}]
------------------------------------------
  Seed: uu+dd:px+py
  Seed uu: [ 0.03638565-0.03301289j -0.03638565+0.03301289j  0.03298728+0.03635742j
 -0.03298728-0.03635742j], Seed dd: [ 0.0356366-0.03380742j -0.0356366+0.03380742j  0.0337932+0.03562162j
 -0.0337932-0.03562162j]
F_onsite: (1.9766111696565405e-20-1.206020044698737e-20j)
F_swave: (2.1693802859389062e-21-6.214185776507142e-22j), F_dwave: (4.25190157677834e-21-1.9079207257835236e-20j)
F_px: (-5.34243133775394e-20+5.451126508533008e-20j), F_py: (-5.110500470078936e-20-6.132740442443462e-20j)
Free_energy = -9226.085351500586
------------------------------------------
[{'stable': {'Fuu_px': np.complex128(0.03585941103509949-0.03253542907536387j), 'Fuu_py': np.complex128(0.03251389438974765+0.0358356762584277j), 'Fdd_px': np.complex128(0.03512211328185684-0.03331933459766849j), 'Fdd_py': np.complex128(0.033307382011819986+0.035109513988405554j)}, 'free': np.float64(-9226.085351500586)}]
------------------------------------------
  Seed: uu+dd:px+ipy
  Seed uu: [ 4.91117175e-02+6.14371525e-16j -4.91117175e-02-6.10366648e-16j
 -6.34849182e-16+4.91117175e-02j  6.23777085e-16-4.91117175e-02j], Seed dd: [ 4.91117175e-02+6.46680380e-16j -4.91117175e-02-6.29384920e-16j
 -6.75564309e-16+4.91117175e-02j  6.63797698e-16-4.91117175e-02j]
F_onsite: (-3.9694396510405376e-20+4.881832880131806e-20j)
F_swave: (-1.900895772890294e-21-3.462692259113518e-21j), F_dwave: (8.122607907667178e-21+1.9306850165008126e-20j)
F_px: (5.518403904419745e-20-3.655239662702416e-20j), F_py: (-7.058529029875506e-20+6.564328669438121e-20j)
Free_energy = -9226.085360930832
------------------------------------------
[{'stable': {'Fuu_px': np.complex128(0.03585941103509949-0.03253542907536387j), 'Fuu_py': np.complex128(0.03251389438974765+0.0358356762584277j), 'Fdd_px': np.complex128(0.03512211328185684-0.03331933459766849j), 'Fdd_py': np.complex128(0.033307382011819986+0.035109513988405554j)}, 'free': np.float64(-9226.085351500586)}, {'stable': {'Fuu_px': np.complex128(0.048403517261665835+7.596102003121512e-16j), 'Fuu_py': np.complex128(-7.554971406691823e-16+0.04840351726166514j), 'Fdd_px': np.complex128(0.04840351726166579+8.025638498723476e-16j), 'Fdd_py': np.complex128(-7.999732260729499e-16+0.04840351726166514j)}, 'free': np.float64(-9226.085360930832)}]
------------------------------------------
====================================
mu=0.08, T=0.0423
====================================
  Seed: normal state
  Seed uu: [0.+0.j 0.+0.j 0.+0.j 0.+0.j], Seed dd: [0.+0.j 0.+0.j 0.+0.j 0.+0.j]
F_onsite: 0j
F_swave: 0j, F_dwave: 0j
F_px: 0j, F_py: 0j
Free_energy = -9140.840898966497
------------------------------------------
[{'stable': {}, 'free': np.float64(-9140.840898966497)}]
------------------------------------------
  Seed: uu:px
  Seed uu: [ 6.75335906e-02+6.28701841e-16j -6.75335906e-02-6.22044532e-16j
  1.92703304e-18-1.73641892e-15j -1.32468674e-18+1.72304093e-15j], Seed dd: [0.+0.j 0.+0.j 0.+0.j 0.+0.j]
F_onsite: (4.657434250842229e-21-4.865934349998836e-22j)
F_swave: (-1.2265704249009689e-22+5.085589352881332e-22j), F_dwave: (-4.534777208352363e-21+4.053645095033976e-20j)
F_px: (9.951827437344007e-20+1.1044004524845556e-33j), F_py: (-4.902894060813616e-23-7.803986838407103e-21j)
Free_energy = -9181.402166949056
------------------------------------------
[{'stable': {'Fuu_px': np.complex128(0.06635206142792216+7.574124409816019e-16j)}, 'free': np.float64(-9181.402166949056)}]
------------------------------------------
  Seed: uu:px+py
  Seed uu: [ 0.03018306-0.03781997j -0.03018306+0.03781997j  0.03784472+0.03020281j
 -0.03784472-0.03020281j], Seed dd: [0.+0.j 0.+0.j 0.+0.j 0.+0.j]
F_onsite: (1.7147636782677614e-20+1.6132764462077536e-20j)
F_swave: (-5.181988661869821e-22-8.663610706841165e-22j), F_dwave: (-4.854392127870309e-21+1.1007490300381675e-20j)
F_px: (3.744064266729677e-20-1.6176011987878506e-20j), F_py: (5.073266226726988e-20+1.8794320342747804e-20j)
Free_energy = -9182.465351025983
------------------------------------------
[{'stable': {'Fuu_px': np.complex128(0.029646311011477224-0.037147417999307306j), 'Fuu_py': np.complex128(0.03716827463339911+0.029662956105382582j)}, 'free': np.float64(-9182.465351025983)}]
------------------------------------------
  Seed: uu:px+ipy
  Seed uu: [ 4.84035173e-02+7.51275978e-16j -4.84035173e-02-7.34122661e-16j
 -7.31720793e-16+4.84035173e-02j  7.20475531e-16-4.84035173e-02j], Seed dd: [0.+0.j 0.+0.j 0.+0.j 0.+0.j]
F_onsite: (8.495550933225687e-20-2.0802305301470083e-20j)
F_swave: (-2.777057381573309e-21+2.760915905647363e-22j), F_dwave: (5.117447601955328e-20+2.91100246873372e-20j)
F_px: (-8.28583656018267e-21+5.487007991789491e-20j), F_py: (5.2350554055194514e-20+1.7007296116799547e-20j)
Free_energy = -9182.465351406736
------------------------------------------
[{'stable': {'Fuu_px': np.complex128(0.029646311011477224-0.037147417999307306j), 'Fuu_py': np.complex128(0.03716827463339911+0.029662956105382582j)}, 'free': np.float64(-9182.465351025983)}, {'stable': {'Fuu_px': np.complex128(0.04754054094211488+7.758454131610724e-16j), 'Fuu_py': np.complex128(-8.025139543377984e-16+0.047540540942113706j)}, 'free': np.float64(-9182.465351406736)}]
------------------------------------------
  Seed: dd:px
  Seed uu: [0.+0.j 0.+0.j 0.+0.j 0.+0.j], Seed dd: [ 6.75335906e-02+4.75328844e-16j -6.75335906e-02-4.67326923e-16j
 -6.53274161e-20-1.82121528e-15j  1.90916594e-18+1.82135435e-15j]
F_onsite: (2.85384172497134e-20+7.811785244979089e-35j)
F_swave: (2.8832074989064646e-22-1.504632769052528e-36j), F_dwave: (-5.878417113327014e-20+1.8055593228630336e-35j)
F_px: (5.416677968589101e-35-1.2036673230933192e-22j), F_py: (-3.009265538105056e-35-2.6257830353925325e-20j)
Free_energy = -9181.402166949056
------------------------------------------
[{'stable': {'Fuu_px': np.complex128(0.029646311011477224-0.037147417999307306j), 'Fuu_py': np.complex128(0.03716827463339911+0.029662956105382582j)}, 'free': np.float64(-9182.465351025983)}, {'stable': {'Fuu_px': np.complex128(0.04754054094211488+7.758454131610724e-16j), 'Fuu_py': np.complex128(-8.025139543377984e-16+0.047540540942113706j)}, 'free': np.float64(-9182.465351406736)}]
------------------------------------------
  Seed: dd:px+py
  Seed uu: [0.+0.j 0.+0.j 0.+0.j 0.+0.j], Seed dd: [ 0.02692924-0.04020177j -0.02692924+0.04020177j  0.0402281 +0.02694688j
 -0.0402281 -0.02694688j]
F_onsite: (8.611049352990007e-21-6.530049008510764e-22j)
F_swave: (-3.8104424858742034e-22-2.2567464972161107e-23j), F_dwave: (6.648839625877252e-21-1.0877391113979783e-23j)
F_px: (3.344664241690881e-22-3.33952676509662e-20j), F_py: (-1.904231619830034e-22+2.303321105098229e-20j)
Free_energy = -9182.465351025288
------------------------------------------
[{'stable': {'Fuu_px': np.complex128(0.029646311011477224-0.037147417999307306j), 'Fuu_py': np.complex128(0.03716827463339911+0.029662956105382582j)}, 'free': np.float64(-9182.465351025983)}, {'stable': {'Fuu_px': np.complex128(0.04754054094211488+7.758454131610724e-16j), 'Fuu_py': np.complex128(-8.025139543377984e-16+0.047540540942113706j)}, 'free': np.float64(-9182.465351406736)}, {'stable': {'Fdd_px': np.complex128(0.026450350919733315-0.03948685992300831j), 'Fdd_py': np.complex128(0.039509051905388184+0.026465216262855067j)}, 'free': np.float64(-9182.465351025288)}]
------------------------------------------
  Seed: dd:px+ipy
  Seed uu: [0.+0.j 0.+0.j 0.+0.j 0.+0.j], Seed dd: [ 4.84035173e-02+7.59627300e-16j -4.84035173e-02-7.46659649e-16j
 -7.42064654e-16+4.84035173e-02j  7.30073791e-16-4.84035173e-02j]
F_onsite: (2.4324494302092762e-20+1.1662710847793823e-21j)
F_swave: (-1.2389043866227737e-22-5.1696382844555714e-23j), F_dwave: (-2.1568858683968407e-20-3.089515965265583e-21j)
F_px: (1.4188590125063963e-21-9.548496311616141e-22j), F_py: (6.711654418940835e-22+1.018679622937058e-20j)
Free_energy = -9182.465351406736
------------------------------------------
[{'stable': {'Fuu_px': np.complex128(0.029646311011477224-0.037147417999307306j), 'Fuu_py': np.complex128(0.03716827463339911+0.029662956105382582j)}, 'free': np.float64(-9182.465351025983)}, {'stable': {'Fuu_px': np.complex128(0.04754054094211488+7.758454131610724e-16j), 'Fuu_py': np.complex128(-8.025139543377984e-16+0.047540540942113706j)}, 'free': np.float64(-9182.465351406736)}, {'stable': {'Fdd_px': np.complex128(0.026450350919733315-0.03948685992300831j), 'Fdd_py': np.complex128(0.039509051905388184+0.026465216262855067j)}, 'free': np.float64(-9182.465351025288)}, {'stable': {'Fdd_px': np.complex128(0.04754054094211482+7.713184455744717e-16j), 'Fdd_py': np.complex128(-8.108307590886515e-16+0.04754054094211374j)}, 'free': np.float64(-9182.465351406736)}]
------------------------------------------
  Seed: uu+dd:px
  Seed uu: [ 6.75335906e-02+6.12353787e-16j -6.75335906e-02-5.99329491e-16j
 -2.61389074e-21-1.68973300e-15j  5.46064936e-19+1.68559329e-15j], Seed dd: [ 6.75335906e-02+4.91395629e-16j -6.75335906e-02-4.97328989e-16j
 -2.83769272e-19-1.85372933e-15j  4.12538133e-19+1.84825548e-15j]
F_onsite: (1.2331657006689239e-20-6.70155337420333e-21j)
F_swave: (8.285316824160783e-22-3.791441855845467e-21j), F_dwave: (-8.40031217886646e-21+1.623635265421442e-20j)
F_px: (-1.7641661063896786e-20-3.021467498961005e-21j), F_py: (7.014829936363596e-21-7.298590129342884e-21j)
Free_energy = -9221.96343493142
------------------------------------------
[{'stable': {'Fuu_px': np.complex128(0.06635206142792217+7.466239411511015e-16j), 'Fdd_px': np.complex128(0.06635206142792213+6.324145978152027e-16j)}, 'free': np.float64(-9221.96343493142)}]
------------------------------------------
  Seed: uu+dd:px+py
  Seed uu: [ 0.03585941-0.03253543j -0.03585941+0.03253543j  0.03251389+0.03583568j
 -0.03251389-0.03583568j], Seed dd: [ 0.03512211-0.03331933j -0.03512211+0.03331933j  0.03330738+0.03510951j
 -0.03330738-0.03510951j]
F_onsite: (-5.22583778175739e-20+2.1842326143847026e-20j)
F_swave: (-6.989435106549288e-22-5.528600796150139e-22j), F_dwave: (1.5034820489031e-20-3.9192684778630964e-20j)
F_px: (-2.494394620139187e-20-4.563345303062304e-21j), F_py: (-3.790318201144265e-20-1.1059887023966999e-20j)
Free_energy = -9224.089803334013
------------------------------------------
[{'stable': {'Fuu_px': np.complex128(0.035218427868830796-0.03195386173383001j), 'Fuu_py': np.complex128(0.031935714394987665+0.035198426507200176j), 'Fdd_px': np.complex128(0.034495051332093574-0.03272445903451597j), 'Fdd_py': np.complex128(0.03271438655785368+0.03448443387317274j)}, 'free': np.float64(-9224.089803334013)}]
------------------------------------------
  Seed: uu+dd:px+ipy
  Seed uu: [ 4.84035173e-02+7.66301231e-16j -4.84035173e-02-7.52919169e-16j
 -7.61386058e-16+4.84035173e-02j  7.49608224e-16-4.84035173e-02j], Seed dd: [ 4.84035173e-02+8.05593290e-16j -4.84035173e-02-7.99534410e-16j
 -8.04972891e-16+4.84035173e-02j  7.94973561e-16-4.84035173e-02j]
F_onsite: (-5.237091549055611e-20+2.1444536881108453e-20j)
F_swave: (-7.855362970830569e-21+3.1188492879140024e-21j), F_dwave: (3.8526351024036763e-20+9.035027754772847e-21j)
F_px: (2.700058273981666e-20+6.414274431089263e-20j), F_py: (7.006343510581524e-20-9.36848478401597e-21j)
Free_energy = -9224.0898038468
------------------------------------------
[{'stable': {'Fuu_px': np.complex128(0.035218427868830796-0.03195386173383001j), 'Fuu_py': np.complex128(0.031935714394987665+0.035198426507200176j), 'Fdd_px': np.complex128(0.034495051332093574-0.03272445903451597j), 'Fdd_py': np.complex128(0.03271438655785368+0.03448443387317274j)}, 'free': np.float64(-9224.089803334013)}, {'stable': {'Fuu_px': np.complex128(0.04754054094211495+8.242495873879522e-16j), 'Fuu_py': np.complex128(-8.285910547591041e-16+0.04754054094211366j), 'Fdd_px': np.complex128(0.04754054094211495+8.543142542271351e-16j), 'Fdd_py': np.complex128(-8.692491126833433e-16+0.04754054094211365j)}, 'free': np.float64(-9224.0898038468)}]
------------------------------------------
====================================
mu=0.08, T=0.0464
====================================
  Seed: normal state
  Seed uu: [0.+0.j 0.+0.j 0.+0.j 0.+0.j], Seed dd: [0.+0.j 0.+0.j 0.+0.j 0.+0.j]
F_onsite: 0j
F_swave: 0j, F_dwave: 0j
F_px: 0j, F_py: 0j
Free_energy = -9142.718856704798
------------------------------------------
[{'stable': {}, 'free': np.float64(-9142.718856704798)}]
------------------------------------------
  Seed: uu:px
  Seed uu: [ 6.63520614e-02+7.60731566e-16j -6.63520614e-02-7.54093316e-16j
  2.37151358e-18-2.10492934e-15j -1.28652393e-18+2.08962864e-15j], Seed dd: [0.+0.j 0.+0.j 0.+0.j 0.+0.j]
F_onsite: (-3.0351949088256837e-20+4.124796856106465e-21j)
F_swave: (2.8253862726147063e-22-2.156349780178498e-22j), F_dwave: (3.0069410460995314e-20-2.058643022552835e-21j)
F_px: (9.20149227793253e-20+1.4201852548894549e-33j), F_py: (1.003038146655841e-22-3.622396112740329e-22j)
Free_energy = -9181.251404119626
------------------------------------------
[{'stable': {'Fuu_px': np.complex128(0.06492415800020698+9.29821126955768e-16j)}, 'free': np.float64(-9181.251404119626)}]
------------------------------------------
  Seed: uu:px+py
  Seed uu: [ 0.02964631-0.03714742j -0.02964631+0.03714742j  0.03716827+0.02966296j
 -0.03716827-0.02966296j], Seed dd: [0.+0.j 0.+0.j 0.+0.j 0.+0.j]
F_onsite: (4.269590809184225e-20-4.693550472055703e-20j)
F_swave: (-9.279003164068601e-22+8.424473980293694e-22j), F_dwave: (-2.1141991420920074e-20+2.5224885844072556e-20j)
F_px: (-6.246638606474491e-20-4.326204864310759e-21j), F_py: (-6.160175165328166e-20+1.3603600424721544e-20j)
Free_energy = -9182.24160236891
------------------------------------------
[{'stable': {'Fuu_px': np.complex128(0.02900089769989573-0.036338702268761236j), 'Fuu_py': np.complex128(0.036356198416112824+0.029014860883713654j)}, 'free': np.float64(-9182.24160236891)}]
------------------------------------------
  Seed: uu:px+ipy
  Seed uu: [ 4.75405409e-02+7.78079224e-16j -4.75405409e-02-7.73611602e-16j
 -8.07979276e-16+4.75405409e-02j  7.97048633e-16-4.75405409e-02j], Seed dd: [0.+0.j 0.+0.j 0.+0.j 0.+0.j]
F_onsite: (-7.127891013772067e-20-1.2250094424218924e-20j)
F_swave: (3.457425195505704e-21+6.119815900582247e-22j), F_dwave: (1.1535803230641654e-20-2.283284407795026e-20j)
F_px: (1.8961414746659615e-19+5.005176062967518e-20j), F_py: (2.786814390543443e-20+1.119471230973534e-19j)
Free_energy = -9182.241602620563
------------------------------------------
[{'stable': {'Fuu_px': np.complex128(0.02900089769989573-0.036338702268761236j), 'Fuu_py': np.complex128(0.036356198416112824+0.029014860883713654j)}, 'free': np.float64(-9182.24160236891)}, {'stable': {'Fuu_px': np.complex128(0.046503702503342646+9.012846663721094e-16j), 'Fuu_py': np.complex128(-8.793488688486076e-16+0.04650370250334086j)}, 'free': np.float64(-9182.241602620563)}]
------------------------------------------
  Seed: dd:px
  Seed uu: [0.+0.j 0.+0.j 0.+0.j 0.+0.j], Seed dd: [ 6.63520614e-02+6.15499456e-16j -6.63520614e-02-6.13078636e-16j
  9.31603893e-20-2.21384750e-15j  3.18285865e-19+2.20171238e-15j]
F_onsite: (7.027163180924576e-20+9.69033082178867e-36j)
F_swave: (-2.631457575037727e-22+1.128474576789396e-36j), F_dwave: (-4.8922307837755624e-21+4.890056499420716e-36j)
F_px: (6.131378533889052e-35-5.0401648664273775e-20j), F_py: (-3.76158192263132e-37+8.155355122999732e-21j)
Free_energy = -9181.251404119626
------------------------------------------
[{'stable': {'Fuu_px': np.complex128(0.02900089769989573-0.036338702268761236j), 'Fuu_py': np.complex128(0.036356198416112824+0.029014860883713654j)}, 'free': np.float64(-9182.24160236891)}, {'stable': {'Fuu_px': np.complex128(0.046503702503342646+9.012846663721094e-16j), 'Fuu_py': np.complex128(-8.793488688486076e-16+0.04650370250334086j)}, 'free': np.float64(-9182.241602620563)}]
------------------------------------------
  Seed: dd:px+py
  Seed uu: [0.+0.j 0.+0.j 0.+0.j 0.+0.j], Seed dd: [ 0.02645035-0.03948686j -0.02645035+0.03948686j  0.03950905+0.02646522j
 -0.03950905-0.02646522j]
F_onsite: (1.3131165610389855e-20+7.169802378912748e-22j)
F_swave: (2.7071413892845913e-22-3.697713052422052e-24j), F_dwave: (1.1909526346047393e-20+2.568369868931039e-21j)
F_px: (1.1734703065201877e-22+2.359823662712253e-21j), F_py: (8.245761382185974e-22-3.973206064537239e-21j)
Free_energy = -9182.241602368458
------------------------------------------
[{'stable': {'Fuu_px': np.complex128(0.02900089769989573-0.036338702268761236j), 'Fuu_py': np.complex128(0.036356198416112824+0.029014860883713654j)}, 'free': np.float64(-9182.24160236891)}, {'stable': {'Fuu_px': np.complex128(0.046503702503342646+9.012846663721094e-16j), 'Fuu_py': np.complex128(-8.793488688486076e-16+0.04650370250334086j)}, 'free': np.float64(-9182.241602620563)}, {'stable': {'Fdd_px': np.complex128(0.025874516094161443-0.03862721502963205j), 'Fdd_py': np.complex128(0.038645831369740084+0.025886986286262015j)}, 'free': np.float64(-9182.241602368458)}]
------------------------------------------
  Seed: dd:px+ipy
  Seed uu: [0.+0.j 0.+0.j 0.+0.j 0.+0.j], Seed dd: [ 4.75405409e-02+7.75208471e-16j -4.75405409e-02-7.67428420e-16j
 -8.16252141e-16+4.75405409e-02j  8.05409378e-16-4.75405409e-02j]
F_onsite: (3.884671538837769e-20+3.551235801105395e-21j)
F_swave: (-7.103312702990353e-23-2.492788250229616e-23j), F_dwave: (4.0081485076744745e-20+4.532665510458716e-21j)
F_px: (2.4428371026493904e-22-2.5446211692050122e-20j), F_py: (3.5088197108783822e-22-1.7345776712288616e-20j)
Free_energy = -9182.241602620563
------------------------------------------
[{'stable': {'Fuu_px': np.complex128(0.02900089769989573-0.036338702268761236j), 'Fuu_py': np.complex128(0.036356198416112824+0.029014860883713654j)}, 'free': np.float64(-9182.24160236891)}, {'stable': {'Fuu_px': np.complex128(0.046503702503342646+9.012846663721094e-16j), 'Fuu_py': np.complex128(-8.793488688486076e-16+0.04650370250334086j)}, 'free': np.float64(-9182.241602620563)}, {'stable': {'Fdd_px': np.complex128(0.025874516094161443-0.03862721502963205j), 'Fdd_py': np.complex128(0.038645831369740084+0.025886986286262015j)}, 'free': np.float64(-9182.241602368458)}, {'stable': {'Fdd_px': np.complex128(0.04650370250334256+9.484265762191231e-16j), 'Fdd_py': np.complex128(-9.163211687819882e-16+0.0465037025033409j)}, 'free': np.float64(-9182.241602620563)}]
------------------------------------------
  Seed: uu+dd:px
  Seed uu: [ 6.63520614e-02+7.50049686e-16j -6.63520614e-02-7.43198196e-16j
  4.15046144e-20-2.06405836e-15j -1.83208594e-18+2.06815328e-15j], Seed dd: [ 6.63520614e-02+6.42480896e-16j -6.63520614e-02-6.22348299e-16j
 -5.51471388e-19-2.28427570e-15j  2.61905234e-19+2.26962351e-15j]
F_onsite: (1.8886576912079287e-20+1.1389458600860208e-20j)
F_swave: (-2.4908580588334554e-22-9.157241383354333e-21j), F_dwave: (-2.3401174195990095e-20-5.2629680279137025e-21j)
F_px: (-5.559076897881325e-20+2.705946548908165e-21j), F_py: (8.3671865845443e-21+2.4003292245100894e-21j)
Free_energy = -9219.783951534457
------------------------------------------
[{'stable': {'Fuu_px': np.complex128(0.064924158000207+9.302632781542347e-16j), 'Fdd_px': np.complex128(0.06492415800020696+6.994955308916846e-16j)}, 'free': np.float64(-9219.783951534457)}]
------------------------------------------
  Seed: uu+dd:px+py
  Seed uu: [ 0.03521843-0.03195386j -0.03521843+0.03195386j  0.03193571+0.03519843j
 -0.03193571-0.03519843j], Seed dd: [ 0.03449505-0.03272446j -0.03449505+0.03272446j  0.03271439+0.03448443j
 -0.03271439-0.03448443j]
F_onsite: (3.7793715897724974e-20-1.4129280770929306e-20j)
F_swave: (-3.4667591941948454e-22+9.993707963585498e-22j), F_dwave: (-2.807808656329241e-20+2.4478837085186425e-20j)
F_px: (2.4820516008285386e-20+2.1485354312643938e-20j), F_py: (2.6733621034929148e-20-1.419949998448829e-20j)
Free_energy = -9221.764348202825
------------------------------------------
[{'stable': {'Fuu_px': np.complex128(0.03444893652088783-0.031255698254497075j), 'Fuu_py': np.complex128(0.031240474872177564+0.03443215784178449j), 'Fdd_px': np.complex128(0.03374198986953725-0.03201005137224992j), 'Fdd_py': np.complex128(0.03200160180503099+0.03373308312933267j)}, 'free': np.float64(-9221.764348202825)}]
------------------------------------------
  Seed: uu+dd:px+ipy
  Seed uu: [ 4.75405409e-02+8.20748509e-16j -4.75405409e-02-8.27750666e-16j
 -8.34644455e-16+4.75405409e-02j  8.22537654e-16-4.75405409e-02j], Seed dd: [ 4.75405409e-02+8.52107469e-16j -4.75405409e-02-8.56521040e-16j
 -8.74402064e-16+4.75405409e-02j  8.64096161e-16-4.75405409e-02j]
F_onsite: (2.458790014094555e-20-3.8404781313824777e-20j)
F_swave: (1.3109785472723362e-21+6.1782524169464695e-21j), F_dwave: (-5.218165154767524e-20+6.980065886787411e-21j)
F_px: (-2.1309432652506035e-21-3.551252936020445e-20j), F_py: (-3.0252228821327996e-21-6.657968664454739e-20j)
Free_energy = -9221.764348536264
------------------------------------------
[{'stable': {'Fuu_px': np.complex128(0.03444893652088783-0.031255698254497075j), 'Fuu_py': np.complex128(0.031240474872177564+0.03443215784178449j), 'Fdd_px': np.complex128(0.03374198986953725-0.03201005137224992j), 'Fdd_py': np.complex128(0.03200160180503099+0.03373308312933267j)}, 'free': np.float64(-9221.764348202825)}, {'stable': {'Fuu_px': np.complex128(0.04650370250334267+9.225108355742694e-16j), 'Fuu_py': np.complex128(-9.266798788010958e-16+0.04650370250334081j), 'Fdd_px': np.complex128(0.046503702503342716+9.089055276776748e-16j), 'Fdd_py': np.complex128(-9.307894973727165e-16+0.046503702503340766j)}, 'free': np.float64(-9221.764348536264)}]
------------------------------------------
====================================
mu=0.08, T=0.0505
====================================
  Seed: normal state
  Seed uu: [0.+0.j 0.+0.j 0.+0.j 0.+0.j], Seed dd: [0.+0.j 0.+0.j 0.+0.j 0.+0.j]
F_onsite: 0j
F_swave: 0j, F_dwave: 0j
F_px: 0j, F_py: 0j
Free_energy = -9144.75187343196
------------------------------------------
[{'stable': {}, 'free': np.float64(-9144.75187343196)}]
------------------------------------------
  Seed: uu:px
  Seed uu: [ 6.49241580e-02+9.31482714e-16j -6.49241580e-02-9.28159539e-16j
  4.09130148e-19-2.53406307e-15j -2.81195086e-19+2.52900289e-15j], Seed dd: [0.+0.j 0.+0.j 0.+0.j 0.+0.j]
F_onsite: (-6.01688108795268e-21-4.3304281666532296e-20j)
F_swave: (-3.0274317901117827e-22-1.1214313078710728e-21j), F_dwave: (6.3196242669665414e-21-4.441561555796771e-21j)
F_px: (2.4408222232293475e-19+4.265257742071654e-33j), F_py: (-1.851370022884321e-23-6.199376831939916e-21j)
Free_energy = -9181.008875388707
------------------------------------------
[{'stable': {'Fuu_px': np.complex128(0.0632227468970359+1.1224860764679287e-15j)}, 'free': np.float64(-9181.008875388707)}]
------------------------------------------
  Seed: uu:px+py
  Seed uu: [ 0.0290009-0.0363387j  -0.0290009+0.0363387j   0.0363562+0.02901486j
 -0.0363562-0.02901486j], Seed dd: [0.+0.j 0.+0.j 0.+0.j 0.+0.j]
F_onsite: (5.5003757770909194e-21-6.731939601066839e-20j)
F_swave: (-4.236278254065028e-22+8.3193586278704605e-22j), F_dwave: (-8.885150337874932e-21+2.511751576766361e-20j)
F_px: (6.76031835733502e-20-6.789710079660759e-20j), F_py: (1.0415338495286935e-19+6.853352760506275e-20j)
Free_energy = -9181.925382680382
------------------------------------------
[{'stable': {'Fuu_px': np.complex128(0.028234952495794566-0.035378957676919995j), 'Fuu_py': np.complex128(0.035393589257498054+0.028246629549322923j)}, 'free': np.float64(-9181.925382680382)}]
------------------------------------------
  Seed: uu:px+ipy
  Seed uu: [ 4.65037025e-02+9.08063683e-16j -4.65037025e-02-8.94505650e-16j
 -8.84701508e-16+4.65037025e-02j  8.73996229e-16-4.65037025e-02j], Seed dd: [0.+0.j 0.+0.j 0.+0.j 0.+0.j]
F_onsite: (1.7491697573351552e-20+3.8507928240102144e-20j)
F_swave: (4.039610049356428e-22-1.0452826510352756e-21j), F_dwave: (-1.55492472323711e-20+5.610378591788996e-21j)
F_px: (1.5894657741608187e-20+4.673143183648015e-20j), F_py: (1.3957061113888178e-20+1.5090082187339997e-20j)
Free_energy = -9181.92538285182
------------------------------------------
[{'stable': {'Fuu_px': np.complex128(0.028234952495794566-0.035378957676919995j), 'Fuu_py': np.complex128(0.035393589257498054+0.028246629549322923j)}, 'free': np.float64(-9181.925382680382)}, {'stable': {'Fuu_px': np.complex128(0.045273951943357774+1.028817864438098e-15j), 'Fuu_py': np.complex128(-1.0403869315992728e-15+0.045273951943355234j)}, 'free': np.float64(-9181.92538285182)}]
------------------------------------------
  Seed: dd:px
  Seed uu: [0.+0.j 0.+0.j 0.+0.j 0.+0.j], Seed dd: [ 6.49241580e-02+6.84906447e-16j -6.49241580e-02-6.77354778e-16j
 -3.94498978e-19-2.68919429e-15j  1.70677139e-19+2.67815714e-15j]
F_onsite: (3.846261120511948e-20+5.068111196054693e-36j)
F_swave: (6.265906330467213e-23-4.5866090612406736e-37j), F_dwave: (1.1309749441690251e-20-1.5339983168927477e-35j)
F_px: (-7.52316384526264e-37+7.555170887467291e-21j), F_py: (2.0312542382209128e-35-3.798469945550581e-34j)
Free_energy = -9181.008875388707
------------------------------------------
[{'stable': {'Fuu_px': np.complex128(0.028234952495794566-0.035378957676919995j), 'Fuu_py': np.complex128(0.035393589257498054+0.028246629549322923j)}, 'free': np.float64(-9181.925382680382)}, {'stable': {'Fuu_px': np.complex128(0.045273951943357774+1.028817864438098e-15j), 'Fuu_py': np.complex128(-1.0403869315992728e-15+0.045273951943355234j)}, 'free': np.float64(-9181.92538285182)}]
------------------------------------------
  Seed: dd:px+py
  Seed uu: [0.+0.j 0.+0.j 0.+0.j 0.+0.j], Seed dd: [ 0.02587452-0.03862722j -0.02587452+0.03862722j  0.03864583+0.02588699j
 -0.03864583-0.02588699j]
F_onsite: (2.093982656643019e-21-3.099221722711659e-21j)
F_swave: (3.9086121813002353e-22+6.749397398322393e-23j), F_dwave: (2.943483080460857e-20+5.362067936250762e-22j)
F_px: (3.8146722758424624e-22-6.392106695014604e-22j), F_py: (-8.863294912415367e-22+1.5297137286068684e-20j)
Free_energy = -9181.925382680094
------------------------------------------
[{'stable': {'Fuu_px': np.complex128(0.028234952495794566-0.035378957676919995j), 'Fuu_py': np.complex128(0.035393589257498054+0.028246629549322923j)}, 'free': np.float64(-9181.925382680382)}, {'stable': {'Fuu_px': np.complex128(0.045273951943357774+1.028817864438098e-15j), 'Fuu_py': np.complex128(-1.0403869315992728e-15+0.045273951943355234j)}, 'free': np.float64(-9181.92538285182)}, {'stable': {'Fdd_px': np.complex128(0.02519114286696481-0.037607029589396j), 'Fdd_py': np.complex128(0.037622597958528986+0.025201571369702573j)}, 'free': np.float64(-9181.925382680094)}]
------------------------------------------
  Seed: dd:px+ipy
  Seed uu: [0.+0.j 0.+0.j 0.+0.j 0.+0.j], Seed dd: [ 4.65037025e-02+9.55411925e-16j -4.65037025e-02-9.41441228e-16j
 -9.21648609e-16+4.65037025e-02j  9.10993729e-16-4.65037025e-02j]
F_onsite: (-2.6114736835122222e-20-2.04872955144129e-21j)
F_swave: (-1.3930787251706585e-22+1.7250281336782995e-23j), F_dwave: (-3.6985556433229526e-20-6.29503310074906e-22j)
F_px: (-5.957599951944516e-22+9.714980796916079e-21j), F_py: (1.3783306017455692e-22+5.0968132709347664e-21j)
Free_energy = -9181.925382851818
------------------------------------------
[{'stable': {'Fuu_px': np.complex128(0.028234952495794566-0.035378957676919995j), 'Fuu_py': np.complex128(0.035393589257498054+0.028246629549322923j)}, 'free': np.float64(-9181.925382680382)}, {'stable': {'Fuu_px': np.complex128(0.045273951943357774+1.028817864438098e-15j), 'Fuu_py': np.complex128(-1.0403869315992728e-15+0.045273951943355234j)}, 'free': np.float64(-9181.92538285182)}, {'stable': {'Fdd_px': np.complex128(0.02519114286696481-0.037607029589396j), 'Fdd_py': np.complex128(0.037622597958528986+0.025201571369702573j)}, 'free': np.float64(-9181.925382680094)}, {'stable': {'Fdd_px': np.complex128(0.04527395194335761+1.1104529676005565e-15j), 'Fdd_py': np.complex128(-1.1390608568844702e-15+0.045273951943355414j)}, 'free': np.float64(-9181.925382851818)}]
------------------------------------------
  Seed: uu+dd:px
  Seed uu: [ 6.49241580e-02+9.31486103e-16j -6.49241580e-02-9.29040454e-16j
  4.46340041e-19-2.53210070e-15j -8.91369828e-20+2.52882946e-15j], Seed dd: [ 6.49241580e-02+7.05193204e-16j -6.49241580e-02-6.93797858e-16j
  5.66684894e-19-2.82292497e-15j  4.55869162e-19+2.80184571e-15j]
F_onsite: (-1.9485376672598532e-20+4.501270537774524e-20j)
F_swave: (7.904688075061468e-22-1.8502016125503726e-20j), F_dwave: (1.201551433471563e-20+1.1879687739690124e-19j)
F_px: (1.1941094031627086e-19-1.7384094341308564e-20j), F_py: (-5.661543018458925e-20-1.9395638921261022e-20j)
Free_energy = -9217.265877345417
------------------------------------------
[{'stable': {'Fuu_px': np.complex128(0.06322274689703589+1.1500541401648592e-15j), 'Fdd_px': np.complex128(0.06322274689703586+9.367746851175746e-16j)}, 'free': np.float64(-9217.265877345417)}]
------------------------------------------
  Seed: uu+dd:px+py
  Seed uu: [ 0.03444894-0.0312557j  -0.03444894+0.0312557j   0.03124047+0.03443216j
 -0.03124047-0.03443216j], Seed dd: [ 0.03374199-0.03201005j -0.03374199+0.03201005j  0.0320016 +0.03373308j
 -0.0320016 -0.03373308j]
F_onsite: (3.1827820472599985e-20+6.473067025581198e-21j)
F_swave: (-2.88162243360294e-21-7.597140147023208e-22j), F_dwave: (-3.099253523085818e-20+1.1056074196000076e-20j)
F_px: (-1.5446545729660893e-20-3.897809489429424e-20j), F_py: (-1.8874799797681172e-20+3.801692645655808e-20j)
Free_energy = -9219.098892044563
------------------------------------------
[{'stable': {'Fuu_px': np.complex128(0.03353681250732041-0.03042812342003374j), 'Fuu_py': np.complex128(0.03041539249471918+0.03352278092708051j), 'Fdd_px': np.complex128(0.032849100582326776-0.03116299309074743j), 'Fdd_py': np.complex128(0.031155926933894986+0.03284165210340491j)}, 'free': np.float64(-9219.098892044563)}]
------------------------------------------
  Seed: uu+dd:px+ipy
  Seed uu: [ 4.65037025e-02+9.27124359e-16j -4.65037025e-02-9.17897312e-16j
 -9.32059703e-16+4.65037025e-02j  9.21300055e-16-4.65037025e-02j], Seed dd: [ 4.65037025e-02+9.13024331e-16j -4.65037025e-02-9.04786724e-16j
 -9.36087768e-16+4.65037025e-02j  9.25491227e-16-4.65037025e-02j]
F_onsite: (-5.596696651844167e-20-7.847175609913765e-20j)
F_swave: (-1.1479232583073868e-21-6.442360856837573e-23j), F_dwave: (-6.29683353961276e-20-4.222527142040152e-20j)
F_px: (6.056325064361335e-20+3.2114307825964946e-20j), F_py: (2.320642483682214e-20-5.2688654699165434e-21j)
Free_energy = -9219.098892271624
------------------------------------------
[{'stable': {'Fuu_px': np.complex128(0.03353681250732041-0.03042812342003374j), 'Fuu_py': np.complex128(0.03041539249471918+0.03352278092708051j), 'Fdd_px': np.complex128(0.032849100582326776-0.03116299309074743j), 'Fdd_py': np.complex128(0.031155926933894986+0.03284165210340491j)}, 'free': np.float64(-9219.098892044563)}, {'stable': {'Fuu_px': np.complex128(0.04527395194335781+1.0756884193395248e-15j), 'Fuu_py': np.complex128(-1.0751845141452473e-15+0.04527395194335516j), 'Fdd_px': np.complex128(0.04527395194335784+1.0682536802892288e-15j), 'Fdd_py': np.complex128(-1.073725486658712e-15+0.04527395194335509j)}, 'free': np.float64(-9219.098892271624)}]
------------------------------------------
====================================
mu=0.08, T=0.0546
====================================
  Seed: normal state
  Seed uu: [0.+0.j 0.+0.j 0.+0.j 0.+0.j], Seed dd: [0.+0.j 0.+0.j 0.+0.j 0.+0.j]
F_onsite: 0j
F_swave: 0j, F_dwave: 0j
F_px: 0j, F_py: 0j
Free_energy = -9146.938638981967
------------------------------------------
[{'stable': {}, 'free': np.float64(-9146.938638981967)}]
------------------------------------------
  Seed: uu:px
  Seed uu: [ 6.32227469e-02+1.13078178e-15j -6.32227469e-02-1.11419037e-15j
  8.72543197e-19-2.83296363e-15j -1.59023818e-19+2.82349883e-15j], Seed dd: [0.+0.j 0.+0.j 0.+0.j 0.+0.j]
F_onsite: (-1.3408910820673107e-20-5.858297288301277e-20j)
F_swave: (3.2141914505294557e-22+5.971273775405812e-22j), F_dwave: (1.3087491675618009e-20+1.4641455394527324e-20j)
F_px: (4.485651355609669e-20+6.289364974639567e-34j), F_py: (1.4790503202872453e-21-1.1355509709805646e-21j)
Free_energy = -9180.67000882402
------------------------------------------
[{'stable': {'Fuu_px': np.complex128(0.06121624554366234+1.1604624280811608e-15j)}, 'free': np.float64(-9180.67000882402)}]
------------------------------------------
  Seed: uu:px+py
  Seed uu: [ 0.02823495-0.03537896j -0.02823495+0.03537896j  0.03539359+0.02824663j
 -0.03539359-0.02824663j], Seed dd: [0.+0.j 0.+0.j 0.+0.j 0.+0.j]
F_onsite: (-9.934188106096855e-21-6.266327336111106e-21j)
F_swave: (1.3755996630627494e-21+5.896466338894924e-22j), F_dwave: (8.701496086007526e-20+2.392586178436407e-20j)
F_px: (-1.6772770450857576e-19-3.2823492912639553e-20j), F_py: (-1.570628144468483e-19+5.7020388738637e-20j)
Free_energy = -9181.511267105412
------------------------------------------
[{'stable': {'Fuu_px': np.complex128(0.027334178532549186-0.03425026996523065j), 'Fuu_py': np.complex128(0.034262483585839734+0.02734392588013501j)}, 'free': np.float64(-9181.511267105412)}]
------------------------------------------
  Seed: uu:px+ipy
  Seed uu: [ 4.52739519e-02+1.03901694e-15j -4.52739519e-02-1.01861879e-15j
 -1.04568335e-15+4.52739519e-02j  1.03509051e-15-4.52739519e-02j], Seed dd: [0.+0.j 0.+0.j 0.+0.j 0.+0.j]
F_onsite: (-4.427670933449488e-20-3.962484569145475e-20j)
F_swave: (1.591047165186651e-21+1.3433809427072223e-21j), F_dwave: (1.3423430390834804e-20-5.891806504137578e-20j)
F_px: (7.583265996501642e-20+6.342574921306616e-20j), F_py: (6.843757634036329e-20+7.922226749242346e-20j)
Free_energy = -9181.511267222066
------------------------------------------
[{'stable': {'Fuu_px': np.complex128(0.027334178532549186-0.03425026996523065j), 'Fuu_py': np.complex128(0.034262483585839734+0.02734392588013501j)}, 'free': np.float64(-9181.511267105412)}, {'stable': {'Fuu_px': np.complex128(0.043828337783555396+1.1650283194786657e-15j), 'Fuu_py': np.complex128(-1.1670632102553258e-15+0.04382833778355246j)}, 'free': np.float64(-9181.511267222066)}]
------------------------------------------
  Seed: dd:px
  Seed uu: [0.+0.j 0.+0.j 0.+0.j 0.+0.j], Seed dd: [ 6.32227469e-02+9.31147025e-16j -6.32227469e-02-9.02695823e-16j
  8.16890486e-19-2.99311173e-15j -5.68921590e-19+2.98617151e-15j]
F_onsite: (1.0664063912050751e-19-1.478018564145637e-34j)
F_swave: (2.716896418389326e-22+1.504632769052528e-36j), F_dwave: (-2.8421692813816394e-20+1.1886598875514971e-34j)
F_px: (-1.1134282490988707e-34-1.476156002732601e-20j), F_py: (3.009265538105056e-36+3.612661135710202e-20j)
Free_energy = -9180.67000882402
------------------------------------------
[{'stable': {'Fuu_px': np.complex128(0.027334178532549186-0.03425026996523065j), 'Fuu_py': np.complex128(0.034262483585839734+0.02734392588013501j)}, 'free': np.float64(-9181.511267105412)}, {'stable': {'Fuu_px': np.complex128(0.043828337783555396+1.1650283194786657e-15j), 'Fuu_py': np.complex128(-1.1670632102553258e-15+0.04382833778355246j)}, 'free': np.float64(-9181.511267222066)}]
------------------------------------------
  Seed: dd:px+py
  Seed uu: [0.+0.j 0.+0.j 0.+0.j 0.+0.j], Seed dd: [ 0.02519114-0.03760703j -0.02519114+0.03760703j  0.0376226 +0.02520157j
 -0.0376226 -0.02520157j]
F_onsite: (4.0663261972002045e-20+1.1515491553648709e-21j)
F_swave: (-3.4629041775615827e-22-4.654646327815639e-24j), F_dwave: (-5.072957180328206e-21+7.247635823259008e-22j)
F_px: (-4.979219233707301e-22-1.9447536607137604e-21j), F_py: (-4.284994117694136e-22+1.4196804863258417e-20j)
Free_energy = -9181.51126710512
------------------------------------------
[{'stable': {'Fuu_px': np.complex128(0.027334178532549186-0.03425026996523065j), 'Fuu_py': np.complex128(0.034262483585839734+0.02734392588013501j)}, 'free': np.float64(-9181.511267105412)}, {'stable': {'Fuu_px': np.complex128(0.043828337783555396+1.1650283194786657e-15j), 'Fuu_py': np.complex128(-1.1670632102553258e-15+0.04382833778355246j)}, 'free': np.float64(-9181.511267222066)}, {'stable': {'Fdd_px': np.complex128(0.024387475629885316-0.036407261173787j), 'Fdd_py': np.complex128(0.03642025677279756+0.024396180757487666j)}, 'free': np.float64(-9181.51126710512)}]
------------------------------------------
  Seed: dd:px+ipy
  Seed uu: [0.+0.j 0.+0.j 0.+0.j 0.+0.j], Seed dd: [ 4.52739519e-02+1.11602134e-15j -4.52739519e-02-1.10488460e-15j
 -1.14441984e-15+4.52739519e-02j  1.13370188e-15-4.52739519e-02j]
F_onsite: (-1.425773891264585e-20-2.22013638891765e-21j)
F_swave: (7.87431058427537e-23+1.6165945113801258e-23j), F_dwave: (9.05765442270163e-21-3.0205648975081665e-22j)
F_px: (1.6941321227990536e-21-6.3008446585458186e-21j), F_py: (1.0399188072006798e-22+2.3829566836511263e-20j)
Free_energy = -9181.511267222066
------------------------------------------
[{'stable': {'Fuu_px': np.complex128(0.027334178532549186-0.03425026996523065j), 'Fuu_py': np.complex128(0.034262483585839734+0.02734392588013501j)}, 'free': np.float64(-9181.511267105412)}, {'stable': {'Fuu_px': np.complex128(0.043828337783555396+1.1650283194786657e-15j), 'Fuu_py': np.complex128(-1.1670632102553258e-15+0.04382833778355246j)}, 'free': np.float64(-9181.511267222066)}, {'stable': {'Fdd_px': np.complex128(0.024387475629885316-0.036407261173787j), 'Fdd_py': np.complex128(0.03642025677279756+0.024396180757487666j)}, 'free': np.float64(-9181.51126710512)}, {'stable': {'Fdd_px': np.complex128(0.04382833778355523+1.2296630743430364e-15j), 'Fdd_py': np.complex128(-1.2572162752587206e-15+0.04382833778355262j)}, 'free': np.float64(-9181.511267222066)}]
------------------------------------------
  Seed: uu+dd:px
  Seed uu: [ 6.32227469e-02+1.15144028e-15j -6.32227469e-02-1.14866800e-15j
 -1.49488080e-19-2.87001195e-15j -4.09752188e-20+2.85497309e-15j], Seed dd: [ 6.32227469e-02+9.43596291e-16j -6.32227469e-02-9.29953079e-16j
 -4.81657345e-19-3.11941646e-15j  3.77181124e-19+3.11081871e-15j]
F_onsite: (1.63821607941205e-20-2.1720248553267962e-20j)
F_swave: (-2.737724978883255e-22-3.470861259545389e-21j), F_dwave: (-2.1195449461991256e-21+2.90863945237829e-20j)
F_px: (7.576822365484918e-20+5.608486723982353e-21j), F_py: (2.591728739619055e-20-3.26013151747241e-21j)
Free_energy = -9214.401378665973
------------------------------------------
[{'stable': {'Fuu_px': np.complex128(0.061216245543662326+1.1554602750111505e-15j), 'Fdd_px': np.complex128(0.0612162455436623+8.802297301741929e-16j)}, 'free': np.float64(-9214.401378665973)}]
------------------------------------------
  Seed: uu+dd:px+py
  Seed uu: [ 0.03353681-0.03042812j -0.03353681+0.03042812j  0.03041539+0.03352278j
 -0.03041539-0.03352278j], Seed dd: [ 0.0328491 -0.03116299j -0.0328491 +0.03116299j  0.03115593+0.03284165j
 -0.03115593-0.03284165j]
F_onsite: (-1.633985943728409e-20+1.0804480489595738e-20j)
F_swave: (-4.777012313895185e-22+2.180078425681603e-21j), F_dwave: (2.4291141765883727e-20-2.645839594548126e-20j)
F_px: (-2.6374011377391476e-21-3.9281375037876575e-20j), F_py: (-4.6931350758610345e-21+4.3246787439340663e-20j)
Free_energy = -9216.083895307516
------------------------------------------
[{'stable': {'Fuu_px': np.complex128(0.032465034400977-0.029455693601558912j), 'Fuu_py': np.complex128(0.029445066541069487+0.0324533216269023j), 'Fdd_px': np.complex128(0.031799720078295415-0.030167476111073944j), 'Fdd_py': np.complex128(0.03016157768079658+0.03179350250705927j)}, 'free': np.float64(-9216.083895307516)}]
------------------------------------------
  Seed: uu+dd:px+ipy
  Seed uu: [ 4.52739519e-02+1.08323396e-15j -4.52739519e-02-1.06814288e-15j
 -1.08055593e-15+4.52739519e-02j  1.06981309e-15-4.52739519e-02j], Seed dd: [ 4.52739519e-02+1.07755085e-15j -4.52739519e-02-1.05895651e-15j
 -1.07846866e-15+4.52739519e-02j  1.06898231e-15-4.52739519e-02j]
F_onsite: (3.493670446268203e-20-8.186449285135043e-20j)
F_swave: (-3.8645924698908076e-21+2.4277790801092853e-21j), F_dwave: (4.21848341699864e-20+3.321602419732968e-20j)
F_px: (-5.1102574688909096e-20-6.024253858969244e-20j), F_py: (-7.753352249626884e-20-2.694253911573082e-20j)
Free_energy = -9216.083895462056
------------------------------------------
[{'stable': {'Fuu_px': np.complex128(0.032465034400977-0.029455693601558912j), 'Fuu_py': np.complex128(0.029445066541069487+0.0324533216269023j), 'Fdd_px': np.complex128(0.031799720078295415-0.030167476111073944j), 'Fdd_py': np.complex128(0.03016157768079658+0.03179350250705927j)}, 'free': np.float64(-9216.083895307516)}, {'stable': {'Fuu_px': np.complex128(0.043828337783555445+1.2643681582441928e-15j), 'Fuu_py': np.complex128(-1.2435092307642269e-15+0.043828337783552385j), 'Fdd_px': np.complex128(0.043828337783555466+1.249784103777046e-15j), 'Fdd_py': np.complex128(-1.2277741776357695e-15+0.04382833778355237j)}, 'free': np.float64(-9216.083895462056)}]
------------------------------------------
====================================
mu=0.08, T=0.0588
====================================
  Seed: normal state
  Seed uu: [0.+0.j 0.+0.j 0.+0.j 0.+0.j], Seed dd: [0.+0.j 0.+0.j 0.+0.j 0.+0.j]
F_onsite: 0j
F_swave: 0j, F_dwave: 0j
F_px: 0j, F_py: 0j
Free_energy = -9149.27744224234
------------------------------------------
[{'stable': {}, 'free': np.float64(-9149.27744224234)}]
------------------------------------------
  Seed: uu:px
  Seed uu: [ 6.12162455e-02+1.16193571e-15j -6.12162455e-02-1.15898915e-15j
  3.38111730e-19-3.16929437e-15j  1.53766258e-19+3.15998018e-15j], Seed dd: [0.+0.j 0.+0.j 0.+0.j 0.+0.j]
F_onsite: (-1.7503701389485002e-20+6.037049514094865e-20j)
F_swave: (3.6319322309707965e-22-1.6596443011238962e-21j), F_dwave: (1.7140508166383657e-20+5.417041325685886e-20j)
F_px: (1.2348217487782563e-19+1.2578729949279134e-33j), F_py: (6.222252100105863e-23+2.424484091231765e-21j)
Free_energy = -9180.230468540074
------------------------------------------
[{'stable': {'Fuu_px': np.complex128(0.05886522532253695+1.2448850372636945e-15j)}, 'free': np.float64(-9180.230468540074)}]
------------------------------------------
  Seed: uu:px+py
  Seed uu: [ 0.02733418-0.03425027j -0.02733418+0.03425027j  0.03426248+0.02734393j
 -0.03426248-0.02734393j], Seed dd: [0.+0.j 0.+0.j 0.+0.j 0.+0.j]
F_onsite: (8.526267704843443e-20+2.268040649343909e-20j)
F_swave: (-1.0191809118213454e-21-1.0484487332989386e-21j), F_dwave: (6.237972859881134e-21+1.4192307566551525e-20j)
F_px: (-5.472920198632517e-20+3.3712830423043216e-20j), F_py: (-5.592623359536336e-20-1.0715718073162423e-20j)
Free_energy = -9180.99382127506
------------------------------------------
[{'stable': {'Fuu_px': np.complex128(0.02628070352167731-0.03293024480036181j), 'Fuu_py': np.complex128(0.03294038075648244+0.026288792743586756j)}, 'free': np.float64(-9180.99382127506)}]
------------------------------------------
  Seed: uu:px+ipy
  Seed uu: [ 4.38283378e-02+1.17586093e-15j -4.38283378e-02-1.15419571e-15j
 -1.17233412e-15+4.38283378e-02j  1.16179230e-15-4.38283378e-02j], Seed dd: [0.+0.j 0.+0.j 0.+0.j 0.+0.j]
F_onsite: (-7.649614493382839e-20-1.7424940652416156e-20j)
F_swave: (2.2348260642330043e-21+3.19651618951989e-22j), F_dwave: (7.523588631078012e-20+3.010697505993095e-20j)
F_px: (1.991751336881936e-20-8.014704809802915e-20j), F_py: (-6.576762063750904e-20+7.335307898341518e-20j)
Free_energy = -9180.993821353784
------------------------------------------
[{'stable': {'Fuu_px': np.complex128(0.02628070352167731-0.03293024480036181j), 'Fuu_py': np.complex128(0.03294038075648244+0.026288792743586756j)}, 'free': np.float64(-9180.99382127506)}, {'stable': {'Fuu_px': np.complex128(0.04213814018985751+1.1246981030096833e-15j), 'Fuu_py': np.complex128(-1.1718414951643547e-15+0.042138140189855774j)}, 'free': np.float64(-9180.993821353784)}]
------------------------------------------
  Seed: dd:px
  Seed uu: [0.+0.j 0.+0.j 0.+0.j 0.+0.j], Seed dd: [ 6.12162455e-02+9.27770169e-16j -6.12162455e-02-9.27408645e-16j
 -1.86652313e-18-3.39829655e-15j  1.77278702e-18+3.39538430e-15j]
F_onsite: (1.6313285379231755e-19+2.3212061842915664e-34j)
F_swave: (9.777029019163003e-23+2.655515206904474e-36j), F_dwave: (-4.657920920491472e-20+3.5375033120058215e-37j)
F_px: (-9.930576275746685e-35+4.649364624944148e-20j), F_py: (1.293984181385174e-34-9.703053988387316e-24j)
Free_energy = -9180.230468540076
------------------------------------------
[{'stable': {'Fuu_px': np.complex128(0.02628070352167731-0.03293024480036181j), 'Fuu_py': np.complex128(0.03294038075648244+0.026288792743586756j)}, 'free': np.float64(-9180.99382127506)}, {'stable': {'Fuu_px': np.complex128(0.04213814018985751+1.1246981030096833e-15j), 'Fuu_py': np.complex128(-1.1718414951643547e-15+0.042138140189855774j)}, 'free': np.float64(-9180.993821353784)}]
------------------------------------------
  Seed: dd:px+py
  Seed uu: [0.+0.j 0.+0.j 0.+0.j 0.+0.j], Seed dd: [ 0.02438748-0.03640726j -0.02438748+0.03640726j  0.03642026+0.02439618j
 -0.03642026-0.02439618j]
F_onsite: (1.492319313240727e-20-7.080946219348363e-22j)
F_swave: (2.9556552920472753e-22+2.2245221138144456e-23j), F_dwave: (-2.1896081804603805e-20+2.9987157594624844e-22j)
F_px: (1.0544075709655113e-21-3.1927945497658187e-21j), F_py: (7.638123680854672e-22-1.6616036667698415e-20j)
Free_energy = -9180.993821274946
------------------------------------------
[{'stable': {'Fuu_px': np.complex128(0.02628070352167731-0.03293024480036181j), 'Fuu_py': np.complex128(0.03294038075648244+0.026288792743586756j)}, 'free': np.float64(-9180.99382127506)}, {'stable': {'Fuu_px': np.complex128(0.04213814018985751+1.1246981030096833e-15j), 'Fuu_py': np.complex128(-1.1718414951643547e-15+0.042138140189855774j)}, 'free': np.float64(-9180.993821353784)}, {'stable': {'Fdd_px': np.complex128(0.023447568812978124-0.03500410516528914j), 'Fdd_py': np.complex128(0.035014890077114225+0.02345479310741383j)}, 'free': np.float64(-9180.993821274946)}]
------------------------------------------
  Seed: dd:px+ipy
  Seed uu: [0.+0.j 0.+0.j 0.+0.j 0.+0.j], Seed dd: [ 4.38283378e-02+1.23384748e-15j -4.38283378e-02-1.22547867e-15j
 -1.26255841e-15+4.38283378e-02j  1.25187414e-15-4.38283378e-02j]
F_onsite: (-3.4820470324114284e-21-2.6927827930766874e-21j)
F_swave: (-5.253022174813358e-22-8.172557002468249e-23j), F_dwave: (3.4253851814224674e-20+4.042187259715048e-21j)
F_px: (-7.028562114198603e-22-5.47407604145558e-21j), F_py: (1.62376770835656e-21+8.636551694740765e-21j)
Free_energy = -9180.993821353788
------------------------------------------
[{'stable': {'Fuu_px': np.complex128(0.02628070352167731-0.03293024480036181j), 'Fuu_py': np.complex128(0.03294038075648244+0.026288792743586756j)}, 'free': np.float64(-9180.99382127506)}, {'stable': {'Fuu_px': np.complex128(0.04213814018985751+1.1246981030096833e-15j), 'Fuu_py': np.complex128(-1.1718414951643547e-15+0.042138140189855774j)}, 'free': np.float64(-9180.993821353784)}, {'stable': {'Fdd_px': np.complex128(0.023447568812978124-0.03500410516528914j), 'Fdd_py': np.complex128(0.035014890077114225+0.02345479310741383j)}, 'free': np.float64(-9180.993821274946)}, {'stable': {'Fdd_px': np.complex128(0.04213814018985709+1.2887194158005781e-15j), 'Fdd_py': np.complex128(-1.271367667943388e-15+0.04213814018985622j)}, 'free': np.float64(-9180.993821353788)}]
------------------------------------------
  Seed: uu+dd:px
  Seed uu: [ 6.12162455e-02+1.14978825e-15j -6.12162455e-02-1.16113230e-15j
 -6.28852480e-19-3.18255954e-15j -2.00263735e-19+3.18244233e-15j], Seed dd: [ 6.12162455e-02+8.84011918e-16j -6.12162455e-02-8.76447543e-16j
 -3.74077543e-19-3.48740786e-15j  3.60644130e-19+3.47732589e-15j]
F_onsite: (-2.915074561559691e-20+5.661549071029067e-20j)
F_swave: (3.2629895227938137e-22-6.098065515021827e-21j), F_dwave: (3.331078206035321e-20+1.4680627369858426e-20j)
F_px: (7.694181110000658e-20+1.6297363754138883e-21j), F_py: (-1.0412800838056116e-20+1.5988710717164312e-20j)
Free_energy = -9211.18349483782
------------------------------------------
[{'stable': {'Fuu_px': np.complex128(0.05886522532253693+1.2157897731628645e-15j), 'Fdd_px': np.complex128(0.05886522532253688+1.046024412319283e-15j)}, 'free': np.float64(-9211.18349483782)}]
------------------------------------------
  Seed: uu+dd:px+py
  Seed uu: [ 0.03246503-0.02945569j -0.03246503+0.02945569j  0.02944507+0.03245332j
 -0.02944507-0.03245332j], Seed dd: [ 0.03179972-0.03016748j -0.03179972+0.03016748j  0.03016158+0.0317935j
 -0.03016158-0.0317935j ]
F_onsite: (-6.415414365873938e-20-8.24993782918394e-22j)
F_swave: (1.8920125639162432e-21+1.0460735535801022e-21j), F_dwave: (2.6547481406603342e-21-4.148260134562785e-21j)
F_px: (1.371874648660356e-20+5.590560125275389e-20j), F_py: (3.049966189361646e-20-3.233695054941515e-20j)
Free_energy = -9212.710200360973
------------------------------------------
[{'stable': {'Fuu_px': np.complex128(0.031212281404519458-0.028319064329390818j), 'Fuu_py': np.complex128(0.02831024504293172+0.031202561095700528j), 'Fdd_px': np.complex128(0.03057298562191075-0.0290037085585141j), 'Fdd_py': np.complex128(0.02899881351290497+0.030567825724557605j)}, 'free': np.float64(-9212.710200360973)}]
------------------------------------------
  Seed: uu+dd:px+ipy
  Seed uu: [ 4.38283378e-02+1.26313254e-15j -4.38283378e-02-1.26560378e-15j
 -1.24961471e-15+4.38283378e-02j  1.23740375e-15-4.38283378e-02j], Seed dd: [ 4.38283378e-02+1.25307688e-15j -4.38283378e-02-1.24649133e-15j
 -1.23305688e-15+4.38283378e-02j  1.22249147e-15-4.38283378e-02j]
F_onsite: (-3.696160019587952e-20-5.3284279216572085e-21j)
F_swave: (-1.8596783472588568e-21+2.3555726356997226e-21j), F_dwave: (5.822601061043392e-20+4.219063054835292e-22j)
F_px: (3.622609358946881e-20-7.070121238057399e-20j), F_py: (-5.451693585535207e-20+3.2832219077867855e-20j)
Free_energy = -9212.71020046522
------------------------------------------
[{'stable': {'Fuu_px': np.complex128(0.031212281404519458-0.028319064329390818j), 'Fuu_py': np.complex128(0.02831024504293172+0.031202561095700528j), 'Fdd_px': np.complex128(0.03057298562191075-0.0290037085585141j), 'Fdd_py': np.complex128(0.02899881351290497+0.030567825724557605j)}, 'free': np.float64(-9212.710200360973)}, {'stable': {'Fuu_px': np.complex128(0.04213814018985758+1.3097590392309951e-15j), 'Fuu_py': np.complex128(-1.3123160728800782e-15+0.04213814018985568j), 'Fdd_px': np.complex128(0.04213814018985757+1.3025045726146764e-15j), 'Fdd_py': np.complex128(-1.3072206270718618e-15+0.04213814018985566j)}, 'free': np.float64(-9212.71020046522)}]
------------------------------------------
====================================
mu=0.08, T=0.0629
====================================
  Seed: normal state
  Seed uu: [0.+0.j 0.+0.j 0.+0.j 0.+0.j], Seed dd: [0.+0.j 0.+0.j 0.+0.j 0.+0.j]
F_onsite: 0j
F_swave: 0j, F_dwave: 0j
F_px: 0j, F_py: 0j
Free_energy = -9151.766339895004
------------------------------------------
[{'stable': {}, 'free': np.float64(-9151.766339895004)}]
------------------------------------------
  Seed: uu:px
  Seed uu: [ 5.88652253e-02+1.24564655e-15j -5.88652253e-02-1.24412353e-15j
  7.53399411e-19-3.69923783e-15j -1.12931660e-18+3.69478413e-15j], Seed dd: [0.+0.j 0.+0.j 0.+0.j 0.+0.j]
F_onsite: (3.4580879059673045e-20-4.877059392717599e-20j)
F_swave: (-6.673135789190048e-22+9.851314553021844e-25j), F_dwave: (-3.391356548075283e-20-4.7799133987565085e-20j)
F_px: (2.0380414203305656e-19+4.709500567134413e-33j), F_py: (-3.532092471736126e-23+5.00395724757849e-21j)
Free_energy = -9179.688116759797
------------------------------------------
[{'stable': {'Fuu_px': np.complex128(0.05612017592961352+1.351024327134187e-15j)}, 'free': np.float64(-9179.688116759797)}]
------------------------------------------
  Seed: uu:px+py
  Seed uu: [ 0.0262807 -0.03293024j -0.0262807 +0.03293024j  0.03294038+0.02628879j
 -0.03294038-0.02628879j], Seed dd: [0.+0.j 0.+0.j 0.+0.j 0.+0.j]
F_onsite: (-6.121518363748006e-20-5.942778362579821e-20j)
F_swave: (2.481064953514733e-21+1.3354366302306916e-21j), F_dwave: (-2.2064191267097207e-20-4.605176438497015e-21j)
F_px: (1.2909534348876237e-19+1.515802921517447e-19j), F_py: (8.397735126372616e-20-1.7840039995627274e-19j)
Free_energy = -9180.37040761934
------------------------------------------
[{'stable': {'Fuu_px': np.complex128(0.025052305976288658-0.03139103821677677j), 'Fuu_py': np.complex128(0.03139937982299745+0.025058963177937266j)}, 'free': np.float64(-9180.37040761934)}]
------------------------------------------
  Seed: uu:px+ipy
  Seed uu: [ 4.21381402e-02+1.13055007e-15j -4.21381402e-02-1.11884614e-15j
 -1.17583769e-15+4.21381402e-02j  1.16784530e-15-4.21381402e-02j], Seed dd: [0.+0.j 0.+0.j 0.+0.j 0.+0.j]
F_onsite: (3.250436010321067e-20-3.0227696701287894e-21j)
F_swave: (-3.5674629339431583e-22+1.577165347860208e-21j), F_dwave: (9.157515412703074e-21-2.7031565567316454e-20j)
F_px: (5.082970688437514e-20+9.612056735144585e-20j), F_py: (1.120404335362264e-19+8.706595281008512e-20j)
Free_energy = -9180.370407671606
------------------------------------------
[{'stable': {'Fuu_px': np.complex128(0.025052305976288658-0.03139103821677677j), 'Fuu_py': np.complex128(0.03139937982299745+0.025058963177937266j)}, 'free': np.float64(-9180.37040761934)}, {'stable': {'Fuu_px': np.complex128(0.04016769852616662+1.1506679611189327e-15j), 'Fuu_py': np.complex128(-1.1863485490426403e-15+0.040167698526164766j)}, 'free': np.float64(-9180.370407671606)}]
------------------------------------------
  Seed: dd:px
  Seed uu: [0.+0.j 0.+0.j 0.+0.j 0.+0.j], Seed dd: [ 5.88652253e-02+1.03820172e-15j -5.88652253e-02-1.01653123e-15j
  6.64623079e-19-4.09185809e-15j  1.63090238e-19+4.09402475e-15j]
F_onsite: (1.345805463226119e-19+2.3009860090716308e-35j)
F_swave: (-4.189416585651939e-22+6.770847460736376e-36j), F_dwave: (-5.6487786456834006e-21+2.0989627128282766e-34j)
F_px: (4.476282487931271e-35+1.2257388907024268e-20j), F_py: (1.3579310740699065e-34-2.135119734365886e-20j)
Free_energy = -9179.688116759797
------------------------------------------
[{'stable': {'Fuu_px': np.complex128(0.025052305976288658-0.03139103821677677j), 'Fuu_py': np.complex128(0.03139937982299745+0.025058963177937266j)}, 'free': np.float64(-9180.37040761934)}, {'stable': {'Fuu_px': np.complex128(0.04016769852616662+1.1506679611189327e-15j), 'Fuu_py': np.complex128(-1.1863485490426403e-15+0.040167698526164766j)}, 'free': np.float64(-9180.370407671606)}]
------------------------------------------
  Seed: dd:px+py
  Seed uu: [0.+0.j 0.+0.j 0.+0.j 0.+0.j], Seed dd: [ 0.02344757-0.03500411j -0.02344757+0.03500411j  0.03501489+0.02345479j
 -0.03501489-0.02345479j]
F_onsite: (6.083682852220213e-20+9.701828848843919e-22j)
F_swave: (1.7545025378227782e-22-2.331091795509535e-23j), F_dwave: (-3.350058994433411e-20-5.921078863896206e-22j)
F_px: (1.8227019485767694e-22-5.3980640823307507e-20j), F_py: (-3.6433166339560753e-22+5.0161706215440303e-20j)
Free_energy = -9180.370407619233
------------------------------------------
[{'stable': {'Fuu_px': np.complex128(0.025052305976288658-0.03139103821677677j), 'Fuu_py': np.complex128(0.03139937982299745+0.025058963177937266j)}, 'free': np.float64(-9180.37040761934)}, {'stable': {'Fuu_px': np.complex128(0.04016769852616662+1.1506679611189327e-15j), 'Fuu_py': np.complex128(-1.1863485490426403e-15+0.040167698526164766j)}, 'free': np.float64(-9180.370407671606)}, {'stable': {'Fdd_px': np.complex128(0.022351596485955215-0.0333679640839109j), 'Fdd_py': np.complex128(0.03337683976238614+0.02235754187666969j)}, 'free': np.float64(-9180.370407619233)}]
------------------------------------------
  Seed: dd:px+ipy
  Seed uu: [0.+0.j 0.+0.j 0.+0.j 0.+0.j], Seed dd: [ 4.21381402e-02+1.29000979e-15j -4.21381402e-02-1.28742904e-15j
 -1.27687197e-15+4.21381402e-02j  1.26586337e-15-4.21381402e-02j]
F_onsite: (-1.1409413303682204e-20+2.4951799137283267e-21j)
F_swave: (-4.563922758345258e-22-4.760767092158613e-23j), F_dwave: (4.688305591677585e-21+1.12796361154367e-21j)
F_px: (1.7164963842821932e-21-6.853556651314969e-21j), F_py: (5.199949717953429e-22+1.995529595963799e-21j)
Free_energy = -9180.370407671604
------------------------------------------
[{'stable': {'Fuu_px': np.complex128(0.025052305976288658-0.03139103821677677j), 'Fuu_py': np.complex128(0.03139937982299745+0.025058963177937266j)}, 'free': np.float64(-9180.37040761934)}, {'stable': {'Fuu_px': np.complex128(0.04016769852616662+1.1506679611189327e-15j), 'Fuu_py': np.complex128(-1.1863485490426403e-15+0.040167698526164766j)}, 'free': np.float64(-9180.370407671606)}, {'stable': {'Fdd_px': np.complex128(0.022351596485955215-0.0333679640839109j), 'Fdd_py': np.complex128(0.03337683976238614+0.02235754187666969j)}, 'free': np.float64(-9180.370407619233)}, {'stable': {'Fdd_px': np.complex128(0.040167698526166154+1.2671539834332632e-15j), 'Fdd_py': np.complex128(-1.327201644606668e-15+0.0401676985261651j)}, 'free': np.float64(-9180.370407671604)}]
------------------------------------------
  Seed: uu+dd:px
  Seed uu: [ 5.88652253e-02+1.21816567e-15j -5.88652253e-02-1.21341387e-15j
  5.11505330e-19-3.77763513e-15j -6.85110688e-19+3.77048336e-15j], Seed dd: [ 5.88652253e-02+1.05508753e-15j -5.88652253e-02-1.03696129e-15j
  2.06560234e-19-4.28581858e-15j -8.02795328e-20+4.28387178e-15j]
F_onsite: (1.1522332675523294e-20-3.047480748369251e-20j)
F_swave: (3.512738961170394e-22-5.980674872730192e-22j), F_dwave: (-1.7234337781480414e-20-2.742802873452512e-20j)
F_px: (1.393018418524212e-19-6.2907287250176996e-21j), F_py: (3.5548773279278966e-20-5.953345136188251e-21j)
Free_energy = -9207.609893624482
------------------------------------------
[{'stable': {'Fuu_px': np.complex128(0.056120175929613506+1.3627109995261323e-15j), 'Fdd_px': np.complex128(0.05612017592961342+1.1502467078114615e-15j)}, 'free': np.float64(-9207.609893624482)}]
------------------------------------------
  Seed: uu+dd:px+py
  Seed uu: [ 0.03121228-0.02831906j -0.03121228+0.02831906j  0.02831025+0.03120256j
 -0.02831025-0.03120256j], Seed dd: [ 0.03057299-0.02900371j -0.03057299+0.02900371j  0.02899881+0.03056783j
 -0.02899881-0.03056783j]
F_onsite: (-4.102488861104773e-20+3.36735045340463e-20j)
F_swave: (1.5241574875547442e-21-9.895027202888618e-22j), F_dwave: (-2.435389800153283e-20+6.267233838750171e-21j)
F_px: (2.5209046847465333e-20+5.984035326580568e-20j), F_py: (3.487747885519281e-20-5.757311913892468e-20j)
Free_energy = -9208.974475378896
------------------------------------------
[{'stable': {'Fuu_px': np.complex128(0.02975211601815794-0.026994248723251277j), 'Fuu_py': np.complex128(0.02698699069905231+0.029744116477950548j), 'Fdd_px': np.complex128(0.029143011612772732-0.027647133511503j), 'Fdd_py': np.complex128(0.027643105026953878+0.02913876516270352j)}, 'free': np.float64(-9208.974475378896)}]
------------------------------------------
  Seed: uu+dd:px+ipy
  Seed uu: [ 4.21381402e-02+1.32132137e-15j -4.21381402e-02-1.29819671e-15j
 -1.31730895e-15+4.21381402e-02j  1.30732320e-15-4.21381402e-02j], Seed dd: [ 4.21381402e-02+1.31162920e-15j -4.21381402e-02-1.29337995e-15j
 -1.31252271e-15+4.21381402e-02j  1.30191854e-15-4.21381402e-02j]
F_onsite: (-1.4348564967507456e-21-1.9588999634208892e-20j)
F_swave: (-1.4798333904329959e-21-1.0937269835601953e-21j), F_dwave: (-9.9113634686513e-20+3.307466199504633e-20j)
F_px: (1.6645837802797707e-20+6.98841105734703e-20j), F_py: (2.2438315006607175e-20+5.814775850769074e-20j)
Free_energy = -9208.974475448249
------------------------------------------
[{'stable': {'Fuu_px': np.complex128(0.02975211601815794-0.026994248723251277j), 'Fuu_py': np.complex128(0.02698699069905231+0.029744116477950548j), 'Fdd_px': np.complex128(0.029143011612772732-0.027647133511503j), 'Fdd_py': np.complex128(0.027643105026953878+0.02913876516270352j)}, 'free': np.float64(-9208.974475378896)}, {'stable': {'Fuu_px': np.complex128(0.04016769852616662+1.4034302158761412e-15j), 'Fuu_py': np.complex128(-1.3896975883396625e-15+0.040167698526164586j), 'Fdd_px': np.complex128(0.040167698526166584+1.3892087444499783e-15j), 'Fdd_py': np.complex128(-1.3783517540647585e-15+0.04016769852616461j)}, 'free': np.float64(-9208.974475448249)}]
------------------------------------------
====================================
mu=0.08, T=0.0670
====================================
  Seed: normal state
  Seed uu: [0.+0.j 0.+0.j 0.+0.j 0.+0.j], Seed dd: [0.+0.j 0.+0.j 0.+0.j 0.+0.j]
F_onsite: 0j
F_swave: 0j, F_dwave: 0j
F_px: 0j, F_py: 0j
Free_energy = -9154.403277555193
------------------------------------------
[{'stable': {}, 'free': np.float64(-9154.403277555193)}]
------------------------------------------
  Seed: uu:px
  Seed uu: [ 5.61201759e-02+1.35390662e-15j -5.61201759e-02-1.34814203e-15j
 -1.28725516e-18-4.27335830e-15j  9.47786855e-19+4.26939980e-15j], Seed dd: [0.+0.j 0.+0.j 0.+0.j 0.+0.j]
F_onsite: (1.3419991912639965e-20-1.5376238270538434e-19j)
F_swave: (-2.0592492964202033e-22+2.6822710304523212e-21j), F_dwave: (-1.3214066982996013e-20+6.799810135382491e-20j)
F_px: (1.3310738513559672e-19+3.76760045370753e-33j), F_py: (3.8427867324048766e-23-4.833943039578526e-21j)
Free_energy = -9179.040933805996
------------------------------------------
[{'stable': {'Fuu_px': np.complex128(0.05291378710178807+1.4630942505337787e-15j)}, 'free': np.float64(-9179.040933805996)}]
------------------------------------------
  Seed: uu:px+py
  Seed uu: [ 0.02505231-0.03139104j -0.02505231+0.03139104j  0.03139938+0.02505896j
 -0.03139938-0.02505896j], Seed dd: [0.+0.j 0.+0.j 0.+0.j 0.+0.j]
F_onsite: (4.955898828978089e-21+4.7938495498906126e-20j)
F_swave: (-2.0136630222362868e-21-6.15630247391711e-22j), F_dwave: (1.3032159311550079e-19+3.201241894092836e-20j)
F_px: (1.312829291124585e-21-4.1928939366817484e-20j), F_py: (1.598508714110555e-20+4.754236904199289e-20j)
Free_energy = -9179.639524447795
------------------------------------------
[{'stable': {'Fuu_px': np.complex128(0.023619232840395195-0.02959536904289485j), 'Fuu_py': np.complex128(0.02960216702672533+0.023624658120367403j)}, 'free': np.float64(-9179.639524447795)}]
------------------------------------------
  Seed: uu:px+ipy
  Seed uu: [ 4.01676985e-02+1.15848479e-15j -4.01676985e-02-1.14285113e-15j
 -1.19124935e-15+4.01676985e-02j  1.18144775e-15-4.01676985e-02j], Seed dd: [0.+0.j 0.+0.j 0.+0.j 0.+0.j]
F_onsite: (-8.942216248540414e-20-9.053119324743138e-20j)
F_swave: (1.9232011750565627e-21+3.561920331884759e-21j), F_dwave: (1.56436784406959e-20-6.411147670517082e-20j)
F_px: (5.959537048969037e-20-4.9206221803522945e-20j), F_py: (-5.812167450706433e-20+6.373055856272693e-20j)
Free_energy = -9179.639524481938
------------------------------------------
[{'stable': {'Fuu_px': np.complex128(0.023619232840395195-0.02959536904289485j), 'Fuu_py': np.complex128(0.02960216702672533+0.023624658120367403j)}, 'free': np.float64(-9179.639524447795)}, {'stable': {'Fuu_px': np.complex128(0.037869293607190234+1.3608064591791208e-15j), 'Fuu_py': np.complex128(-1.3142926639671655e-15+0.03786929360718944j)}, 'free': np.float64(-9179.639524481938)}]
------------------------------------------
  Seed: dd:px
  Seed uu: [0.+0.j 0.+0.j 0.+0.j 0.+0.j], Seed dd: [ 5.61201759e-02+1.10692711e-15j -5.61201759e-02-1.09955925e-15j
  1.76900846e-19-4.49761715e-15j  5.32353590e-19+4.48921400e-15j]
F_onsite: (2.5305312962043053e-19+4.507347137529031e-34j)
F_swave: (4.044302137812658e-22+1.0607367148232617e-35j), F_dwave: (1.754935425749567e-20-2.5435787573474215e-34j)
F_px: (1.3240768367662246e-34+2.720351539200968e-20j), F_py: (-1.1585672321704466e-34+3.320699638219925e-24j)
Free_energy = -9179.040933805996
------------------------------------------
[{'stable': {'Fuu_px': np.complex128(0.023619232840395195-0.02959536904289485j), 'Fuu_py': np.complex128(0.02960216702672533+0.023624658120367403j)}, 'free': np.float64(-9179.639524447795)}, {'stable': {'Fuu_px': np.complex128(0.037869293607190234+1.3608064591791208e-15j), 'Fuu_py': np.complex128(-1.3142926639671655e-15+0.03786929360718944j)}, 'free': np.float64(-9179.639524481938)}]
------------------------------------------
  Seed: dd:px+py
  Seed uu: [0.+0.j 0.+0.j 0.+0.j 0.+0.j], Seed dd: [ 0.0223516 -0.03336796j -0.0223516 +0.03336796j  0.03337684+0.02235754j
 -0.03337684-0.02235754j]
F_onsite: (-3.8669158771215645e-20+1.089911809460974e-21j)
F_swave: (7.64677298013538e-23-3.8672455846620486e-23j), F_dwave: (-4.842496144756955e-20-6.16956919401762e-22j)
F_px: (-5.788542822329258e-22-2.831426477738493e-21j), F_py: (3.338124971149929e-22-4.2503198614008454e-20j)
Free_energy = -9179.639524447737
------------------------------------------
[{'stable': {'Fuu_px': np.complex128(0.023619232840395195-0.02959536904289485j), 'Fuu_py': np.complex128(0.02960216702672533+0.023624658120367403j)}, 'free': np.float64(-9179.639524447795)}, {'stable': {'Fuu_px': np.complex128(0.037869293607190234+1.3608064591791208e-15j), 'Fuu_py': np.complex128(-1.3142926639671655e-15+0.03786929360718944j)}, 'free': np.float64(-9179.639524481938)}, {'stable': {'Fdd_px': np.complex128(0.021073013064448136-0.03145920889884132j), 'Fdd_py': np.complex128(0.031466442124334276+0.02107785825479582j)}, 'free': np.float64(-9179.639524447737)}]
------------------------------------------
  Seed: dd:px+ipy
  Seed uu: [0.+0.j 0.+0.j 0.+0.j 0.+0.j], Seed dd: [ 4.01676985e-02+1.26915494e-15j -4.01676985e-02-1.26515303e-15j
 -1.33276306e-15+4.01676985e-02j  1.32164022e-15-4.01676985e-02j]
F_onsite: (4.7073476494392625e-20-2.4945231483916886e-22j)
F_swave: (-7.562084650709388e-22-5.515364976232127e-23j), F_dwave: (9.47469991202461e-21+1.6960995044422654e-21j)
F_px: (1.8210967587055584e-21+3.691392297390366e-20j), F_py: (-1.8206416429826987e-21-1.0674867198794467e-20j)
Free_energy = -9179.639524481938
------------------------------------------
[{'stable': {'Fuu_px': np.complex128(0.023619232840395195-0.02959536904289485j), 'Fuu_py': np.complex128(0.02960216702672533+0.023624658120367403j)}, 'free': np.float64(-9179.639524447795)}, {'stable': {'Fuu_px': np.complex128(0.037869293607190234+1.3608064591791208e-15j), 'Fuu_py': np.complex128(-1.3142926639671655e-15+0.03786929360718944j)}, 'free': np.float64(-9179.639524481938)}, {'stable': {'Fdd_px': np.complex128(0.021073013064448136-0.03145920889884132j), 'Fdd_py': np.complex128(0.031466442124334276+0.02107785825479582j)}, 'free': np.float64(-9179.639524447737)}, {'stable': {'Fdd_px': np.complex128(0.03786929360719016+1.4624714960290896e-15j), 'Fdd_py': np.complex128(-1.4079347370896396e-15+0.037869293607189464j)}, 'free': np.float64(-9179.639524481938)}]
------------------------------------------
  Seed: uu+dd:px
  Seed uu: [ 5.61201759e-02+1.36803217e-15j -5.61201759e-02-1.35738983e-15j
 -1.12607406e-18-4.31014531e-15j  8.21297704e-19+4.30082070e-15j], Seed dd: [ 5.61201759e-02+1.15769509e-15j -5.61201759e-02-1.14279832e-15j
  5.19803606e-19-4.73290724e-15j  1.05445676e-19+4.71487682e-15j]
F_onsite: (3.5209712441799267e-20-2.828443546476668e-20j)
F_swave: (4.293134016774309e-22+5.534047749359842e-21j), F_dwave: (-2.497031785194733e-20-7.016062946155848e-21j)
F_px: (1.6744359633210876e-19+1.1470422304328533e-21j), F_py: (-3.2441563727046557e-20+6.383371659716618e-21j)
Free_energy = -9203.678590056734
------------------------------------------
[{'stable': {'Fuu_px': np.complex128(0.05291378710178808+1.51143918539391e-15j), 'Fdd_px': np.complex128(0.05291378710178797+1.5779271424677546e-15j)}, 'free': np.float64(-9203.678590056734)}]
------------------------------------------
  Seed: uu+dd:px+py
  Seed uu: [ 0.02975212-0.02699425j -0.02975212+0.02699425j  0.02698699+0.02974412j
 -0.02698699-0.02974412j], Seed dd: [ 0.02914301-0.02764713j -0.02914301+0.02764713j  0.02764311+0.02913877j
 -0.02764311-0.02913877j]
F_onsite: (-3.350131232602547e-20+1.5917555110923807e-20j)
F_swave: (1.2607808772334103e-21-2.23340178617984e-22j), F_dwave: (-6.27554594041847e-20-1.2184758957318886e-20j)
F_px: (1.0000891678875898e-20-4.075499058029791e-20j), F_py: (1.7405879700855687e-20+5.624483107046597e-20j)
Free_energy = -9204.87577136341
------------------------------------------
[{'stable': {'Fuu_px': np.complex128(0.028049181895598782-0.02544916778730645j), 'Fuu_py': np.complex128(0.02544325286758316+0.02804266267812905j), 'Fdd_px': np.complex128(0.027475170413574064-0.02606490073052217j), 'Fdd_py': np.complex128(0.026061617720994388+0.027471709773260116j)}, 'free': np.float64(-9204.87577136341)}]
------------------------------------------
  Seed: uu+dd:px+ipy
  Seed uu: [ 4.01676985e-02+1.41110062e-15j -4.01676985e-02-1.39575982e-15j
 -1.39443410e-15+4.01676985e-02j  1.38496107e-15-4.01676985e-02j], Seed dd: [ 4.01676985e-02+1.39510424e-15j -4.01676985e-02-1.38331325e-15j
 -1.38331989e-15+4.01676985e-02j  1.37338361e-15-4.01676985e-02j]
F_onsite: (-2.2021982363931467e-20+1.9089616663892016e-20j)
F_swave: (2.2843390615308324e-21+3.0580662278107295e-21j), F_dwave: (6.363164667571681e-21+5.04776391650981e-21j)
F_px: (1.6954387623817252e-20-5.2506364118352576e-20j), F_py: (-2.5521217210814203e-20+4.4574695286180335e-20j)
Free_energy = -9204.875771408706
------------------------------------------
[{'stable': {'Fuu_px': np.complex128(0.028049181895598782-0.02544916778730645j), 'Fuu_py': np.complex128(0.02544325286758316+0.02804266267812905j), 'Fdd_px': np.complex128(0.027475170413574064-0.02606490073052217j), 'Fdd_py': np.complex128(0.026061617720994388+0.027471709773260116j)}, 'free': np.float64(-9204.87577136341)}, {'stable': {'Fuu_px': np.complex128(0.03786929360719045+1.6126607210866523e-15j), 'Fuu_py': np.complex128(-1.5666416857601222e-15+0.03786929360718925j), 'Fdd_px': np.complex128(0.037869293607190394+1.5880103682556576e-15j), 'Fdd_py': np.complex128(-1.5490780605521102e-15+0.03786929360718925j)}, 'free': np.float64(-9204.875771408706)}]
------------------------------------------
====================================
mu=0.08, T=0.0711
====================================
  Seed: normal state
  Seed uu: [0.+0.j 0.+0.j 0.+0.j 0.+0.j], Seed dd: [0.+0.j 0.+0.j 0.+0.j 0.+0.j]
F_onsite: 0j
F_swave: 0j, F_dwave: 0j
F_px: 0j, F_py: 0j
Free_energy = -9157.186171804125
------------------------------------------
[{'stable': {}, 'free': np.float64(-9157.186171804125)}]
------------------------------------------
  Seed: uu:px
  Seed uu: [ 5.29137871e-02+1.46742227e-15j -5.29137871e-02-1.45876623e-15j
 -7.96201044e-19-5.04302315e-15j  5.40241584e-19+5.03697539e-15j], Seed dd: [0.+0.j 0.+0.j 0.+0.j 0.+0.j]
F_onsite: (4.649975701010139e-21+4.7600904431258885e-20j)
F_swave: (2.077661811006328e-23-3.3203246386144797e-22j), F_dwave: (-4.670752319119466e-21-9.827887613191527e-20j)
F_px: (3.230258023643873e-20+1.1013911869464505e-33j), F_py: (-9.872118384016745e-24+6.8097893238299e-21j)
Free_energy = -9178.28967598951
------------------------------------------
[{'stable': {'Fuu_px': np.complex128(0.04915261773052439+1.6712420888190211e-15j)}, 'free': np.float64(-9178.28967598951)}]
------------------------------------------
  Seed: uu:px+py
  Seed uu: [ 0.02361923-0.02959537j -0.02361923+0.02959537j  0.02960217+0.02362466j
 -0.02960217-0.02362466j], Seed dd: [0.+0.j 0.+0.j 0.+0.j 0.+0.j]
F_onsite: (-4.6602083352145665e-20+1.28236696647587e-19j)
F_swave: (6.776529848536538e-22-1.9877543924096607e-21j), F_dwave: (1.3041848173051822e-20+1.8463246545800752e-21j)
F_px: (-1.2239679050494211e-20-1.070953559549329e-20j), F_py: (-1.7365894933280957e-20+1.2835854505813539e-20j)
Free_energy = -9178.79953170844
------------------------------------------
[{'stable': {'Fuu_px': np.complex128(0.021938869838319455-0.027489840742779666j), 'Fuu_py': np.complex128(0.02749530443904862+0.021943230260862978j)}, 'free': np.float64(-9178.79953170844)}]
------------------------------------------
  Seed: uu:px+ipy
  Seed uu: [ 3.78692936e-02+1.35888487e-15j -3.78692936e-02-1.36272805e-15j
 -1.31867238e-15+3.78692936e-02j  1.30991295e-15-3.78692936e-02j], Seed dd: [0.+0.j 0.+0.j 0.+0.j 0.+0.j]
F_onsite: (-9.694441841905593e-21+4.3427792614651536e-20j)
F_swave: (-1.5890132184686182e-22-1.940285928913529e-21j), F_dwave: (3.2392630149749055e-20+5.042916677330879e-21j)
F_px: (1.014820851568095e-19-3.368636980583725e-21j), F_py: (-4.857361476000463e-21+1.0240427833011056e-19j)
Free_energy = -9178.79953173023
------------------------------------------
[{'stable': {'Fuu_px': np.complex128(0.021938869838319455-0.027489840742779666j), 'Fuu_py': np.complex128(0.02749530443904862+0.021943230260862978j)}, 'free': np.float64(-9178.79953170844)}, {'stable': {'Fuu_px': np.complex128(0.035174582277609626+1.340929679636386e-15j), 'Fuu_py': np.complex128(-1.3683441656720674e-15+0.035174582277608266j)}, 'free': np.float64(-9178.79953173023)}]
------------------------------------------
  Seed: dd:px
  Seed uu: [0.+0.j 0.+0.j 0.+0.j 0.+0.j], Seed dd: [ 5.29137871e-02+1.34996479e-15j -5.29137871e-02-1.34589501e-15j
 -4.82203284e-19-5.26934474e-15j  8.04681300e-20+5.25594029e-15j]
F_onsite: (-1.0747290892547044e-19-2.100369180032986e-34j)
F_swave: (1.2321074825864311e-22+6.018531076210112e-36j), F_dwave: (1.0168894114012969e-19+1.5648180798146291e-34j)
F_px: (4.81482486096809e-35+3.5972926538165094e-20j), F_py: (-3.069450848867157e-34+1.7696567340405583e-20j)
Free_energy = -9178.28967598951
------------------------------------------
[{'stable': {'Fuu_px': np.complex128(0.021938869838319455-0.027489840742779666j), 'Fuu_py': np.complex128(0.02749530443904862+0.021943230260862978j)}, 'free': np.float64(-9178.79953170844)}, {'stable': {'Fuu_px': np.complex128(0.035174582277609626+1.340929679636386e-15j), 'Fuu_py': np.complex128(-1.3683441656720674e-15+0.035174582277608266j)}, 'free': np.float64(-9178.79953173023)}]
------------------------------------------
  Seed: dd:px+py
  Seed uu: [0.+0.j 0.+0.j 0.+0.j 0.+0.j], Seed dd: [ 0.02107301-0.03145921j -0.02107301+0.03145921j  0.03146644+0.02107786j
 -0.03146644-0.02107786j]
F_onsite: (-4.1258199515581354e-21-1.2099354502784595e-21j)
F_swave: (7.705601502305367e-23+1.44670171382853e-23j), F_dwave: (-6.910268887856728e-21-1.853571430522724e-23j)
F_px: (-1.4475896080215531e-21+1.5863130610027016e-20j), F_py: (-7.841353661165316e-22+1.6266869978094955e-20j)
Free_energy = -9178.799531708399
------------------------------------------
[{'stable': {'Fuu_px': np.complex128(0.021938869838319455-0.027489840742779666j), 'Fuu_py': np.complex128(0.02749530443904862+0.021943230260862978j)}, 'free': np.float64(-9178.79953170844)}, {'stable': {'Fuu_px': np.complex128(0.035174582277609626+1.340929679636386e-15j), 'Fuu_py': np.complex128(-1.3683441656720674e-15+0.035174582277608266j)}, 'free': np.float64(-9178.79953173023)}, {'stable': {'Fdd_px': np.complex128(0.019573798221867212-0.029221080313585737j), 'Fdd_py': np.complex128(0.029226893823609913+0.019577692413011265j)}, 'free': np.float64(-9178.799531708399)}]
------------------------------------------
  Seed: dd:px+ipy
  Seed uu: [0.+0.j 0.+0.j 0.+0.j 0.+0.j], Seed dd: [ 3.78692936e-02+1.47058962e-15j -3.78692936e-02-1.45435337e-15j
 -1.41383619e-15+3.78692936e-02j  1.40203329e-15-3.78692936e-02j]
F_onsite: (3.331549066736668e-20-8.554217095713092e-22j)
F_swave: (6.354459095611678e-22-1.2227253056512088e-22j), F_dwave: (-8.684451694917378e-21+1.0673715158232265e-21j)
F_px: (8.371760189767251e-22-3.2258401754955897e-21j), F_py: (-1.770980700937596e-21-5.0671941780372726e-21j)
Free_energy = -9178.79953173023
------------------------------------------
[{'stable': {'Fuu_px': np.complex128(0.021938869838319455-0.027489840742779666j), 'Fuu_py': np.complex128(0.02749530443904862+0.021943230260862978j)}, 'free': np.float64(-9178.79953170844)}, {'stable': {'Fuu_px': np.complex128(0.035174582277609626+1.340929679636386e-15j), 'Fuu_py': np.complex128(-1.3683441656720674e-15+0.035174582277608266j)}, 'free': np.float64(-9178.79953173023)}, {'stable': {'Fdd_px': np.complex128(0.019573798221867212-0.029221080313585737j), 'Fdd_py': np.complex128(0.029226893823609913+0.019577692413011265j)}, 'free': np.float64(-9178.799531708399)}, {'stable': {'Fdd_px': np.complex128(0.035174582277609834+1.4696061074833717e-15j), 'Fdd_py': np.complex128(-1.466475923696573e-15+0.03517458227760808j)}, 'free': np.float64(-9178.79953173023)}]
------------------------------------------
  Seed: uu+dd:px
  Seed uu: [ 5.29137871e-02+1.51214873e-15j -5.29137871e-02-1.51072964e-15j
  7.46563590e-19-5.06300381e-15j -1.14809360e-18+5.05850236e-15j], Seed dd: [ 5.29137871e-02+1.58929422e-15j -5.29137871e-02-1.56656007e-15j
 -4.95458026e-19-5.43403791e-15j  4.95848455e-19+5.41954041e-15j]
F_onsite: (-2.046755999007763e-20+1.6938420760268196e-19j)
F_swave: (6.227937748840061e-22-3.821681713110688e-21j), F_dwave: (1.8039935936692712e-20+2.3512992458735543e-19j)
F_px: (1.9085413728214426e-19+5.193414269766082e-21j), F_py: (-4.9913015472333075e-21-5.527075747176389e-21j)
Free_energy = -9199.3931801749
------------------------------------------
[{'stable': {'Fuu_px': np.complex128(0.0491526177305244+1.7052014660892385e-15j), 'Fdd_px': np.complex128(0.04915261773052436+1.5972259411379966e-15j)}, 'free': np.float64(-9199.3931801749)}]
------------------------------------------
  Seed: uu+dd:px+py
  Seed uu: [ 0.02804918-0.02544917j -0.02804918+0.02544917j  0.02544325+0.02804266j
 -0.02544325-0.02804266j], Seed dd: [ 0.02747517-0.0260649j  -0.02747517+0.0260649j   0.02606162+0.02747171j
 -0.02606162-0.02747171j]
F_onsite: (-2.7340647855213326e-20+2.5975022081046914e-20j)
F_swave: (1.5225127623885867e-21-1.5989616689862867e-21j), F_dwave: (6.479632859530794e-23-1.2568119264082786e-20j)
F_px: (-1.1558257516253497e-20+3.0219620818280376e-20j), F_py: (2.5511260966821363e-20-6.960773552489383e-21j)
Free_energy = -9200.41289162738
------------------------------------------
[{'stable': {'Fuu_px': np.complex128(0.02605284439546375-0.023637880449581775j), 'Fuu_py': np.complex128(0.02363312649228451+0.02604760475014134j), 'Fdd_px': np.complex128(0.025519869853640416-0.024209963555397854j), 'Fdd_py': np.complex128(0.024207324924990593+0.025517088457276675j)}, 'free': np.float64(-9200.41289162738)}]
------------------------------------------
  Seed: uu+dd:px+ipy
  Seed uu: [ 3.78692936e-02+1.61470923e-15j -3.78692936e-02-1.61061221e-15j
 -1.57097035e-15+3.78692936e-02j  1.56231302e-15-3.78692936e-02j], Seed dd: [ 3.78692936e-02+1.58484385e-15j -3.78692936e-02-1.59117688e-15j
 -1.55382448e-15+3.78692936e-02j  1.54433165e-15-3.78692936e-02j]
F_onsite: (-6.139026467171182e-20-1.4743268891426072e-20j)
F_swave: (7.145557218590995e-21+7.72620477338678e-22j), F_dwave: (2.8632839255438726e-20-4.032532938941491e-20j)
F_px: (3.0072313899160214e-22-5.012722467707868e-20j), F_py: (-1.7190633940060285e-20-1.685964933072701e-20j)
Free_energy = -9200.41289165621
------------------------------------------
[{'stable': {'Fuu_px': np.complex128(0.02605284439546375-0.023637880449581775j), 'Fuu_py': np.complex128(0.02363312649228451+0.02604760475014134j), 'Fdd_px': np.complex128(0.025519869853640416-0.024209963555397854j), 'Fdd_py': np.complex128(0.024207324924990593+0.025517088457276675j)}, 'free': np.float64(-9200.41289162738)}, {'stable': {'Fuu_px': np.complex128(0.035174582277610084+1.6510716006018259e-15j), 'Fuu_py': np.complex128(-1.644004817957773e-15+0.035174582277607766j), 'Fdd_px': np.complex128(0.03517458227760996+1.6145162526367312e-15j), 'Fdd_py': np.complex128(-1.612884033382262e-15+0.03517458227760783j)}, 'free': np.float64(-9200.41289165621)}]
------------------------------------------
====================================
mu=0.08, T=0.0753
====================================
  Seed: normal state
  Seed uu: [0.+0.j 0.+0.j 0.+0.j 0.+0.j], Seed dd: [0.+0.j 0.+0.j 0.+0.j 0.+0.j]
F_onsite: 0j
F_swave: 0j, F_dwave: 0j
F_px: 0j, F_py: 0j
Free_energy = -9160.11296283177
------------------------------------------
[{'stable': {}, 'free': np.float64(-9160.11296283177)}]
------------------------------------------
  Seed: uu:px
  Seed uu: [ 4.91526177e-02+1.67884672e-15j -4.91526177e-02-1.66363745e-15j
 -1.87766690e-19-5.63423817e-15j -5.55349211e-19+5.63438879e-15j], Seed dd: [0.+0.j 0.+0.j 0.+0.j 0.+0.j]
F_onsite: (5.156652310665995e-20+2.9857462586137876e-20j)
F_swave: (-1.1930251388665175e-21-7.946141972975153e-22j), F_dwave: (-5.037349796779977e-20+7.596303651270543e-20j)
F_px: (1.5326926541102036e-19+5.579178307646774e-33j), F_py: (-4.1969365717363468e-22-6.093239725635402e-21j)
Free_energy = -9177.433497535205
------------------------------------------
[{'stable': {'Fuu_px': np.complex128(0.04469186315487926+1.775929617157479e-15j)}, 'free': np.float64(-9177.433497535205)}]
------------------------------------------
  Seed: uu:px+py
  Seed uu: [ 0.02193887-0.02748984j -0.02193887+0.02748984j  0.0274953 +0.02194323j
 -0.0274953 -0.02194323j], Seed dd: [0.+0.j 0.+0.j 0.+0.j 0.+0.j]
F_onsite: (5.639368020488815e-20-1.0922365943705916e-20j)
F_swave: (-5.864740879392291e-22-1.7250736613197575e-21j), F_dwave: (-1.7771837183233462e-20+1.1074653582903473e-19j)
F_px: (-5.854192218150961e-20-3.5100331536115076e-20j), F_py: (-5.2331754034097754e-20+5.622312797259146e-20j)
Free_energy = -9177.85025586705
------------------------------------------
[{'stable': {'Fuu_px': np.complex128(0.019946893818450266-0.024993855126692652j), 'Fuu_py': np.complex128(0.02499816221506196+0.01995033118471221j)}, 'free': np.float64(-9177.85025586705)}]
------------------------------------------
  Seed: uu:px+ipy
  Seed uu: [ 3.51745823e-02+1.34489917e-15j -3.51745823e-02-1.33696019e-15j
 -1.37307519e-15+3.51745823e-02j  1.36361314e-15-3.51745823e-02j], Seed dd: [0.+0.j 0.+0.j 0.+0.j 0.+0.j]
F_onsite: (-7.673688596098133e-20-4.5783862332244e-20j)
F_swave: (3.2057836811526028e-21+1.261539019156588e-21j), F_dwave: (-7.14453069970899e-20+4.67226096489474e-20j)
F_px: (-4.3264114209932954e-20+3.189858376563001e-20j), F_py: (-1.1077662637152934e-20+2.525018773795272e-20j)
Free_energy = -9177.850255880303
------------------------------------------
[{'stable': {'Fuu_px': np.complex128(0.019946893818450266-0.024993855126692652j), 'Fuu_py': np.complex128(0.02499816221506196+0.01995033118471221j)}, 'free': np.float64(-9177.85025586705)}, {'stable': {'Fuu_px': np.complex128(0.031980425240631744+1.512716140501455e-15j), 'Fuu_py': np.complex128(-1.4864974664639496e-15+0.03198042524063023j)}, 'free': np.float64(-9177.850255880303)}]
------------------------------------------
  Seed: dd:px
  Seed uu: [0.+0.j 0.+0.j 0.+0.j 0.+0.j], Seed dd: [ 4.91526177e-02+1.61585325e-15j -4.91526177e-02-1.59873879e-15j
  1.22740368e-19-5.86359267e-15j -4.96539978e-20+5.84742742e-15j]
F_onsite: (2.628352292904954e-19-5.584376596051769e-34j)
F_swave: (-1.6327642132946398e-21-3.2443644082695135e-36j), F_dwave: (-7.739672266365889e-21+1.2211035316341923e-34j)
F_px: (-2.9942192104145307e-34-1.7802433456335698e-20j), F_py: (5.567141245494354e-34-1.3642191223402527e-21j)
Free_energy = -9177.433497535205
------------------------------------------
[{'stable': {'Fuu_px': np.complex128(0.019946893818450266-0.024993855126692652j), 'Fuu_py': np.complex128(0.02499816221506196+0.01995033118471221j)}, 'free': np.float64(-9177.85025586705)}, {'stable': {'Fuu_px': np.complex128(0.031980425240631744+1.512716140501455e-15j), 'Fuu_py': np.complex128(-1.4864974664639496e-15+0.03198042524063023j)}, 'free': np.float64(-9177.850255880303)}]
------------------------------------------
  Seed: dd:px+py
  Seed uu: [0.+0.j 0.+0.j 0.+0.j 0.+0.j], Seed dd: [ 0.0195738 -0.02922108j -0.0195738 +0.02922108j  0.02922689+0.01957769j
 -0.02922689-0.01957769j]
F_onsite: (-9.531814446608323e-21-1.2248195926989848e-21j)
F_swave: (8.3733144247969985e-22+4.886802567438644e-23j), F_dwave: (8.046809648839958e-21-2.4291560799138615e-22j)
F_px: (-1.994323459855077e-21+1.7295171358054175e-20j), F_py: (-4.483281165921894e-22+1.2682234528699722e-20j)
Free_energy = -9177.850255866968
------------------------------------------
[{'stable': {'Fuu_px': np.complex128(0.019946893818450266-0.024993855126692652j), 'Fuu_py': np.complex128(0.02499816221506196+0.01995033118471221j)}, 'free': np.float64(-9177.85025586705)}, {'stable': {'Fuu_px': np.complex128(0.031980425240631744+1.512716140501455e-15j), 'Fuu_py': np.complex128(-1.4864974664639496e-15+0.03198042524063023j)}, 'free': np.float64(-9177.850255880303)}, {'stable': {'Fdd_px': np.complex128(0.017796563028000176-0.02656790427960993j), 'Fdd_py': np.complex128(0.02657248712978691+0.017799632859220857j)}, 'free': np.float64(-9177.850255866968)}]
------------------------------------------
  Seed: dd:px+ipy
  Seed uu: [0.+0.j 0.+0.j 0.+0.j 0.+0.j], Seed dd: [ 3.51745823e-02+1.47797757e-15j -3.51745823e-02-1.46123464e-15j
 -1.47192070e-15+3.51745823e-02j  1.46103114e-15-3.51745823e-02j]
F_onsite: (-1.2793065735643101e-20+2.9614722089980165e-21j)
F_swave: (8.128848936506019e-22+1.4102716508910538e-23j), F_dwave: (-3.0994994279754345e-20-1.6673948596648097e-21j)
F_px: (1.73417440191645e-21-3.2955736579232073e-20j), F_py: (2.3406829627446485e-21-1.6348917945703425e-20j)
Free_energy = -9177.850255880305
------------------------------------------
[{'stable': {'Fuu_px': np.complex128(0.019946893818450266-0.024993855126692652j), 'Fuu_py': np.complex128(0.02499816221506196+0.01995033118471221j)}, 'free': np.float64(-9177.85025586705)}, {'stable': {'Fuu_px': np.complex128(0.031980425240631744+1.512716140501455e-15j), 'Fuu_py': np.complex128(-1.4864974664639496e-15+0.03198042524063023j)}, 'free': np.float64(-9177.850255880303)}, {'stable': {'Fdd_px': np.complex128(0.017796563028000176-0.02656790427960993j), 'Fdd_py': np.complex128(0.02657248712978691+0.017799632859220857j)}, 'free': np.float64(-9177.850255866968)}, {'stable': {'Fdd_px': np.complex128(0.03198042524063248+1.6286062619025023e-15j), 'Fdd_py': np.complex128(-1.5856490521569495e-15+0.03198042524062965j)}, 'free': np.float64(-9177.850255880305)}]
------------------------------------------
  Seed: uu+dd:px
  Seed uu: [ 4.91526177e-02+1.71341006e-15j -4.91526177e-02-1.69699287e-15j
  4.78441266e-20-5.66279388e-15j  7.52277754e-19+5.65266813e-15j], Seed dd: [ 4.91526177e-02+1.60874157e-15j -4.91526177e-02-1.58571032e-15j
  7.12367944e-21-6.06120016e-15j -2.13511860e-20+6.04142438e-15j]
F_onsite: (2.613199853534416e-20-2.5322959448009277e-19j)
F_swave: (-5.831221622906521e-22+1.0776891926997693e-20j), F_dwave: (-1.2799706618085378e-20-1.6235664485123713e-19j)
F_px: (1.4820281150863732e-19+6.73866700474046e-21j), F_py: (3.4412531597511653e-20-1.0139869758966802e-21j)
Free_energy = -9194.754032238581
------------------------------------------
[{'stable': {'Fuu_px': np.complex128(0.04469186315487925+1.85146918006392e-15j), 'Fdd_px': np.complex128(0.04469186315487925+1.639279168205482e-15j)}, 'free': np.float64(-9194.754032238581)}]
------------------------------------------
  Seed: uu+dd:px+py
  Seed uu: [ 0.02605284-0.02363788j -0.02605284+0.02363788j  0.02363313+0.0260476j
 -0.02363313-0.0260476j ], Seed dd: [ 0.02551987-0.02420996j -0.02551987+0.02420996j  0.02420732+0.02551709j
 -0.02420732-0.02551709j]
F_onsite: (7.63179830846123e-21-3.342419410687893e-20j)
F_swave: (-1.1681149852284611e-21+1.1750001372218915e-21j), F_dwave: (-6.00062350405292e-20+1.998467957808505e-20j)
F_px: (1.5664249150915906e-21+2.0681377902260118e-20j), F_py: (1.7708563970216844e-20-7.15379826261069e-21j)
Free_energy = -9195.587548911191
------------------------------------------
[{'stable': {'Fuu_px': np.complex128(0.02368670359042132-0.021491068660915005j), 'Fuu_py': np.complex128(0.02148732106712952+0.02368257312373405j), 'Fdd_px': np.complex128(0.023202276312304756-0.022011329491284093j), 'Fdd_py': np.complex128(0.022009249431604472+0.023200083708743317j)}, 'free': np.float64(-9195.587548911191)}]
------------------------------------------
  Seed: uu+dd:px+ipy
  Seed uu: [ 3.51745823e-02+1.65496317e-15j -3.51745823e-02-1.64718003e-15j
 -1.64829734e-15+3.51745823e-02j  1.63971229e-15-3.51745823e-02j], Seed dd: [ 3.51745823e-02+1.61756596e-15j -3.51745823e-02-1.61146655e-15j
 -1.61733691e-15+3.51745823e-02j  1.60843115e-15-3.51745823e-02j]
F_onsite: (-8.91598162039837e-21+1.7920381354415085e-20j)
F_swave: (1.2511829018862838e-21+1.2797142075566953e-21j), F_dwave: (-3.8704489133102455e-20-1.865261435199083e-20j)
F_px: (6.205747774021061e-20-2.0220703134171986e-20j), F_py: (-3.4674464928947734e-20+4.920274067615211e-20j)
Free_energy = -9195.587548928926
------------------------------------------
[{'stable': {'Fuu_px': np.complex128(0.02368670359042132-0.021491068660915005j), 'Fuu_py': np.complex128(0.02148732106712952+0.02368257312373405j), 'Fdd_px': np.complex128(0.023202276312304756-0.022011329491284093j), 'Fdd_py': np.complex128(0.022009249431604472+0.023200083708743317j)}, 'free': np.float64(-9195.587548911191)}, {'stable': {'Fuu_px': np.complex128(0.03198042524063269+1.7741594109419462e-15j), 'Fuu_py': np.complex128(-1.7369710779023464e-15+0.031980425240629426j), 'Fdd_px': np.complex128(0.03198042524063277+1.7143340165078568e-15j), 'Fdd_py': np.complex128(-1.7005649268499767e-15+0.03198042524062926j)}, 'free': np.float64(-9195.587548928926)}]
------------------------------------------
====================================
mu=0.08, T=0.0794
====================================
  Seed: normal state
  Seed uu: [0.+0.j 0.+0.j 0.+0.j 0.+0.j], Seed dd: [0.+0.j 0.+0.j 0.+0.j 0.+0.j]
F_onsite: 0j
F_swave: 0j, F_dwave: 0j
F_px: 0j, F_py: 0j
Free_energy = -9163.181646211522
------------------------------------------
[{'stable': {}, 'free': np.float64(-9163.181646211522)}]
------------------------------------------
  Seed: uu:px
  Seed uu: [ 4.46918632e-02+1.77837193e-15j -4.46918632e-02-1.77348730e-15j
  1.12312929e-18-6.04352354e-15j -5.39996739e-19+6.03524718e-15j], Seed dd: [0.+0.j 0.+0.j 0.+0.j 0.+0.j]
F_onsite: (-3.591027981617588e-20+1.0206231526603047e-19j)
F_swave: (1.1100913118724269e-21-1.2593293539436422e-21j), F_dwave: (3.480018850430079e-20+2.954792102405261e-21j)
F_px: (1.8044903313069915e-19+9.692280060947991e-33j), F_py: (2.1305539560081974e-23+1.4280013318876363e-21j)
Free_energy = -9176.471335398073
------------------------------------------
[{'stable': {'Fuu_px': np.complex128(0.039288233351267854+2.0586203517378198e-15j)}, 'free': np.float64(-9176.471335398073)}]
------------------------------------------
  Seed: uu:px+py
  Seed uu: [ 0.01994689-0.02499386j -0.01994689+0.02499386j  0.02499816+0.01995033j
 -0.02499816-0.01995033j], Seed dd: [0.+0.j 0.+0.j 0.+0.j 0.+0.j]
F_onsite: (4.719695171727793e-20-4.7908320818462436e-20j)
F_swave: (-1.2711999434206304e-21+1.3673452990995025e-21j), F_dwave: (-3.3121251399193033e-20+1.3128960461897344e-20j)
F_px: (5.97374903377834e-20+5.3500035893653014e-20j), F_py: (5.006557727279511e-20-4.9801562045656467e-20j)
Free_energy = -9176.791678622441
------------------------------------------
[{'stable': {'Fuu_px': np.complex128(0.017535486839222375-0.02197231416703829j), 'Fuu_py': np.complex128(0.021975606590541534+0.017538114429951922j)}, 'free': np.float64(-9176.791678622441)}]
------------------------------------------
  Seed: uu:px+ipy
  Seed uu: [ 3.19804252e-02+1.52034476e-15j -3.19804252e-02-1.50508752e-15j
 -1.49058590e-15+3.19804252e-02j  1.48240904e-15-3.19804252e-02j], Seed dd: [0.+0.j 0.+0.j 0.+0.j 0.+0.j]
F_onsite: (-6.54797855611899e-20+8.241071486864032e-20j)
F_swave: (1.9586446392223094e-21-2.3269937096507922e-21j), F_dwave: (4.5402831305188083e-20+6.3038765840831995e-21j)
F_px: (-4.414272116514279e-20-1.4220730696933272e-21j), F_py: (3.881757950303858e-22-2.0928314875427722e-20j)
Free_energy = -9176.791678630145
------------------------------------------
[{'stable': {'Fuu_px': np.complex128(0.017535486839222375-0.02197231416703829j), 'Fuu_py': np.complex128(0.021975606590541534+0.017538114429951922j)}, 'free': np.float64(-9176.791678622441)}, {'stable': {'Fuu_px': np.complex128(0.028113952338795017+1.5243443014455906e-15j), 'Fuu_py': np.complex128(-1.5067995491904347e-15+0.02811395233879258j)}, 'free': np.float64(-9176.791678630145)}]
------------------------------------------
  Seed: dd:px
  Seed uu: [0.+0.j 0.+0.j 0.+0.j 0.+0.j], Seed dd: [ 4.46918632e-02+1.78081244e-15j -4.46918632e-02-1.77213412e-15j
  7.37156892e-19-6.38185063e-15j -1.15681209e-18+6.37305430e-15j]
F_onsite: (2.3958813070061477e-19+2.71580623434604e-34j)
F_swave: (-1.2527176434109846e-21-8.05213630313267e-37j), F_dwave: (4.321181041523375e-21+1.3923142838314584e-34j)
F_px: (8.369519777854687e-35-5.314438459070423e-20j), F_py: (1.4369242944451642e-34-3.859463815918171e-23j)
Free_energy = -9176.471335398073
------------------------------------------
[{'stable': {'Fuu_px': np.complex128(0.017535486839222375-0.02197231416703829j), 'Fuu_py': np.complex128(0.021975606590541534+0.017538114429951922j)}, 'free': np.float64(-9176.791678622441)}, {'stable': {'Fuu_px': np.complex128(0.028113952338795017+1.5243443014455906e-15j), 'Fuu_py': np.complex128(-1.5067995491904347e-15+0.02811395233879258j)}, 'free': np.float64(-9176.791678630145)}]
------------------------------------------
  Seed: dd:px+py
  Seed uu: [0.+0.j 0.+0.j 0.+0.j 0.+0.j], Seed dd: [ 0.01779656-0.0265679j  -0.01779656+0.0265679j   0.02657249+0.01779963j
 -0.02657249-0.01779963j]
F_onsite: (4.2997581373665736e-20-2.5573770733019783e-21j)
F_swave: (-1.5845557614005835e-21-1.2530881621237079e-23j), F_dwave: (1.694283594225658e-20-2.9387427930623137e-22j)
F_px: (-6.461005272052816e-22-1.2953976802395139e-20j), F_py: (-1.8246467130877016e-22-1.4172634579268197e-20j)
Free_energy = -9176.791678622461
------------------------------------------
[{'stable': {'Fuu_px': np.complex128(0.017535486839222375-0.02197231416703829j), 'Fuu_py': np.complex128(0.021975606590541534+0.017538114429951922j)}, 'free': np.float64(-9176.791678622441)}, {'stable': {'Fuu_px': np.complex128(0.028113952338795017+1.5243443014455906e-15j), 'Fuu_py': np.complex128(-1.5067995491904347e-15+0.02811395233879258j)}, 'free': np.float64(-9176.791678630145)}, {'stable': {'Fdd_px': np.complex128(0.01564511262049088-0.023356074647162738j), 'Fdd_py': np.complex128(0.02335957786844341+0.015647459260167938j)}, 'free': np.float64(-9176.791678622461)}]
------------------------------------------
  Seed: dd:px+ipy
  Seed uu: [0.+0.j 0.+0.j 0.+0.j 0.+0.j], Seed dd: [ 3.19804252e-02+1.63363809e-15j -3.19804252e-02-1.62357444e-15j
 -1.59018405e-15+3.19804252e-02j  1.58111405e-15-3.19804252e-02j]
F_onsite: (-4.629004230568179e-20+2.898372554635561e-21j)
F_swave: (5.026951589851052e-22+3.1362617312460556e-23j), F_dwave: (-2.0227837519434208e-20+2.4391591037597078e-21j)
F_px: (-3.0814443770352665e-21-2.815051644699796e-20j), F_py: (-2.284527317788923e-22-6.858985290283018e-21j)
Free_energy = -9176.791678630145
------------------------------------------
[{'stable': {'Fuu_px': np.complex128(0.017535486839222375-0.02197231416703829j), 'Fuu_py': np.complex128(0.021975606590541534+0.017538114429951922j)}, 'free': np.float64(-9176.791678622441)}, {'stable': {'Fuu_px': np.complex128(0.028113952338795017+1.5243443014455906e-15j), 'Fuu_py': np.complex128(-1.5067995491904347e-15+0.02811395233879258j)}, 'free': np.float64(-9176.791678630145)}, {'stable': {'Fdd_px': np.complex128(0.01564511262049088-0.023356074647162738j), 'Fdd_py': np.complex128(0.02335957786844341+0.015647459260167938j)}, 'free': np.float64(-9176.791678622461)}, {'stable': {'Fdd_px': np.complex128(0.028113952338795437+1.6975396030950702e-15j), 'Fdd_py': np.complex128(-1.6528791027368175e-15+0.028113952338792075j)}, 'free': np.float64(-9176.791678630145)}]
------------------------------------------
  Seed: uu+dd:px
  Seed uu: [ 4.46918632e-02+1.85423384e-15j -4.46918632e-02-1.84870452e-15j
  8.05647447e-19-6.11019038e-15j  1.65403035e-20+6.10599524e-15j], Seed dd: [ 4.46918632e-02+1.63969146e-15j -4.46918632e-02-1.63886687e-15j
 -1.32374706e-18-6.58430765e-15j  7.21493400e-19+6.57642288e-15j]
F_onsite: (-1.0649708767464962e-20-1.9098235380694362e-20j)
F_swave: (8.544424270672973e-22-2.323156437778274e-21j), F_dwave: (8.824994064754608e-21-1.0092951382421259e-19j)
F_px: (3.453624281255914e-19-9.907663561152876e-22j), F_py: (-8.74461370863618e-21+1.010844621335731e-20j)
Free_energy = -9189.761024584634
------------------------------------------
[{'stable': {'Fuu_px': np.complex128(0.03928823335126777+1.963044370047866e-15j), 'Fdd_px': np.complex128(0.039288233351267715+1.8339685264615805e-15j)}, 'free': np.float64(-9189.761024584634)}]
------------------------------------------
  Seed: uu+dd:px+py
  Seed uu: [ 0.0236867 -0.02149107j -0.0236867 +0.02149107j  0.02148732+0.02368257j
 -0.02148732-0.02368257j], Seed dd: [ 0.02320228-0.02201133j -0.02320228+0.02201133j  0.02200925+0.02320008j
 -0.02200925-0.02320008j]
F_onsite: (1.338272704531395e-19-4.384010566595355e-20j)
F_swave: (-5.5726063177406814e-21+1.808422863492056e-21j), F_dwave: (-4.5355020546389925e-20+6.778143351446236e-20j)
F_px: (3.9965893628844884e-20+1.0211656337233834e-20j), F_py: (3.0131525006115225e-20-1.3949399376440818e-20j)
Free_energy = -9190.401711038521
------------------------------------------
[{'stable': {'Fuu_px': np.complex128(0.020822715059796236-0.018892557056259564j), 'Fuu_py': np.complex128(0.018889692321477542+0.020819557649398468j), 'Fdd_px': np.complex128(0.02039696673872011-0.019350013311867448j), 'Fdd_py': np.complex128(0.019348423273127364+0.020395290669211565j)}, 'free': np.float64(-9190.401711038521)}]
------------------------------------------
  Seed: uu+dd:px+ipy
  Seed uu: [ 3.19804252e-02+1.77903725e-15j -3.19804252e-02-1.76928157e-15j
 -1.74134839e-15+3.19804252e-02j  1.73259377e-15-3.19804252e-02j], Seed dd: [ 3.19804252e-02+1.71606477e-15j -3.19804252e-02-1.71260326e-15j
 -1.70546897e-15+3.19804252e-02j  1.69566088e-15-3.19804252e-02j]
F_onsite: (1.6599625999800122e-20-4.9108247632645514e-20j)
F_swave: (8.309000456208097e-22-3.2835442966564272e-21j), F_dwave: (-1.7120240294006973e-20-6.148648727602993e-20j)
F_px: (1.37585314033936e-21+3.297423972012753e-20j), F_py: (2.3594884728487465e-20+1.9062286680822506e-20j)
Free_energy = -9190.401711048753
------------------------------------------
[{'stable': {'Fuu_px': np.complex128(0.020822715059796236-0.018892557056259564j), 'Fuu_py': np.complex128(0.018889692321477542+0.020819557649398468j), 'Fdd_px': np.complex128(0.02039696673872011-0.019350013311867448j), 'Fdd_py': np.complex128(0.019348423273127364+0.020395290669211565j)}, 'free': np.float64(-9190.401711038521)}, {'stable': {'Fuu_px': np.complex128(0.02811395233879565+1.849786972630673e-15j), 'Fuu_py': np.complex128(-1.8057701511378846e-15+0.028113952338791798j), 'Fdd_px': np.complex128(0.028113952338795656+1.7907577229925537e-15j), 'Fdd_py': np.complex128(-1.7333093809411456e-15+0.028113952338791742j)}, 'free': np.float64(-9190.401711048753)}]
------------------------------------------
====================================
mu=0.08, T=0.0835
====================================
  Seed: normal state
  Seed uu: [0.+0.j 0.+0.j 0.+0.j 0.+0.j], Seed dd: [0.+0.j 0.+0.j 0.+0.j 0.+0.j]
F_onsite: 0j
F_swave: 0j, F_dwave: 0j
F_px: 0j, F_py: 0j
Free_energy = -9166.390290471125
------------------------------------------
[{'stable': {}, 'free': np.float64(-9166.390290471125)}]
------------------------------------------
  Seed: uu:px
  Seed uu: [ 3.92882334e-02+2.06299329e-15j -3.92882334e-02-2.05424741e-15j
  2.77135284e-19-6.13045082e-15j -6.82533193e-19+6.12870668e-15j], Seed dd: [0.+0.j 0.+0.j 0.+0.j 0.+0.j]
F_onsite: (-3.763120581847288e-20+6.301971188101157e-20j)
F_swave: (6.209992993099425e-22-1.3424118685404362e-21j), F_dwave: (3.7010206519153576e-20+6.310576631509826e-20j)
F_px: (1.4512724608259127e-19+1.2091228932106115e-32j), F_py: (3.288270782134245e-23-4.389605986769077e-21j)
Free_energy = -9175.40619994823
------------------------------------------
[{'stable': {'Fuu_px': np.complex128(0.032474560223639114+2.065619914376574e-15j)}, 'free': np.float64(-9175.40619994823)}]
------------------------------------------
  Seed: uu:px+py
  Seed uu: [ 0.01753549-0.02197231j -0.01753549+0.02197231j  0.02197561+0.01753811j
 -0.02197561-0.01753811j], Seed dd: [0.+0.j 0.+0.j 0.+0.j 0.+0.j]
F_onsite: (3.857782639768364e-20+4.5839435635548157e-20j)
F_swave: (-2.5892782481446085e-21-8.695987543008543e-22j), F_dwave: (7.121738376713942e-20+9.301866028622574e-20j)
F_px: (7.99533553920321e-21-1.959696053503284e-19j), F_py: (5.037304127426186e-20+1.9066754776573685e-19j)
Free_energy = -9175.624859672871
------------------------------------------
[{'stable': {'Fuu_px': np.complex128(0.014495404418707176-0.018163030361591406j), 'Fuu_py': np.complex128(0.01816540784817052+0.01449730182397373j)}, 'free': np.float64(-9175.624859672871)}]
------------------------------------------
  Seed: uu:px+ipy
  Seed uu: [ 2.81139523e-02+1.53025711e-15j -2.81139523e-02-1.51843150e-15j
 -1.51020339e-15+2.81139523e-02j  1.50339571e-15-2.81139523e-02j], Seed dd: [0.+0.j 0.+0.j 0.+0.j 0.+0.j]
F_onsite: (1.508705650420846e-19+6.733998472387519e-20j)
F_swave: (-4.479825833194729e-21-1.5516566522345326e-21j), F_dwave: (6.09776571769709e-20-2.578376784571696e-20j)
F_px: (7.137529735427816e-20+6.72954357341814e-20j), F_py: (9.540232929352134e-20+9.508889886149892e-20j)
Free_energy = -9175.624859676805
------------------------------------------
[{'stable': {'Fuu_px': np.complex128(0.014495404418707176-0.018163030361591406j), 'Fuu_py': np.complex128(0.01816540784817052+0.01449730182397373j)}, 'free': np.float64(-9175.624859672871)}, {'stable': {'Fuu_px': np.complex128(0.023239688295103617+1.6312574353227388e-15j), 'Fuu_py': np.complex128(-1.6002200967274222e-15+0.023239688295102347j)}, 'free': np.float64(-9175.624859676805)}]
------------------------------------------
  Seed: dd:px
  Seed uu: [0.+0.j 0.+0.j 0.+0.j 0.+0.j], Seed dd: [ 3.92882334e-02+1.85766303e-15j -3.92882334e-02-1.84652113e-15j
 -3.08286906e-19-6.75045673e-15j -2.94979224e-19+6.75370839e-15j]
F_onsite: (6.888181253471678e-20-4.6732720797551384e-34j)
F_swave: (8.3281783645148405e-22+3.3101920919155616e-35j), F_dwave: (-1.85062407326724e-19-1.5648180798146291e-34j)
F_px: (-1.0592614694129797e-33+2.89305510389662e-20j), F_py: (9.62964972193618e-35+3.304722571291652e-20j)
Free_energy = -9175.40619994823
------------------------------------------
[{'stable': {'Fuu_px': np.complex128(0.014495404418707176-0.018163030361591406j), 'Fuu_py': np.complex128(0.01816540784817052+0.01449730182397373j)}, 'free': np.float64(-9175.624859672871)}, {'stable': {'Fuu_px': np.complex128(0.023239688295103617+1.6312574353227388e-15j), 'Fuu_py': np.complex128(-1.6002200967274222e-15+0.023239688295102347j)}, 'free': np.float64(-9175.624859676805)}]
------------------------------------------
  Seed: dd:px+py
  Seed uu: [0.+0.j 0.+0.j 0.+0.j 0.+0.j], Seed dd: [ 0.01564511-0.02335607j -0.01564511+0.02335607j  0.02335958+0.01564746j
 -0.02335958-0.01564746j]
F_onsite: (-9.65781366110266e-22+1.88720903908911e-21j)
F_swave: (1.6072920432312934e-21+1.0522965221327104e-23j), F_dwave: (-6.3230264077554146e-21-1.079709951573679e-22j)
F_px: (1.754981325012198e-22-4.8721849869746e-20j), F_py: (-3.838928499789078e-22+9.817684519893469e-21j)
Free_energy = -9175.624859672826
------------------------------------------
[{'stable': {'Fuu_px': np.complex128(0.014495404418707176-0.018163030361591406j), 'Fuu_py': np.complex128(0.01816540784817052+0.01449730182397373j)}, 'free': np.float64(-9175.624859672871)}, {'stable': {'Fuu_px': np.complex128(0.023239688295103617+1.6312574353227388e-15j), 'Fuu_py': np.complex128(-1.6002200967274222e-15+0.023239688295102347j)}, 'free': np.float64(-9175.624859676805)}, {'stable': {'Fdd_px': np.complex128(0.012932759655158586-0.019306892013298094j), 'Fdd_py': np.complex128(0.019309421718716656+0.012934454183317583j)}, 'free': np.float64(-9175.624859672826)}]
------------------------------------------
  Seed: dd:px+ipy
  Seed uu: [0.+0.j 0.+0.j 0.+0.j 0.+0.j], Seed dd: [ 2.81139523e-02+1.70147410e-15j -2.81139523e-02-1.69360511e-15j
 -1.65683003e-15+2.81139523e-02j  1.64892817e-15-2.81139523e-02j]
F_onsite: (2.183074955204716e-21+2.233432575227326e-21j)
F_swave: (-3.879408886418594e-22+6.246679030533609e-23j), F_dwave: (3.107455993405761e-20-2.7439169166163297e-23j)
F_px: (-9.770583891731767e-22-6.36202622482853e-20j), F_py: (-2.3139200659467208e-21-1.1666171931750252e-20j)
Free_energy = -9175.624859676805
------------------------------------------
[{'stable': {'Fuu_px': np.complex128(0.014495404418707176-0.018163030361591406j), 'Fuu_py': np.complex128(0.01816540784817052+0.01449730182397373j)}, 'free': np.float64(-9175.624859672871)}, {'stable': {'Fuu_px': np.complex128(0.023239688295103617+1.6312574353227388e-15j), 'Fuu_py': np.complex128(-1.6002200967274222e-15+0.023239688295102347j)}, 'free': np.float64(-9175.624859676805)}, {'stable': {'Fdd_px': np.complex128(0.012932759655158586-0.019306892013298094j), 'Fdd_py': np.complex128(0.019309421718716656+0.012934454183317583j)}, 'free': np.float64(-9175.624859672826)}, {'stable': {'Fdd_px': np.complex128(0.02323968829510406+1.7970337209710058e-15j), 'Fdd_py': np.complex128(-1.7758489107994735e-15+0.023239688295101892j)}, 'free': np.float64(-9175.624859676805)}]
------------------------------------------
  Seed: uu+dd:px
  Seed uu: [ 3.92882334e-02+1.96464316e-15j -3.92882334e-02-1.96144558e-15j
 -1.13558994e-18-6.24559405e-15j  3.84582737e-19+6.24194479e-15j], Seed dd: [ 3.92882334e-02+1.83454686e-15j -3.92882334e-02-1.83339019e-15j
  4.69831970e-19-6.98362248e-15j -1.81989661e-19+6.97991949e-15j]
F_onsite: (-2.0118914731516334e-21+5.0766084927984255e-20j)
F_swave: (-8.705512900371226e-23-6.702296461543747e-21j), F_dwave: (5.708268436744325e-21-1.391365104938335e-19j)
F_px: (2.798162653512092e-19+4.339683018425794e-21j), F_py: (-1.8467718211654502e-21+3.054902948745179e-21j)
Free_energy = -9184.422109425317
------------------------------------------
[{'stable': {'Fuu_px': np.complex128(0.032474560223638996+1.9404982455811982e-15j), 'Fdd_px': np.complex128(0.03247456022363891+2.0045031388050567e-15j)}, 'free': np.float64(-9184.422109425317)}]
------------------------------------------
  Seed: uu+dd:px+py
  Seed uu: [ 0.02082272-0.01889256j -0.02082272+0.01889256j  0.01888969+0.02081956j
 -0.01888969-0.02081956j], Seed dd: [ 0.02039697-0.01935001j -0.02039697+0.01935001j  0.01934842+0.02039529j
 -0.01934842-0.02039529j]
F_onsite: (7.552268683258183e-20-6.174006644627658e-22j)
F_swave: (-3.8893584376604104e-21+1.1162341494598149e-21j), F_dwave: (-3.340027825702995e-20-1.8586769820266638e-20j)
F_px: (4.7740773712169477e-20+3.6183806795047307e-20j), F_py: (3.350233482256574e-20-3.8806661261944875e-20j)
Free_energy = -9184.859428877231
------------------------------------------
[{'stable': {'Fuu_px': np.complex128(0.01721240625161109-0.015616905204256706j), 'Fuu_py': np.complex128(0.015614836555283314+0.017210126259124933j), 'Fdd_px': np.complex128(0.016860549563119574-0.015995116463686315j), 'Fdd_py': np.complex128(0.01599396828340019+0.01685933925929578j)}, 'free': np.float64(-9184.859428877231)}]
------------------------------------------
  Seed: uu+dd:px+ipy
  Seed uu: [ 2.81139523e-02+1.85335719e-15j -2.81139523e-02-1.84621676e-15j
 -1.80943978e-15+2.81139523e-02j  1.80210053e-15-2.81139523e-02j], Seed dd: [ 2.81139523e-02+1.79309871e-15j -2.81139523e-02-1.78841674e-15j
 -1.73701843e-15+2.81139523e-02j  1.72960033e-15-2.81139523e-02j]
F_onsite: (4.6087427229409317e-20-6.586667703346809e-20j)
F_swave: (-6.335490699793873e-21+1.4304851643807453e-21j), F_dwave: (-2.7040465351547175e-20-4.328048360585764e-21j)
F_px: (-1.0944676840976353e-20+4.281698223478912e-20j), F_py: (8.720138158433253e-21-4.04694830382721e-20j)
Free_energy = -9184.859428882479
------------------------------------------
[{'stable': {'Fuu_px': np.complex128(0.01721240625161109-0.015616905204256706j), 'Fuu_py': np.complex128(0.015614836555283314+0.017210126259124933j), 'Fdd_px': np.complex128(0.016860549563119574-0.015995116463686315j), 'Fdd_py': np.complex128(0.01599396828340019+0.01685933925929578j)}, 'free': np.float64(-9184.859428877231)}, {'stable': {'Fuu_px': np.complex128(0.023239688295104134+1.8344302652969526e-15j), 'Fuu_py': np.complex128(-1.8659538405086626e-15+0.023239688295101667j), 'Fdd_px': np.complex128(0.02323968829510413+1.813939744209483e-15j), 'Fdd_py': np.complex128(-1.816360736426303e-15+0.023239688295101826j)}, 'free': np.float64(-9184.859428882479)}]
------------------------------------------
====================================
mu=0.08, T=0.0876
====================================
  Seed: normal state
  Seed uu: [0.+0.j 0.+0.j 0.+0.j 0.+0.j], Seed dd: [0.+0.j 0.+0.j 0.+0.j 0.+0.j]
F_onsite: 0j
F_swave: 0j, F_dwave: 0j
F_px: 0j, F_py: 0j
Free_energy = -9169.737045343203
------------------------------------------
[{'stable': {}, 'free': np.float64(-9169.737045343203)}]
------------------------------------------
  Seed: uu:px
  Seed uu: [ 3.24745602e-02+2.07008815e-15j -3.24745602e-02-2.06115168e-15j
  4.93274269e-19-6.20379588e-15j -6.85014735e-19+6.19328053e-15j], Seed dd: [0.+0.j 0.+0.j 0.+0.j 0.+0.j]
F_onsite: (-1.449097512432587e-20-5.1686066715876866e-20j)
F_swave: (7.981491032827571e-22+2.2908659626774163e-21j), F_dwave: (1.3692826021041466e-20+1.4962125954191392e-19j)
F_px: (2.1557885356811334e-19+1.8139852663697278e-32j), F_py: (4.761729200466052e-24+1.3466788803440048e-21j)
Free_energy = -9174.239494298865
------------------------------------------
[{'stable': {'Fuu_px': np.complex128(0.023028827812159595+2.1788655856814037e-15j)}, 'free': np.float64(-9174.239494298865)}]
------------------------------------------
  Seed: uu:px+py
  Seed uu: [ 0.0144954 -0.01816303j -0.0144954 +0.01816303j  0.01816541+0.0144973j
 -0.01816541-0.0144973j ], Seed dd: [0.+0.j 0.+0.j 0.+0.j 0.+0.j]
F_onsite: (-1.4995048294929991e-22-9.00850629482135e-20j)
F_swave: (-1.4787828830437925e-21+1.0346508875243108e-21j), F_dwave: (2.1342051925201016e-20+1.1298807647822704e-19j)
F_px: (-1.0187691313351782e-19-1.8857388495338424e-20j), F_py: (-9.758042412202266e-20+3.030387563246904e-20j)
Free_energy = -9174.352195573925
------------------------------------------
[{'stable': {'Fuu_px': np.complex128(0.010283101317028863-0.012884930702000117j), 'Fuu_py': np.complex128(0.012886414809332992+0.010284285741409471j)}, 'free': np.float64(-9174.352195573925)}]
------------------------------------------
  Seed: uu:px+ipy
  Seed uu: [ 2.32396883e-02+1.63364870e-15j -2.32396883e-02-1.62886617e-15j
 -1.60281522e-15+2.32396883e-02j  1.59762497e-15-2.32396883e-02j], Seed dd: [0.+0.j 0.+0.j 0.+0.j 0.+0.j]
F_onsite: (-4.145678932786252e-20+2.5755488896622437e-20j)
F_swave: (2.191192447529583e-21-4.122066887085721e-22j), F_dwave: (2.64586898728778e-20+2.14518172168132e-20j)
F_px: (2.1253918210761418e-19-3.8831732390829933e-20j), F_py: (-1.1372909991853398e-20+1.9640893961553446e-19j)
Free_energy = -9174.352195575422
------------------------------------------
[{'stable': {'Fuu_px': np.complex128(0.010283101317028863-0.012884930702000117j), 'Fuu_py': np.complex128(0.012886414809332992+0.010284285741409471j)}, 'free': np.float64(-9174.352195573925)}, {'stable': {'Fuu_px': np.complex128(0.016486203806833882+1.458648095184302e-15j), 'Fuu_py': np.complex128(-1.4284268860685547e-15+0.016486203806831887j)}, 'free': np.float64(-9174.352195575422)}]
------------------------------------------
  Seed: dd:px
  Seed uu: [0.+0.j 0.+0.j 0.+0.j 0.+0.j], Seed dd: [ 3.24745602e-02+1.89108700e-15j -3.24745602e-02-1.88403140e-15j
 -8.00690981e-19-6.57261023e-15j  3.77253916e-19+6.56927440e-15j]
F_onsite: (1.736081298735954e-19-1.1316616121221072e-35j)
F_swave: (-7.307291034525654e-22-5.518578635126008e-36j), F_dwave: (-2.4956302547493976e-20+2.507880463280887e-35j)
F_px: 2.290473312715625e-20j, F_py: (5.070612431707019e-34+8.931632918615141e-24j)
Free_energy = -9174.239494298865
------------------------------------------
[{'stable': {'Fuu_px': np.complex128(0.010283101317028863-0.012884930702000117j), 'Fuu_py': np.complex128(0.012886414809332992+0.010284285741409471j)}, 'free': np.float64(-9174.352195573925)}, {'stable': {'Fuu_px': np.complex128(0.016486203806833882+1.458648095184302e-15j), 'Fuu_py': np.complex128(-1.4284268860685547e-15+0.016486203806831887j)}, 'free': np.float64(-9174.352195575422)}]
------------------------------------------
  Seed: dd:px+py
  Seed uu: [0.+0.j 0.+0.j 0.+0.j 0.+0.j], Seed dd: [ 0.01293276-0.01930689j -0.01293276+0.01930689j  0.01930942+0.01293445j
 -0.01930942-0.01293445j]
F_onsite: (3.1386197259712553e-20+1.5577859497576192e-22j)
F_swave: (-3.9069403215693524e-22-5.552966411692366e-23j), F_dwave: (5.1796500971552374e-21+1.6105043952896806e-21j)
F_px: (-8.349731337925111e-23+2.948885599884196e-20j), F_py: (7.771513945079275e-22-3.7548596507295703e-20j)
Free_energy = -9174.35219557388
------------------------------------------
[{'stable': {'Fuu_px': np.complex128(0.010283101317028863-0.012884930702000117j), 'Fuu_py': np.complex128(0.012886414809332992+0.010284285741409471j)}, 'free': np.float64(-9174.352195573925)}, {'stable': {'Fuu_px': np.complex128(0.016486203806833882+1.458648095184302e-15j), 'Fuu_py': np.complex128(-1.4284268860685547e-15+0.016486203806831887j)}, 'free': np.float64(-9174.352195575422)}, {'stable': {'Fdd_px': np.complex128(0.009174554571318853-0.013696391110762991j), 'Fdd_py': np.complex128(0.013697970238230772+0.00917561235296423j)}, 'free': np.float64(-9174.35219557388)}]
------------------------------------------
  Seed: dd:px+ipy
  Seed uu: [0.+0.j 0.+0.j 0.+0.j 0.+0.j], Seed dd: [ 2.32396883e-02+1.80029563e-15j -2.32396883e-02-1.79377181e-15j
 -1.77902714e-15+2.32396883e-02j  1.77267068e-15-2.32396883e-02j]
F_onsite: (-2.455895934749546e-20+1.3557045430519835e-21j)
F_swave: (3.536716637915631e-22-6.87340934753368e-23j), F_dwave: (3.792462868105922e-20+6.019385621071943e-22j)
F_px: (-1.876459370220364e-22+1.0103888227011705e-20j), F_py: (-2.915893772982382e-21-1.2052719980136982e-20j)
Free_energy = -9174.35219557542
------------------------------------------
[{'stable': {'Fuu_px': np.complex128(0.010283101317028863-0.012884930702000117j), 'Fuu_py': np.complex128(0.012886414809332992+0.010284285741409471j)}, 'free': np.float64(-9174.352195573925)}, {'stable': {'Fuu_px': np.complex128(0.016486203806833882+1.458648095184302e-15j), 'Fuu_py': np.complex128(-1.4284268860685547e-15+0.016486203806831887j)}, 'free': np.float64(-9174.352195575422)}, {'stable': {'Fdd_px': np.complex128(0.009174554571318853-0.013696391110762991j), 'Fdd_py': np.complex128(0.013697970238230772+0.00917561235296423j)}, 'free': np.float64(-9174.35219557388)}, {'stable': {'Fdd_px': np.complex128(0.016486203806834687+1.5502651970800218e-15j), 'Fdd_py': np.complex128(-1.5603960155316487e-15+0.016486203806830878j)}, 'free': np.float64(-9174.35219557542)}]
------------------------------------------
  Seed: uu+dd:px
  Seed uu: [ 3.24745602e-02+1.94641681e-15j -3.24745602e-02-1.93457968e-15j
  5.22966744e-19-6.30492725e-15j -2.17565045e-19+6.29345332e-15j], Seed dd: [ 3.24745602e-02+2.01270971e-15j -3.24745602e-02-1.99629657e-15j
  4.45095961e-19-6.81026936e-15j -2.91432273e-19+6.80485925e-15j]
F_onsite: (1.6438666781158633e-20+2.1610733050261762e-20j)
F_swave: (-4.061596639107517e-22-1.874949512461993e-21j), F_dwave: (-1.1941998428656023e-20+1.0154543060993949e-19j)
F_px: (2.1807464872500933e-19+7.914074976724243e-22j), F_py: (4.1808448680651896e-21+2.7141711117866157e-21j)
Free_energy = -9178.741943254505
------------------------------------------
[{'stable': {'Fuu_px': np.complex128(0.02302882781215959+2.1436662977601938e-15j), 'Fdd_px': np.complex128(0.023028827812159532+2.096012078563879e-15j)}, 'free': np.float64(-9178.741943254505)}]
------------------------------------------
  Seed: uu+dd:px+py
  Seed uu: [ 0.01721241-0.01561691j -0.01721241+0.01561691j  0.01561484+0.01721013j
 -0.01561484-0.01721013j], Seed dd: [ 0.01686055-0.01599512j -0.01686055+0.01599512j  0.01599397+0.01685934j
 -0.01599397-0.01685934j]
F_onsite: (2.3373450676677474e-20+3.044876487794829e-20j)
F_swave: (-2.4123367653788894e-21-2.908778351658678e-21j), F_dwave: (6.767546062781126e-20+8.749090417976176e-20j)
F_px: (7.394692440872979e-20+9.810505634903107e-22j), F_py: (6.710505560426762e-20-1.745098280780429e-21j)
Free_energy = -9178.96734580564
------------------------------------------
[{'stable': {'Fuu_px': np.complex128(0.012210360902162237-0.011078523591143162j), 'Fuu_py': np.complex128(0.011077232270663689+0.01220893765393194j), 'Fdd_px': np.complex128(0.01196079978298884-0.011346865344544384j), 'Fdd_py': np.complex128(0.011346148611673717+0.011960044270509586j)}, 'free': np.float64(-9178.96734580564)}]
------------------------------------------
  Seed: uu+dd:px+ipy
  Seed uu: [ 2.32396883e-02+1.83811319e-15j -2.32396883e-02-1.83074734e-15j
 -1.86973481e-15+2.32396883e-02j  1.86217287e-15-2.32396883e-02j], Seed dd: [ 2.32396883e-02+1.81767397e-15j -2.32396883e-02-1.81020552e-15j
 -1.81959215e-15+2.32396883e-02j  1.81312932e-15-2.32396883e-02j]
F_onsite: (5.546929233017427e-20+9.289501179914483e-20j)
F_swave: (-2.695740405096306e-21-2.5766352354529804e-21j), F_dwave: (-5.227527154444738e-20+5.0611793723048964e-20j)
F_px: (-5.935143755450884e-20+2.96147813556483e-20j), F_py: (-2.716434739631155e-21-8.87631959869458e-20j)
Free_energy = -9178.967345807645
------------------------------------------
[{'stable': {'Fuu_px': np.complex128(0.012210360902162237-0.011078523591143162j), 'Fuu_py': np.complex128(0.011077232270663689+0.01220893765393194j), 'Fdd_px': np.complex128(0.01196079978298884-0.011346865344544384j), 'Fdd_py': np.complex128(0.011346148611673717+0.011960044270509586j)}, 'free': np.float64(-9178.96734580564)}, {'stable': {'Fuu_px': np.complex128(0.016486203806834705+1.6492428101465895e-15j), 'Fuu_py': np.complex128(-1.6313158011867606e-15+0.016486203806830975j), 'Fdd_px': np.complex128(0.016486203806834618+1.5723807177895743e-15j), 'Fdd_py': np.complex128(-1.5901101894016806e-15+0.016486203806830885j)}, 'free': np.float64(-9178.967345807645)}]
------------------------------------------
====================================
mu=0.08, T=0.0917
====================================
  Seed: normal state
  Seed uu: [0.+0.j 0.+0.j 0.+0.j 0.+0.j], Seed dd: [0.+0.j 0.+0.j 0.+0.j 0.+0.j]
F_onsite: 0j
F_swave: 0j, F_dwave: 0j
F_px: 0j, F_py: 0j
Free_energy = -9173.220144117666
------------------------------------------
[{'stable': {}, 'free': np.float64(-9173.220144117666)}]
------------------------------------------
  Seed: uu:px
  Seed uu: [ 2.30288278e-02+2.17967780e-15j -2.30288278e-02-2.17805337e-15j
 -3.31902912e-19-5.17502749e-15j -2.89294839e-19+5.17673233e-15j], Seed dd: [0.+0.j 0.+0.j 0.+0.j 0.+0.j]
==================================================
WARNING: Failed to converge after 2000 iterations
==================================================
F_onsite: (1.3562821137559038e-21+2.2196900872367742e-20j)
F_swave: (4.48674617477135e-22+7.003371255925168e-22j), F_dwave: (-1.8049567312209527e-21+2.4215131095697135e-20j)
F_px: (5.376739836802094e-19-1.1243970219852637e-31j), F_py: (6.648256845996967e-20+2.3443824359816474e-21j)
Free_energy = -9173.233143475178
------------------------------------------
[{'stable': {}, 'free': np.float64(-9173.220144117666)}, {'stable': {'Fuu_px': np.complex128(0.0012409522020837126-3.4106285911854846e-16j)}, 'free': np.float64(-9173.233143475178)}]
------------------------------------------
  Seed: uu:px+py
  Seed uu: [ 0.0102831 -0.01288493j -0.0102831 +0.01288493j  0.01288641+0.01028429j
 -0.01288641-0.01028429j], Seed dd: [0.+0.j 0.+0.j 0.+0.j 0.+0.j]
==================================================
WARNING: Failed to converge after 2000 iterations
==================================================
F_onsite: (-5.591731411110416e-21+1.2375929802557788e-19j)
F_swave: (-9.372893877078707e-22-4.180668483997747e-21j), F_dwave: (2.955498476845843e-20-1.5889054212435372e-19j)
F_px: (4.7683469072987714e-21-2.3003882133720447e-19j), F_py: (4.0518585977234106e-20+2.107947505017596e-19j)
Free_energy = -9173.233455264428
------------------------------------------
[{'stable': {}, 'free': np.float64(-9173.220144117666)}, {'stable': {'Fuu_px': np.complex128(0.0012409522020837126-3.4106285911854846e-16j)}, 'free': np.float64(-9173.233143475178)}, {'stable': {'Fuu_px': np.complex128(0.0005538497041635319-0.000693984707283659j), 'Fuu_py': np.complex128(0.0006940594264509309+0.000553909335432437j)}, 'free': np.float64(-9173.233455264428)}]
------------------------------------------
  Seed: uu:px+ipy
  Seed uu: [ 1.64862038e-02+1.46169995e-15j -1.64862038e-02-1.45559624e-15j
 -1.42979838e-15+1.64862038e-02j  1.42705539e-15-1.64862038e-02j], Seed dd: [0.+0.j 0.+0.j 0.+0.j 0.+0.j]
==================================================
WARNING: Failed to converge after 2000 iterations
==================================================
F_onsite: (-2.413989075441219e-19+1.1195163092928564e-19j)
F_swave: (3.9671142327065336e-21-2.833934150613847e-21j), F_dwave: (-1.6250703104796758e-20-5.431500607897563e-20j)
F_px: (1.2130795198029154e-19-4.3115207211864374e-20j), F_py: (-4.004940996119428e-20+1.1240811291251963e-19j)
Free_energy = -9173.233455264417
------------------------------------------
[{'stable': {}, 'free': np.float64(-9173.220144117666)}, {'stable': {'Fuu_px': np.complex128(0.0012409522020837126-3.4106285911854846e-16j)}, 'free': np.float64(-9173.233143475178)}, {'stable': {'Fuu_px': np.complex128(0.0005538497041635319-0.000693984707283659j), 'Fuu_py': np.complex128(0.0006940594264509309+0.000553909335432437j)}, 'free': np.float64(-9173.233455264428)}, {'stable': {'Fuu_px': np.complex128(0.000887946594263973+3.225827521198232e-16j), 'Fuu_py': np.complex128(-3.156474663777479e-16+0.0008879465942635178j)}, 'free': np.float64(-9173.233455264417)}]
------------------------------------------
  Seed: dd:px
  Seed uu: [0.+0.j 0.+0.j 0.+0.j 0.+0.j], Seed dd: [ 2.30288278e-02+1.98988810e-15j -2.30288278e-02-1.98393259e-15j
 -1.51488203e-19-5.89667645e-15j  5.91104920e-19+5.89375750e-15j]
==================================================
WARNING: Failed to converge after 2000 iterations
==================================================
F_onsite: (4.070504312826146e-20+6.151147999839444e-34j)
F_swave: (-6.883927714250662e-22+2.1064858766735392e-35j), F_dwave: (1.2828888202281257e-20+9.509279100411977e-34j)
F_px: (5.815405652388021e-34+9.093652616930125e-22j), F_py: (-6.853602263034265e-34+1.3750039718984477e-20j)
Free_energy = -9173.233143475178
------------------------------------------
[{'stable': {}, 'free': np.float64(-9173.220144117666)}, {'stable': {'Fuu_px': np.complex128(0.0012409522020837126-3.4106285911854846e-16j)}, 'free': np.float64(-9173.233143475178)}, {'stable': {'Fuu_px': np.complex128(0.0005538497041635319-0.000693984707283659j), 'Fuu_py': np.complex128(0.0006940594264509309+0.000553909335432437j)}, 'free': np.float64(-9173.233455264428)}, {'stable': {'Fuu_px': np.complex128(0.000887946594263973+3.225827521198232e-16j), 'Fuu_py': np.complex128(-3.156474663777479e-16+0.0008879465942635178j)}, 'free': np.float64(-9173.233455264417)}, {'stable': {'Fdd_px': np.complex128(0.0012409522020836927-3.8567923518138567e-16j)}, 'free': np.float64(-9173.233143475178)}]
------------------------------------------
  Seed: dd:px+py
  Seed uu: [0.+0.j 0.+0.j 0.+0.j 0.+0.j], Seed dd: [ 0.00917455-0.01369639j -0.00917455+0.01369639j  0.01369797+0.00917561j
 -0.01369797-0.00917561j]
==================================================
WARNING: Failed to converge after 2000 iterations
==================================================
F_onsite: (4.841133671533174e-20+2.2698851587553725e-22j)
F_swave: (-9.394459984781228e-22-5.453324604446507e-24j), F_dwave: (3.238375700446949e-21+4.0190540516458733e-22j)
F_px: (7.877241415276115e-22+1.6117961293954695e-20j), F_py: (-1.2036537173290148e-21-2.0705703940955078e-20j)
Free_energy = -9173.233455264412
------------------------------------------
[{'stable': {}, 'free': np.float64(-9173.220144117666)}, {'stable': {'Fuu_px': np.complex128(0.0012409522020837126-3.4106285911854846e-16j)}, 'free': np.float64(-9173.233143475178)}, {'stable': {'Fuu_px': np.complex128(0.0005538497041635319-0.000693984707283659j), 'Fuu_py': np.complex128(0.0006940594264509309+0.000553909335432437j)}, 'free': np.float64(-9173.233455264428)}, {'stable': {'Fuu_px': np.complex128(0.000887946594263973+3.225827521198232e-16j), 'Fuu_py': np.complex128(-3.156474663777479e-16+0.0008879465942635178j)}, 'free': np.float64(-9173.233455264417)}, {'stable': {'Fdd_px': np.complex128(0.0012409522020836927-3.8567923518138567e-16j)}, 'free': np.float64(-9173.233143475178)}, {'stable': {'Fdd_px': np.complex128(0.0004941431769772758-0.0007376901149783583j), 'Fdd_py': np.complex128(0.0007377696180484495+0.0004941964322655432j)}, 'free': np.float64(-9173.233455264412)}]
------------------------------------------
  Seed: dd:px+ipy
  Seed uu: [0.+0.j 0.+0.j 0.+0.j 0.+0.j], Seed dd: [ 1.64862038e-02+1.55310136e-15j -1.64862038e-02-1.54742903e-15j
 -1.56145933e-15+1.64862038e-02j  1.55933270e-15-1.64862038e-02j]
==================================================
WARNING: Failed to converge after 2000 iterations
==================================================
F_onsite: (-1.1279599648444677e-20+8.028161111874717e-22j)
F_swave: (1.9926421918980652e-22-1.4473510082853403e-23j), F_dwave: (1.079658038525197e-21-9.459536345633903e-22j)
F_px: (-8.840744037496598e-22-2.517769888117036e-21j), F_py: (-2.5076910537044474e-21+1.943857375082127e-20j)
Free_energy = -9173.233455264417
------------------------------------------
[{'stable': {}, 'free': np.float64(-9173.220144117666)}, {'stable': {'Fuu_px': np.complex128(0.0012409522020837126-3.4106285911854846e-16j)}, 'free': np.float64(-9173.233143475178)}, {'stable': {'Fuu_px': np.complex128(0.0005538497041635319-0.000693984707283659j), 'Fuu_py': np.complex128(0.0006940594264509309+0.000553909335432437j)}, 'free': np.float64(-9173.233455264428)}, {'stable': {'Fuu_px': np.complex128(0.000887946594263973+3.225827521198232e-16j), 'Fuu_py': np.complex128(-3.156474663777479e-16+0.0008879465942635178j)}, 'free': np.float64(-9173.233455264417)}, {'stable': {'Fdd_px': np.complex128(0.0012409522020836927-3.8567923518138567e-16j)}, 'free': np.float64(-9173.233143475178)}, {'stable': {'Fdd_px': np.complex128(0.0004941431769772758-0.0007376901149783583j), 'Fdd_py': np.complex128(0.0007377696180484495+0.0004941964322655432j)}, 'free': np.float64(-9173.233455264412)}, {'stable': {'Fdd_px': np.complex128(0.0008879465942639879+3.2641740013939957e-16j), 'Fdd_py': np.complex128(-3.145494242328435e-16+0.0008879465942635263j)}, 'free': np.float64(-9173.233455264417)}]
------------------------------------------
  Seed: uu+dd:px
  Seed uu: [ 2.30288278e-02+2.14230377e-15j -2.30288278e-02-2.14502883e-15j
 -4.58742787e-19-5.26863946e-15j  4.11323831e-19+5.26914294e-15j], Seed dd: [ 2.30288278e-02+2.09834752e-15j -2.30288278e-02-2.09367664e-15j
 -3.02501604e-19-5.91490889e-15j  3.74831931e-19+5.91442659e-15j]
==================================================
WARNING: Failed to converge after 2000 iterations
==================================================
F_onsite: (1.6514528510211397e-21-6.05265883819412e-20j)
F_swave: (5.748694353968567e-22+1.3463989204433797e-21j), F_dwave: (-3.2092140080998933e-21-2.154543737987167e-20j)
F_px: (4.272279437621144e-19-4.825478983107307e-22j), F_py: (-3.1396959980871053e-21+4.532101169875639e-21j)
Free_energy = -9173.246142832697
------------------------------------------
[{'stable': {}, 'free': np.float64(-9173.220144117666)}, {'stable': {'Fuu_px': np.complex128(0.0012409522020837126-3.4106285911854846e-16j)}, 'free': np.float64(-9173.233143475178)}, {'stable': {'Fuu_px': np.complex128(0.0005538497041635319-0.000693984707283659j), 'Fuu_py': np.complex128(0.0006940594264509309+0.000553909335432437j)}, 'free': np.float64(-9173.233455264428)}, {'stable': {'Fuu_px': np.complex128(0.000887946594263973+3.225827521198232e-16j), 'Fuu_py': np.complex128(-3.156474663777479e-16+0.0008879465942635178j)}, 'free': np.float64(-9173.233455264417)}, {'stable': {'Fdd_px': np.complex128(0.0012409522020836927-3.8567923518138567e-16j)}, 'free': np.float64(-9173.233143475178)}, {'stable': {'Fdd_px': np.complex128(0.0004941431769772758-0.0007376901149783583j), 'Fdd_py': np.complex128(0.0007377696180484495+0.0004941964322655432j)}, 'free': np.float64(-9173.233455264412)}, {'stable': {'Fdd_px': np.complex128(0.0008879465942639879+3.2641740013939957e-16j), 'Fdd_py': np.complex128(-3.145494242328435e-16+0.0008879465942635263j)}, 'free': np.float64(-9173.233455264417)}, {'stable': {'Fuu_px': np.complex128(0.0012409522020837044-4.0680908209634595e-16j), 'Fdd_px': np.complex128(0.0012409522020837053-3.7788739895192807e-16j)}, 'free': np.float64(-9173.246142832697)}]
------------------------------------------
  Seed: uu+dd:px+py
  Seed uu: [ 0.01221036-0.01107852j -0.01221036+0.01107852j  0.01107723+0.01220894j
 -0.01107723-0.01220894j], Seed dd: [ 0.0119608 -0.01134687j -0.0119608 +0.01134687j  0.01134615+0.01196004j
 -0.01134615-0.01196004j]
==================================================
WARNING: Failed to converge after 2000 iterations
==================================================
F_onsite: (9.679867413311873e-20-8.639914217459195e-21j)
F_swave: (9.205054319172752e-22-1.51917384015456e-21j), F_dwave: (-8.586807534334127e-20+9.85062875652122e-20j)
F_px: (-2.2521966693898612e-20+9.00072483013596e-20j), F_py: (2.3699499411220125e-21-8.701526953398479e-20j)
Free_energy = -9173.2467664112
------------------------------------------
[{'stable': {}, 'free': np.float64(-9173.220144117666)}, {'stable': {'Fuu_px': np.complex128(0.0012409522020837126-3.4106285911854846e-16j)}, 'free': np.float64(-9173.233143475178)}, {'stable': {'Fuu_px': np.complex128(0.0005538497041635319-0.000693984707283659j), 'Fuu_py': np.complex128(0.0006940594264509309+0.000553909335432437j)}, 'free': np.float64(-9173.233455264428)}, {'stable': {'Fuu_px': np.complex128(0.000887946594263973+3.225827521198232e-16j), 'Fuu_py': np.complex128(-3.156474663777479e-16+0.0008879465942635178j)}, 'free': np.float64(-9173.233455264417)}, {'stable': {'Fdd_px': np.complex128(0.0012409522020836927-3.8567923518138567e-16j)}, 'free': np.float64(-9173.233143475178)}, {'stable': {'Fdd_px': np.complex128(0.0004941431769772758-0.0007376901149783583j), 'Fdd_py': np.complex128(0.0007377696180484495+0.0004941964322655432j)}, 'free': np.float64(-9173.233455264412)}, {'stable': {'Fdd_px': np.complex128(0.0008879465942639879+3.2641740013939957e-16j), 'Fdd_py': np.complex128(-3.145494242328435e-16+0.0008879465942635263j)}, 'free': np.float64(-9173.233455264417)}, {'stable': {'Fuu_px': np.complex128(0.0012409522020837044-4.0680908209634595e-16j), 'Fdd_px': np.complex128(0.0012409522020837053-3.7788739895192807e-16j)}, 'free': np.float64(-9173.246142832697)}, {'stable': {'Fuu_px': np.complex128(0.0006576472839852658-0.0005966867817140359j), 'Fuu_py': np.complex128(0.0005966217686324026+0.0006575756288425688j), 'Fdd_px': np.complex128(0.0006442071003226309-0.0006111406723614309j), 'Fdd_py': np.complex128(0.0006111045875836078+0.0006441690631388013j)}, 'free': np.float64(-9173.2467664112)}]
------------------------------------------
  Seed: uu+dd:px+ipy
  Seed uu: [ 1.64862038e-02+1.64890109e-15j -1.64862038e-02-1.64958453e-15j
 -1.63279863e-15+1.64862038e-02j  1.62983298e-15-1.64862038e-02j], Seed dd: [ 1.64862038e-02+1.57396534e-15j -1.64862038e-02-1.57079609e-15j
 -1.59173240e-15+1.64862038e-02j  1.58848798e-15-1.64862038e-02j]
==================================================
WARNING: Failed to converge after 2000 iterations
==================================================
F_onsite: (3.7393918357142516e-20+3.786581804548938e-20j)
F_swave: (-7.150186862934816e-22-3.507778484853725e-21j), F_dwave: (8.632939556419391e-21+2.880914760982391e-20j)
F_px: (-3.390277894057481e-20+8.114043796849542e-20j), F_py: (1.2533505685913319e-19+5.044080839284009e-21j)
Free_energy = -9173.246766411165
------------------------------------------
[{'stable': {}, 'free': np.float64(-9173.220144117666)}, {'stable': {'Fuu_px': np.complex128(0.0012409522020837126-3.4106285911854846e-16j)}, 'free': np.float64(-9173.233143475178)}, {'stable': {'Fuu_px': np.complex128(0.0005538497041635319-0.000693984707283659j), 'Fuu_py': np.complex128(0.0006940594264509309+0.000553909335432437j)}, 'free': np.float64(-9173.233455264428)}, {'stable': {'Fuu_px': np.complex128(0.000887946594263973+3.225827521198232e-16j), 'Fuu_py': np.complex128(-3.156474663777479e-16+0.0008879465942635178j)}, 'free': np.float64(-9173.233455264417)}, {'stable': {'Fdd_px': np.complex128(0.0012409522020836927-3.8567923518138567e-16j)}, 'free': np.float64(-9173.233143475178)}, {'stable': {'Fdd_px': np.complex128(0.0004941431769772758-0.0007376901149783583j), 'Fdd_py': np.complex128(0.0007377696180484495+0.0004941964322655432j)}, 'free': np.float64(-9173.233455264412)}, {'stable': {'Fdd_px': np.complex128(0.0008879465942639879+3.2641740013939957e-16j), 'Fdd_py': np.complex128(-3.145494242328435e-16+0.0008879465942635263j)}, 'free': np.float64(-9173.233455264417)}, {'stable': {'Fuu_px': np.complex128(0.0012409522020837044-4.0680908209634595e-16j), 'Fdd_px': np.complex128(0.0012409522020837053-3.7788739895192807e-16j)}, 'free': np.float64(-9173.246142832697)}, {'stable': {'Fuu_px': np.complex128(0.0006576472839852658-0.0005966867817140359j), 'Fuu_py': np.complex128(0.0005966217686324026+0.0006575756288425688j), 'Fdd_px': np.complex128(0.0006442071003226309-0.0006111406723614309j), 'Fdd_py': np.complex128(0.0006111045875836078+0.0006441690631388013j)}, 'free': np.float64(-9173.2467664112)}, {'stable': {'Fuu_px': np.complex128(0.000887946594263989+3.1669117309616527e-16j), 'Fuu_py': np.complex128(-3.2032343152654586e-16+0.0008879465942634982j), 'Fdd_px': np.complex128(0.0008879465942638455+3.2888296208839505e-16j), 'Fdd_py': np.complex128(-3.311669558249836e-16+0.0008879465942634362j)}, 'free': np.float64(-9173.246766411165)}]
------------------------------------------
====================================
mu=0.08, T=0.0959
====================================
  Seed: normal state
  Seed uu: [0.+0.j 0.+0.j 0.+0.j 0.+0.j], Seed dd: [0.+0.j 0.+0.j 0.+0.j 0.+0.j]
F_onsite: 0j
F_swave: 0j, F_dwave: 0j
F_px: 0j, F_py: 0j
Free_energy = -9176.83790241923
------------------------------------------
[{'stable': {}, 'free': np.float64(-9176.83790241923)}]
------------------------------------------
  Seed: uu:px
  Seed uu: [ 1.24095220e-03-3.34698918e-16j -1.24095220e-03+3.47426800e-16j
  7.53477372e-19+4.21161850e-16j -7.89005607e-19-4.32552319e-16j], Seed dd: [0.+0.j 0.+0.j 0.+0.j 0.+0.j]
F_onsite: (8.690210032994662e-21-1.0662839060913727e-20j)
F_swave: (-4.3541827406594855e-22-8.879927126551803e-22j), F_dwave: (-8.26018064958257e-21+7.203100655078195e-20j)
F_px: (1.6912596759703818e-20+1.887234375949688e-24j), F_py: (-9.14397227676233e-20+2.1618920057256187e-21j)
Free_energy = -9176.837902419229
------------------------------------------
[{'stable': {}, 'free': np.float64(-9176.83790241923)}]
------------------------------------------
  Seed: uu:px+py
  Seed uu: [ 0.00055385-0.00069398j -0.00055385+0.00069398j  0.00069406+0.00055391j
 -0.00069406-0.00055391j], Seed dd: [0.+0.j 0.+0.j 0.+0.j 0.+0.j]
F_onsite: (1.5140749796149056e-19-1.3289836080169357e-19j)
F_swave: (-2.4252978661253145e-21+5.1800811881543385e-21j), F_dwave: (-8.091760161082198e-20+6.105745810044929e-20j)
F_px: (8.021559788708401e-20+2.083337988725596e-20j), F_py: (7.571469627210783e-20-5.446123933929942e-20j)
Free_energy = -9176.83790241923
------------------------------------------
[{'stable': {}, 'free': np.float64(-9176.83790241923)}]
------------------------------------------
  Seed: uu:px+ipy
  Seed uu: [ 8.87946594e-04+3.26889064e-16j -8.87946594e-04-3.18276440e-16j
 -3.19992459e-16+8.87946594e-04j  3.11302474e-16-8.87946594e-04j], Seed dd: [0.+0.j 0.+0.j 0.+0.j 0.+0.j]
F_onsite: (-4.8184516636067786e-20-2.0943507233106384e-20j)
F_swave: (3.1964697997997493e-21+1.5764706074254562e-21j), F_dwave: (-1.843039448500669e-19+5.986070575604353e-21j)
F_px: (2.182497251756369e-19-8.519362049407393e-20j), F_py: (-1.2469753694572e-19+1.6703734189584015e-19j)
Free_energy = -9176.83790241923
------------------------------------------
[{'stable': {}, 'free': np.float64(-9176.83790241923)}]
------------------------------------------
  Seed: dd:px
  Seed uu: [0.+0.j 0.+0.j 0.+0.j 0.+0.j], Seed dd: [ 1.24095220e-03-3.79776098e-16j -1.24095220e-03+3.91582372e-16j
  4.86847593e-19+4.64340255e-16j -4.68788689e-19-4.76048469e-16j]
F_onsite: (1.12719496488807e-30+1.3924591376958774e-32j)
F_swave: (-2.2561022269772248e-32-2.700734783882311e-34j), F_dwave: (-2.470263416578257e-31-2.8629025564904634e-34j)
F_px: (9.766923631325471e-33-3.750201309509869e-33j), F_py: (8.994261787071504e-33+5.329810682397787e-32j)
Free_energy = -9176.837902419229
------------------------------------------
[{'stable': {}, 'free': np.float64(-9176.83790241923)}]
------------------------------------------
  Seed: dd:px+py
  Seed uu: [0.+0.j 0.+0.j 0.+0.j 0.+0.j], Seed dd: [ 0.00049414-0.00073769j -0.00049414+0.00073769j  0.00073777+0.0004942j
 -0.00073777-0.0004942j ]
F_onsite: (-1.2126678996106216e-30-4.159338695519598e-32j)
F_swave: (2.5702830636613694e-32+8.494065293752394e-34j), F_dwave: (-2.2740352553126233e-31-9.373662143337702e-33j)
F_px: (2.056157140574235e-32+9.853767737489158e-31j), F_py: (1.5077436085511308e-32+3.187391065991305e-31j)
Free_energy = -9176.837902419229
------------------------------------------
[{'stable': {}, 'free': np.float64(-9176.83790241923)}]
------------------------------------------
  Seed: dd:px+ipy
  Seed uu: [0.+0.j 0.+0.j 0.+0.j 0.+0.j], Seed dd: [ 8.87946594e-04+3.30729005e-16j -8.87946594e-04-3.22105796e-16j
 -3.18955371e-16+8.87946594e-04j  3.10143478e-16-8.87946594e-04j]
F_onsite: (-1.6488981743081836e-31-6.393114415819039e-32j)
F_swave: (3.1490874800830646e-33+1.146151030004436e-33j), F_dwave: (-8.740817164829576e-32+2.9306865644717447e-32j)
F_px: (-1.6129816782093467e-31+1.1969335964230062e-31j), F_py: (1.189162510471441e-31+1.0575089993649624e-31j)
Free_energy = -9176.83790241923
------------------------------------------
[{'stable': {}, 'free': np.float64(-9176.83790241923)}]
------------------------------------------
  Seed: uu+dd:px
  Seed uu: [ 1.24095220e-03-4.00740697e-16j -1.24095220e-03+4.12877467e-16j
  6.81202983e-19+5.01677291e-16j -6.84522459e-19-5.13288476e-16j], Seed dd: [ 1.24095220e-03-3.71905372e-16j -1.24095220e-03+3.83869426e-16j
  1.19081231e-18+3.66495807e-16j -1.17762095e-18-3.78298244e-16j]
F_onsite: (8.210875987550546e-22+6.372958530776716e-20j)
F_swave: (2.173683429459279e-22-1.4435422630154346e-21j), F_dwave: (-1.009401604280795e-21-1.1003502634127414e-19j)
F_px: (1.1915373983043585e-19-4.78728305955487e-23j), F_py: (-2.4077458161250236e-19+6.425284613196065e-21j)
Free_energy = -9176.83790241923
------------------------------------------
[{'stable': {}, 'free': np.float64(-9176.83790241923)}]
------------------------------------------
  Seed: uu+dd:px+py
  Seed uu: [ 0.00065765-0.00059669j -0.00065765+0.00059669j  0.00059662+0.00065758j
 -0.00059662-0.00065758j], Seed dd: [ 0.00064421-0.00061114j -0.00064421+0.00061114j  0.0006111 +0.00064417j
 -0.0006111 -0.00064417j]
F_onsite: (4.394911499682947e-20+1.158641379888376e-19j)
F_swave: (-1.3519298357714237e-21-2.458254510905805e-21j), F_dwave: (-3.0674252537663025e-20-7.047443566256222e-20j)
F_px: (-5.1199447372018105e-20+3.78053243566254e-20j), F_py: (-7.236895975396333e-20-6.576532759008556e-20j)
Free_energy = -9176.837902419229
------------------------------------------
[{'stable': {}, 'free': np.float64(-9176.83790241923)}]
------------------------------------------
  Seed: uu+dd:px+ipy
  Seed uu: [ 8.87946594e-04+3.20835414e-16j -8.87946594e-04-3.12546932e-16j
 -3.24453039e-16+8.87946594e-04j  3.16193824e-16-8.87946594e-04j], Seed dd: [ 8.87946594e-04+3.33323994e-16j -8.87946594e-04-3.24441930e-16j
 -3.35488432e-16+8.87946594e-04j  3.26845479e-16-8.87946594e-04j]
F_onsite: (6.596696429477955e-20-2.063976787763859e-20j)
F_swave: (-1.4064084271993622e-21-8.176353952381879e-22j), F_dwave: (-3.9908184837667774e-20+5.283419226264639e-20j)
F_px: (1.3480021026394177e-20+9.592030972072114e-20j), F_py: (7.058761343077022e-20+7.134048802864298e-20j)
Free_energy = -9176.83790241923
------------------------------------------
[{'stable': {}, 'free': np.float64(-9176.83790241923)}]
------------------------------------------
====================================
mu=0.08, T=0.1000
====================================
  Seed: normal state
  Seed uu: [0.+0.j 0.+0.j 0.+0.j 0.+0.j], Seed dd: [0.+0.j 0.+0.j 0.+0.j 0.+0.j]
F_onsite: 0j
F_swave: 0j, F_dwave: 0j
F_px: 0j, F_py: 0j
Free_energy = -9180.588714943848
------------------------------------------
[{'stable': {}, 'free': np.float64(-9180.588714943848)}]
------------------------------------------
  Seed: uu:px
  Seed uu: [ 6.91304462e-15+9.53196685e-19j -6.91304478e-15-5.84559206e-19j
 -1.24697194e-18+6.11884214e-19j  1.24704665e-18-3.38755665e-19j], Seed dd: [0.+0.j 0.+0.j 0.+0.j 0.+0.j]
F_onsite: (1.5764174172258238e-21+1.595339715612755e-19j)
F_swave: (-3.2274050945256976e-22-3.108829177724794e-21j), F_dwave: (-1.286651086900785e-21+1.7364560148911956e-20j)
F_px: (-2.2746259774337525e-19-6.715029020746337e-23j), F_py: (-1.3838358714186522e-20-1.14681807494901e-21j)
Free_energy = -9180.588714943846
------------------------------------------
[{'stable': {}, 'free': np.float64(-9180.588714943848)}]
------------------------------------------
  Seed: uu:px+py
  Seed uu: [ 4.33423551e-15-5.43042851e-15j -4.33423783e-15+5.43069087e-15j
  5.43019516e-15+4.33209625e-15j -5.43045334e-15-4.33189833e-15j], Seed dd: [0.+0.j 0.+0.j 0.+0.j 0.+0.j]
F_onsite: (-1.2656589940799126e-19-7.712839893440875e-20j)
F_swave: (6.397052160123706e-22+5.679832326550303e-22j), F_dwave: (-2.012725335724333e-20+1.1778550297448537e-20j)
F_px: (-2.1584290551517678e-20+4.9430947882324865e-20j), F_py: (-2.2776028131976313e-20-2.2073699509480733e-20j)
Free_energy = -9180.588714943846
------------------------------------------
[{'stable': {}, 'free': np.float64(-9180.588714943848)}]
------------------------------------------
  Seed: uu:px+ipy
  Seed uu: [ 6.94730334e-15+3.83313318e-19j -6.94727411e-15-4.46489602e-19j
 -6.45532647e-19+6.94661459e-15j  5.84206866e-19-6.94665245e-15j], Seed dd: [0.+0.j 0.+0.j 0.+0.j 0.+0.j]
F_onsite: (1.265560338585824e-19+9.322048916443474e-20j)
F_swave: (-1.9810755734223084e-21-4.912886569586653e-21j), F_dwave: (-3.070320266049054e-20+1.4889144090597218e-20j)
F_px: (1.829660298068369e-20-1.1559176354761387e-20j), F_py: (-3.815481327558721e-20-2.7899202804282894e-20j)
Free_energy = -9180.588714943848
------------------------------------------
[{'stable': {}, 'free': np.float64(-9180.588714943848)}]
------------------------------------------
  Seed: dd:px
  Seed uu: [0.+0.j 0.+0.j 0.+0.j 0.+0.j], Seed dd: [ 6.91134559e-15+1.25911107e-23j -6.91134559e-15-1.25757544e-23j
  6.09468853e-28-8.73018740e-25j -6.09635515e-28+8.57625359e-25j]
F_onsite: (1.0596912184000626e-30-1.0853676293169754e-34j)
F_swave: (-2.1165796702847744e-32-2.348571196524668e-36j), F_dwave: (-2.2110802593897867e-32+7.175061481513788e-34j)
F_px: (9.350829822749742e-33+5.431506585504138e-31j), F_py: (6.927362454354053e-33-1.0502589777018587e-32j)
Free_energy = -9180.588714943846
------------------------------------------
[{'stable': {}, 'free': np.float64(-9180.588714943848)}]
------------------------------------------
  Seed: dd:px+py
  Seed uu: [0.+0.j 0.+0.j 0.+0.j 0.+0.j], Seed dd: [ 3.86590666e-15-5.77128503e-15j -3.86590666e-15+5.77128503e-15j
  5.77190696e-15+3.86632326e-15j -5.77190696e-15-3.86632326e-15j]
F_onsite: (-3.4767262456909e-31-5.192153670221601e-32j)
F_swave: (7.187898516478798e-33+1.0326845335486912e-33j), F_dwave: (-8.242471681774891e-32+1.0588224107555266e-32j)
F_px: (-2.745906877236421e-32-1.1807460685600003e-30j), F_py: (-1.307912432700872e-32+9.749475032842871e-31j)
Free_energy = -9180.588714943846
------------------------------------------
[{'stable': {}, 'free': np.float64(-9180.588714943848)}]
------------------------------------------
  Seed: dd:px+ipy
  Seed uu: [0.+0.j 0.+0.j 0.+0.j 0.+0.j], Seed dd: [ 6.94680974e-15+1.24713392e-23j -6.94680974e-15-1.24559095e-23j
 -1.24651271e-23+6.94680971e-15j  1.24496990e-23-6.94680971e-15j]
F_onsite: (3.911724261498153e-32-6.730209761558762e-33j)
F_swave: (-8.41902559342302e-34+1.2598291028296938e-34j), F_dwave: (-3.197743858682691e-32-1.220875254962331e-32j)
F_px: (4.744004511026711e-32-8.431950581708305e-31j), F_py: (-3.3379442151025546e-32+3.8678852940389196e-31j)
Free_energy = -9180.588714943846
------------------------------------------
[{'stable': {}, 'free': np.float64(-9180.588714943848)}]
------------------------------------------
  Seed: uu+dd:px
  Seed uu: [ 6.91100240e-15+3.15942033e-19j -6.91100189e-15-6.42039928e-19j
  4.28360330e-19+1.46624054e-18j -4.28191330e-19-1.26450603e-18j], Seed dd: [ 6.91134384e-15+2.37358393e-20j -6.91134384e-15+7.16512044e-20j
 -1.48846876e-19-7.55718599e-20j  1.48791795e-19+3.17756454e-20j]
F_onsite: (-3.2013920225228916e-21+3.225294521803741e-20j)
F_swave: (1.967061432279836e-22-3.9371868339318085e-22j), F_dwave: (2.971078913074755e-21-1.1510235479197493e-21j)
F_px: (-4.576576052920325e-20-1.9171783018599746e-23j), F_py: (-7.28968856144137e-21+3.996436580339803e-21j)
Free_energy = -9180.588714943848
------------------------------------------
[{'stable': {}, 'free': np.float64(-9180.588714943848)}]
------------------------------------------
  Seed: uu+dd:px+py
  Seed uu: [ 5.14555683e-15-4.66687133e-15j -5.14547316e-15+4.66705414e-15j
  4.66769641e-15+5.14412127e-15j -4.66767428e-15-5.14421748e-15j], Seed dd: [ 5.03984239e-15-4.78134683e-15j -5.03979924e-15+4.78141997e-15j
  4.78090233e-15+5.03964227e-15j -4.78094268e-15-5.03968798e-15j]
F_onsite: (-1.0166415058432012e-20+3.016172425999691e-20j)
F_swave: (-4.107674647140977e-21+1.2960551449396729e-21j), F_dwave: (3.296779067252428e-20+1.916337232976182e-20j)
F_px: (1.693808542981089e-20+3.851858479195253e-20j), F_py: (3.49502736927156e-20-1.879350742240397e-20j)
Free_energy = -9180.588714943848
------------------------------------------
[{'stable': {}, 'free': np.float64(-9180.588714943848)}]
------------------------------------------
  Seed: uu+dd:px+ipy
  Seed uu: [ 6.94718930e-15-1.32334515e-18j -6.94722384e-15+1.40968176e-18j
 -7.88892690e-19+6.94604080e-15j  8.48243790e-19-6.94593082e-15j], Seed dd: [ 6.94672978e-15+1.91383611e-20j -6.94669321e-15-3.46517672e-20j
 -3.58331519e-20+6.94664412e-15j  3.74198986e-20-6.94668441e-15j]
F_onsite: (-4.428625753722169e-20+9.541416008041299e-21j)
F_swave: (1.5788407229143025e-21-3.474681558209032e-21j), F_dwave: (-8.294458204853073e-20+4.645903947562186e-20j)
F_px: (1.0202154167760451e-19+2.731718273163356e-20j), F_py: (6.492306701342027e-20+8.487672198820433e-20j)
Free_energy = -9180.588714943846
------------------------------------------
[{'stable': {}, 'free': np.float64(-9180.588714943848)}]
------------------------------------------
