/home/emilssp/D1/venv/bin/python
Python 3.10.12
Running job 23 out of 50
====================================
mu=-0.24, T=0.0010
====================================
  Seed: normal state
  Seed uu: [0.+0.j 0.+0.j 0.+0.j 0.+0.j], Seed dd: [0.+0.j 0.+0.j 0.+0.j 0.+0.j]
F_onsite: 0j
F_swave: 0j, F_dwave: 0j
F_px: 0j, F_py: 0j
Free_energy = -9215.09242911385
------------------------------------------
[{'stable': {}, 'free': np.float64(-9215.09242911385)}]
------------------------------------------
  Seed: uu:px
  Seed uu: [ 0.1+0.j -0.1+0.j  0. +0.j  0. +0.j], Seed dd: [0.+0.j 0.+0.j 0.+0.j 0.+0.j]
F_onsite: (-1.2375938977045256e-66+1.4810896227428196e-64j)
F_swave: (-6.143425858238602e-68+6.447522790813189e-66j), F_dwave: (1.1741961037886124e-66-1.4148357504490022e-64j)
F_px: (6.045471814785077e-52+2.818997081320524e-66j), F_py: (-2.3070283502773856e-70+7.418428219560724e-68j)
Free_energy = -9259.690997187232
------------------------------------------
[{'stable': {'Fuu_px': np.complex128(0.06746653880158829+3.0803507209293266e-16j)}, 'free': np.float64(-9259.690997187232)}]
------------------------------------------
  Seed: uu:px+py
  Seed uu: [ 0.1+0.j -0.1+0.j  0.1+0.j -0.1+0.j], Seed dd: [0.+0.j 0.+0.j 0.+0.j 0.+0.j]
F_onsite: (-6.8223921928815905e-22-1.8965403205475653e-22j)
F_swave: (-4.1009549777467247e-23-1.140013474881404e-23j), F_dwave: (-1.9675601791193345e-22-5.466798022203335e-23j)
F_px: (6.796989850459744e-22+1.0665174222645029e-21j), F_py: (6.196835125762752e-22-1.0941629033073725e-21j)
Free_energy = -9262.117952501889
------------------------------------------
[{'stable': {'Fuu_px': np.complex128(0.03340313868914806-0.03580150168246136j), 'Fuu_py': np.complex128(0.03585289451722394+0.033451088688632405j)}, 'free': np.float64(-9262.117952501889)}]
------------------------------------------
  Seed: uu:px+ipy
  Seed uu: [ 0.1+0.j  -0.1+0.j   0. +0.1j -0. -0.1j], Seed dd: [0.+0.j 0.+0.j 0.+0.j 0.+0.j]
F_onsite: (6.076214487669694e-22+9.332142186790706e-22j)
F_swave: (3.6524682727196245e-23+5.609587760382918e-23j), F_dwave: (-8.116586491789173e-23+2.705172922998373e-24j)
F_px: (2.886022375733972e-22+5.861474243076564e-22j), F_py: (5.861474216768782e-22+3.7963386610865226e-22j)
Free_energy = -9262.122678515578
------------------------------------------
[{'stable': {'Fuu_px': np.complex128(0.03340313868914806-0.03580150168246136j), 'Fuu_py': np.complex128(0.03585289451722394+0.033451088688632405j)}, 'free': np.float64(-9262.117952501889)}, {'stable': {'Fuu_px': np.complex128(0.0490016070171152+1.1175734177227517e-16j), 'Fuu_py': np.complex128(-1.2532175385938514e-16+0.04900160701711419j)}, 'free': np.float64(-9262.122678515578)}]
------------------------------------------
  Seed: dd:px
  Seed uu: [0.+0.j 0.+0.j 0.+0.j 0.+0.j], Seed dd: [ 0.1+0.j -0.1+0.j  0. +0.j  0. +0.j]
F_onsite: (-1.2468270968702984e-22+2.620157623741834e-38j)
F_swave: (-7.65781204120655e-24+0j), F_dwave: (-2.5871839881686774e-23+0j)
F_px: (1.7632415262334313e-37-1.200897186974266e-22j), F_py: (-1.8660972819303814e-37+1.2334515509213862e-22j)
Free_energy = -9259.690997187232
------------------------------------------
[{'stable': {'Fuu_px': np.complex128(0.03340313868914806-0.03580150168246136j), 'Fuu_py': np.complex128(0.03585289451722394+0.033451088688632405j)}, 'free': np.float64(-9262.117952501889)}, {'stable': {'Fuu_px': np.complex128(0.0490016070171152+1.1175734177227517e-16j), 'Fuu_py': np.complex128(-1.2532175385938514e-16+0.04900160701711419j)}, 'free': np.float64(-9262.122678515578)}]
------------------------------------------
  Seed: dd:px+py
  Seed uu: [0.+0.j 0.+0.j 0.+0.j 0.+0.j], Seed dd: [ 0.1+0.j -0.1+0.j  0.1+0.j -0.1+0.j]
F_onsite: (6.293262703717219e-23+1.9670633931874368e-23j)
F_swave: (3.748183499440972e-24+1.2131729365634197e-24j), F_dwave: (-1.6365497567701266e-22-1.996927543004537e-24j)
F_px: (7.698856895170567e-24-1.1746821601896945e-22j), F_py: (4.559621494635538e-24+8.146634654130718e-23j)
Free_energy = -9262.117952419625
------------------------------------------
[{'stable': {'Fuu_px': np.complex128(0.03340313868914806-0.03580150168246136j), 'Fuu_py': np.complex128(0.03585289451722394+0.033451088688632405j)}, 'free': np.float64(-9262.117952501889)}, {'stable': {'Fuu_px': np.complex128(0.0490016070171152+1.1175734177227517e-16j), 'Fuu_py': np.complex128(-1.2532175385938514e-16+0.04900160701711419j)}, 'free': np.float64(-9262.122678515578)}, {'stable': {'Fdd_px': np.complex128(0.03408946622538224-0.0351482623936509j), 'Fdd_py': np.complex128(0.035199086011294095+0.03413875884695493j)}, 'free': np.float64(-9262.117952419625)}]
------------------------------------------
  Seed: dd:px+ipy
  Seed uu: [0.+0.j 0.+0.j 0.+0.j 0.+0.j], Seed dd: [ 0.1+0.j  -0.1+0.j   0. +0.1j -0. -0.1j]
F_onsite: (3.3919885691459514e-22+7.946801231214653e-25j)
F_swave: (2.082266477711731e-23+4.84967994599151e-26j), F_dwave: (-3.3993919321580114e-23+4.864102937684213e-24j)
F_px: (-2.6496996803414763e-23+8.889998140401715e-24j), F_py: (2.5141641997824024e-23+1.9699456457594538e-22j)
Free_energy = -9262.122678515578
------------------------------------------
[{'stable': {'Fuu_px': np.complex128(0.03340313868914806-0.03580150168246136j), 'Fuu_py': np.complex128(0.03585289451722394+0.033451088688632405j)}, 'free': np.float64(-9262.117952501889)}, {'stable': {'Fuu_px': np.complex128(0.0490016070171152+1.1175734177227517e-16j), 'Fuu_py': np.complex128(-1.2532175385938514e-16+0.04900160701711419j)}, 'free': np.float64(-9262.122678515578)}, {'stable': {'Fdd_px': np.complex128(0.03408946622538224-0.0351482623936509j), 'Fdd_py': np.complex128(0.035199086011294095+0.03413875884695493j)}, 'free': np.float64(-9262.117952419625)}, {'stable': {'Fdd_px': np.complex128(0.049001607017115215+1.5339492712556502e-16j), 'Fdd_py': np.complex128(-1.6254473584048358e-16+0.049001607017114174j)}, 'free': np.float64(-9262.122678515578)}]
------------------------------------------
  Seed: uu+dd:px
  Seed uu: [ 0.1+0.j -0.1+0.j  0. +0.j  0. +0.j], Seed dd: [ 0.1+0.j -0.1+0.j  0. +0.j  0. +0.j]
F_onsite: (-1.0395456112422999e-20-2.3982592674785976e-20j)
F_swave: (-9.96344007147636e-22-7.569542861879038e-22j), F_dwave: (4.779087418041079e-21+3.3861713185932335e-20j)
F_px: (-4.979853307155111e-20-1.1318565890921995e-20j), F_py: (-1.8497772737269618e-20-1.121597570235546e-20j)
Free_energy = -9304.289565260693
------------------------------------------
[{'stable': {'Fuu_px': np.complex128(0.06746653880158827+4.0121708721103943e-16j), 'Fdd_px': np.complex128(0.06746653880158826+3.3512853264160473e-16j)}, 'free': np.float64(-9304.289565260693)}]
------------------------------------------
  Seed: uu+dd:px+py
  Seed uu: [ 0.1+0.j -0.1+0.j  0.1+0.j -0.1+0.j], Seed dd: [ 0.1+0.j -0.1+0.j  0.1+0.j -0.1+0.j]
F_onsite: (4.197138342989173e-20-2.3872708264878105e-21j)
F_swave: (2.950459611729441e-21+8.684938489312237e-22j), F_dwave: (5.9960665756258626e-21+2.5136242944361306e-20j)
F_px: (1.6719606379070978e-21-4.68359615108925e-20j), F_py: (1.3702959487186523e-20+2.7389354614425837e-20j)
Free_energy = -9309.143481342384
------------------------------------------
[{'stable': {'Fuu_px': np.complex128(0.034285882700280254-0.0349967089401634j), 'Fuu_py': np.complex128(0.035006478788943+0.034295454111404354j), 'Fdd_px': np.complex128(0.03284934934283626+0.03631049341133326j), 'Fdd_py': np.complex128(0.03636239753035811-0.03289630592144467j)}, 'free': np.float64(-9309.143481342384)}]
------------------------------------------
  Seed: uu+dd:px+ipy
  Seed uu: [ 0.1+0.j  -0.1+0.j   0. +0.1j -0. -0.1j], Seed dd: [ 0.1+0.j  -0.1+0.j   0. +0.1j -0. -0.1j]
F_onsite: (8.821724399837734e-20-2.8757472290976173e-20j)
F_swave: (-1.6056782215927778e-21-1.066262728032683e-21j), F_dwave: (1.0041635081952905e-20+4.6398884486860886e-20j)
F_px: (1.0078425499559615e-19-1.7974118762706454e-20j), F_py: (5.240725179371626e-20+5.494955135923025e-20j)
Free_energy = -9309.152927917296
------------------------------------------
[{'stable': {'Fuu_px': np.complex128(0.034285882700280254-0.0349967089401634j), 'Fuu_py': np.complex128(0.035006478788943+0.034295454111404354j), 'Fdd_px': np.complex128(0.03284934934283626+0.03631049341133326j), 'Fdd_py': np.complex128(0.03636239753035811-0.03289630592144467j)}, 'free': np.float64(-9309.143481342384)}, {'stable': {'Fuu_px': np.complex128(0.049001607017115194+1.4825575324144656e-16j), 'Fuu_py': np.complex128(-1.5487104085483324e-16+0.0490016070171142j), 'Fdd_px': np.complex128(0.049001607017115194+1.3566893628947626e-16j), 'Fdd_py': np.complex128(-1.3856915063109539e-16+0.04900160701711418j)}, 'free': np.float64(-9309.152927917296)}]
------------------------------------------
====================================
mu=-0.24, T=0.0051
====================================
  Seed: normal state
  Seed uu: [0.+0.j 0.+0.j 0.+0.j 0.+0.j], Seed dd: [0.+0.j 0.+0.j 0.+0.j 0.+0.j]
F_onsite: 0j
F_swave: 0j, F_dwave: 0j
F_px: 0j, F_py: 0j
Free_energy = -9215.326796224683
------------------------------------------
[{'stable': {}, 'free': np.float64(-9215.326796224683)}]
------------------------------------------
  Seed: uu:px
  Seed uu: [ 6.74665388e-02+3.08827630e-16j -6.74665388e-02-3.07242514e-16j
 -1.21146226e-18-2.16746943e-16j  1.13310840e-18+2.00855652e-16j], Seed dd: [0.+0.j 0.+0.j 0.+0.j 0.+0.j]
F_onsite: (-7.393860060382993e-36+1.3249458518411931e-21j)
F_swave: (-4.349329091032978e-37+7.420909275735094e-23j), F_dwave: (-6.194855229534404e-36+1.112560488416945e-21j)
F_px: (5.891175362466443e-22+3.291384182302405e-36j), F_py: (6.355720641873286e-39-4.70197740328915e-36j)
Free_energy = -9259.792861871672
------------------------------------------
[{'stable': {'Fuu_px': np.complex128(0.06744986339411216+3.794230882968639e-16j)}, 'free': np.float64(-9259.792861871672)}]
------------------------------------------
  Seed: uu:px+py
  Seed uu: [ 0.03340314-0.0358015j  -0.03340314+0.0358015j   0.03585289+0.03345109j
 -0.03585289-0.03345109j], Seed dd: [0.+0.j 0.+0.j 0.+0.j 0.+0.j]
F_onsite: (-3.9265435669321474e-21+1.0800016142945844e-20j)
F_swave: (-2.509784758926331e-22+6.579085451282823e-22j), F_dwave: (3.818955578136039e-21-9.850359317470942e-21j)
F_px: (-3.823328224467665e-21-1.914125563027627e-20j), F_py: (-1.2624764338888245e-21+1.9185680924037696e-20j)
Free_energy = -9262.235136419518
------------------------------------------
[{'stable': {'Fuu_px': np.complex128(0.03340378713066332-0.035802196682419685j), 'Fuu_py': np.complex128(0.03585219995967048+0.03345044065988484j)}, 'free': np.float64(-9262.235136419518)}]
------------------------------------------
  Seed: uu:px+ipy
  Seed uu: [ 4.90016070e-02+1.11917352e-16j -4.90016070e-02-1.11597332e-16j
 -1.29757083e-16+4.90016070e-02j  1.20886425e-16-4.90016070e-02j], Seed dd: [0.+0.j 0.+0.j 0.+0.j 0.+0.j]
F_onsite: (2.4302478625183488e-21-5.990329475307334e-22j)
F_swave: (1.3052631307749716e-22-2.7305175551018796e-23j), F_dwave: (1.0169648179015852e-21+1.480365418434346e-21j)
F_px: (-3.0344325498992483e-20+4.885717554757401e-20j), F_py: (3.906351437778807e-20-3.148201899351159e-20j)
Free_energy = -9262.23844704505
------------------------------------------
[{'stable': {'Fuu_px': np.complex128(0.03340378713066332-0.035802196682419685j), 'Fuu_py': np.complex128(0.03585219995967048+0.03345044065988484j)}, 'free': np.float64(-9262.235136419518)}, {'stable': {'Fuu_px': np.complex128(0.049001007196488755+9.821298054321349e-17j), 'Fuu_py': np.complex128(-1.25934291029148e-16+0.04900100719648802j)}, 'free': np.float64(-9262.23844704505)}]
------------------------------------------
  Seed: dd:px
  Seed uu: [0.+0.j 0.+0.j 0.+0.j 0.+0.j], Seed dd: [ 6.74665388e-02+3.48277607e-16j -6.74665388e-02-3.43760116e-16j
 -1.50008211e-18-1.83923940e-16j  1.14042068e-18+1.69709615e-16j]
F_onsite: (3.5913734077348694e-21+1.3127154990691503e-36j)
F_swave: (2.2369353163461187e-22+9.4039548065783e-38j), F_dwave: (-3.9882269653398145e-22-6.58276836460481e-37j)
F_px: (1.680956921675871e-36+2.699806958753164e-23j), F_py: (-1.034435028723613e-36-2.3942672230244343e-21j)
Free_energy = -9259.792861871672
------------------------------------------
[{'stable': {'Fuu_px': np.complex128(0.03340378713066332-0.035802196682419685j), 'Fuu_py': np.complex128(0.03585219995967048+0.03345044065988484j)}, 'free': np.float64(-9262.235136419518)}, {'stable': {'Fuu_px': np.complex128(0.049001007196488755+9.821298054321349e-17j), 'Fuu_py': np.complex128(-1.25934291029148e-16+0.04900100719648802j)}, 'free': np.float64(-9262.23844704505)}]
------------------------------------------
  Seed: dd:px+py
  Seed uu: [0.+0.j 0.+0.j 0.+0.j 0.+0.j], Seed dd: [ 0.03408947-0.03514826j -0.03408947+0.03514826j  0.03519909+0.03413876j
 -0.03519909-0.03413876j]
F_onsite: (1.1661567854070727e-22+1.3581661000615298e-22j)
F_swave: (6.779837299844362e-24+8.48155837900419e-24j), F_dwave: (1.4323754306551893e-21+2.399175976938092e-23j)
F_px: (1.4258915538603538e-23+5.183975969494357e-22j), F_py: (-1.7691730410732212e-23+1.1318268680027629e-21j)
Free_energy = -9262.235136341533
------------------------------------------
[{'stable': {'Fuu_px': np.complex128(0.03340378713066332-0.035802196682419685j), 'Fuu_py': np.complex128(0.03585219995967048+0.03345044065988484j)}, 'free': np.float64(-9262.235136419518)}, {'stable': {'Fuu_px': np.complex128(0.049001007196488755+9.821298054321349e-17j), 'Fuu_py': np.complex128(-1.25934291029148e-16+0.04900100719648802j)}, 'free': np.float64(-9262.23844704505)}, {'stable': {'Fdd_px': np.complex128(0.03409013283043075-0.035148949703009295j), 'Fdd_py': np.complex128(0.03519839915363722+0.034138092680000995j)}, 'free': np.float64(-9262.235136341533)}]
------------------------------------------
  Seed: dd:px+ipy
  Seed uu: [0.+0.j 0.+0.j 0.+0.j 0.+0.j], Seed dd: [ 4.90016070e-02+1.50748942e-16j -4.90016070e-02-1.56040912e-16j
 -1.66767261e-16+4.90016070e-02j  1.58322210e-16-4.90016070e-02j]
F_onsite: (-1.25969579569758e-21+4.542963222219306e-23j)
F_swave: (-7.8947611355811e-23+2.8357935318801523e-24j), F_dwave: (1.2880526462156823e-21-5.0956798820629777e-23j)
F_px: (1.1389229025963987e-23+1.1293145649148875e-21j), F_py: (-7.39486304920002e-23+2.40269459916155e-22j)
Free_energy = -9262.23844704505
------------------------------------------
[{'stable': {'Fuu_px': np.complex128(0.03340378713066332-0.035802196682419685j), 'Fuu_py': np.complex128(0.03585219995967048+0.03345044065988484j)}, 'free': np.float64(-9262.235136419518)}, {'stable': {'Fuu_px': np.complex128(0.049001007196488755+9.821298054321349e-17j), 'Fuu_py': np.complex128(-1.25934291029148e-16+0.04900100719648802j)}, 'free': np.float64(-9262.23844704505)}, {'stable': {'Fdd_px': np.complex128(0.03409013283043075-0.035148949703009295j), 'Fdd_py': np.complex128(0.03519839915363722+0.034138092680000995j)}, 'free': np.float64(-9262.235136341533)}, {'stable': {'Fdd_px': np.complex128(0.04900100719648878+1.460335490694351e-16j), 'Fdd_py': np.complex128(-1.6389153146150772e-16+0.04900100719648796j)}, 'free': np.float64(-9262.23844704505)}]
------------------------------------------
  Seed: uu+dd:px
  Seed uu: [ 6.74665388e-02+4.05826508e-16j -6.74665388e-02-3.96607666e-16j
  8.64668438e-19-1.22654288e-16j  7.53329927e-20+1.09824492e-16j], Seed dd: [ 6.74665388e-02+3.34662082e-16j -6.74665388e-02-3.35594983e-16j
  2.36765561e-19-1.17077582e-16j -3.74249596e-20+1.06080130e-16j]
F_onsite: (1.797829308833479e-21-4.556188182394883e-21j)
F_swave: (-9.824338794195138e-23-8.235065220422604e-21j), F_dwave: (1.7977982850163847e-21+4.678456317237414e-20j)
F_px: (-2.136564813972599e-20+3.6282492133641e-21j), F_py: (7.049209813527851e-20-8.975565140821964e-21j)
Free_energy = -9304.25892751878
------------------------------------------
[{'stable': {'Fuu_px': np.complex128(0.06744986339411212+4.585441712020921e-16j), 'Fdd_px': np.complex128(0.0674498633941121+4.1065922817187914e-16j)}, 'free': np.float64(-9304.25892751878)}]
------------------------------------------
  Seed: uu+dd:px+py
  Seed uu: [ 0.03428588-0.03499671j -0.03428588+0.03499671j  0.03500648+0.03429545j
 -0.03500648-0.03429545j], Seed dd: [ 0.03284935+0.03631049j -0.03284935-0.03631049j  0.0363624 -0.03289631j
 -0.0363624 +0.03289631j]
F_onsite: (-9.344012031705406e-21-1.9234468740780627e-20j)
F_swave: (-1.4801500117990012e-21-2.5955685813005007e-21j), F_dwave: (-3.659924161583906e-20-4.925206606006011e-21j)
F_px: (1.2394000441826512e-20+2.493007906734239e-20j), F_py: (1.3437767242920808e-20-2.059301394126573e-20j)
Free_energy = -9309.143481775804
------------------------------------------
[{'stable': {'Fuu_px': np.complex128(0.03428601175190783-0.03499684066733165j), 'Fuu_py': np.complex128(0.03500634635898586+0.03429532437126276j), 'Fdd_px': np.complex128(0.03284998434624829+0.03631119532134592j), 'Fdd_py': np.complex128(0.0363616960587594-0.03289567131465635j)}, 'free': np.float64(-9309.143481775804)}]
------------------------------------------
  Seed: uu+dd:px+ipy
  Seed uu: [ 4.90016070e-02+1.44939355e-16j -4.90016070e-02-1.51572152e-16j
 -1.59069796e-16+4.90016070e-02j  1.50672285e-16-4.90016070e-02j], Seed dd: [ 4.90016070e-02+1.34832240e-16j -4.90016070e-02-1.36505633e-16j
 -1.42435816e-16+4.90016070e-02j  1.34702485e-16-4.90016070e-02j]
F_onsite: (-9.308142650663739e-20-1.7513464536154e-20j)
F_swave: (-7.065440602261805e-21+1.9633611753802692e-21j), F_dwave: (2.7006504188385625e-21-7.975299753894904e-21j)
F_px: (-5.1638799315133454e-20+3.6828548378318336e-20j), F_py: (2.462320872080575e-20-1.3275285418336334e-19j)
Free_energy = -9309.150097865484
------------------------------------------
[{'stable': {'Fuu_px': np.complex128(0.03428601175190783-0.03499684066733165j), 'Fuu_py': np.complex128(0.03500634635898586+0.03429532437126276j), 'Fdd_px': np.complex128(0.03284998434624829+0.03631119532134592j), 'Fdd_py': np.complex128(0.0363616960587594-0.03289567131465635j)}, 'free': np.float64(-9309.143481775804)}, {'stable': {'Fuu_px': np.complex128(0.049001007196488755+1.336477039190907e-16j), 'Fuu_py': np.complex128(-1.571741499081973e-16+0.04900100719648799j), 'Fdd_px': np.complex128(0.04900100719648875+1.2313148547646313e-16j), 'Fdd_py': np.complex128(-1.4088783714975503e-16+0.04900100719648799j)}, 'free': np.float64(-9309.150097865484)}]
------------------------------------------
====================================
mu=-0.24, T=0.0093
====================================
  Seed: normal state
  Seed uu: [0.+0.j 0.+0.j 0.+0.j 0.+0.j], Seed dd: [0.+0.j 0.+0.j 0.+0.j 0.+0.j]
F_onsite: 0j
F_swave: 0j, F_dwave: 0j
F_px: 0j, F_py: 0j
Free_energy = -9215.721615933946
------------------------------------------
[{'stable': {}, 'free': np.float64(-9215.721615933946)}]
------------------------------------------
  Seed: uu:px
  Seed uu: [ 6.74498634e-02+3.89762793e-16j -6.74498634e-02-3.69083384e-16j
  1.66439989e-18-3.05623569e-16j -1.95043894e-18+2.98280429e-16j], Seed dd: [0.+0.j 0.+0.j 0.+0.j 0.+0.j]
F_onsite: (4.571242477236167e-32-4.588792911457941e-21j)
F_swave: (-2.425356227682722e-35-2.632507014725644e-22j), F_dwave: (-4.556010080893856e-32-4.734860742595388e-21j)
F_px: (9.714270638525055e-21+9.215875710446734e-35j), F_py: (2.221680255373902e-32-4.71401446544157e-33j)
Free_energy = -9259.97227555422
------------------------------------------
[{'stable': {'Fuu_px': np.complex128(0.06742469477858531+5.56050024818136e-16j)}, 'free': np.float64(-9259.97227555422)}]
------------------------------------------
  Seed: uu:px+py
  Seed uu: [ 0.03340379-0.0358022j  -0.03340379+0.0358022j   0.0358522 +0.03345044j
 -0.0358522 -0.03345044j], Seed dd: [0.+0.j 0.+0.j 0.+0.j 0.+0.j]
F_onsite: (-1.7526697172911343e-20+2.3922616837396555e-21j)
F_swave: (-1.0088728148446051e-21+1.2373741028163234e-22j), F_dwave: (3.2812439919502865e-21+5.8822583392986784e-21j)
F_px: (-1.244185499439953e-20-3.103183991587021e-20j), F_py: (1.650810735746628e-21+4.3132029282715474e-20j)
Free_energy = -9262.431368968717
------------------------------------------
[{'stable': {'Fuu_px': np.complex128(0.03340561009959735-0.035804150541485835j), 'Fuu_py': np.complex128(0.03584896931657386+0.03344742643940951j)}, 'free': np.float64(-9262.431368968717)}]
------------------------------------------
  Seed: uu:px+ipy
  Seed uu: [ 4.90010072e-02+1.00861825e-16j -4.90010072e-02-9.55641365e-17j
 -1.31177187e-16+4.90010072e-02j  1.20691395e-16-4.90010072e-02j], Seed dd: [0.+0.j 0.+0.j 0.+0.j 0.+0.j]
F_onsite: (-1.4337187915578084e-20+4.2095446619842615e-21j)
F_swave: (-8.731458263429503e-22+2.9684068022398335e-22j), F_dwave: (1.8397284514677682e-20-9.33398675850662e-21j)
F_px: (9.286597261210264e-21+4.203496452863367e-21j), F_py: (1.492855393866329e-20+1.9701165283117982e-20j)
Free_energy = -9262.434939676567
------------------------------------------
[{'stable': {'Fuu_px': np.complex128(0.03340561009959735-0.035804150541485835j), 'Fuu_py': np.complex128(0.03584896931657386+0.03344742643940951j)}, 'free': np.float64(-9262.431368968717)}, {'stable': {'Fuu_px': np.complex128(0.04900024195745162+1.0587309653192816e-16j), 'Fuu_py': np.complex128(-1.2683796930474994e-16+0.049000241957450875j)}, 'free': np.float64(-9262.434939676567)}]
------------------------------------------
  Seed: dd:px
  Seed uu: [0.+0.j 0.+0.j 0.+0.j 0.+0.j], Seed dd: [ 6.74498634e-02+4.29744072e-16j -6.74498634e-02-4.15115654e-16j
  1.44669919e-18-2.46815078e-16j -2.35191602e-18+2.28462785e-16j]
F_onsite: (3.5281259593846554e-21-9.108980776971634e-37j)
F_swave: (2.201167451372774e-22-1.1754943508222875e-38j), F_dwave: (2.0298282562925904e-21-1.3047987294127391e-36j)
F_px: -2.0027032306449395e-21j, F_py: (1.88079096131566e-37+1.9803736058857503e-22j)
Free_energy = -9259.972275554223
------------------------------------------
[{'stable': {'Fuu_px': np.complex128(0.03340561009959735-0.035804150541485835j), 'Fuu_py': np.complex128(0.03584896931657386+0.03344742643940951j)}, 'free': np.float64(-9262.431368968717)}, {'stable': {'Fuu_px': np.complex128(0.04900024195745162+1.0587309653192816e-16j), 'Fuu_py': np.complex128(-1.2683796930474994e-16+0.049000241957450875j)}, 'free': np.float64(-9262.434939676567)}]
------------------------------------------
  Seed: dd:px+py
  Seed uu: [0.+0.j 0.+0.j 0.+0.j 0.+0.j], Seed dd: [ 0.03409013-0.03514895j -0.03409013+0.03514895j  0.0351984 +0.03413809j
 -0.0351984 -0.03413809j]
F_onsite: (-1.3114536721271929e-21-7.375112528135188e-23j)
F_swave: (-7.435340847095631e-23-4.647305991569499e-24j), F_dwave: (-9.175179820479475e-24-4.1516758307314545e-23j)
F_px: (1.663255047495498e-23+1.0537905022557166e-21j), F_py: (-4.126695042000826e-23+2.252880507850412e-22j)
Free_energy = -9262.431368905987
------------------------------------------
[{'stable': {'Fuu_px': np.complex128(0.03340561009959735-0.035804150541485835j), 'Fuu_py': np.complex128(0.03584896931657386+0.03344742643940951j)}, 'free': np.float64(-9262.431368968717)}, {'stable': {'Fuu_px': np.complex128(0.04900024195745162+1.0587309653192816e-16j), 'Fuu_py': np.complex128(-1.2683796930474994e-16+0.049000241957450875j)}, 'free': np.float64(-9262.434939676567)}, {'stable': {'Fdd_px': np.complex128(0.034092011309011766-0.03515088652588662j), 'Fdd_py': np.complex128(0.03519520889697632+0.03413499852571582j)}, 'free': np.float64(-9262.431368905987)}]
------------------------------------------
  Seed: dd:px+ipy
  Seed uu: [0.+0.j 0.+0.j 0.+0.j 0.+0.j], Seed dd: [ 4.90010072e-02+1.43165668e-16j -4.90010072e-02-1.48901431e-16j
 -1.68392109e-16+4.90010072e-02j  1.59390954e-16-4.90010072e-02j]
F_onsite: (-2.508042974090645e-21+2.0956746926187351e-22j)
F_swave: (-1.528497541804343e-22+1.3506592896833717e-23j), F_dwave: (-3.8650144211451826e-23+2.411692484007055e-22j)
F_px: (1.413991038906657e-22-1.3323247908429333e-21j), F_py: (-4.710023620198274e-22+1.3874225798886992e-21j)
Free_energy = -9262.434939676565
------------------------------------------
[{'stable': {'Fuu_px': np.complex128(0.03340561009959735-0.035804150541485835j), 'Fuu_py': np.complex128(0.03584896931657386+0.03344742643940951j)}, 'free': np.float64(-9262.431368968717)}, {'stable': {'Fuu_px': np.complex128(0.04900024195745162+1.0587309653192816e-16j), 'Fuu_py': np.complex128(-1.2683796930474994e-16+0.049000241957450875j)}, 'free': np.float64(-9262.434939676567)}, {'stable': {'Fdd_px': np.complex128(0.034092011309011766-0.03515088652588662j), 'Fdd_py': np.complex128(0.03519520889697632+0.03413499852571582j)}, 'free': np.float64(-9262.431368905987)}, {'stable': {'Fdd_px': np.complex128(0.04900024195745164+1.4699501087390754e-16j), 'Fdd_py': np.complex128(-1.6423852380230636e-16+0.04900024195745084j)}, 'free': np.float64(-9262.434939676565)}]
------------------------------------------
  Seed: uu+dd:px
  Seed uu: [ 6.74498634e-02+4.59022824e-16j -6.74498634e-02-4.58065518e-16j
  1.37140921e-18-1.93570110e-16j -1.33582059e-18+1.77296490e-16j], Seed dd: [ 6.74498634e-02+4.18525650e-16j -6.74498634e-02-4.02792807e-16j
  1.39744885e-18-2.01410194e-16j -4.38607557e-19+1.78305253e-16j]
F_onsite: (-4.264903538340717e-21-2.7665015501740306e-20j)
F_swave: (-8.445028206668558e-22+2.8263116895798854e-20j), F_dwave: (2.4738695692565447e-22-3.914868011057655e-20j)
F_px: (1.9881107778881596e-20+1.4339990042880043e-21j), F_py: (1.5528907361987357e-20+7.405999432393755e-21j)
Free_energy = -9304.222935174514
------------------------------------------
[{'stable': {'Fuu_px': np.complex128(0.06742469477858534+6.506448379527038e-16j), 'Fdd_px': np.complex128(0.06742469477858533+6.08883572554225e-16j)}, 'free': np.float64(-9304.222935174514)}]
------------------------------------------
  Seed: uu+dd:px+py
  Seed uu: [ 0.03428601-0.03499684j -0.03428601+0.03499684j  0.03500635+0.03429532j
 -0.03500635-0.03429532j], Seed dd: [ 0.03284998+0.0363112j  -0.03284998-0.0363112j   0.0363617 -0.03289567j
 -0.0363617 +0.03289567j]
F_onsite: (2.811068868634127e-20+1.5225875744105504e-20j)
F_swave: (-1.0347848639742657e-22+2.244320936435867e-21j), F_dwave: (-4.2135075605904883e-20-1.499070748462857e-20j)
F_px: (9.407488668915644e-21-2.2485086041296474e-20j), F_py: (1.2452708646546975e-20+2.1539571267508452e-20j)
Free_energy = -9309.141126159704
------------------------------------------
[{'stable': {'Fuu_px': np.complex128(0.034285881585999-0.034996707802780136j), 'Fuu_py': np.complex128(0.03500522791242752+0.03429422864173054j), 'Fdd_px': np.complex128(0.03285176706756743+0.03631316587759775j), 'Fdd_py': np.complex128(0.03635843053451585-0.032892717062686816j)}, 'free': np.float64(-9309.141126159704)}]
------------------------------------------
  Seed: uu+dd:px+ipy
  Seed uu: [ 4.90010072e-02+1.39661175e-16j -4.90010072e-02-1.27634233e-16j
 -1.61315016e-16+4.90010072e-02j  1.53033284e-16-4.90010072e-02j], Seed dd: [ 4.90010072e-02+1.20715377e-16j -4.90010072e-02-1.25547594e-16j
 -1.45488550e-16+4.90010072e-02j  1.36287125e-16-4.90010072e-02j]
F_onsite: (1.1188499937143064e-19+1.6839890736003828e-20j)
F_swave: (-6.747030961432127e-23+1.139485595682584e-21j), F_dwave: (7.279559068449708e-21-2.4772402864588746e-20j)
F_px: (-7.104761151586633e-20-2.425153487019956e-20j), F_py: (-4.5946256124685895e-20-1.6877625027550444e-20j)
Free_energy = -9309.14826341932
------------------------------------------
[{'stable': {'Fuu_px': np.complex128(0.034285881585999-0.034996707802780136j), 'Fuu_py': np.complex128(0.03500522791242752+0.03429422864173054j), 'Fdd_px': np.complex128(0.03285176706756743+0.03631316587759775j), 'Fdd_py': np.complex128(0.03635843053451585-0.032892717062686816j)}, 'free': np.float64(-9309.141126159704)}, {'stable': {'Fuu_px': np.complex128(0.04900024195745162+1.4609244432904888e-16j), 'Fuu_py': np.complex128(-1.5763243443733127e-16+0.04900024195745087j), 'Fdd_px': np.complex128(0.049000241957451604+1.291522353702161e-16j), 'Fdd_py': np.complex128(-1.4151077694290136e-16+0.04900024195745085j)}, 'free': np.float64(-9309.14826341932)}]
------------------------------------------
====================================
mu=-0.24, T=0.0134
====================================
  Seed: normal state
  Seed uu: [0.+0.j 0.+0.j 0.+0.j 0.+0.j], Seed dd: [0.+0.j 0.+0.j 0.+0.j 0.+0.j]
F_onsite: 0j
F_swave: 0j, F_dwave: 0j
F_px: 0j, F_py: 0j
Free_energy = -9216.228437737054
------------------------------------------
[{'stable': {}, 'free': np.float64(-9216.228437737054)}]
------------------------------------------
  Seed: uu:px
  Seed uu: [ 6.74246948e-02+5.61793067e-16j -6.74246948e-02-5.50306983e-16j
  1.59705415e-19-3.58583404e-16j  6.70638336e-19+3.55249536e-16j], Seed dd: [0.+0.j 0.+0.j 0.+0.j 0.+0.j]
F_onsite: (-1.5772458825505952e-28+3.1880881920390145e-20j)
F_swave: (-1.0570848504353234e-31+1.8373605375509312e-21j), F_dwave: (1.5782960887295254e-28+3.053681541457057e-20j)
F_px: (1.3816643960101795e-19+1.6310219216529404e-33j), F_py: (4.92687549732775e-31+1.0253091300527556e-29j)
Free_energy = -9260.193038816458
------------------------------------------
[{'stable': {'Fuu_px': np.complex128(0.06738104723547472+6.578734435943516e-16j)}, 'free': np.float64(-9260.193038816458)}]
------------------------------------------
  Seed: uu:px+py
  Seed uu: [ 0.03340561-0.03580415j -0.03340561+0.03580415j  0.03584897+0.03344743j
 -0.03584897-0.03344743j], Seed dd: [0.+0.j 0.+0.j 0.+0.j 0.+0.j]
F_onsite: (-1.4265077327978232e-20-1.6833209960827328e-20j)
F_swave: (-8.678594469631794e-22-9.836547612907305e-22j), F_dwave: (2.172985016267442e-20-7.43791402414907e-21j)
F_px: (-3.202513925124243e-20-4.600908992440501e-21j), F_py: (-2.6032059185493775e-20+9.588787420300213e-21j)
Free_energy = -9262.661589613568
------------------------------------------
[{'stable': {'Fuu_px': np.complex128(0.033399836614357484-0.03579796251695787j), 'Fuu_py': np.complex128(0.035833115741293026+0.03343263490416839j)}, 'free': np.float64(-9262.661589613568)}]
------------------------------------------
  Seed: uu:px+ipy
  Seed uu: [ 4.90002420e-02+1.03918872e-16j -4.90002420e-02-1.07827321e-16j
 -1.31170252e-16+4.90002420e-02j  1.22505687e-16-4.90002420e-02j], Seed dd: [0.+0.j 0.+0.j 0.+0.j 0.+0.j]
F_onsite: (4.204213164523261e-20-1.1858524859775909e-20j)
F_swave: (2.3972151713347414e-21-7.12379879207728e-22j), F_dwave: (1.9014992910542212e-20+1.8085790032098646e-20j)
F_px: (-2.6380528340539572e-20-4.312290267614839e-20j), F_py: (-5.23252386140851e-20-1.278842942414087e-20j)
Free_energy = -9262.66489505654
------------------------------------------
[{'stable': {'Fuu_px': np.complex128(0.033399836614357484-0.03579796251695787j), 'Fuu_py': np.complex128(0.035833115741293026+0.03343263490416839j)}, 'free': np.float64(-9262.661589613568)}, {'stable': {'Fuu_px': np.complex128(0.048985054622804974+1.5867073801198743e-16j), 'Fuu_py': np.complex128(-1.5198877302378407e-16+0.04898505462280457j)}, 'free': np.float64(-9262.66489505654)}]
------------------------------------------
  Seed: dd:px
  Seed uu: [0.+0.j 0.+0.j 0.+0.j 0.+0.j], Seed dd: [ 6.74246948e-02+6.13304740e-16j -6.74246948e-02-5.96408974e-16j
  8.49114134e-19-3.02288695e-16j -1.43989645e-18+3.03801601e-16j]
F_onsite: (7.659420767906796e-21-6.29374352681109e-37j)
F_swave: (5.015019508728088e-22+4.584427968206921e-37j), F_dwave: (1.615680019625031e-20+2.550822741284364e-36j)
F_px: (4.513898307157584e-36+4.292158405227124e-21j), F_py: (-1.504632769052528e-36-6.2967460813286416e-24j)
Free_energy = -9260.193038816458
------------------------------------------
[{'stable': {'Fuu_px': np.complex128(0.033399836614357484-0.03579796251695787j), 'Fuu_py': np.complex128(0.035833115741293026+0.03343263490416839j)}, 'free': np.float64(-9262.661589613568)}, {'stable': {'Fuu_px': np.complex128(0.048985054622804974+1.5867073801198743e-16j), 'Fuu_py': np.complex128(-1.5198877302378407e-16+0.04898505462280457j)}, 'free': np.float64(-9262.66489505654)}]
------------------------------------------
  Seed: dd:px+py
  Seed uu: [0.+0.j 0.+0.j 0.+0.j 0.+0.j], Seed dd: [ 0.03409201-0.03515089j -0.03409201+0.03515089j  0.03519521+0.034135j
 -0.03519521-0.034135j  ]
F_onsite: (1.6483625642514876e-21+1.2184409281346828e-22j)
F_swave: (1.153458174186267e-22+8.040652363215736e-24j), F_dwave: (-4.543856143524843e-21+7.624399350001267e-24j)
F_px: (-1.5444156225811462e-23+7.590411189615568e-22j), F_py: (3.792906510079851e-23+3.474022859138746e-21j)
Free_energy = -9262.661589574378
------------------------------------------
[{'stable': {'Fuu_px': np.complex128(0.033399836614357484-0.03579796251695787j), 'Fuu_py': np.complex128(0.035833115741293026+0.03343263490416839j)}, 'free': np.float64(-9262.661589613568)}, {'stable': {'Fuu_px': np.complex128(0.048985054622804974+1.5867073801198743e-16j), 'Fuu_py': np.complex128(-1.5198877302378407e-16+0.04898505462280457j)}, 'free': np.float64(-9262.66489505654)}, {'stable': {'Fdd_px': np.complex128(0.03408615279675725-0.03514484605213456j), 'Fdd_py': np.complex128(0.035179609926328334+0.03411986945398277j)}, 'free': np.float64(-9262.661589574378)}]
------------------------------------------
  Seed: dd:px+ipy
  Seed uu: [0.+0.j 0.+0.j 0.+0.j 0.+0.j], Seed dd: [ 4.90002420e-02+1.48421507e-16j -4.90002420e-02-1.45568515e-16j
 -1.68595397e-16+4.90002420e-02j  1.59881651e-16-4.90002420e-02j]
F_onsite: (-1.9414823966962162e-21+3.6153375081908817e-22j)
F_swave: (-1.3090740959725974e-22+2.5607347860730345e-23j), F_dwave: (2.0722273738311525e-21+3.2303390638318254e-22j)
F_px: (7.331357598322834e-23-5.850909615248135e-21j), F_py: (-4.1466919200842014e-22+3.2214220773714487e-21j)
Free_energy = -9262.664895056541
------------------------------------------
[{'stable': {'Fuu_px': np.complex128(0.033399836614357484-0.03579796251695787j), 'Fuu_py': np.complex128(0.035833115741293026+0.03343263490416839j)}, 'free': np.float64(-9262.661589613568)}, {'stable': {'Fuu_px': np.complex128(0.048985054622804974+1.5867073801198743e-16j), 'Fuu_py': np.complex128(-1.5198877302378407e-16+0.04898505462280457j)}, 'free': np.float64(-9262.66489505654)}, {'stable': {'Fdd_px': np.complex128(0.03408615279675725-0.03514484605213456j), 'Fdd_py': np.complex128(0.035179609926328334+0.03411986945398277j)}, 'free': np.float64(-9262.661589574378)}, {'stable': {'Fdd_px': np.complex128(0.048985054622805016+2.0551361875884076e-16j), 'Fdd_py': np.complex128(-1.9708783792536742e-16+0.04898505462280457j)}, 'free': np.float64(-9262.664895056541)}]
------------------------------------------
  Seed: uu+dd:px
  Seed uu: [ 6.74246948e-02+6.62608570e-16j -6.74246948e-02-6.38681106e-16j
  3.01868646e-18-2.73575390e-16j -2.60726336e-18+2.70038815e-16j], Seed dd: [ 6.74246948e-02+6.16675243e-16j -6.74246948e-02-6.01091902e-16j
  1.80463347e-18-2.57054330e-16j -2.03867926e-18+2.58230858e-16j]
F_onsite: (-1.6460677724706577e-20-4.6973465874994043e-20j)
F_swave: (-1.8869639408441274e-21+1.0896853387149438e-20j), F_dwave: (7.908371987106998e-21+2.728573525881031e-21j)
F_px: (1.9089076825391702e-20-4.505730389951646e-21j), F_py: (-8.918032625430705e-21+1.3682103216510656e-21j)
Free_energy = -9304.157639896046
------------------------------------------
[{'stable': {'Fuu_px': np.complex128(0.0673810472354747+7.950331975756648e-16j), 'Fdd_px': np.complex128(0.0673810472354747+7.310007625461307e-16j)}, 'free': np.float64(-9304.157639896046)}]
------------------------------------------
  Seed: uu+dd:px+py
  Seed uu: [ 0.03428588-0.03499671j -0.03428588+0.03499671j  0.03500523+0.03429423j
 -0.03500523-0.03429423j], Seed dd: [ 0.03285177+0.03631317j -0.03285177-0.03631317j  0.03635843-0.03289272j
 -0.03635843+0.03289272j]
F_onsite: (-2.3057016308584577e-20-1.2433003996500209e-20j)
F_swave: (1.5023631138591349e-21-9.851851474382125e-22j), F_dwave: (-1.6846871591087504e-20+6.944736810698863e-21j)
F_px: (2.6982306513629764e-20-3.620081411118872e-21j), F_py: (1.7730401115883054e-20+1.1068791997236668e-20j)
Free_energy = -9309.09474408886
------------------------------------------
[{'stable': {'Fuu_px': np.complex128(0.034276230466805106-0.03498685659339637j), 'Fuu_py': np.complex128(0.034993539267476996+0.03428277740754901j), 'Fdd_px': np.complex128(0.03284607064358401+0.036306869254692085j), 'Fdd_py': np.complex128(0.0363423722025801-0.032878189423261844j)}, 'free': np.float64(-9309.09474408886)}]
------------------------------------------
  Seed: uu+dd:px+ipy
  Seed uu: [ 4.90002420e-02+1.45889567e-16j -4.90002420e-02-1.46295322e-16j
 -1.63530457e-16+4.90002420e-02j  1.51734412e-16-4.90002420e-02j], Seed dd: [ 4.90002420e-02+1.2726760e-16j -4.90002420e-02-1.3103687e-16j
 -1.46177717e-16+4.9000242e-02j  1.36843837e-16-4.9000242e-02j]
F_onsite: (-1.1041161033782165e-19-4.1266612025732405e-20j)
F_swave: (-4.6768542097453115e-21-5.6537914484139595e-21j), F_dwave: (2.2268657943007772e-20+7.349253436342859e-20j)
F_px: (6.483968497951976e-20+1.2243930572007503e-20j), F_py: (-6.769957980042217e-21+2.5472612422959857e-20j)
Free_energy = -9309.10135237608
------------------------------------------
[{'stable': {'Fuu_px': np.complex128(0.034276230466805106-0.03498685659339637j), 'Fuu_py': np.complex128(0.034993539267476996+0.03428277740754901j), 'Fdd_px': np.complex128(0.03284607064358401+0.036306869254692085j), 'Fdd_py': np.complex128(0.0363423722025801-0.032878189423261844j)}, 'free': np.float64(-9309.09474408886)}, {'stable': {'Fuu_px': np.complex128(0.04898505462280495+2.0135002830661225e-16j), 'Fuu_py': np.complex128(-1.9341794856737995e-16+0.0489850546228046j), 'Fdd_px': np.complex128(0.04898505462280501+1.8518047374599308e-16j), 'Fdd_py': np.complex128(-1.6901266619082761e-16+0.048985054622804544j)}, 'free': np.float64(-9309.10135237608)}]
------------------------------------------
====================================
mu=-0.24, T=0.0175
====================================
  Seed: normal state
  Seed uu: [0.+0.j 0.+0.j 0.+0.j 0.+0.j], Seed dd: [0.+0.j 0.+0.j 0.+0.j 0.+0.j]
F_onsite: 0j
F_swave: 0j, F_dwave: 0j
F_px: 0j, F_py: 0j
Free_energy = -9216.844401820432
------------------------------------------
[{'stable': {}, 'free': np.float64(-9216.844401820432)}]
------------------------------------------
  Seed: uu:px
  Seed uu: [ 6.73810472e-02+6.65150727e-16j -6.73810472e-02-6.50596160e-16j
  9.01765834e-19-5.07850515e-16j -4.88099427e-19+4.96065534e-16j], Seed dd: [0.+0.j 0.+0.j 0.+0.j 0.+0.j]
F_onsite: (4.5686684956539524e-26-5.894324253301744e-20j)
F_swave: (-7.612807149810029e-29-3.4362691771741866e-21j), F_dwave: (-4.5610555859756144e-26-3.100785098794915e-20j)
F_px: (4.206304212259672e-20+4.995380793254393e-34j), F_py: (8.642971135300125e-28+2.5717823991371527e-27j)
Free_energy = -9260.42917720731
------------------------------------------
[{'stable': {'Fuu_px': np.complex128(0.06729353575339768+6.041456408241989e-16j)}, 'free': np.float64(-9260.42917720731)}]
------------------------------------------
  Seed: uu:px+py
  Seed uu: [ 0.03339984-0.03579796j -0.03339984+0.03579796j  0.03583312+0.03343263j
 -0.03583312-0.03343263j], Seed dd: [0.+0.j 0.+0.j 0.+0.j 0.+0.j]
F_onsite: (-3.179010699720816e-20+1.172450166581474e-20j)
F_swave: (-1.8732137025330894e-21+6.845406028406806e-22j), F_dwave: (-2.4420156443930427e-20+4.207723497061937e-20j)
F_px: (7.241901820949677e-21-3.1618751756279996e-20j), F_py: (2.9258722424609714e-20+5.152432059123863e-20j)
Free_energy = -9262.880566727037
------------------------------------------
[{'stable': {'Fuu_px': np.complex128(0.033363831921269044-0.03575937266789586j), 'Fuu_py': np.complex128(0.03578576359214325+0.03338845490246649j)}, 'free': np.float64(-9262.880566727037)}]
------------------------------------------
  Seed: uu:px+ipy
  Seed uu: [ 4.89850546e-02+1.62536358e-16j -4.89850546e-02-1.54805118e-16j
 -1.56443041e-16+4.89850546e-02j  1.47534505e-16-4.89850546e-02j], Seed dd: [0.+0.j 0.+0.j 0.+0.j 0.+0.j]
F_onsite: (2.2728757472890035e-21-3.7029091943499223e-20j)
F_swave: (2.7849226412396374e-22-2.0236477059180587e-21j), F_dwave: (1.7222247983111848e-20+8.102654996923508e-21j)
F_px: (8.029908676210269e-20-3.099139420616517e-20j), F_py: (-1.9535540779260067e-20+9.291088406606051e-20j)
Free_energy = -9262.88189332366
------------------------------------------
[{'stable': {'Fuu_px': np.complex128(0.033363831921269044-0.03575937266789586j), 'Fuu_py': np.complex128(0.03578576359214325+0.03338845490246649j)}, 'free': np.float64(-9262.880566727037)}, {'stable': {'Fuu_px': np.complex128(0.0489254450084394+1.609119739555325e-16j), 'Fuu_py': np.complex128(-1.9051814450734466e-16+0.04892544500843872j)}, 'free': np.float64(-9262.88189332366)}]
------------------------------------------
  Seed: dd:px
  Seed uu: [0.+0.j 0.+0.j 0.+0.j 0.+0.j], Seed dd: [ 6.73810472e-02+7.67931611e-16j -6.73810472e-02-7.50896931e-16j
 -5.83618936e-19-4.24402576e-16j -5.56364989e-19+4.31291813e-16j]
F_onsite: (1.915578832282784e-20+7.166673442400502e-36j)
F_swave: (1.3561522853223864e-21+5.730534960258652e-37j), F_dwave: (-1.231205448356372e-20-2.7359631015388742e-36j)
F_px: (-1.504632769052528e-36-3.1280441669408436e-22j), F_py: (1.504632769052528e-36-4.233907562252487e-23j)
Free_energy = -9260.42917720731
------------------------------------------
[{'stable': {'Fuu_px': np.complex128(0.033363831921269044-0.03575937266789586j), 'Fuu_py': np.complex128(0.03578576359214325+0.03338845490246649j)}, 'free': np.float64(-9262.880566727037)}, {'stable': {'Fuu_px': np.complex128(0.0489254450084394+1.609119739555325e-16j), 'Fuu_py': np.complex128(-1.9051814450734466e-16+0.04892544500843872j)}, 'free': np.float64(-9262.88189332366)}]
------------------------------------------
  Seed: dd:px+py
  Seed uu: [0.+0.j 0.+0.j 0.+0.j 0.+0.j], Seed dd: [ 0.03408615-0.03514485j -0.03408615+0.03514485j  0.03517961+0.03411987j
 -0.03517961-0.03411987j]
F_onsite: (-2.8435395896633468e-21-4.5055903249828613e-23j)
F_swave: (-1.8020778079345353e-22-1.3374323955349572e-24j), F_dwave: (-6.804002931061366e-22-1.7568115892403682e-22j)
F_px: (6.276194739253876e-23-9.655838201388793e-22j), F_py: (1.4400201866492336e-23+4.297858379329403e-21j)
Free_energy = -9262.87970346135
------------------------------------------
[{'stable': {'Fuu_px': np.complex128(0.033363831921269044-0.03575937266789586j), 'Fuu_py': np.complex128(0.03578576359214325+0.03338845490246649j)}, 'free': np.float64(-9262.880566727037)}, {'stable': {'Fuu_px': np.complex128(0.0489254450084394+1.609119739555325e-16j), 'Fuu_py': np.complex128(-1.9051814450734466e-16+0.04892544500843872j)}, 'free': np.float64(-9262.88189332366)}, {'stable': {'Fdd_px': np.complex128(0.03404950720394305-0.035107062271558714j), 'Fdd_py': np.complex128(0.03513249219587948+0.03407417108452207j)}, 'free': np.float64(-9262.87970346135)}]
------------------------------------------
  Seed: dd:px+ipy
  Seed uu: [0.+0.j 0.+0.j 0.+0.j 0.+0.j], Seed dd: [ 4.89850546e-02+2.13010840e-16j -4.89850546e-02-1.98016398e-16j
 -2.02762959e-16+4.89850546e-02j  1.91412717e-16-4.89850546e-02j]
F_onsite: (4.694292897973022e-21+1.089018780809132e-21j)
F_swave: (3.8344035196081417e-22+7.926452026130929e-23j), F_dwave: (4.752469066103107e-21+2.651640717674356e-22j)
F_px: (5.489018601704809e-22-7.918109169435212e-22j), F_py: (-1.0871446149797108e-22+8.268596634590414e-21j)
Free_energy = -9262.88189332366
------------------------------------------
[{'stable': {'Fuu_px': np.complex128(0.033363831921269044-0.03575937266789586j), 'Fuu_py': np.complex128(0.03578576359214325+0.03338845490246649j)}, 'free': np.float64(-9262.880566727037)}, {'stable': {'Fuu_px': np.complex128(0.0489254450084394+1.609119739555325e-16j), 'Fuu_py': np.complex128(-1.9051814450734466e-16+0.04892544500843872j)}, 'free': np.float64(-9262.88189332366)}, {'stable': {'Fdd_px': np.complex128(0.03404950720394305-0.035107062271558714j), 'Fdd_py': np.complex128(0.03513249219587948+0.03407417108452207j)}, 'free': np.float64(-9262.87970346135)}, {'stable': {'Fdd_px': np.complex128(0.048925445008439414+1.8371559643816577e-16j), 'Fdd_py': np.complex128(-2.2517596661702225e-16+0.0489254450084387j)}, 'free': np.float64(-9262.88189332366)}]
------------------------------------------
  Seed: uu+dd:px
  Seed uu: [ 6.73810472e-02+8.08049473e-16j -6.73810472e-02-7.82016922e-16j
  2.48839089e-19-3.92779554e-16j -5.13917388e-19+3.98417829e-16j], Seed dd: [ 6.73810472e-02+7.36779645e-16j -6.73810472e-02-7.25221880e-16j
  4.51571131e-19-3.69502347e-16j -1.80219494e-19+3.61680051e-16j]
F_onsite: (8.337588113969942e-22+6.361545263580648e-20j)
F_swave: (8.46660178699278e-22+7.021682129157879e-21j), F_dwave: (6.6474961398268525e-21-4.7632406630845087e-20j)
F_px: (8.086294565436506e-21-3.987641222391794e-21j), F_py: (8.298160096414118e-20-1.106727449636238e-21j)
Free_energy = -9304.0139525942
------------------------------------------
[{'stable': {'Fuu_px': np.complex128(0.06729353575339767+7.13556807211698e-16j), 'Fdd_px': np.complex128(0.06729353575339767+6.776337164021695e-16j)}, 'free': np.float64(-9304.0139525942)}]
------------------------------------------
  Seed: uu+dd:px+py
  Seed uu: [ 0.03427623-0.03498686j -0.03427623+0.03498686j  0.03499354+0.03428278j
 -0.03499354-0.03428278j], Seed dd: [ 0.03284607+0.03630687j -0.03284607-0.03630687j  0.03634237-0.03287819j
 -0.03634237+0.03287819j]
F_onsite: (-7.10831721076376e-20+1.1152263640821986e-21j)
F_swave: (-5.3326565748453855e-21-1.6775359803892991e-21j), F_dwave: (-2.0148022573929386e-22+1.4447613067198452e-21j)
F_px: (-1.365316231767496e-20+4.8737579543320404e-20j), F_py: (2.459950417202061e-21-5.872373756901657e-20j)
Free_energy = -9308.916733122429
------------------------------------------
[{'stable': {'Fuu_px': np.complex128(0.03423591621194438-0.03494570653009341j), 'Fuu_py': np.complex128(0.03495072347869694+0.03424083126014601j), 'Fdd_px': np.complex128(0.0328106460539428+0.03626771218295393j), 'Fdd_py': np.complex128(0.03629436565855357-0.032834758899815165j)}, 'free': np.float64(-9308.916733122429)}]
------------------------------------------
  Seed: uu+dd:px+ipy
  Seed uu: [ 4.89850546e-02+2.12298485e-16j -4.89850546e-02-1.90401572e-16j
 -1.98953719e-16+4.89850546e-02j  1.87882178e-16-4.89850546e-02j], Seed dd: [ 4.89850546e-02+1.92155300e-16j -4.89850546e-02-1.78205647e-16j
 -1.73383621e-16+4.89850546e-02j  1.64641711e-16-4.89850546e-02j]
F_onsite: (1.5033843228743158e-20-1.7092087804272554e-21j)
F_swave: (1.242913277394626e-21-2.6978975519945556e-21j), F_dwave: (4.653587174626531e-20-9.88299538741965e-21j)
F_px: (1.0127524245797175e-21+2.4809226680098133e-20j), F_py: (1.8626022653791052e-20-3.2312659826711074e-20j)
Free_energy = -9308.91938482704
------------------------------------------
[{'stable': {'Fuu_px': np.complex128(0.03423591621194438-0.03494570653009341j), 'Fuu_py': np.complex128(0.03495072347869694+0.03424083126014601j), 'Fdd_px': np.complex128(0.0328106460539428+0.03626771218295393j), 'Fdd_py': np.complex128(0.03629436565855357-0.032834758899815165j)}, 'free': np.float64(-9308.916733122429)}, {'stable': {'Fuu_px': np.complex128(0.048925445008439414+1.964513323701752e-16j), 'Fuu_py': np.complex128(-2.3373237581282997e-16+0.048925445008438706j), 'Fdd_px': np.complex128(0.04892544500843941+1.7716789940699202e-16j), 'Fdd_py': np.complex128(-2.0752732047692966e-16+0.048925445008438706j)}, 'free': np.float64(-9308.91938482704)}]
------------------------------------------
====================================
mu=-0.24, T=0.0216
====================================
  Seed: normal state
  Seed uu: [0.+0.j 0.+0.j 0.+0.j 0.+0.j], Seed dd: [0.+0.j 0.+0.j 0.+0.j 0.+0.j]
F_onsite: 0j
F_swave: 0j, F_dwave: 0j
F_px: 0j, F_py: 0j
Free_energy = -9217.571656339804
------------------------------------------
[{'stable': {}, 'free': np.float64(-9217.571656339804)}]
------------------------------------------
  Seed: uu:px
  Seed uu: [ 6.72935358e-02+6.07499918e-16j -6.72935358e-02-6.00791364e-16j
  1.50091922e-18-8.15700352e-16j -1.48250618e-18+8.11596530e-16j], Seed dd: [0.+0.j 0.+0.j 0.+0.j 0.+0.j]
F_onsite: (-3.512167606485083e-25-7.084949614898452e-22j)
F_swave: (4.3775456046069395e-28-2.5810402749109084e-23j), F_dwave: (3.5077900777708275e-25+3.5148453319200564e-21j)
F_px: (1.4563525300300256e-19+1.3304715260346979e-33j), F_py: (-1.8631157985722122e-22-1.0981733878453457e-26j)
Free_energy = -9260.647490295141
------------------------------------------
[{'stable': {'Fuu_px': np.complex128(0.0671262011563845+6.144751017368467e-16j)}, 'free': np.float64(-9260.647490295141)}]
------------------------------------------
  Seed: uu:px+py
  Seed uu: [ 0.03336383-0.03575937j -0.03336383+0.03575937j  0.03578576+0.03338845j
 -0.03578576-0.03338845j], Seed dd: [0.+0.j 0.+0.j 0.+0.j 0.+0.j]
F_onsite: (3.9405275935429564e-20+3.8870320834603915e-21j)
F_swave: (2.1305286204589095e-21+1.9552363930581705e-22j), F_dwave: (-1.8387401873207954e-20-5.0232917781980535e-20j)
F_px: (-1.6545189557137194e-20-1.608303082265556e-20j), F_py: (-1.5439935013415153e-20+1.3404241565213154e-20j)
Free_energy = -9263.045510182781
------------------------------------------
[{'stable': {'Fuu_px': np.complex128(0.03327590671797537-0.0356651343885847j), 'Fuu_py': np.complex128(0.03568428906587885+0.03329377821252533j)}, 'free': np.float64(-9263.045510182781)}]
------------------------------------------
  Seed: uu:px+ipy
  Seed uu: [ 4.89254450e-02+1.67077990e-16j -4.89254450e-02-1.54745958e-16j
 -1.95152632e-16+4.89254450e-02j  1.85883657e-16-4.89254450e-02j], Seed dd: [0.+0.j 0.+0.j 0.+0.j 0.+0.j]
F_onsite: (2.824656512125992e-20+4.7386122400211974e-21j)
F_swave: (1.4955853327452476e-21+2.792072186259234e-22j), F_dwave: (5.959062838395014e-20+7.810762547764703e-21j)
F_px: (-4.842736971663164e-20-4.013418086949706e-20j), F_py: (-2.978662143490107e-20-3.048763841941145e-20j)
Free_energy = -9263.04695004643
------------------------------------------
[{'stable': {'Fuu_px': np.complex128(0.03327590671797537-0.0356651343885847j), 'Fuu_py': np.complex128(0.03568428906587885+0.03329377821252533j)}, 'free': np.float64(-9263.045510182781)}, {'stable': {'Fuu_px': np.complex128(0.04879166142771062+2.0027495820808933e-16j), 'Fuu_py': np.complex128(-2.2119700287751557e-16+0.048791661427710645j)}, 'free': np.float64(-9263.04695004643)}]
------------------------------------------
  Seed: dd:px
  Seed uu: [0.+0.j 0.+0.j 0.+0.j 0.+0.j], Seed dd: [ 6.72935358e-02+6.91247124e-16j -6.72935358e-02-6.82222888e-16j
  1.27905284e-19-6.79487977e-16j  1.26851125e-18+6.86897186e-16j]
F_onsite: (1.95310036707455e-20-5.249357831921032e-35j)
F_swave: (1.3695357145739446e-21-3.197344634236622e-36j), F_dwave: (1.4134555478068603e-20-4.7207853129023066e-35j)
F_px: 2.029671019159583e-21j, F_py: (1.6550960459577808e-35+1.1974686955595604e-21j)
Free_energy = -9260.647490295141
------------------------------------------
[{'stable': {'Fuu_px': np.complex128(0.03327590671797537-0.0356651343885847j), 'Fuu_py': np.complex128(0.03568428906587885+0.03329377821252533j)}, 'free': np.float64(-9263.045510182781)}, {'stable': {'Fuu_px': np.complex128(0.04879166142771062+2.0027495820808933e-16j), 'Fuu_py': np.complex128(-2.2119700287751557e-16+0.048791661427710645j)}, 'free': np.float64(-9263.04695004643)}]
------------------------------------------
  Seed: dd:px+py
  Seed uu: [0.+0.j 0.+0.j 0.+0.j 0.+0.j], Seed dd: [ 0.03404951-0.03510706j -0.03404951+0.03510706j  0.03513249+0.03407417j
 -0.03513249-0.03407417j]
F_onsite: (-7.678779846802841e-21-3.7917372357239044e-22j)
F_swave: (-4.82454939881956e-22-2.1597677183164326e-23j), F_dwave: (-1.2620973184239382e-20-1.2282341937279744e-23j)
F_px: (-5.413703721698156e-22-4.088544781391486e-21j), F_py: (1.0066342887009589e-22-1.4556601485900118e-21j)
Free_energy = -9263.045500978526
------------------------------------------
[{'stable': {'Fuu_px': np.complex128(0.03327590671797537-0.0356651343885847j), 'Fuu_py': np.complex128(0.03568428906587885+0.03329377821252533j)}, 'free': np.float64(-9263.045510182781)}, {'stable': {'Fuu_px': np.complex128(0.04879166142771062+2.0027495820808933e-16j), 'Fuu_py': np.complex128(-2.2119700287751557e-16+0.048791661427710645j)}, 'free': np.float64(-9263.04695004643)}, {'stable': {'Fdd_px': np.complex128(0.03395996412939619-0.03501473804861838j), 'Fdd_py': np.complex128(0.03503319537310021+0.03397786545073292j)}, 'free': np.float64(-9263.045500978526)}]
------------------------------------------
  Seed: dd:px+ipy
  Seed uu: [0.+0.j 0.+0.j 0.+0.j 0.+0.j], Seed dd: [ 4.89254450e-02+1.83015921e-16j -4.89254450e-02-1.84415272e-16j
 -2.30455722e-16+4.89254450e-02j  2.19896212e-16-4.89254450e-02j]
F_onsite: (6.949219238660654e-21-2.9968663521304693e-22j)
F_swave: (5.396512907513811e-22-2.6727670061482964e-23j), F_dwave: (4.070701047134653e-21-2.1207618309199697e-23j)
F_px: (-1.125650174959172e-22+4.5782234596320564e-21j), F_py: (7.418892349484743e-23-4.342230199322071e-21j)
Free_energy = -9263.046950046428
------------------------------------------
[{'stable': {'Fuu_px': np.complex128(0.03327590671797537-0.0356651343885847j), 'Fuu_py': np.complex128(0.03568428906587885+0.03329377821252533j)}, 'free': np.float64(-9263.045510182781)}, {'stable': {'Fuu_px': np.complex128(0.04879166142771062+2.0027495820808933e-16j), 'Fuu_py': np.complex128(-2.2119700287751557e-16+0.048791661427710645j)}, 'free': np.float64(-9263.04695004643)}, {'stable': {'Fdd_px': np.complex128(0.03395996412939619-0.03501473804861838j), 'Fdd_py': np.complex128(0.03503319537310021+0.03397786545073292j)}, 'free': np.float64(-9263.045500978526)}, {'stable': {'Fdd_px': np.complex128(0.04879166142771062+2.0858674693570797e-16j), 'Fdd_py': np.complex128(-2.3272125670182475e-16+0.048791661427710645j)}, 'free': np.float64(-9263.046950046428)}]
------------------------------------------
  Seed: uu+dd:px
  Seed uu: [ 6.72935358e-02+7.18173931e-16j -6.72935358e-02-7.08939684e-16j
  6.05383712e-19-6.22035109e-16j  3.61424988e-19+6.24582031e-16j], Seed dd: [ 6.72935358e-02+6.81246894e-16j -6.72935358e-02-6.74020539e-16j
 -6.05926342e-19-6.08769991e-16j -9.39419096e-19+6.10547595e-16j]
F_onsite: (-1.1833700770431971e-20-1.3384732594807169e-20j)
F_swave: (-2.105350686457807e-22-2.5975268874397345e-21j), F_dwave: (-4.105288427769011e-21+1.829003960751191e-20j)
F_px: (6.6822962146515125e-21-1.080662324712348e-20j), F_py: (6.503287010676487e-21+3.403931480097425e-21j)
Free_energy = -9303.723324250546
------------------------------------------
[{'stable': {'Fuu_px': np.complex128(0.06712620115638449+7.653273021292033e-16j), 'Fdd_px': np.complex128(0.06712620115638449+7.012223134337809e-16j)}, 'free': np.float64(-9303.723324250546)}]
------------------------------------------
  Seed: uu+dd:px+py
  Seed uu: [ 0.03423592-0.03494571j -0.03423592+0.03494571j  0.03495072+0.03424083j
 -0.03495072-0.03424083j], Seed dd: [ 0.03281065+0.03626771j -0.03281065-0.03626771j  0.03629437-0.03283476j
 -0.03629437+0.03283476j]
F_onsite: (-2.9802489610695647e-20+8.018300144552605e-21j)
F_swave: (-2.3465218908021417e-21-2.959573216809512e-21j), F_dwave: (1.5618077023123797e-21-1.7528570849083947e-20j)
F_px: (-8.645773835882524e-21+5.48694928186629e-20j), F_py: (-7.480325576812407e-21-4.9741675789374094e-20j)
Free_energy = -9308.51936481171
------------------------------------------
[{'stable': {'Fuu_px': np.complex128(0.03414292916139802-0.034850791641314355j), 'Fuu_py': np.complex128(0.034854432969734284+0.034146496529955106j), 'Fdd_px': np.complex128(0.03272416484770339+0.036172118957146726j), 'Fdd_py': np.complex128(0.03619146419563421-0.032741666083227795j)}, 'free': np.float64(-9308.51936481171)}]
------------------------------------------
  Seed: uu+dd:px+ipy
  Seed uu: [ 4.89254450e-02+2.00077441e-16j -4.89254450e-02-1.92825224e-16j
 -2.38857441e-16+4.89254450e-02j  2.28607310e-16-4.89254450e-02j], Seed dd: [ 4.89254450e-02+1.84144910e-16j -4.89254450e-02-1.70190889e-16j
 -2.13019813e-16+4.89254450e-02j  2.02034828e-16-4.89254450e-02j]
F_onsite: (-1.0479510024677321e-19-5.3558116066917517e-20j)
F_swave: (-7.990250411439285e-21+1.4093540309437025e-22j), F_dwave: (-6.508745085304996e-20+1.61826979527092e-21j)
F_px: (-1.4025285635778926e-20+3.631252362391689e-20j), F_py: (4.4912142135958106e-20+8.002465239618818e-21j)
Free_energy = -9308.522243753114
------------------------------------------
[{'stable': {'Fuu_px': np.complex128(0.03414292916139802-0.034850791641314355j), 'Fuu_py': np.complex128(0.034854432969734284+0.034146496529955106j), 'Fdd_px': np.complex128(0.03272416484770339+0.036172118957146726j), 'Fdd_py': np.complex128(0.03619146419563421-0.032741666083227795j)}, 'free': np.float64(-9308.51936481171)}, {'stable': {'Fuu_px': np.complex128(0.0487916614277106+2.2246305243586473e-16j), 'Fuu_py': np.complex128(-2.425246042751092e-16+0.04879166142771063j), 'Fdd_px': np.complex128(0.04879166142771063+1.905546330985256e-16j), 'Fdd_py': np.complex128(-2.2189367424174243e-16+0.04879166142771061j)}, 'free': np.float64(-9308.522243753114)}]
------------------------------------------
====================================
mu=-0.24, T=0.0258
====================================
  Seed: normal state
  Seed uu: [0.+0.j 0.+0.j 0.+0.j 0.+0.j], Seed dd: [0.+0.j 0.+0.j 0.+0.j 0.+0.j]
F_onsite: 0j
F_swave: 0j, F_dwave: 0j
F_px: 0j, F_py: 0j
Free_energy = -9218.413438447107
------------------------------------------
[{'stable': {}, 'free': np.float64(-9218.413438447107)}]
------------------------------------------
  Seed: uu:px
  Seed uu: [ 6.71262012e-02+6.25512762e-16j -6.71262012e-02-6.03437442e-16j
  1.09616982e-18-1.24767572e-15j -1.47363550e-18+1.23334890e-15j], Seed dd: [0.+0.j 0.+0.j 0.+0.j 0.+0.j]
F_onsite: (-1.1044800465439117e-24-7.337693243023772e-21j)
F_swave: (6.576422634887546e-27-4.0777361074316564e-22j), F_dwave: (1.0979036243062514e-24-3.2589890801492247e-21j)
F_px: (3.399331085877296e-20+5.002903957099656e-34j), F_py: (5.707775218056488e-27-1.9770081393227916e-25j)
Free_energy = -9260.816556327627
------------------------------------------
[{'stable': {'Fuu_px': np.complex128(0.06684183881839216+9.118445202464104e-16j)}, 'free': np.float64(-9260.816556327627)}]
------------------------------------------
  Seed: uu:px+py
  Seed uu: [ 0.03327591-0.03566513j -0.03327591+0.03566513j  0.03568429+0.03329378j
 -0.03568429-0.03329378j], Seed dd: [0.+0.j 0.+0.j 0.+0.j 0.+0.j]
F_onsite: (8.270887269974428e-20+8.761265880504179e-21j)
F_swave: (4.648155324734953e-21+5.839928644557796e-22j), F_dwave: (1.1591630923972728e-20+2.1510465925289614e-20j)
F_px: (-7.48683527809723e-21-3.750565677074782e-20j), F_py: (4.398817357490352e-21+5.271412680529682e-20j)
Free_energy = -9263.127909394494
------------------------------------------
[{'stable': {'Fuu_px': np.complex128(0.03311905962721511-0.03549702559389916j), 'Fuu_py': np.complex128(0.03551060242533319+0.03313172693897684j)}, 'free': np.float64(-9263.127909394494)}]
------------------------------------------
  Seed: uu:px+ipy
  Seed uu: [ 4.87916614e-02+2.04339234e-16j -4.87916614e-02-1.96210682e-16j
 -2.25815887e-16+4.87916614e-02j  2.16578119e-16-4.87916614e-02j], Seed dd: [0.+0.j 0.+0.j 0.+0.j 0.+0.j]
F_onsite: (-1.7578828809714988e-20+1.6540418323029366e-20j)
F_swave: (-1.1296198918220432e-21+9.780881969041399e-22j), F_dwave: (-2.643794916136192e-20+2.3576026416303502e-20j)
F_px: (1.2977281629741731e-20+5.525440643474394e-20j), F_py: (6.116773414512393e-20+5.234080192459627e-20j)
Free_energy = -9263.1292391626
------------------------------------------
[{'stable': {'Fuu_px': np.complex128(0.03311905962721511-0.03549702559389916j), 'Fuu_py': np.complex128(0.03551060242533319+0.03313172693897684j)}, 'free': np.float64(-9263.127909394494)}, {'stable': {'Fuu_px': np.complex128(0.048557889417172706+2.90619492362233e-16j), 'Fuu_py': np.complex128(-2.7626424266996314e-16+0.04855788941717282j)}, 'free': np.float64(-9263.1292391626)}]
------------------------------------------
  Seed: dd:px
  Seed uu: [0.+0.j 0.+0.j 0.+0.j 0.+0.j], Seed dd: [ 6.71262012e-02+7.26311006e-16j -6.71262012e-02-7.11691323e-16j
 -1.48140438e-18-1.09838288e-15j -5.82391400e-19+1.08271775e-15j]
F_onsite: (1.1081664527188092e-21-1.7054645970419746e-35j)
F_swave: (8.882844751083148e-23-1.8572579371099452e-36j), F_dwave: (-3.0716926676603325e-21-6.418222292678959e-36j)
F_px: (-7.52316384526264e-36+2.2468992173350394e-21j), F_py: (9.968192094972998e-36-9.361755644738001e-30j)
Free_energy = -9260.816556327627
------------------------------------------
[{'stable': {'Fuu_px': np.complex128(0.03311905962721511-0.03549702559389916j), 'Fuu_py': np.complex128(0.03551060242533319+0.03313172693897684j)}, 'free': np.float64(-9263.127909394494)}, {'stable': {'Fuu_px': np.complex128(0.048557889417172706+2.90619492362233e-16j), 'Fuu_py': np.complex128(-2.7626424266996314e-16+0.04855788941717282j)}, 'free': np.float64(-9263.1292391626)}]
------------------------------------------
  Seed: dd:px+py
  Seed uu: [0.+0.j 0.+0.j 0.+0.j 0.+0.j], Seed dd: [ 0.03395996-0.03501474j -0.03395996+0.03501474j  0.0350332 +0.03397787j
 -0.0350332 -0.03397787j]
F_onsite: (-1.528107593277718e-20+1.688818861530376e-22j)
F_swave: (-1.0662442984042744e-21+9.961561792243183e-24j), F_dwave: (-6.927698452232017e-21+3.007358651861285e-22j)
F_px: (9.268535003318133e-23-1.0718368772184051e-20j), F_py: (-3.718954654675275e-24-6.3201536207265745e-21j)
Free_energy = -9263.12790935482
------------------------------------------
[{'stable': {'Fuu_px': np.complex128(0.03311905962721511-0.03549702559389916j), 'Fuu_py': np.complex128(0.03551060242533319+0.03313172693897684j)}, 'free': np.float64(-9263.127909394494)}, {'stable': {'Fuu_px': np.complex128(0.048557889417172706+2.90619492362233e-16j), 'Fuu_py': np.complex128(-2.7626424266996314e-16+0.04855788941717282j)}, 'free': np.float64(-9263.1292391626)}, {'stable': {'Fdd_px': np.complex128(0.033799847070316524-0.03484964786008252j), 'Fdd_py': np.complex128(0.034862730409090964+0.03381253552437358j)}, 'free': np.float64(-9263.12790935482)}]
------------------------------------------
  Seed: dd:px+ipy
  Seed uu: [0.+0.j 0.+0.j 0.+0.j 0.+0.j], Seed dd: [ 4.87916614e-02+2.09747539e-16j -4.87916614e-02-2.07425954e-16j
 -2.36910748e-16+4.87916614e-02j  2.28531766e-16-4.87916614e-02j]
F_onsite: (6.393345634728367e-21-1.2146662243075107e-21j)
F_swave: (3.133769100101738e-22-8.9772669564027e-23j), F_dwave: (5.528625571717042e-21-1.1519208376147275e-21j)
F_px: (-5.205392837465874e-22+3.3411789442415826e-21j), F_py: (-3.7105293544257707e-22+2.7390320472409323e-21j)
Free_energy = -9263.1292391626
------------------------------------------
[{'stable': {'Fuu_px': np.complex128(0.03311905962721511-0.03549702559389916j), 'Fuu_py': np.complex128(0.03551060242533319+0.03313172693897684j)}, 'free': np.float64(-9263.127909394494)}, {'stable': {'Fuu_px': np.complex128(0.048557889417172706+2.90619492362233e-16j), 'Fuu_py': np.complex128(-2.7626424266996314e-16+0.04855788941717282j)}, 'free': np.float64(-9263.1292391626)}, {'stable': {'Fdd_px': np.complex128(0.033799847070316524-0.03484964786008252j), 'Fdd_py': np.complex128(0.034862730409090964+0.03381253552437358j)}, 'free': np.float64(-9263.12790935482)}, {'stable': {'Fdd_px': np.complex128(0.048557889417172734+2.93530546078599e-16j), 'Fdd_py': np.complex128(-2.8110977405407017e-16+0.04855788941717279j)}, 'free': np.float64(-9263.1292391626)}]
------------------------------------------
  Seed: uu+dd:px
  Seed uu: [ 6.71262012e-02+7.73733257e-16j -6.71262012e-02-7.56921347e-16j
  1.71624757e-18-1.01439173e-15j  5.67958752e-19+1.00580091e-15j], Seed dd: [ 6.71262012e-02+7.04489637e-16j -6.71262012e-02-6.97954990e-16j
  1.48692994e-18-1.01413185e-15j  4.49585898e-19+1.01474695e-15j]
F_onsite: (-7.291201115604954e-21-3.40126355914824e-20j)
F_swave: (-9.373010751331592e-22+1.3530164633759898e-21j), F_dwave: (3.441114752351392e-21-3.3859436931460095e-20j)
F_px: (1.0188059907608079e-20+1.1273267629916754e-20j), F_py: (-4.3554905352511014e-20-1.1294618253856982e-20j)
Free_energy = -9303.219674208329
------------------------------------------
[{'stable': {'Fuu_px': np.complex128(0.06684183881839208+1.001447477055233e-15j), 'Fdd_px': np.complex128(0.0668418388183921+9.410153555680032e-16j)}, 'free': np.float64(-9303.219674208329)}]
------------------------------------------
  Seed: uu+dd:px+py
  Seed uu: [ 0.03414293-0.03485079j -0.03414293+0.03485079j  0.03485443+0.0341465j
 -0.03485443-0.0341465j ], Seed dd: [ 0.03272416+0.03617212j -0.03272416-0.03617212j  0.03619146-0.03274167j
 -0.03619146+0.03274167j]
F_onsite: (-3.813809876923727e-20+2.752947057418037e-20j)
F_swave: (-1.319979327742176e-21+1.866367220460218e-21j), F_dwave: (7.069570131683795e-21+7.080140337993842e-21j)
F_px: (-1.3954328535123513e-20-1.19797335236179e-19j), F_py: (-7.591097672977153e-21+1.0075411880520298e-19j)
Free_energy = -9307.842380730845
------------------------------------------
[{'stable': {'Fuu_px': np.complex128(0.033979879505418274-0.034684361586034974j), 'Fuu_py': np.complex128(0.03468694255875042+0.0339824080554009j), 'Fdd_px': np.complex128(0.03256990781667801+0.03600160876377187j), 'Fdd_py': np.complex128(0.03601532066493571-0.03258231268891112j)}, 'free': np.float64(-9307.842380730845)}]
------------------------------------------
  Seed: uu+dd:px+ipy
  Seed uu: [ 4.87916614e-02+2.24781951e-16j -4.87916614e-02-2.20144154e-16j
 -2.47013627e-16+4.87916614e-02j  2.38035581e-16-4.87916614e-02j], Seed dd: [ 4.87916614e-02+1.96382048e-16j -4.87916614e-02-1.84727218e-16j
 -2.26302534e-16+4.87916614e-02j  2.17484815e-16-4.87916614e-02j]
F_onsite: (1.3585841236669312e-20-1.1804292321777135e-20j)
F_swave: (2.7291717840708853e-21+2.2387436014227e-21j), F_dwave: (-1.9946804189546878e-20+3.735285429050932e-20j)
F_px: (-4.894426348452126e-20+7.141094849261734e-20j), F_py: (5.61313674163271e-20-5.3868787091278683e-20j)
Free_energy = -9307.845039878148
------------------------------------------
[{'stable': {'Fuu_px': np.complex128(0.033979879505418274-0.034684361586034974j), 'Fuu_py': np.complex128(0.03468694255875042+0.0339824080554009j), 'Fdd_px': np.complex128(0.03256990781667801+0.03600160876377187j), 'Fdd_py': np.complex128(0.03601532066493571-0.03258231268891112j)}, 'free': np.float64(-9307.842380730845)}, {'stable': {'Fuu_px': np.complex128(0.04855788941717269+2.9417643517066003e-16j), 'Fuu_py': np.complex128(-2.913991729552908e-16+0.04855788941717282j), 'Fdd_px': np.complex128(0.048557889417172706+3.033931991930811e-16j), 'Fdd_py': np.complex128(-2.8667361584722845e-16+0.0485578894171728j)}, 'free': np.float64(-9307.845039878148)}]
------------------------------------------
====================================
mu=-0.24, T=0.0299
====================================
  Seed: normal state
  Seed uu: [0.+0.j 0.+0.j 0.+0.j 0.+0.j], Seed dd: [0.+0.j 0.+0.j 0.+0.j 0.+0.j]
F_onsite: 0j
F_swave: 0j, F_dwave: 0j
F_px: 0j, F_py: 0j
Free_energy = -9219.373935683534
------------------------------------------
[{'stable': {}, 'free': np.float64(-9219.373935683534)}]
------------------------------------------
  Seed: uu:px
  Seed uu: [ 6.68418388e-02+9.17459555e-16j -6.68418388e-02-9.06229486e-16j
 -2.00970478e-18-1.75292193e-15j  1.43147245e-18+1.75601624e-15j], Seed dd: [0.+0.j 0.+0.j 0.+0.j 0.+0.j]
F_onsite: (1.9716494258756178e-24+3.6563916603319623e-20j)
F_swave: (-2.92728142348024e-26+2.2642735548446523e-21j), F_dwave: (-1.942376613341707e-24+5.790521439866696e-20j)
F_px: (1.0341869760901496e-19+2.6481536735324493e-33j), F_py: (1.6524586032411383e-26-3.077174317009985e-25j)
Free_energy = -9260.905766895892
------------------------------------------
[{'stable': {'Fuu_px': np.complex128(0.06640286903270318+1.1558793975013638e-15j)}, 'free': np.float64(-9260.905766895892)}]
------------------------------------------
  Seed: uu:px+py
  Seed uu: [ 0.03311906-0.03549703j -0.03311906+0.03549703j  0.0355106 +0.03313173j
 -0.0355106 -0.03313173j], Seed dd: [0.+0.j 0.+0.j 0.+0.j 0.+0.j]
F_onsite: (5.71003423235398e-20+5.1000790387359175e-21j)
F_swave: (3.0426505737824e-21+3.3463560842697057e-22j), F_dwave: (-2.4882786256514378e-20-4.6080906996132085e-21j)
F_px: (7.861899402358767e-20-7.44382603067525e-20j), F_py: (8.722459445394669e-20+6.682655344681608e-20j)
Free_energy = -9263.110833972369
------------------------------------------
[{'stable': {'Fuu_px': np.complex128(0.03287996262797327-0.035240761303878966j), 'Fuu_py': np.complex128(0.03525044088769319+0.03288899377095328j)}, 'free': np.float64(-9263.110833972369)}]
------------------------------------------
  Seed: uu:px+ipy
  Seed uu: [ 4.85578894e-02+2.95432704e-16j -4.85578894e-02-2.85806281e-16j
 -2.80085261e-16+4.85578894e-02j  2.72443224e-16-4.85578894e-02j], Seed dd: [0.+0.j 0.+0.j 0.+0.j 0.+0.j]
F_onsite: (3.619797598029912e-20+7.46445432454391e-20j)
F_swave: (1.833244271684273e-21+4.063963607887395e-21j), F_dwave: (2.786546103724006e-20+2.4655835138436153e-20j)
F_px: (-7.175205823491698e-21+2.2961285245412216e-20j), F_py: (3.6165842554992917e-20-6.074823261133872e-20j)
Free_energy = -9263.112409636147
------------------------------------------
[{'stable': {'Fuu_px': np.complex128(0.03287996262797327-0.035240761303878966j), 'Fuu_py': np.complex128(0.03525044088769319+0.03288899377095328j)}, 'free': np.float64(-9263.110833972369)}, {'stable': {'Fuu_px': np.complex128(0.04820485875191505+4.250818566881251e-16j), 'Fuu_py': np.complex128(-4.28555803502611e-16+0.04820485875191552j)}, 'free': np.float64(-9263.112409636147)}]
------------------------------------------
  Seed: dd:px
  Seed uu: [0.+0.j 0.+0.j 0.+0.j 0.+0.j], Seed dd: [ 6.68418388e-02+1.01117295e-15j -6.68418388e-02-9.97916461e-16j
 -9.66378566e-19-1.63849852e-15j  7.73003591e-19+1.63304066e-15j]
F_onsite: (4.577179658118155e-20+3.3474012919554625e-35j)
F_swave: (3.4343695806265176e-21+2.3572808275622677e-36j), F_dwave: (-3.76654273709975e-21-7.768295882825445e-35j)
F_px: (-8.769187857134265e-36+7.218358470197863e-22j), F_py: (3.009265538105056e-36+1.3174531096526996e-34j)
Free_energy = -9260.907326946062
------------------------------------------
[{'stable': {'Fuu_px': np.complex128(0.03287996262797327-0.035240761303878966j), 'Fuu_py': np.complex128(0.03525044088769319+0.03288899377095328j)}, 'free': np.float64(-9263.110833972369)}, {'stable': {'Fuu_px': np.complex128(0.04820485875191505+4.250818566881251e-16j), 'Fuu_py': np.complex128(-4.28555803502611e-16+0.04820485875191552j)}, 'free': np.float64(-9263.112409636147)}]
------------------------------------------
  Seed: dd:px+py
  Seed uu: [0.+0.j 0.+0.j 0.+0.j 0.+0.j], Seed dd: [ 0.03379985-0.03484965j -0.03379985+0.03484965j  0.03486273+0.03381254j
 -0.03486273-0.03381254j]
F_onsite: (3.917378934835928e-21-4.51640371394497e-22j)
F_swave: (3.8792032928005603e-22-3.431240306808325e-23j), F_dwave: (1.394108669060787e-21-3.8957655754208643e-22j)
F_px: (1.2721085812846637e-22+9.916710934293243e-21j), F_py: (6.065691230110884e-22-7.608672500692094e-21j)
Free_energy = -9263.110833979443
------------------------------------------
[{'stable': {'Fuu_px': np.complex128(0.03287996262797327-0.035240761303878966j), 'Fuu_py': np.complex128(0.03525044088769319+0.03288899377095328j)}, 'free': np.float64(-9263.110833972369)}, {'stable': {'Fuu_px': np.complex128(0.04820485875191505+4.250818566881251e-16j), 'Fuu_py': np.complex128(-4.28555803502611e-16+0.04820485875191552j)}, 'free': np.float64(-9263.112409636147)}, {'stable': {'Fdd_px': np.complex128(0.033555801785540254-0.03459802269093075j), 'Fdd_py': np.complex128(0.03460734987674581+0.03356484800188707j)}, 'free': np.float64(-9263.110833979443)}]
------------------------------------------
  Seed: dd:px+ipy
  Seed uu: [0.+0.j 0.+0.j 0.+0.j 0.+0.j], Seed dd: [ 4.85578894e-02+3.00177571e-16j -4.85578894e-02-2.86883521e-16j
 -2.85991675e-16+4.85578894e-02j  2.76227873e-16-4.85578894e-02j]
F_onsite: (7.59908248766345e-21+2.2548810414492798e-21j)
F_swave: (7.1317214157775835e-22+1.7205202686511853e-22j), F_dwave: (7.110398361965718e-21+7.526344113774111e-22j)
F_px: (-1.2551115874451117e-22-9.141582706493824e-21j), F_py: (5.84152517763489e-23-1.5288267448727404e-20j)
Free_energy = -9263.112409636147
------------------------------------------
[{'stable': {'Fuu_px': np.complex128(0.03287996262797327-0.035240761303878966j), 'Fuu_py': np.complex128(0.03525044088769319+0.03288899377095328j)}, 'free': np.float64(-9263.110833972369)}, {'stable': {'Fuu_px': np.complex128(0.04820485875191505+4.250818566881251e-16j), 'Fuu_py': np.complex128(-4.28555803502611e-16+0.04820485875191552j)}, 'free': np.float64(-9263.112409636147)}, {'stable': {'Fdd_px': np.complex128(0.033555801785540254-0.03459802269093075j), 'Fdd_py': np.complex128(0.03460734987674581+0.03356484800188707j)}, 'free': np.float64(-9263.110833979443)}, {'stable': {'Fdd_px': np.complex128(0.04820485875191503+4.099756990532245e-16j), 'Fdd_py': np.complex128(-4.1763674148422524e-16+0.04820485875191552j)}, 'free': np.float64(-9263.112409636147)}]
------------------------------------------
  Seed: uu+dd:px
  Seed uu: [ 6.68418388e-02+1.00923986e-15j -6.68418388e-02-9.93655092e-16j
 -6.19161232e-19-1.49220608e-15j  1.02995236e-18+1.48261550e-15j], Seed dd: [ 6.68418388e-02+9.43754369e-16j -6.68418388e-02-9.38276342e-16j
 -1.79939907e-18-1.52373127e-15j  1.76426706e-18+1.51423349e-15j]
F_onsite: (-3.3799706344339425e-21+1.6829543212530143e-20j)
F_swave: (-2.7531146526638394e-22-2.5082172869882506e-21j), F_dwave: (3.692562118967967e-21-1.5112488193549966e-21j)
F_px: (-5.844589738980058e-20+1.7901550150900008e-20j), F_py: (2.4984889603360227e-20+5.0071129307876476e-21j)
Free_energy = -9302.438898751165
------------------------------------------
[{'stable': {'Fuu_px': np.complex128(0.06640328401347673+1.2000729180078833e-15j), 'Fdd_px': np.complex128(0.06640328401347667+1.0640623230381981e-15j)}, 'free': np.float64(-9302.438898751165)}]
------------------------------------------
  Seed: uu+dd:px+py
  Seed uu: [ 0.03397988-0.03468436j -0.03397988+0.03468436j  0.03468694+0.03398241j
 -0.03468694-0.03398241j], Seed dd: [ 0.03256991+0.03600161j -0.03256991-0.03600161j  0.03601532-0.03258231j
 -0.03601532+0.03258231j]
F_onsite: (8.497176751546103e-21-2.7617466134580156e-20j)
F_swave: (1.954191847119564e-21-2.682329050350046e-21j), F_dwave: (-1.011412716895065e-20-1.429186919276033e-20j)
F_px: (-6.730364247772573e-21-5.952085836854025e-21j), F_py: (2.268841537434064e-21-2.228558215686271e-22j)
Free_energy = -9306.847732453467
------------------------------------------
[{'stable': {'Fuu_px': np.complex128(0.03373310325483227-0.03443246908874659j), 'Fuu_py': np.complex128(0.03443430918974205+0.033734905981111285j), 'Fdd_px': np.complex128(0.03233476798525229+0.035741693621751856j), 'Fdd_py': np.complex128(0.035751469503347705-0.03234361202232023j)}, 'free': np.float64(-9306.847732453467)}]
------------------------------------------
  Seed: uu+dd:px+ipy
  Seed uu: [ 4.85578894e-02+3.01552676e-16j -4.85578894e-02-2.86800194e-16j
 -2.94923558e-16+4.85578894e-02j  2.87874788e-16-4.85578894e-02j], Seed dd: [ 4.85578894e-02+3.09865140e-16j -4.85578894e-02-2.96921259e-16j
 -2.91352441e-16+4.85578894e-02j  2.81994791e-16-4.85578894e-02j]
F_onsite: (5.197601637542315e-20-6.853031300485795e-20j)
F_swave: (4.278813179693101e-21-4.79163154163241e-21j), F_dwave: (3.9510703786871204e-20+2.4594293445193092e-20j)
F_px: (-2.5878215557142768e-20+3.2879900073435673e-20j), F_py: (1.4063567569886064e-20-1.0556012957434888e-20j)
Free_energy = -9306.850883588737
------------------------------------------
[{'stable': {'Fuu_px': np.complex128(0.03373310325483227-0.03443246908874659j), 'Fuu_py': np.complex128(0.03443430918974205+0.033734905981111285j), 'Fdd_px': np.complex128(0.03233476798525229+0.035741693621751856j), 'Fdd_py': np.complex128(0.035751469503347705-0.03234361202232023j)}, 'free': np.float64(-9306.847732453467)}, {'stable': {'Fuu_px': np.complex128(0.04820485875191512+4.1575402547049535e-16j), 'Fuu_py': np.complex128(-4.1807494868553133e-16+0.048204858751915505j), 'Fdd_px': np.complex128(0.04820485875191505+4.501529466658887e-16j), 'Fdd_py': np.complex128(-4.493452345762328e-16+0.04820485875191552j)}, 'free': np.float64(-9306.850883588737)}]
------------------------------------------
====================================
mu=-0.24, T=0.0340
====================================
  Seed: normal state
  Seed uu: [0.+0.j 0.+0.j 0.+0.j 0.+0.j], Seed dd: [0.+0.j 0.+0.j 0.+0.j 0.+0.j]
F_onsite: 0j
F_swave: 0j, F_dwave: 0j
F_px: 0j, F_py: 0j
Free_energy = -9220.4578720551
------------------------------------------
[{'stable': {}, 'free': np.float64(-9220.4578720551)}]
------------------------------------------
  Seed: uu:px
  Seed uu: [ 6.64028690e-02+1.15163182e-15j -6.64028690e-02-1.16012698e-15j
 -9.43468972e-19-2.81275305e-15j  8.52694171e-19+2.80897735e-15j], Seed dd: [0.+0.j 0.+0.j 0.+0.j 0.+0.j]
F_onsite: (-2.249862924938071e-23+1.061076013361696e-20j)
F_swave: (1.7290671175616417e-25+4.698413934097694e-22j), F_dwave: (2.2325722541158772e-23-6.188153101244906e-21j)
F_px: (4.791980855428546e-20+6.808463279962689e-34j), F_py: (3.1647307082430863e-22+3.0613250286562896e-24j)
Free_energy = -9260.902385282225
------------------------------------------
[{'stable': {'Fuu_px': np.complex128(0.06578252776791238+1.0707626712883349e-15j)}, 'free': np.float64(-9260.902385282225)}]
------------------------------------------
  Seed: uu:px+py
  Seed uu: [ 0.03287996-0.03524076j -0.03287996+0.03524076j  0.03525044+0.03288899j
 -0.03525044-0.03288899j], Seed dd: [0.+0.j 0.+0.j 0.+0.j 0.+0.j]
F_onsite: (-2.750777373434768e-20+1.8498981101730076e-20j)
F_swave: (-1.452099371783427e-21+1.1275713429560106e-21j), F_dwave: (-3.442789897629984e-20+4.971216651539011e-21j)
F_px: (-1.745314319577234e-20+5.151681561140527e-20j), F_py: (-3.284721296377883e-20-4.631303950900778e-20j)
Free_energy = -9262.98160500967
------------------------------------------
[{'stable': {'Fuu_px': np.complex128(0.03254660266554643-0.034883465920149806j), 'Fuu_py': np.complex128(0.03489043148480609+0.0325531016030583j)}, 'free': np.float64(-9262.98160500967)}]
------------------------------------------
  Seed: uu:px+ipy
  Seed uu: [ 4.82048588e-02+4.32308517e-16j -4.82048588e-02-4.17855197e-16j
 -4.33627268e-16+4.82048588e-02j  4.23484339e-16-4.82048588e-02j], Seed dd: [0.+0.j 0.+0.j 0.+0.j 0.+0.j]
F_onsite: (1.6644001472788065e-20+6.91747686840893e-21j)
F_swave: (6.352512434498171e-22+2.0743605833231352e-22j), F_dwave: (4.283215085375605e-20-3.3484280492189496e-20j)
F_px: (-1.371561006176324e-20+6.435871307837144e-20j), F_py: (5.874769843279755e-20-1.9248774853179094e-20j)
Free_energy = -9262.981611790789
------------------------------------------
[{'stable': {'Fuu_px': np.complex128(0.03254660266554643-0.034883465920149806j), 'Fuu_py': np.complex128(0.03489043148480609+0.0325531016030583j)}, 'free': np.float64(-9262.98160500967)}, {'stable': {'Fuu_px': np.complex128(0.04771364982420871+5.268832790774917e-16j), 'Fuu_py': np.complex128(-4.900570923275125e-16+0.04771364982420889j)}, 'free': np.float64(-9262.981611790789)}]
------------------------------------------
  Seed: dd:px
  Seed uu: [0.+0.j 0.+0.j 0.+0.j 0.+0.j], Seed dd: [ 6.64038645e-02+1.15954094e-15j -6.64038645e-02-1.15642195e-15j
 -5.15664394e-19-2.42309148e-15j  5.58479262e-20+2.42318307e-15j]
F_onsite: (2.632904936796781e-20-3.163157259510574e-35j)
F_swave: (2.1326981813853114e-21-7.52316384526264e-37j), F_dwave: (1.459525315794197e-20-4.70197740328915e-35j)
F_px: (3.159728815010309e-35+1.1845444953640071e-21j), F_py: (-9.780112998841432e-36-3.582192023250257e-21j)
Free_energy = -9260.902391419177
------------------------------------------
[{'stable': {'Fuu_px': np.complex128(0.03254660266554643-0.034883465920149806j), 'Fuu_py': np.complex128(0.03489043148480609+0.0325531016030583j)}, 'free': np.float64(-9262.98160500967)}, {'stable': {'Fuu_px': np.complex128(0.04771364982420871+5.268832790774917e-16j), 'Fuu_py': np.complex128(-4.900570923275125e-16+0.04771364982420889j)}, 'free': np.float64(-9262.981611790789)}]
------------------------------------------
  Seed: dd:px+py
  Seed uu: [0.+0.j 0.+0.j 0.+0.j 0.+0.j], Seed dd: [ 0.0335558 -0.03459802j -0.0335558 +0.03459802j  0.03460735+0.03356485j
 -0.03460735-0.03356485j]
F_onsite: (-6.149803564874454e-21-2.0250646925107544e-21j)
F_swave: (-3.4806787546680733e-22-1.490159521066482e-22j), F_dwave: (-6.336023538800429e-22-3.604085923829095e-22j)
F_px: (-7.715855155708815e-23-8.912864857970915e-21j), F_py: (2.186434721028617e-22+1.3517710335113508e-20j)
Free_energy = -9262.981605013325
------------------------------------------
[{'stable': {'Fuu_px': np.complex128(0.03254660266554643-0.034883465920149806j), 'Fuu_py': np.complex128(0.03489043148480609+0.0325531016030583j)}, 'free': np.float64(-9262.98160500967)}, {'stable': {'Fuu_px': np.complex128(0.04771364982420871+5.268832790774917e-16j), 'Fuu_py': np.complex128(-4.900570923275125e-16+0.04771364982420889j)}, 'free': np.float64(-9262.981611790789)}, {'stable': {'Fdd_px': np.complex128(0.03321556664490675-0.03424722007291771j), 'Fdd_py': np.complex128(0.034253932047013866+0.03322207642942179j)}, 'free': np.float64(-9262.981605013325)}]
------------------------------------------
  Seed: dd:px+ipy
  Seed uu: [0.+0.j 0.+0.j 0.+0.j 0.+0.j], Seed dd: [ 4.82048588e-02+4.17544838e-16j -4.82048588e-02-4.02406560e-16j
 -4.22381291e-16+4.82048588e-02j  4.12892192e-16-4.82048588e-02j]
F_onsite: (2.389320328631021e-20-5.926432751637277e-22j)
F_swave: (1.8914956802239265e-21-2.7236862713744236e-23j), F_dwave: (5.3241359798651406e-21+2.260857077018829e-22j)
F_px: (-1.6392791062742203e-22-9.048688609991778e-21j), F_py: (2.240783436354571e-21+5.055761419404762e-22j)
Free_energy = -9262.981611790789
------------------------------------------
[{'stable': {'Fuu_px': np.complex128(0.03254660266554643-0.034883465920149806j), 'Fuu_py': np.complex128(0.03489043148480609+0.0325531016030583j)}, 'free': np.float64(-9262.98160500967)}, {'stable': {'Fuu_px': np.complex128(0.04771364982420871+5.268832790774917e-16j), 'Fuu_py': np.complex128(-4.900570923275125e-16+0.04771364982420889j)}, 'free': np.float64(-9262.981611790789)}, {'stable': {'Fdd_px': np.complex128(0.03321556664490675-0.03424722007291771j), 'Fdd_py': np.complex128(0.034253932047013866+0.03322207642942179j)}, 'free': np.float64(-9262.981605013325)}, {'stable': {'Fdd_px': np.complex128(0.04771364982420871+5.159336974032251e-16j), 'Fdd_py': np.complex128(-4.857741628739497e-16+0.04771364982420889j)}, 'free': np.float64(-9262.981611790789)}]
------------------------------------------
  Seed: uu+dd:px
  Seed uu: [ 6.64032840e-02+1.20039339e-15j -6.64032840e-02-1.19975245e-15j
 -6.18416770e-19-2.36129794e-15j  3.38217609e-19+2.33683759e-15j], Seed dd: [ 6.64032840e-02+1.06997112e-15j -6.64032840e-02-1.05815353e-15j
 -4.33214339e-19-2.34324841e-15j  1.66895269e-18+2.33129069e-15j]
F_onsite: (9.532159558877437e-21+1.830228693670874e-20j)
F_swave: (5.047243449597662e-22-1.8053475068219836e-20j), F_dwave: (-6.70914359443629e-21+2.963007427890533e-21j)
F_px: (3.0594357967520546e-20+3.586677268724648e-22j), F_py: (1.3439278115364308e-20-2.5258307584854315e-21j)
Free_energy = -9301.34690362599
------------------------------------------
[{'stable': {'Fuu_px': np.complex128(0.06578252943585398+1.2541722241347458e-15j), 'Fdd_px': np.complex128(0.06578252943585397+1.1866221142148238e-15j)}, 'free': np.float64(-9301.34690362599)}]
------------------------------------------
  Seed: uu+dd:px+py
  Seed uu: [ 0.0337331 -0.03443247j -0.0337331 +0.03443247j  0.03443431+0.03373491j
 -0.03443431-0.03373491j], Seed dd: [ 0.03233477+0.03574169j -0.03233477-0.03574169j  0.03575147-0.03234361j
 -0.03575147+0.03234361j]
F_onsite: (1.089231159907025e-20+4.910018929442707e-22j)
F_swave: (7.800507607393401e-22+1.6106746473812957e-21j), F_dwave: (3.528741705654846e-20-3.536598060291287e-21j)
F_px: (3.494042111438972e-21-1.6392628078023395e-21j), F_py: (8.107981190852787e-21+5.1921177622437e-21j)
Free_energy = -9305.505338060235
------------------------------------------
[{'stable': {'Fuu_px': np.complex128(0.0333900851257366-0.034082339394548515j), 'Fuu_py': np.complex128(0.03408366355708703+0.033391382392904j), 'Fdd_px': np.complex128(0.03200693053721043+0.0353793138566955j), 'Fdd_py': np.complex128(0.03538634871859-0.032013294830676206j)}, 'free': np.float64(-9305.505338060235)}]
------------------------------------------
  Seed: uu+dd:px+ipy
  Seed uu: [ 4.82048588e-02+4.20119501e-16j -4.82048588e-02-4.11388550e-16j
 -4.23021595e-16+4.82048588e-02j  4.13128303e-16-4.82048588e-02j], Seed dd: [ 4.82048588e-02+4.55968900e-16j -4.82048588e-02-4.44336993e-16j
 -4.54037612e-16+4.82048588e-02j  4.44652857e-16-4.82048588e-02j]
F_onsite: (5.537094852452454e-20+1.3120171230614449e-19j)
F_swave: (-3.3256974121119224e-21+1.4379091166672215e-20j), F_dwave: (5.742360343520873e-20-4.125809577720619e-20j)
F_px: (1.9720909686472564e-20-1.2398483460942931e-21j), F_py: (1.0903119602004871e-20-2.306951630836218e-20j)
Free_energy = -9305.505351526494
------------------------------------------
[{'stable': {'Fuu_px': np.complex128(0.0333900851257366-0.034082339394548515j), 'Fuu_py': np.complex128(0.03408366355708703+0.033391382392904j), 'Fdd_px': np.complex128(0.03200693053721043+0.0353793138566955j), 'Fdd_py': np.complex128(0.03538634871859-0.032013294830676206j)}, 'free': np.float64(-9305.505338060235)}, {'stable': {'Fuu_px': np.complex128(0.047713649824208726+4.976954369225047e-16j), 'Fuu_py': np.complex128(-4.727519709870907e-16+0.047713649824208886j), 'Fdd_px': np.complex128(0.04771364982420869+5.530414299639378e-16j), 'Fdd_py': np.complex128(-5.297732363795151e-16+0.047713649824208886j)}, 'free': np.float64(-9305.505351526494)}]
------------------------------------------
====================================
mu=-0.24, T=0.0381
====================================
  Seed: normal state
  Seed uu: [0.+0.j 0.+0.j 0.+0.j 0.+0.j], Seed dd: [0.+0.j 0.+0.j 0.+0.j 0.+0.j]
F_onsite: 0j
F_swave: 0j, F_dwave: 0j
F_px: 0j, F_py: 0j
Free_energy = -9221.669951049345
------------------------------------------
[{'stable': {}, 'free': np.float64(-9221.669951049345)}]
------------------------------------------
  Seed: uu:px
  Seed uu: [ 6.57825278e-02+1.07495977e-15j -6.57825278e-02-1.06656557e-15j
  1.28431371e-18-3.87279372e-15j -5.72733239e-19+3.86585795e-15j], Seed dd: [0.+0.j 0.+0.j 0.+0.j 0.+0.j]
F_onsite: (-1.4060134409897648e-23-5.157565903768575e-20j)
F_swave: (1.43223633432578e-25-2.7379333380536397e-21j), F_dwave: (1.3916910779102105e-23-3.8188169017355813e-20j)
F_px: (7.888001125068144e-20+1.5317161588954735e-33j), F_py: (-5.713303295382633e-26-4.283009297165907e-26j)
Free_energy = -9260.78627371557
------------------------------------------
[{'stable': {'Fuu_px': np.complex128(0.0649485215777631+1.263555919822225e-15j)}, 'free': np.float64(-9260.78627371557)}]
------------------------------------------
  Seed: uu:px+py
  Seed uu: [ 0.0325466 -0.03488347j -0.0325466 +0.03488347j  0.03489043+0.0325531j
 -0.03489043-0.0325531j ], Seed dd: [0.+0.j 0.+0.j 0.+0.j 0.+0.j]
F_onsite: (-1.8137190042219705e-20-2.5380611485468543e-20j)
F_swave: (-1.0747484586603917e-21-1.6217130183595766e-21j), F_dwave: (-9.267290521414216e-21-1.1016695389149265e-19j)
F_px: (2.6908959666269158e-20-1.0149411010592945e-19j), F_py: (4.037780327138861e-20+9.55610531937469e-20j)
Free_energy = -9262.731506719025
------------------------------------------
[{'stable': {'Fuu_px': np.complex128(0.032107555365966794-0.03441289479266202j), 'Fuu_py': np.complex128(0.03441788114082575+0.03211220767582662j)}, 'free': np.float64(-9262.731506719025)}]
------------------------------------------
  Seed: uu:px+ipy
  Seed uu: [ 4.77136498e-02+5.31326192e-16j -4.77136498e-02-5.22440366e-16j
 -4.94843503e-16+4.77136498e-02j  4.85270681e-16-4.77136498e-02j], Seed dd: [0.+0.j 0.+0.j 0.+0.j 0.+0.j]
F_onsite: (3.0968650749508584e-20+4.1611257231630575e-20j)
F_swave: (1.345569979118895e-21+2.0987309608706607e-21j), F_dwave: (2.8979095426174674e-20+1.218885886300363e-20j)
F_px: (-4.191110109024129e-20+8.795889596382124e-20j), F_py: (9.171493660533751e-20-3.261964259233939e-20j)
Free_energy = -9262.733016078808
------------------------------------------
[{'stable': {'Fuu_px': np.complex128(0.032107555365966794-0.03441289479266202j), 'Fuu_py': np.complex128(0.03441788114082575+0.03211220767582662j)}, 'free': np.float64(-9262.731506719025)}, {'stable': {'Fuu_px': np.complex128(0.047069410724144806+5.446477437382315e-16j), 'Fuu_py': np.complex128(-5.82052348112067e-16+0.047069410724145264j)}, 'free': np.float64(-9262.733016078808)}]
------------------------------------------
  Seed: dd:px
  Seed uu: [0.+0.j 0.+0.j 0.+0.j 0.+0.j], Seed dd: [ 6.57825318e-02+1.22788114e-15j -6.57825318e-02-1.21901482e-15j
 -3.10110012e-19-3.44314488e-15j  1.91449298e-19+3.43080372e-15j]
F_onsite: (8.17851097039001e-20+1.137451786711365e-35j)
F_swave: (6.4340369278407436e-21+2.82118644197349e-36j), F_dwave: (-1.752528172495931e-20+6.752039551123219e-35j)
F_px: (1.9560225997682864e-35-5.205737441322346e-21j), F_py: (-7.372700568357387e-35-2.875315806396089e-21j)
Free_energy = -9260.786273732114
------------------------------------------
[{'stable': {'Fuu_px': np.complex128(0.032107555365966794-0.03441289479266202j), 'Fuu_py': np.complex128(0.03441788114082575+0.03211220767582662j)}, 'free': np.float64(-9262.731506719025)}, {'stable': {'Fuu_px': np.complex128(0.047069410724144806+5.446477437382315e-16j), 'Fuu_py': np.complex128(-5.82052348112067e-16+0.047069410724145264j)}, 'free': np.float64(-9262.733016078808)}]
------------------------------------------
  Seed: dd:px+py
  Seed uu: [0.+0.j 0.+0.j 0.+0.j 0.+0.j], Seed dd: [ 0.03321557-0.03424722j -0.03321557+0.03424722j  0.03425393+0.03322208j
 -0.03425393-0.03322208j]
F_onsite: (-4.275537392584243e-20+4.883380931322717e-22j)
F_swave: (-3.1891793441382308e-21+4.108540751190988e-23j), F_dwave: (1.1343041755724832e-20+3.376023969271517e-22j)
F_px: (-1.3661733805134452e-22+7.396263222614707e-21j), F_py: (3.8801247841991535e-22-3.705397272985147e-21j)
Free_energy = -9262.731506720807
------------------------------------------
[{'stable': {'Fuu_px': np.complex128(0.032107555365966794-0.03441289479266202j), 'Fuu_py': np.complex128(0.03441788114082575+0.03211220767582662j)}, 'free': np.float64(-9262.731506719025)}, {'stable': {'Fuu_px': np.complex128(0.047069410724144806+5.446477437382315e-16j), 'Fuu_py': np.complex128(-5.82052348112067e-16+0.047069410724145264j)}, 'free': np.float64(-9262.733016078808)}, {'stable': {'Fdd_px': np.complex128(0.03276747854137601-0.03378521465064849j), 'Fdd_py': np.complex128(0.03379001946423586+0.03277213861613782j)}, 'free': np.float64(-9262.731506720807)}]
------------------------------------------
  Seed: dd:px+ipy
  Seed uu: [0.+0.j 0.+0.j 0.+0.j 0.+0.j], Seed dd: [ 4.77136498e-02+5.19530358e-16j -4.77136498e-02-5.12337037e-16j
 -4.90106763e-16+4.77136498e-02j  4.81441563e-16-4.77136498e-02j]
F_onsite: (4.339811310080741e-21+6.513789981685764e-22j)
F_swave: (2.4724576310542957e-22+5.732572598770133e-23j), F_dwave: (-3.533591465677052e-21+1.5296179685473342e-21j)
F_px: (-1.277534596922688e-22-1.2860077621635806e-21j), F_py: (-6.772911891234484e-22+1.1563728146865222e-20j)
Free_energy = -9262.733016078813
------------------------------------------
[{'stable': {'Fuu_px': np.complex128(0.032107555365966794-0.03441289479266202j), 'Fuu_py': np.complex128(0.03441788114082575+0.03211220767582662j)}, 'free': np.float64(-9262.731506719025)}, {'stable': {'Fuu_px': np.complex128(0.047069410724144806+5.446477437382315e-16j), 'Fuu_py': np.complex128(-5.82052348112067e-16+0.047069410724145264j)}, 'free': np.float64(-9262.733016078808)}, {'stable': {'Fdd_px': np.complex128(0.03276747854137601-0.03378521465064849j), 'Fdd_py': np.complex128(0.03379001946423586+0.03277213861613782j)}, 'free': np.float64(-9262.731506720807)}, {'stable': {'Fdd_px': np.complex128(0.04706941072414481+5.455981279399406e-16j), 'Fdd_py': np.complex128(-5.804431575658512e-16+0.04706941072414525j)}, 'free': np.float64(-9262.733016078813)}]
------------------------------------------
  Seed: uu+dd:px
  Seed uu: [ 6.57825294e-02+1.26058694e-15j -6.57825294e-02-1.24775751e-15j
 -1.69335783e-18-3.20886425e-15j  2.28288283e-18+3.19346276e-15j], Seed dd: [ 6.57825294e-02+1.19669858e-15j -6.57825294e-02-1.17654565e-15j
  1.77965262e-18-3.24714760e-15j -7.29301985e-19+3.24225890e-15j]
F_onsite: (7.699685231534045e-21+2.279485771349426e-20j)
F_swave: (8.216385890270877e-22-5.408502422340649e-21j), F_dwave: (7.755638878276228e-21+2.748085662187022e-20j)
F_px: (-7.8744729410404e-21+6.134021359758604e-21j), F_py: (-1.5821443725844304e-20-1.2909686001375612e-20j)
Free_energy = -9299.900739794319
------------------------------------------
[{'stable': {'Fuu_px': np.complex128(0.06494789943630887+1.3368740594151528e-15j), 'Fdd_px': np.complex128(0.06494789943630888+1.3120954869717675e-15j)}, 'free': np.float64(-9299.900739794319)}]
------------------------------------------
  Seed: uu+dd:px+py
  Seed uu: [ 0.03339009-0.03408234j -0.03339009+0.03408234j  0.03408366+0.03339138j
 -0.03408366-0.03339138j], Seed dd: [ 0.03200693+0.03537931j -0.03200693-0.03537931j  0.03538635-0.03201329j
 -0.03538635+0.03201329j]
F_onsite: (-1.0296946760286298e-20+4.466054112672394e-21j)
F_swave: (-3.127407804548525e-21-9.10638957394325e-22j), F_dwave: (-3.5258386146719414e-21-1.0002368038786289e-20j)
F_px: (-7.325917984975696e-21-5.006592704767768e-20j), F_py: (2.9815782183397914e-22+4.7803628089539825e-20j)
Free_energy = -9303.79306243582
------------------------------------------
[{'stable': {'Fuu_px': np.complex128(0.032938932675758946-0.0336218335030254j), 'Fuu_py': np.complex128(0.03362278141403073+0.032939861333524514j), 'Fdd_px': np.complex128(0.03157515967077883+0.03490204981602517j), 'Fdd_py': np.complex128(0.0349070857711021-0.03157971559475732j)}, 'free': np.float64(-9303.79306243582)}]
------------------------------------------
  Seed: uu+dd:px+ipy
  Seed uu: [ 4.77136498e-02+4.99101935e-16j -4.77136498e-02-4.96288939e-16j
 -4.77178473e-16+4.77136498e-02j  4.68325469e-16-4.77136498e-02j], Seed dd: [ 4.77136498e-02+5.48429111e-16j -4.77136498e-02-5.57653749e-16j
 -5.33368600e-16+4.77136498e-02j  5.26177873e-16-4.77136498e-02j]
F_onsite: (-1.1321149082643242e-19+5.444210580027629e-20j)
F_swave: (-1.8824987937463225e-21-1.6812032999953476e-22j), F_dwave: (1.6607013345292138e-21+2.3253107116593538e-20j)
F_px: (9.690164299412749e-21+3.8051101370593356e-20j), F_py: (4.465574252968224e-20-2.491586394637056e-20j)
Free_energy = -9303.796081108276
------------------------------------------
[{'stable': {'Fuu_px': np.complex128(0.032938932675758946-0.0336218335030254j), 'Fuu_py': np.complex128(0.03362278141403073+0.032939861333524514j), 'Fdd_px': np.complex128(0.03157515967077883+0.03490204981602517j), 'Fdd_py': np.complex128(0.0349070857711021-0.03157971559475732j)}, 'free': np.float64(-9303.79306243582)}, {'stable': {'Fuu_px': np.complex128(0.04706941072414479+5.1763140289242895e-16j), 'Fuu_py': np.complex128(-5.546101217473629e-16+0.04706941072414523j), 'Fdd_px': np.complex128(0.0470694107241448+5.917611059279447e-16j), 'Fdd_py': np.complex128(-6.200314922870471e-16+0.04706941072414521j)}, 'free': np.float64(-9303.796081108276)}]
------------------------------------------
====================================
mu=-0.24, T=0.0423
====================================
  Seed: normal state
  Seed uu: [0.+0.j 0.+0.j 0.+0.j 0.+0.j], Seed dd: [0.+0.j 0.+0.j 0.+0.j 0.+0.j]
F_onsite: 0j
F_swave: 0j, F_dwave: 0j
F_px: 0j, F_py: 0j
Free_energy = -9223.014436427353
------------------------------------------
[{'stable': {}, 'free': np.float64(-9223.014436427353)}]
------------------------------------------
  Seed: uu:px
  Seed uu: [ 6.49485216e-02+1.26800276e-15j -6.49485216e-02-1.25910908e-15j
  3.83454462e-19-5.32312488e-15j  6.15379362e-19+5.31612923e-15j], Seed dd: [0.+0.j 0.+0.j 0.+0.j 0.+0.j]
F_onsite: (-1.0823407904125292e-22-2.2516410947993448e-20j)
F_swave: (2.9181630734243554e-25-1.8658040030629665e-21j), F_dwave: (1.0794226273503083e-22-5.772787085283534e-20j)
F_px: (7.732608316599791e-20+1.5347254244335786e-33j), F_py: (1.3566363208711833e-25+1.0434876307203792e-23j)
Free_energy = -9260.551355083353
------------------------------------------
[{'stable': {'Fuu_px': np.complex128(0.06387603936943409+1.2058637911006853e-15j)}, 'free': np.float64(-9260.551355083353)}]
------------------------------------------
  Seed: uu:px+py
  Seed uu: [ 0.03210756-0.03441289j -0.03210756+0.03441289j  0.03441788+0.03211221j
 -0.03441788-0.03211221j], Seed dd: [0.+0.j 0.+0.j 0.+0.j 0.+0.j]
F_onsite: (-8.820275505183273e-20-1.7865391278227386e-20j)
F_swave: (-4.727940508788743e-21-6.6058595340533405e-22j), F_dwave: (3.637395767791676e-20+6.34707697171648e-20j)
F_px: (8.847700604253359e-20+1.8756339016082868e-20j), F_py: (9.069897379963078e-20-2.40108788811171e-20j)
Free_energy = -9262.3592252663
------------------------------------------
[{'stable': {'Fuu_px': np.complex128(0.03155262796317266-0.033818123309368855j), 'Fuu_py': np.complex128(0.03382174630178868+0.03155600824926645j)}, 'free': np.float64(-9262.3592252663)}]
------------------------------------------
  Seed: uu:px+ipy
  Seed uu: [ 4.70694107e-02+5.60265337e-16j -4.70694107e-02-5.29030150e-16j
 -5.87366686e-16+4.70694107e-02j  5.76738010e-16-4.70694107e-02j], Seed dd: [0.+0.j 0.+0.j 0.+0.j 0.+0.j]
F_onsite: (-2.2555979693015137e-20+3.719819342224179e-20j)
F_swave: (-1.7115001099574467e-21+2.0117971008235976e-21j), F_dwave: (1.6619309657291535e-20+1.42530927161214e-20j)
F_px: (4.3750456936753545e-20+1.0552757089525098e-20j), F_py: (2.6004008884263953e-20+6.427935940322278e-21j)
Free_energy = -9262.359229794123
------------------------------------------
[{'stable': {'Fuu_px': np.complex128(0.03155262796317266-0.033818123309368855j), 'Fuu_py': np.complex128(0.03382174630178868+0.03155600824926645j)}, 'free': np.float64(-9262.3592252663)}, {'stable': {'Fuu_px': np.complex128(0.046254331571440765+6.399116731964607e-16j), 'Fuu_py': np.complex128(-6.113002369620803e-16+0.04625433157144143j)}, 'free': np.float64(-9262.359229794123)}]
------------------------------------------
  Seed: dd:px
  Seed uu: [0.+0.j 0.+0.j 0.+0.j 0.+0.j], Seed dd: [ 6.49485216e-02+1.33778970e-15j -6.49485216e-02-1.32670119e-15j
  1.89993130e-18-4.80205842e-15j -1.96267460e-18+4.80544507e-15j]
F_onsite: (-4.244039098159875e-20+2.0947240597693543e-34j)
F_swave: (-3.42745245845492e-21+1.8241952330896703e-35j), F_dwave: (5.26828670552908e-20+3.517251097046804e-35j)
F_px: (5.717604522399606e-35-8.870130091964446e-21j), F_py: (-1.8055593228630336e-35+6.811773253389262e-36j)
Free_energy = -9260.552201243236
------------------------------------------
[{'stable': {'Fuu_px': np.complex128(0.03155262796317266-0.033818123309368855j), 'Fuu_py': np.complex128(0.03382174630178868+0.03155600824926645j)}, 'free': np.float64(-9262.3592252663)}, {'stable': {'Fuu_px': np.complex128(0.046254331571440765+6.399116731964607e-16j), 'Fuu_py': np.complex128(-6.113002369620803e-16+0.04625433157144143j)}, 'free': np.float64(-9262.359229794123)}]
------------------------------------------
  Seed: dd:px+py
  Seed uu: [0.+0.j 0.+0.j 0.+0.j 0.+0.j], Seed dd: [ 0.03276748-0.03378521j -0.03276748+0.03378521j  0.03379002+0.03277214j
 -0.03379002-0.03277214j]
F_onsite: (-1.1374376371304886e-20+2.0093509679311734e-23j)
F_swave: (-9.491832301384512e-22+1.115980797205034e-23j), F_dwave: (-1.269938087380777e-20+1.6339080884054813e-21j)
F_px: (-2.9296637162636576e-22-1.5844115631471448e-21j), F_py: (-2.883439687558719e-22+2.012843699938122e-20j)
Free_energy = -9262.359225267219
------------------------------------------
[{'stable': {'Fuu_px': np.complex128(0.03155262796317266-0.033818123309368855j), 'Fuu_py': np.complex128(0.03382174630178868+0.03155600824926645j)}, 'free': np.float64(-9262.3592252663)}, {'stable': {'Fuu_px': np.complex128(0.046254331571440765+6.399116731964607e-16j), 'Fuu_py': np.complex128(-6.113002369620803e-16+0.04625433157144143j)}, 'free': np.float64(-9262.359229794123)}, {'stable': {'Fdd_px': np.complex128(0.03220113417650472-0.03320128000614368j), 'Fdd_py': np.complex128(0.03320477109874978+0.032204520104439124j)}, 'free': np.float64(-9262.359225267219)}]
------------------------------------------
  Seed: dd:px+ipy
  Seed uu: [0.+0.j 0.+0.j 0.+0.j 0.+0.j], Seed dd: [ 4.70694107e-02+5.58616217e-16j -4.70694107e-02-5.32580039e-16j
 -5.85683075e-16+4.70694107e-02j  5.75203240e-16-4.70694107e-02j]
F_onsite: (-3.3377952065082917e-21+4.186815994004327e-22j)
F_swave: (-1.6950949716182046e-22+3.241137174713229e-23j), F_dwave: (2.1345164280480368e-21-1.1887057835303085e-22j)
F_px: (-5.172884734870317e-22+3.3712662372969434e-22j), F_py: (4.0119672587355627e-22+4.4776229658223266e-21j)
Free_energy = -9262.359229794123
------------------------------------------
[{'stable': {'Fuu_px': np.complex128(0.03155262796317266-0.033818123309368855j), 'Fuu_py': np.complex128(0.03382174630178868+0.03155600824926645j)}, 'free': np.float64(-9262.3592252663)}, {'stable': {'Fuu_px': np.complex128(0.046254331571440765+6.399116731964607e-16j), 'Fuu_py': np.complex128(-6.113002369620803e-16+0.04625433157144143j)}, 'free': np.float64(-9262.359229794123)}, {'stable': {'Fdd_px': np.complex128(0.03220113417650472-0.03320128000614368j), 'Fdd_py': np.complex128(0.03320477109874978+0.032204520104439124j)}, 'free': np.float64(-9262.359225267219)}, {'stable': {'Fdd_px': np.complex128(0.046254331571440786+6.398713597221273e-16j), 'Fdd_py': np.complex128(-6.093653357778657e-16+0.046254331571441445j)}, 'free': np.float64(-9262.359229794123)}]
------------------------------------------
  Seed: uu+dd:px
  Seed uu: [ 6.49478994e-02+1.34292659e-15j -6.49478994e-02-1.33082153e-15j
 -1.87980103e-18-4.53446430e-15j  2.29936358e-18+4.52417524e-15j], Seed dd: [ 6.49478994e-02+1.31820106e-15j -6.49478994e-02-1.30598991e-15j
 -9.09895365e-19-4.59275314e-15j  8.64675055e-19+4.58336627e-15j]
F_onsite: (-6.95623819817704e-22-1.5239521747625044e-20j)
F_swave: (-7.654970034289936e-23+1.1831207951086511e-20j), F_dwave: (1.3731097685312416e-21-7.394474924530749e-20j)
F_px: (2.429505000928138e-20-1.7383770659203333e-20j), F_py: (-2.904315160765667e-20-1.8932238996625726e-21j)
Free_energy = -9298.088270889908
------------------------------------------
[{'stable': {'Fuu_px': np.complex128(0.06387603838167576+1.403882465295526e-15j), 'Fdd_px': np.complex128(0.06387603838167574+1.3777412285982454e-15j)}, 'free': np.float64(-9298.088270889908)}]
------------------------------------------
  Seed: uu+dd:px+py
  Seed uu: [ 0.03293893-0.03362183j -0.03293893+0.03362183j  0.03362278+0.03293986j
 -0.03362278-0.03293986j], Seed dd: [ 0.03157516+0.03490205j -0.03157516-0.03490205j  0.03490709-0.03157972j
 -0.03490709+0.03157972j]
F_onsite: (3.125513271186785e-20+1.5690964763231593e-20j)
F_swave: (-7.759511242163867e-23+2.6424481914894393e-21j), F_dwave: (2.0777264630487214e-20+1.6589183432683714e-20j)
F_px: (9.521991955746639e-21+4.6643649119454815e-21j), F_py: (4.970946641993047e-21+7.270866616035285e-21j)
Free_energy = -9301.704014129104
------------------------------------------
[{'stable': {'Fuu_px': np.complex128(0.0323691439396222-0.03304023171869091j), 'Fuu_py': np.complex128(0.033040920454065925+0.032369818685933555j), 'Fdd_px': np.complex128(0.031029431405844583+0.034298821351392686j), 'Fdd_py': np.complex128(0.03430248038731963-0.03103274165966198j)}, 'free': np.float64(-9301.704014129104)}]
------------------------------------------
  Seed: uu+dd:px+ipy
  Seed uu: [ 4.70694107e-02+5.26721827e-16j -4.70694107e-02-5.08540979e-16j
 -5.58417270e-16+4.70694107e-02j  5.50802973e-16-4.70694107e-02j], Seed dd: [ 4.70694107e-02+6.00379971e-16j -4.70694107e-02-5.83142241e-16j
 -6.24341289e-16+4.70694107e-02j  6.15721696e-16-4.70694107e-02j]
F_onsite: (-4.580878547081154e-20+7.410717053455258e-20j)
F_swave: (3.505896540399959e-21+4.55444052995618e-21j), F_dwave: (-4.055002478796189e-21-5.609219901500878e-20j)
F_px: (3.452247443640201e-20+2.048117868570545e-20j), F_py: (6.083087010780039e-20+4.537165602378871e-20j)
Free_energy = -9301.70402316088
------------------------------------------
[{'stable': {'Fuu_px': np.complex128(0.0323691439396222-0.03304023171869091j), 'Fuu_py': np.complex128(0.033040920454065925+0.032369818685933555j), 'Fdd_px': np.complex128(0.031029431405844583+0.034298821351392686j), 'Fdd_py': np.complex128(0.03430248038731963-0.03103274165966198j)}, 'free': np.float64(-9301.704014129104)}, {'stable': {'Fuu_px': np.complex128(0.04625433157144078+6.123170867803693e-16j), 'Fuu_py': np.complex128(-5.773180956814055e-16+0.04625433157144146j), 'Fdd_px': np.complex128(0.04625433157144083+6.548440831980558e-16j), 'Fdd_py': np.complex128(-6.343465740887714e-16+0.04625433157144138j)}, 'free': np.float64(-9301.70402316088)}]
------------------------------------------
====================================
mu=-0.24, T=0.0464
====================================
  Seed: normal state
  Seed uu: [0.+0.j 0.+0.j 0.+0.j 0.+0.j], Seed dd: [0.+0.j 0.+0.j 0.+0.j 0.+0.j]
F_onsite: 0j
F_swave: 0j, F_dwave: 0j
F_px: 0j, F_py: 0j
Free_energy = -9224.494927871145
------------------------------------------
[{'stable': {}, 'free': np.float64(-9224.494927871145)}]
------------------------------------------
  Seed: uu:px
  Seed uu: [ 6.38760394e-02+1.21478469e-15j -6.38760394e-02-1.19694289e-15j
  6.49340090e-19-7.26806547e-15j -2.13739169e-18+7.25297642e-15j], Seed dd: [0.+0.j 0.+0.j 0.+0.j 0.+0.j]
F_onsite: (1.803695468159239e-22+1.0043211214926406e-19j)
F_swave: (-3.0804593254041455e-25+5.421074020743673e-21j), F_dwave: (-1.8006150088049755e-22+4.081349990489994e-20j)
F_px: (1.3133463313196303e-19+1.5678273453527342e-33j), F_py: (-1.1006368772806204e-25-3.9330818406653116e-23j)
Free_energy = -9260.194479181531
------------------------------------------
[{'stable': {'Fuu_px': np.complex128(0.0625397617420822+1.306753091354757e-15j)}, 'free': np.float64(-9260.194479181531)}]
------------------------------------------
  Seed: uu:px+py
  Seed uu: [ 0.03155263-0.03381812j -0.03155263+0.03381812j  0.03382175+0.03155601j
 -0.03382175-0.03155601j], Seed dd: [0.+0.j 0.+0.j 0.+0.j 0.+0.j]
F_onsite: (-1.7086649380209448e-20+8.232571103454301e-20j)
F_swave: (-1.2385605840860568e-21+3.836464369201976e-21j), F_dwave: (2.63518743125407e-20+2.301108081523843e-20j)
F_px: (6.683576450768544e-20-8.171189236974283e-20j), F_py: (6.857329732371924e-20+7.73128667053142e-20j)
Free_energy = -9261.860002645548
------------------------------------------
[{'stable': {'Fuu_px': np.complex128(0.030869214089683145-0.03308563995894956j), 'Fuu_py': np.complex128(0.0330882784149961+0.030871675794056246j)}, 'free': np.float64(-9261.860002645548)}]
------------------------------------------
  Seed: uu:px+ipy
  Seed uu: [ 4.62543316e-02+6.46554119e-16j -4.62543316e-02-6.33269228e-16j
 -6.15606447e-16+4.62543316e-02j  6.06994027e-16-4.62543316e-02j], Seed dd: [0.+0.j 0.+0.j 0.+0.j 0.+0.j]
F_onsite: (1.5444255613972803e-20-3.6592373040811487e-20j)
F_swave: (1.510197784042207e-21-2.535272323173006e-21j), F_dwave: (3.5536521820278024e-20-2.9667613429481426e-21j)
F_px: (-1.0251013741040014e-20-5.727144165482686e-20j), F_py: (-8.520595842782374e-20-8.424518405504794e-21j)
Free_energy = -9261.860002669277
------------------------------------------
[{'stable': {'Fuu_px': np.complex128(0.030869214089683145-0.03308563995894956j), 'Fuu_py': np.complex128(0.0330882784149961+0.030871675794056246j)}, 'free': np.float64(-9261.860002645548)}, {'stable': {'Fuu_px': np.complex128(0.04525186453166522+6.944780650541748e-16j), 'Fuu_py': np.complex128(-7.265694170383412e-16+0.045251864531665895j)}, 'free': np.float64(-9261.860002669277)}]
------------------------------------------
  Seed: dd:px
  Seed uu: [0.+0.j 0.+0.j 0.+0.j 0.+0.j], Seed dd: [ 6.38766260e-02+1.33929769e-15j -6.38766260e-02-1.34163015e-15j
  1.37896964e-18-6.44386313e-15j -8.57458732e-19+6.43115721e-15j]
F_onsite: (6.513959425612916e-20-2.250727034536885e-35j)
F_swave: (5.346239732915715e-21-2.3969271169525605e-36j), F_dwave: (-3.6862700549652454e-20-1.9132454189856043e-34j)
F_px: (4.2129717533470784e-35-2.8441128046602944e-21j), F_py: (-2.8287096058187527e-34+2.956254777147206e-35j)
Free_energy = -9260.195937436562
------------------------------------------
[{'stable': {'Fuu_px': np.complex128(0.030869214089683145-0.03308563995894956j), 'Fuu_py': np.complex128(0.0330882784149961+0.030871675794056246j)}, 'free': np.float64(-9261.860002645548)}, {'stable': {'Fuu_px': np.complex128(0.04525186453166522+6.944780650541748e-16j), 'Fuu_py': np.complex128(-7.265694170383412e-16+0.045251864531665895j)}, 'free': np.float64(-9261.860002669277)}]
------------------------------------------
  Seed: dd:px+py
  Seed uu: [0.+0.j 0.+0.j 0.+0.j 0.+0.j], Seed dd: [ 0.03220113-0.03320128j -0.03220113+0.03320128j  0.03320477+0.03220452j
 -0.03320477-0.03220452j]
F_onsite: (2.2267513517612658e-20+2.0802951410840338e-21j)
F_swave: (1.7085220246226517e-21+1.4618922631142956e-22j), F_dwave: (4.9559501071174747e-20-1.1320053525424282e-21j)
F_px: (-1.714565304069301e-21+9.426208899191222e-21j), F_py: (2.075210018187869e-22-8.188567054119457e-21j)
Free_energy = -9261.860002646034
------------------------------------------
[{'stable': {'Fuu_px': np.complex128(0.030869214089683145-0.03308563995894956j), 'Fuu_py': np.complex128(0.0330882784149961+0.030871675794056246j)}, 'free': np.float64(-9261.860002645548)}, {'stable': {'Fuu_px': np.complex128(0.04525186453166522+6.944780650541748e-16j), 'Fuu_py': np.complex128(-7.265694170383412e-16+0.045251864531665895j)}, 'free': np.float64(-9261.860002669277)}, {'stable': {'Fdd_px': np.complex128(0.031503666005798805-0.03248214893752821j), 'Fdd_py': np.complex128(0.03248469133710574+0.031506131818861055j)}, 'free': np.float64(-9261.860002646034)}]
------------------------------------------
  Seed: dd:px+ipy
  Seed uu: [0.+0.j 0.+0.j 0.+0.j 0.+0.j], Seed dd: [ 4.62543316e-02+6.44271047e-16j -4.62543316e-02-6.35471672e-16j
 -6.13875297e-16+4.62543316e-02j  6.04855375e-16-4.62543316e-02j]
F_onsite: (-1.5651624841712804e-20-2.145792481688735e-21j)
F_swave: (-1.0975705138621437e-21-1.4386261968022683e-22j), F_dwave: (-1.8548678811673157e-21-1.8482248998126216e-21j)
F_px: (2.589852630509637e-21-8.74629902715615e-21j), F_py: (-1.533359256389101e-21-2.9313214714707587e-21j)
Free_energy = -9261.860002669275
------------------------------------------
[{'stable': {'Fuu_px': np.complex128(0.030869214089683145-0.03308563995894956j), 'Fuu_py': np.complex128(0.0330882784149961+0.030871675794056246j)}, 'free': np.float64(-9261.860002645548)}, {'stable': {'Fuu_px': np.complex128(0.04525186453166522+6.944780650541748e-16j), 'Fuu_py': np.complex128(-7.265694170383412e-16+0.045251864531665895j)}, 'free': np.float64(-9261.860002669277)}, {'stable': {'Fdd_px': np.complex128(0.031503666005798805-0.03248214893752821j), 'Fdd_py': np.complex128(0.03248469133710574+0.031506131818861055j)}, 'free': np.float64(-9261.860002646034)}, {'stable': {'Fdd_px': np.complex128(0.045251864531665215+6.980581689197533e-16j), 'Fdd_py': np.complex128(-7.242205152662663e-16+0.04525186453166588j)}, 'free': np.float64(-9261.860002669275)}]
------------------------------------------
  Seed: uu+dd:px
  Seed uu: [ 6.38760384e-02+1.40525259e-15j -6.38760384e-02-1.40251234e-15j
 -6.23098612e-20-6.30197595e-15j -8.82753915e-19+6.29289412e-15j], Seed dd: [ 6.38760384e-02+1.38051796e-15j -6.38760384e-02-1.37496450e-15j
  2.73307092e-19-6.43463836e-15j -1.24135656e-18+6.41771585e-15j]
F_onsite: (9.287507859974736e-21+3.958542889150335e-20j)
F_swave: (2.568618976030529e-22-6.543043700121156e-21j), F_dwave: (-2.296399132744769e-21+2.942082785798249e-20j)
F_px: (-4.841124398193529e-20+6.12288032694383e-21j), F_py: (4.1428776476459214e-21-5.7342888729567824e-21j)
Free_energy = -9295.891035621991
------------------------------------------
[{'stable': {'Fuu_px': np.complex128(0.06253868057301253+1.2587941123509981e-15j), 'Fdd_px': np.complex128(0.06253868057301251+1.1878106337887196e-15j)}, 'free': np.float64(-9295.891035621991)}]
------------------------------------------
  Seed: uu+dd:px+py
  Seed uu: [ 0.03236914-0.03304023j -0.03236914+0.03304023j  0.03304092+0.03236982j
 -0.03304092-0.03236982j], Seed dd: [ 0.03102943+0.03429882j -0.03102943-0.03429882j  0.03430248-0.03103274j
 -0.03430248+0.03103274j]
F_onsite: (4.382050589983527e-20+1.90382968735553e-20j)
F_swave: (2.3159747188683614e-21-3.6059876723762375e-22j), F_dwave: (-1.916075837333204e-20+2.2790752202485923e-21j)
F_px: (-6.948423913052562e-21+2.7588621103291227e-20j), F_py: (-1.0704512277540985e-20-4.671610993691188e-20j)
Free_energy = -9299.225077432122
------------------------------------------
[{'stable': {'Fuu_px': np.complex128(0.03166769549156925-0.03232424060982472j), 'Fuu_py': np.complex128(0.03232474218360657+0.03166818687777048j), 'Fdd_px': np.complex128(0.030357347955295703+0.03355592439327286j), 'Fdd_py': np.complex128(0.03355858909812102-0.03035975865843531j)}, 'free': np.float64(-9299.225077432122)}]
------------------------------------------
  Seed: uu+dd:px+ipy
  Seed uu: [ 4.62543316e-02+6.23744686e-16j -4.62543316e-02-6.00889487e-16j
 -5.81547728e-16+4.62543316e-02j  5.73088463e-16-4.62543316e-02j], Seed dd: [ 4.62543316e-02+6.59256860e-16j -4.62543316e-02-6.50431306e-16j
 -6.38430067e-16+4.62543316e-02j  6.30263081e-16-4.62543316e-02j]
F_onsite: (1.7057316917771923e-20-4.721761972112433e-20j)
F_swave: (-2.4395055057585854e-21+3.5597160013863704e-23j), F_dwave: (-4.23296285827878e-20-3.9760860297147225e-20j)
F_px: (6.6780815344289824e-21-4.361698430737419e-20j), F_py: (-4.5899212207030536e-20+1.4061412812308075e-20j)
Free_energy = -9299.225077467536
------------------------------------------
[{'stable': {'Fuu_px': np.complex128(0.03166769549156925-0.03232424060982472j), 'Fuu_py': np.complex128(0.03232474218360657+0.03166818687777048j), 'Fdd_px': np.complex128(0.030357347955295703+0.03355592439327286j), 'Fdd_py': np.complex128(0.03355858909812102-0.03035975865843531j)}, 'free': np.float64(-9299.225077432122)}, {'stable': {'Fuu_px': np.complex128(0.045251864531665104+6.742976374347391e-16j), 'Fuu_py': np.complex128(-7.008171405174178e-16+0.045251864531665936j), 'Fdd_px': np.complex128(0.045251864531665215+7.196157265276367e-16j), 'Fdd_py': np.complex128(-7.499006616377751e-16+0.045251864531665895j)}, 'free': np.float64(-9299.225077467536)}]
------------------------------------------
====================================
mu=-0.24, T=0.0505
====================================
  Seed: normal state
  Seed uu: [0.+0.j 0.+0.j 0.+0.j 0.+0.j], Seed dd: [0.+0.j 0.+0.j 0.+0.j 0.+0.j]
F_onsite: 0j
F_swave: 0j, F_dwave: 0j
F_px: 0j, F_py: 0j
Free_energy = -9226.114288449664
------------------------------------------
[{'stable': {}, 'free': np.float64(-9226.114288449664)}]
------------------------------------------
  Seed: uu:px
  Seed uu: [ 6.25397617e-02+1.30853700e-15j -6.25397617e-02-1.30496919e-15j
  6.34550100e-19-9.95849738e-15j  1.30058600e-18+9.95641543e-15j], Seed dd: [0.+0.j 0.+0.j 0.+0.j 0.+0.j]
==================================================
WARNING: Failed to converge after 2000 iterations
==================================================
F_onsite: (-8.427151945452377e-23-5.201615055563773e-21j)
F_swave: (-8.058538119605828e-24-6.286960371254974e-22j), F_dwave: (-7.061776446087189e-23-1.5276530818421973e-20j)
F_px: (2.0385377371846872e-19-1.2464268531694894e-22j), F_py: (1.2061142323163848e-19-1.2748120939401218e-22j)
Free_energy = -9259.711971951805
------------------------------------------
[{'stable': {'Fuu_px': np.complex128(0.06090995905044108+9.98058995865125e-15j)}, 'free': np.float64(-9259.711971951805)}]
------------------------------------------
  Seed: uu:px+py
  Seed uu: [ 0.03086921-0.03308564j -0.03086921+0.03308564j  0.03308828+0.03087168j
 -0.03308828-0.03087168j], Seed dd: [0.+0.j 0.+0.j 0.+0.j 0.+0.j]
F_onsite: (1.0140934015089857e-20+9.378456472915234e-21j)
F_swave: (6.392767753149177e-22+1.3173739054504493e-21j), F_dwave: (3.4684778804028664e-20+6.920445455220152e-21j)
F_px: (5.781213158928544e-20+7.531877790907235e-20j), F_py: (6.454088653213601e-20-6.256329753341865e-20j)
Free_energy = -9261.23491412831
------------------------------------------
[{'stable': {'Fuu_px': np.complex128(0.03004453403967392-0.03220174744595351j), 'Fuu_py': np.complex128(0.03220368016427725+0.03004633728409597j)}, 'free': np.float64(-9261.23491412831)}]
------------------------------------------
  Seed: uu:px+ipy
  Seed uu: [ 4.52518645e-02+6.99312095e-16j -4.52518645e-02-6.89644035e-16j
 -7.31087028e-16+4.52518645e-02j  7.22051807e-16-4.52518645e-02j], Seed dd: [0.+0.j 0.+0.j 0.+0.j 0.+0.j]
F_onsite: (2.940660711985065e-20+5.993172952494156e-21j)
F_swave: (1.670991544497764e-21+2.894605007648021e-22j), F_dwave: (-3.4266368449428614e-20-4.8675205694664216e-20j)
F_px: (8.312797448702027e-20+4.6652894510130526e-20j), F_py: (8.33127231374279e-20+8.966525745001459e-20j)
Free_energy = -9261.234914134802
------------------------------------------
[{'stable': {'Fuu_px': np.complex128(0.03004453403967392-0.03220174744595351j), 'Fuu_py': np.complex128(0.03220368016427725+0.03004633728409597j)}, 'free': np.float64(-9261.23491412831)}, {'stable': {'Fuu_px': np.complex128(0.044042513354999265+8.057273855814444e-16j), 'Fuu_py': np.complex128(-8.473929362568834e-16+0.044042513354998994j)}, 'free': np.float64(-9261.234914134802)}]
------------------------------------------
  Seed: dd:px
  Seed uu: [0.+0.j 0.+0.j 0.+0.j 0.+0.j], Seed dd: [ 6.25408146e-02+1.57643716e-15j -6.25408146e-02-1.56228499e-15j
 -5.78900697e-19-8.33025029e-15j -8.09832981e-19+8.32545428e-15j]
F_onsite: (-2.733607664554415e-20-4.967996410835387e-35j)
F_swave: (-2.1355017400351614e-21-1.234269068363402e-35j), F_dwave: (-2.5268531509770593e-20-9.5990868688148e-35j)
F_px: (-1.3240768367662246e-34+2.9803430599134673e-20j), F_py: (-2.317134464340893e-34-1.2480861516764454e-22j)
Free_energy = -9259.713828823356
------------------------------------------
[{'stable': {'Fuu_px': np.complex128(0.03004453403967392-0.03220174744595351j), 'Fuu_py': np.complex128(0.03220368016427725+0.03004633728409597j)}, 'free': np.float64(-9261.23491412831)}, {'stable': {'Fuu_px': np.complex128(0.044042513354999265+8.057273855814444e-16j), 'Fuu_py': np.complex128(-8.473929362568834e-16+0.044042513354998994j)}, 'free': np.float64(-9261.234914134802)}]
------------------------------------------
  Seed: dd:px+py
  Seed uu: [0.+0.j 0.+0.j 0.+0.j 0.+0.j], Seed dd: [ 0.03150367-0.03248215j -0.03150367+0.03248215j  0.03248469+0.03150613j
 -0.03248469-0.03150613j]
F_onsite: (-9.993974538726382e-22+2.5177580140228534e-21j)
F_swave: (3.7855896712935395e-22+1.917295073241372e-22j), F_dwave: (-1.2115745682756449e-20+1.2724393963371196e-21j)
F_px: (-1.901000578158493e-22-1.4051814228039033e-20j), F_py: (-4.315166718089245e-22+3.398646864682986e-21j)
Free_energy = -9261.234914128563
------------------------------------------
[{'stable': {'Fuu_px': np.complex128(0.03004453403967392-0.03220174744595351j), 'Fuu_py': np.complex128(0.03220368016427725+0.03004633728409597j)}, 'free': np.float64(-9261.23491412831)}, {'stable': {'Fuu_px': np.complex128(0.044042513354999265+8.057273855814444e-16j), 'Fuu_py': np.complex128(-8.473929362568834e-16+0.044042513354998994j)}, 'free': np.float64(-9261.234914134802)}, {'stable': {'Fdd_px': np.complex128(0.03066203079153428-0.03161437309278037j), 'Fdd_py': np.complex128(0.031616235447946485+0.030663837045647912j)}, 'free': np.float64(-9261.234914128563)}]
------------------------------------------
  Seed: dd:px+ipy
  Seed uu: [0.+0.j 0.+0.j 0.+0.j 0.+0.j], Seed dd: [ 4.52518645e-02+7.00838078e-16j -4.52518645e-02-6.95278260e-16j
 -7.28220456e-16+4.52518645e-02j  7.20220574e-16-4.52518645e-02j]
F_onsite: (-1.3590013525303555e-20+2.906370074872405e-21j)
F_swave: (-8.216751307828349e-22+2.4956341033550905e-22j), F_dwave: (-1.2587374149700065e-21+2.662797260641128e-21j)
F_px: (-4.0514233757735875e-22-1.0733964481754007e-20j), F_py: (-1.700752603058698e-21-9.019771612031009e-21j)
Free_energy = -9261.2349141348
------------------------------------------
[{'stable': {'Fuu_px': np.complex128(0.03004453403967392-0.03220174744595351j), 'Fuu_py': np.complex128(0.03220368016427725+0.03004633728409597j)}, 'free': np.float64(-9261.23491412831)}, {'stable': {'Fuu_px': np.complex128(0.044042513354999265+8.057273855814444e-16j), 'Fuu_py': np.complex128(-8.473929362568834e-16+0.044042513354998994j)}, 'free': np.float64(-9261.234914134802)}, {'stable': {'Fdd_px': np.complex128(0.03066203079153428-0.03161437309278037j), 'Fdd_py': np.complex128(0.031616235447946485+0.030663837045647912j)}, 'free': np.float64(-9261.234914128563)}, {'stable': {'Fdd_px': np.complex128(0.044042513354999285+7.884444723861084e-16j), 'Fdd_py': np.complex128(-8.377466074161962e-16+0.044042513354998966j)}, 'free': np.float64(-9261.2349141348)}]
------------------------------------------
  Seed: uu+dd:px
  Seed uu: [ 6.25386806e-02+1.26812590e-15j -6.25386806e-02-1.24946232e-15j
 -5.95014176e-19-9.17675220e-15j  2.02015373e-18+9.16568328e-15j], Seed dd: [ 6.25386806e-02+1.19338218e-15j -6.25386806e-02-1.18223909e-15j
  5.73365205e-19-9.39260653e-15j  3.03552124e-19+9.39118441e-15j]
==================================================
WARNING: Failed to converge after 2000 iterations
==================================================
F_onsite: (2.844158898081214e-23+4.3292530748555567e-20j)
F_swave: (4.4905669075373956e-24+1.837167311182222e-21j), F_dwave: (1.2064724841646903e-22+5.2122826684817963e-20j)
F_px: (-1.8466180348714135e-20+5.617355824532155e-23j), F_py: (-3.694400393766517e-20-2.0456398627282484e-23j)
Free_energy = -9293.309653620041
------------------------------------------
[{'stable': {'Fuu_px': np.complex128(0.06090996388767627+1.1670472119205345e-14j), 'Fdd_px': np.complex128(0.06090996315375034+1.1640640333487098e-14j)}, 'free': np.float64(-9293.309653620041)}]
------------------------------------------
  Seed: uu+dd:px+py
  Seed uu: [ 0.0316677 -0.03232424j -0.0316677 +0.03232424j  0.03232474+0.03166819j
 -0.03232474-0.03166819j], Seed dd: [ 0.03035735+0.03355592j -0.03035735-0.03355592j  0.03355859-0.03035976j
 -0.03355859+0.03035976j]
F_onsite: (4.363508355678548e-20-3.2765154289638017e-20j)
F_swave: (5.713761170301944e-21-3.957871426177322e-21j), F_dwave: (1.1035498123907196e-20-1.1777076933657821e-20j)
F_px: (1.35830294468959e-20-4.3322616485390263e-20j), F_py: (2.740846190948879e-20+3.2964518565770895e-20j)
Free_energy = -9296.355539813234
------------------------------------------
[{'stable': {'Fuu_px': np.complex128(0.030821438917207004-0.03146043916476449j), 'Fuu_py': np.complex128(0.031460806576925376+0.03082179886677415j), 'Fdd_px': np.complex128(0.02954634133245555+0.032659466739641915j), 'Fdd_py': np.complex128(0.032661418685702964-0.029548107217521925j)}, 'free': np.float64(-9296.355539813234)}]
------------------------------------------
  Seed: uu+dd:px+ipy
  Seed uu: [ 4.52518645e-02+6.79705083e-16j -4.52518645e-02-6.68890192e-16j
 -7.05811379e-16+4.52518645e-02j  6.95822902e-16-4.52518645e-02j], Seed dd: [ 4.52518645e-02+7.25797174e-16j -4.52518645e-02-7.13434279e-16j
 -7.54041753e-16+4.52518645e-02j  7.45759570e-16-4.52518645e-02j]
F_onsite: (2.509447762973638e-20-3.549859621039069e-20j)
F_swave: (3.652185646654173e-21+1.5806105612863124e-21j), F_dwave: (1.3457548201697748e-20+4.290284455268093e-20j)
F_px: (2.964685859895277e-20+2.2070899638570763e-20j), F_py: (-7.903601653925394e-21+3.7147452116257795e-20j)
Free_energy = -9296.355539819835
------------------------------------------
[{'stable': {'Fuu_px': np.complex128(0.030821438917207004-0.03146043916476449j), 'Fuu_py': np.complex128(0.031460806576925376+0.03082179886677415j), 'Fdd_px': np.complex128(0.02954634133245555+0.032659466739641915j), 'Fdd_py': np.complex128(0.032661418685702964-0.029548107217521925j)}, 'free': np.float64(-9296.355539813234)}, {'stable': {'Fuu_px': np.complex128(0.04404251335499917+7.016647822696029e-16j), 'Fuu_py': np.complex128(-7.696653151941172e-16+0.04404251335499912j), 'Fdd_px': np.complex128(0.044042513354999244+8.144989543807445e-16j), 'Fdd_py': np.complex128(-8.609396135916602e-16+0.04404251335499901j)}, 'free': np.float64(-9296.355539819835)}]
------------------------------------------
====================================
mu=-0.24, T=0.0546
====================================
  Seed: normal state
  Seed uu: [0.+0.j 0.+0.j 0.+0.j 0.+0.j], Seed dd: [0.+0.j 0.+0.j 0.+0.j 0.+0.j]
F_onsite: 0j
F_swave: 0j, F_dwave: 0j
F_px: 0j, F_py: 0j
Free_energy = -9227.874665675236
------------------------------------------
[{'stable': {}, 'free': np.float64(-9227.874665675236)}]
------------------------------------------
  Seed: uu:px
  Seed uu: [ 6.09099591e-02+9.98861030e-15j -6.09099591e-02-9.97256962e-15j
  7.06030086e-18-6.90316959e-05j -7.45991181e-18+6.90316959e-05j], Seed dd: [0.+0.j 0.+0.j 0.+0.j 0.+0.j]
F_onsite: (-1.63042098380815e-19+1.4687798238976364e-19j)
F_swave: (-8.848567691562377e-21+7.993751563907525e-21j), F_dwave: (-6.894665013140193e-20-2.146289810457949e-20j)
F_px: (4.7959382160987887e-20-2.3755723251051455e-20j), F_py: (6.018863256257815e-20-1.1944128631451745e-19j)
Free_energy = -9260.477572742053
------------------------------------------
[{'stable': {'Fuu_px': np.complex128(0.04269515666084054+1.169421666294348e-14j), 'Fuu_py': np.complex128(1.1617102161385628e-14-0.04250302691778656j)}, 'free': np.float64(-9260.477572742053)}]
------------------------------------------
  Seed: uu:px+py
  Seed uu: [ 0.03004453-0.03220175j -0.03004453+0.03220175j  0.03220368+0.03004634j
 -0.03220368-0.03004634j], Seed dd: [0.+0.j 0.+0.j 0.+0.j 0.+0.j]
F_onsite: (-6.35256972852657e-21+5.2537783991871033e-23j)
F_swave: (-4.251005449002779e-22+8.463430802686366e-22j), F_dwave: (-4.0809879535337537e-20+5.1547366047539465e-20j)
F_px: (1.674233547629104e-19-1.0499827834453377e-19j), F_py: (1.78797325152836e-19+8.647088623456251e-20j)
Free_energy = -9260.483305223517
------------------------------------------
[{'stable': {'Fuu_px': np.complex128(0.04269515666084054+1.169421666294348e-14j), 'Fuu_py': np.complex128(1.1617102161385628e-14-0.04250302691778656j)}, 'free': np.float64(-9260.477572742053)}, {'stable': {'Fuu_px': np.complex128(0.029062333690767092-0.031149024593435826j), 'Fuu_py': np.complex128(0.031150438116237255+0.029063652520870547j)}, 'free': np.float64(-9260.483305223517)}]
------------------------------------------
  Seed: uu:px+ipy
  Seed uu: [ 4.40425134e-02+8.16253041e-16j -4.40425134e-02-7.95201731e-16j
 -8.51060907e-16+4.40425134e-02j  8.43724966e-16-4.40425134e-02j], Seed dd: [0.+0.j 0.+0.j 0.+0.j 0.+0.j]
F_onsite: (-7.935016543070724e-20+5.555352803500919e-20j)
F_swave: (-3.8511620203925436e-21+2.4791447223991396e-21j), F_dwave: (-7.617195003112884e-20-1.2138933834558637e-21j)
F_px: (5.265081784365855e-20+2.879508021700677e-20j), F_py: (1.5235840466081314e-20+6.954984366132552e-20j)
Free_energy = -9260.483305226811
------------------------------------------
[{'stable': {'Fuu_px': np.complex128(0.04269515666084054+1.169421666294348e-14j), 'Fuu_py': np.complex128(1.1617102161385628e-14-0.04250302691778656j)}, 'free': np.float64(-9260.477572742053)}, {'stable': {'Fuu_px': np.complex128(0.029062333690767092-0.031149024593435826j), 'Fuu_py': np.complex128(0.031150438116237255+0.029063652520870547j)}, 'free': np.float64(-9260.483305223517)}, {'stable': {'Fuu_px': np.complex128(0.04260238646910816+1.0155718705647066e-15j), 'Fuu_py': np.complex128(-9.838571570744927e-16+0.04260238646910795j)}, 'free': np.float64(-9260.483305226811)}]
------------------------------------------
  Seed: dd:px
  Seed uu: [0.+0.j 0.+0.j 0.+0.j 0.+0.j], Seed dd: [ 6.09114031e-02+1.61689934e-15j -6.09114031e-02-1.59777080e-15j
  1.74487464e-18-1.14177941e-14j -7.66978408e-19+1.14122898e-14j]
==================================================
WARNING: Failed to converge after 2000 iterations
==================================================
F_onsite: (2.4974165495161688e-20-3.971511817793571e-25j)
F_swave: (1.5380105771651571e-21-3.746238208599223e-26j), F_dwave: (-1.3425558576099122e-21-4.0810695441618214e-25j)
F_px: (3.811046683952646e-26-6.90218509881367e-21j), F_py: (-4.4809536486310826e-26+1.3118732627966171e-22j)
Free_energy = -9259.107461776417
------------------------------------------
[{'stable': {'Fuu_px': np.complex128(0.04269515666084054+1.169421666294348e-14j), 'Fuu_py': np.complex128(1.1617102161385628e-14-0.04250302691778656j)}, 'free': np.float64(-9260.477572742053)}, {'stable': {'Fuu_px': np.complex128(0.029062333690767092-0.031149024593435826j), 'Fuu_py': np.complex128(0.031150438116237255+0.029063652520870547j)}, 'free': np.float64(-9260.483305223517)}, {'stable': {'Fuu_px': np.complex128(0.04260238646910816+1.0155718705647066e-15j), 'Fuu_py': np.complex128(-9.838571570744927e-16+0.04260238646910795j)}, 'free': np.float64(-9260.483305226811)}]
------------------------------------------
  Seed: dd:px+py
  Seed uu: [0.+0.j 0.+0.j 0.+0.j 0.+0.j], Seed dd: [ 0.03066203-0.03161437j -0.03066203+0.03161437j  0.03161624+0.03066384j
 -0.03161624-0.03066384j]
F_onsite: (6.52386330043336e-21+4.025480322128884e-22j)
F_swave: (8.720158294188176e-22+3.550564758103899e-24j), F_dwave: (5.843417796834747e-20+4.760560843951088e-21j)
F_px: (7.442690370350464e-22-5.002004220212345e-21j), F_py: (3.2225775633629712e-22-1.7528908974995337e-20j)
Free_energy = -9260.483305223614
------------------------------------------
[{'stable': {'Fuu_px': np.complex128(0.04269515666084054+1.169421666294348e-14j), 'Fuu_py': np.complex128(1.1617102161385628e-14-0.04250302691778656j)}, 'free': np.float64(-9260.477572742053)}, {'stable': {'Fuu_px': np.complex128(0.029062333690767092-0.031149024593435826j), 'Fuu_py': np.complex128(0.031150438116237255+0.029063652520870547j)}, 'free': np.float64(-9260.483305223517)}, {'stable': {'Fuu_px': np.complex128(0.04260238646910816+1.0155718705647066e-15j), 'Fuu_py': np.complex128(-9.838571570744927e-16+0.04260238646910795j)}, 'free': np.float64(-9260.483305226811)}, {'stable': {'Fdd_px': np.complex128(0.029659639541282715-0.030580848236391983j), 'Fdd_py': np.complex128(0.030582210298032944+0.029660960572569728j)}, 'free': np.float64(-9260.483305223614)}]
------------------------------------------
  Seed: dd:px+ipy
  Seed uu: [0.+0.j 0.+0.j 0.+0.j 0.+0.j], Seed dd: [ 4.40425134e-02+7.92125572e-16j -4.40425134e-02-7.84763373e-16j
 -8.42134026e-16+4.40425134e-02j  8.33359189e-16-4.40425134e-02j]
F_onsite: (-4.504471939988193e-21-5.19515670119864e-22j)
F_swave: (-3.1401687902380936e-23-2.5062685378559455e-23j), F_dwave: (-4.638076305777562e-21-6.686946349504025e-22j)
F_px: (1.277777158367937e-21-1.2445821880214839e-20j), F_py: (1.088897378126753e-21-9.93512349221634e-22j)
Free_energy = -9260.483305226811
------------------------------------------
[{'stable': {'Fuu_px': np.complex128(0.04269515666084054+1.169421666294348e-14j), 'Fuu_py': np.complex128(1.1617102161385628e-14-0.04250302691778656j)}, 'free': np.float64(-9260.477572742053)}, {'stable': {'Fuu_px': np.complex128(0.029062333690767092-0.031149024593435826j), 'Fuu_py': np.complex128(0.031150438116237255+0.029063652520870547j)}, 'free': np.float64(-9260.483305223517)}, {'stable': {'Fuu_px': np.complex128(0.04260238646910816+1.0155718705647066e-15j), 'Fuu_py': np.complex128(-9.838571570744927e-16+0.04260238646910795j)}, 'free': np.float64(-9260.483305226811)}, {'stable': {'Fdd_px': np.complex128(0.029659639541282715-0.030580848236391983j), 'Fdd_py': np.complex128(0.030582210298032944+0.029660960572569728j)}, 'free': np.float64(-9260.483305223614)}, {'stable': {'Fdd_px': np.complex128(0.04260238646910819+1.0297488198215794e-15j), 'Fdd_py': np.complex128(-9.872992872138973e-16+0.04260238646910796j)}, 'free': np.float64(-9260.483305226811)}]
------------------------------------------
  Seed: uu+dd:px
  Seed uu: [ 6.09099639e-02+1.16725768e-14j -6.09099639e-02-1.16683675e-14j
  1.04140947e-17-6.37476486e-05j -1.05979207e-17+6.37476486e-05j], Seed dd: [ 6.09099632e-02+1.16408869e-14j -6.09099632e-02-1.16403937e-14j
  9.78172176e-18-6.45771965e-05j -1.04062928e-17+6.45771965e-05j]
F_onsite: (3.107764203614761e-20-4.086084323312286e-20j)
F_swave: (1.0340252668382335e-21-6.476644584099915e-22j), F_dwave: (3.817096869600476e-20+2.407742587674252e-20j)
F_px: (-4.5913999942814335e-20-1.697978413920275e-20j), F_py: (-9.586742582802383e-22+8.768250432825582e-21j)
Free_energy = -9293.080480592707
------------------------------------------
[{'stable': {'Fuu_px': np.complex128(0.042695213177213934+1.1975877445164629e-14j), 'Fuu_py': np.complex128(1.1915210404383434e-14-0.04250297009609417j), 'Fdd_px': np.complex128(0.042693936311642346+1.3155501942269499e-14j), 'Fdd_py': np.complex128(1.3074402190399485e-14-0.04250425381565465j)}, 'free': np.float64(-9293.080480592707)}]
------------------------------------------
  Seed: uu+dd:px+py
  Seed uu: [ 0.03082144-0.03146044j -0.03082144+0.03146044j  0.03146081+0.0308218j
 -0.03146081-0.0308218j ], Seed dd: [ 0.02954634+0.03265947j -0.02954634-0.03265947j  0.03266142-0.02954811j
 -0.03266142+0.02954811j]
F_onsite: (-6.244779071406043e-20-1.056044270807877e-20j)
F_swave: (-4.274864124752572e-21-1.1417914880679667e-22j), F_dwave: (5.653139796553187e-21+2.0772910006209808e-20j)
F_px: (-5.154164697048388e-20-5.031924682253651e-21j), F_py: (-6.476896655327291e-20+3.0127131809814806e-20j)
Free_energy = -9293.091944774924
------------------------------------------
[{'stable': {'Fuu_px': np.complex128(0.042695213177213934+1.1975877445164629e-14j), 'Fuu_py': np.complex128(1.1915210404383434e-14-0.04250297009609417j), 'Fdd_px': np.complex128(0.042693936311642346+1.3155501942269499e-14j), 'Fdd_py': np.complex128(1.3074402190399485e-14-0.04250425381565465j)}, 'free': np.float64(-9293.080480592707)}, {'stable': {'Fuu_px': np.complex128(0.02981366462608514-0.03043177136431488j), 'Fuu_py': np.complex128(0.030432040076760203+0.029813927880649876j), 'Fdd_px': np.complex128(0.0285804267616567+0.03159177939238679j), 'Fdd_py': np.complex128(0.03159320697768537-0.02858171826843011j)}, 'free': np.float64(-9293.091944774924)}]
------------------------------------------
  Seed: uu+dd:px+ipy
  Seed uu: [ 4.40425134e-02+7.04543371e-16j -4.40425134e-02-6.98786194e-16j
 -7.74489419e-16+4.40425134e-02j  7.64841211e-16-4.40425134e-02j], Seed dd: [ 4.40425134e-02+8.21892321e-16j -4.40425134e-02-8.07105588e-16j
 -8.65437279e-16+4.40425134e-02j  8.56441948e-16-4.40425134e-02j]
F_onsite: (3.4674618418575325e-20-1.0176401837346633e-19j)
F_swave: (-1.6984383390490363e-21-7.621364463111266e-21j), F_dwave: (-9.784654428462406e-20+5.976596515151299e-21j)
F_px: (1.1677332408476657e-20+3.8461016607860283e-20j), F_py: (3.6093739233251105e-20+5.7937087211343e-20j)
Free_energy = -9293.09194477835
------------------------------------------
[{'stable': {'Fuu_px': np.complex128(0.042695213177213934+1.1975877445164629e-14j), 'Fuu_py': np.complex128(1.1915210404383434e-14-0.04250297009609417j), 'Fdd_px': np.complex128(0.042693936311642346+1.3155501942269499e-14j), 'Fdd_py': np.complex128(1.3074402190399485e-14-0.04250425381565465j)}, 'free': np.float64(-9293.080480592707)}, {'stable': {'Fuu_px': np.complex128(0.02981366462608514-0.03043177136431488j), 'Fuu_py': np.complex128(0.030432040076760203+0.029813927880649876j), 'Fdd_px': np.complex128(0.0285804267616567+0.03159177939238679j), 'Fdd_py': np.complex128(0.03159320697768537-0.02858171826843011j)}, 'free': np.float64(-9293.091944774924)}, {'stable': {'Fuu_px': np.complex128(0.042602386469108126+8.332174163681091e-16j), 'Fuu_py': np.complex128(-8.17651147789282e-16+0.042602386469108085j), 'Fdd_px': np.complex128(0.042602386469108175+1.04825288982906e-15j), 'Fdd_py': np.complex128(-9.958135829903587e-16+0.042602386469107925j)}, 'free': np.float64(-9293.09194477835)}]
------------------------------------------
====================================
mu=-0.24, T=0.0588
====================================
  Seed: normal state
  Seed uu: [0.+0.j 0.+0.j 0.+0.j 0.+0.j], Seed dd: [0.+0.j 0.+0.j 0.+0.j 0.+0.j]
F_onsite: 0j
F_swave: 0j, F_dwave: 0j
F_px: 0j, F_py: 0j
Free_energy = -9229.777560618475
------------------------------------------
[{'stable': {}, 'free': np.float64(-9229.777560618475)}]
------------------------------------------
  Seed: uu:px
  Seed uu: [ 4.26951567e-02+1.16954897e-14j -4.26951567e-02-1.16929436e-14j
  1.16222784e-14-4.25030269e-02j -1.16119260e-14+4.25030269e-02j], Seed dd: [0.+0.j 0.+0.j 0.+0.j 0.+0.j]
F_onsite: (-1.107798366851022e-20-1.0306007747186662e-19j)
F_swave: (-7.852473182113443e-22-5.931055704539705e-21j), F_dwave: (1.6068218769960135e-20+3.106613487218117e-20j)
F_px: (1.1896015342229154e-20+2.6834736725237814e-20j), F_py: (-1.814114111048284e-20-5.799772131850369e-20j)
Free_energy = -9259.604495966605
------------------------------------------
[{'stable': {'Fuu_px': np.complex128(0.04096920762569895+1.1218243147725295e-14j), 'Fuu_py': np.complex128(1.1231216291110552e-14-0.040833105211086664j)}, 'free': np.float64(-9259.604495966605)}]
------------------------------------------
  Seed: uu:px+py
  Seed uu: [ 0.02906233-0.03114902j -0.02906233+0.03114902j  0.03115044+0.02906365j
 -0.03115044-0.02906365j], Seed dd: [0.+0.j 0.+0.j 0.+0.j 0.+0.j]
F_onsite: (-2.035661820580742e-20-9.111526221794992e-21j)
F_swave: (-1.5504122370486613e-21+2.2205795726698126e-22j), F_dwave: (-2.736572693528945e-20-4.171888348550976e-20j)
F_px: (2.5044093822134588e-20-4.989595935854707e-20j), F_py: (-2.3187210792259074e-21+2.1605233655086906e-20j)
Free_energy = -9259.608079512984
------------------------------------------
[{'stable': {'Fuu_px': np.complex128(0.04096920762569895+1.1218243147725295e-14j), 'Fuu_py': np.complex128(1.1231216291110552e-14-0.040833105211086664j)}, 'free': np.float64(-9259.604495966605)}, {'stable': {'Fuu_px': np.complex128(0.02790343138739386-0.029906912492829507j), 'Fuu_py': np.complex128(0.029907949838554427+0.027904399240737655j)}, 'free': np.float64(-9259.608079512984)}]
------------------------------------------
  Seed: uu:px+ipy
  Seed uu: [ 4.26023865e-02+1.02433203e-15j -4.26023865e-02-1.00681171e-15j
 -9.88257930e-16+4.26023865e-02j  9.79456384e-16-4.26023865e-02j], Seed dd: [0.+0.j 0.+0.j 0.+0.j 0.+0.j]
F_onsite: (3.7567132148183046e-20-7.327565202397902e-20j)
F_swave: (1.90880157206098e-21-3.4949553389382535e-21j), F_dwave: (-1.3014479638327103e-20-2.5480615455539156e-20j)
F_px: (4.5918084805249313e-20+2.3173799263207583e-20j), F_py: (2.498541186395797e-20-7.299210120349668e-21j)
Free_energy = -9259.608079514763
------------------------------------------
[{'stable': {'Fuu_px': np.complex128(0.04096920762569895+1.1218243147725295e-14j), 'Fuu_py': np.complex128(1.1231216291110552e-14-0.040833105211086664j)}, 'free': np.float64(-9259.604495966605)}, {'stable': {'Fuu_px': np.complex128(0.02790343138739386-0.029906912492829507j), 'Fuu_py': np.complex128(0.029907949838554427+0.027904399240737655j)}, 'free': np.float64(-9259.608079512984)}, {'stable': {'Fuu_px': np.complex128(0.04090333640894384+1.0199802800084712e-15j), 'Fuu_py': np.complex128(-1.0180955390566018e-15+0.0409033364089435j)}, 'free': np.float64(-9259.608079514763)}]
------------------------------------------
  Seed: dd:px
  Seed uu: [0.+0.j 0.+0.j 0.+0.j 0.+0.j], Seed dd: [ 5.89566180e-02+1.11316772e-14j -5.89566180e-02-1.11223311e-14j
 -1.03945501e-18-4.40194853e-06j -1.34013185e-19+4.40194853e-06j]
F_onsite: (1.6028966217473903e-20+4.4963233581661225e-22j)
F_swave: (9.94003103157562e-22+1.1936016361202377e-23j), F_dwave: (2.388861529236678e-20+2.0249760831680487e-21j)
F_px: (8.762350312416894e-22-2.9765726670406437e-21j), F_py: (-1.2369583516753104e-21+1.940135135881314e-21j)
Free_energy = -9259.601606184111
------------------------------------------
[{'stable': {'Fuu_px': np.complex128(0.04096920762569895+1.1218243147725295e-14j), 'Fuu_py': np.complex128(1.1231216291110552e-14-0.040833105211086664j)}, 'free': np.float64(-9259.604495966605)}, {'stable': {'Fuu_px': np.complex128(0.02790343138739386-0.029906912492829507j), 'Fuu_py': np.complex128(0.029907949838554427+0.027904399240737655j)}, 'free': np.float64(-9259.608079512984)}, {'stable': {'Fuu_px': np.complex128(0.04090333640894384+1.0199802800084712e-15j), 'Fuu_py': np.complex128(-1.0180955390566018e-15+0.0409033364089435j)}, 'free': np.float64(-9259.608079514763)}, {'stable': {'Fdd_px': np.complex128(0.041011282891302195+1.341009561460757e-14j), 'Fdd_py': np.complex128(1.3360029707321964e-14-0.04078740948945851j)}, 'free': np.float64(-9259.601606184111)}]
------------------------------------------
  Seed: dd:px+py
  Seed uu: [0.+0.j 0.+0.j 0.+0.j 0.+0.j], Seed dd: [ 0.02965964-0.03058085j -0.02965964+0.03058085j  0.03058221+0.02966096j
 -0.03058221-0.02966096j]
F_onsite: (2.6167789995267716e-20+2.630217088624085e-21j)
F_swave: (2.030921587656143e-21+2.201313756597433e-22j), F_dwave: (1.0027178298175682e-20-5.854767687964246e-24j)
F_px: (-5.850203797868237e-23-1.2947630269395146e-21j), F_py: (1.0147487645236795e-22+1.727043749807944e-20j)
Free_energy = -9259.608079513062
------------------------------------------
[{'stable': {'Fuu_px': np.complex128(0.04096920762569895+1.1218243147725295e-14j), 'Fuu_py': np.complex128(1.1231216291110552e-14-0.040833105211086664j)}, 'free': np.float64(-9259.604495966605)}, {'stable': {'Fuu_px': np.complex128(0.02790343138739386-0.029906912492829507j), 'Fuu_py': np.complex128(0.029907949838554427+0.027904399240737655j)}, 'free': np.float64(-9259.608079512984)}, {'stable': {'Fuu_px': np.complex128(0.04090333640894384+1.0199802800084712e-15j), 'Fuu_py': np.complex128(-1.0180955390566018e-15+0.0409033364089435j)}, 'free': np.float64(-9259.608079514763)}, {'stable': {'Fdd_px': np.complex128(0.041011282891302195+1.341009561460757e-14j), 'Fdd_py': np.complex128(1.3360029707321964e-14-0.04078740948945851j)}, 'free': np.float64(-9259.601606184111)}, {'stable': {'Fdd_px': np.complex128(0.028476915991736206-0.029361390079324798j), 'Fdd_py': np.complex128(0.02936238965911093+0.028477885460468026j)}, 'free': np.float64(-9259.608079513062)}]
------------------------------------------
  Seed: dd:px+ipy
  Seed uu: [0.+0.j 0.+0.j 0.+0.j 0.+0.j], Seed dd: [ 4.26023865e-02+1.03207158e-15j -4.26023865e-02-1.02742606e-15j
 -9.91980534e-16+4.26023865e-02j  9.82618041e-16-4.26023865e-02j]
F_onsite: (2.1061344767773234e-20+1.9260821227007287e-21j)
F_swave: (2.0326996629845016e-21+1.5321086364406195e-22j), F_dwave: (6.140368408779606e-21+1.2874035427723511e-21j)
F_px: (-1.3256295750588561e-21+1.9511210038501417e-21j), F_py: (-6.069034917730437e-22+8.438452144540957e-21j)
Free_energy = -9259.608079514763
------------------------------------------
[{'stable': {'Fuu_px': np.complex128(0.04096920762569895+1.1218243147725295e-14j), 'Fuu_py': np.complex128(1.1231216291110552e-14-0.040833105211086664j)}, 'free': np.float64(-9259.604495966605)}, {'stable': {'Fuu_px': np.complex128(0.02790343138739386-0.029906912492829507j), 'Fuu_py': np.complex128(0.029907949838554427+0.027904399240737655j)}, 'free': np.float64(-9259.608079512984)}, {'stable': {'Fuu_px': np.complex128(0.04090333640894384+1.0199802800084712e-15j), 'Fuu_py': np.complex128(-1.0180955390566018e-15+0.0409033364089435j)}, 'free': np.float64(-9259.608079514763)}, {'stable': {'Fdd_px': np.complex128(0.041011282891302195+1.341009561460757e-14j), 'Fdd_py': np.complex128(1.3360029707321964e-14-0.04078740948945851j)}, 'free': np.float64(-9259.601606184111)}, {'stable': {'Fdd_px': np.complex128(0.028476915991736206-0.029361390079324798j), 'Fdd_py': np.complex128(0.02936238965911093+0.028477885460468026j)}, 'free': np.float64(-9259.608079513062)}, {'stable': {'Fdd_px': np.complex128(0.040903336408943794+1.054382298168078e-15j), 'Fdd_py': np.complex128(-1.0450552875136159e-15+0.040903336408943496j)}, 'free': np.float64(-9259.608079514763)}]
------------------------------------------
  Seed: uu+dd:px
  Seed uu: [ 4.26952132e-02+1.19777799e-14j -4.26952132e-02-1.19739750e-14j
  1.19195725e-14-4.25029701e-02j -1.19108483e-14+4.25029701e-02j], Seed dd: [ 4.26939363e-02+1.31617953e-14j -4.26939363e-02-1.31492086e-14j
  1.30790673e-14-4.25042538e-02j -1.30697370e-14+4.25042538e-02j]
F_onsite: (1.3947083119392406e-21+4.161801968949543e-21j)
F_swave: (2.7303542535568622e-21-1.7455689586894017e-21j), F_dwave: (9.287861090126218e-21-6.6427034628049634e-21j)
F_px: (2.9941777339576415e-20+5.3409520182088253e-20j), F_py: (-3.253704421245955e-20-5.97594456571181e-20j)
Free_energy = -9289.431431693227
------------------------------------------
[{'stable': {'Fuu_px': np.complex128(0.040969247690279334+1.1491510349599856e-14j), 'Fuu_py': np.complex128(1.1508931236521366e-14-0.04083306498770645j), 'Fdd_px': np.complex128(0.040968342521787826+1.274414362074856e-14j), 'Fdd_py': np.complex128(1.2725693482917017e-14-0.040833973721042145j)}, 'free': np.float64(-9289.431431693227)}]
------------------------------------------
  Seed: uu+dd:px+py
  Seed uu: [ 0.02981366-0.03043177j -0.02981366+0.03043177j  0.03043204+0.02981393j
 -0.03043204-0.02981393j], Seed dd: [ 0.02858043+0.03159178j -0.02858043-0.03159178j  0.03159321-0.02858172j
 -0.03159321+0.02858172j]
F_onsite: (4.2515199461371694e-20-3.206508002959075e-20j)
F_swave: (3.5155422439458214e-21-4.67074687224676e-22j), F_dwave: (1.7922939186008354e-20+1.4590171164099868e-20j)
F_px: (-1.7255917083108513e-20+1.192206223246484e-20j), F_py: (-5.734536293280591e-22-2.652567021876011e-20j)
Free_energy = -9289.438598409175
------------------------------------------
[{'stable': {'Fuu_px': np.complex128(0.040969247690279334+1.1491510349599856e-14j), 'Fuu_py': np.complex128(1.1508931236521366e-14-0.04083306498770645j), 'Fdd_px': np.complex128(0.040968342521787826+1.274414362074856e-14j), 'Fdd_py': np.complex128(1.2725693482917017e-14-0.040833973721042145j)}, 'free': np.float64(-9289.431431693227)}, {'stable': {'Fuu_px': np.complex128(0.028624678652179963-0.029218134940645374j), 'Fuu_py': np.complex128(0.029218332141359785+0.02862487184750473j), 'Fdd_px': np.complex128(0.02744074057224992+0.030332011126064755j), 'Fdd_py': np.complex128(0.030333058791871287-0.027441688373749024j)}, 'free': np.float64(-9289.438598409175)}]
------------------------------------------
  Seed: uu+dd:px+ipy
  Seed uu: [ 4.26023865e-02+8.32759648e-16j -4.26023865e-02-8.33675185e-16j
 -8.21404801e-16+4.26023865e-02j  8.13897495e-16-4.26023865e-02j], Seed dd: [ 4.26023865e-02+1.05727605e-15j -4.26023865e-02-1.03922973e-15j
 -1.00036971e-15+4.26023865e-02j  9.91257459e-16-4.26023865e-02j]
F_onsite: (5.8444944604580334e-21-4.2402096076115503e-20j)
F_swave: (5.755899959713863e-21+8.083229855227556e-22j), F_dwave: (-8.506052335288067e-20+6.992337596918848e-20j)
F_px: (4.1744565295337786e-21+1.4681937907405143e-21j), F_py: (-4.54052530284435e-20+1.984336944350668e-20j)
Free_energy = -9289.438598410969
------------------------------------------
[{'stable': {'Fuu_px': np.complex128(0.040969247690279334+1.1491510349599856e-14j), 'Fuu_py': np.complex128(1.1508931236521366e-14-0.04083306498770645j), 'Fdd_px': np.complex128(0.040968342521787826+1.274414362074856e-14j), 'Fdd_py': np.complex128(1.2725693482917017e-14-0.040833973721042145j)}, 'free': np.float64(-9289.431431693227)}, {'stable': {'Fuu_px': np.complex128(0.028624678652179963-0.029218134940645374j), 'Fuu_py': np.complex128(0.029218332141359785+0.02862487184750473j), 'Fdd_px': np.complex128(0.02744074057224992+0.030332011126064755j), 'Fdd_py': np.complex128(0.030333058791871287-0.027441688373749024j)}, 'free': np.float64(-9289.438598409175)}, {'stable': {'Fuu_px': np.complex128(0.04090333640894375+9.02379496161105e-16j), 'Fuu_py': np.complex128(-8.691224547879492e-16+0.0409033364089436j), 'Fdd_px': np.complex128(0.04090333640894372+1.0717798652137587e-15j), 'Fdd_py': np.complex128(-1.0579271972267862e-15+0.040903336408943516j)}, 'free': np.float64(-9289.438598410969)}]
------------------------------------------
====================================
mu=-0.24, T=0.0629
====================================
  Seed: normal state
  Seed uu: [0.+0.j 0.+0.j 0.+0.j 0.+0.j], Seed dd: [0.+0.j 0.+0.j 0.+0.j 0.+0.j]
F_onsite: 0j
F_swave: 0j, F_dwave: 0j
F_px: 0j, F_py: 0j
Free_energy = -9231.823915708226
------------------------------------------
[{'stable': {}, 'free': np.float64(-9231.823915708226)}]
------------------------------------------
  Seed: uu:px
  Seed uu: [ 4.09692076e-02+1.12199425e-14j -4.09692076e-02-1.12165437e-14j
  1.12360107e-14-4.08331052e-02j -1.12264218e-14+4.08331052e-02j], Seed dd: [0.+0.j 0.+0.j 0.+0.j 0.+0.j]
F_onsite: (-5.334075046772827e-20-1.3157365579167602e-19j)
F_swave: (-2.7863259761405503e-21-7.099373206250193e-21j), F_dwave: (-7.187170025058685e-21+9.833029076681322e-21j)
F_px: (2.5941965344352546e-20-3.0864292567140456e-20j), F_py: (1.8615101775971857e-20+2.206381442668213e-20j)
Free_energy = -9258.607886444188
------------------------------------------
[{'stable': {'Fuu_px': np.complex128(0.038954678099757195+1.0809312343221848e-14j), 'Fuu_py': np.complex128(1.0781599728058512e-14-0.038856300601300284j)}, 'free': np.float64(-9258.607886444188)}]
------------------------------------------
  Seed: uu:px+py
  Seed uu: [ 0.02790343-0.02990691j -0.02790343+0.02990691j  0.02990795+0.0279044j
 -0.02990795-0.0279044j ], Seed dd: [0.+0.j 0.+0.j 0.+0.j 0.+0.j]
F_onsite: (-1.3292210737469892e-22+6.542913715683481e-21j)
F_swave: (5.993302454418079e-22-5.643243042543871e-22j), F_dwave: (3.152147452075002e-21+1.430997480188414e-20j)
F_px: (5.559773915320347e-20-2.3413359301578365e-20j), F_py: (7.065343435718057e-20+2.7347961505754003e-20j)
Free_energy = -9258.610025381957
------------------------------------------
[{'stable': {'Fuu_px': np.complex128(0.038954678099757195+1.0809312343221848e-14j), 'Fuu_py': np.complex128(1.0781599728058512e-14-0.038856300601300284j)}, 'free': np.float64(-9258.607886444188)}, {'stable': {'Fuu_px': np.complex128(0.026541598265852916-0.028447299034171952j), 'Fuu_py': np.complex128(0.02844806018255207+0.026542308424469266j)}, 'free': np.float64(-9258.610025381957)}]
------------------------------------------
  Seed: uu:px+ipy
  Seed uu: [ 4.09033364e-02+1.02399928e-15j -4.09033364e-02-1.01596128e-15j
 -1.02295105e-15+4.09033364e-02j  1.01324003e-15-4.09033364e-02j], Seed dd: [0.+0.j 0.+0.j 0.+0.j 0.+0.j]
F_onsite: (-1.2619660162550903e-20+2.2728272095358388e-20j)
F_swave: (-1.6974591740845372e-21+2.4046430909773018e-21j), F_dwave: (-3.945121935205063e-20+3.2398515006084093e-21j)
F_px: (-7.287078231868081e-20-1.0980153325839331e-20j), F_py: (-4.117751757667008e-20-7.032737113850961e-20j)
Free_energy = -9258.610025382799
------------------------------------------
[{'stable': {'Fuu_px': np.complex128(0.038954678099757195+1.0809312343221848e-14j), 'Fuu_py': np.complex128(1.0781599728058512e-14-0.038856300601300284j)}, 'free': np.float64(-9258.607886444188)}, {'stable': {'Fuu_px': np.complex128(0.026541598265852916-0.028447299034171952j), 'Fuu_py': np.complex128(0.02844806018255207+0.026542308424469266j)}, 'free': np.float64(-9258.610025381957)}, {'stable': {'Fuu_px': np.complex128(0.038906885801838646+1.1411924947055745e-15j), 'Fuu_py': np.complex128(-1.1531669465413493e-15+0.038906885801837585j)}, 'free': np.float64(-9258.610025382799)}]
------------------------------------------
  Seed: dd:px
  Seed uu: [0.+0.j 0.+0.j 0.+0.j 0.+0.j], Seed dd: [ 4.10112829e-02+1.34130326e-14j -4.10112829e-02-1.34071587e-14j
  1.33646840e-14-4.07874095e-02j -1.33553754e-14+4.07874095e-02j]
F_onsite: (-3.0173512527705686e-20+4.4168546693142915e-21j)
F_swave: (-2.636362681220596e-21+4.046856818212633e-22j), F_dwave: (7.122691489720672e-21-5.606332575944065e-21j)
F_px: (4.0145516342417462e-22+8.060254750941608e-21j), F_py: (1.1498103275385481e-21+3.209212466586515e-20j)
Free_energy = -9258.605812981676
------------------------------------------
[{'stable': {'Fuu_px': np.complex128(0.038954678099757195+1.0809312343221848e-14j), 'Fuu_py': np.complex128(1.0781599728058512e-14-0.038856300601300284j)}, 'free': np.float64(-9258.607886444188)}, {'stable': {'Fuu_px': np.complex128(0.026541598265852916-0.028447299034171952j), 'Fuu_py': np.complex128(0.02844806018255207+0.026542308424469266j)}, 'free': np.float64(-9258.610025381957)}, {'stable': {'Fuu_px': np.complex128(0.038906885801838646+1.1411924947055745e-15j), 'Fuu_py': np.complex128(-1.1531669465413493e-15+0.038906885801837585j)}, 'free': np.float64(-9258.610025382799)}, {'stable': {'Fdd_px': np.complex128(0.03898322405112081+1.2973727837990669e-14j), 'Fdd_py': np.complex128(1.2914015072468784e-14-0.03882500791629716j)}, 'free': np.float64(-9258.605812981676)}]
------------------------------------------
  Seed: dd:px+py
  Seed uu: [0.+0.j 0.+0.j 0.+0.j 0.+0.j], Seed dd: [ 0.02847692-0.02936139j -0.02847692+0.02936139j  0.02936239+0.02847789j
 -0.02936239-0.02847789j]
F_onsite: (-5.110889159335328e-20-9.556421632461676e-22j)
F_swave: (-3.921204763766386e-21-7.801180379320502e-23j), F_dwave: (2.4001163085172814e-20-2.7208438422359307e-21j)
F_px: (3.7554327001805896e-22-1.2297424755552218e-20j), F_py: (9.73291507193819e-23+3.885226280078134e-20j)
Free_energy = -9258.610025381962
------------------------------------------
[{'stable': {'Fuu_px': np.complex128(0.038954678099757195+1.0809312343221848e-14j), 'Fuu_py': np.complex128(1.0781599728058512e-14-0.038856300601300284j)}, 'free': np.float64(-9258.607886444188)}, {'stable': {'Fuu_px': np.complex128(0.026541598265852916-0.028447299034171952j), 'Fuu_py': np.complex128(0.02844806018255207+0.026542308424469266j)}, 'free': np.float64(-9258.610025381957)}, {'stable': {'Fuu_px': np.complex128(0.038906885801838646+1.1411924947055745e-15j), 'Fuu_py': np.complex128(-1.1531669465413493e-15+0.038906885801837585j)}, 'free': np.float64(-9258.610025382799)}, {'stable': {'Fdd_px': np.complex128(0.03898322405112081+1.2973727837990669e-14j), 'Fdd_py': np.complex128(1.2914015072468784e-14-0.03882500791629716j)}, 'free': np.float64(-9258.605812981676)}, {'stable': {'Fdd_px': np.complex128(0.027087091840500982-0.02792839891349984j), 'Fdd_py': np.complex128(0.027929132351269197+0.0270878031844016j)}, 'free': np.float64(-9258.610025381962)}]
------------------------------------------
  Seed: dd:px+ipy
  Seed uu: [0.+0.j 0.+0.j 0.+0.j 0.+0.j], Seed dd: [ 4.09033364e-02+1.06066088e-15j -4.09033364e-02-1.04810372e-15j
 -1.04904581e-15+4.09033364e-02j  1.04106477e-15-4.09033364e-02j]
F_onsite: (2.6654379040383707e-20+1.9492643740305796e-21j)
F_swave: (2.2423055875782407e-21+1.1914250545471128e-22j), F_dwave: (-6.235047685036971e-21+3.261979659631144e-22j)
F_px: (4.802639228998196e-21-1.226540818190161e-20j), F_py: (-1.5715337013016373e-21-8.019640745303246e-22j)
Free_energy = -9258.610025382799
------------------------------------------
[{'stable': {'Fuu_px': np.complex128(0.038954678099757195+1.0809312343221848e-14j), 'Fuu_py': np.complex128(1.0781599728058512e-14-0.038856300601300284j)}, 'free': np.float64(-9258.607886444188)}, {'stable': {'Fuu_px': np.complex128(0.026541598265852916-0.028447299034171952j), 'Fuu_py': np.complex128(0.02844806018255207+0.026542308424469266j)}, 'free': np.float64(-9258.610025381957)}, {'stable': {'Fuu_px': np.complex128(0.038906885801838646+1.1411924947055745e-15j), 'Fuu_py': np.complex128(-1.1531669465413493e-15+0.038906885801837585j)}, 'free': np.float64(-9258.610025382799)}, {'stable': {'Fdd_px': np.complex128(0.03898322405112081+1.2973727837990669e-14j), 'Fdd_py': np.complex128(1.2914015072468784e-14-0.03882500791629716j)}, 'free': np.float64(-9258.605812981676)}, {'stable': {'Fdd_px': np.complex128(0.027087091840500982-0.02792839891349984j), 'Fdd_py': np.complex128(0.027929132351269197+0.0270878031844016j)}, 'free': np.float64(-9258.610025381962)}, {'stable': {'Fdd_px': np.complex128(0.038906885801838625+1.1595048838040694e-15j), 'Fdd_py': np.complex128(-1.174041319137713e-15+0.03890688580183757j)}, 'free': np.float64(-9258.610025382799)}]
------------------------------------------
  Seed: uu+dd:px
  Seed uu: [ 4.09692477e-02+1.14965831e-14j -4.09692477e-02-1.14864376e-14j
  1.15129402e-14-4.08330650e-02j -1.15049223e-14+4.08330650e-02j], Seed dd: [ 4.09683425e-02+1.27483327e-14j -4.09683425e-02-1.27399545e-14j
  1.27292387e-14-4.08339737e-02j -1.27221483e-14+4.08339737e-02j]
F_onsite: (1.3759419259506563e-20+1.965911326979677e-21j)
F_swave: (1.9726131725356e-22-6.671837944465312e-22j), F_dwave: (5.784953729938792e-21+1.8198796262125963e-20j)
F_px: (-3.473524819819071e-20+1.6182829423613727e-20j), F_py: (-2.6727759349193347e-20+1.7748400403318164e-20j)
Free_energy = -9285.391857370709
------------------------------------------
[{'stable': {'Fuu_px': np.complex128(0.03895470707330987+1.1062194731073778e-14j), 'Fuu_py': np.complex128(1.1062092597429185e-14-0.038856271540910065j), 'Fdd_px': np.complex128(0.03895405248353781+1.2203789142912825e-14j), 'Fdd_py': np.complex128(1.2190852077837165e-14-0.03885692808007539j)}, 'free': np.float64(-9285.391857370709)}]
------------------------------------------
  Seed: uu+dd:px+py
  Seed uu: [ 0.02862468-0.02921813j -0.02862468+0.02921813j  0.02921833+0.02862487j
 -0.02921833-0.02862487j], Seed dd: [ 0.02744074+0.03033201j -0.02744074-0.03033201j  0.03033306-0.02744169j
 -0.03033306+0.02744169j]
F_onsite: (-2.0753577872124063e-20-4.657131900751671e-20j)
F_swave: (5.4721293541714255e-22-2.459746036205434e-21j), F_dwave: (4.904751487649716e-20+1.9937416835531567e-20j)
F_px: (-3.9472359638212355e-20-4.0830845827801835e-20j), F_py: (-4.005478467305686e-20+4.293137995920893e-20j)
Free_energy = -9285.396135056497
------------------------------------------
[{'stable': {'Fuu_px': np.complex128(0.03895470707330987+1.1062194731073778e-14j), 'Fuu_py': np.complex128(1.1062092597429185e-14-0.038856271540910065j), 'Fdd_px': np.complex128(0.03895405248353781+1.2203789142912825e-14j), 'Fdd_py': np.complex128(1.2190852077837165e-14-0.03885692808007539j)}, 'free': np.float64(-9285.391857370709)}, {'stable': {'Fuu_px': np.complex128(0.027227557954302352-0.027792048675189807j), 'Fuu_py': np.complex128(0.02779219337044414+0.027227699710617923j), 'Fdd_px': np.complex128(0.026101488742728506+0.028851650153784256j), 'Fdd_py': np.complex128(0.028852418874484483-0.02610218418838247j)}, 'free': np.float64(-9285.396135056497)}]
------------------------------------------
  Seed: uu+dd:px+ipy
  Seed uu: [ 4.09033364e-02+9.10062866e-16j -4.09033364e-02-8.94696126e-16j
 -8.73806812e-16+4.09033364e-02j  8.64438098e-16-4.09033364e-02j], Seed dd: [ 4.09033364e-02+1.07697772e-15j -4.09033364e-02-1.06658201e-15j
 -1.06151747e-15+4.09033364e-02j  1.05433693e-15-4.09033364e-02j]
F_onsite: (1.4904323492815753e-20+8.643273912324842e-20j)
F_swave: (-1.6027701297572997e-22+2.7941985048863745e-21j), F_dwave: (-3.060378672138344e-20-3.0468481302752175e-20j)
F_px: (-5.482707027574492e-20+2.973330544006385e-20j), F_py: (2.234632140745992e-20-3.646434166276822e-20j)
Free_energy = -9285.396135057394
------------------------------------------
[{'stable': {'Fuu_px': np.complex128(0.03895470707330987+1.1062194731073778e-14j), 'Fuu_py': np.complex128(1.1062092597429185e-14-0.038856271540910065j), 'Fdd_px': np.complex128(0.03895405248353781+1.2203789142912825e-14j), 'Fdd_py': np.complex128(1.2190852077837165e-14-0.03885692808007539j)}, 'free': np.float64(-9285.391857370709)}, {'stable': {'Fuu_px': np.complex128(0.027227557954302352-0.027792048675189807j), 'Fuu_py': np.complex128(0.02779219337044414+0.027227699710617923j), 'Fdd_px': np.complex128(0.026101488742728506+0.028851650153784256j), 'Fdd_py': np.complex128(0.028852418874484483-0.02610218418838247j)}, 'free': np.float64(-9285.396135056497)}, {'stable': {'Fuu_px': np.complex128(0.03890688580183851+9.00525632207141e-16j), 'Fuu_py': np.complex128(-9.565445796902777e-16+0.03890688580183772j), 'Fdd_px': np.complex128(0.03890688580183861+1.1745762072090142e-15j), 'Fdd_py': np.complex128(-1.1857966011983857e-15+0.03890688580183757j)}, 'free': np.float64(-9285.396135057394)}]
------------------------------------------
====================================
mu=-0.24, T=0.0670
====================================
  Seed: normal state
  Seed uu: [0.+0.j 0.+0.j 0.+0.j 0.+0.j], Seed dd: [0.+0.j 0.+0.j 0.+0.j 0.+0.j]
F_onsite: 0j
F_swave: 0j, F_dwave: 0j
F_px: 0j, F_py: 0j
Free_energy = -9234.014204462363
------------------------------------------
[{'stable': {}, 'free': np.float64(-9234.014204462363)}]
------------------------------------------
  Seed: uu:px
  Seed uu: [ 3.89546781e-02+1.08136445e-14j -3.89546781e-02-1.08049802e-14j
  1.07855876e-14-3.88563006e-02j -1.07776118e-14+3.88563006e-02j], Seed dd: [0.+0.j 0.+0.j 0.+0.j 0.+0.j]
F_onsite: (8.242834097334699e-20-1.0162230176882299e-19j)
F_swave: (5.126440280260096e-21-4.855308150146103e-21j), F_dwave: (3.5662270235210427e-20-2.710647899669988e-20j)
F_px: (9.008903541390387e-20-2.24967666308572e-20j), F_py: (1.2623822720271623e-20-6.189378257859077e-20j)
Free_energy = -9257.489566827153
------------------------------------------
[{'stable': {'Fuu_px': np.complex128(0.036595350947325314+1.0231476803053898e-14j), 'Fuu_py': np.complex128(1.0250224911194417e-14-0.036524155598963395j)}, 'free': np.float64(-9257.489566827153)}]
------------------------------------------
  Seed: uu:px+py
  Seed uu: [ 0.0265416 -0.0284473j  -0.0265416 +0.0284473j   0.02844806+0.02654231j
 -0.02844806-0.02654231j], Seed dd: [0.+0.j 0.+0.j 0.+0.j 0.+0.j]
F_onsite: (-8.770436500140148e-20+4.726496229618211e-20j)
F_swave: (-4.101064704160921e-21+9.156296196409355e-22j), F_dwave: (-1.0448552036155549e-19+3.3366047787489883e-20j)
F_px: (1.7755731104595451e-19+1.9491625523652184e-20j), F_py: (1.8119687802764303e-19-3.4803180824289497e-20j)
Free_energy = -9257.491767915035
------------------------------------------
[{'stable': {'Fuu_px': np.complex128(0.036595350947325314+1.0231476803053898e-14j), 'Fuu_py': np.complex128(1.0250224911194417e-14-0.036524155598963395j)}, 'free': np.float64(-9257.489566827153)}, {'stable': {'Fuu_px': np.complex128(0.024941556699917357-0.026732373639048006j), 'Fuu_py': np.complex128(0.026732931407372894+0.024942077103024332j)}, 'free': np.float64(-9257.491767915035)}]
------------------------------------------
  Seed: uu:px+ipy
  Seed uu: [ 3.89068858e-02+1.14297946e-15j -3.89068858e-02-1.13940553e-15j
 -1.15691632e-15+3.89068858e-02j  1.14941757e-15-3.89068858e-02j], Seed dd: [0.+0.j 0.+0.j 0.+0.j 0.+0.j]
F_onsite: (8.060291349871776e-20-6.364327403363773e-20j)
F_swave: (3.993549278484245e-21-4.2548584197330196e-21j), F_dwave: (-2.196140377205442e-20+4.7765243685562634e-20j)
F_px: (6.143640371889734e-20+5.3240241806659464e-20j), F_py: (3.8887811336075867e-20+3.480119670485523e-20j)
Free_energy = -9257.49176791548
------------------------------------------
[{'stable': {'Fuu_px': np.complex128(0.036595350947325314+1.0231476803053898e-14j), 'Fuu_py': np.complex128(1.0250224911194417e-14-0.036524155598963395j)}, 'free': np.float64(-9257.489566827153)}, {'stable': {'Fuu_px': np.complex128(0.024941556699917357-0.026732373639048006j), 'Fuu_py': np.complex128(0.026732931407372894+0.024942077103024332j)}, 'free': np.float64(-9257.491767915035)}, {'stable': {'Fuu_px': np.complex128(0.03656130388053319+1.1645721525318999e-15j), 'Fuu_py': np.complex128(-1.18580362892487e-15+0.03656130388053212j)}, 'free': np.float64(-9257.49176791548)}]
------------------------------------------
  Seed: dd:px
  Seed uu: [0.+0.j 0.+0.j 0.+0.j 0.+0.j], Seed dd: [ 3.89832241e-02+1.29805590e-14j -3.89832241e-02-1.29668966e-14j
  1.29178271e-14-3.88250079e-02j -1.29102031e-14+3.88250079e-02j]
F_onsite: (-5.2962830579047425e-20+2.5247938101229773e-21j)
F_swave: (-3.537428236752187e-21+2.5845832921736196e-22j), F_dwave: (-5.387583647001668e-20+6.35110139949988e-22j)
F_px: (1.67203797017031e-22-2.6747871019772252e-20j), F_py: (-1.1849282173437184e-21-4.968872140035133e-20j)
Free_energy = -9257.488687418252
------------------------------------------
[{'stable': {'Fuu_px': np.complex128(0.036595350947325314+1.0231476803053898e-14j), 'Fuu_py': np.complex128(1.0250224911194417e-14-0.036524155598963395j)}, 'free': np.float64(-9257.489566827153)}, {'stable': {'Fuu_px': np.complex128(0.024941556699917357-0.026732373639048006j), 'Fuu_py': np.complex128(0.026732931407372894+0.024942077103024332j)}, 'free': np.float64(-9257.491767915035)}, {'stable': {'Fuu_px': np.complex128(0.03656130388053319+1.1645721525318999e-15j), 'Fuu_py': np.complex128(-1.18580362892487e-15+0.03656130388053212j)}, 'free': np.float64(-9257.49176791548)}, {'stable': {'Fdd_px': np.complex128(0.036616008146709546+1.2287907892260421e-14j), 'Fdd_py': np.complex128(1.2255978495622748e-14-0.036502218564376195j)}, 'free': np.float64(-9257.488687418252)}]
------------------------------------------
  Seed: dd:px+py
  Seed uu: [0.+0.j 0.+0.j 0.+0.j 0.+0.j], Seed dd: [ 0.02708709-0.0279284j -0.02708709+0.0279284j  0.02792913+0.0270878j
 -0.02792913-0.0270878j]
F_onsite: (1.9252572997238875e-20-1.938380329873645e-21j)
F_swave: (7.748816161393363e-22-1.3128543999092795e-22j), F_dwave: (-1.2276232397996646e-20+2.571398378164994e-21j)
F_px: (-8.275098653694887e-22+7.739292967052702e-21j), F_py: (7.669083455334662e-22-4.5941738754097005e-20j)
Free_energy = -9257.491767915026
------------------------------------------
[{'stable': {'Fuu_px': np.complex128(0.036595350947325314+1.0231476803053898e-14j), 'Fuu_py': np.complex128(1.0250224911194417e-14-0.036524155598963395j)}, 'free': np.float64(-9257.489566827153)}, {'stable': {'Fuu_px': np.complex128(0.024941556699917357-0.026732373639048006j), 'Fuu_py': np.complex128(0.026732931407372894+0.024942077103024332j)}, 'free': np.float64(-9257.491767915035)}, {'stable': {'Fuu_px': np.complex128(0.03656130388053319+1.1645721525318999e-15j), 'Fuu_py': np.complex128(-1.18580362892487e-15+0.03656130388053212j)}, 'free': np.float64(-9257.49176791548)}, {'stable': {'Fdd_px': np.complex128(0.036616008146709546+1.2287907892260421e-14j), 'Fdd_py': np.complex128(1.2255978495622748e-14-0.036502218564376195j)}, 'free': np.float64(-9257.488687418252)}, {'stable': {'Fdd_px': np.complex128(0.025454164191030755-0.026244753616329164j), 'Fdd_py': np.complex128(0.026245291078361793+0.02545468546271154j)}, 'free': np.float64(-9257.491767915026)}]
------------------------------------------
  Seed: dd:px+ipy
  Seed uu: [0.+0.j 0.+0.j 0.+0.j 0.+0.j], Seed dd: [ 3.89068858e-02+1.16011594e-15j -3.89068858e-02-1.15889383e-15j
 -1.17823927e-15+3.89068858e-02j  1.16984337e-15-3.89068858e-02j]
F_onsite: (7.526608486397264e-20-5.6565961075033594e-21j)
F_swave: (5.589007458439305e-21-4.2242681445327367e-22j), F_dwave: (3.8058330697149896e-20-9.697930236067249e-22j)
F_px: (-1.2881350667808635e-21+4.7053992870191596e-20j), F_py: (8.2479686970760185e-22+7.944055261123384e-21j)
Free_energy = -9257.49176791548
------------------------------------------
[{'stable': {'Fuu_px': np.complex128(0.036595350947325314+1.0231476803053898e-14j), 'Fuu_py': np.complex128(1.0250224911194417e-14-0.036524155598963395j)}, 'free': np.float64(-9257.489566827153)}, {'stable': {'Fuu_px': np.complex128(0.024941556699917357-0.026732373639048006j), 'Fuu_py': np.complex128(0.026732931407372894+0.024942077103024332j)}, 'free': np.float64(-9257.491767915035)}, {'stable': {'Fuu_px': np.complex128(0.03656130388053319+1.1645721525318999e-15j), 'Fuu_py': np.complex128(-1.18580362892487e-15+0.03656130388053212j)}, 'free': np.float64(-9257.49176791548)}, {'stable': {'Fdd_px': np.complex128(0.036616008146709546+1.2287907892260421e-14j), 'Fdd_py': np.complex128(1.2255978495622748e-14-0.036502218564376195j)}, 'free': np.float64(-9257.488687418252)}, {'stable': {'Fdd_px': np.complex128(0.025454164191030755-0.026244753616329164j), 'Fdd_py': np.complex128(0.026245291078361793+0.02545468546271154j)}, 'free': np.float64(-9257.491767915026)}, {'stable': {'Fdd_px': np.complex128(0.0365613038805332+1.165226339899866e-15j), 'Fdd_py': np.complex128(-1.2077129699036599e-15+0.03656130388053214j)}, 'free': np.float64(-9257.49176791548)}]
------------------------------------------
  Seed: uu+dd:px
  Seed uu: [ 3.89547071e-02+1.10749048e-14j -3.89547071e-02-1.10494847e-14j
  1.10661323e-14-3.88562715e-02j -1.10580529e-14+3.88562715e-02j], Seed dd: [ 3.89540525e-02+1.22127161e-14j -3.89540525e-02-1.21948622e-14j
  1.21954830e-14-3.88569281e-02j -1.21862211e-14+3.88569281e-02j]
F_onsite: (-9.787619003379927e-20+5.3887431929080526e-21j)
F_swave: (-6.123956173397977e-21+2.319451834141977e-21j), F_dwave: (-3.7623059440364495e-20+1.8953908655679745e-20j)
F_px: (4.0727840420276366e-21+1.5351711681728995e-20j), F_py: (-2.889757586822088e-20-1.477987230696717e-20j)
Free_energy = -9280.964929288257
------------------------------------------
[{'stable': {'Fuu_px': np.complex128(0.03659537192271937+1.0563694202569798e-14j), 'Fuu_py': np.complex128(1.0514156076219672e-14-0.0365241345753651j), 'Fdd_px': np.complex128(0.036594898033731636+1.1529838378704876e-14j), 'Fdd_py': np.complex128(1.1565526709039118e-14-0.03652460954646653j)}, 'free': np.float64(-9280.964929288257)}]
------------------------------------------
  Seed: uu+dd:px+py
  Seed uu: [ 0.02722756-0.02779205j -0.02722756+0.02779205j  0.02779219+0.0272277j
 -0.02779219-0.0272277j ], Seed dd: [ 0.02610149+0.02885165j -0.02610149-0.02885165j  0.02885242-0.02610218j
 -0.02885242+0.02610218j]
F_onsite: (-2.936733309957676e-20+1.3024003641922242e-21j)
F_swave: (-1.4625572596403475e-21+1.0205919145635879e-21j), F_dwave: (6.188641238675997e-20+8.200145979263916e-20j)
F_px: (-2.6253117608958986e-20+5.920311812357335e-20j), F_py: (-2.374127916513277e-20-6.078784125687816e-20j)
Free_energy = -9280.969331368184
------------------------------------------
[{'stable': {'Fuu_px': np.complex128(0.03659537192271937+1.0563694202569798e-14j), 'Fuu_py': np.complex128(1.0514156076219672e-14-0.0365241345753651j), 'Fdd_px': np.complex128(0.036594898033731636+1.1529838378704876e-14j), 'Fdd_py': np.complex128(1.1565526709039118e-14-0.03652460954646653j)}, 'free': np.float64(-9280.964929288257)}, {'stable': {'Fuu_px': np.complex128(0.02558610308625936-0.026116562622883407j), 'Fuu_py': np.complex128(0.026116668655336177+0.025586206965062544j), 'Fdd_px': np.complex128(0.024527978565669732+0.027112348400180064j), 'Fdd_py': np.complex128(0.027112911717489623-0.024528488187141255j)}, 'free': np.float64(-9280.969331368184)}]
------------------------------------------
  Seed: uu+dd:px+ipy
  Seed uu: [ 3.89068858e-02+9.02833546e-16j -3.89068858e-02-8.98217719e-16j
 -9.60206687e-16+3.89068858e-02j  9.52882472e-16-3.89068858e-02j], Seed dd: [ 3.89068858e-02+1.17577975e-15j -3.89068858e-02-1.17337267e-15j
 -1.18846952e-15+3.89068858e-02j  1.18312368e-15-3.89068858e-02j]
F_onsite: (-6.263402126925334e-20-8.052863803700506e-21j)
F_swave: (5.844887304798779e-21+5.067638923855518e-22j), F_dwave: (-2.143967506249317e-20+8.104498110246407e-21j)
F_px: (-2.943500369169119e-20-4.66432387616161e-20j), F_py: (9.690184466391005e-22-5.389679190593061e-21j)
Free_energy = -9280.96933136863
------------------------------------------
[{'stable': {'Fuu_px': np.complex128(0.03659537192271937+1.0563694202569798e-14j), 'Fuu_py': np.complex128(1.0514156076219672e-14-0.0365241345753651j), 'Fdd_px': np.complex128(0.036594898033731636+1.1529838378704876e-14j), 'Fdd_py': np.complex128(1.1565526709039118e-14-0.03652460954646653j)}, 'free': np.float64(-9280.964929288257)}, {'stable': {'Fuu_px': np.complex128(0.02558610308625936-0.026116562622883407j), 'Fuu_py': np.complex128(0.026116668655336177+0.025586206965062544j), 'Fdd_px': np.complex128(0.024527978565669732+0.027112348400180064j), 'Fdd_py': np.complex128(0.027112911717489623-0.024528488187141255j)}, 'free': np.float64(-9280.969331368184)}, {'stable': {'Fuu_px': np.complex128(0.03656130388053298+1.0130429875262299e-15j), 'Fuu_py': np.complex128(-1.012144682615887e-15+0.03656130388053237j), 'Fdd_px': np.complex128(0.03656130388053318+1.211855980102248e-15j), 'Fdd_py': np.complex128(-1.2374282885916596e-15+0.03656130388053215j)}, 'free': np.float64(-9280.96933136863)}]
------------------------------------------
====================================
mu=-0.24, T=0.0711
====================================
  Seed: normal state
  Seed uu: [0.+0.j 0.+0.j 0.+0.j 0.+0.j], Seed dd: [0.+0.j 0.+0.j 0.+0.j 0.+0.j]
F_onsite: 0j
F_swave: 0j, F_dwave: 0j
F_px: 0j, F_py: 0j
Free_energy = -9236.348514712898
------------------------------------------
[{'stable': {}, 'free': np.float64(-9236.348514712898)}]
------------------------------------------
  Seed: uu:px
  Seed uu: [ 3.65953509e-02+1.02379618e-14j -3.65953509e-02-1.02249918e-14j
  1.02538501e-14-3.65241556e-02j -1.02465997e-14+3.65241556e-02j], Seed dd: [0.+0.j 0.+0.j 0.+0.j 0.+0.j]
F_onsite: (1.770007585490716e-20+1.3587612615566174e-20j)
F_swave: (1.714318792506205e-22+1.924003775280896e-21j), F_dwave: (4.317668909804953e-20+1.0842431383047508e-19j)
F_px: (5.924838020321855e-20+5.372230273606855e-20j), F_py: (-8.758595026143914e-20-8.535703152405103e-20j)
Free_energy = -9256.253054986106
------------------------------------------
[{'stable': {'Fuu_px': np.complex128(0.03381471558446283+9.665221738522132e-15j), 'Fuu_py': np.complex128(9.690733484155815e-15-0.03376337993991212j)}, 'free': np.float64(-9256.253054986106)}]
------------------------------------------
  Seed: uu:px+py
  Seed uu: [ 0.02494156-0.02673237j -0.02494156+0.02673237j  0.02673293+0.02494208j
 -0.02673293-0.02494208j], Seed dd: [0.+0.j 0.+0.j 0.+0.j 0.+0.j]
F_onsite: (-4.946832878585086e-20-8.976532358988584e-20j)
F_swave: (-1.595626194021464e-21-4.4565307527773264e-21j), F_dwave: (1.1036365840732463e-20+1.1276365777925642e-19j)
F_px: (-4.241494333219205e-20-1.4392123167937373e-20j), F_py: (-5.454733391246762e-20+1.0410721005821304e-20j)
Free_energy = -9256.254101758039
------------------------------------------
[{'stable': {'Fuu_px': np.complex128(0.03381471558446283+9.665221738522132e-15j), 'Fuu_py': np.complex128(9.690733484155815e-15-0.03376337993991212j)}, 'free': np.float64(-9256.253054986106)}, {'stable': {'Fuu_px': np.complex128(0.023050977427559106-0.024706049776789446j), 'Fuu_py': np.complex128(0.024706453981368004+0.02305135455424283j)}, 'free': np.float64(-9256.254101758039)}]
------------------------------------------
  Seed: uu:px+ipy
  Seed uu: [ 3.65613039e-02+1.16774043e-15j -3.65613039e-02-1.16140388e-15j
 -1.18970979e-15+3.65613039e-02j  1.18189747e-15-3.65613039e-02j], Seed dd: [0.+0.j 0.+0.j 0.+0.j 0.+0.j]
F_onsite: (9.953315013226766e-20+6.3518456309013756e-21j)
F_swave: (5.726475685577024e-21-2.7280163211710243e-23j), F_dwave: (4.766861026943462e-20-1.7961794557864528e-20j)
F_px: (1.9947941245646233e-20-1.5531905597726874e-19j), F_py: (-1.3041436314185797e-19+3.519394910792871e-20j)
Free_energy = -9256.254101758315
------------------------------------------
[{'stable': {'Fuu_px': np.complex128(0.03381471558446283+9.665221738522132e-15j), 'Fuu_py': np.complex128(9.690733484155815e-15-0.03376337993991212j)}, 'free': np.float64(-9256.253054986106)}, {'stable': {'Fuu_px': np.complex128(0.023050977427559106-0.024706049776789446j), 'Fuu_py': np.complex128(0.024706453981368004+0.02305135455424283j)}, 'free': np.float64(-9256.254101758039)}, {'stable': {'Fuu_px': np.complex128(0.03378986735017278+1.3227616699507285e-15j), 'Fuu_py': np.complex128(-1.3308966008459384e-15+0.03378986735017294j)}, 'free': np.float64(-9256.254101758315)}]
------------------------------------------
  Seed: dd:px
  Seed uu: [0.+0.j 0.+0.j 0.+0.j 0.+0.j], Seed dd: [ 3.66160081e-02+1.22914067e-14j -3.66160081e-02-1.22844091e-14j
  1.22596904e-14-3.65022186e-02j -1.22522665e-14+3.65022186e-02j]
F_onsite: (4.095540964023731e-20-4.458666382679081e-21j)
F_swave: (3.1986076325702876e-21-3.1563698549327613e-22j), F_dwave: (-4.5902847334078334e-20+4.033913884672988e-21j)
F_px: (-1.3282822925665978e-21-4.669107994843996e-21j), F_py: (-4.700710924831424e-21-2.4028415086500747e-20j)
Free_energy = -9256.252133126305
------------------------------------------
[{'stable': {'Fuu_px': np.complex128(0.03381471558446283+9.665221738522132e-15j), 'Fuu_py': np.complex128(9.690733484155815e-15-0.03376337993991212j)}, 'free': np.float64(-9256.253054986106)}, {'stable': {'Fuu_px': np.complex128(0.023050977427559106-0.024706049776789446j), 'Fuu_py': np.complex128(0.024706453981368004+0.02305135455424283j)}, 'free': np.float64(-9256.254101758039)}, {'stable': {'Fuu_px': np.complex128(0.03378986735017278+1.3227616699507285e-15j), 'Fuu_py': np.complex128(-1.3308966008459384e-15+0.03378986735017294j)}, 'free': np.float64(-9256.254101758315)}, {'stable': {'Fdd_px': np.complex128(0.0338291373438664+1.1519213025360951e-14j), 'Fdd_py': np.complex128(1.1485423597310666e-14-0.03374750174248947j)}, 'free': np.float64(-9256.252133126305)}]
------------------------------------------
  Seed: dd:px+py
  Seed uu: [0.+0.j 0.+0.j 0.+0.j 0.+0.j], Seed dd: [ 0.02545416-0.02624475j -0.02545416+0.02624475j  0.02624529+0.02545469j
 -0.02624529-0.02545469j]
F_onsite: (4.14402733278527e-20-3.402707246466786e-21j)
F_swave: (3.63079271921057e-21-3.054604494732578e-22j), F_dwave: (1.0169966532339248e-20-1.8325749002582517e-21j)
F_px: (-1.754150670265548e-21-5.486336727803945e-20j), F_py: (7.929427522271126e-23+4.648835217153076e-20j)
Free_energy = -9256.254101758077
------------------------------------------
[{'stable': {'Fuu_px': np.complex128(0.03381471558446283+9.665221738522132e-15j), 'Fuu_py': np.complex128(9.690733484155815e-15-0.03376337993991212j)}, 'free': np.float64(-9256.253054986106)}, {'stable': {'Fuu_px': np.complex128(0.023050977427559106-0.024706049776789446j), 'Fuu_py': np.complex128(0.024706453981368004+0.02305135455424283j)}, 'free': np.float64(-9256.254101758039)}, {'stable': {'Fuu_px': np.complex128(0.03378986735017278+1.3227616699507285e-15j), 'Fuu_py': np.complex128(-1.3308966008459384e-15+0.03378986735017294j)}, 'free': np.float64(-9256.254101758315)}, {'stable': {'Fdd_px': np.complex128(0.0338291373438664+1.1519213025360951e-14j), 'Fdd_py': np.complex128(1.1485423597310666e-14-0.03374750174248947j)}, 'free': np.float64(-9256.252133126305)}, {'stable': {'Fdd_px': np.complex128(0.023524728099898112-0.024255390522330285j), 'Fdd_py': np.complex128(0.024255780011308292+0.023525105856021918j)}, 'free': np.float64(-9256.254101758077)}]
------------------------------------------
  Seed: dd:px+ipy
  Seed uu: [0.+0.j 0.+0.j 0.+0.j 0.+0.j], Seed dd: [ 3.65613039e-02+1.17080721e-15j -3.65613039e-02-1.15964546e-15j
 -1.21108400e-15+3.65613039e-02j  1.20434194e-15-3.65613039e-02j]
F_onsite: (4.660911717364293e-20+3.375734609230123e-21j)
F_swave: (4.163354643031937e-21+2.5737106875834297e-22j), F_dwave: (1.1473137375956491e-20+1.394682863338545e-21j)
F_px: (-3.0032916276955284e-21+4.2040752939921794e-20j), F_py: (-2.593474708054257e-22-1.472530877205015e-20j)
Free_energy = -9256.254101758319
------------------------------------------
[{'stable': {'Fuu_px': np.complex128(0.03381471558446283+9.665221738522132e-15j), 'Fuu_py': np.complex128(9.690733484155815e-15-0.03376337993991212j)}, 'free': np.float64(-9256.253054986106)}, {'stable': {'Fuu_px': np.complex128(0.023050977427559106-0.024706049776789446j), 'Fuu_py': np.complex128(0.024706453981368004+0.02305135455424283j)}, 'free': np.float64(-9256.254101758039)}, {'stable': {'Fuu_px': np.complex128(0.03378986735017278+1.3227616699507285e-15j), 'Fuu_py': np.complex128(-1.3308966008459384e-15+0.03378986735017294j)}, 'free': np.float64(-9256.254101758315)}, {'stable': {'Fdd_px': np.complex128(0.0338291373438664+1.1519213025360951e-14j), 'Fdd_py': np.complex128(1.1485423597310666e-14-0.03374750174248947j)}, 'free': np.float64(-9256.252133126305)}, {'stable': {'Fdd_px': np.complex128(0.023524728099898112-0.024255390522330285j), 'Fdd_py': np.complex128(0.024255780011308292+0.023525105856021918j)}, 'free': np.float64(-9256.254101758077)}, {'stable': {'Fdd_px': np.complex128(0.03378986735017288+1.3326961223423801e-15j), 'Fdd_py': np.complex128(-1.3246143559995002e-15+0.033789867350172864j)}, 'free': np.float64(-9256.254101758319)}]
------------------------------------------
  Seed: uu+dd:px
  Seed uu: [ 3.65953719e-02+1.05691764e-14j -3.65953719e-02-1.05582120e-14j
  1.05176064e-14-3.65241346e-02j -1.05107058e-14+3.65241346e-02j], Seed dd: [ 3.65948980e-02+1.15318011e-14j -3.65948980e-02-1.15278757e-14j
  1.15695106e-14-3.65246095e-02j -1.15615428e-14+3.65246095e-02j]
F_onsite: (4.4563125853619867e-20+4.299304232940914e-20j)
F_swave: (2.75771095981815e-21+5.533407913784997e-21j), F_dwave: (5.1228782969939687e-20+3.019841009894209e-20j)
F_px: (3.603510451003925e-20+1.3593124022952753e-21j), F_py: (3.0494696142861232e-21-4.5385574298997805e-20j)
Free_energy = -9276.157595307854
------------------------------------------
[{'stable': {'Fuu_px': np.complex128(0.03381473071272821+9.952556291531125e-15j), 'Fuu_py': np.complex128(9.930263019634103e-15-0.03376336478462724j), 'Fdd_px': np.complex128(0.033814388926209304+1.1063280958184404e-14j), 'Fdd_py': np.complex128(1.09669247665058e-14-0.033763707177690276j)}, 'free': np.float64(-9276.157595307854)}]
------------------------------------------
  Seed: uu+dd:px+py
  Seed uu: [ 0.0255861 -0.02611656j -0.0255861 +0.02611656j  0.02611667+0.02558621j
 -0.02611667-0.02558621j], Seed dd: [ 0.02452798+0.02711235j -0.02452798-0.02711235j  0.02711291-0.02452849j
 -0.02711291+0.02452849j]
F_onsite: (7.385142375663433e-20+2.9734202977375715e-20j)
F_swave: (6.1356749724374646e-21+2.1836454299030047e-21j), F_dwave: (-6.253315467819491e-21-3.943487831034193e-20j)
F_px: (-9.598424105629885e-21-3.2996539088081133e-21j), F_py: (-2.6504936846405606e-20+8.296792708864739e-21j)
Free_energy = -9276.159688803365
------------------------------------------
[{'stable': {'Fuu_px': np.complex128(0.03381473071272821+9.952556291531125e-15j), 'Fuu_py': np.complex128(9.930263019634103e-15-0.03376336478462724j), 'Fdd_px': np.complex128(0.033814388926209304+1.1063280958184404e-14j), 'Fdd_py': np.complex128(1.09669247665058e-14-0.033763707177690276j)}, 'free': np.float64(-9276.157595307854)}, {'stable': {'Fuu_px': np.complex128(0.02364662406442443-0.02413687368163496j), 'Fuu_py': np.complex128(0.024136950521428568+0.023646699343507147j), 'Fdd_px': np.complex128(0.022668748454955576+0.025057222072390105j), 'Fdd_py': np.complex128(0.02505763029821763-0.022669117768384057j)}, 'free': np.float64(-9276.159688803365)}]
------------------------------------------
  Seed: uu+dd:px+ipy
  Seed uu: [ 3.65613039e-02+1.01684468e-15j -3.65613039e-02-1.00924129e-15j
 -1.01607497e-15+3.65613039e-02j  1.00821440e-15-3.65613039e-02j], Seed dd: [ 3.65613039e-02+1.21726507e-15j -3.65613039e-02-1.20644689e-15j
 -1.24063550e-15+3.65613039e-02j  1.23422108e-15-3.65613039e-02j]
F_onsite: (-7.57092440747788e-21-1.4064439798746178e-20j)
F_swave: (-1.478361254086085e-21-2.0737542930942015e-21j), F_dwave: (-2.331440276899057e-20+2.2804097022431017e-20j)
F_px: (-1.2942095432514946e-20+4.43290716352864e-20j), F_py: (1.3549141885096189e-20-2.074788509300262e-20j)
Free_energy = -9276.159688803653
------------------------------------------
[{'stable': {'Fuu_px': np.complex128(0.03381473071272821+9.952556291531125e-15j), 'Fuu_py': np.complex128(9.930263019634103e-15-0.03376336478462724j), 'Fdd_px': np.complex128(0.033814388926209304+1.1063280958184404e-14j), 'Fdd_py': np.complex128(1.09669247665058e-14-0.033763707177690276j)}, 'free': np.float64(-9276.157595307854)}, {'stable': {'Fuu_px': np.complex128(0.02364662406442443-0.02413687368163496j), 'Fuu_py': np.complex128(0.024136950521428568+0.023646699343507147j), 'Fdd_px': np.complex128(0.022668748454955576+0.025057222072390105j), 'Fdd_py': np.complex128(0.02505763029821763-0.022669117768384057j)}, 'free': np.float64(-9276.159688803365)}, {'stable': {'Fuu_px': np.complex128(0.03378986735017249+1.1539529269419523e-15j), 'Fuu_py': np.complex128(-1.1405520054485522e-15+0.03378986735017323j), 'Fdd_px': np.complex128(0.03378986735017292+1.3676218847960759e-15j), 'Fdd_py': np.complex128(-1.3601642361515346e-15+0.033789867350172836j)}, 'free': np.float64(-9276.159688803653)}]
------------------------------------------
====================================
mu=-0.24, T=0.0753
====================================
  Seed: normal state
  Seed uu: [0.+0.j 0.+0.j 0.+0.j 0.+0.j], Seed dd: [0.+0.j 0.+0.j 0.+0.j 0.+0.j]
F_onsite: 0j
F_swave: 0j, F_dwave: 0j
F_px: 0j, F_py: 0j
Free_energy = -9238.82662184861
------------------------------------------
[{'stable': {}, 'free': np.float64(-9238.82662184861)}]
------------------------------------------
  Seed: uu:px
  Seed uu: [ 3.38147156e-02+9.66618650e-15j -3.38147156e-02-9.66425698e-15j
  9.69376367e-15-3.37633799e-02j -9.68770330e-15+3.37633799e-02j], Seed dd: [0.+0.j 0.+0.j 0.+0.j 0.+0.j]
F_onsite: (4.665598407924842e-20-9.513418789416809e-20j)
F_swave: (3.2999983192120348e-21-4.810736876975752e-21j), F_dwave: (3.673524834806005e-21+2.4942839374353437e-20j)
F_px: (1.210680260199456e-19-1.1298728243378798e-19j), F_py: (8.768769942914846e-20-1.3876764538075798e-19j)
Free_energy = -9254.900356519873
------------------------------------------
[{'stable': {'Fuu_px': np.complex128(0.030492971614632186+8.955020703793888e-15j), 'Fuu_py': np.complex128(8.935865821315341e-15-0.030456448913998294j)}, 'free': np.float64(-9254.900356519873)}]
------------------------------------------
  Seed: uu:px+py
  Seed uu: [ 0.02305098-0.02470605j -0.02305098+0.02470605j  0.02470645+0.02305135j
 -0.02470645-0.02305135j], Seed dd: [0.+0.j 0.+0.j 0.+0.j 0.+0.j]
F_onsite: (-5.922795475325893e-20-9.771805292562081e-20j)
F_swave: (-3.672363007528875e-21-5.436534051582808e-21j), F_dwave: (9.484096001488093e-20+3.492471587766423e-20j)
F_px: (1.2727104724074528e-21-1.2545333764722266e-19j), F_py: (-5.443158475477094e-21+1.3187905121820881e-19j)
Free_energy = -9254.901350156073
------------------------------------------
[{'stable': {'Fuu_px': np.complex128(0.030492971614632186+8.955020703793888e-15j), 'Fuu_py': np.complex128(8.935865821315341e-15-0.030456448913998294j)}, 'free': np.float64(-9254.900356519873)}, {'stable': {'Fuu_px': np.complex128(0.020790059585986766-0.022282796840523235j), 'Fuu_py': np.complex128(0.02228308553152122+0.020790328937410205j)}, 'free': np.float64(-9254.901350156073)}]
------------------------------------------
  Seed: uu:px+ipy
  Seed uu: [ 3.37898674e-02+1.32807548e-15j -3.37898674e-02-1.31744786e-15j
 -1.33409595e-15+3.37898674e-02j  1.32769725e-15-3.37898674e-02j], Seed dd: [0.+0.j 0.+0.j 0.+0.j 0.+0.j]
F_onsite: (2.1588915916704343e-20+1.323180447665134e-19j)
F_swave: (1.46204140510822e-21+8.733081241205178e-21j), F_dwave: (-2.5150584660318848e-20-8.420999626442685e-20j)
F_px: (-2.464528477396288e-20+1.6340863454732565e-20j), F_py: (1.649920073179843e-20+1.0408390375663174e-20j)
Free_energy = -9254.901350156168
------------------------------------------
[{'stable': {'Fuu_px': np.complex128(0.030492971614632186+8.955020703793888e-15j), 'Fuu_py': np.complex128(8.935865821315341e-15-0.030456448913998294j)}, 'free': np.float64(-9254.900356519873)}, {'stable': {'Fuu_px': np.complex128(0.020790059585986766-0.022282796840523235j), 'Fuu_py': np.complex128(0.02228308553152122+0.020790328937410205j)}, 'free': np.float64(-9254.901350156073)}, {'stable': {'Fuu_px': np.complex128(0.030475590976788793+1.4451364241330485e-15j), 'Fuu_py': np.complex128(-1.4291732809137633e-15+0.030475590976788043j)}, 'free': np.float64(-9254.901350156168)}]
------------------------------------------
  Seed: dd:px
  Seed uu: [0.+0.j 0.+0.j 0.+0.j 0.+0.j], Seed dd: [ 3.38291373e-02+1.15196253e-14j -3.38291373e-02-1.15188007e-14j
  1.14890668e-14-3.37475017e-02j -1.14817804e-14+3.37475017e-02j]
F_onsite: (-5.00227319595352e-20-4.358203971121493e-21j)
F_swave: (-2.6194980950131255e-21-4.2293400443998145e-22j), F_dwave: (-4.65409370743718e-20-2.3492047626090322e-21j)
F_px: (-7.616458406835827e-22+1.2614348376696684e-21j), F_py: (-2.6915610860737273e-21-3.074294540633827e-21j)
Free_energy = -9254.900353242987
------------------------------------------
[{'stable': {'Fuu_px': np.complex128(0.030492971614632186+8.955020703793888e-15j), 'Fuu_py': np.complex128(8.935865821315341e-15-0.030456448913998294j)}, 'free': np.float64(-9254.900356519873)}, {'stable': {'Fuu_px': np.complex128(0.020790059585986766-0.022282796840523235j), 'Fuu_py': np.complex128(0.02228308553152122+0.020790328937410205j)}, 'free': np.float64(-9254.901350156073)}, {'stable': {'Fuu_px': np.complex128(0.030475590976788793+1.4451364241330485e-15j), 'Fuu_py': np.complex128(-1.4291732809137633e-15+0.030475590976788043j)}, 'free': np.float64(-9254.901350156168)}, {'stable': {'Fdd_px': np.complex128(0.030503739381412844+1.0524423491968933e-14j), 'Fdd_py': np.complex128(1.0528856571247286e-14-0.030445658454178244j)}, 'free': np.float64(-9254.900353242987)}]
------------------------------------------
  Seed: dd:px+py
  Seed uu: [0.+0.j 0.+0.j 0.+0.j 0.+0.j], Seed dd: [ 0.02352473-0.02425539j -0.02352473+0.02425539j  0.02425578+0.02352511j
 -0.02425578-0.02352511j]
F_onsite: (-2.5840436021221355e-20-1.0278176909793595e-22j)
F_swave: (-1.874493854164146e-21-5.928246921630871e-23j), F_dwave: (-2.0188010814276825e-20-4.643437438813273e-22j)
F_px: (9.354094983873615e-22+3.100380142359463e-20j), F_py: (-4.1607297306941065e-22-1.584884117879252e-20j)
Free_energy = -9254.901350156082
------------------------------------------
[{'stable': {'Fuu_px': np.complex128(0.030492971614632186+8.955020703793888e-15j), 'Fuu_py': np.complex128(8.935865821315341e-15-0.030456448913998294j)}, 'free': np.float64(-9254.900356519873)}, {'stable': {'Fuu_px': np.complex128(0.020790059585986766-0.022282796840523235j), 'Fuu_py': np.complex128(0.02228308553152122+0.020790328937410205j)}, 'free': np.float64(-9254.901350156073)}, {'stable': {'Fuu_px': np.complex128(0.030475590976788793+1.4451364241330485e-15j), 'Fuu_py': np.complex128(-1.4291732809137633e-15+0.030475590976788043j)}, 'free': np.float64(-9254.901350156168)}, {'stable': {'Fdd_px': np.complex128(0.030503739381412844+1.0524423491968933e-14j), 'Fdd_py': np.complex128(1.0528856571247286e-14-0.030445658454178244j)}, 'free': np.float64(-9254.900353242987)}, {'stable': {'Fdd_px': np.complex128(0.021217342521471262-0.021876339081111286j), 'Fdd_py': np.complex128(0.02187661726193258+0.021217612322453304j)}, 'free': np.float64(-9254.901350156082)}]
------------------------------------------
  Seed: dd:px+ipy
  Seed uu: [0.+0.j 0.+0.j 0.+0.j 0.+0.j], Seed dd: [ 3.37898674e-02+1.33491874e-15j -3.37898674e-02-1.33047351e-15j
 -1.32729301e-15+3.37898674e-02j  1.32193571e-15-3.37898674e-02j]
F_onsite: (3.0571077365183206e-20-7.119789931061653e-21j)
F_swave: (2.00613829272586e-21-6.39980486665653e-22j), F_dwave: (-3.9398680461486066e-20+4.575909220668184e-21j)
F_px: (-4.881413124208824e-21-1.6929345249995738e-20j), F_py: (1.8574026253252778e-21-1.9563044001866142e-20j)
Free_energy = -9254.90135015617
------------------------------------------
[{'stable': {'Fuu_px': np.complex128(0.030492971614632186+8.955020703793888e-15j), 'Fuu_py': np.complex128(8.935865821315341e-15-0.030456448913998294j)}, 'free': np.float64(-9254.900356519873)}, {'stable': {'Fuu_px': np.complex128(0.020790059585986766-0.022282796840523235j), 'Fuu_py': np.complex128(0.02228308553152122+0.020790328937410205j)}, 'free': np.float64(-9254.901350156073)}, {'stable': {'Fuu_px': np.complex128(0.030475590976788793+1.4451364241330485e-15j), 'Fuu_py': np.complex128(-1.4291732809137633e-15+0.030475590976788043j)}, 'free': np.float64(-9254.901350156168)}, {'stable': {'Fdd_px': np.complex128(0.030503739381412844+1.0524423491968933e-14j), 'Fdd_py': np.complex128(1.0528856571247286e-14-0.030445658454178244j)}, 'free': np.float64(-9254.900353242987)}, {'stable': {'Fdd_px': np.complex128(0.021217342521471262-0.021876339081111286j), 'Fdd_py': np.complex128(0.02187661726193258+0.021217612322453304j)}, 'free': np.float64(-9254.901350156082)}, {'stable': {'Fdd_px': np.complex128(0.030475590976788893+1.4183473131102367e-15j), 'Fdd_py': np.complex128(-1.3980328028222286e-15+0.03047559097678804j)}, 'free': np.float64(-9254.90135015617)}]
------------------------------------------
  Seed: uu+dd:px
  Seed uu: [ 3.38147307e-02+9.95782338e-15j -3.38147307e-02-9.94728920e-15j
  9.93387967e-15-3.37633648e-02j -9.92664637e-15+3.37633648e-02j], Seed dd: [ 3.38143889e-02+1.10684252e-14j -3.38143889e-02-1.10581367e-14j
  1.09696529e-14-3.37637072e-02j -1.09641967e-14+3.37637072e-02j]
F_onsite: (-3.2382609212934825e-21+8.515865964904234e-21j)
F_swave: (-2.4303358250711796e-21+1.732236756361633e-21j), F_dwave: (4.417152013042156e-20+2.9828244728774664e-20j)
F_px: (-3.04880502787998e-20-5.9548386614601994e-21j), F_py: (2.5952173101411665e-20-2.5488321115208285e-21j)
Free_energy = -9270.974091214974
------------------------------------------
[{'stable': {'Fuu_px': np.complex128(0.030492982379686024+9.128141718006916e-15j), 'Fuu_py': np.complex128(9.126561035413331e-15-0.030456438133830366j), 'Fdd_px': np.complex128(0.030492739169666862+1.0224067924978273e-14j), 'Fdd_py': np.complex128(1.019077946397673e-14-0.03045668168313999j)}, 'free': np.float64(-9270.974091214974)}]
------------------------------------------
  Seed: uu+dd:px+py
  Seed uu: [ 0.02364662-0.02413687j -0.02364662+0.02413687j  0.02413695+0.0236467j
 -0.02413695-0.0236467j ], Seed dd: [ 0.02266875+0.02505722j -0.02266875-0.02505722j  0.02505763-0.02266912j
 -0.02505763+0.02266912j]
F_onsite: (-1.317032757244783e-20-4.3162055658409753e-20j)
F_swave: (-3.2988831969886266e-21-1.522103559975329e-21j), F_dwave: (-8.261538053422651e-21-1.904666832862312e-20j)
F_px: (-8.12796040607935e-20+7.403212007848055e-20j), F_py: (-5.231225401413373e-20-5.501741652293272e-20j)
Free_energy = -9270.976078463606
------------------------------------------
[{'stable': {'Fuu_px': np.complex128(0.030492982379686024+9.128141718006916e-15j), 'Fuu_py': np.complex128(9.126561035413331e-15-0.030456438133830366j), 'Fdd_px': np.complex128(0.030492739169666862+1.0224067924978273e-14j), 'Fdd_py': np.complex128(1.019077946397673e-14-0.03045668168313999j)}, 'free': np.float64(-9270.974091214974)}, {'stable': {'Fuu_px': np.complex128(0.02132725394327982-0.021769417613381168j), 'Fuu_py': np.complex128(0.02176947249389943+0.02132730770910676j), 'Fdd_px': np.complex128(0.020445320777612644+0.02259952480763932j), 'Fdd_py': np.complex128(0.022599816370694265-0.020445584548653688j)}, 'free': np.float64(-9270.976078463606)}]
------------------------------------------
  Seed: uu+dd:px+ipy
  Seed uu: [ 3.37898674e-02+1.15697199e-15j -3.37898674e-02-1.15093386e-15j
 -1.14428275e-15+3.37898674e-02j  1.13682126e-15-3.37898674e-02j], Seed dd: [ 3.37898674e-02+1.36895016e-15j -3.37898674e-02-1.36629360e-15j
 -1.36391355e-15+3.37898674e-02j  1.35641492e-15-3.37898674e-02j]
F_onsite: (8.20703864666716e-22+9.514648668546062e-20j)
F_swave: (-6.466864016099688e-21+1.764527348766548e-21j), F_dwave: (1.9536293362433945e-20-3.261146046660007e-20j)
F_px: (2.2778020805211953e-21+1.0909078991939894e-20j), F_py: (3.637601226791435e-20+1.0707300435070306e-20j)
Free_energy = -9270.976078463686
------------------------------------------
[{'stable': {'Fuu_px': np.complex128(0.030492982379686024+9.128141718006916e-15j), 'Fuu_py': np.complex128(9.126561035413331e-15-0.030456438133830366j), 'Fdd_px': np.complex128(0.030492739169666862+1.0224067924978273e-14j), 'Fdd_py': np.complex128(1.019077946397673e-14-0.03045668168313999j)}, 'free': np.float64(-9270.974091214974)}, {'stable': {'Fuu_px': np.complex128(0.02132725394327982-0.021769417613381168j), 'Fuu_py': np.complex128(0.02176947249389943+0.02132730770910676j), 'Fdd_px': np.complex128(0.020445320777612644+0.02259952480763932j), 'Fdd_py': np.complex128(0.022599816370694265-0.020445584548653688j)}, 'free': np.float64(-9270.976078463606)}, {'stable': {'Fuu_px': np.complex128(0.03047559097678842+1.2843442259302136e-15j), 'Fuu_py': np.complex128(-1.2618036468823722e-15+0.030475590976788244j), 'Fdd_px': np.complex128(0.030475590976788806+1.4025908062254122e-15j), 'Fdd_py': np.complex128(-1.4120215651810232e-15+0.03047559097678804j)}, 'free': np.float64(-9270.976078463686)}]
------------------------------------------
====================================
mu=-0.24, T=0.0794
====================================
  Seed: normal state
  Seed uu: [0.+0.j 0.+0.j 0.+0.j 0.+0.j], Seed dd: [0.+0.j 0.+0.j 0.+0.j 0.+0.j]
F_onsite: 0j
F_swave: 0j, F_dwave: 0j
F_px: 0j, F_py: 0j
Free_energy = -9241.448051310823
------------------------------------------
[{'stable': {}, 'free': np.float64(-9241.448051310823)}]
------------------------------------------
  Seed: uu:px
  Seed uu: [ 3.04929716e-02+8.95989824e-15j -3.04929716e-02-8.95014317e-15j
  8.93924429e-15-3.04564489e-02j -8.93248735e-15+3.04564489e-02j], Seed dd: [0.+0.j 0.+0.j 0.+0.j 0.+0.j]
F_onsite: (-4.8637017887529377e-20-5.824988728987681e-20j)
F_swave: (-3.5051517245320106e-21-2.235363001747501e-21j), F_dwave: (3.935938972390875e-20+2.158273525099568e-21j)
F_px: (3.844356160495934e-20+8.213791098322172e-21j), F_py: (-2.4651629112354665e-20-7.765873549173245e-20j)
Free_energy = -9253.433941497009
------------------------------------------
[{'stable': {'Fuu_px': np.complex128(0.026423045352425595+7.919765521305556e-15j), 'Fuu_py': np.complex128(7.952264150553564e-15-0.02639782223439633j)}, 'free': np.float64(-9253.433941497009)}]
------------------------------------------
  Seed: uu:px+py
  Seed uu: [ 0.02079006-0.0222828j  -0.02079006+0.0222828j   0.02228309+0.02079033j
 -0.02228309-0.02079033j], Seed dd: [0.+0.j 0.+0.j 0.+0.j 0.+0.j]
F_onsite: (7.483364416995083e-20-1.8718097135275015e-20j)
F_swave: (2.7186534614183564e-21-5.548249235753447e-22j), F_dwave: (-3.701699618714775e-20-9.230529345591101e-21j)
F_px: (2.3238511716725914e-20+3.285261572177268e-20j), F_py: (5.366766083233742e-20-3.904243616505293e-21j)
Free_energy = -9253.434812243997
------------------------------------------
[{'stable': {'Fuu_px': np.complex128(0.026423045352425595+7.919765521305556e-15j), 'Fuu_py': np.complex128(7.952264150553564e-15-0.02639782223439633j)}, 'free': np.float64(-9253.433941497009)}, {'stable': {'Fuu_px': np.complex128(0.018017506937492628-0.019311173448077958j), 'Fuu_py': np.complex128(0.019311373376204758+0.018017693472320514j)}, 'free': np.float64(-9253.434812243997)}]
------------------------------------------
  Seed: uu:px+ipy
  Seed uu: [ 3.04755910e-02+1.45012723e-15j -3.04755910e-02-1.44014561e-15j
 -1.43253854e-15+3.04755910e-02j  1.42580802e-15-3.04755910e-02j], Seed dd: [0.+0.j 0.+0.j 0.+0.j 0.+0.j]
F_onsite: (-9.290868111726604e-21+4.964917652793765e-20j)
F_swave: (1.2947940481527036e-21+1.7907579146439853e-21j), F_dwave: (-3.3334793057801976e-20-1.9930654280667546e-20j)
F_px: (-1.3469415763949276e-19-8.483326476605887e-20j), F_py: (-9.357918613734551e-20-9.014834798453172e-20j)
Free_energy = -9253.434812244104
------------------------------------------
[{'stable': {'Fuu_px': np.complex128(0.026423045352425595+7.919765521305556e-15j), 'Fuu_py': np.complex128(7.952264150553564e-15-0.02639782223439633j)}, 'free': np.float64(-9253.433941497009)}, {'stable': {'Fuu_px': np.complex128(0.018017506937492628-0.019311173448077958j), 'Fuu_py': np.complex128(0.019311373376204758+0.018017693472320514j)}, 'free': np.float64(-9253.434812243997)}, {'stable': {'Fuu_px': np.complex128(0.02641134600818689+1.4475751775719814e-15j), 'Fuu_py': np.complex128(-1.4607638114329759e-15+0.02641134600818603j)}, 'free': np.float64(-9253.434812244104)}]
------------------------------------------
  Seed: dd:px
  Seed uu: [0.+0.j 0.+0.j 0.+0.j 0.+0.j], Seed dd: [ 3.05037394e-02+1.05313342e-14j -3.05037394e-02-1.05175127e-14j
  1.05325171e-14-3.04456585e-02j -1.05251960e-14+3.04456585e-02j]
F_onsite: (6.158079388562709e-21-3.524656613576181e-21j)
F_swave: (1.2018155581345839e-21-2.6556975757278632e-22j), F_dwave: (2.0658539174297728e-20-4.423493387831824e-21j)
F_px: (-7.471702792535785e-22+1.9880432889556306e-20j), F_py: (1.6827341186268149e-21+2.0899291138621982e-22j)
Free_energy = -9253.433940793355
------------------------------------------
[{'stable': {'Fuu_px': np.complex128(0.026423045352425595+7.919765521305556e-15j), 'Fuu_py': np.complex128(7.952264150553564e-15-0.02639782223439633j)}, 'free': np.float64(-9253.433941497009)}, {'stable': {'Fuu_px': np.complex128(0.018017506937492628-0.019311173448077958j), 'Fuu_py': np.complex128(0.019311373376204758+0.018017693472320514j)}, 'free': np.float64(-9253.434812243997)}, {'stable': {'Fuu_px': np.complex128(0.02641134600818689+1.4475751775719814e-15j), 'Fuu_py': np.complex128(-1.4607638114329759e-15+0.02641134600818603j)}, 'free': np.float64(-9253.434812244104)}, {'stable': {'Fdd_px': np.complex128(0.026430484199394713+9.289399731391181e-15j), 'Fdd_py': np.complex128(9.264080010773619e-15-0.026390372635113266j)}, 'free': np.float64(-9253.433940793355)}]
------------------------------------------
  Seed: dd:px+py
  Seed uu: [0.+0.j 0.+0.j 0.+0.j 0.+0.j], Seed dd: [ 0.02121734-0.02187634j -0.02121734+0.02187634j  0.02187662+0.02121761j
 -0.02187662-0.02121761j]
F_onsite: (-4.1405778906491944e-20+1.5498567131120138e-21j)
F_swave: (-3.689671912176008e-21+1.2454299493015435e-22j), F_dwave: (5.784918945396614e-22-1.3099982535065413e-21j)
F_px: (4.365976670327411e-22+6.452640186915875e-21j), F_py: (5.2298426783571e-22-3.0200482495637557e-20j)
Free_energy = -9253.434812244031
------------------------------------------
[{'stable': {'Fuu_px': np.complex128(0.026423045352425595+7.919765521305556e-15j), 'Fuu_py': np.complex128(7.952264150553564e-15-0.02639782223439633j)}, 'free': np.float64(-9253.433941497009)}, {'stable': {'Fuu_px': np.complex128(0.018017506937492628-0.019311173448077958j), 'Fuu_py': np.complex128(0.019311373376204758+0.018017693472320514j)}, 'free': np.float64(-9253.434812243997)}, {'stable': {'Fuu_px': np.complex128(0.02641134600818689+1.4475751775719814e-15j), 'Fuu_py': np.complex128(-1.4607638114329759e-15+0.02641134600818603j)}, 'free': np.float64(-9253.434812244104)}, {'stable': {'Fdd_px': np.complex128(0.026430484199394713+9.289399731391181e-15j), 'Fdd_py': np.complex128(9.264080010773619e-15-0.026390372635113266j)}, 'free': np.float64(-9253.433940793355)}, {'stable': {'Fdd_px': np.complex128(0.018387807177236953-0.01895892024933238j), 'Fdd_py': np.complex128(0.018959112898811956+0.01838799402339902j)}, 'free': np.float64(-9253.434812244031)}]
------------------------------------------
  Seed: dd:px+ipy
  Seed uu: [0.+0.j 0.+0.j 0.+0.j 0.+0.j], Seed dd: [ 3.04755910e-02+1.41931067e-15j -3.04755910e-02-1.41738396e-15j
 -1.40146466e-15+3.04755910e-02j  1.39460094e-15-3.04755910e-02j]
F_onsite: (2.3567788796715718e-20+6.012367496527014e-22j)
F_swave: (2.5440714344519647e-21+1.1842097452040912e-23j), F_dwave: (-1.232109202707543e-20-2.5870152692408157e-21j)
F_px: (-3.812391901909396e-22+1.478719058424115e-20j), F_py: (-1.1374355818541534e-21+2.1833141503061368e-20j)
Free_energy = -9253.434812244104
------------------------------------------
[{'stable': {'Fuu_px': np.complex128(0.026423045352425595+7.919765521305556e-15j), 'Fuu_py': np.complex128(7.952264150553564e-15-0.02639782223439633j)}, 'free': np.float64(-9253.433941497009)}, {'stable': {'Fuu_px': np.complex128(0.018017506937492628-0.019311173448077958j), 'Fuu_py': np.complex128(0.019311373376204758+0.018017693472320514j)}, 'free': np.float64(-9253.434812243997)}, {'stable': {'Fuu_px': np.complex128(0.02641134600818689+1.4475751775719814e-15j), 'Fuu_py': np.complex128(-1.4607638114329759e-15+0.02641134600818603j)}, 'free': np.float64(-9253.434812244104)}, {'stable': {'Fdd_px': np.complex128(0.026430484199394713+9.289399731391181e-15j), 'Fdd_py': np.complex128(9.264080010773619e-15-0.026390372635113266j)}, 'free': np.float64(-9253.433940793355)}, {'stable': {'Fdd_px': np.complex128(0.018387807177236953-0.01895892024933238j), 'Fdd_py': np.complex128(0.018959112898811956+0.01838799402339902j)}, 'free': np.float64(-9253.434812244031)}, {'stable': {'Fdd_px': np.complex128(0.02641134600818685+1.4169772637878325e-15j), 'Fdd_py': np.complex128(-1.4375181701007739e-15+0.02641134600818603j)}, 'free': np.float64(-9253.434812244104)}]
------------------------------------------
  Seed: uu+dd:px
  Seed uu: [ 3.04929824e-02+9.12729466e-15j -3.04929824e-02-9.12898878e-15j
  9.12915239e-15-3.04564381e-02j -9.12396968e-15+3.04564381e-02j], Seed dd: [ 3.04927392e-02+1.02267332e-14j -3.04927392e-02-1.02214026e-14j
  1.01945090e-14-3.04566817e-02j -1.01870500e-14+3.04566817e-02j]
F_onsite: (-1.2294359771199429e-20-7.068847582398446e-20j)
F_swave: (5.410318112258624e-22-3.3156947678963627e-21j), F_dwave: (2.877079045154315e-20-2.601536130497168e-20j)
F_px: (-1.7953558731151538e-20+1.382263632061686e-20j), F_py: (-1.4073884630041287e-20-1.9566808747264133e-20j)
Free_energy = -9265.419831694293
------------------------------------------
[{'stable': {'Fuu_px': np.complex128(0.026423052788006624+8.206964628452327e-15j), 'Fuu_py': np.complex128(8.17724179234692e-15-0.026397814790521373j), 'Fdd_px': np.complex128(0.026422884799423757+9.014997002441487e-15j), 'Fdd_py': np.complex128(9.052074916795478e-15-0.026397982965285643j)}, 'free': np.float64(-9265.419831694293)}]
------------------------------------------
  Seed: uu+dd:px+py
  Seed uu: [ 0.02132725-0.02176942j -0.02132725+0.02176942j  0.02176947+0.02132731j
 -0.02176947-0.02132731j], Seed dd: [ 0.02044532+0.02259952j -0.02044532-0.02259952j  0.02259982-0.02044558j
 -0.02259982+0.02044558j]
F_onsite: (2.667020685455238e-20-1.2733224195364188e-21j)
F_swave: (3.819046389097196e-21+1.271783798918858e-22j), F_dwave: (-2.077644791592337e-20-2.0769275940023374e-20j)
F_px: (-2.7069440670416132e-20-3.994789195942982e-20j), F_py: (-2.993098651875573e-20+2.7779614185796546e-20j)
Free_energy = -9265.421573177333
------------------------------------------
[{'stable': {'Fuu_px': np.complex128(0.026423052788006624+8.206964628452327e-15j), 'Fuu_py': np.complex128(8.17724179234692e-15-0.026397814790521373j), 'Fdd_px': np.complex128(0.026422884799423757+9.014997002441487e-15j), 'Fdd_py': np.complex128(9.052074916795478e-15-0.026397982965285643j)}, 'free': np.float64(-9265.419831694293)}, {'stable': {'Fuu_px': np.complex128(0.01848304193247498-0.018866238460131066j), 'Fuu_py': np.complex128(0.01886627646671675+0.018483079167100153j), 'Fdd_px': np.complex128(0.017718742238813128+0.01958566261404414j), 'Fdd_py': np.complex128(0.019585864531166397-0.01771892490904061j)}, 'free': np.float64(-9265.421573177333)}]
------------------------------------------
  Seed: uu+dd:px+ipy
  Seed uu: [ 3.04755910e-02+1.28984205e-15j -3.04755910e-02-1.27884640e-15j
 -1.26511390e-15+3.04755910e-02j  1.25849339e-15-3.04755910e-02j], Seed dd: [ 3.04755910e-02+1.40927965e-15j -3.04755910e-02-1.39590196e-15j
 -1.41559240e-15+3.04755910e-02j  1.40845073e-15-3.04755910e-02j]
F_onsite: (-9.401255801256827e-21-2.814214953312359e-20j)
F_swave: (-2.1540159224669374e-21+3.11977576010698e-21j), F_dwave: (3.5544520555671515e-20+3.297045223283113e-20j)
F_px: (-9.506617105514466e-21-1.847865088616763e-21j), F_py: (-1.2377509729736542e-21-3.1341619778527575e-20j)
Free_energy = -9265.421573177404
------------------------------------------
[{'stable': {'Fuu_px': np.complex128(0.026423052788006624+8.206964628452327e-15j), 'Fuu_py': np.complex128(8.17724179234692e-15-0.026397814790521373j), 'Fdd_px': np.complex128(0.026422884799423757+9.014997002441487e-15j), 'Fdd_py': np.complex128(9.052074916795478e-15-0.026397982965285643j)}, 'free': np.float64(-9265.419831694293)}, {'stable': {'Fuu_px': np.complex128(0.01848304193247498-0.018866238460131066j), 'Fuu_py': np.complex128(0.01886627646671675+0.018483079167100153j), 'Fdd_px': np.complex128(0.017718742238813128+0.01958566261404414j), 'Fdd_py': np.complex128(0.019585864531166397-0.01771892490904061j)}, 'free': np.float64(-9265.421573177333)}, {'stable': {'Fuu_px': np.complex128(0.026411346008186832+1.3075598240625677e-15j), 'Fuu_py': np.complex128(-1.3050161576521835e-15+0.0264113460081861j), 'Fdd_px': np.complex128(0.026411346008186825+1.4375570542070088e-15j), 'Fdd_py': np.complex128(-1.4647820695603013e-15+0.026411346008186128j)}, 'free': np.float64(-9265.421573177404)}]
------------------------------------------
====================================
mu=-0.24, T=0.0835
====================================
  Seed: normal state
  Seed uu: [0.+0.j 0.+0.j 0.+0.j 0.+0.j], Seed dd: [0.+0.j 0.+0.j 0.+0.j 0.+0.j]
F_onsite: 0j
F_swave: 0j, F_dwave: 0j
F_px: 0j, F_py: 0j
Free_energy = -9244.2121309191
------------------------------------------
[{'stable': {}, 'free': np.float64(-9244.2121309191)}]
------------------------------------------
  Seed: uu:px
  Seed uu: [ 2.64230454e-02+7.92156642e-15j -2.64230454e-02-7.91796462e-15j
  7.95497763e-15-2.63978222e-02j -7.94955067e-15+2.63978222e-02j], Seed dd: [0.+0.j 0.+0.j 0.+0.j 0.+0.j]
F_onsite: (2.1749213459747577e-20-5.458712919372775e-20j)
F_swave: (1.7075870137667164e-21-1.99606249821388e-21j), F_dwave: (-3.885027714874424e-20-7.953660143629143e-21j)
F_px: (5.923014429287094e-20-8.717680990008512e-21j), F_py: (2.058984450307346e-20-3.9247535887022977e-20j)
Free_energy = -9251.85791511564
------------------------------------------
[{'stable': {'Fuu_px': np.complex128(0.021176496457935158+6.5744303439011615e-15j), 'Fuu_py': np.complex128(6.59428293006534e-15-0.02116015949653844j)}, 'free': np.float64(-9251.85791511564)}]
------------------------------------------
  Seed: uu:px+py
  Seed uu: [ 0.01801751-0.01931117j -0.01801751+0.01931117j  0.01931137+0.01801769j
 -0.01931137-0.01801769j], Seed dd: [0.+0.j 0.+0.j 0.+0.j 0.+0.j]
F_onsite: (-3.809123847788727e-20+7.05386218546205e-20j)
F_swave: (-4.217815560992627e-21+5.361580710202558e-21j), F_dwave: (-5.049262543479403e-20+4.7529399635330645e-20j)
F_px: (-3.483214557110827e-20-2.839106560052385e-20j), F_py: (-3.9194504472610747e-20+2.3391268751917653e-20j)
Free_energy = -9251.857917297195
------------------------------------------
[{'stable': {'Fuu_px': np.complex128(0.021176496457935158+6.5744303439011615e-15j), 'Fuu_py': np.complex128(6.59428293006534e-15-0.02116015949653844j)}, 'free': np.float64(-9251.85791511564)}, {'stable': {'Fuu_px': np.complex128(0.01444079965168173-0.015477656690796777j), 'Fuu_py': np.complex128(0.01547778617903241+0.014440920465426544j)}, 'free': np.float64(-9251.857917297195)}]
------------------------------------------
  Seed: uu:px+ipy
  Seed uu: [ 2.64113460e-02+1.45178877e-15j -2.64113460e-02-1.44336159e-15j
 -1.46341350e-15+2.64113460e-02j  1.45811412e-15-2.64113460e-02j], Seed dd: [0.+0.j 0.+0.j 0.+0.j 0.+0.j]
F_onsite: (5.681333356255694e-20-9.142109953285511e-20j)
F_swave: (2.964424694348939e-21-5.01344014809852e-21j), F_dwave: (-2.543087504102334e-20+2.3906931462932776e-21j)
F_px: (8.814143893894037e-20-8.097443813452263e-21j), F_py: (-3.3019917697247836e-20+7.052171370887244e-20j)
Free_energy = -9251.857917297215
------------------------------------------
[{'stable': {'Fuu_px': np.complex128(0.021176496457935158+6.5744303439011615e-15j), 'Fuu_py': np.complex128(6.59428293006534e-15-0.02116015949653844j)}, 'free': np.float64(-9251.85791511564)}, {'stable': {'Fuu_px': np.complex128(0.01444079965168173-0.015477656690796777j), 'Fuu_py': np.complex128(0.01547778617903241+0.014440920465426544j)}, 'free': np.float64(-9251.857917297195)}, {'stable': {'Fuu_px': np.complex128(0.02116833248172125+1.3199872267668868e-15j), 'Fuu_py': np.complex128(-1.3749787563722286e-15+0.02116833248172067j)}, 'free': np.float64(-9251.857917297215)}]
------------------------------------------
  Seed: dd:px
  Seed uu: [0.+0.j 0.+0.j 0.+0.j 0.+0.j], Seed dd: [ 2.64304842e-02+9.29068303e-15j -2.64304842e-02-9.28811644e-15j
  9.26717500e-15-2.63903726e-02j -9.26098502e-15+2.63903726e-02j]
F_onsite: (-5.947870185558954e-20+3.0266751866243647e-21j)
F_swave: (-4.833308110617877e-21+2.9654464565397105e-22j), F_dwave: (-3.1268566912545267e-20+2.4454280292954925e-21j)
F_px: (4.767611842346479e-22-2.1229008793432243e-20j), F_py: (2.8612725245729434e-22+2.8027310142682656e-20j)
Free_energy = -9251.857215448284
------------------------------------------
[{'stable': {'Fuu_px': np.complex128(0.021176496457935158+6.5744303439011615e-15j), 'Fuu_py': np.complex128(6.59428293006534e-15-0.02116015949653844j)}, 'free': np.float64(-9251.85791511564)}, {'stable': {'Fuu_px': np.complex128(0.01444079965168173-0.015477656690796777j), 'Fuu_py': np.complex128(0.01547778617903241+0.014440920465426544j)}, 'free': np.float64(-9251.857917297195)}, {'stable': {'Fuu_px': np.complex128(0.02116833248172125+1.3199872267668868e-15j), 'Fuu_py': np.complex128(-1.3749787563722286e-15+0.02116833248172067j)}, 'free': np.float64(-9251.857917297215)}, {'stable': {'Fdd_px': np.complex128(0.0211803564273457+7.616860219707538e-15j), 'Fdd_py': np.complex128(7.685262517564292e-15-0.021154421378382506j)}, 'free': np.float64(-9251.857215448284)}]
------------------------------------------
  Seed: dd:px+py
  Seed uu: [0.+0.j 0.+0.j 0.+0.j 0.+0.j], Seed dd: [ 0.01838781-0.01895892j -0.01838781+0.01895892j  0.01895911+0.01838799j
 -0.01895911-0.01838799j]
F_onsite: (-4.045153165876757e-20+1.5847573271804684e-21j)
F_swave: (-3.050954688996239e-21+1.4978992283967094e-22j), F_dwave: (-3.18431303130748e-20+1.1920851369733847e-21j)
F_px: (-1.0778146197551355e-22+7.279407726076002e-21j), F_py: (1.5424855042057e-21+2.429383769842659e-20j)
Free_energy = -9251.857917297184
------------------------------------------
[{'stable': {'Fuu_px': np.complex128(0.021176496457935158+6.5744303439011615e-15j), 'Fuu_py': np.complex128(6.59428293006534e-15-0.02116015949653844j)}, 'free': np.float64(-9251.85791511564)}, {'stable': {'Fuu_px': np.complex128(0.01444079965168173-0.015477656690796777j), 'Fuu_py': np.complex128(0.01547778617903241+0.014440920465426544j)}, 'free': np.float64(-9251.857917297195)}, {'stable': {'Fuu_px': np.complex128(0.02116833248172125+1.3199872267668868e-15j), 'Fuu_py': np.complex128(-1.3749787563722286e-15+0.02116833248172067j)}, 'free': np.float64(-9251.857917297215)}, {'stable': {'Fdd_px': np.complex128(0.0211803564273457+7.616860219707538e-15j), 'Fdd_py': np.complex128(7.685262517564292e-15-0.021154421378382506j)}, 'free': np.float64(-9251.857215448284)}, {'stable': {'Fdd_px': np.complex128(0.014737590251558167-0.015195330011536664j), 'Fdd_py': np.complex128(0.01519545478558237+0.014737711266946266j)}, 'free': np.float64(-9251.857917297184)}]
------------------------------------------
  Seed: dd:px+ipy
  Seed uu: [0.+0.j 0.+0.j 0.+0.j 0.+0.j], Seed dd: [ 2.64113460e-02+1.41980221e-15j -2.64113460e-02-1.41415232e-15j
 -1.44062850e-15+2.64113460e-02j  1.43440784e-15-2.64113460e-02j]
F_onsite: (-3.464823430275723e-20+1.9590888530878087e-21j)
F_swave: (-3.650800686375507e-21+1.212792526871449e-22j), F_dwave: (1.1173705901772742e-20-4.500574928922954e-21j)
F_px: (4.040365511378524e-21-3.391025316050296e-20j), F_py: (9.456496736181595e-22-1.2246721224958743e-20j)
Free_energy = -9251.857917297215
------------------------------------------
[{'stable': {'Fuu_px': np.complex128(0.021176496457935158+6.5744303439011615e-15j), 'Fuu_py': np.complex128(6.59428293006534e-15-0.02116015949653844j)}, 'free': np.float64(-9251.85791511564)}, {'stable': {'Fuu_px': np.complex128(0.01444079965168173-0.015477656690796777j), 'Fuu_py': np.complex128(0.01547778617903241+0.014440920465426544j)}, 'free': np.float64(-9251.857917297195)}, {'stable': {'Fuu_px': np.complex128(0.02116833248172125+1.3199872267668868e-15j), 'Fuu_py': np.complex128(-1.3749787563722286e-15+0.02116833248172067j)}, 'free': np.float64(-9251.857917297215)}, {'stable': {'Fdd_px': np.complex128(0.0211803564273457+7.616860219707538e-15j), 'Fdd_py': np.complex128(7.685262517564292e-15-0.021154421378382506j)}, 'free': np.float64(-9251.857215448284)}, {'stable': {'Fdd_px': np.complex128(0.014737590251558167-0.015195330011536664j), 'Fdd_py': np.complex128(0.01519545478558237+0.014737711266946266j)}, 'free': np.float64(-9251.857917297184)}, {'stable': {'Fdd_px': np.complex128(0.02116833248172132+1.295492589031844e-15j), 'Fdd_py': np.complex128(-1.3610962040040858e-15+0.021168332481720585j)}, 'free': np.float64(-9251.857917297215)}]
------------------------------------------
  Seed: uu+dd:px
  Seed uu: [ 2.64230528e-02+8.21085554e-15j -2.64230528e-02-8.20307372e-15j
  8.17963544e-15-2.63978148e-02j -8.17484814e-15+2.63978148e-02j], Seed dd: [ 2.64228848e-02+9.01832832e-15j -2.64228848e-02-9.01166569e-15j
  9.05502160e-15-2.63979830e-02j -9.04912823e-15+2.63979830e-02j]
F_onsite: (2.874897506785583e-20-8.672961623659246e-20j)
F_swave: (1.5168332026166373e-21-3.588476708347589e-21j), F_dwave: (5.0147371202948596e-20-9.964921696471439e-21j)
F_px: (4.002263906610329e-20+3.396946240057559e-20j), F_py: (1.260215954913492e-20-4.39545834814052e-20j)
Free_energy = -9259.50369931666
------------------------------------------
[{'stable': {'Fuu_px': np.complex128(0.021176501274467817+6.930849995966624e-15j), 'Fuu_py': np.complex128(6.934365917234113e-15-0.02116015467567594j), 'Fdd_px': np.complex128(0.021176392456883762+7.382499133689609e-15j), 'Fdd_py': np.complex128(7.3857946477198e-15-0.021160263590453168j)}, 'free': np.float64(-9259.50369931666)}]
------------------------------------------
  Seed: uu+dd:px+py
  Seed uu: [ 0.01848304-0.01886624j -0.01848304+0.01886624j  0.01886628+0.01848308j
 -0.01886628-0.01848308j], Seed dd: [ 0.01771874+0.01958566j -0.01771874-0.01958566j  0.01958586-0.01771892j
 -0.01958586+0.01771892j]
F_onsite: (5.908175451568215e-20+7.454107590277709e-20j)
F_swave: (4.997548021805202e-21+4.654363559010558e-21j), F_dwave: (-1.7406947141738413e-21+2.5804756624035594e-20j)
F_px: (7.618809130793647e-20+5.0052029865543305e-20j), F_py: (9.994237128823414e-20-3.0201905585573494e-20j)
Free_energy = -9259.503703675378
------------------------------------------
[{'stable': {'Fuu_px': np.complex128(0.021176501274467817+6.930849995966624e-15j), 'Fuu_py': np.complex128(6.934365917234113e-15-0.02116015467567594j), 'Fdd_px': np.complex128(0.021176392456883762+7.382499133689609e-15j), 'Fdd_py': np.complex128(7.3857946477198e-15-0.021160263590453168j)}, 'free': np.float64(-9259.50369931666)}, {'stable': {'Fuu_px': np.complex128(0.014813908098809392-0.015121034932434415j), 'Fuu_py': np.complex128(0.015121059548309062+0.014813932214705169j), 'Fdd_px': np.complex128(0.0142013435359909+0.01569765615489272j), 'Fdd_py': np.complex128(0.01569778693134947-0.01420146184673561j)}, 'free': np.float64(-9259.503703675378)}]
------------------------------------------
  Seed: uu+dd:px+ipy
  Seed uu: [ 2.64113460e-02+1.31131092e-15j -2.64113460e-02-1.30380873e-15j
 -1.30739223e-15+2.64113460e-02j  1.30264008e-15-2.64113460e-02j], Seed dd: [ 2.64113460e-02+1.44235076e-15j -2.64113460e-02-1.43276335e-15j
 -1.46772045e-15+2.64113460e-02j  1.46184369e-15-2.64113460e-02j]
F_onsite: (2.1504445983212428e-20+7.718670336127219e-20j)
F_swave: (-1.5143422089541748e-22+4.524232735471487e-21j), F_dwave: (-3.632514302439108e-20-2.456088540423126e-20j)
F_px: (-1.495107077832649e-20-1.0818446964148918e-20j), F_py: (-2.5271755485132284e-21-2.2720157182261305e-20j)
Free_energy = -9259.503703675407
------------------------------------------
[{'stable': {'Fuu_px': np.complex128(0.021176501274467817+6.930849995966624e-15j), 'Fuu_py': np.complex128(6.934365917234113e-15-0.02116015467567594j), 'Fdd_px': np.complex128(0.021176392456883762+7.382499133689609e-15j), 'Fdd_py': np.complex128(7.3857946477198e-15-0.021160263590453168j)}, 'free': np.float64(-9259.50369931666)}, {'stable': {'Fuu_px': np.complex128(0.014813908098809392-0.015121034932434415j), 'Fuu_py': np.complex128(0.015121059548309062+0.014813932214705169j), 'Fdd_px': np.complex128(0.0142013435359909+0.01569765615489272j), 'Fdd_py': np.complex128(0.01569778693134947-0.01420146184673561j)}, 'free': np.float64(-9259.503703675378)}, {'stable': {'Fuu_px': np.complex128(0.021168332481720904+1.2948695168897997e-15j), 'Fuu_py': np.complex128(-1.3211103792200562e-15+0.02116833248172092j), 'Fdd_px': np.complex128(0.021168332481721033+1.3822707703709123e-15j), 'Fdd_py': np.complex128(-1.4195937816491255e-15+0.02116833248172069j)}, 'free': np.float64(-9259.503703675407)}]
------------------------------------------
====================================
mu=-0.24, T=0.0876
====================================
  Seed: normal state
  Seed uu: [0.+0.j 0.+0.j 0.+0.j 0.+0.j], Seed dd: [0.+0.j 0.+0.j 0.+0.j 0.+0.j]
F_onsite: 0j
F_swave: 0j, F_dwave: 0j
F_px: 0j, F_py: 0j
Free_energy = -9247.118034166637
------------------------------------------
[{'stable': {}, 'free': np.float64(-9247.118034166637)}]
------------------------------------------
  Seed: uu:px
  Seed uu: [ 2.11764965e-02+6.57632667e-15j -2.11764965e-02-6.57253402e-15j
  6.59681975e-15-2.11601595e-02j -6.59174611e-15+2.11601595e-02j], Seed dd: [0.+0.j 0.+0.j 0.+0.j 0.+0.j]
F_onsite: (-3.3638829864443573e-20+5.789809074534699e-20j)
F_swave: (-3.105596431110177e-21+1.8828801851088183e-21j), F_dwave: (-5.662627219073627e-20+6.835626270482703e-21j)
F_px: (1.1301284145906838e-19+6.392616120155488e-20j), F_py: (-6.682475035805726e-20-4.3153533708166147e-20j)
Free_energy = -9250.17773747428
------------------------------------------
[{'stable': {'Fuu_px': np.complex128(0.013441922619325397+4.684410894462685e-15j), 'Fuu_py': np.complex128(4.638568829465127e-15-0.013433378573900912j)}, 'free': np.float64(-9250.17773747428)}]
------------------------------------------
  Seed: uu:px+py
  Seed uu: [ 0.0144408 -0.01547766j -0.0144408 +0.01547766j  0.01547779+0.01444092j
 -0.01547779-0.01444092j], Seed dd: [0.+0.j 0.+0.j 0.+0.j 0.+0.j]
F_onsite: (-7.708192700548438e-21-5.081762867578117e-20j)
F_swave: (-1.9374500560293004e-23-2.8435394655118174e-21j), F_dwave: (4.57330724203153e-21-5.053423800686991e-20j)
F_px: (-4.6596556788447694e-20-8.078210406498577e-20j), F_py: (-7.425508834932926e-20+4.905013039353873e-20j)
Free_energy = -9250.177737528591
------------------------------------------
[{'stable': {'Fuu_px': np.complex128(0.013441922619325397+4.684410894462685e-15j), 'Fuu_py': np.complex128(4.638568829465127e-15-0.013433378573900912j)}, 'free': np.float64(-9250.17773747428)}, {'stable': {'Fuu_px': np.complex128(0.009167022235835657-0.009825219272164218j), 'Fuu_py': np.complex128(0.009825286993026743+0.009167085420039191j)}, 'free': np.float64(-9250.177737528591)}]
------------------------------------------
  Seed: uu:px+ipy
  Seed uu: [ 2.11683325e-02+1.32142108e-15j -2.11683325e-02-1.31855337e-15j
 -1.37735211e-15+2.11683325e-02j  1.37260540e-15-2.11683325e-02j], Seed dd: [0.+0.j 0.+0.j 0.+0.j 0.+0.j]
F_onsite: (-3.1979107586235743e-20-9.634985852189336e-20j)
F_swave: (-3.0670946045897406e-22-4.650866659856556e-21j), F_dwave: (-1.5903736631955e-20+7.811433763397065e-20j)
F_px: (9.091711910777607e-20+3.568491555415695e-20j), F_py: (3.515085511902062e-20+5.0198969095367005e-20j)
Free_energy = -9250.177737528618
------------------------------------------
[{'stable': {'Fuu_px': np.complex128(0.013441922619325397+4.684410894462685e-15j), 'Fuu_py': np.complex128(4.638568829465127e-15-0.013433378573900912j)}, 'free': np.float64(-9250.17773747428)}, {'stable': {'Fuu_px': np.complex128(0.009167022235835657-0.009825219272164218j), 'Fuu_py': np.complex128(0.009825286993026743+0.009167085420039191j)}, 'free': np.float64(-9250.177737528591)}, {'stable': {'Fuu_px': np.complex128(0.013437651394733154+1.103674315124913e-15j), 'Fuu_py': np.complex128(-1.1813239032774135e-15+0.0134376513947326j)}, 'free': np.float64(-9250.177737528618)}]
------------------------------------------
  Seed: dd:px
  Seed uu: [0.+0.j 0.+0.j 0.+0.j 0.+0.j], Seed dd: [ 2.11803564e-02+7.61868754e-15j -2.11803564e-02-7.61503290e-15j
  7.68779303e-15-2.11544214e-02j -7.68273201e-15+2.11544214e-02j]
F_onsite: (-2.4252712723436753e-20-3.59698662332161e-21j)
F_swave: (-2.247720818194863e-21-2.0340503163582255e-22j), F_dwave: (-2.3353479080587486e-20+1.5143429494993947e-22j)
F_px: (6.097696319924214e-22-7.896174893552141e-21j), F_py: (-2.5616486395261178e-21+3.373572697769219e-22j)
Free_energy = -9250.177735844421
------------------------------------------
[{'stable': {'Fuu_px': np.complex128(0.013441922619325397+4.684410894462685e-15j), 'Fuu_py': np.complex128(4.638568829465127e-15-0.013433378573900912j)}, 'free': np.float64(-9250.17773747428)}, {'stable': {'Fuu_px': np.complex128(0.009167022235835657-0.009825219272164218j), 'Fuu_py': np.complex128(0.009825286993026743+0.009167085420039191j)}, 'free': np.float64(-9250.177737528591)}, {'stable': {'Fuu_px': np.complex128(0.013437651394733154+1.103674315124913e-15j), 'Fuu_py': np.complex128(-1.1813239032774135e-15+0.0134376513947326j)}, 'free': np.float64(-9250.177737528618)}, {'stable': {'Fdd_px': np.complex128(0.013444428219568014+5.292805351811985e-15j), 'Fdd_py': np.complex128(5.2664257481319465e-15-0.013430863839765819j)}, 'free': np.float64(-9250.177735844421)}]
------------------------------------------
  Seed: dd:px+py
  Seed uu: [0.+0.j 0.+0.j 0.+0.j 0.+0.j], Seed dd: [ 0.01473759-0.01519533j -0.01473759+0.01519533j  0.01519545+0.01473771j
 -0.01519545-0.01473771j]
F_onsite: (-1.482067133039716e-20+1.0314335455180132e-21j)
F_swave: (-1.7107008580598363e-21+6.99937004936933e-23j), F_dwave: (2.3085656872472748e-20-6.061198071457434e-22j)
F_px: (2.7600987007850333e-22+1.949967481697082e-21j), F_py: (-3.843584346908816e-22-2.139784277025156e-21j)
Free_energy = -9250.177737528653
------------------------------------------
[{'stable': {'Fuu_px': np.complex128(0.013441922619325397+4.684410894462685e-15j), 'Fuu_py': np.complex128(4.638568829465127e-15-0.013433378573900912j)}, 'free': np.float64(-9250.17773747428)}, {'stable': {'Fuu_px': np.complex128(0.009167022235835657-0.009825219272164218j), 'Fuu_py': np.complex128(0.009825286993026743+0.009167085420039191j)}, 'free': np.float64(-9250.177737528591)}, {'stable': {'Fuu_px': np.complex128(0.013437651394733154+1.103674315124913e-15j), 'Fuu_py': np.complex128(-1.1813239032774135e-15+0.0134376513947326j)}, 'free': np.float64(-9250.177737528618)}, {'stable': {'Fdd_px': np.complex128(0.013444428219568014+5.292805351811985e-15j), 'Fdd_py': np.complex128(5.2664257481319465e-15-0.013430863839765819j)}, 'free': np.float64(-9250.177735844421)}, {'stable': {'Fdd_px': np.complex128(0.009355424834880607-0.009645998113504195j), 'Fdd_py': np.complex128(0.009646063368899234+0.00935548812454099j)}, 'free': np.float64(-9250.177737528653)}]
------------------------------------------
  Seed: dd:px+ipy
  Seed uu: [0.+0.j 0.+0.j 0.+0.j 0.+0.j], Seed dd: [ 2.11683325e-02+1.30042676e-15j -2.11683325e-02-1.29055842e-15j
 -1.36325798e-15+2.11683325e-02j  1.35893442e-15-2.11683325e-02j]
F_onsite: (-2.013322506729963e-20+6.000084959103364e-22j)
F_swave: (-1.3988047154888838e-21+6.536324726550418e-24j), F_dwave: (1.1005327760556313e-20-1.0846340360068037e-21j)
F_px: (-3.3752786279591683e-21+4.0194439395817936e-21j), F_py: (-4.696208566050493e-22-2.8864898411913844e-20j)
Free_energy = -9250.177737528618
------------------------------------------
[{'stable': {'Fuu_px': np.complex128(0.013441922619325397+4.684410894462685e-15j), 'Fuu_py': np.complex128(4.638568829465127e-15-0.013433378573900912j)}, 'free': np.float64(-9250.17773747428)}, {'stable': {'Fuu_px': np.complex128(0.009167022235835657-0.009825219272164218j), 'Fuu_py': np.complex128(0.009825286993026743+0.009167085420039191j)}, 'free': np.float64(-9250.177737528591)}, {'stable': {'Fuu_px': np.complex128(0.013437651394733154+1.103674315124913e-15j), 'Fuu_py': np.complex128(-1.1813239032774135e-15+0.0134376513947326j)}, 'free': np.float64(-9250.177737528618)}, {'stable': {'Fdd_px': np.complex128(0.013444428219568014+5.292805351811985e-15j), 'Fdd_py': np.complex128(5.2664257481319465e-15-0.013430863839765819j)}, 'free': np.float64(-9250.177735844421)}, {'stable': {'Fdd_px': np.complex128(0.009355424834880607-0.009645998113504195j), 'Fdd_py': np.complex128(0.009646063368899234+0.00935548812454099j)}, 'free': np.float64(-9250.177737528653)}, {'stable': {'Fdd_px': np.complex128(0.013437651394733192+1.0362832157885033e-15j), 'Fdd_py': np.complex128(-1.1357614716490126e-15+0.013437651394732655j)}, 'free': np.float64(-9250.177737528618)}]
------------------------------------------
  Seed: uu+dd:px
  Seed uu: [ 2.11765013e-02+6.93346134e-15j -2.11765013e-02-6.92823865e-15j
  6.93684668e-15-2.11601547e-02j -6.93188516e-15+2.11601547e-02j], Seed dd: [ 2.11763925e-02+7.38378940e-15j -2.11763925e-02-7.38120887e-15j
  7.38801547e-15-2.11602636e-02j -7.38357383e-15+2.11602636e-02j]
F_onsite: (-6.111714509416636e-20-4.4451117726700383e-20j)
F_swave: (-3.729482519610682e-21-2.5263400854210354e-21j), F_dwave: (-5.586262139315072e-20-1.0539935333836803e-20j)
F_px: (3.744024313702559e-20-3.0694611789740555e-20j), F_py: (3.1759220429882423e-20-8.099018586093782e-20j)
Free_energy = -9253.237440783181
------------------------------------------
[{'stable': {'Fuu_px': np.complex128(0.013441925138519406+4.853466891682721e-15j), 'Fuu_py': np.complex128(4.817453194817616e-15-0.013433376052845687j), 'Fdd_px': np.complex128(0.013441868223623884+5.0636412165896e-15j), 'Fdd_py': np.complex128(5.0880884800366005e-15-0.013433433009522159j)}, 'free': np.float64(-9253.237440783181)}]
------------------------------------------
  Seed: uu+dd:px+py
  Seed uu: [ 0.01481391-0.01512103j -0.01481391+0.01512103j  0.01512106+0.01481393j
 -0.01512106-0.01481393j], Seed dd: [ 0.01420134+0.01569766j -0.01420134-0.01569766j  0.01569779-0.01420146j
 -0.01569779+0.01420146j]
F_onsite: (2.4231014018683942e-20+9.135159052134418e-21j)
F_swave: (-4.2175421244586594e-22-1.4897837663708438e-21j), F_dwave: (2.031742318067605e-20-3.735681718040259e-20j)
F_px: (-7.695339078161643e-20+1.6929114423777785e-20j), F_py: (-1.0108737017945496e-19-4.552971062455276e-20j)
Free_energy = -9253.237440890598
------------------------------------------
[{'stable': {'Fuu_px': np.complex128(0.013441925138519406+4.853466891682721e-15j), 'Fuu_py': np.complex128(4.817453194817616e-15-0.013433376052845687j), 'Fdd_px': np.complex128(0.013441868223623884+5.0636412165896e-15j), 'Fdd_py': np.complex128(5.0880884800366005e-15-0.013433433009522159j)}, 'free': np.float64(-9253.237440783181)}, {'stable': {'Fuu_px': np.complex128(0.00940386596519905-0.009598830019144444j), 'Fuu_py': np.complex128(0.009598842892964532+0.009403878577536027j), 'Fdd_px': np.complex128(0.009015015422265365+0.009964874940962282j), 'Fdd_py': np.complex128(0.009964943335550565-0.009015077297429064j)}, 'free': np.float64(-9253.237440890598)}]
------------------------------------------
  Seed: uu+dd:px+ipy
  Seed uu: [ 2.11683325e-02+1.29955670e-15j -2.11683325e-02-1.29018233e-15j
 -1.32372138e-15+2.11683325e-02j  1.31849937e-15-2.11683325e-02j], Seed dd: [ 2.11683325e-02+1.38340184e-15j -2.11683325e-02-1.38113970e-15j
 -1.42217349e-15+2.11683325e-02j  1.41701407e-15-2.11683325e-02j]
F_onsite: (-4.7913732917245384e-20-6.167663087635322e-20j)
F_swave: (-3.483928729594276e-21-2.382320222723924e-21j), F_dwave: (-1.204258394578718e-19+5.743541439743473e-20j)
F_px: (-1.0833231999830652e-19-4.509426932999727e-20j), F_py: (-5.2342124397632943e-20-1.370615490507284e-19j)
Free_energy = -9253.237440890598
------------------------------------------
[{'stable': {'Fuu_px': np.complex128(0.013441925138519406+4.853466891682721e-15j), 'Fuu_py': np.complex128(4.817453194817616e-15-0.013433376052845687j), 'Fdd_px': np.complex128(0.013441868223623884+5.0636412165896e-15j), 'Fdd_py': np.complex128(5.0880884800366005e-15-0.013433433009522159j)}, 'free': np.float64(-9253.237440783181)}, {'stable': {'Fuu_px': np.complex128(0.00940386596519905-0.009598830019144444j), 'Fuu_py': np.complex128(0.009598842892964532+0.009403878577536027j), 'Fdd_px': np.complex128(0.009015015422265365+0.009964874940962282j), 'Fdd_py': np.complex128(0.009964943335550565-0.009015077297429064j)}, 'free': np.float64(-9253.237440890598)}, {'stable': {'Fuu_px': np.complex128(0.013437651394733095+1.1405045120465019e-15j), 'Fuu_py': np.complex128(-1.1898631997607087e-15+0.013437651394732734j), 'Fdd_px': np.complex128(0.01343765139473297+1.207435771754226e-15j), 'Fdd_py': np.complex128(-1.2682885973010002e-15+0.01343765139473273j)}, 'free': np.float64(-9253.237440890598)}]
------------------------------------------
====================================
mu=-0.24, T=0.0917
====================================
  Seed: normal state
  Seed uu: [0.+0.j 0.+0.j 0.+0.j 0.+0.j], Seed dd: [0.+0.j 0.+0.j 0.+0.j 0.+0.j]
F_onsite: 0j
F_swave: 0j, F_dwave: 0j
F_px: 0j, F_py: 0j
Free_energy = -9250.16481577129
------------------------------------------
[{'stable': {}, 'free': np.float64(-9250.16481577129)}]
------------------------------------------
  Seed: uu:px
  Seed uu: [ 1.34419226e-02+4.68553737e-15j -1.34419226e-02-4.68328442e-15j
  4.64029040e-15-1.34333786e-02j -4.63684725e-15+1.34333786e-02j], Seed dd: [0.+0.j 0.+0.j 0.+0.j 0.+0.j]
==================================================
WARNING: Failed to converge after 2000 iterations
==================================================
F_onsite: (-6.314584806040547e-20+5.67765791862587e-20j)
F_swave: (-3.369134142231927e-21+3.173458369304476e-21j), F_dwave: (-9.053261809625214e-20-8.636762400314962e-20j)
F_px: (-5.64387567675611e-22+3.9977131358085117e-20j), F_py: (8.043433866668098e-21+2.0723961508124566e-20j)
Free_energy = -9250.16481577335
------------------------------------------
[{'stable': {}, 'free': np.float64(-9250.16481577129)}]
------------------------------------------
  Seed: uu:px+py
  Seed uu: [ 0.00916702-0.00982522j -0.00916702+0.00982522j  0.00982529+0.00916709j
 -0.00982529-0.00916709j], Seed dd: [0.+0.j 0.+0.j 0.+0.j 0.+0.j]
==================================================
WARNING: Failed to converge after 2000 iterations
==================================================
F_onsite: (7.235839777919294e-20-7.078137201773486e-20j)
F_swave: (3.652576141034776e-21-2.9059824001960208e-21j), F_dwave: (-8.253146278690972e-21-8.946376764320612e-20j)
F_px: (3.297215843686264e-20+1.4936279471988296e-20j), F_py: (3.6371764875526956e-20-1.6369923718797634e-20j)
Free_energy = -9250.16481577335
------------------------------------------
[{'stable': {}, 'free': np.float64(-9250.16481577129)}]
------------------------------------------
  Seed: uu:px+ipy
  Seed uu: [ 1.34376514e-02+1.10451765e-15j -1.34376514e-02-1.10283098e-15j
 -1.18302119e-15+1.34376514e-02j  1.17962661e-15-1.34376514e-02j], Seed dd: [0.+0.j 0.+0.j 0.+0.j 0.+0.j]
==================================================
WARNING: Failed to converge after 2000 iterations
==================================================
F_onsite: (-2.1973588254097165e-20-1.1476458278933359e-20j)
F_swave: (-1.6915801809877273e-21-4.08459252342642e-21j), F_dwave: (3.912695059101521e-21+9.532013047684446e-20j)
F_px: (9.184866472381276e-20-7.22801413169932e-21j), F_py: (-5.680995262418745e-20+6.909113229819198e-20j)
Free_energy = -9250.164815773353
------------------------------------------
[{'stable': {}, 'free': np.float64(-9250.16481577129)}]
------------------------------------------
  Seed: dd:px
  Seed uu: [0.+0.j 0.+0.j 0.+0.j 0.+0.j], Seed dd: [ 1.34444282e-02+5.29655299e-15j -1.34444282e-02-5.28905771e-15j
  5.26803232e-15-1.34308638e-02j -5.26481918e-15+1.34308638e-02j]
==================================================
WARNING: Failed to converge after 2000 iterations
==================================================
F_onsite: (-5.519659427432006e-24+9.072844949338057e-24j)
F_swave: (-2.9578816543333177e-25+5.54943711279692e-25j), F_dwave: (1.4122645056257123e-23-1.4236937070959687e-24j)
F_px: (-3.3833600547328497e-26+3.125328328239669e-23j), F_py: (5.220548905974886e-26-2.1812261407531663e-23j)
Free_energy = -9250.164815773349
------------------------------------------
[{'stable': {}, 'free': np.float64(-9250.16481577129)}]
------------------------------------------
  Seed: dd:px+py
  Seed uu: [0.+0.j 0.+0.j 0.+0.j 0.+0.j], Seed dd: [ 0.00935542-0.009646j   -0.00935542+0.009646j    0.00964606+0.00935549j
 -0.00964606-0.00935549j]
==================================================
WARNING: Failed to converge after 2000 iterations
==================================================
F_onsite: (1.1269960726824484e-23-6.892671524704582e-25j)
F_swave: (7.024563557208712e-25-4.275738654796052e-26j), F_dwave: (1.879099807682718e-23-3.5706298432208933e-25j)
F_px: (-9.607553892135669e-26-7.127500442265632e-24j), F_py: (3.0214253672427097e-25-3.1378129726198076e-23j)
Free_energy = -9250.164815773349
------------------------------------------
[{'stable': {}, 'free': np.float64(-9250.16481577129)}]
------------------------------------------
  Seed: dd:px+ipy
  Seed uu: [0.+0.j 0.+0.j 0.+0.j 0.+0.j], Seed dd: [ 1.34376514e-02+1.03933774e-15j -1.34376514e-02-1.03322870e-15j
 -1.13722138e-15+1.34376514e-02j  1.13430156e-15-1.34376514e-02j]
==================================================
WARNING: Failed to converge after 2000 iterations
==================================================
F_onsite: (-4.053837890927747e-24+2.76454102450105e-24j)
F_swave: (-2.4512771981745766e-25+1.7241643835716022e-25j), F_dwave: (4.889477425512456e-25+2.6944939147141867e-25j)
F_px: (3.928731730797616e-24+3.3955602917789396e-24j), F_py: (3.7272040491706685e-24+1.966237258577239e-24j)
Free_energy = -9250.164815773354
------------------------------------------
[{'stable': {}, 'free': np.float64(-9250.16481577129)}]
------------------------------------------
  Seed: uu+dd:px
  Seed uu: [ 1.34419251e-02+4.85564800e-15j -1.34419251e-02-4.85128578e-15j
  4.81926693e-15-1.34333761e-02j -4.81563946e-15+1.34333761e-02j], Seed dd: [ 1.34418682e-02+5.06581523e-15j -1.34418682e-02-5.06146720e-15j
  5.08933147e-15-1.34334330e-02j -5.08684549e-15+1.34334330e-02j]
==================================================
WARNING: Failed to converge after 2000 iterations
==================================================
F_onsite: (-1.5863325562223468e-20-9.457025427869595e-20j)
F_swave: (-3.528367884132708e-21-6.507424406804176e-21j), F_dwave: (-3.584570602875271e-20+6.567901558155627e-20j)
F_px: (-2.4882535726182474e-20+2.1750727862750824e-20j), F_py: (-8.67931962866705e-20+1.246787312657644e-19j)
Free_energy = -9250.164815775535
------------------------------------------
[{'stable': {}, 'free': np.float64(-9250.16481577129)}]
------------------------------------------
  Seed: uu+dd:px+py
  Seed uu: [ 0.00940387-0.00959883j -0.00940387+0.00959883j  0.00959884+0.00940388j
 -0.00959884-0.00940388j], Seed dd: [ 0.00901502+0.00996487j -0.00901502-0.00996487j  0.00996494-0.00901508j
 -0.00996494+0.00901508j]
==================================================
WARNING: Failed to converge after 2000 iterations
==================================================
F_onsite: (-2.0188511187423997e-20+4.973117915963345e-20j)
F_swave: (1.0562164421875263e-22+3.589251700852791e-21j), F_dwave: (5.979389585171732e-20+1.2555652309130457e-20j)
F_px: (8.804832823261352e-20+1.6724143004228868e-20j), F_py: (1.1827586704237417e-19+3.1870578289807787e-20j)
Free_energy = -9250.164815775535
------------------------------------------
[{'stable': {}, 'free': np.float64(-9250.16481577129)}]
------------------------------------------
  Seed: uu+dd:px+ipy
  Seed uu: [ 1.34376514e-02+1.14229331e-15j -1.34376514e-02-1.13871572e-15j
 -1.19156484e-15+1.34376514e-02j  1.18816156e-15-1.34376514e-02j], Seed dd: [ 1.34376514e-02+1.20546737e-15j -1.34376514e-02-1.20940418e-15j
 -1.26985323e-15+1.34376514e-02j  1.26672397e-15-1.34376514e-02j]
==================================================
WARNING: Failed to converge after 2000 iterations
==================================================
F_onsite: (6.761945773891866e-20-9.574076581222957e-21j)
F_swave: (6.7031358081077944e-21-2.2453154805619583e-21j), F_dwave: (1.7300592781802043e-20+4.093594341763708e-20j)
F_px: (-5.478354363264564e-20+5.848723349980902e-20j), F_py: (2.6534384027143558e-20-1.817391116070071e-20j)
Free_energy = -9250.164815775535
------------------------------------------
[{'stable': {}, 'free': np.float64(-9250.16481577129)}]
------------------------------------------
====================================
mu=-0.24, T=0.0959
====================================
  Seed: normal state
  Seed uu: [0.+0.j 0.+0.j 0.+0.j 0.+0.j], Seed dd: [0.+0.j 0.+0.j 0.+0.j 0.+0.j]
F_onsite: 0j
F_swave: 0j, F_dwave: 0j
F_px: 0j, F_py: 0j
Free_energy = -9253.351440718166
------------------------------------------
[{'stable': {}, 'free': np.float64(-9253.351440718166)}]
------------------------------------------
  Seed: uu:px
  Seed uu: [ 3.56849087e-07+1.91453073e-17j -3.56849087e-07-1.91137309e-17j
  1.91441577e-17-3.56630421e-07j -1.91126142e-17+3.56630421e-07j], Seed dd: [0.+0.j 0.+0.j 0.+0.j 0.+0.j]
F_onsite: (-1.3735423754282608e-20+1.4329784226694098e-20j)
F_swave: (-1.7547750384473728e-22-7.473434909996687e-22j), F_dwave: (-3.098536289100969e-20-2.1982392118028034e-20j)
F_px: (3.755880892642566e-20+5.004340486605744e-20j), F_py: (-9.368966533320753e-20-7.613667495558977e-20j)
Free_energy = -9253.351440718166
------------------------------------------
[{'stable': {}, 'free': np.float64(-9253.351440718166)}]
------------------------------------------
  Seed: uu:px+py
  Seed uu: [ 2.43364093e-07-2.60837763e-07j -2.43364093e-07+2.60837763e-07j
  2.60839496e-07+2.43365710e-07j -2.60839496e-07-2.43365710e-07j], Seed dd: [0.+0.j 0.+0.j 0.+0.j 0.+0.j]
F_onsite: (8.331724289147708e-20+3.603524300557527e-20j)
F_swave: (1.7761453823327542e-21+1.4746706348787663e-21j), F_dwave: (-6.633897962325794e-20-4.540739528544319e-20j)
F_px: (-2.3691800767690245e-20+2.9342762847329835e-20j), F_py: (-1.9660115652246902e-20-1.2951308912375828e-20j)
Free_energy = -9253.351440718166
------------------------------------------
[{'stable': {}, 'free': np.float64(-9253.351440718166)}]
------------------------------------------
  Seed: uu:px+ipy
  Seed uu: [ 3.56739773e-07+1.90612650e-17j -3.56739773e-07-1.90299008e-17j
 -1.90514905e-17+3.56739773e-07j  1.90189727e-17-3.56739773e-07j], Seed dd: [0.+0.j 0.+0.j 0.+0.j 0.+0.j]
F_onsite: (2.9383206932660728e-21-1.0013546201140278e-20j)
F_swave: (-1.154456143985581e-21+1.8027625671726415e-22j), F_dwave: (-4.2046234525367723e-20-1.4166875670272493e-20j)
F_px: (4.04558492003805e-21+2.1041257150255736e-19j), F_py: (2.3681657630693232e-19+1.0872976951398992e-19j)
Free_energy = -9253.351440718166
------------------------------------------
[{'stable': {}, 'free': np.float64(-9253.351440718166)}]
------------------------------------------
  Seed: dd:px
  Seed uu: [0.+0.j 0.+0.j 0.+0.j 0.+0.j], Seed dd: [ 3.56913266e-07+1.91480615e-17j -3.56913266e-07-1.91164532e-17j
  1.91532437e-17-3.56566115e-07j -1.91214338e-17+3.56566115e-07j]
F_onsite: (4.366881062880401e-31-2.860259407467991e-32j)
F_swave: (2.6731000976546575e-32-1.7409628172695083e-33j), F_dwave: (-1.8151097505277672e-31-9.956528892422984e-33j)
F_px: (2.1818611053244042e-32+5.230182156738504e-32j), F_py: (-1.6970613964867229e-31-5.931041795822291e-32j)
Free_energy = -9253.351440718166
------------------------------------------
[{'stable': {}, 'free': np.float64(-9253.351440718166)}]
------------------------------------------
  Seed: dd:px+py
  Seed uu: [0.+0.j 0.+0.j 0.+0.j 0.+0.j], Seed dd: [ 2.48365763e-07-2.56079838e-07j -2.48365763e-07+2.56079838e-07j
  2.56081509e-07+2.48367383e-07j -2.56081509e-07-2.48367383e-07j]
F_onsite: (6.28034859254832e-31-1.862709721064903e-32j)
F_swave: (3.89255096685752e-32-1.1454008906397958e-33j), F_dwave: (-2.38956133719042e-31+1.9772641809934416e-32j)
F_px: (4.527361117584502e-33+9.670268816152012e-32j), F_py: (3.034364697983834e-33+5.942257345190534e-32j)
Free_energy = -9253.351440718166
------------------------------------------
[{'stable': {}, 'free': np.float64(-9253.351440718166)}]
------------------------------------------
  Seed: dd:px+ipy
  Seed uu: [0.+0.j 0.+0.j 0.+0.j 0.+0.j], Seed dd: [ 3.56739773e-07+1.90481352e-17j -3.56739773e-07-1.90160733e-17j
 -1.90522687e-17+3.56739773e-07j  1.90204148e-17-3.56739773e-07j]
F_onsite: (-2.7911567479316094e-31-5.847549417634276e-32j)
F_swave: (-1.8081849774598014e-32-3.534240041952893e-33j), F_dwave: (-3.7459096445922256e-31+3.874758615353241e-32j)
F_px: (-2.0026816985776781e-32-2.077277145246385e-31j), F_py: (2.465247071925049e-32-4.354217474209133e-31j)
Free_energy = -9253.351440718166
------------------------------------------
[{'stable': {}, 'free': np.float64(-9253.351440718166)}]
------------------------------------------
  Seed: uu+dd:px
  Seed uu: [ 3.56849151e-07+1.99080369e-17j -3.56849151e-07-1.97996554e-17j
  1.82834295e-17-3.56630356e-07j -1.82467830e-17+3.56630356e-07j], Seed dd: [ 3.56847695e-07+1.90321600e-17j -3.56847695e-07-1.90000328e-17j
  1.93367335e-17-3.56631814e-07j -1.93051963e-17+3.56631814e-07j]
F_onsite: (1.454890867116754e-20+3.557778584262414e-20j)
F_swave: (2.174957422975621e-21+1.9349978606171272e-21j), F_dwave: (-4.476119538705176e-20+2.6437126430658707e-20j)
F_px: (-2.2316920941119157e-20-6.081116980859929e-20j), F_py: (1.7320484236568268e-20+6.765479330219848e-20j)
Free_energy = -9253.351440718166
------------------------------------------
[{'stable': {}, 'free': np.float64(-9253.351440718166)}]
------------------------------------------
  Seed: uu+dd:px+py
  Seed uu: [ 2.49651743e-07-2.54827605e-07j -2.49651743e-07+2.54827605e-07j
  2.54827935e-07+2.49652066e-07j -2.54827935e-07-2.49652066e-07j], Seed dd: [ 2.39328649e-07+2.64545311e-07j -2.39328649e-07-2.64545311e-07j
  2.64547061e-07-2.39330233e-07j -2.64547061e-07+2.39330233e-07j]
F_onsite: (-1.325613006951706e-21+5.87880394785457e-20j)
F_swave: (1.0046009126447271e-21+4.012518707596433e-21j), F_dwave: (-8.906747904940928e-21+1.078811773681434e-19j)
F_px: (2.1855660611113395e-19+1.2927128884944629e-19j), F_py: (2.12059242192236e-19-1.346464607925119e-19j)
Free_energy = -9253.351440718166
------------------------------------------
[{'stable': {}, 'free': np.float64(-9253.351440718166)}]
------------------------------------------
  Seed: uu+dd:px+ipy
  Seed uu: [ 3.56739773e-07+1.74077139e-17j -3.56739773e-07-1.72978840e-17j
 -2.10303312e-17+3.56739773e-07j  2.08360296e-17-3.56739773e-07j], Seed dd: [ 3.56739773e-07+1.93125745e-17j -3.56739773e-07-1.93095193e-17j
 -1.89248931e-17+3.56739773e-07j  1.88757275e-17-3.56739773e-07j]
F_onsite: (4.180920117126652e-20-8.825194310452747e-20j)
F_swave: (3.8041886305428753e-22-4.642742444476636e-21j), F_dwave: (-2.6225026143977575e-20+2.02224377772235e-20j)
F_px: (1.501273232773243e-19+6.725235153591998e-20j), F_py: (9.890009909350674e-21+1.2764513882789377e-19j)
Free_energy = -9253.351440718166
------------------------------------------
[{'stable': {}, 'free': np.float64(-9253.351440718166)}]
------------------------------------------
====================================
mu=-0.24, T=0.1000
====================================
  Seed: normal state
  Seed uu: [0.+0.j 0.+0.j 0.+0.j 0.+0.j], Seed dd: [0.+0.j 0.+0.j 0.+0.j 0.+0.j]
F_onsite: 0j
F_swave: 0j, F_dwave: 0j
F_px: 0j, F_py: 0j
Free_energy = -9256.676807897073
------------------------------------------
[{'stable': {}, 'free': np.float64(-9256.676807897073)}]
------------------------------------------
  Seed: uu:px
  Seed uu: [ 5.30526394e-15+1.07575092e-19j -5.30512535e-15-3.01056279e-19j
  4.39707963e-20-5.30301179e-15j  6.68197415e-20+5.30289622e-15j], Seed dd: [0.+0.j 0.+0.j 0.+0.j 0.+0.j]
F_onsite: (-1.2770843568292164e-20-6.954760670106184e-21j)
F_swave: (2.3930247312962115e-22-2.6820713534441107e-21j), F_dwave: (-2.934475557533385e-20+6.476541275232418e-20j)
F_px: (3.948625768356949e-20-5.916569525987075e-20j), F_py: (5.765835845798319e-20-1.3582502595550319e-19j)
Free_energy = -9256.676807897073
------------------------------------------
[{'stable': {}, 'free': np.float64(-9256.676807897073)}]
------------------------------------------
  Seed: uu:px+py
  Seed uu: [ 3.61817868e-15-3.87819937e-15j -3.61792287e-15+3.87806296e-15j
  3.87809753e-15+3.61885435e-15j -3.87793491e-15-3.61861839e-15j], Seed dd: [0.+0.j 0.+0.j 0.+0.j 0.+0.j]
F_onsite: (1.0424995038817287e-19+2.118405554881132e-20j)
F_swave: (6.850465616622642e-21+2.6484622751393917e-21j), F_dwave: (-1.872137425504959e-20-9.191530961933781e-20j)
F_px: (-1.1500291348973007e-19+8.851379686129433e-21j), F_py: (-7.025387015122009e-20+9.305109555989157e-21j)
Free_energy = -9256.676807897073
------------------------------------------
[{'stable': {}, 'free': np.float64(-9256.676807897073)}]
------------------------------------------
  Seed: uu:px+ipy
  Seed uu: [ 5.30294585e-15-4.55529458e-19j -5.30277243e-15+7.83978740e-20j
  2.43277332e-19+5.30243655e-15j -4.47832747e-19-5.30236279e-15j], Seed dd: [0.+0.j 0.+0.j 0.+0.j 0.+0.j]
F_onsite: (-3.783091494790788e-20+1.8897749068318485e-19j)
F_swave: (-2.363090422119121e-21+9.205924231412487e-21j), F_dwave: (-3.925969066676773e-20-1.0823439231667416e-19j)
F_px: (-3.6459850640368913e-20+4.268234049854107e-20j), F_py: (6.135867673810099e-20+2.077705719365691e-20j)
Free_energy = -9256.676807897073
------------------------------------------
[{'stable': {}, 'free': np.float64(-9256.676807897073)}]
------------------------------------------
  Seed: dd:px
  Seed uu: [0.+0.j 0.+0.j 0.+0.j 0.+0.j], Seed dd: [ 5.30652415e-15+5.19261381e-25j -5.30652415e-15-5.18778235e-25j
  5.19438923e-25-5.30136278e-15j -5.18958770e-25+5.30136278e-15j]
F_onsite: (5.689733277425854e-32+1.3379551887621755e-32j)
F_swave: (4.009847421673377e-33+8.244207098185303e-34j), F_dwave: (4.5815957324720056e-32+5.846952350513089e-33j)
F_px: (-1.0088226051297529e-32+2.698669777205684e-32j), F_py: (-1.0196863678964325e-32-9.151808050550496e-33j)
Free_energy = -9256.676807897073
------------------------------------------
[{'stable': {}, 'free': np.float64(-9256.676807897073)}]
------------------------------------------
  Seed: dd:px+py
  Seed uu: [0.+0.j 0.+0.j 0.+0.j 0.+0.j], Seed dd: [ 3.69265882e-15-3.80735035e-15j -3.69265882e-15+3.80735035e-15j
  3.80737518e-15+3.69268291e-15j -3.80737518e-15-3.69268291e-15j]
F_onsite: (-3.987743587655263e-32-5.443813815148537e-33j)
F_swave: (-2.531536862505559e-33-3.569233280658864e-34j), F_dwave: (1.2811034006514326e-32-8.468982502900829e-33j)
F_px: (5.8499681500189e-33+8.583890882603606e-32j), F_py: (3.8164921173961604e-33-5.246477678966181e-32j)
Free_energy = -9256.676807897073
------------------------------------------
[{'stable': {}, 'free': np.float64(-9256.676807897073)}]
------------------------------------------
  Seed: dd:px+ipy
  Seed uu: [0.+0.j 0.+0.j 0.+0.j 0.+0.j], Seed dd: [ 5.30394470e-15+5.17709516e-25j -5.30394470e-15-5.17230631e-25j
 -5.17907692e-25+5.30394470e-15j  5.17428301e-25-5.30394470e-15j]
F_onsite: (4.124908788318659e-31-1.9466607136369736e-32j)
F_swave: (2.530796142671978e-32-1.176356149205088e-33j), F_dwave: (-1.5492283307599943e-31-1.57151018412663e-32j)
F_px: (-1.6280865637385348e-32-1.7100704565563063e-32j), F_py: (-7.912861654906937e-32+1.2239347492135482e-31j)
Free_energy = -9256.676807897073
------------------------------------------
[{'stable': {}, 'free': np.float64(-9256.676807897073)}]
------------------------------------------
  Seed: uu+dd:px
  Seed uu: [ 5.30547949e-15+5.80212889e-19j -5.30522951e-15-5.23820534e-19j
  9.98619978e-19-5.30257904e-15j -7.95155549e-19+5.30271653e-15j], Seed dd: [ 5.30578136e-15+2.24536770e-22j -5.30570877e-15-1.77122287e-21j
 -3.33124677e-20-5.30219139e-15j  5.90797222e-20+5.30219185e-15j]
F_onsite: (5.044982364499627e-20+3.468066768975337e-20j)
F_swave: (4.041051985157779e-22+9.321329658948825e-22j), F_dwave: (-5.345105184691289e-20-8.600454908068015e-20j)
F_px: (1.0252114518253579e-19-9.107235123687822e-20j), F_py: (7.68729353253879e-20-1.1920761488402053e-19j)
Free_energy = -9256.676807897073
------------------------------------------
[{'stable': {}, 'free': np.float64(-9256.676807897073)}]
------------------------------------------
  Seed: uu+dd:px+py
  Seed uu: [ 3.71190767e-15-3.78989845e-15j -3.71242005e-15+3.79003920e-15j
  3.78799954e-15+3.71218935e-15j -3.78818460e-15-3.71207953e-15j], Seed dd: [ 3.55821525e-15+3.93314128e-15j -3.55819145e-15-3.93314416e-15j
  3.93317215e-15-3.55815917e-15j -3.93318892e-15+3.55817024e-15j]
F_onsite: (-9.693886519394798e-21-1.2398081555919094e-19j)
F_swave: (2.438525208152736e-21-6.849904818586732e-21j), F_dwave: (-1.556777505319394e-20-7.456984491102848e-20j)
F_px: (1.1037818368024186e-19-4.659079922607804e-20j), F_py: (8.983693650831376e-20+3.818194968410789e-20j)
Free_energy = -9256.676807897074
------------------------------------------
[{'stable': {}, 'free': np.float64(-9256.676807897073)}]
------------------------------------------
  Seed: uu+dd:px+ipy
  Seed uu: [ 5.30286796e-15+1.26732088e-19j -5.30275992e-15-3.68591279e-19j
  1.04491642e-20+5.30429931e-15j -1.16070101e-19-5.30451068e-15j], Seed dd: [ 5.30376859e-15-5.68952742e-20j -5.30387143e-15+5.50004727e-20j
  4.19596211e-20+5.30379961e-15j -3.25764543e-20-5.30379759e-15j]
F_onsite: (1.763120893114392e-20-1.669977528517474e-19j)
F_swave: (-1.352356296439715e-21-1.015166739818662e-20j), F_dwave: (1.1199912470012053e-20+1.7205337521882654e-19j)
F_px: (4.53411121048112e-20-7.309661058157357e-20j), F_py: (-5.3695254938165727e-20+9.16559932880821e-20j)
Free_energy = -9256.676807897073
------------------------------------------
[{'stable': {}, 'free': np.float64(-9256.676807897073)}]
------------------------------------------
